t,pwr
0.0,352.9495000000001
0.1,353.39689999999996
0.2,352.88160000000005
0.3,353.0703
0.4,352.7997000000001
0.5,353.10179999999997
0.6,353.12
0.7,353.088811881188
0.8,352.7612
0.9,352.65999999999997
1.0,352.6864000000001
1.1,352.99
1.2,352.97959999999995
1.3,352.85119999999995
1.4,352.76760000000013
1.5,352.98040000000003
1.6,353.08960000000025
1.7,352.9612871287128
1.8,352.8705000000001
1.9,353.0191000000001
2.0,353.1231999999999
2.1,352.8832000000004
2.2,352.6831000000002
2.3,352.9886
2.4,352.9622999999999
2.5,352.86
2.6,352.8747623762373
2.7,353.0989999999997
2.8,352.7963999999994
2.9,353.1979999999998
3.0,353.01
3.1,353.01779999999985
3.2,353.12319999999977
3.3,352.8623999999999
3.4,352.9198000000003
3.5,353.22346534653457
3.6,353.1025000000004
3.7,352.77
3.8,352.7819999999997
3.9,353.0024999999998
4.0,352.8554999999999
4.1,352.77
4.2,352.7890000000004
4.3,353.14300000000014
4.4,352.997128712871
4.5,352.76399999999967
4.6,353.0956000000001
4.7,352.99440000000016
4.8,353.08840000000026
4.9,352.83360000000073
5.0,353.38800000000026
5.1,353.1
5.2,353.0903999999997
5.3,352.8734653465343
5.4,353.2
5.5,353.19370000000015
5.6,352.9932999999999
5.7,353.10330000000016
5.8,353.21569999999986
5.9,353.3882999999994
6.0,353.0055000000001
6.1,352.87289999999973
6.2,353.2816891089104
6.3,353.0186732673265
6.4,353.39399999999944
6.5,353.1
6.6,353.0912000000002
6.7,352.6727999999997
6.8,353.29120000000023
6.9,352.8604
7.0,352.8903999999998
7.1,353.38960000000026
7.2,352.8825742574257
7.3,353.0085
7.4,352.8635000000007
7.5,353.208
7.6,353.0065000000001
7.7,352.6611
7.8,352.77
7.9,352.7724000000005
8.0,353.0109
8.1,353.0958415841585
8.2,352.68
8.3,352.86
8.4,352.77
8.5,353.12
8.6,352.46000000000004
8.7,352.65999999999997
8.8,352.9
8.9,352.9
9.0,352.9
9.1,352.7523762376243
9.2,352.6806930693069
9.3,353.09580000000005
9.4,353.1
9.5,353.38710000000003
9.6,352.86530000000107
9.7,352.46399999999994
9.8,353.09360000000015
9.9,353.0109
10.0,353.208
10.1,353.170792079208
10.2,352.8661999999998
10.3,353.32060000000024
10.4,353.21239999999995
10.5,353.4942000000001
10.6,352.8042000000013
10.7,353.2016000000002
10.8,353.50400000000013
10.9,353.0885999999998
11.0,353.11881188118815
11.1,352.8678000000004
11.2,353.40320000000037
11.3,353.1290000000005
11.4,352.8677999999998
11.5,353.0928000000001
11.6,353.1
11.7,353.1
11.8,352.9739000000002
11.9,352.8147999999999
12.0,352.9156435643565
12.1,353.0927999999998
12.2,352.97519999999986
12.3,352.8836000000001
12.4,353.3792000000005
12.5,353.11199999999974
12.6,353.2055999999999
12.7,352.7011999999995
12.8,353.01599999999956
12.9,353.03
13.0,353.07749999999993
13.1,352.8045000000003
13.2,353.0655000000003
13.3,353.30799999999977
13.4,353.32
13.5,352.8830000000005
13.6,352.9169999999999
13.7,352.9675000000001
13.8,352.8195049504952
13.9,352.5843999999997
14.0,352.6733999999999
14.1,352.80219999999986
14.2,352.81
14.3,352.6878000000001
14.4,352.57659999999987
14.5,352.7109999999999
14.6,352.80459999999994
14.7,352.70762376237633
14.8,352.4953376237625
14.9,352.7311000000004
15.0,353.0940999999998
15.1,352.6085000000004
15.2,352.79319999999984
15.3,352.8565
15.4,353.18550000000056
15.5,353.0054000000001
15.6,352.78540000000015
15.7,352.889702970297
15.8,352.5136000000002
15.9,352.7008000000004
16.0,352.86719999999997
16.1,352.4936000000002
16.2,353.0487999999998
16.3,353.1
16.4,353.1
16.5,352.79640000000006
16.6,352.85198019801976
16.7,352.86
16.8,352.99649999999997
16.9,353.01
17.0,352.6096000000001
17.1,352.8884999999999
17.2,352.9837
17.3,352.74430000000007
17.4,352.7473
17.5,352.8501
17.6,352.985603960396
17.7,352.79299999999995
17.8,352.887
17.9,352.78299999999996
18.0,352.698
18.1,353.05899999999997
18.2,352.7219999999999
18.3,353.157
18.4,353.111
18.5,353.1980198019802
18.6,352.9163000000006
18.7,352.5239999999999
18.8,352.48
18.9,352.73810000000014
19.0,353.02810000000005
19.1,353.1578999999998
19.2,352.7338999999999
19.3,352.84020000000004
19.4,352.78069306930684
19.5,352.9812000000001
19.6,353.1859999999997
19.7,352.9019999999998
19.8,352.95680000000004
19.9,352.77639999999985
20.0,352.84680000000003
20.1,352.6840000000003
20.2,352.75680000000006
20.3,352.6741584158417
20.4,352.65999999999997
20.5,352.65999999999997
20.6,352.8339999999997
20.7,352.78169999999994
20.8,352.77
20.9,352.86570000000006
21.0,352.7842999999999
21.1,352.94399999999973
21.2,352.79772277227704
21.3,352.8645999999999
21.4,352.5187999999996
21.5,352.7266000000003
21.6,352.75280000000004
21.7,352.75
21.8,352.6726000000001
21.9,352.7546000000001
22.0,352.8474000000001
22.1,352.95349999999985
22.2,352.70649999999966
22.3,352.8299999999998
22.4,352.68999999999977
22.5,352.7534999999999
22.6,352.77
22.7,352.77
22.8,352.75300000000004
22.9,352.936074257426
23.0,352.8774257425743
23.1,352.6920000000002
23.2,352.9204000000004
23.3,352.87760000000003
23.4,352.76759999999985
23.5,352.84239999999994
23.6,352.86
23.7,352.5407999999995
23.8,352.6311999999999
23.9,352.8263366336637
24.0,352.7687
24.1,352.84129999999993
24.2,352.86
24.3,352.8766
24.4,352.86339999999996
24.5,352.8766
24.6,352.69740000000013
24.7,352.8259999999999
24.8,352.69564356435654
24.9,352.82400000000035
25.0,352.696
25.1,352.7338
25.2,352.75
25.3,352.7664
25.4,352.5321999999995
25.5,352.7014
25.6,352.6024000000001
25.7,352.8216831683169
25.8,352.70180000000005
25.9,352.91110000000003
26.0,352.80800000000005
26.1,352.77
26.2,352.77
26.3,352.8429
26.4,352.86
26.5,352.6170000000001
26.6,352.65864356435634
26.7,352.82400000000007
26.8,352.628
26.9,352.80200000000013
27.0,352.772
27.1,352.83799999999997
27.2,352.69999999999993
27.3,352.65999999999997
27.4,352.65999999999997
27.5,352.908
27.6,352.97
27.7,352.82779999999997
27.8,352.9322
27.9,352.7408999999998
28.0,352.9960000000001
28.1,352.76400000000064
28.2,352.60889999999995
28.3,352.80330000000004
28.4,352.5597999999997
28.5,352.7772277227724
28.6,352.7898000000001
28.7,352.6139999999999
28.8,352.5856
28.9,352.57439999999997
29.0,352.7962000000001
29.1,352.94579999999985
29.2,352.74379999999985
29.3,352.59419999999994
29.4,352.79396039603995
29.5,352.6366999999998
29.6,352.57
29.7,352.65470000000005
29.8,352.68
29.9,352.9880000000003
30.0,352.8566999999998
30.1,352.7823
30.2,352.703
30.3,352.68
30.4,352.68
30.5,352.81680000000017
30.6,352.63960000000026
30.7,352.79040000000026
30.8,352.7764000000001
30.9,352.8336000000001
31.0,352.72319999999985
31.1,352.59640000000013
31.2,352.79040000000026
31.3,352.86
31.4,352.7249999999998
31.5,352.5975000000001
31.6,352.63749999999993
31.7,352.65999999999997
31.8,352.8099999999999
31.9,352.5749999999996
32.0,352.48
32.1,352.69749999999965
32.2,352.83683168316827
32.3,352.86
32.4,352.94140000000016
32.5,352.67400000000015
32.6,352.86599999999964
32.7,352.8072000000001
32.8,352.55020000000025
32.9,352.5466000000001
33.0,352.7031999999999
33.1,352.7646534653465
33.2,352.77
33.3,352.7554
33.4,352.76460000000003
33.5,352.8357
33.6,352.86
33.7,352.72860000000003
33.8,352.8113999999999
33.9,352.7796999999998
34.0,352.6843
34.1,352.7391999999999
34.2,352.626
34.3,352.6347999999999
34.4,352.80400000000003
34.5,352.43520000000024
34.6,352.77399999999966
34.7,352.6819999999999
34.8,352.64919999999995
34.9,352.68
35.0,352.68
35.1,352.88589999999994
35.2,352.89189999999996
35.3,352.93809999999996
35.4,352.8279999999999
35.5,352.9119999999999
35.6,352.7641000000001
35.7,352.82200000000006
35.8,352.6606732673268
35.9,352.78759405940616
36.0,352.663
36.1,352.5070000000002
36.2,352.669
36.3,352.827
36.4,352.7829999999999
36.5,352.764
36.6,352.83299999999986
36.7,352.73400000000004
36.8,352.6037623762376
36.9,352.7701000000003
37.0,352.9359
37.1,352.6940000000005
37.2,352.57
37.3,352.6942
37.4,352.7638
37.5,352.6941
37.6,352.65999999999997
37.7,352.7351485148515
37.8,352.8311999999999
37.9,353.0096000000001
38.0,353.08
38.1,353.0052000000001
38.2,352.97
38.3,352.8952000000001
38.4,352.8736
38.5,352.80519999999996
38.6,352.6959405940595
38.7,352.73370000000006
38.8,352.69630000000006
38.9,352.6734
39.0,352.5459999999999
39.1,352.73459999999966
39.2,352.7393999999999
39.3,352.81399999999985
39.4,352.9403000000001
39.5,352.71792079207944
39.6,352.57680000000005
39.7,352.76140000000026
39.8,352.6686000000002
39.9,352.4973999999999
40.0,352.59859999999986
40.1,352.6766
40.2,352.6073999999999
40.3,520.3419999998497
40.4,665.8350336634477
40.5,720.38956435642
40.6,732.7285000000008
40.7,695.8264999999359
40.8,718.0344999999779
40.9,742.4205000000031
41.0,742.6295000000005
41.1,743.2404999999983
41.2,706.9609999999356
41.3,873.4979999999022
41.4,827.9861386135734
41.5,750.5215999999995
41.6,743.6412000000124
41.7,739.8463999999999
41.8,715.4048000000357
41.9,727.5336000000559
42.0,739.2628000000004
42.1,737.6687999999999
42.2,753.7939999999977
42.3,726.3943564356871
42.4,725.937300000052
42.5,725.2950999999968
42.6,725.4014999999918
42.7,514.6330999999457
42.8,560.6987999998132
42.9,628.360599999915
43.0,640.5447000000081
43.1,727.3588999999263
43.2,765.8514336633651
43.3,745.1695207920947
43.4,716.7657999999892
43.5,742.6093999999737
43.6,725.1308000000289
43.7,734.246400000022
43.8,765.1007999999923
43.9,744.7965999999824
44.0,738.108199999993
44.1,725.8152534653598
44.2,682.7463861386113
44.3,668.1822999999986
44.4,703.2030000000351
44.5,712.8331000000042
44.6,758.5564999999804
44.7,761.837799999967
44.8,749.3022999999974
44.9,753.3451999999995
45.0,779.1025999999904
45.1,770.2951485149125
45.2,762.472
45.3,738.47
45.4,763.1280000000676
45.5,765.794
45.6,750.815999999993
45.7,779.164
45.8,770.696
45.9,759.4260000000093
46.0,723.1511881188028
46.1,757.001299999884
46.2,673.7049999999515
46.3,679.401800000036
46.4,674.7646999998635
46.5,631.5350000000019
46.6,710.5635999998574
46.7,699.6585999999755
46.8,607.1432999999813
46.9,627.966138613982
47.0,706.6872000000313
47.1,671.5042000000955
47.2,627.2882000000018
47.3,711.8837999998764
47.4,704.0545999999467
47.5,607.4217999999628
47.6,632.6997999999112
47.7,706.0980000000237
47.8,657.2959168317707
47.9,623.1171376237845
48.0,711.1596000000889
48.1,704.8334000000672
48.2,609.5209999999422
48.3,635.4807999999329
48.4,702.3076000000237
48.5,647.3322999999164
48.6,625.1505999999672
48.7,714.1390000000789
48.8,704.8075247525243
48.9,614.5455999999275
49.0,637.8399999999621
49.1,700.0675999999602
49.2,645.5239999998905
49.3,630.5715999999753
49.4,717.2140000000923
49.5,702.5148000000386
49.6,616.3292000000964
49.7,639.3226732674268
49.8,677.2020000000011
49.9,757.8305000001761
50.0,668.1555000000329
50.1,613.5344999998433
50.2,719.5015000000909
50.3,688.2875000000139
50.4,615.7749999999638
50.5,654.2089999999891
50.6,688.817821782194
50.7,638.7315999999892
50.8,643.77619999993
50.9,714.3478000000887
51.0,686.4999999999854
51.1,627.5816000000164
51.2,660.9270000000105
51.3,689.6254000000113
51.4,638.6117999998856
51.5,600.4628059405943
51.6,643.4701801979646
51.7,702.7827000000157
51.8,674.0805000000614
51.9,616.3081999999538
52.0,641.7481000000286
52.1,671.1571000000068
52.2,625.0598999999698
52.3,627.0258999999502
52.4,689.975300000086
52.5,663.0467603959884
52.6,612.8360000000025
52.7,707.4652000001191
52.8,636.7788000001403
52.9,564.657600000093
53.0,631.0612000000033
53.1,631.3747999999968
53.2,665.0360000000369
53.3,674.5284000000161
53.4,616.8246534652866
53.5,623.1671999999801
53.6,705.9401999999823
53.7,687.825199999902
53.8,634.6232999999995
53.9,677.8959000000737
54.0,682.3847000000161
54.1,613.833300000015
54.2,621.4042000000695
54.3,703.6546534653369
54.4,689.1049999998693
54.5,637.4300000000001
54.6,689.2599999998954
54.7,686.265
54.8,599.625
54.9,601.4050000000897
55.0,682.9449999999999
55.1,669.4050000001265
55.2,616.8491089108918
55.3,681.0833999998895
55.4,688.0894999999738
55.5,600.5890999999867
55.6,600.7879999999458
55.7,598.6113999999845
55.8,575.7179999999786
55.9,650.9074000000292
56.0,679.0799999999826
56.1,626.6508920792327
56.2,646.5939643564592
56.3,681.0984000000024
56.4,634.9915999999581
56.5,624.3772000000353
56.6,665.3163999999992
56.7,703.2308000000353
56.8,706.8864000000488
56.9,636.4891999999711
57.0,646.1280000000405
57.1,692.8449504950491
57.2,646.1712999999316
57.3,622.6229999999757
57.4,689.6919000000489
57.5,677.1392000000416
57.6,603.7810000000552
57.7,633.65900000007
57.8,709.1506999999826
57.9,734.1408000000018
58.0,714.3853465346656
58.1,721.8567999999057
58.2,730.5249999999434
58.3,713.865599999995
58.4,734.4600000000014
58.5,763.1873999999917
58.6,883.2219999997412
58.7,834.430399999701
58.8,692.7983999999893
58.9,737.3563663366391
59.0,748.7170247524773
59.1,738.8855000000509
59.2,720.4500000000016
59.3,705.6570000000565
59.4,708.9900000000775
59.5,745.4199999999997
59.6,746.3454999999943
59.7,752.1905000000008
59.8,731.4485841584776
59.9,727.3926772277946
60.0,595.3435999998641
60.1,493.72559999977767
60.2,643.3340000000105
60.3,655.635600000008
60.4,675.3832000000764
60.5,735.0256000000234
60.6,766.4548000000094
60.7,761.7700000000009
60.8,764.2416831683149
60.9,747.2732999999738
61.0,734.6746999999814
61.1,737.2526000000206
61.2,735.456900000022
61.3,756.1594999999995
61.4,753.5199999999958
61.5,600.5995000002363
61.6,497.0188999998511
61.7,629.9887128713015
61.8,694.307799999943
61.9,746.3347999999572
62.0,728.4427999999882
62.1,729.2298000000154
62.2,738.4026000000592
62.3,778.3557999999998
62.4,780.7358000000044
62.5,777.5736000000065
62.6,748.8530990099632
62.7,735.1497326732626
62.8,734.2980000000123
62.9,730.7412000000772
63.0,772.2344999999997
63.1,774.7832999999952
63.2,779.6430999999986
63.3,750.1988000000183
63.4,739.1811000000988
63.5,706.6254000000471
63.6,646.0290099008313
63.7,685.554
63.8,608.966
63.9,642.8480000001192
64.0,670.108
64.1,602.3120000000682
64.2,589.804
64.3,682.832
64.4,691.9199999998045
64.5,609.8370297029712
64.6,660.2984999999247
64.7,693.3947999999787
64.8,607.253500000049
64.9,591.5868000000173
65.0,680.4715000000248
65.1,690.2888000000956
65.2,606.4661000000027
65.3,668.0757999999082
65.4,709.8927980197672
65.5,610.7970851484783
65.6,592.7345999999657
65.7,680.8468000000435
65.8,685.8732000000582
65.9,603.439200000007
66.0,673.5220000000725
66.1,724.9032000000511
66.2,615.1329999999613
66.3,597.7863999999619
66.4,682.9611881188507
66.5,678.3881000000215
66.6,600.6682999999688
66.7,671.3368000001076
66.8,725.4249000000194
66.9,617.0476999999422
67.0,600.1119999999843
67.1,673.5149999999514
67.2,638.1327999998994
67.3,575.7371287128657
67.4,619.2355999999763
67.5,650.3024000000121
67.6,734.4868000000025
67.7,701.9843999999209
67.8,621.2847999999937
67.9,603.3532000000672
68.0,685.8992000000089
68.1,702.170800000176
68.2,620.0466732673283
68.3,654.1144851484038
68.4,692.4629999999233
68.5,650.5545000000019
68.6,652.9935000000037
68.7,682.6265000000309
68.8,699.0760000001378
68.9,622.3140000000067
69.0,652.3880000000256
69.1,677.7500841584867
69.2,608.8716217821352
69.3,585.7119999999338
69.4,666.7808000001324
69.5,686.2175999999223
69.6,604.725399999986
69.7,654.9092000000697
69.8,700.7738000000854
69.9,614.0483999999008
70.0,657.0954000001583
70.1,737.2900000002365
70.2,611.2181000001638
70.3,740.0356000000031
70.4,684.2022999998657
70.5,599.8842999999531
70.6,677.6395999999345
70.7,696.4801999998839
70.8,608.80789999999
70.9,663.4900000001144
71.0,721.0414851485766
71.1,626.2636000000364
71.2,598.9220000000923
71.3,680.363599999966
71.4,688.0247999998528
71.5,603.37919999999
71.6,665.9255999999324
71.7,730.6271999998761
71.8,627.7720000000364
71.9,603.7765504951536
72.0,679.4736287128582
72.1,661.0207000001259
72.2,582.1719999999896
72.3,653.4881999999711
72.4,707.7992999998552
72.5,610.6390000000167
72.6,589.2128999999128
72.7,655.7522999999985
72.8,628.1311000000235
72.9,588.6328712872738
73.0,659.908
73.1,633.8900000000575
73.2,597.4639999999999
73.3,651.0
73.4,675.1420000001177
73.5,692.505
73.6,612.4059999999996
73.7,657.068
73.8,727.1210891089784
73.9,624.0923999999811
74.0,592.0897000000214
74.1,680.947599999967
74.2,696.6789999999698
74.3,607.9865999999915
74.4,665.7109000000344
74.5,737.8987999999724
74.6,623.6687000000419
74.7,581.2377366336842
74.8,653.8608277227618
74.9,620.7255999999144
75.0,548.7656000001033
75.1,716.7111999999971
75.2,715.5227999999793
75.3,702.770399999987
75.4,745.0663999999852
75.5,721.4848
75.6,731.935999999993
75.7,749.8452306930519
75.8,794.9550000000177
75.9,915.548099999826
76.0,701.458799999993
76.1,652.3739999998437
76.2,734.1202000000254
76.3,753.138999999998
76.4,731.1847000000005
76.5,718.7617999999968
76.6,702.4529702969248
76.7,750.9623999999925
76.8,744.038799999999
76.9,746.6180000000171
77.0,749.2225999999862
77.1,720.5707999999815
77.2,671.706599999794
77.3,521.8166000000217
77.4,619.0892000001631
77.5,755.7857425742632
77.6,762.5275000000208
77.7,750.7300000000045
77.8,744.0950000000568
77.9,724.1350000000796
78.0,756.9749999999553
78.1,711.3649999999394
78.2,751.6425000000006
78.3,751.867500000003
78.4,750.5947524752495
78.5,745.6852000000275
78.6,736.1247999999491
78.7,727.6567999998259
78.8,588.8751999999134
78.9,660.3475999999969
79.0,652.5244000000189
79.1,666.7591999998865
79.2,765.0164000000116
79.3,760.7823445545089
79.4,719.93457227726
79.5,749.738199999982
79.6,769.8084000000006
79.7,770.2569000000053
79.8,775.0890999999972
79.9,764.6793999999367
80.0,718.7787000000009
80.1,718.3518999999983
80.2,733.646900000062
80.3,776.4626732673319
80.4,771.2322000000066
80.5,774.8738000000005
80.6,768.8238000000222
80.7,732.8516000000369
80.8,663.5930000000122
80.9,661.5502000001133
81.0,700.6948000000576
81.1,600.4502000000064
81.2,614.9357425742213
81.3,680.8887000000049
81.4,663.9514000000006
81.5,644.9168000000209
81.6,586.8424999999512
81.7,658.7069999999813
81.8,699.0076000000263
81.9,605.8107999999851
82.0,608.5106999999889
82.1,628.9321237624322
82.2,576.4444356435645
82.3,656.8599999999644
82.4,697.758
82.5,610.468
82.6,624.1479999999601
82.7,683.586
82.8,624.7120000000368
82.9,576.6419999999999
83.0,660.9429306930733
83.1,709.234866336659
83.2,608.8748999999999
83.3,625.2174999999821
83.4,684.5602999999865
83.5,621.0979999999818
83.6,572.5852999999827
83.7,660.521900000023
83.8,717.1935000000271
83.9,610.5258000000007
84.0,630.2768316831538
84.1,692.8278000001296
84.2,620.8771999999659
84.3,574.8738000000039
84.4,616.9231999999283
84.5,487.5636
84.6,513.6313999997367
84.7,632.3009999999999
84.8,629.0271999999992
84.9,628.2081188119195
85.0,688.246399999993
85.1,653.4904000001383
85.2,593.7169000000495
85.3,653.8394999999998
85.4,646.6359999999733
85.5,612.972899999998
85.6,621.0682999998727
85.7,684.9099999999897
85.8,657.7592079207666
85.9,597.825330693119
86.0,667.0432000000374
86.1,708.0460000001394
86.2,617.7471999999848
86.3,607.3679999998874
86.4,673.7579999999832
86.5,643.9431999999512
86.6,579.687199999907
86.7,647.9452000000375
86.8,689.8442574258739
86.9,604.6824999999918
87.0,610.785500000065
87.1,671.9995000000629
87.2,615.7484999999508
87.3,576.0904999999024
87.4,648.5024999999956
87.5,630.7294999999231
87.6,548.6679999999992
87.7,565.2483168317718
87.8,644.7054000000785
87.9,581.12700000008
88.0,646.7416000000014
88.1,639.6810000000372
88.2,607.1400000000193
88.3,640.4043999998872
88.4,733.5937999998997
88.5,640.2054000000713
88.6,584.526532673191
88.7,667.181640594141
88.8,732.8622
88.9,718.6425999998587
89.0,640.5596999999121
89.1,737.4764000000789
89.2,626.2894999998953
89.3,567.6772999999384
89.4,654.6646000000848
89.5,694.6683000000887
89.6,585.1338613861121
89.7,626.0983999999382
89.8,733.1316000000473
89.9,631.8659999998752
90.0,572.3915999999563
90.1,624.196800000199
90.2,405.9091999999148
90.3,592.751599999917
90.4,736.8323999997851
90.5,615.3616831683139
90.6,633.4077999999485
90.7,719.7255000000202
90.8,632.4849000000168
90.9,575.1646000001308
91.0,651.3146999999767
91.1,728.3920000000625
91.2,613.3032999999973
91.3,635.3476999999766
91.4,727.0972950495053
91.5,717.997099009918
91.6,634.849000000017
91.7,575.509
91.8,657.3809999999773
91.9,731.96
92.0,596.894
92.1,615.3619999999861
92.2,664.2429999999999
92.3,624.3429999999672
92.4,748.908316831682
92.5,703.0675000000067
92.6,730.6899000000001
92.7,736.5209000000007
92.8,739.6749000000001
92.9,739.123399999988
93.0,697.2815000000155
93.1,778.858800000005
93.2,943.1577999999201
93.3,625.5689108910902
93.4,657.670400000046
93.5,750.6075999999997
93.6,749.7587999999926
93.7,750.5015999999828
93.8,716.5192000000033
93.9,725.7051999999895
94.0,707.4820000000102
94.1,742.197199999993
94.2,745.5288118811869
94.3,743.6149000000032
94.4,746.4774999999729
94.5,706.6875999999788
94.6,668.7728000000095
94.7,669.4383000000605
94.8,751.7988999999991
94.9,747.4788999999736
95.0,715.2813000000285
95.1,765.0325465346767
95.2,751.4667980198009
95.3,751.5019999999711
95.4,771.6154000000029
95.5,772.2513999999709
95.6,735.5304000000268
95.7,719.8778000000365
95.8,763.8758000000068
95.9,739.3087999996999
96.0,445.9962000002178
96.1,709.0065346535071
96.2,678.3444999999731
96.3,659.8259999998527
96.4,780.0344999999355
96.5,728.0490000000386
96.6,764.0879999999967
96.7,767.2570000000073
96.8,774.0814999999991
96.9,772.4254999999445
97.0,728.5582178218356
97.1,776.0352000000461
97.2,727.4648000000008
97.3,729.9011999999581
97.4,774.3316000000077
97.5,780.1759999999989
97.6,778.7496000000575
97.7,720.7260000000862
97.8,785.9851999999928
97.9,778.3459920787202
98.0,417.1590485146809
98.1,654.7319000000296
98.2,615.2899000001285
98.3,695.241700000042
98.4,633.3088999998897
98.5,565.5882999999437
98.6,648.8633999999286
98.7,746.3878999997912
98.8,613.5259999999978
98.9,619.6285148516381
99.0,716.0312000000353
99.1,638.6300000000379
99.2,566.2597999999632
99.3,647.7551999999516
99.4,749.1079999997532
99.5,613.0021999999952
99.6,625.7463999999413
99.7,738.7452000000449
99.8,640.4918811881523
99.9,567.6438000001647
100.0,649.1594999999785
100.1,741.8370000000332
100.2,610.9528999999978
100.3,621.557999999968
100.4,759.8023999997678
100.5,645.3847000000184
100.6,566.46059999998
100.7,646.6631683168105
100.8,740.98
100.9,605.44
101.0,619.08
101.1,767.0699999999999
101.2,649.15
101.3,567.79
101.4,657.94
101.5,732.39
101.6,600.84
101.7,636.8027722772368
101.8,564.0981217821613
101.9,522.1066999999896
102.0,673.8332000000349
102.1,683.200899999984
102.2,596.7440999999801
102.3,661.9426000000152
102.4,741.3051000000198
102.5,637.338199999976
102.6,603.5110000000669
102.7,684.7324752475619
102.8,676.3839999999954
102.9,597.3879999999598
103.0,659.6662000000297
103.1,737.9391999998606
103.2,643.4895999999554
103.3,604.652599999983
103.4,686.3376000000421
103.5,680.8953999999967
103.6,580.023465346692
103.7,646.7994000000491
103.8,722.4665999998846
103.9,621.027599999927
104.0,587.2261999999785
104.1,668.6232999998706
104.2,664.1762999999951
104.3,583.2172000001269
104.4,642.3441000000433
104.5,703.97616534659
104.6,463.1763287131939
104.7,566.6560000001076
104.8,569.9692000000019
104.9,533.6699999999656
105.0,529.116799999997
105.1,752.7179999997032
105.2,622.2447999998675
105.3,583.991200000043
105.4,682.3168000000944
105.5,671.8989108911048
105.6,586.8085000001009
105.7,647.2550000000776
105.8,720.0104999999253
105.9,640.6489999999006
106.0,611.3710000000269
106.1,687.5324999999073
106.2,658.7969999999607
106.3,580.2530000000827
106.4,635.90950495058
106.5,717.502599999936
106.6,608.6266000001101
106.7,605.4114000000059
106.8,693.5505999999277
106.9,634.2623999999058
107.0,567.0648000000518
107.1,629.0373999999362
107.2,717.6620000001225
107.3,577.6012871287965
107.4,656.9614000001543
107.5,584.0397000000448
107.6,725.398499999892
107.7,630.7211000000596
107.8,621.3743000000011
107.9,598.475699999961
108.0,672.9641999999573
108.1,671.3065000000054
108.2,589.3564920792533
108.3,644.5622653465035
108.4,723.4124000001455
108.5,643.5140000000256
108.6,599.7712000000179
108.7,674.8751999999769
108.8,676.5832000000025
108.9,592.0335999998338
109.0,649.3867999999809
109.1,730.2291999999629
109.2,626.5886138613915
109.3,585.7436000000075
109.4,635.1950999999987
109.5,419.19540000005526
109.6,369.6378000000069
109.7,365.5441
109.8,365.51009999999997
109.9,365.1469
110.0,365.2919999999999
110.1,364.86851485148514
110.2,364.91900000000004
110.3,364.714
110.4,364.90600000000006
110.5,364.408
110.6,364.296
110.7,366.21600000000046
110.8,366.043
110.9,365.90099999999995
111.0,365.46227722772267
111.1,365.57019999999966
111.2,365.59000000000003
111.3,355.9423999999975
111.4,354.65209999999996
111.5,355.3342000000002
111.6,354.65460000000155
111.7,354.31969999999995
111.8,354.2188
111.9,354.21000000000004
112.0,354.36840000000007
112.1,354.3284000000001
112.2,354.39040000000006
112.3,353.97759999999977
112.4,354.0168000000001
112.5,354.28520000000015
112.6,354.41679999999985
112.7,354.14839999999987
112.8,354.11
112.9,354.11
113.0,353.8315999999998
113.1,353.69430000000017
113.2,353.7757000000001
113.3,354.0683999999996
113.4,353.90119999999985
113.5,353.80039999999997
113.6,353.69430000000017
113.7,353.8453000000002
113.8,353.7752475247526
113.9,353.94920000000025
114.0,353.8165999999998
114.1,353.79
114.2,353.76419999999996
114.3,353.6912000000001
114.4,353.7746000000001
114.5,354.0394000000002
114.6,353.83060000000035
114.7,354.0394000000003
114.8,353.90118811881206
114.9,353.87
115.0,353.84450000000004
115.1,353.7040000000002
115.2,354.02000000000044
115.3,353.83350000000024
115.4,353.58599999999973
115.5,353.7539999999998
115.6,353.85799999999995
115.7,353.6680198019799
115.8,353.8063999999999
115.9,353.5963999999996
116.0,353.9951999999997
116.1,353.79440000000034
116.2,353.6895999999999
116.3,353.77239999999995
116.4,353.7648
116.5,353.80199999999996
116.6,353.8349504950495
116.7,353.30050000000017
116.8,353.5551999999997
116.9,353.6715000000001
117.0,353.6385
117.1,353.87069999999983
117.2,353.7623000000001
117.3,353.64700000000005
117.4,353.3228999999994
117.5,353.20280396039607
117.6,353.1571287128713
117.7,353.78139999999996
117.8,353.68220000000014
117.9,353.63
118.0,353.8104
118.1,353.47280000000023
118.2,353.7016
118.3,353.7454
118.4,353.58419999999967
118.5,353.6961386138614
118.6,353.5842
118.7,353.6148
118.8,353.5409
118.9,353.32559999999995
119.0,353.5634999999999
119.1,353.63
119.2,353.20069999999987
119.3,353.2458
119.4,353.5606930693071
119.5,353.35
119.6,353.368
119.7,353.2299999999999
119.8,353.246
119.9,353.20399999999995
120.0,353.39
120.1,353.18399999999997
120.2,353.2320000000001
120.3,353.5537029702971
120.4,353.63
120.5,353.2112999999999
120.6,353.2579999999997
120.7,353.3316
120.8,353.48220000000003
120.9,353.37779999999987
121.0,353.2215
121.1,353.19
121.2,353.2216
121.3,353.25346534653465
121.4,353.46280000000024
121.5,353.41859999999997
121.6,353.5147999999998
121.7,353.3549999999999
121.8,353.37020000000007
121.9,353.2339999999998
122.0,353.63460000000026
122.1,353.65860000000015
122.2,353.3751485148513
122.3,353.3692999999999
122.4,353.2513999999999
122.5,353.53340000000026
122.6,353.5299000000001
122.7,353.5
122.8,353.31520000000023
122.9,353.30620000000005
123.0,353.47400000000016
123.1,353.26590000000033
123.2,353.03752475247506
123.3,353.22559999999976
123.4,353.2163999999999
123.5,353.6080000000005
123.6,353.29160000000047
123.7,353.41600000000034
123.8,353.23400000000026
123.9,353.11199999999997
124.0,353.3204000000003
124.1,353.3222772277228
124.2,352.99999999999955
124.3,353.11749999999984
124.4,353.19
124.5,353.51999999999975
124.6,353.4500000000003
124.7,353.10499999999956
124.8,353.3774999999997
124.9,353.5
125.0,353.33663366336646
125.1,353.2134000000001
125.2,353.1234
125.3,353.4107999999996
125.4,353.1425999999993
125.5,353.1432
125.6,353.5155999999996
125.7,353.25260000000014
125.8,353.48259999999954
125.9,353.31399999999945
126.0,353.59831683168306
126.1,353.56480000000016
126.2,353.28830000000005
126.3,353.4216999999998
126.4,353.1130999999992
126.5,353.38609999999994
126.6,353.4305000000001
126.7,353.17830000000004
126.8,353.3116999999998
126.9,353.1948514851485
127.0,353.3935999999998
127.1,353.5
127.2,353.29119999999995
127.3,353.246
127.4,353.15919999999994
127.5,353.5663999999997
127.6,353.3152000000003
127.7,352.95559999999995
127.8,353.0095999999999
127.9,353.00972574257423
128.0,353.2881999999999
128.1,353.1260000000001
128.2,353.1520000000001
128.3,353.2455
128.4,353.4304000000001
128.5,353.59229999999997
128.6,353.1614000000001
128.7,352.89189999999996
128.8,353.06386138613857
128.9,353.3950000000002
129.0,353.423
129.1,353.01900000000086
129.2,352.937
129.3,353.061
129.4,353.3800000000003
129.5,353.255
129.6,353.0240000000003
129.7,353.1363366336634
129.8,353.04439999999994
129.9,353.4116000000006
130.0,353.4582
130.1,353.0864000000006
130.2,352.9914
130.3,353.01
130.4,353.27220000000034
130.5,353.3003
130.6,353.12275148514874
130.7,353.02599999999995
130.8,353.1799999999997
130.9,353.3484000000001
131.0,353.4036
131.1,353.2332000000003
131.2,353.0411999999999
131.3,353.2007999999997
131.4,353.1367999999999
131.5,353.14840000000004
131.6,353.06881188118825
131.7,353.0703000000001
131.8,353.45509999999956
131.9,353.27489999999966
132.0,353.1
132.1,352.9392000000002
132.2,352.9605000000001
132.3,353.1707999999998
132.4,352.98869999999977
132.5,353.2248514851482
132.6,353.04700000000076
132.7,353.04480000000024
132.8,353.21259999999995
132.9,352.93319999999954
133.0,353.0867999999997
133.1,352.8606000000008
133.2,352.65999999999997
133.3,353.1219999999996
133.4,353.13128712871253
133.5,353.18549999999993
133.6,353.1045000000003
133.7,353.0685000000001
133.8,353.04150000000004
133.9,352.91249999999985
134.0,352.93149999999997
134.1,352.97
134.2,352.9244999999999
134.3,353.10008415841577
134.4,353.05639999999966
134.5,352.8996
134.6,352.7896000000001
134.7,352.97399999999993
134.8,353.1831999999999
134.9,352.8651999999992
135.0,352.788
135.1,352.7896000000001
135.2,352.8204
135.3,353.09445544554427
135.4,353.1480999999998
135.5,352.96139999999997
135.6,352.7414000000001
135.7,352.88050000000004
135.8,352.9974
135.9,352.78209999999945
136.0,352.96240000000006
136.1,352.9762000000002
136.2,352.9486138613862
136.3,352.8536000000001
136.4,352.9188000000001
136.5,353.06579999999997
136.6,353.04420000000005
136.7,353.13400000000007
136.8,352.9372000000002
136.9,352.77
137.0,353.0551999999998
137.1,353.0028712871288
137.2,352.8840524752476
137.3,352.8756
137.4,352.8050999999999
137.5,352.82489999999996
137.6,352.86
137.7,353.1528000000003
137.8,353.0594000000001
137.9,352.9349000000001
138.0,352.84800000000007
138.1,352.9934653465341
138.2,352.972
138.3,352.74
138.4,352.93600000000043
138.5,353.04200000000003
138.6,353.05599999999987
138.7,352.968
138.8,352.81399999999996
138.9,352.9140000000002
139.0,352.92089108910886
139.1,352.8069000000001
139.2,352.9116
139.3,352.94509999999997
139.4,352.82329999999985
139.5,352.70509999999996
139.6,352.7779999999998
139.7,352.86
139.8,352.9485
139.9,352.9866336633663
140.0,352.97
140.1,352.8424000000002
140.2,352.95300000000015
140.3,352.9608000000002
140.4,352.8832
140.5,352.81299999999993
140.6,352.7616
140.7,352.77
140.8,352.7062000000001
140.9,352.72316831683173
141.0,352.90680000000015
141.1,353.06129999999996
141.2,353.04869999999994
141.3,352.7706000000003
141.4,352.6812000000001
141.5,353.0350000000003
141.6,352.81110000000047
141.7,352.5826000000001
141.8,352.65999999999997
141.9,352.85600000000034
142.0,352.8644000000001
142.1,352.8115999999999
142.2,353.0560000000003
142.3,352.85160000000025
142.4,353.03480000000076
142.5,353.4
142.6,353.29360000000025
142.7,353.1600990099009
142.8,353.0595
142.9,353.1145000000002
143.0,352.903
143.1,352.83049999999963
143.2,352.9204999999999
143.3,352.8415
143.4,352.76049999999987
143.5,352.79699999999997
143.6,352.81099009901
143.7,352.94820000000004
143.8,353.1593999999999
143.9,353.31260000000026
144.0,353.12999999999994
144.1,353.0079999999998
144.2,353.1
144.3,353.1
144.4,352.9433999999996
144.5,352.8964
144.6,353.02881188118806
144.7,353.2496000000001
144.8,353.11380000000037
144.9,352.91830000000016
145.0,352.91169999999994
145.1,352.7858000000001
145.2,352.79420000000005
145.3,352.9871999999998
145.4,353.05229999999983
145.5,352.96277227722766
145.6,353.1279999999998
145.7,353.1483999999998
145.8,353.1043999999999
145.9,353.1059999999999
146.0,353.1139999999999
146.1,353.0852000000001
146.2,352.7619999999998
146.3,352.84559999999976
146.4,353.00732673267316
146.5,353.0118
146.6,353.00820000000004
146.7,353.06790000000024
146.8,353.1641
146.9,352.9975999999998
147.0,353.0482999999999
147.1,353.1641
147.2,353.2169000000001
147.3,353.0805000000001
147.4,352.7590099009899
147.5,352.935
147.6,353.21
147.7,353.305
147.8,353.185
147.9,352.91499999999985
148.0,353.03499999999997
148.1,353.1550000000001
148.2,353.1
148.3,352.9267326732677
148.4,352.8774000000001
148.5,353.0002
148.6,353.1467999999997
148.7,353.08949999999993
148.8,352.97759999999977
148.9,353.1
149.0,353.0363
149.1,353.0875999999998
149.2,353.1566336633663
149.3,353.15279999999996
149.4,353.05159999999984
149.5,353.03840000000014
149.6,353.21
149.7,353.0611999999999
149.8,352.93359999999996
149.9,352.8739999999999
150.0,353.0724000000003
150.1,353.0976000000004
150.2,352.9363366336636
150.3,352.95550000000014
150.4,352.93450000000024
150.5,353.24689999999987
150.6,353.14090000000084
150.7,352.8788
150.8,352.88120000000004
150.9,352.9211000000001
151.0,352.92890000000006
151.1,352.86
151.2,352.86
151.3,352.77720000000005
151.4,352.7628000000002
151.5,352.9704
151.6,352.8654000000007
151.7,352.71420000000023
151.8,352.7266000000001
151.9,352.7724000000004
152.0,352.94168316831684
152.1,352.86
152.2,352.9185
152.3,352.981
152.4,352.97
152.5,352.889
152.6,352.8214999999999
152.7,352.779
152.8,352.8104999999997
152.9,352.97
153.0,352.7543999999998
153.1,352.64719999999966
153.2,352.92600000000004
153.3,352.90440000000024
153.4,352.8096000000001
153.5,352.86
153.6,352.9259999999999
153.7,352.9219999999999
153.8,352.7533663366338
153.9,352.68
154.0,352.6714
154.1,352.65999999999997
154.2,352.8105000000002
154.3,352.8982000000002
154.4,352.7586
154.5,352.8731999999998
154.6,352.90680000000015
154.7,352.9104950495052
154.8,352.87740000000025
154.9,352.6918000000003
155.0,352.9607999999999
155.1,353.0454000000001
155.2,352.79779999999965
155.3,352.6481999999999
155.4,352.80780000000004
155.5,352.9607999999999
155.6,352.9623980198023
155.7,352.95092574257427
155.8,353.11160000000007
155.9,352.8879999999998
156.0,352.9052999999999
156.1,353.0016000000003
156.2,352.7411000000001
156.3,352.7421999999999
156.4,352.82599999999957
156.5,352.65559999999994
156.6,352.7743564356435
156.7,352.846
156.8,352.804
156.9,352.78400000000045
157.0,352.978
157.1,352.9020000000002
157.2,352.726
157.3,352.8
157.4,352.99399999999997
157.5,352.93435643564356
157.6,352.9306999999999
157.7,352.96709999999996
157.8,352.8493000000001
157.9,352.72709999999995
158.0,352.78870000000006
158.1,352.9393000000001
158.2,352.90290000000005
158.3,352.97
158.4,352.89277227722766
158.5,352.80420000000004
158.6,352.7080000000002
158.7,352.66900000000027
158.8,352.9188000000001
158.9,352.8194000000001
159.0,352.9
159.1,352.85060000000004
159.2,352.80420000000004
159.3,353.02930693069294
159.4,352.96219999999937
159.5,352.5179999999999
159.6,352.89209999999946
159.7,353.1
159.8,353.05190000000005
159.9,352.9366999999999
160.0,352.92069999999995
160.1,352.90120000000036
160.2,352.75
160.3,352.7572
160.4,352.8024000000001
160.5,352.94640000000004
160.6,353.0028000000004
160.7,352.88760000000013
160.8,352.9432
160.9,352.8275999999999
161.0,352.80240000000003
161.1,352.86
161.2,352.82149999999996
161.3,352.6555000000003
161.4,352.54300000000023
161.5,352.81400000000014
161.6,353.1629999999998
161.7,353.1784999999999
161.8,352.983
161.9,353.00850000000014
162.0,353.08693069306935
162.1,353.1373999999999
162.2,353.12839999999983
162.3,352.9326000000001
162.4,352.86
162.5,352.82259999999997
162.6,352.66840000000025
162.7,436.50360000014604
162.8,598.2716000000034
162.9,613.0020792079549
163.0,673.7984999999445
163.1,723.7995000000094
163.2,711.5433999999924
163.3,694.5374000000227
163.4,696.5581000000619
163.5,735.1811000000221
163.6,755.7533999999127
163.7,771.7808999998223
163.8,658.931439603901
163.9,707.7160356435381
164.0,711.0355999999675
164.1,756.3976000000044
164.2,749.2111999999983
164.3,748.9011999999989
164.4,732.3927999999381
164.5,712.8283999999729
164.6,732.2336000000298
164.7,703.6454970297573
164.8,738.7574534653452
164.9,742.2139000000036
165.0,744.4512999999997
165.1,713.4630000000957
165.2,645.5201999999979
165.3,648.0365000000029
165.4,639.1638
165.5,677.2241999999721
165.6,758.975400000009
165.7,749.960782178218
165.8,746.9069999999999
165.9,752.3319999999992
166.0,740.3240000000001
166.1,720.5039999999834
166.2,736.6
166.3,739.834
166.4,752.1659999999994
166.5,752.6464356435642
166.6,730.4144168317746
166.7,673.0031999999943
166.8,687.3578999999522
166.9,743.1042999999822
167.0,711.6470000000189
167.1,766.5966000000062
167.2,756.3589999999999
167.3,765.2285999999868
167.4,764.982299999983
167.5,716.2225742574303
167.6,719.3848000000054
167.7,720.3156000000358
167.8,772.4996000000029
167.9,761.6872000000013
168.0,769.2636000000089
168.1,765.5000000000115
168.2,733.0780000000213
168.3,752.2668000000094
168.4,735.7341584158802
168.5,723.4129999999832
168.6,587.2667999997393
168.7,670.058199999907
168.8,587.7047000000043
168.9,667.8738000000852
169.0,729.2341999999925
169.1,628.0470000001208
169.2,597.598800000063
169.3,673.441980198024
169.4,664.5151999998885
169.5,591.6302000000218
169.6,671.1555999998478
169.7,726.6075999999052
169.8,630.2715999999765
169.9,599.7710000000845
170.0,674.990400000008
170.1,660.7808000001718
170.2,586.3663366336909
170.3,667.7999999998758
170.4,723.0549999998789
170.5,626.9549999999633
170.6,601.1174999998971
170.7,672.3325000000074
170.8,653.2400000001311
170.9,585.5225000000853
171.0,667.8450000000594
171.1,718.8032673268508
171.2,622.3307999999544
171.3,602.320799999915
171.4,672.9263999999987
171.5,646.9000000000939
171.6,585.8971999999337
171.7,665.7980000000838
171.8,714.3224000001111
171.9,612.3863999999692
172.0,605.1822970296267
172.1,668.6759019802133
172.2,631.96939999991
172.3,582.976199999953
172.4,615.2081999999032
172.5,565.4168999999406
172.6,650.7517999999457
172.7,696.2291999999263
172.8,627.3313000000469
172.9,591.6210000000798
173.0,665.647623762331
173.1,699.7994000000947
173.2,619.4058000000061
173.3,626.6165999999632
173.4,685.822599999976
173.5,652.2350000000401
173.6,598.4149999999348
173.7,667.8111999999667
173.8,702.4500000000469
173.9,620.1278217821658
174.0,629.4487999999823
174.1,684.6729000000223
174.2,640.5419000000209
174.3,582.7061999999843
174.4,652.1572000001104
174.5,686.2459000000233
174.6,603.4882000000067
174.7,613.2344999999813
174.8,671.0932712871514
174.9,626.2449504950497
175.0,574.338
175.1,625.4060000000349
175.2,554.3119999999999
175.3,547.7239999999258
175.4,663.306
175.5,604.174
175.6,613.6739999999803
175.7,668.550198019802
175.8,730.3580613861767
175.9,641.3156999999843
176.0,602.4930000000204
176.1,677.5496999999974
176.2,666.5987999999746
176.3,589.9343999999853
176.4,665.9599000000214
176.5,722.5308999999763
176.6,629.4766000000096
176.7,607.9070297029936
176.8,677.4347999999998
176.9,654.8071999999565
177.0,586.6838000000025
177.1,647.5307999998525
177.2,691.5737999999434
177.3,587.2643999999995
177.4,593.0186000000392
177.5,662.9589999999998
177.6,642.773168316995
177.7,578.0749000000465
177.8,648.9485000000252
177.9,668.1404999997937
178.0,454.68350000006524
178.1,618.0370000001845
178.2,529.9439000000325
178.3,598.1686000000499
178.4,715.2453999999084
178.5,605.9936554455485
178.6,628.4513900989066
178.7,677.2519999999759
178.8,628.3120000000999
178.9,579.0808000000702
179.0,660.870000000058
179.1,727.6544000001916
179.2,611.6972000000068
179.3,636.9539999998735
179.4,703.5506613860748
179.5,633.1354158415418
179.6,583.697499999912
179.7,661.404000000063
179.8,708.1490000001558
179.9,593.3100000000118
180.0,614.790500000067
180.1,687.2854999999935
180.2,697.8525000000301
180.3,724.8535000000386
180.4,701.4849504950798
180.5,732.7124000000003
180.6,732.8469999999973
180.7,735.4069999999995
180.8,730.0892000000321
180.9,744.5748000003346
181.0,964.8912000003556
181.1,627.0648000000106
181.2,632.7238000001173
181.3,730.9531683168207
181.4,741.6785999999977
181.5,742.3295999999884
181.6,757.4659999999978
181.7,751.7726999999155
181.8,703.9475999999534
181.9,757.1431999999361
182.0,715.6377999999925
182.1,727.5895999999877
182.2,742.9296148514826
182.3,740.8453742574268
182.4,726.1367999998506
182.5,641.9587999999968
182.6,647.0168000000066
182.7,638.5776000000016
182.8,650.1427999999444
182.9,756.3979999999837
183.0,747.4743999999985
183.1,750.8983999999972
183.2,756.4817821782099
183.3,773.4670999999989
183.4,773.0841999999268
183.5,737.1661999999992
183.6,744.7133999999805
183.7,776.2253000000102
183.8,736.7594999999992
183.9,728.4526999998143
184.0,640.1135999999923
184.1,684.1757425742001
184.2,795.0219999999999
184.3,760.6419999999998
184.4,756.306
184.5,716.682
184.6,761.0580000000061
184.7,737.703
184.8,748.1219999999978
184.9,756.791
185.0,760.5100000000004
185.1,773.4998999999987
185.2,725.6872000000124
185.3,770.3765999999988
185.4,728.1113000000088
185.5,763.1812
185.6,761.6569999999997
185.7,753.940200000012
185.8,785.2821999999958
185.9,629.478250495085
186.0,752.8994930692768
186.1,646.1816000001355
186.2,585.048800000042
186.3,671.779200000006
186.4,682.2323999999444
186.5,575.6924000000201
186.6,652.4907999997972
186.7,747.1895999999551
186.8,650.3995999999794
186.9,587.8948514851903
187.0,671.3132000000088
187.1,678.4587000001919
187.2,571.8253000000537
187.3,652.6600000000565
187.4,745.8031999999289
187.5,644.2049999999653
187.6,588.7271999998552
187.7,673.7974000000046
187.8,672.4469306930099
187.9,573.7348000000698
188.0,651.7890000000782
188.1,740.4332000001464
188.2,636.2377999999568
188.3,589.307199999873
188.4,676.7307999999983
188.5,668.731399999919
188.6,574.6649999998988
188.7,650.2502970297791
188.8,735.9650000001357
188.9,620.8809999999603
189.0,592.0910000000908
189.1,676.2085000000059
189.2,666.3414999998997
189.3,576.7614999999206
189.4,647.233500000094
189.5,711.891499999716
189.6,455.50160396022926
189.7,592.4549465346314
189.8,572.6363999999878
189.9,588.5364000000964
190.0,664.7547999999185
190.1,745.6080000001178
190.2,621.4384000000064
190.3,629.6619999999212
190.4,710.2247999999196
190.5,646.676000000067
190.6,579.03980198013
190.7,654.9022000001337
190.8,736.532100000079
190.9,624.138500000003
191.0,628.7767999999376
191.1,715.6481000000441
191.2,650.6303999998868
191.3,580.7602999999496
191.4,655.4375000001467
191.5,744.5417821783137
191.6,605.6581999999945
191.7,618.2011999999579
191.8,707.4804000000325
191.9,635.9687999998705
192.0,565.8495999999664
192.1,640.1759999999543
192.2,727.0536000000591
192.3,600.2181999999912
192.4,619.3722772277333
192.5,621.5167554455887
192.6,524.7871999999668
192.7,656.9304999999829
192.8,730.128200000025
192.9,620.9521999999802
193.0,612.0283999999829
193.1,686.7848000000082
193.2,653.7472000000191
193.3,571.0835999999824
193.4,648.4835643566005
193.5,729.84
193.6,615.87
193.7,620.35
193.8,699.74
193.9,642.07
194.0,570.6700000000001
194.1,648.98
194.2,723.97
194.3,590.7700000000001
194.4,607.571980198024
194.5,725.243100000027
194.6,635.5678000001858
194.7,554.5490999999816
194.8,629.6433000000175
194.9,719.0843000000224
195.0,590.6265999999703
195.1,609.8921999999579
195.2,742.2848000000304
195.3,410.52822673252183
195.4,624.0369584159515
195.5,528.8433999999538
195.6,571.4489999999192
195.7,750.1418000000825
195.8,634.3765999999446
195.9,620.0721999999939
196.0,693.9082000000344
196.1,634.5032000001103
196.2,564.3169999999681
196.3,640.4949504949284
196.4,737.4256000000665
196.5,617.8874999999139
196.6,609.1724000000077
196.7,691.2954000000578
196.8,657.7463000000566
196.9,573.3360999999414
197.0,647.9138000000542
197.1,720.4018999998899
197.2,607.9371287127649
197.3,596.451600000009
197.4,693.9460000000927
197.5,698.4328000000004
197.6,713.4547999999802
197.7,676.0639999999639
197.8,744.4735999999072
197.9,740.4875999999934
198.0,748.7344000000081
198.1,749.6222772277222
198.2,702.6439999999437
198.3,730.0284999999678
198.4,651.6479999999043
198.5,651.2684999999958
198.6,627.8435000000283
198.7,749.7580000001474
198.8,700.59850000006
198.9,738.2920000000486
199.0,736.994009900993
199.1,736.8077425742574
199.2,738.7464000000028
199.3,694.7182000000363
199.4,756.1020000000932
199.5,729.4526000000253
199.6,730.1219999999975
199.7,761.4228000000452
199.8,693.3706000000576
199.9,748.0730000000858
200.0,760.3472277227675
200.1,759.5664000000011
200.2,759.6924999999999
200.3,752.967500000005
200.4,755.7615000000056
200.5,751.1833000000026
200.6,738.2743000000092
200.7,701.5064000000202
200.8,722.6086999999825
200.9,727.4570297029762
201.0,763.0663999999895
201.1,770.3167999999979
201.2,722.3708000000144
201.3,674.1664000000218
201.4,652.0411999999637
201.5,756.0659999999687
201.6,701.3376000000316
201.7,707.9331999999964
201.8,755.8098019801854
201.9,716.4279000000012
202.0,753.0845999999898
202.1,765.9214999999979
202.2,748.8175000000005
202.3,768.4795999999947
202.4,717.7199000000013
202.5,767.3629999999863
202.6,709.5359000000158
202.7,745.5411207920888
202.8,770.0450990099009
202.9,774.6620000000006
203.0,804.243
203.1,488.567
203.2,635.5690000000461
203.3,642.808
203.4,719.2100000000197
203.5,618.168
203.6,600.193
203.7,679.4539603960795
203.8,660.6331999999927
203.9,574.7838999999558
204.0,633.1400000000175
204.1,718.9420999998439
204.2,622.776899999973
204.3,604.6725999999987
204.4,685.938900000044
204.5,639.3402999999855
204.6,567.9151485149655
204.7,634.7076000000391
204.8,731.979200000045
204.9,623.6583999999007
205.0,610.0332000000014
205.1,699.765199999843
205.2,644.4803999999651
205.3,568.1007999999653
205.4,631.9272000000603
205.5,735.7336554456144
205.6,624.6955415843445
205.7,615.6870000000076
205.8,704.7911999998695
205.9,647.2024999999446
206.0,570.5460999999482
206.1,631.4792999998945
206.2,735.8460000000736
206.3,623.7970000001878
206.4,610.110400000004
206.5,722.33475247536
206.6,652.0254000001073
206.7,573.4867999999321
206.8,647.2683999998976
206.9,576.5709999999108
207.0,543.82399999998
207.1,597.9543999999304
207.2,661.7596000000576
207.3,592.7140000000948
207.4,651.1886138614774
207.5,722.326499999945
207.6,625.1140000001438
207.7,621.5915000000207
207.8,744.4504999998876
207.9,680.1909999998858
208.0,593.582500000067
208.1,659.491499999895
208.2,716.4790000000577
208.3,635.6058415842194
208.4,629.0384000000164
208.5,741.2267999999283
208.6,678.204800000091
208.7,576.3015999998605
208.8,640.3279999999478
208.9,705.6536000000813
209.0,611.8348000000672
209.1,607.1691999999838
209.2,723.7219207920336
209.3,665.3782980198698
209.4,645.9294999999947
209.5,575.4242000000248
209.6,644.2493999999317
209.7,568.9093000000329
209.8,740.939799999843
209.9,617.394899999688
210.0,544.754600000014
210.1,648.3266999999082
210.2,671.9542574257425
210.3,592.5554000000442
210.4,630.4810000001229
210.5,717.2927999999959
210.6,663.9554000000386
210.7,601.5164000000026
210.8,659.7711999999619
210.9,672.7717999999954
211.0,597.3474000000042
211.1,637.8840594059218
211.2,720.0048000000173
211.3,637.1313000000279
211.4,600.5430999999966
211.5,651.5908999999848
211.6,658.7515000000016
211.7,581.4557999999809
211.8,619.9897999999841
211.9,692.647800000015
212.0,619.7748415841629
212.1,591.8124158415843
212.2,653.3100000000359
212.3,642.818
212.4,568.7859999999616
212.5,614.5360000000001
212.6,647.9739999999999
212.7,572.1639999999544
212.8,553.068
212.9,730.9300396040611
213.0,749.2386821782119
213.1,602.9787000002768
213.2,633.1174000000194
213.3,708.8949000000167
213.4,623.4069999999099
213.5,614.3887000000051
213.6,730.6600999997785
213.7,674.1446999999753
213.8,616.0639594059305
213.9,648.6305683168794
214.0,717.0528000000331
214.1,631.7692000001713
214.2,619.0808000000093
214.3,735.6694000000654
214.4,660.7887999998696
214.5,582.787799999972
214.6,651.9165999998603
214.7,718.137800000025
214.8,685.2857425743223
214.9,708.5588000000323
215.0,711.4927999999929
215.1,686.4566000000315
215.2,736.16950000005
215.3,730.710000000031
215.4,734.3195000000092
215.5,749.748500000011
215.6,460.20090000040693
215.7,577.2089108913165
215.8,643.0319999999979
215.9,643.3075999999995
216.0,723.5144000000961
216.1,750.726799999998
216.2,723.4255999999666
216.3,713.8144000000009
216.4,727.6048000000168
216.5,700.5835999999623
216.6,732.0820396039159
216.7,740.7833910891027
216.8,745.5574999999952
216.9,750.5100000000043
217.0,920.3249999998719
217.1,820.3550000002368
217.2,759.712499999987
217.3,781.1824999999816
217.4,748.6324999999383
217.5,732.9200000000017
217.6,733.5069306930677
217.7,755.3163999999908
217.8,756.9888000000071
217.9,758.0776000000058
218.0,760.3195999999996
218.1,741.1026000000242
218.2,751.0597999999927
218.3,732.4120000000302
218.4,497.9467999995836
218.5,608.1499009900645
218.6,675.9084000000013
218.7,663.0603000000012
218.8,760.203599999905
218.9,758.9401999999152
219.0,736.5227000000008
219.1,753.9096999999811
219.2,752.2055000000008
219.3,757.8054999999915
219.4,718.734950495043
219.5,763.7347999999613
219.6,765.6432000000138
219.7,753.066399999999
219.8,767.6035999999898
219.9,778.017200000001
220.0,765.345200000009
220.1,721.2988000000244
220.2,769.9636000000161
220.3,781.0811841584227
220.4,514.8420198018223
220.5,567.1201999999491
220.6,620.7023000000037
220.7,684.7215000000417
220.8,658.5557000000174
220.9,583.0066999999675
221.0,621.5399999999806
221.1,719.0643999999767
221.2,646.2846999999376
221.3,613.8549504950486
221.4,695.9070000000761
221.5,665.562
221.6,584.8940000001212
221.7,619.216
221.8,712.733
221.9,644.6249999999048
222.0,613.0360000000001
222.1,710.6239999997881
222.2,674.6134653465175
222.3,587.6912999999824
222.4,615.4655000000699
222.5,706.8720000000225
222.6,643.3564000001829
222.7,605.5243000000015
222.8,715.1493000000355
222.9,683.8187999998923
223.0,587.28619999998
223.1,622.7794108909821
223.2,702.4795049505292
223.3,635.1832000001463
223.4,611.9996000000132
223.5,720.7472000000665
223.6,690.6384000001235
223.7,595.3207999999605
223.8,635.7243999998906
223.9,706.766800000026
224.0,625.6603999999336
224.1,769.956732673008
224.2,632.4913999997656
224.3,516.9861000000027
224.4,621.9474000001079
224.5,673.1482999999989
224.6,632.054700000051
224.7,625.0111000000131
224.8,722.0141999998862
224.9,697.92809999993
225.0,609.0736633663921
225.1,643.7345999998706
225.2,707.6368000000436
225.3,643.3442000000722
225.4,626.7944000000344
225.5,637.5216000000019
225.6,651.2171999999694
225.7,607.353399999929
225.8,642.2891999999449
225.9,674.8014000000011
226.0,631.2565990099241
226.1,614.6324999999877
226.2,703.4305000001486
226.3,683.5760000000345
226.4,594.9074999999067
226.5,626.7374999999681
226.6,694.9144999999378
226.7,632.8589999998579
226.8,611.5159999999883
226.9,695.520495049647
227.0,530.8260000000291
227.1,541.3827999998215
227.2,611.6880000000001
227.3,592.2452000000274
227.4,631.2504000001062
227.5,714.7103999999921
227.6,676.2900000000989
227.7,607.5592000000042
227.8,647.6835643563678
227.9,675.8694999999883
228.0,613.4007999999849
228.1,623.6384999999509
228.2,704.5597000000137
228.3,675.1762000000664
228.4,610.1343999999266
228.5,648.6927000000142
228.6,674.7828000000071
228.7,613.9602029702686
228.8,613.9514613861135
228.9,689.6778000000361
229.0,655.2690000000498
229.1,593.074600000015
229.2,633.2754000000349
229.3,659.9608000000042
229.4,601.0147999999634
229.5,608.7707999999694
229.6,683.1383465346175
229.7,638.7002267326059
229.8,597.6839999999978
229.9,625.9025000000265
230.0,606.3054000000132
230.1,570.210200000005
230.2,642.055600000087
230.3,678.6665000000056
230.4,610.4757999999366
230.5,617.7361999999833
230.6,689.1545544553429
230.7,655.914
230.8,609.068
230.9,653.7640000000738
231.0,663.648
231.1,601.0440000001081
231.2,615.996
231.3,692.628
231.4,658.0839999999017
231.5,607.4893069306914
231.6,657.3322999998963
231.7,647.4239999999816
231.8,575.9182999999853
231.9,452.02279999980857
232.0,373.1712999999957
232.1,365.5515999999997
232.2,365.57329999999996
232.3,365.1718999999999
232.4,364.9188425742574
232.5,364.9212257425743
232.6,365.96819999999843
232.7,366.5807999999999
232.8,366.48
232.9,366.48
233.0,366.53220000000005
233.1,366.5816
233.2,366.1781999999997
233.3,365.9495999999999
233.4,365.7645544554453
233.5,365.5044999999999
233.6,365.5311999999999
233.7,363.901399999998
233.8,358.008700000005
233.9,354.5927000000001
234.0,354.56589999999994
234.1,354.5840999999999
234.2,354.56589999999994
234.3,354.51
234.4,354.4483999999999
234.5,354.19280000000015
234.6,354.1923999999996
234.7,354.2639999999999
234.8,354.32079999999996
234.9,354.4616000000001
235.0,354.3868000000001
235.1,354.29
235.2,353.9497306930687
235.3,353.87249999999995
235.4,354.18950000000035
235.5,354.2595
235.6,354.09450000000027
235.7,353.9559999999999
235.8,353.909
235.9,353.91100000000006
236.0,353.8485
236.1,353.79
236.2,353.79
236.3,353.8331999999999
236.4,353.87
236.5,353.7674
236.6,353.68
236.7,353.55039999999997
236.8,353.5695999999998
236.9,353.7826000000003
237.0,353.7674
237.1,353.73881188118804
237.2,353.79
237.3,353.84829999999994
237.4,353.8681999999999
237.5,353.6862999999999
237.6,353.81499999999966
237.7,353.8803999999999
237.8,353.61870000000016
237.9,353.6048000000003
238.0,353.68
238.1,353.8879999999998
238.2,353.8615999999997
238.3,353.51960000000014
238.4,353.45760000000007
238.5,353.57719999999995
238.6,353.7807999999999
238.7,353.71199999999976
238.8,353.4784
238.9,353.44
239.0,353.31128712871293
239.1,353.31749999999994
239.2,353.64400000000035
239.3,353.78900000000004
239.4,353.83180000000016
239.5,353.7313000000001
239.6,353.5245
239.7,353.55610000000013
239.8,353.67629999999997
239.9,353.6440594059404
240.0,353.695
240.1,353.64000000000044
240.2,353.49
240.3,353.61
240.4,353.7200000000001
240.5,353.64
240.6,353.34500000000037
240.7,353.45500000000004
240.8,353.5766336633667
240.9,353.31199999999995
241.0,353.3276000000001
241.1,353.59209999999973
241.2,353.5684999999999
241.3,353.5614999999997
241.4,353.4508999999999
241.5,353.3460000000001
241.6,353.64309999999983
241.7,353.62356435643557
241.8,353.61519999999985
241.9,353.48559999999975
242.0,353.3252000000001
242.1,353.45
242.2,353.53640000000007
242.3,353.4284000000003
242.4,353.4116000000002
242.5,353.5435999999999
242.6,353.2916000000002
242.7,353.3629534653468
242.8,353.5172000000001
242.9,353.6062000000003
243.0,353.54920000000027
243.1,353.4590999999991
243.2,353.62719999999985
243.3,353.5
243.4,353.3636999999998
243.5,353.346811881188
243.6,353.3557425742579
243.7,353.30500000000023
243.8,353.41700000000003
243.9,353.21519999999964
244.0,353.0514
244.1,353.21039999999965
244.2,353.41360000000014
244.3,353.4126
244.4,353.2271999999998
244.5,353.32128712871287
244.6,353.4195000000003
244.7,353.1475
244.8,353.1314999999997
244.9,353.4510000000004
245.0,353.5385
245.1,353.43949999999984
245.2,353.3425
245.3,353.1994999999999
245.4,353.4738613861392
245.5,353.44079999999974
245.6,353.1171999999999
245.7,353.19
245.8,353.19
245.9,353.19
246.0,353.19
246.1,353.1328000000001
246.2,353.2052000000001
246.3,353.24584554455475
246.4,352.93366336633653
246.5,353.03659999999957
246.6,353.30400000000014
246.7,353.37920000000025
246.8,353.59130000000005
246.9,353.4754999999999
247.0,353.3427000000001
247.1,353.28
247.2,353.32730000000004
247.3,353.21970297029725
247.4,353.05720000000014
247.5,353.21299999999997
247.6,353.0312000000003
247.7,352.84480000000036
247.8,352.96140000000014
247.9,353.09340000000066
248.0,353.4770000000001
248.1,353.26820000000015
248.2,353.12079207920794
248.3,353.09260000000006
248.4,353.0838000000002
248.5,353.1531
248.6,353.1
248.7,353.21889999999996
248.8,353.25470000000007
248.9,353.2937000000006
249.0,353.42090000000013
249.1,353.0148207920795
249.2,352.9337227722772
249.3,353.18
249.4,353.24999999999955
249.5,353.064
249.6,353.11999999999995
249.7,353.15
249.8,353.158
249.9,353.2500000000003
250.0,353.326
250.1,353.0580198019806
250.2,352.99960000000016
250.3,353.24180000000024
250.4,352.98659999999995
250.5,352.87979999999993
250.6,353.0546999999995
250.7,353.36349999999993
250.8,353.17339999999996
250.9,353.14369999999997
251.0,353.0824752475248
251.1,353.20699999999994
251.2,353.3
251.3,353.17460000000017
251.4,352.8939999999999
251.5,352.8194000000001
251.6,353.0101999999999
251.7,353.1329999999999
251.8,353.0628
251.9,353.1760000000001
252.0,353.25190000000003
252.1,353.0886000000003
252.2,352.92409999999995
252.3,352.9466
252.4,353.1340000000001
252.5,353.22670000000005
252.6,352.98130000000083
252.7,352.8080000000003
252.8,353.01930000000004
252.9,352.9719801980199
253.0,353.0604
253.1,353.1967999999998
253.2,353.20079999999984
253.3,352.988
253.4,353.00400000000036
253.5,353.3068
253.6,353.3036000000003
253.7,353.1175999999999
253.8,353.00297029702966
253.9,352.9385000000001
254.0,353.1045000000001
254.1,353.23450000000014
254.2,353.10099999999994
254.3,352.8875000000004
254.4,352.80000000000047
254.5,353.1475000000001
254.6,353.2540000000002
254.7,353.0866188118811
254.8,352.96450693069306
254.9,352.8513999999996
255.0,352.65999999999997
255.1,352.7653999999997
255.2,353.1128000000002
255.3,353.30840000000023
255.4,353.1329999999999
255.5,353.1
255.6,353.0558000000001
255.7,353.05079207920807
255.8,353.09450000000027
255.9,352.8963000000001
256.0,352.97659999999996
256.1,352.99
256.2,353.0263000000001
256.3,353.02740000000017
256.4,352.90970000000004
256.5,352.9403000000001
256.6,352.9224752475247
256.7,353.0388000000001
256.8,352.99440000000016
256.9,352.91080000000045
257.0,353.2867999999999
257.1,353.41480000000007
257.2,353.23439999999965
257.3,352.9332000000001
257.4,352.84680000000026
257.5,352.89910891089124
257.6,352.6940999999999
257.7,352.79789999999997
257.8,353.0087999999999
257.9,353.26559999999967
258.0,353.1
258.1,353.1402999999999
258.2,353.1897
258.3,353.07210000000003
258.4,353.03790000000015
258.5,352.9987128712872
258.6,352.80299999999994
258.7,352.874
258.8,352.96500000000003
258.9,353.21000000000004
259.0,353.138
259.1,353.0089999999999
259.2,353.028
259.3,352.89300000000003
259.4,352.9373267326731
259.5,352.8716
259.6,352.86230000000006
259.7,352.80190000000005
259.8,352.8858
259.9,352.8565
260.0,352.82540000000006
260.1,352.9984
260.2,352.9439
260.3,352.8745158415842
260.4,352.9580000000002
260.5,353.1791999999999
260.6,353.04400000000004
260.7,352.9672000000001
260.8,353.10360000000003
260.9,353.0044
261.0,352.95359999999994
261.1,352.92159999999996
261.2,353.1524396039605
261.3,353.2383653465347
261.4,353.06450000000024
261.5,353.2255
261.6,352.97
261.7,353.0051000000001
261.8,353.0946
261.9,353.02059999999983
262.0,352.8357
262.1,352.9232584158407
262.2,353.18938217821733
262.3,352.7934
262.4,352.8886000000001
262.5,353.03240000000005
262.6,353.1190000000005
262.7,352.86
262.8,352.9224000000001
262.9,353.0089999999997
263.0,352.78380000000004
263.1,352.851683168317
263.2,352.8800000000002
263.3,353.15000000000026
263.4,352.97
263.5,352.99750000000006
263.6,353.13999999999976
263.7,353.2649999999999
263.8,353.04500000000024
263.9,352.88
264.0,352.85277227722764
264.1,352.8275999999998
264.2,353.00039999999996
264.3,352.9436000000001
264.4,352.9440000000003
264.5,353.1524000000002
264.6,352.9436000000001
264.7,352.8864000000001
264.8,352.9436000000001
264.9,352.91227722772294
265.0,353.0294000000001
265.1,352.8393000000001
265.2,352.79990000000015
265.3,352.9
265.4,352.8954
265.5,352.9006999999999
265.6,352.94470000000007
265.7,352.91520000000025
265.8,353.1
265.9,353.0471999999997
266.0,352.86
266.1,352.9127999999998
266.2,353.08020000000005
266.3,352.98580000000004
266.4,352.9
266.5,352.9241999999999
266.6,353.01
266.7,353.0957999999998
266.8,353.3586138613862
266.9,353.21
267.0,353.2729999999999
267.1,353.4701000000001
267.2,353.27380000000005
267.3,353.1
267.4,353.05799999999965
267.5,352.9231
267.6,352.93650000000025
267.7,352.7556435643563
267.8,353.09000000000003
267.9,353.01800000000003
268.0,353.16200000000003
268.1,352.9959999999999
268.2,353.1
268.3,353.08200000000005
268.4,352.988
268.5,352.874
268.6,352.77
268.7,352.77
268.8,352.7947
268.9,352.9209
269.0,352.9815
269.1,352.8505
269.2,352.8024
269.3,352.8744999999999
269.4,353.2877
269.5,353.1229485148514
269.6,352.98373069306973
269.7,352.8402
269.8,352.81300000000005
269.9,353.0639999999999
270.0,352.86039999999997
270.1,352.775399999999
270.2,353.15419999999983
270.3,352.8766
270.4,352.8096000000001
270.5,352.9668316831683
270.6,352.9007999999996
270.7,353.0251999999997
270.8,352.65999999999997
270.9,352.7535000000004
271.0,353.17599999999993
271.1,353.02529999999985
271.2,353.0778999999999
271.3,352.99210000000005
271.4,353.0814851485148
271.5,353.0076
271.6,353.0296000000006
271.7,352.6920000000001
271.8,352.8807999999998
271.9,352.97559999999993
272.0,352.9
272.1,352.8792000000002
272.2,352.80200000000013
272.3,353.0381188118806
272.4,353.3354999999995
272.5,353.0060000000002
272.6,353.17400000000026
272.7,352.9895000000001
272.8,353.11649999999986
272.9,353.1439999999995
273.0,352.7895000000001
273.1,352.88050000000015
273.2,352.7895000000001
273.3,352.8806930693071
273.4,352.7826000000001
273.5,352.89359999999976
273.6,353.1
273.7,353.0873999999999
273.8,352.9638000000003
273.9,352.76960000000065
274.0,353.2612000000004
274.1,352.9279999999998
274.2,353.0514851485145
274.3,352.7383000000001
274.4,352.6912000000003
274.5,352.88310000000007
274.6,352.78689999999995
274.7,352.8453999999995
274.8,352.52289999999977
274.9,352.8334000000002
275.0,352.9731000000001
275.1,352.90504950495017
275.2,353.18521584158407
275.3,353.02079999999995
275.4,353.0603999999995
275.5,352.7987999999999
275.6,353.0207999999999
275.7,353.1
275.8,353.0712000000001
275.9,352.86
276.0,352.87799999999993
276.1,352.9921782178219
276.2,352.87429999999995
276.3,352.96360000000004
276.4,352.7786000000005
276.5,353.01989999999995
276.6,353.0736000000001
276.7,352.87649999999996
276.8,352.9715000000001
276.9,352.7084000000008
277.0,353.0738613861387
277.1,352.86
277.2,352.884
277.3,353.13999999999993
277.4,353.471
277.5,353.155
277.6,352.65999999999997
277.7,352.65999999999997
277.8,352.68399999999997
277.9,352.89612871287125
278.0,352.85108910891086
278.1,352.8096
278.2,353.18029999999993
278.3,352.9196
278.4,353.27859999999987
278.5,352.86
278.6,352.9014
278.7,353.3001999999999
278.8,353.0784
278.9,352.88138613861395
279.0,353.10880000000003
279.1,353.2012000000002
279.2,353.0895999999999
279.3,352.9980000000001
279.4,353.31119999999993
279.5,353.21880000000004
279.6,353.30080000000044
279.7,353.04799999999983
279.8,352.7457425742577
279.9,353.45819999999947
280.0,352.8008000000002
280.1,353.18970000000047
280.2,352.93330000000014
280.3,353.10159999999996
280.4,352.9808999999999
280.5,352.86770000000007
280.6,352.9776999999998
280.7,353.0815524752476
280.8,353.107366336633
280.9,353.22519999999946
281.0,352.69080000000014
281.1,352.86
281.2,352.87440000000015
281.3,353.10659999999984
281.4,353.21
281.5,353.1955999999998
281.6,352.96340000000015
281.7,352.8314851485145
281.8,352.4039999999995
281.9,352.8655000000001
282.0,352.971
282.1,352.9690000000005
282.2,352.5790000000002
282.3,352.7455000000001
282.4,352.65999999999997
282.5,352.6755000000003
282.6,352.9600990099012
282.7,352.77
282.8,352.7779999999998
282.9,352.9655999999999
283.0,352.86
283.1,352.8608
283.2,352.8836000000001
283.3,352.95400000000035
283.4,352.57800000000026
283.5,352.7664712871288
283.6,352.6853999999999
283.7,352.85789999999986
283.8,352.7867000000001
283.9,352.67669999999987
284.0,352.5732999999999
284.1,352.6886999999998
284.2,352.97
284.3,352.96670000000006
284.4,352.86
284.5,352.8573267326733
284.6,352.77219999999994
284.7,352.8796
284.8,352.86
284.9,352.85819999999984
285.0,352.7660000000001
285.1,352.57
285.2,352.5739999999999
285.3,352.7718
285.4,352.85821782178203
285.5,352.7709
285.6,352.8591
285.7,352.7709
285.8,352.8591
285.9,352.76599999999917
286.0,352.3748999999999
286.1,352.85710000000006
286.2,352.57289999999995
286.3,352.86
286.4,352.86
286.5,352.68
286.6,352.97
286.7,352.68
286.8,352.86
286.9,352.65999999999997
287.0,352.37
287.1,352.86
287.2,352.48
287.3,352.9660396039605
287.4,352.77199108910884
287.5,352.7502
287.6,352.5718000000004
287.7,352.96600000000007
287.8,352.8809
287.9,352.86019999999996
288.0,352.7709
288.1,352.5918000000004
288.2,352.7692782178218
288.3,352.6817603960396
288.4,353.14060000000023
288.5,352.77759999999984
288.6,352.85819999999984
288.7,352.86
288.8,352.57579999999984
288.9,352.67780000000005
289.0,352.2781999999998
289.1,352.7599999999991
289.2,352.6632673267326
289.3,352.6794
289.4,352.68
289.5,352.5732999999999
289.6,352.3760000000003
289.7,352.37
289.8,352.45729999999986
289.9,352.8480000000003
290.0,352.38469999999967
290.1,352.6485148514848
290.2,352.57359999999994
290.3,352.37800000000027
290.4,352.64840000000027
290.5,352.9960000000003
290.6,352.67400000000043
290.7,352.87120000000016
290.8,352.88
290.9,352.6879999999998
291.0,352.8510891089107
291.1,352.9644999999999
291.2,352.5899999999996
291.3,352.8454999999997
291.4,352.3944999999994
291.5,352.7309999999996
291.6,352.85449999999986
291.7,352.3944999999994
291.8,352.4744999999999
291.9,352.83742574257474
292.0,352.77540000000005
292.1,352.66660000000013
292.2,352.95140000000043
292.3,352.90420000000006
292.4,352.8341999999999
292.5,352.99919999999986
292.6,352.6810000000003
292.7,352.6788
292.8,352.47422376237637
292.9,352.8320000000006
293.0,352.5903000000002
293.1,352.75599999999986
293.2,352.5840000000001
293.3,352.57
293.4,352.65370000000013
293.5,352.94829999999985
293.6,352.92350000000005
293.7,352.88280000000003
293.8,352.9628712871287
293.9,352.97
294.0,352.8688
294.1,352.86
294.2,352.814
294.3,352.69040000000007
294.4,352.84560000000033
294.5,352.7772
294.6,352.7516
294.7,352.75
294.8,352.8501
294.9,352.5961
295.0,352.85209999999995
295.1,352.8618
295.2,352.86
295.3,352.7781
295.4,352.8701
295.5,352.96189999999996
295.6,352.8708910891089
295.7,352.86
295.8,352.959
295.9,352.871
296.0,352.89599999999996
296.1,352.783
296.2,352.95000000000005
296.3,352.97
296.4,352.871
296.5,352.86
296.6,352.6819019801984
296.7,352.8380000000001
296.8,352.86
296.9,354.782400000001
297.0,354.9933
297.1,601.9204999995015
297.2,630.9892999999996
297.3,688.9715000000149
297.4,696.0977
297.5,735.8492079208112
297.6,735.1820000000106
297.7,744.3392000000051
297.8,750.0912000000022
297.9,747.2579999999971
298.0,990.3124000001258
298.1,754.222400000473
298.2,716.1183999999993
298.3,685.2091999999841
298.4,742.2976237624421
298.5,741.066599999992
298.6,751.0313999999828
298.7,748.4347999999966
298.8,703.9420000000653
298.9,745.962100000038
299.0,753.22
299.1,743.7196000000141
299.2,736.0881999999951
299.3,743.8083168316724
299.4,438.88519999967605
299.5,613.6778000002375
299.6,663.5197999999839
299.7,685.8298000000214
299.8,735.8767999999432
299.9,699.948199999954
300.0,754.7714000000655
300.1,752.517600000015
300.2,762.5585148515006
300.3,769.9129999999951
300.4,730.2609999999457
300.5,737.5074999999865
300.6,717.1340000000306
300.7,749.011000000048
300.8,750.3095000000047
300.9,689.58849999992
301.0,728.4914999999537
301.1,738.3674999999985
301.2,763.9397465346949
301.3,740.0100000000186
301.4,754.0096000000317
301.5,772.3947999999905
301.6,771.5948000000039
301.7,773.992800000005
301.8,770.6068000000025
301.9,773.1260000000053
302.0,732.3968000000268
302.1,755.7912871286861
302.2,767.805499999998
302.3,770.5469999999987
302.4,772.6296000000034
302.5,736.1546000000131
302.6,786.2949999999527
302.7,774.7455000000083
302.8,473.27650000024386
302.9,592.4623000003451
303.0,614.2485148514868
303.1,679.7369999999619
303.2,685.4984000000005
303.3,583.4100000000554
303.4,624.5080000001399
303.5,714.2081999999958
303.6,630.1558000000558
303.7,601.8426000000004
303.8,674.1979999999592
303.9,648.6963148514768
304.0,572.9035000000185
304.1,624.9601999999811
304.2,719.2180000000199
304.3,630.3822000000301
304.4,607.1578000000005
304.5,681.2308999999793
304.6,645.177700000015
304.7,571.8875999999847
304.8,623.6773999999815
304.9,732.2317821782644
305.0,632.954
305.1,611.854
305.2,698.1480000000477
305.3,652.25
305.4,575.1459999999656
305.5,621.6899999999999
305.6,727.156
305.7,629.2779999999316
305.8,609.5958415841608
305.9,713.8371000000906
306.0,661.9305999999773
306.1,578.4631000001242
306.2,624.694500000018
306.3,722.9280000000234
306.4,627.3639999998954
306.5,612.0079000000045
306.6,618.9749999999945
306.7,576.2278524752255
306.8,616.0312000000303
306.9,702.617200000088
307.0,641.0879999999523
307.1,603.7048000000242
307.2,665.6268000000384
307.3,681.0631999999982
307.4,605.1417999999081
307.5,636.4038000000305
307.6,713.6523999998944
307.7,646.3195049504264
307.8,605.2078000000223
307.9,663.9504000000563
308.0,682.5757999999996
308.1,608.5346000001026
308.2,637.3470000000451
308.3,718.5312999999085
308.4,634.7057999999082
308.5,592.7073999999902
308.6,654.003762376164
308.7,669.990399999995
308.8,592.5660000000819
308.9,618.4240000000597
309.0,692.66960000007
309.1,627.4412000000902
309.2,591.1451999999882
309.3,660.5035999999219
309.4,780.0164000001157
309.5,624.8097782179755
309.6,719.6006683165955
309.7,695.2024999998843
309.8,596.3025000000557
309.9,633.815000000094
310.0,706.7624999999604
310.1,627.3800000001468
310.2,610.935000000024
310.3,722.8824999999192
310.4,683.1474999998859
310.5,593.6168316832012
310.6,636.6293999999197
310.7,707.8823999999793
310.8,629.619400000117
310.9,616.709800000038
311.0,723.5783999999571
311.1,686.0108000000893
311.2,596.7146000000274
311.3,641.884199999917
311.4,689.2147524752963
311.5,604.9713000000087
311.6,607.2905999999657
311.7,706.5957999999921
311.8,661.7987000000714
311.9,583.8161999998918
312.0,627.7673999999942
312.1,653.4917999999975
312.2,586.0863000000064
312.3,425.2629702971259
312.4,524.7248000000383
312.5,634.7399999999677
312.6,639.6440000000096
312.7,633.424
312.8,713.4347999999494
312.9,668.0307999999807
313.0,601.803600000023
313.1,649.441999999961
313.2,671.1748594059404
313.3,602.2279702970573
313.4,624.9757000000305
313.5,713.2678999999782
313.6,665.7355000000241
313.7,602.9676999999805
313.8,652.0688999999801
313.9,675.702099999999
314.0,636.3631000000124
314.1,618.6872000000006
314.2,585.6085148514575
314.3,572.016
314.4,679.805000000105
314.5,730.764
314.6,747.6289999999663
314.7,755.842
314.8,739.315
314.9,707.9359999999767
315.0,723.409
315.1,735.1122772277214
315.2,907.8203000000568
315.3,764.9215999999274
315.4,684.4810000000251
315.5,715.2519000000074
315.6,747.5065999999568
315.7,736.4939999999931
315.8,724.7722999999992
315.9,694.1044999999599
316.0,730.2386792079371
316.1,744.858015841597
316.2,743.1456000000012
316.3,738.8728000000083
316.4,755.0920000000125
316.5,735.5923999999811
316.6,724.3843999999967
316.7,667.127999999961
316.8,645.8603999999901
316.9,663.2476000000097
317.0,666.9393069306902
317.1,726.4100999999234
317.2,766.4665000000102
317.3,740.1914000000392
317.4,731.8282000000071
317.5,757.6848000000227
317.6,760.4254000000104
317.7,759.4622000000031
317.8,766.2058999999934
317.9,736.0196039603554
318.0,753.8915999999691
318.1,525.3678000005091
318.2,400.3578000000026
318.3,580.2987999998396
318.4,672.2161999999996
318.5,699.0243999999758
318.6,762.5617999998974
318.7,767.9043999999722
318.8,763.0417089108878
318.9,773.5955495049636
319.0,763.1360000000077
319.1,774.5564999999664
319.2,743.3784999999274
319.3,755.193499999982
319.4,749.6279999999581
319.5,747.9259999999941
319.6,760.284499999989
319.7,753.6409999999825
319.8,759.0032673267298
319.9,724.3235999999133
320.0,765.9015999999908
320.1,661.8684000001995
320.2,691.8495999999845
320.3,660.3256000001318
320.4,615.9672000000166
320.5,685.1315999999908
320.6,667.9536000000762
320.7,589.5528712871236
320.8,613.0301999999444
320.9,708.7200000001656
321.0,658.4014999999777
321.1,614.7738999999908
321.2,696.4447000000193
321.3,677.1911000000696
321.4,592.6624999998818
321.5,614.0780000000124
321.6,705.7463366336094
321.7,656.0643999999421
321.8,610.9889999999937
321.9,700.5604000000557
322.0,686.2792000000484
322.1,595.9972000000366
322.2,620.8704000000366
322.3,705.5845999999628
322.4,651.1633999999435
322.5,609.4456752475191
322.6,710.9174762375885
322.7,696.492199999919
322.8,597.7292000000189
322.9,623.9259000000634
323.0,700.1200999999857
323.1,644.9522000000297
323.2,610.0228000000175
323.3,710.9105999999663
323.4,694.9877999999202
323.5,597.2626732673342
323.6,626.631999999858
323.7,685.448
323.8,738.958
323.9,720.221999999929
324.0,634.91
324.1,636.9059999999134
324.2,706.5219999999999
324.3,663.176
324.4,609.8081188118726
324.5,654.6640000000186
324.6,685.0815000000057
324.7,682.5215999999998
324.8,626.6378999999786
324.9,629.5796000000817
325.0,707.6424000000189
325.1,675.7754000001247
325.2,614.8408999999942
325.3,652.9735207919994
325.4,682.860794059402
325.5,626.4305999999584
325.6,630.2597999999371
325.7,693.7260000000258
325.8,650.6602000000996
325.9,597.160799999996
326.0,639.7566000000363
326.1,666.8916000000095
326.2,610.9587287128195
326.3,613.6783207920352
326.4,680.318600000043
326.5,652.4576999999342
326.6,612.1670999999988
326.7,623.9783000000132
326.8,582.5089000000536
326.9,593.1764000000577
327.0,709.3941000000957
327.1,704.5218000000701
327.2,608.5766336632997
327.3,618.2311999999703
327.4,697.7724000000708
327.5,661.9664000000455
327.6,616.000799999978
327.7,701.934400000128
327.8,704.3264000000387
327.9,611.8147999999258
328.0,627.6575999999664
328.1,698.6742574256755
328.2,652.6279999998544
328.3,616.9879999999954
328.4,702.5100000001397
328.5,703.0230000000114
328.6,603.4555000001133
328.7,609.9605000001061
328.8,675.4184999999951
328.9,628.4219999998631
329.0,604.2812871287141
329.1,686.6731999999035
329.2,681.8641999999865
329.3,600.6680000000598
329.4,620.279800000126
329.5,585.7983999999806
329.6,538.8815999999686
329.7,652.7260000000247
329.8,735.9216000000004
329.9,648.7218811878795
330.0,628.1406000000402
330.1,691.8646999999809
330.2,640.3281999999529
330.3,621.051099999951
330.4,706.9608000001565
330.5,700.7888999999618
330.6,617.3525000000476
330.7,631.6075000000343
330.8,683.908770297016
330.9,633.1456118811299
331.0,619.3427999999644
331.1,706.7439999999564
331.2,752.8364
331.3,662.1196000000793
331.4,610.210400000039
331.5,657.918799999984
331.6,710.4819999999688
331.7,716.6525504950168
331.8,717.222349504934
331.9,714.2755999999536
332.0,687.6314000000004
332.1,704.9116999999919
332.2,735.1706000000223
332.3,741.8706000000025
332.4,720.939699999973
332.5,537.1649000000752
332.6,510.09959999993976
332.7,623.0697029702635
332.8,657.91
332.9,737.2250000000636
333.0,744.13
333.1,725.6099999999943
333.2,706.985
333.3,719.44
333.4,743.354999999978
333.5,739.515
333.6,753.7857425742403
333.7,739.4773999999894
333.8,722.2549999999881
333.9,837.1752000000502
334.0,811.8466999999362
334.1,660.0857000000151
334.2,684.0924000000152
334.3,712.7304000000098
334.4,713.5974000000031
334.5,718.0863029702957
334.6,706.7331881188238
334.7,697.9224000000008
334.8,729.1879999999599
334.9,763.4880000000014
335.0,763.3239999999984
335.1,737.3664000000318
335.2,740.7732000000278
335.3,667.5068000001395
335.4,552.7975999999993
335.5,608.7848514850872
335.6,667.9445000000121
335.7,692.2310000000411
335.8,748.1599999999803
335.9,773.2394999999972
336.0,776.4778999999955
336.1,783.8319999999959
336.2,766.2548999999725
336.3,747.9584999999975
336.4,735.5756435643299
336.5,750.0751999999903
336.6,769.4682000000564
336.7,755.9498000000174
336.8,773.3547999999979
336.9,755.0075999999474
337.0,734.7507999999967
337.1,730.4362000000513
337.2,734.6374000000484
337.3,704.5756435643593
337.4,634.6455000000009
337.5,658.1425000000058
337.6,681.2315000000128
337.7,630.0809999999886
337.8,606.7609999999203
337.9,680.0775000000876
338.0,671.8444999999872
338.1,605.3390000000115
338.2,639.277712871307
338.3,672.2623009901326
338.4,613.5059999998819
338.5,600.5796000000294
338.6,681.5383999999262
338.7,676.2895999999581
338.8,610.2908000000032
338.9,645.7084000001158
339.0,668.4755999999795
339.1,599.1176277228419
339.2,589.7340811881753
339.3,686.8207999999294
339.4,684.0460999999117
339.5,608.6774999999895
339.6,656.9084999999372
339.7,676.8162999999536
339.8,599.1236000000548
339.9,591.2362000000543
340.0,687.5741999999271
340.1,687.550891089192
340.2,608.9036000000074
340.3,649.0717999999619
340.4,673.0621999999494
340.5,608.541800000033
340.6,598.9955999999647
340.7,687.6712000000898
340.8,688.2028000000646
340.9,613.2722000000155
341.0,684.3479207920271
341.1,664.931100000296
341.2,535.990799999988
341.3,626.3406999999672
341.4,678.5861999999107
341.5,620.0132000000062
341.6,636.8131999999066
341.7,682.1634000000013
341.8,642.7955000000201
341.9,618.717489108994
342.0,689.1852277227727
342.1,688.5720000001018
342.2,613.9259999999999
342.3,635.4699999999999
342.4,683.4299999999952
342.5,644.96
342.6,618.1779999999369
342.7,690.15
342.8,688.7993663366335
342.9,614.7474277227562
343.0,640.9650000000186
343.1,682.2365000000143
343.2,632.3153999999786
343.3,601.1759999999556
343.4,669.4262000000158
343.5,669.6251999999754
343.6,602.0602000000025
343.7,628.4418000000168
343.8,656.0123762376488
343.9,602.492199999969
344.0,575.188000000018
344.1,592.8810000000074
344.2,576.2711999999935
344.3,607.4781999999568
344.4,688.8826000000192
344.5,667.0465999999425
344.6,608.4237999999788
344.7,683.9636633663981
344.8,719.6428000000155
344.9,628.5022999999453
345.0,612.5871999999852
345.1,688.3427999999277
345.2,670.6163999999146
345.3,613.2313999999908
345.4,690.1438000000742
345.5,720.0368000000166
345.6,628.9028712872323
345.7,610.4816000000644
345.8,655.5336
345.9,668.9380000000351
346.0,650.5863999999891
346.1,593.633599999926
346.2,667.0672000000977
346.3,700.383999999991
346.4,611.7667999999355
346.5,598.106217821798
346.6,662.7465792078967
346.7,634.9724999999596
346.8,649.6549999997019
346.9,730.2069999997078
347.0,591.2505000000274
347.1,642.493500000003
347.2,619.1414999999789
347.3,607.0749999999084
347.4,684.8940000000828
347.5,687.3949504949946
347.6,609.4361999999824
347.7,670.2476000000835
347.8,725.5886000001011
347.9,624.5615999998892
348.0,602.587400000055
348.1,686.4833999999399
348.2,686.0675999999236
348.3,609.4993999999765
348.4,674.4659405941545
348.5,727.5070000000853
348.6,620.0818000000488
348.7,591.4385000000492
348.8,642.6812999999751
348.9,693.2932000000665
349.0,739.1814000000146
349.1,725.6054999999984
349.2,712.8909999999635
349.3,706.7316831682747
349.4,738.6967999999484
349.5,710.5279999999943
349.6,732.6431999999805
349.7,750.0431999999602
349.8,612.7148000001599
349.9,460.12240000029504
350.0,637.5880000000091
350.1,656.5667999999539
350.2,719.7412039603745
350.3,716.352244554449
350.4,736.8097999999995
350.5,737.7196999999991
350.6,740.5945999999994
350.7,728.817400000009
350.8,719.5296999999869
350.9,750.2963999999604
351.0,729.0630000000006
351.1,736.8092940593772
351.2,831.8991287128337
351.3,912.338
351.4,711.1039999999962
351.5,712.887
351.6,719.7910000000028
351.7,726.807
351.8,749.4
351.9,750.636000000011
352.0,755.288
352.1,742.9825742574498
352.2,731.516700000013
352.3,764.0358000000122
352.4,746.1681000000016
352.5,758.3158000000057
352.6,748.3444000000412
352.7,666.1023999999887
352.8,644.5951999999797
352.9,674.4289999999972
353.0,699.1692079208256
353.1,759.3464000000145
353.2,723.102000000034
353.3,759.6552000000112
353.4,728.7988000000216
353.5,765.3844000000037
353.6,772.1295999999994
353.7,772.8519999999969
353.8,752.8932000000099
353.9,734.9815643564747
354.0,774.3517118811847
354.1,741.0515999999442
354.2,767.5780000000022
354.3,769.5038
354.4,768.407700000001
354.5,764.2908999999987
354.6,671.0187000004667
354.7,502.8441000001159
354.8,632.0175000000013
354.9,668.0014851485752
355.0,697.8017999999629
355.1,610.3622000000062
355.2,628.9280000000767
355.3,678.7519999999846
355.4,622.5609999999284
355.5,584.9546000000253
355.6,634.6988000000465
355.7,609.4708
355.8,609.4965346534653
355.9,615.4525000000276
356.0,614.3249999999562
356.1,577.8524999999028
356.2,667.2325000000574
356.3,709.1725000001536
356.4,609.4275000000068
356.5,637.6700000000537
356.6,690.0225000000847
356.7,615.5533663365869
356.8,578.7083999999255
356.9,666.7168000000879
357.0,714.1928000001292
357.1,607.4403999999954
357.2,636.7892000000872
357.3,700.3588000000661
357.4,645.2872000000004
357.5,645.2604000000017
357.6,668.175999999908
357.7,710.9866336632417
357.8,605.2649999999894
357.9,648.1258000001437
358.0,726.7993000000738
358.1,625.4782000000537
358.2,587.8318000001066
358.3,600.0113000001916
358.4,428.36200000020665
358.5,564.8830000000368
358.6,548.5228712870032
358.7,641.9013999999833
358.8,652.9918000000365
358.9,604.4366000000845
359.0,669.6633999999684
359.1,701.9292000000952
359.2,622.0452000000045
359.3,631.1625999999653
359.4,687.0435999999781
359.5,655.0576237624113
359.6,601.3386999999511
359.7,670.9451999999841
359.8,702.6331000000257
359.9,611.977899999989
360.0,624.3193999999805
360.1,685.4921000000204
360.2,642.8269000000214
360.3,582.9951999999844
360.4,652.0442574258541
360.5,687.28
360.6,606.7180000000033
360.7,616.944
360.8,672.404000000018
360.9,624.39
361.0,574.4780000000001
361.1,655.8059999999618
361.2,687.756
361.3,550.6196633663224
361.4,581.5419237623795
361.5,635.2714999999896
361.6,603.3372999999941
361.7,650.790700000029
361.8,734.9152000000207
361.9,637.6450999999814
362.0,587.290800000019
362.1,669.5049999999841
362.2,707.7813999999707
362.3,606.8916831683139
362.4,648.9464000000676
362.5,750.2843999999948
362.6,642.6604000001478
362.7,592.9152000000427
362.8,679.1266000000023
362.9,700.1891999999448
363.0,602.0400000000004
363.1,633.8013999997495
363.2,727.6510891088584
363.3,625.802199999976
363.4,574.477400000065
363.5,660.2573000000117
363.6,672.0299000001982
363.7,578.2478000000384
363.8,644.2863000000335
363.9,716.475099999912
364.0,603.3932999999895
364.1,572.8709485148537
364.2,565.9028000000004
364.3,570.1663999999696
364.4,588.8739999999999
364.5,586.1867999999911
364.6,584.7855999998953
364.7,661.0856000000406
364.8,706.7580000001435
364.9,617.6139999999956
365.0,626.0120000000425
365.1,685.267425742626
365.2,640.2204999999364
365.3,583.5359999999147
365.4,659.5585000000929
365.5,712.312499999912
365.6,617.856500000003
365.7,627.4035000000628
365.8,684.441500000076
365.9,616.7844999999174
366.0,564.8455445545096
366.1,585.9972000002256
366.2,371.89779999999405
366.3,366.85940000000073
366.4,366.1211999999996
366.5,365.65500000000065
366.6,365.0239999999999
366.7,365.1128
366.8,365.0320000000006
366.9,364.42399801980196
367.0,364.3913
367.1,364.3844000000001
367.2,364.34500000000065
367.3,364.71630000000033
367.4,364.2665999999998
367.5,364.01900000000046
367.6,363.41
367.7,363.4386000000003
367.8,363.6274
367.9,362.53138613860284
368.0,355.0284000000008
368.1,353.4780000000004
368.2,353.1431999999993
368.3,354.5312000000001
368.4,354.33320000000015
368.5,354.4036000000001
368.6,354.2231999999999
368.7,354.32
368.8,354.329504950495
368.9,354.39119999999986
369.0,354.3288
369.1,354.3912
369.2,354.309
369.3,354.20790000000005
369.4,354.11
369.5,354.13419999999996
369.6,354.2585000000003
369.7,353.7006930693069
369.8,353.883
369.9,354.00300000000004
370.0,354.014
370.1,353.87
370.2,353.85900000000004
370.3,353.76300000000003
370.4,353.798
370.5,353.87
370.6,353.87
370.7,353.86207920792083
370.8,353.79
370.9,353.7873
371.0,353.769
371.1,353.87710000000004
371.2,354.0266
371.3,353.7972
371.4,353.83129999999994
371.5,353.44
371.6,353.4569306930693
371.7,353.6468000000001
371.8,353.8424
371.9,353.86119999999994
372.0,353.76
372.1,353.7576000000001
372.2,353.6939999999998
372.3,353.3184000000001
372.4,353.7407999999999
372.5,353.5374257425743
372.6,353.77709999999917
372.7,354.21959999999956
372.8,353.5724000000002
372.9,353.84759999999983
373.0,353.55910000000006
373.1,353.7002999999995
373.2,353.9321999999996
373.3,353.4475000000001
373.4,353.6765900990099
373.5,353.63
373.6,353.6252000000001
373.7,353.54819999999995
373.8,353.51460000000014
373.9,353.4486000000003
374.0,353.7189999999997
374.1,353.3995999999998
374.2,353.55480000000006
374.3,353.61860000000024
374.4,353.44653465346545
374.5,353.5419999999998
374.6,353.3855000000001
374.7,353.31650000000036
374.8,353.6260000000001
374.9,353.5685000000004
375.0,353.9079999999998
375.1,353.66550000000035
375.2,353.39800000000014
375.3,353.55
375.4,353.53559999999953
375.5,353.21599999999944
375.6,353.8316000000002
375.7,353.6203999999997
375.8,353.40399999999966
375.9,353.72599999999954
376.0,353.39
376.1,353.3995999999998
376.2,353.6383168316834
376.3,353.82380000000035
376.4,353.30660000000034
376.5,353.5176000000001
376.6,353.44179999999994
376.7,353.5093000000005
376.8,353.7893000000005
376.9,353.13200000000063
377.0,353.5194
377.1,353.5015326732673
377.2,353.5523762376239
377.3,353.62260000000015
377.4,353.2696000000009
377.5,353.7330000000002
377.6,353.39479999999986
377.7,353.63
377.8,353.61860000000024
377.9,353.06660000000056
378.0,353.39217821782177
378.1,353.49890000000005
378.2,353.3934999999999
378.3,353.73760000000004
378.4,353.4970999999994
378.5,353.2139999999999
378.6,353.60780000000005
378.7,353.3913
378.8,353.5187
378.9,353.3875999999995
379.0,353.15108910891087
379.1,353.26
379.2,353.61
379.3,353.39
379.4,353.5
379.5,353.39
379.6,353.63
379.7,353.5
379.8,353.65
379.9,353.5
380.0,353.3910891089109
380.1,353.2811000000002
380.2,353.38890000000004
380.3,353.39
380.4,353.0137999999999
380.5,353.0793
380.6,353.3868999999994
380.7,353.4098
380.8,353.26149999999996
380.9,352.9757425742573
381.0,353.59720000000027
381.1,353.15920000000085
381.2,353.3852000000001
381.3,353.26259999999996
381.4,352.8679999999998
381.5,352.7718
381.6,353.00519999999955
381.7,353.27460000000013
381.8,353.0654673267328
381.9,352.8659405940592
382.0,353.14130000000023
382.1,353.2954999999998
382.2,353.1932999999999
382.3,352.9960000000003
382.4,352.77659999999986
382.5,353.37140000000045
382.6,352.9147000000007
382.7,353.3753000000003
382.8,353.30356435643574
382.9,353.3864000000001
383.0,353.0539999999997
383.1,353.07839999999993
383.2,353.25280000000015
383.3,353.4903999999997
383.4,353.1639999999997
383.5,352.9963999999999
383.6,353.14359999999976
383.7,353.25455445544566
383.8,353.3644999999999
383.9,353.49350000000015
384.0,353.22450000000026
384.1,353.48549999999966
384.2,353.11999999999955
384.3,353.3754999999997
384.4,353.1144999999997
384.5,353.1
384.6,353.0642574257426
384.7,353.2480534653468
384.8,353.0720000000002
384.9,352.7873999999996
385.0,353.08019999999976
385.1,353.14699999999993
385.2,352.7927999999995
385.3,353.23059999999964
385.4,352.9215999999995
385.5,353.17259999999976
385.6,353.0224752475249
385.7,352.78680000000014
385.8,352.93739999999985
385.9,353.0523000000002
386.0,353.06
386.1,353.1157999999999
386.2,352.98050000000006
386.3,353.2396999999998
386.4,353.15769999999986
386.5,353.269702970297
386.6,352.79240000000027
386.7,353.0351999999999
386.8,353.36359999999985
386.9,352.98519999999917
387.0,352.7844
387.1,352.85279999999995
387.2,353.12679999999995
387.3,353.10400000000004
387.4,353.0453465346535
387.5,352.79421980198026
387.6,353.1157999999999
387.7,353.0499
387.8,352.91260000000005
387.9,353.264
388.0,353.11800000000005
388.1,353.2819999999999
388.2,353.2818
388.3,352.8159000000001
388.4,353.1033663366337
388.5,353.221
388.6,353.131
388.7,353.201
388.8,352.994
388.9,352.889
389.0,352.781
389.1,352.986
389.2,353.01
389.3,352.8763366336633
389.4,353.0736000000001
389.5,353.1
389.6,353.1
389.7,352.8864
389.8,352.9579
389.9,353.0857000000001
390.0,353.0199
390.1,353.1078999999998
390.2,353.02306930693067
390.3,352.7019999999998
390.4,352.87120000000016
390.5,352.78559999999993
390.6,352.77
390.7,352.9460000000001
390.8,353.00520000000006
390.9,352.7811999999998
391.0,352.9612000000001
391.1,352.91080000000017
391.2,353.1091089108912
391.3,353.0269000000002
391.4,352.9926
391.5,352.79859999999985
391.6,352.8482999999999
391.7,353.18190000000027
391.8,352.9081000000005
391.9,352.78169999999994
392.0,353.0571000000002
392.1,353.1
392.2,352.9881999999999
392.3,352.8754000000001
392.4,353.0664000000002
392.5,352.7989999999997
392.6,352.8445999999999
392.7,352.97180000000014
392.8,353.0673999999999
392.9,353.28640000000024
393.0,352.92831683168356
393.1,352.95349999999985
393.2,353.0635000000001
393.3,353.08
393.4,353.2840000000003
393.5,353.02250000000026
393.6,352.89350000000013
393.7,352.9565000000001
393.8,353.1739999999998
393.9,352.8389455445539
394.0,352.77
394.1,352.9379999999998
394.2,352.97
394.3,352.97
394.4,353.06240000000014
394.5,353.08
394.6,353.2815999999998
394.7,352.9335999999994
394.8,352.86
394.9,353.16713366336694
395.0,353.0308000000001
395.1,353.28049999999973
395.2,353.0329000000001
395.3,353.0612999999999
395.4,352.9471999999997
395.5,353.2519999999999
395.6,353.0295000000002
395.7,352.97
395.8,352.8796039603961
395.9,352.9830000000003
396.0,352.887
396.1,352.86
396.2,353.0568
396.3,352.82940000000013
396.4,352.93400000000037
396.5,353.16679999999997
396.6,353.0296000000001
396.7,352.81138613861384
396.8,352.94819999999993
396.9,353.0953
397.0,352.90940000000006
397.1,353.0867999999999
397.2,353.01849999999996
397.3,352.90090000000004
397.4,352.98530000000005
397.5,353.0829
397.6,352.90560000000005
397.7,352.86
397.8,353.14
397.9,352.92999999999984
398.0,352.788
398.1,352.842
398.2,352.77199999999993
398.3,353.062
398.4,352.52399999999966
398.5,352.602
398.6,352.74712871287113
398.7,353.0307000000001
398.8,353.11580000000004
398.9,352.82769999999977
399.0,353.02650000000006
399.1,353.02890000000014
399.2,353.3181000000001
399.3,353.0760999999999
399.4,352.99
399.5,353.01346534653464
399.6,352.99660000000006
399.7,353.2396000000001
399.8,353.1461999999999
399.9,352.87379999999973
400.0,353.1220000000002
400.1,353.2723999999999
400.2,353.0715999999999
400.3,353.16600000000005
400.4,353.04009900990076
400.5,352.99
400.6,353.1516999999998
400.7,353.12299999999993
400.8,353.0307000000001
400.9,353.07930000000005
401.0,352.94599999999986
401.1,353.1386999999997
401.2,353.05599999999987
401.3,353.0792999999999
401.4,352.9170297029701
401.5,352.8752
401.6,352.8952
401.7,352.9684000000001
401.8,352.78480000000025
401.9,352.67439999999993
402.0,353.1388000000006
402.1,353.06200000000024
402.2,353.1572000000002
402.3,352.9466336633666
402.4,353.04000000000025
402.5,353.01750000000004
402.6,352.8250000000003
402.7,352.9500000000003
402.8,352.8975000000001
402.9,353.1975000000005
403.0,353.08500000000015
403.1,352.83000000000027
403.2,353.0157178217822
403.3,353.1
403.4,353.24060000000026
403.5,352.97180000000014
403.6,352.71200000000016
403.7,352.91899999999987
403.8,353.2985999999996
403.9,353.0299999999993
404.0,352.9
404.1,352.9
404.2,352.9
404.3,353.1189999999998
404.4,352.82039999999915
404.5,352.8114
404.6,353.33449999999954
404.7,353.14500000000004
404.8,353.0756999999999
404.9,352.9247999999996
405.0,353.19579999999996
405.1,353.081485148515
405.2,352.99
405.3,352.8604000000001
405.4,352.93960000000004
405.5,353.36439999999976
405.6,353.2148000000002
405.7,352.84799999999996
405.8,353.00199999999984
405.9,352.7831999999999
406.0,352.89588910891075
406.1,352.9116415841585
406.2,352.6598999999999
406.3,352.8823999999999
406.4,353.01
406.5,353.01
406.6,352.6337000000001
406.7,352.93440000000027
406.8,353.0419
406.9,353.01
407.0,352.8412871287129
407.1,352.9379999999996
407.2,353.01
407.3,353.01
407.4,353.07300000000004
407.5,352.869
407.6,352.9379999999996
407.7,353.15
407.8,352.96500000000003
407.9,352.93623762376245
408.0,352.83199999999994
408.1,352.9355999999997
408.2,353.01
408.3,352.92029999999994
408.4,353.0456000000002
408.5,353.04409999999996
408.6,353.01
408.7,352.90649999999994
408.8,352.79789999999997
408.9,352.75668514851486
409.0,353.0764000000002
409.1,353.0532000000003
409.2,353.07200000000006
409.3,352.95680000000027
409.4,353.10440000000017
409.5,353.13519999999994
409.6,353.22239999999977
409.7,352.99527524752455
409.8,352.72570594059425
409.9,352.8945000000002
410.0,353.01
410.1,353.01
410.2,352.98319999999995
410.3,353.0570999999999
410.4,353.1
410.5,352.9391999999998
410.6,352.94709999999986
410.7,352.8440594059404
410.8,353.06039999999973
410.9,352.9195999999996
411.0,352.77
411.1,352.92839999999967
411.2,352.91099999999983
411.3,353.0183999999999
411.4,352.94159999999977
411.5,352.80060000000003
411.6,352.828811881188
411.7,352.93150000000014
411.8,353.3209999999998
411.9,353.37349999999975
412.0,353.0140000000001
412.1,353.0809999999996
412.2,353.0764999999998
412.3,353.0685
412.4,352.8724999999996
412.5,352.71782178217825
412.6,352.9687999999996
412.7,352.95360000000005
412.8,353.01359999999977
412.9,353.17040000000014
413.0,353.1396
413.1,352.8760000000003
413.2,352.76279999999997
413.3,352.7572
413.4,352.9740000000005
413.5,352.9479207920792
413.6,352.9859999999999
413.7,353.04740000000004
413.8,352.8699000000002
413.9,352.82670000000013
414.0,353.08050000000003
414.1,353.14070000000004
414.2,352.96139999999997
414.3,352.7981000000001
414.4,352.83108910891093
414.5,352.86760000000004
414.6,353.0769999999998
414.7,352.9929999999998
414.8,352.94059999999996
414.9,352.92179999999996
415.0,352.79940000000005
415.1,352.83059999999995
415.2,352.79939999999993
415.3,352.76227722772273
415.4,352.77
415.5,352.77
415.6,352.7029
415.7,352.78200000000015
415.8,352.96979999999996
415.9,352.8203999999998
416.0,352.78979999999996
416.1,352.86
416.2,352.92643564356445
416.3,352.97
416.4,352.97
416.5,352.904
416.6,352.87199999999996
416.7,352.868
416.8,352.74
416.9,352.55199999999985
417.0,352.534
417.1,352.8736237623756
417.2,352.8962881188118
417.3,352.6637999999999
417.4,352.5782
417.5,352.57
417.6,352.7410999999997
417.7,353.0547000000001
417.8,352.9421999999999
417.9,352.7582
418.0,352.69689999999997
418.1,352.7125742574257
418.2,352.70939999999996
418.3,352.84819999999974
418.4,352.90619999999996
418.5,352.9238
418.6,352.97
418.7,352.97
418.8,352.80180000000024
418.9,352.7844000000001
419.0,352.6934653465345
419.1,352.7352999999998
419.2,352.86
419.3,353.0594999999998
419.4,353.0731999999998
419.5,353.0327000000001
419.6,352.95460000000014
419.7,352.86
419.8,352.86
419.9,352.809207920792
420.0,352.6076000000001
420.1,352.6423999999996
420.2,352.77
420.3,352.82039999999995
420.4,352.75919999999985
420.5,352.7192
420.6,352.75
420.7,352.82280000000014
420.8,352.75801980198025
420.9,352.89140099009944
421.0,353.0195
421.1,352.9095000000001
421.2,352.86
421.3,352.981
421.4,352.8984999999997
421.5,352.8105
421.6,352.98099999999977
421.7,353.0194999999999
421.8,352.81207920792076
421.9,352.68
422.0,352.68
422.1,352.6746
422.2,352.83200000000005
422.3,352.8620000000002
422.4,352.82940000000013
422.5,352.7612
422.6,352.7193999999999
422.7,352.82881188118813
422.8,352.9859999999999
422.9,353.02169999999984
423.0,352.8268999999999
423.1,352.7847999999999
423.2,352.8017
423.3,352.8082999999999
423.4,352.86
423.5,352.7539999999999
423.6,352.71772277227717
423.7,352.6191999999998
423.8,352.5268
423.9,352.72080000000017
424.0,352.7664000000001
424.1,352.63320000000004
424.2,352.73040000000015
424.3,352.86
424.4,352.81319999999994
424.5,352.77
424.6,352.7250702970297
424.7,352.77180000000016
424.8,352.86
424.9,352.9161000000001
425.0,352.86800000000005
425.1,352.81589999999994
425.2,352.8702
425.3,352.82390000000004
425.4,352.8261000000001
425.5,352.92544554455446
425.6,352.91500000000013
425.7,352.76
425.8,352.71500000000003
425.9,352.71499999999986
426.0,352.71500000000003
426.1,352.8149999999999
426.2,352.97
426.3,352.88
426.4,352.7691089108913
426.5,352.80609999999996
426.6,352.85779999999977
426.7,352.87199999999996
426.8,352.4858000000005
426.9,352.2782
427.0,352.7081000000002
427.1,352.96200000000016
427.2,352.86
427.3,352.86926633663364
427.4,352.9242297029703
427.5,352.92679999999996
427.6,352.83680000000004
427.7,352.8764000000001
427.8,352.92680000000007
427.9,352.8704
428.0,352.81679999999994
428.1,352.6308000000002
428.2,352.61920000000015
428.3,352.8127722772277
428.4,352.86
428.5,352.91169999999994
428.6,352.97
428.7,352.91829999999993
428.8,352.7754000000001
428.9,352.7740000000001
429.0,352.73430000000013
429.1,352.8002999999992
429.2,352.9669306930691
429.3,352.68520000000007
429.4,352.6042000000002
429.5,352.75
429.6,352.80059999999986
429.7,352.80939999999987
429.8,352.8006
429.9,352.81859999999995
430.0,352.7378
430.1,352.82338019801944
430.2,352.9205
430.3,352.86
430.4,352.86
430.5,352.68899999999996
430.6,352.70049999999947
430.7,353.0195
430.8,352.94950000000034
430.9,352.79
431.0,352.79
431.1,352.9192079207918
431.2,352.9523999999999
431.3,352.8779999999998
431.4,352.9327999999998
431.5,352.73239999999987
431.6,352.6183999999999
431.7,352.88680000000016
431.8,352.89480000000054
431.9,352.6668000000003
432.0,352.79
432.1,352.7728
432.2,352.8575000000002
432.3,468.05509999981746
432.4,621.8256000000018
432.5,665.2343999999338
432.6,721.0042999999993
432.7,701.6193999999715
432.8,674.7515000000006
432.9,694.1560396039891
433.0,719.6078000000011
433.1,732.2715999999848
433.2,862.2214000002273
433.3,861.0728000001665
433.4,675.5632000000553
433.5,717.4101999999948
433.6,705.1330000000204
433.7,709.1752000000619
433.8,749.4158000000015
433.9,749.645247524757
434.0,750.7800000000009
434.1,728.596500000056
434.2,727.129999999985
434.3,739.9284000000146
434.4,718.9888000000453
434.5,757.549099999992
434.6,733.1991000001282
434.7,651.983100000009
434.8,671.210891089095
434.9,729.7919999999888
435.0,733.978
435.1,747.1360000000013
435.2,758.246
435.3,774.892
435.4,762.971999999966
435.5,753.4259999999999
435.6,754.4640000000162
435.7,745.2276237623765
435.8,729.7569000000299
435.9,729.2857000000158
436.0,625.985799999915
436.1,509.0714999998122
436.2,699.0540000000094
436.3,734.449099999983
436.4,744.0671999999964
436.5,743.258000000005
436.6,759.1274891089075
436.7,766.798433663371
436.8,772.8952000000004
436.9,773.5122000000015
437.0,774.7907999999992
437.1,750.8728000000245
437.2,731.3078000000211
437.3,762.2163999999976
437.4,768.319400000003
437.5,773.0038000000006
437.6,758.3637623762505
437.7,756.1164000000434
437.8,769.9863000000113
437.9,754.2839000000536
438.0,708.7965000000409
438.1,605.7816999997478
438.2,660.1254999999162
438.3,607.7419999999893
438.4,693.0761000000788
438.5,723.0315841584237
438.6,621.9896000001022
438.7,608.908000000088
438.8,682.9740000000031
438.9,659.0275999998851
439.0,605.6056000000069
439.1,691.31959999986
439.2,718.4987999999028
439.3,624.1211999999935
439.4,612.2222930694012
439.5,681.2669207920862
439.6,653.5195000001337
439.7,603.5935000000259
439.8,688.2409999998852
439.9,718.7199999998857
440.0,628.4834999999758
440.1,614.357999999896
440.2,677.3515000000034
440.3,644.1809108912091
440.4,597.452728712984
440.5,684.5044000000563
440.6,710.9878000000972
440.7,622.9257999999695
440.8,619.3785999999184
440.9,676.7325999999924
441.0,639.3971999999414
441.1,600.660599999929
441.2,683.6500000000547
441.3,704.8122772278205
441.4,614.2144999999695
441.5,619.1903999999394
441.6,671.6648000000146
441.7,631.3124999999337
441.8,580.8137999999954
441.9,628.1120000001089
442.0,676.7082000000787
442.1,617.3910999999626
442.2,687.4774257426678
442.3,728.32400000004
442.4,642.7159999999117
442.5,616.9979999999583
442.6,692.734399999981
442.7,683.0543999998697
442.8,618.5531999999764
442.9,688.0800000001166
443.0,732.0748000000406
443.1,644.6365742575185
443.2,615.8693237623534
443.3,692.3719999999909
443.4,683.4679999998414
443.5,617.4998999999885
443.6,680.1123999999161
443.7,713.8161000000208
443.8,626.2553000000178
443.9,600.7434000001235
444.0,674.0921207920721
444.1,661.3958118812831
444.2,601.301
444.3,671.9870000000001
444.4,703.7139999998052
444.5,609.434
444.6,525.6740000001449
444.7,437.53200000000004
444.8,592.59
444.9,611.9429999999322
445.0,582.1656435643565
445.1,626.7939999999337
445.2,700.2727999999721
445.3,610.9138000000034
445.4,628.7524000000183
445.5,683.0238999999976
445.6,649.02050000004
445.7,603.636100000016
445.8,674.0711999999692
445.9,695.5737623762082
446.0,621.4059999999969
446.1,637.5099999999863
446.2,678.9967999999797
446.3,625.8732000000136
446.4,575.6920000000059
446.5,619.6896000000561
446.6,679.9228000000185
446.7,605.0171999999976
446.8,621.5535643564275
446.9,661.088599999966
447.0,606.4247999999955
447.1,578.6274999998723
447.2,662.8465000000648
447.3,697.2948999999912
447.4,605.2359000000056
447.5,606.0348999999987
447.6,622.115599999823
447.7,694.3811881187892
447.8,670.1295227722774
447.9,692.2868000000775
448.0,730.0869999999691
448.1,639.802200000097
448.2,610.419000000081
448.3,681.1168000000058
448.4,665.4915999998983
448.5,602.2612000000239
448.6,682.5135999998706
448.7,729.0191089108563
448.8,643.6500000000774
448.9,615.7450000001054
449.0,687.075000000004
449.1,684.7100000000349
449.2,661.8400000000005
449.3,668.589999999972
449.4,658.8474999998717
449.5,613.8875000000901
449.6,734.1533663366275
449.7,738.5892000000005
449.8,740.2491999999954
449.9,743.3323999999974
450.0,744.0067999999881
450.1,740.2960000000518
450.2,705.6652000000292
450.3,733.3287999999981
450.4,660.0407999997445
450.5,474.44574257407356
450.6,639.7867000000005
450.7,659.7284000000952
450.8,728.1314000000006
450.9,730.9155000000159
451.0,745.9655999999893
451.1,759.6109999999954
451.2,753.2791999999466
451.3,719.2604999999868
451.4,740.8256960396366
451.5,754.3606277227912
451.6,725.6679999999852
451.7,726.0948000000238
451.8,756.7157999998518
451.9,935.012199999545
452.0,664.8112000000024
452.1,677.0103999999301
452.2,731.7096000000051
452.3,727.6187999999902
452.4,745.4524752475312
452.5,741.3879000000084
452.6,712.6203999999984
452.7,716.7755999999974
452.8,729.1939999999963
452.9,747.2635000000382
453.0,761.871600000005
453.1,745.4784999999966
453.2,696.8877000000567
453.3,494.6088118812039
453.4,517.092
453.5,683.0459999999999
453.6,696.8679999999572
453.7,767.7180000000001
453.8,756.8899999999837
453.9,775.102
454.0,738.796
454.1,751.7840000000225
454.2,722.8524950495073
454.3,762.1215237623809
454.4,746.1886000000022
454.5,753.0410999999986
454.6,750.719199999997
454.7,762.9102000000004
454.8,754.7945000000101
454.9,725.9785000000135
455.0,767.7548999999926
455.1,744.6960782178193
455.2,744.7820752474911
455.3,689.5960000000014
455.4,699.7875999999642
455.5,635.2357999999999
455.6,637.1841999999788
455.7,665.2812000000467
455.8,724.6259999999936
455.9,611.9188000000028
456.0,634.8260000000046
456.1,702.2440594060782
456.2,625.4210999999493
456.3,578.2114000000249
456.4,647.9246999999986
456.5,639.6364999999886
456.6,610.093099999977
456.7,641.8036000000792
456.8,722.1971999999722
456.9,631.2930999999478
457.0,581.5083168317105
457.1,664.2151999998748
457.2,719.3847999999255
457.3,606.8279999999805
457.4,642.6640000001354
457.5,748.4791999999343
457.6,634.3280000001112
457.7,580.9260000000512
457.8,671.6239999998988
457.9,712.5855009899731
458.0,602.0542277227868
458.1,640.580499999826
458.2,752.4484999999032
458.3,636.8235000000928
458.4,582.7750000001167
458.5,678.2705000000435
458.6,705.0390000001494
458.7,598.0050000000244
458.8,644.153499999848
458.9,706.9028712868461
459.0,433.30519999988206
459.1,545.2709999999971
459.2,576.9180000002162
459.3,741.9792000000825
459.4,652.3791999999135
459.5,591.3017999999346
459.6,665.6007999999189
459.7,724.4995999998667
459.8,617.4858415841427
459.9,648.16230000015
460.0,736.847900000063
460.1,646.8632000000514
460.2,590.9785000000965
460.3,667.7944999999368
460.4,732.051199999837
460.5,624.0608999999926
460.6,648.7643999999202
460.7,739.3150495048368
460.8,654.8512000000344
460.9,597.5972000001211
461.0,673.7039999999727
461.1,711.7084000000895
461.2,605.1283999999939
461.3,631.6027999999442
461.4,728.8759999998593
461.5,639.0948000000369
461.6,577.5657148514274
461.7,656.6664386138501
461.8,695.5891000000096
461.9,646.7539999998156
462.0,555.3388000000002
462.1,563.7863999999597
462.2,638.4861000000005
462.3,640.9592999999903
462.4,678.3554999999911
462.5,663.5055000000216
462.6,579.0054455445544
462.7,595.652
462.8,735.4930000000218
462.9,643.963
463.0,604.329
463.1,678.8240000000025
463.2,660.339
463.3,589.6619999999843
463.4,660.158
463.5,734.610396039604
463.6,721.1323999999969
463.7,603.6328000000151
463.8,662.7145999999998
463.9,645.8019999999804
464.0,573.5196000000155
464.1,642.9352000000018
464.2,704.2601999999727
464.3,594.9077
464.4,602.2117772277415
464.5,667.4703801980045
464.6,610.8856000001076
464.7,541.8975999999174
464.8,390.62880000005447
464.9,586.6796000000706
465.0,721.5539999999733
465.1,631.6551999999951
465.2,643.3724000000525
465.3,741.4839999999721
465.4,641.3665346534293
465.5,576.1909000000423
465.6,648.2458069307648
465.7,606.3279999999999
465.8,607.5745999999674
465.9,637.239800000109
466.0,739.2869999998635
466.1,573.3713999999991
466.2,578.5002000000577
466.3,654.4439999998692
466.4,736.7791999998816
466.5,614.6387128712902
466.6,621.7244999999211
466.7,683.7264999999218
466.8,618.3689999998342
466.9,754.2579999999408
467.0,704.8640000000009
467.1,707.0769999999687
467.2,733.3470000000021
467.3,735.8094999999903
467.4,741.3890099009312
467.5,694.894669306986
467.6,749.155999999861
467.7,886.4227999996971
467.8,658.01
467.9,659.4632000000463
468.0,696.4015999999531
468.1,743.8676000000457
468.2,695.7004000000042
468.3,700.4029306930336
468.4,738.3205811881246
468.5,742.7786999999998
468.6,741.876800000027
468.7,705.4545000000932
468.8,763.6314851485404
468.9,726.5000000000053
469.0,730.1665999999834
469.1,763.9046000000467
469.2,673.7147999999723
469.3,733.8437999999862
469.4,762.5661999999235
469.5,720.0106000000052
469.6,709.7583999999753
469.7,758.1185564356452
469.8,754.63859009901
469.9,753.5473000000177
470.0,761.6955000000113
470.1,713.3906999999837
470.2,777.417000000009
470.3,738.6084999999978
470.4,748.7134000000715
470.5,785.8917999999502
470.6,999.5072000000844
470.7,665.4258415841623
470.8,648.01
470.9,787.3499999999999
471.0,806.04
471.1,748.6099999999999
471.2,753.73
471.3,702.65
471.4,790.68
471.5,748.61
471.6,759.01
471.7,785.465445544561
471.8,760.9601999999943
471.9,765.3135000000011
472.0,717.869699999989
472.1,790.5608999998503
472.2,756.442099999992
472.3,753.8723999999994
472.4,800.0929000000117
472.5,454.38669999992044
472.6,631.0929366333386
472.7,638.7759386138632
472.8,741.9658000000478
472.9,624.5883999999389
473.0,582.3717999999815
473.1,675.51259999983
473.2,672.6671999999978
473.3,569.0623999999519
473.4,639.3230000000369
473.5,742.1320000000471
473.6,631.4126732675029
473.7,583.873499999969
473.8,673.563899999857
473.9,668.7945999999947
474.0,570.279599999931
474.1,636.4882999998913
474.2,736.638800000069
474.3,612.958900000199
474.4,587.0791999999846
474.5,674.8428712872108
474.6,666.0676000000165
474.7,575.857199999915
474.8,638.1487999999124
474.9,731.4184000000857
475.0,607.2987999998788
475.1,602.1619999999998
475.2,589.8819999999884
475.3,678.2851999998821
475.4,670.9851683168188
475.5,579.1061732674251
475.6,634.7579999999276
475.7,728.940500000109
475.8,605.7650000001379
475.9,592.427499999992
476.0,676.2024999999095
476.1,665.5535000000181
476.2,576.2484999998941
476.3,636.0164603959865
476.4,630.6999346534517
476.5,544.1934000000707
476.6,623.5543999999179
476.7,759.0566000001888
476.8,663.6780000000853
476.9,577.4607999998846
477.0,660.7493999999273
477.1,714.2359999999537
477.2,603.3055999998345
477.3,633.6858415841368
477.4,750.424300000195
477.5,670.3896000000498
477.6,587.311200000056
477.7,665.4366999999528
477.8,717.0595999999668
477.9,603.8014999998004
478.0,636.1631999999769
478.1,749.3626999999193
478.2,668.5173267327013
478.3,568.4360000000456
478.4,645.7484000001688
478.5,700.457999999986
478.6,588.0704000000576
478.7,617.8955999999881
478.8,732.597999999945
478.9,649.4603999998164
479.0,573.1812000000202
479.1,653.5263247524522
479.2,653.0883198019803
479.3,538.9241000000283
479.4,526.8737000000001
479.5,711.2924999999539
479.6,629.8040000000249
479.7,618.7115
479.8,617.8347000000002
479.9,648.1357999999993
480.0,652.3775999999997
480.1,645.435871287129
480.2,716.7950000000183
480.3,625.351
480.4,601.1869999999967
480.5,682.368
480.6,665.684
480.7,578.2999999999786
480.8,639.137
480.9,725.0600000000197
481.0,610.5201980197742
481.1,593.9915000000029
481.2,594.9136000000003
481.3,623.9394000000074
481.4,566.6161999999673
481.5,620.9094000000158
481.6,698.1746999998595
481.7,606.6015999999744
481.8,594.5137000000001
481.9,713.492772277321
482.0,435.0819999998478
482.1,538.4491999997479
482.2,543.9311999999927
482.3,701.7476000000826
482.4,596.6691999998951
482.5,579.3435999999999
482.6,634.1727999999036
482.7,731.9292000000466
482.8,625.8281584157805
482.9,617.5627158415921
483.0,700.9711000000644
483.1,647.6794000000978
483.2,573.4216999999495
483.3,633.1898999998966
483.4,736.0062000000726
483.5,627.341399999904
483.6,620.0889999999836
483.7,712.7507000000714
483.8,594.911089109074
483.9,559.8709999999853
484.0,612.460800000058
484.1,674.5723999999353
484.2,728.9820000000484
484.3,740.7901999999947
484.4,741.7494000000003
484.5,697.0613999999528
484.6,693.9939999999949
484.7,694.6885148514853
484.8,727.6274999999691
484.9,733.0914999999995
485.0,956.6139999997906
485.1,691.4300000004075
485.2,632.425499999993
485.3,644.8619999999875
485.4,704.6035000000768
485.5,685.2860000000276
485.6,678.6641881188139
485.7,722.4779445545242
485.8,745.6127999999904
485.9,751.7916000000055
486.0,717.4272000000227
486.1,734.4899999999743
486.2,715.657999999962
486.3,737.9135999999826
486.4,738.035599999992
486.5,475.14440000017015
486.6,581.0907920790743
486.7,731.9839999999574
486.8,762.439199999995
486.9,758.9140999999909
487.0,758.3383999999999
487.1,716.1730000000348
487.2,762.8311999999803
487.3,733.7224000000332
487.4,738.6868000000254
487.5,750.2012871287119
487.6,748.0100000000023
487.7,748.4712
487.8,715.4944000000185
487.9,985.1942000006145
488.0,742.1490000000168
488.1,667.9142000000041
488.2,742.0115999999958
488.3,724.273800000019
488.4,763.0411643564432
488.5,774.3188702970305
488.6,775.6873999999997
488.7,766.4462999999976
488.8,736.4108000000078
488.9,752.6348000000057
489.0,710.7389000000132
489.1,766.6226999999813
489.2,778.9522999999991
489.3,784.1882445544555
489.4,787.9899207920804
489.5,747.4159999999999
489.6,752.266
489.7,794.0100000000216
489.8,497.876
489.9,590.1260000000959
490.0,609.162
490.1,672.308
490.2,689.604
490.3,602.8714851484954
490.4,581.6089000000013
490.5,638.7162000000163
490.6,713.5218999998814
490.7,638.810699999974
490.8,606.2611999999975
490.9,669.8091000000586
491.0,655.984399999991
491.1,587.6200000001193
491.2,631.3871287129019
491.3,710.9894000000368
491.4,643.4023999998956
491.5,611.7171999999955
491.6,672.1259999998941
491.7,649.1709999999763
491.8,583.2447999999682
491.9,632.9476000000798
492.0,727.5528000000445
492.1,648.1422871288584
492.2,625.309180198026
492.3,712.0183999998825
492.4,666.144299999937
492.5,589.9581999999514
492.6,630.9457999999204
492.7,721.447900000065
492.8,645.362100000136
492.9,623.7592000000068
493.0,724.4033198020895
493.1,674.6289623763242
493.2,590.3603999999295
493.3,634.2115999999328
493.4,719.4420000000785
493.5,647.3947999998891
493.6,628.5371999999887
493.7,605.2223999999682
493.8,584.0216000000138
493.9,584.122000000005
494.0,650.45138613856
494.1,730.1149999999117
494.2,659.7874999998639
494.3,638.9299999999931
494.4,716.8075000001136
494.5,676.4650000000495
494.6,599.950000000083
494.7,643.080000000093
494.8,722.857499999955
494.9,657.1448514849997
495.0,635.2725999999966
495.1,721.0575999998979
495.2,685.3420000000278
495.3,605.8486000000696
495.4,628.3690000000782
495.5,710.1019999999712
495.6,644.7060000001093
495.7,621.3313999999966
495.8,707.3739227721749
495.9,668.274257425601
496.0,587.2514000000053
496.1,625.9465999999445
496.2,704.1764999999947
496.3,645.5341000000742
496.4,626.2751000000221
496.5,609.149300000002
496.6,586.8957000000136
496.7,541.3627000000038
496.8,641.79217821774
496.9,685.3403999999998
497.0,617.068800000043
497.1,636.2535999999711
497.2,725.4384000000181
497.3,687.7648000000413
497.4,608.7995999999864
497.5,655.6051999999573
497.6,687.5087999999964
497.7,616.6206930692704
497.8,641.4339999999826
497.9,663.3911999999999
498.0,664.7654999999995
498.1,664.9340000000002
498.2,677.0075000000074
498.3,696.9341999999951
498.4,607.740899999942
498.5,623.1349999999826
498.6,705.5576653465156
498.7,669.9857425742059
498.8,598.822
498.9,639.784000000059
499.0,665.2429999999999
499.1,598.3690000001516
499.2,619.451
499.3,455.923
499.4,513.192000000133
499.5,590.251
499.6,597.3090099009919
499.7,590.713799999998
499.8,588.7373000000002
499.9,641.2364000000704
500.0,722.3371000000191
500.1,638.650400000213
500.2,589.7550000000001
500.3,649.4018000000195
500.4,692.7728000000225
500.5,620.3739603959954
500.6,638.5935999999112
500.7,660.9347999999975
500.8,659.0468000000003
500.9,608.7451999999664
501.0,647.8468000000419
501.1,695.6279999999707
501.2,624.0275999999465
501.3,631.8023999999269
501.4,461.81999603947355
501.5,367.59752475247166
501.6,366.2830999999992
501.7,365.8730999999993
501.8,365.2453000000003
501.9,364.90899999999976
502.0,364.61569999999983
502.1,364.7209999999998
502.2,364.82
502.3,364.45820000000043
502.4,364.3529702970298
502.5,364.39
502.6,364.39
502.7,364.3966
502.8,364.01060000000035
502.9,363.60539999999975
503.0,363.7639999999998
503.1,363.63600000000054
503.2,363.467
503.3,357.56881188119195
503.4,354.45
503.5,354.57349999999997
503.6,354.43200000000036
503.7,354.37200000000007
503.8,354.4715
503.9,354.43849999999986
504.0,354.4
504.1,354.4
504.2,354.4
504.3,354.34851485148516
504.4,354.1343999999996
504.5,354.0108
504.6,354.0703999999999
504.7,354.02680000000004
504.8,354.2487999999996
504.9,354.0095999999992
505.0,353.99479999999994
505.1,353.95640000000026
505.2,353.87
505.3,354.02119999999985
505.4,353.8894999999995
505.5,353.7789
505.6,353.79
505.7,353.79
505.8,353.7207000000001
505.9,353.7493000000002
506.0,353.84040000000005
506.1,353.820099009901
506.2,353.90780000000007
506.3,353.8622000000001
506.4,353.8396
506.5,353.82040000000006
506.6,353.96979999999985
506.7,353.8815999999999
506.8,353.6794000000001
506.9,353.8408000000002
507.0,353.85772475247535
507.1,353.90620891089105
507.2,353.98
507.3,353.76650000000006
507.4,353.95330000000035
507.5,353.9038000000001
507.6,354.0632999999999
507.7,353.73319999999944
507.8,353.61569999999995
507.9,353.9247000000002
508.0,353.999801980198
508.1,354.00999999999993
508.2,353.856
508.3,353.596
508.4,353.64400000000023
508.5,353.80600000000004
508.6,353.85
508.7,353.892
508.8,354.02200000000005
508.9,353.81673267326687
509.0,353.6949
509.1,353.67510000000016
509.2,353.6949
509.3,353.74
509.4,353.9111000000004
509.5,353.85889999999995
509.6,353.7577
509.7,353.61069999999995
509.8,353.47079207920797
509.9,353.6182000000001
510.0,353.74
510.1,353.84439999999984
510.2,353.85619999999994
510.3,353.4620000000005
510.4,353.4536000000002
510.5,353.69380000000007
510.6,353.6008000000002
510.7,353.59280000000007
510.8,353.6427722772278
510.9,353.63
511.0,353.69270000000006
511.1,353.54050000000024
511.2,353.4641000000001
511.3,353.4459000000001
511.4,353.2531999999998
511.5,353.21270000000004
511.6,353.4708999999998
511.7,353.4437623762374
511.8,353.36159999999995
511.9,353.4884000000001
512.0,353.4324000000001
512.1,353.27840000000015
512.2,353.26920000000007
512.3,353.4847999999999
512.4,353.63
512.5,353.4956000000001
512.6,353.4787128712869
512.7,353.6545000000002
512.8,353.6795
512.9,353.63
513.0,353.4705
513.1,353.45549999999974
513.2,353.55
513.3,353.30250000000007
513.4,353.1
513.5,353.2869999999999
513.6,353.41277227722776
513.7,353.5196
513.8,353.34380000000044
513.9,353.2566000000004
514.0,353.4116
514.1,353.3004000000002
514.2,353.379
514.3,353.22140000000053
514.4,353.0796000000003
514.5,353.3183168316832
514.6,353.30280000000016
514.7,353.24830000000003
514.8,353.1357000000002
514.9,353.1543000000005
515.0,353.3
515.1,353.3476999999999
515.2,353.32109999999994
515.3,353.26
515.4,353.40693069306946
515.5,353.4152000000001
515.6,353.3468
515.7,353.3223999999999
515.8,353.2808
515.9,353.3
516.0,353.09200000000016
516.1,353.2327999999997
516.2,353.52959999999996
516.3,353.40503366336645
516.4,353.2902366336633
516.5,353.3361
516.6,353.45629999999994
516.7,353.4077999999998
516.8,353.3
516.9,353.2438999999999
517.0,353.3684999999999
517.1,353.2697000000001
517.2,353.1477000000002
517.3,353.23455445544556
517.4,353.2350000000001
517.5,353.33500000000004
517.6,353.3000000000002
517.7,353.255
517.8,353.135
517.9,353.03500000000014
518.0,353.145
518.1,353.2449999999999
518.2,353.3445544554455
518.3,353.3361000000001
518.4,353.2163
518.5,353.20390000000003
518.6,353.2159000000001
518.7,353.08179999999993
518.8,353.2398999999995
518.9,353.5
519.0,353.2598999999999
519.1,353.0356643564356
519.2,353.17520000000013
519.3,353.45839999999976
519.4,353.47159999999985
519.5,353.15119999999985
519.6,353.13879999999983
519.7,353.22799999999995
519.8,353.38039999999967
519.9,353.38519999999977
520.0,353.0047999999999
520.1,353.1223762376235
520.2,353.2959999999999
520.3,353.23229999999995
520.4,353.03089999999963
520.5,352.9379999999999
520.6,353.21109999999976
520.7,353.44450000000023
520.8,353.4561000000001
520.9,353.1236999999998
521.0,353.1049504950494
521.1,353.26
521.2,353.26
521.3,353.18640000000005
521.4,352.9389999999997
521.5,352.95239999999995
521.6,353.0566000000004
521.7,353.12540000000047
521.8,353.25660000000005
521.9,353.1227722772278
522.0,353.0195
522.1,352.86
522.2,353.1480000000001
522.3,353.2930000000005
522.4,353.04
522.5,353.0265
522.6,353.1314999999997
522.7,353.289
522.8,353.3
522.9,353.3006099009901
523.0,353.21199999999993
523.1,353.2275999999997
523.2,353.2447999999999
523.3,353.06
523.4,353.0996000000001
523.5,353.2644000000001
523.6,353.36160000000007
523.7,353.25159999999994
523.8,353.23792079207914
523.9,353.2440999999999
524.0,353.36779999999965
524.1,353.2989000000005
524.2,352.8772
524.3,352.9472999999999
524.4,353.27660000000037
524.5,353.3548000000004
524.6,352.89540000000017
524.7,353.01267326732716
524.8,353.20140000000015
524.9,353.04780000000005
525.0,353.0160000000001
525.1,353.04699999999985
525.2,353.28780000000006
525.3,353.2854000000001
525.4,353.34020000000027
525.5,353.3436000000002
525.6,353.1009980198022
525.7,353.09859801980167
525.8,353.18199999999996
525.9,353.2794999999999
526.0,353.09010000000006
526.1,352.9214999999998
526.2,353.01
526.3,353.04689999999994
526.4,352.96469999999965
526.5,352.852
526.6,353.0755445544552
526.7,353.142
526.8,353.01
526.9,352.9579999999998
527.0,353.028
527.1,353.1540000000002
527.2,352.95
527.3,352.92
527.4,353.01
527.5,352.95059405940594
527.6,352.82490000000007
527.7,352.80510000000004
527.8,353.0237999999997
527.9,353.0810999999999
528.0,352.84800000000007
528.1,352.97
528.2,352.9778
528.3,353.0835999999998
528.4,353.1217267326732
528.5,352.91524752475243
528.6,352.90939999999995
528.7,353.03180000000003
528.8,353.11899999999997
528.9,353.15
529.0,353.0967999999999
529.1,353.05179999999996
529.2,353.10479999999995
529.3,352.9622000000001
529.4,352.89415841584173
529.5,353.0667
529.6,353.01
529.7,352.9692999999999
529.8,352.9333
529.9,352.9974
530.0,353.0433
530.1,353.15549999999973
530.2,353.10569999999973
530.3,352.9149504950495
530.4,353.0496000000001
530.5,353.02639999999997
530.6,352.8743999999999
530.7,352.88559999999995
530.8,352.87440000000004
530.9,352.8531999999999
531.0,352.8779538461538
531.1,353.07120000000003
531.2,352.96839999999986
531.3,352.92159999999996
531.4,353.0036
531.5,352.9836
531.6,352.9476
531.7,352.85839999999985
531.8,352.79879999999997
531.9,352.9075247524754
532.0,352.9635
532.1,353.00879999999955
532.2,353.22530000000006
532.3,352.9917
532.4,353.09270000000026
532.5,353.148
532.6,352.93560000000025
532.7,352.8722999999999
532.8,353.07237623762376
532.9,353.0250000000001
533.0,352.973
533.1,352.82999999999987
533.2,352.97
533.3,352.976
533.4,353.1280000000007
533.5,353.39300000000003
533.6,353.17300000000023
533.7,353.03
533.8,353.1534613861387
533.9,353.1403
534.0,353.06819999999993
534.1,352.77
534.2,352.7381
534.3,352.8571999999997
534.4,353.2007999999999
534.5,352.86
534.6,352.9295999999999
534.7,353.0310891089108
534.8,352.93279999999993
534.9,353.08919999999995
535.0,353.0940000000001
535.1,353.25120000000004
535.2,353.0691999999999
535.3,352.9648
535.4,353.0400000000002
535.5,353.31599999999986
535.6,353.07504950495047
535.7,353.1450000000003
535.8,353.3263999999999
535.9,352.8786000000001
536.0,352.9452
536.1,352.8185999999997
536.2,353.04180000000025
536.3,353.18469999999996
536.4,352.87569999999994
536.5,352.8875247524753
536.6,353.22999999999934
536.7,353.5453999999998
536.8,353.2859999999999
536.9,353.0706000000003
537.0,353.24799999999993
537.1,353.0766000000001
537.2,353.0464000000001
537.3,353.0745999999999
537.4,352.89838217821796
537.5,352.98249999999996
537.6,352.9274999999999
537.7,352.9224999999998
537.8,352.79749999999933
537.9,353.1824999999999
538.0,353.1
538.1,352.9675000000006
538.2,352.57
538.3,352.7024999999994
538.4,353.0405940594058
538.5,352.8384000000001
538.6,352.74360000000013
538.7,352.81600000000054
538.8,353.2380000000003
538.9,352.9739999999999
539.0,352.91759999999977
539.1,353.1
539.2,353.1
539.3,353.0429702970299
539.4,352.86
539.5,352.81400000000014
539.6,352.7151999999998
539.7,352.8954
539.8,352.8754
539.9,352.8968000000002
540.0,353.0177
540.1,353.05599999999987
540.2,353.0437623762368
540.3,352.6163999999997
540.4,353.1
540.5,353.02740000000017
540.6,352.84259999999966
540.7,353.02740000000017
540.8,352.8227999999999
540.9,352.93299999999954
541.0,352.74359999999984
541.1,353.0086772277229
541.2,352.942703960396
541.3,353.1
541.4,353.0537999999996
541.5,352.9681999999999
541.6,353.28110000000004
541.7,353.18690000000004
541.8,352.96980000000013
541.9,352.5682000000007
542.0,352.9
542.1,352.8729702970298
542.2,352.81399999999996
542.3,352.97200000000004
542.4,352.94
542.5,353.012
542.6,352.65999999999997
542.7,352.7
542.8,352.88999999999993
542.9,353.05
543.0,353.08326732673265
543.1,352.6042
543.2,352.8165000000001
543.3,353.0373000000001
543.4,352.8156
543.5,353.0271
543.6,352.9993000000001
543.7,352.69160000000016
543.8,353.13400000000007
543.9,352.8568603960397
544.0,353.0877306930693
544.1,353.1902000000002
544.2,353.1342000000001
544.3,353.21259999999995
544.4,352.88700000000006
544.5,353.0064
544.6,352.99359999999996
544.7,353.01
544.8,352.9704
544.9,352.86485148514873
545.0,353.19129999999996
545.1,353.0881000000001
545.2,353.0010999999999
545.3,352.8702
545.4,353.0203000000004
545.5,353.35019999999975
545.6,352.57
545.7,352.5887000000001
545.8,352.7506930693071
545.9,353.0791999999999
546.0,352.97
546.1,352.93000000000035
546.2,352.79840000000024
546.3,353.1636000000004
546.4,352.92800000000005
546.5,352.99080000000004
546.6,353.0392000000005
546.7,352.7803405940596
546.8,353.06400000000025
546.9,352.86
547.0,352.95750000000055
547.1,353.38550000000095
547.2,352.71600000000024
547.3,352.91400000000004
547.4,352.87249999999995
547.5,352.7909999999998
547.6,352.5864999999999
547.7,352.75871287128757
547.8,353.15400000000034
547.9,352.8506000000003
548.0,353.02580000000046
548.1,352.6035999999998
548.2,352.8478000000003
548.3,353.05760000000015
548.4,352.927
548.5,352.97
548.6,353.0032673267325
548.7,353.1787999999997
548.8,352.94920000000013
548.9,352.79569999999984
549.0,352.7519999999997
549.1,353.0571000000002
549.2,352.77
549.3,352.78169999999994
549.4,352.9055000000005
549.5,353.2022772277228
549.6,353.16319999999996
549.7,353.2120000000002
549.8,352.87319999999994
549.9,352.9856000000002
550.0,353.11319999999995
550.1,353.19680000000005
550.2,353.0712000000001
550.3,352.84920000000005
550.4,352.75693069306914
550.5,352.6721
550.6,352.77989999999994
550.7,352.8721
550.8,352.94800000000004
550.9,352.77
551.0,352.78209999999996
551.1,352.88
551.2,352.8657
551.3,352.77419999999995
551.4,352.9362376237618
551.5,352.653
551.6,352.61699999999996
551.7,352.871
551.8,352.95000000000005
551.9,352.808
552.0,353.123
552.1,352.869
552.2,352.741
552.3,352.50871287128706
552.4,352.77
552.5,352.76009999999997
552.6,352.6879
552.7,352.9438999999999
552.8,352.68
552.9,352.68
553.0,352.69620000000003
553.1,352.83299999999997
553.2,352.5608910891089
553.3,352.57880000000006
553.4,352.70480000000015
553.5,352.97959999999995
553.6,352.86159999999995
553.7,352.8784
553.8,352.8616
553.9,352.8872
554.0,352.95559999999995
554.1,352.7724871287133
554.2,352.6006702970299
554.3,352.94969999999984
554.4,352.68
554.5,352.67229999999995
554.6,352.6182999999989
554.7,353.23339999999973
554.8,352.8645999999999
554.9,352.6817000000002
555.0,352.97
555.1,352.9623762376239
555.2,352.87320000000017
555.3,353.07340000000016
555.4,352.9766000000001
555.5,353.06259999999975
555.6,352.78340000000014
555.7,352.6733999999999
555.8,352.5873999999996
555.9,352.8666000000001
556.0,352.94742574257396
556.1,352.6089999999996
556.2,352.9644999999999
556.3,352.85450000000014
556.4,352.76100000000025
556.5,352.97
556.6,352.9555000000003
556.7,352.68
556.8,352.6755000000001
556.9,352.5845544554454
557.0,352.48
557.1,352.4835999999999
557.2,352.5860000000005
557.3,352.95840000000027
557.4,352.67559999999986
557.5,352.58159999999975
557.6,352.84480000000036
557.7,352.48360000000014
557.8,352.57
557.9,352.57792079207945
558.0,352.77269999999993
558.1,352.85670000000005
558.2,352.7445999999997
558.3,352.56730000000005
558.4,352.48870000000045
558.5,352.77
558.6,352.7792999999998
558.7,353.061399999999
558.8,352.4751485148512
558.9,352.95799999999895
559.0,352.3797999999998
559.1,352.86
559.2,352.85780000000005
559.3,352.74820000000005
559.4,352.65999999999997
559.5,352.6582
559.6,352.5779999999998
559.7,352.96207920792097
559.8,352.5711
559.9,352.6829000000006
560.0,352.9671000000001
560.1,352.68
560.2,352.68179999999995
560.3,352.86
560.4,352.8588999999998
560.5,352.75
560.6,352.75109999999995
560.7,352.8591089108911
560.8,352.77
560.9,352.88
561.0,352.68
561.1,352.59000000000003
561.2,352.57
561.3,352.59000000000003
561.4,352.97
561.5,352.97
561.6,352.65999999999997
561.7,352.8580198019803
561.8,353.05800000000005
561.9,352.6639999999999
562.0,353.3629000000002
562.1,352.5780000000016
562.2,353.07490000000007
562.3,352.6839999999999
562.4,352.68
562.5,352.5711
562.6,352.96207920792006
562.7,352.5779999999998
562.8,352.7464000000001
562.9,352.7206
563.0,352.59259999999995
563.1,353.109399999999
563.2,352.86519999999985
563.3,352.96780000000007
563.4,352.5779999999998
563.5,352.9620000000002
563.6,352.4945544554463
563.7,352.9553000000003
563.8,352.38800000000094
563.9,352.6513000000002
564.0,352.85400000000016
564.1,352.5787000000005
564.2,352.57
564.3,352.57
564.4,352.6767000000001
564.5,352.8528712871289
564.6,352.5816000000004
564.7,352.76200000000017
564.8,352.57800000000026
564.9,352.76200000000017
565.0,352.4915999999997
565.1,352.8447999999995
565.2,352.9656000000001
565.3,352.8836000000001
565.4,352.41511287128657
565.5,353.04549999999927
565.6,352.8045000000003
565.7,352.9610000000002
565.8,352.8655000000001
565.9,352.86
566.0,352.5845000000003
566.1,352.48450000000014
566.2,352.7555000000003
566.3,352.75100000000003
566.4,352.3925742574252
566.5,352.7459999999997
566.6,352.8545999999999
566.7,352.5873999999996
566.8,352.4854000000001
566.9,352.48
567.0,352.66799999999984
567.1,352.95259999999973
567.2,353.15800000000024
567.3,352.79772277227744
567.4,352.66769999999985
567.5,352.39030000000014
567.6,352.84429999999963
567.7,352.96369999999996
567.8,353.0722999999999
567.9,352.9776999999998
568.0,352.6166000000002
568.1,352.8596999999998
568.2,352.88
568.3,352.59480000000013
568.4,357.44600000000963
568.5,562.6067999999392
568.6,686.6331999999475
568.7,730.4711999999897
568.8,736.4423999999985
568.9,737.8040000000021
569.0,738.0103999999999
569.1,689.6972277227961
569.2,734.5774485148492
569.3,700.8597000000096
569.4,968.3937999999932
569.5,667.1477000000821
569.6,640.3692999999986
569.7,640.3021
569.8,683.1373999999894
569.9,688.5812
570.0,681.672367326734
570.1,740.5249801980183
570.2,746.2869999999998
570.3,748.162
570.4,754.2930000000015
570.5,706.035
570.6,732.109
570.7,735.502
570.8,739.018
570.9,925.1610000000469
571.0,690.2623762375663
571.1,653.8591000000105
571.2,707.5812000000138
571.3,742.8779000000072
571.4,703.6454999999771
571.5,755.4802000000146
571.6,758.7931000000076
571.7,751.4591999999982
571.8,762.7585000000031
571.9,719.8481188118463
572.0,761.5208000000247
572.1,731.9224000000634
572.2,746.7120000000102
572.3,1011.0768000001352
572.4,812.063999999806
572.5,777.0151999999985
572.6,786.9751999999818
572.7,719.6619999999646
572.8,765.7395841583377
572.9,731.9016118811545
573.0,753.3830000000218
573.1,766.5170999999866
573.2,764.6844999999975
573.3,775.7461999999828
573.4,726.0964999999597
573.5,780.4597000000487
573.6,739.2004000000752
573.7,765.9541000000269
573.8,770.072178217823
573.9,770.1508000000002
574.0,777.3022000000076
574.1,806.7367999999657
574.2,458.1293999996265
574.3,627.0249999997246
574.4,588.6815999999205
574.5,658.9054000000872
574.6,703.3759999999623
574.7,598.2478217820369
574.8,635.4614999999471
574.9,739.4385000001257
575.0,667.1285000000832
575.1,586.8315000000864
575.2,657.7440000001101
575.3,693.64749999998
575.4,590.8214999998575
575.5,637.4684999999388
575.6,734.487499999905
575.7,667.8315999998656
575.8,592.9004000000385
575.9,657.2720000001228
576.0,678.8115999999953
576.1,587.8036000001
576.2,635.4108000001058
576.3,730.939599999946
576.4,653.118399999848
576.5,593.632800000027
576.6,661.807326732608
576.7,670.0720000000025
576.8,587.7929000000664
576.9,634.7184000001217
577.0,723.797799999973
577.1,645.3410000000773
577.2,595.5194000000109
577.3,666.8649999999361
577.4,668.210099999972
577.5,665.1806930693069
577.6,592.5016000000403
577.7,636.0819999999967
577.8,721.27719999996
577.9,609.1571999997162
578.0,709.0801999999929
578.1,586.3820000000836
578.2,735.8611999999899
578.3,683.6408000000512
578.4,592.9484950494879
578.5,638.064030693052
578.6,722.7050999999802
578.7,643.9320999999759
578.8,629.2282999999978
578.9,717.5928000000218
579.0,672.2414000000184
579.1,590.6468000000185
579.2,639.5312000000163
579.3,730.4964999999787
579.4,650.0233663365846
579.5,631.864
579.6,721.902
579.7,672.9739999999596
579.8,600.7860000000001
579.9,570.4999999999906
580.0,702.338
580.1,637.268
580.2,617.6600000000029
580.3,671.9876237623881
580.4,647.1288999999654
580.5,579.5133999999834
580.6,624.2883999998809
580.7,702.7922000000179
580.8,677.1707999999878
580.9,675.7518000000088
581.0,577.737699999971
581.1,638.0874999998271
581.2,660.6455445544551
581.3,670.5264000000059
581.4,697.5712000000296
581.5,610.2149999999451
581.6,637.9067999999082
581.7,730.3130000000449
581.8,678.342199999957
581.9,604.7595999999353
582.0,657.0748000000392
582.1,684.4461999999858
582.2,601.1742960395349
582.3,638.1513999999136
582.4,723.1140000000588
582.5,672.3925999999375
582.6,650.4884000000012
582.7,670.1214000000176
582.8,684.4683999999884
582.9,587.6653999999121
583.0,618.5066000000536
583.1,636.4046534653468
583.2,707.341600000085
583.3,655.0824000000804
583.4,588.4459999999485
583.5,640.6584000000787
583.6,654.0680000000079
583.7,587.9151999999236
583.8,769.1295999997831
583.9,634.7855999997632
584.0,617.3485267327243
584.1,697.2395297029177
584.2,613.24999999984
584.3,578.7424999999995
584.4,632.2275000000807
584.5,707.992499999956
584.6,648.9400000001189
584.7,620.169999999996
584.8,675.6149999999574
584.9,655.6899999999414
585.0,585.8105524752766
585.1,630.6693999999206
585.2,722.1825999999704
585.3,657.730200000109
585.4,625.006399999997
585.5,673.1567999999791
585.6,628.8722000000755
585.7,565.4604000000179
585.8,623.96819999991
585.9,714.919900990234
586.0,744.6037999999994
586.1,748.7217999999982
586.2,749.0531
586.3,711.8625000000346
586.4,722.5639000000533
586.5,699.9956000000029
586.6,724.7734999999659
586.7,843.6938999999901
586.8,711.5086138615076
586.9,631.5867999999964
587.0,694.058399999957
587.1,748.3307999999824
587.2,707.821199999987
587.3,718.8559999999804
587.4,728.0659999999992
587.5,730.6535999999977
587.6,754.265999999986
587.7,730.9228554455286
587.8,724.5559544554435
587.9,714.8559999999925
588.0,740.1624999999902
588.1,690.6977000000197
588.2,670.6485000000033
588.3,638.494100000011
588.4,655.1052000000186
588.5,733.079099999979
588.6,769.191999999997
588.7,750.496831683149
588.8,745.313
588.9,764.1100000000165
589.0,754.213
589.1,744.634000000005
589.2,763.896
589.3,745.344
589.4,735.9060000000022
589.5,716.182
589.6,694.0477227723042
589.7,663.916499999992
589.8,724.8421000000237
589.9,728.5232999999614
590.0,746.9232000000103
590.1,746.6287000000278
590.2,739.7000999999999
590.3,771.7030000000107
590.4,754.9367999999578
590.5,752.9920792079275
590.6,735.6228000000369
590.7,772.7568000000322
590.8,763.6592000000509
590.9,751.5344000000018
591.0,772.6008000000132
591.1,762.0712000000318
591.2,756.0040000000022
591.3,725.0428000000521
591.4,771.4428316832236
591.5,653.4302425741071
591.6,699.3877999998508
591.7,758.0507000000001
591.8,657.807600000126
591.9,686.7632000000798
592.0,725.6481000000003
592.1,615.5214000001386
592.2,562.2619000000011
592.3,617.5390999999312
592.4,710.581287128795
592.5,654.4556000000803
592.6,610.3687999999956
592.7,675.278600000088
592.8,660.3496000000429
592.9,588.4111999999348
593.0,615.480399999954
593.1,713.3061999998525
593.2,655.65019999987
593.3,614.37148514851
593.4,690.0430000001256
593.5,671.1780000000301
593.6,592.8120000000829
593.7,616.1635000000855
593.8,710.3854999999644
593.9,653.4994999998365
594.0,613.0794999999948
594.1,696.3319999998638
594.2,676.946089108928
594.3,595.0056514852188
594.4,618.7364000001082
594.5,707.1803999999916
594.6,649.5904000001298
594.7,610.6047999999982
594.8,716.1711999998598
594.9,693.4639999998334
595.0,595.9604000000077
595.1,626.6627999999135
595.2,689.2961386138644
595.3,759.5571999999418
595.4,661.2387999996718
595.5,628.828400000011
595.6,672.8421999999803
595.7,665.4563999999955
595.8,617.2694000000406
595.9,651.418600000142
596.0,682.0422999999994
596.1,622.9482178218317
596.2,586.8169999999991
596.3,686.4089999999264
596.4,690.9843999999624
596.5,619.4528000000269
596.6,598.9815999999985
596.7,657.3044000000377
596.8,626.2304000000485
596.9,633.3212000000315
597.0,715.5583168316562
597.1,697.803700000019
597.2,613.8150999999446
597.3,635.5356999999797
597.4,668.2122999999976
597.5,607.0156000000222
597.6,568.4384000000001
597.7,612.9208000000483
597.8,693.5817999999806
597.9,662.8887653464499
598.0,600.9896435643564
598.1,641.2039999998783
598.2,814.4000000000001
598.3,727.0820000000001
598.4,584.7279999999652
598.5,568.702
598.6,602.9479999999211
598.7,627.292
598.8,709.946
598.9,762.769405940591
599.0,647.4621999999559
599.1,624.4223999998937
599.2,700.3655000000142
599.3,652.9987999999719
599.4,620.1257000000351
599.5,710.27020000003
599.6,703.1878000001153
599.7,660.6551
599.8,653.9213861386248
599.9,688.0838000000305
600.0,638.1845999999389
600.1,606.7945999999625
600.2,691.5360000000521
600.3,680.1208000000888
600.4,594.3167999999666
600.5,617.5672000000425
600.6,670.9741999999789
600.7,616.9891089108262
600.8,607.2734999999591
600.9,684.9613000000587
601.0,554.9243999998
601.1,590.1529999998264
601.2,682.9978999999655
601.3,615.6415000000492
601.4,626.352600000054
601.5,694.9534000000414
601.6,649.4109564357207
601.7,611.950312871311
601.8,700.2099999999509
601.9,653.1279999998272
602.0,569.6507999999999
602.1,617.5147999998835
602.2,703.5840000000788
602.3,666.5188000000488
602.4,617.8168000000169
602.5,697.4147999999536
602.6,697.0731683169565
602.7,608.7679999999114
602.8,612.7879999999919
602.9,660.3585000000321
603.0,567.6120000000218
603.1,611.1474999997317
603.2,723.4145000000125
603.3,706.1345000000046
603.4,727.5390000000818
603.5,736.2255445544545
603.6,719.958599999994
603.7,739.8542000000042
603.8,740.1962000000236
603.9,727.8935999999991
604.0,734.1834000000017
604.1,685.0818000000922
604.2,634.2633999999989
604.3,701.5819999998806
604.4,728.1468613860459
604.5,718.9115673267473
604.6,733.0211000000049
604.7,734.3022000000033
604.8,740.6041999999971
604.9,717.0145999999233
605.0,730.0814000000261
605.1,745.0020000000216
605.2,734.4907000000031
605.3,749.6655227722629
605.4,581.2608356433898
605.5,549.4071999998864
605.6,733.6323999999437
605.7,778.8679999999827
605.8,757.2432000000075
605.9,749.4884000000001
606.0,748.5300000000009
606.1,736.5772000000096
606.2,718.23479999999
606.3,741.8236633663164
606.4,754.8701999999716
606.5,742.5455999999986
606.6,761.605699999993
606.7,758.6994999999685
606.8,835.4718999999579
606.9,793.3240999997694
607.0,693.8075999999876
607.1,730.3095999999957
607.2,741.4935643564394
607.3,717.5649999999999
607.4,734.0450000000961
607.5,764.63
607.6,751.6500000000029
607.7,751.0749999999999
607.8,771.195
607.9,767.7799999999481
608.0,747.465
608.1,723.1917821782716
608.2,740.1482257425951
608.3,771.7758000000263
608.4,764.7456000000037
608.5,783.954100000005
608.6,771.7392000000425
608.7,758.7758000000053
608.8,632.4567000002502
608.9,565.2301000000356
609.0,648.8081000000018
609.1,694.1713861385491
609.2,670.9883999999364
609.3,607.2971999999879
609.4,691.4576000000704
609.5,715.0331999999461
609.6,612.2516000000545
609.7,612.7164000000425
609.8,694.4203999999562
609.9,665.1919999999385
610.0,608.7632673267176
610.1,692.3481999997691
610.2,714.8274999999211
610.3,614.8413000000318
610.4,616.5169000000657
610.5,692.5533999999794
610.6,659.5002000002075
610.7,606.6914000000236
610.8,690.8728999999458
610.9,710.8094574256515
611.0,612.0371524752582
611.1,614.8775999998649
611.2,687.2668000000374
611.3,651.0346000000172
611.4,607.4748000000495
611.5,693.6039999999832
611.6,708.6924000001529
611.7,615.6211999999356
611.8,620.5525999999871
611.9,683.9943564356716
612.0,643.358499999986
612.1,608.647499999915
612.2,697.5410000000121
612.3,709.5090000001173
612.4,619.6219999999164
612.5,623.1030000000111
612.6,547.804500000326
612.7,502.57900000002843
612.8,639.0563366336658
612.9,629.5683999999746
613.0,619.2400000000001
613.1,672.8795999998895
613.2,690.4931999999583
613.3,616.8560000000194
613.4,641.6092000001138
613.5,657.0943999999743
613.6,618.0791999999984
613.7,636.9554455445736
613.8,692.7151999999485
613.9,687.6742999999312
614.0,616.3580000000119
614.1,641.5537999999443
614.2,685.326499999996
614.3,644.3432000000591
614.4,604.3973000000136
614.5,659.7634999999322
614.6,667.9120257426513
614.7,598.6366772277145
614.8,627.121399999962
614.9,671.290399999991
615.0,627.432200000041
615.1,604.6135999999682
615.2,673.1270000000573
615.3,669.3622000000457
615.4,610.7049999999994
615.5,609.2494000000011
615.6,596.9449504950834
615.7,578.4994000000017
615.8,573.3609000000004
615.9,636.7211000001746
616.0,670.5951000000325
616.1,614.3913999999205
616.2,692.3408999999792
616.3,710.6992000000198
616.4,631.5517999999242
616.5,626.2212871287013
616.6,677.7019999999987
616.7,641.002
616.8,613.51
616.9,690.6860000001159
617.0,698.862
617.1,612.7280000000499
617.2,618.336
617.3,671.9
617.4,625.2269306929319
617.5,593.3801851485209
617.6,669.9990999999442
617.7,677.1141999999741
617.8,597.3312000000171
617.9,613.4883000000186
618.0,661.785699999999
618.1,624.8936000000579
618.2,609.9934000000225
618.3,634.7935000000602
618.4,643.4084158416362
618.5,744.3827999999984
618.6,693.2832000000528
618.7,642.7108000000351
618.8,674.833200000017
618.9,619.1623999999641
619.0,598.4762000000338
619.1,645.7087999999989
619.2,636.6469999999871
619.3,616.5868316831704
619.4,641.1709000000529
619.5,678.381300000005
619.6,627.0319000001355
619.7,602.0713000000528
619.8,680.3271999999873
619.9,690.5232999999264
620.0,620.3163000000009
620.1,627.8667999999512
620.2,639.4879207920633
620.3,659.1760000000083
620.4,705.527599999969
620.5,684.7324000000003
620.6,707.7935999999195
620.7,746.0496000000013
620.8,748.0180000000003
620.9,731.6171999999535
621.0,707.7164000000023
621.1,708.708811881243
621.2,576.5744554454917
621.3,473.45449999971163
621.4,638.8300000000016
621.5,639.2884999999995
621.6,658.6029999999345
621.7,710.2855000000138
621.8,737.0329999999991
621.9,742.6360000000166
622.0,750.3394999999983
622.1,731.6145544554922
622.2,722.550400000035
622.3,748.5828000000346
622.4,724.3680000000037
622.5,738.8898000000222
622.6,751.3766000000328
622.7,698.3767999999492
622.8,641.4464000000005
622.9,671.516600000122
623.0,736.9928712871415
623.1,749.5376000000002
623.2,749.1123999999994
623.3,748.5739000000001
623.4,735.9034999999681
623.5,732.2526999999549
623.6,757.6151000000392
623.7,728.864400000025
623.8,749.723499999998
623.9,752.7663247524781
624.0,753.5255683168339
624.1,668.162000000117
624.2,542.5572000001686
624.3,653.4587999999917
624.4,689.1748000000792
624.5,757.4723999999732
624.6,775.2432000000317
624.7,736.9460000000317
624.8,767.0807999999852
624.9,774.9522772276708
625.0,744.8838999999996
625.1,757.4734999999657
625.2,781.8057000000008
625.3,769.0532000000076
625.4,748.3809000000099
625.5,766.4007999999906
625.6,784.9331000000308
625.7,757.8951000000031
625.8,736.44039603961
625.9,730.3390000001107
626.0,779.721
626.1,676.8180000002377
626.2,494.478
626.3,631.769
626.4,661.8240000002403
626.5,732.014
626.6,624.0830000000572
626.7,593.8366336633727
626.8,679.068499999973
626.9,684.3013999999692
627.0,596.6171000000065
627.1,660.180899999936
627.2,731.4422999999733
627.3,624.1926000000359
627.4,593.1006000000219
627.5,676.9968000000123
627.6,678.1586504950956
627.7,597.1480673267511
627.8,663.3067999999756
627.9,727.7739999999485
628.0,624.6539999999649
628.1,595.9639999999825
628.2,676.0064000000177
628.3,668.512800000023
628.4,596.0200000000304
628.5,676.3900000000522
628.6,728.093564356448
628.7,627.9851999999507
628.8,600.4977000000064
628.9,676.1742000000187
629.0,662.4267999999914
629.1,590.5215999998853
629.2,672.2109000000734
629.3,722.1521999999927
629.4,627.1199999999557
629.5,604.2854455445668
629.6,672.704199999995
629.7,648.4527999999057
629.8,590.0326000000224
629.9,623.4119999999343
630.0,557.3233999999845
630.1,533.4755999999371
630.2,586.1552000000651
630.3,633.5289999999932
630.4,626.8016831683506
630.5,671.5500000000422
630.6,701.0100000001195
630.7,611.5499999999759
630.8,607.1449999998752
630.9,680.9849999999612
631.0,635.2149999999541
631.1,593.8499999999126
631.2,672.6525000000481
631.3,708.4092079209116
631.4,624.0859999999993
631.5,642.7167999999269
631.6,690.57440000005
631.7,631.1583999999398
631.8,589.8939999999445
631.9,659.6676000000796
632.0,702.0052000001197
632.1,604.8339999999895
632.2,637.1785069307793
632.3,695.2737138614377
632.4,620.1270999999217
632.5,580.9301999999491
632.6,656.0565999999478
632.7,682.9874999998517
632.8,579.9725999999887
632.9,608.7619000000743
633.0,650.8046000000342
633.1,616.776990098998
633.2,644.9322277228376
633.3,679.1332000000223
633.4,624.8317999999033
633.5,584.7527999999646
633.6,666.8311999999069
633.7,714.5976000000584
633.8,615.5343999999977
633.9,641.0782000001296
634.0,701.9134000000328
634.1,630.2995049505582
634.2,590.2031999999834
634.3,667.0753999999791
634.4,713.455399999805
634.5,616.8607999999983
634.6,641.2898999999379
634.7,694.1873000000182
634.8,616.2892000000161
634.9,575.8035000001136
635.0,650.2444554455298
635.1,691.0920000000568
635.2,594.1419999999999
635.3,631.6459999999423
635.4,710.98
635.5,644.08
635.6,693.7220000000793
635.7,593.612
635.8,751.5780000000007
635.9,714.5470297029622
636.0,583.2855000000169
636.1,663.8705999999781
636.2,723.5285999999679
636.3,611.9185999999971
636.4,643.0156000000237
636.5,711.552699999981
636.6,629.7789000000151
636.7,584.5908000000173
636.8,665.6006019801775
636.9,721.321255445507
637.0,610.8776000000006
637.1,645.2215999997634
637.2,751.7327999999995
637.3,718.2207999999918
637.4,579.5146000000256
637.5,583.7561999999895
637.6,389.94280000004096
637.7,370.5473999999977
637.8,366.2509900990098
637.9,365.52499999999964
638.0,365.11
638.1,365.1286999999998
638.2,365.1519999999997
638.3,364.79449999999997
638.4,364.6887000000001
638.5,364.76469999999995
638.6,364.6713000000002
638.7,364.59851485148516
638.8,364.5956000000008
638.9,364.34800000000143
639.0,365.6596
639.1,365.73879999999974
639.2,365.89
639.3,364.8452000000089
639.4,358.59199999999566
639.5,354.57280000000003
639.6,354.64
639.7,354.60198019801965
639.8,354.4
639.9,354.4
640.0,354.42850000000016
640.1,354.56150000000025
640.2,354.37149999999986
640.3,354.21000000000004
640.4,354.18299999999977
640.5,354.0134999999999
640.6,353.9794059405936
640.7,354.25699999999955
640.8,353.89239999999984
640.9,354.0258
641.0,353.98180000000013
641.1,353.87699999999995
641.2,353.93540000000013
641.3,354.03
641.4,354.03700000000003
641.5,354.11465346534635
641.6,354.24550000000045
641.7,353.72550000000047
641.8,354.01310000000007
641.9,353.8856999999999
642.0,353.8146999999999
642.1,353.94100000000026
642.2,353.68
642.3,353.69429999999994
642.4,353.79
642.5,353.77680000000004
642.6,353.68
642.7,353.72439999999983
642.8,354.04760000000005
642.9,354.0143999999998
643.0,353.8964
643.1,353.88319999999993
643.2,353.96680000000003
643.3,353.8832
643.4,353.97643564356434
643.5,353.98849999999993
643.6,354.2758000000001
643.7,354.0481000000001
643.8,353.79879999999997
643.9,353.9019000000005
644.0,354.1281000000001
644.1,353.8755
644.2,353.88810000000007
644.3,353.6561386138613
644.4,353.846
644.5,353.63
644.6,353.63
644.7,353.67
644.8,354.00600000000003
644.9,353.755
645.0,353.448
645.1,353.54699999999997
645.2,353.79234653465346
645.3,353.8199
645.4,353.8839999999999
645.5,353.5560000000001
645.6,353.8867
645.7,353.54009999999994
645.8,353.4859
645.9,353.9139999999999
646.0,353.58330000000007
646.1,353.8768
646.2,353.45960396039607
646.3,353.63839999999993
646.4,353.3924
646.5,353.43680000000006
646.6,353.63879999999983
646.7,353.76320000000015
646.8,353.9787999999998
646.9,353.40280000000007
647.0,353.5372
647.1,353.3939603960395
647.2,353.44
647.3,353.4301999999999
647.4,353.31750000000017
647.5,353.5387999999999
647.6,353.40119999999973
647.7,353.5556
647.8,353.6068999999998
647.9,353.32310000000024
648.0,353.6131999999999
648.1,353.4132336633658
648.2,353.7255999999998
648.3,353.4934000000002
648.4,353.39960000000013
648.5,353.55480000000006
648.6,353.6252000000001
648.7,353.5415999999999
648.8,353.4231999999997
648.9,353.6221999999999
649.0,353.5029702970297
649.1,353.5420000000002
649.2,353.3854999999999
649.3,353.3179999999996
649.4,353.6419999999996
649.5,353.3045000000001
649.6,353.3855000000001
649.7,353.31200000000024
649.8,353.54449999999986
649.9,353.61811881188095
650.0,353.38560000000007
650.1,353.2843999999999
650.2,353.3996000000003
650.3,353.6292
650.4,353.6011999999997
650.5,353.3864000000001
650.6,353.2956000000001
650.7,353.20320000000044
650.8,353.51485148514865
650.9,353.3839999999997
651.0,353.2031999999997
651.1,353.62280000000015
651.2,353.40110000000055
651.3,353.7489000000002
651.4,353.39
651.5,353.38610000000006
651.6,353.26719999999983
651.7,353.4940594059403
651.8,353.3
651.9,353.2919999999993
652.0,352.9079999999998
652.1,353.29520000000014
652.2,353.0643999999999
652.3,353.2764000000001
652.4,353.1058000000005
652.5,353.39
652.6,353.3834653465348
652.7,353.0595
652.8,353.01
652.9,353.01530000000105
653.0,353.53650000000005
653.1,353.18870000000004
653.2,353.0584
653.3,352.9016
653.4,353.0644000000009
653.5,353.4951396039605
653.6,353.01
653.7,353.06
653.8,353.39
653.9,353.39
654.0,353.39
654.1,352.86
654.2,353.3
654.3,353.21
654.4,353.39
654.5,353.1
654.6,353.1
654.7,353.06039999999996
654.8,352.9511
654.9,353.3856000000001
655.0,352.9939999999999
655.1,353.49489999999895
655.2,353.1534999999999
655.3,353.40740000000005
655.4,353.0139999999999
655.5,353.27465346534666
655.6,353.04480000000046
655.7,353.2752000000001
655.8,353.28
655.9,353.0447999999999
656.0,353.2948000000001
656.1,353.1040000000004
656.2,353.38420000000013
656.3,353.1939999999999
656.4,353.19
656.5,352.9959405940593
656.6,353.1839999999997
656.7,353.5295000000002
656.8,353.2199000000005
656.9,353.1712
657.0,353.01479999999987
657.1,353.48529999999926
657.2,353.00529999999964
657.3,353.14519999999976
657.4,353.38049504950516
657.5,353.3035999999999
657.6,353.2808
657.7,352.7903999999995
657.8,353.25959999999935
657.9,353.0687999999998
658.0,353.3768000000003
658.1,353.11160000000035
658.2,353.1192
658.3,353.2910891089107
658.4,353.3855000000001
658.5,353.2855000000001
658.6,353.1090000000002
658.7,353.2710000000002
658.8,353.299
658.9,353.1099999999998
659.0,352.9765000000001
659.1,352.8845000000001
659.2,353.4667425742582
659.3,353.2272277227725
659.4,352.98439999999965
659.5,353.46819999999957
659.6,353.5
659.7,353.5
659.8,353.03940000000034
659.9,353.19800000000026
660.0,353.33219999999994
660.1,353.34000000000003
660.2,353.34000000000003
660.3,353.32140000000004
660.4,353.4409000000002
660.5,353.22680000000014
660.6,353.33089999999993
660.7,353.2191000000001
660.8,353.21
660.9,353.21000000000004
661.0,353.1077
661.1,353.2381188118811
661.2,352.89120000000014
661.3,353.18199999999985
661.4,353.32960000000026
661.5,353.1192000000001
661.6,353.3207999999999
661.7,353.22040000000004
661.8,353.43079999999986
661.9,353.22919999999954
662.0,352.9892000000001
662.1,353.25226039603956
662.2,352.8159
662.3,353.28869999999984
662.4,353.1216
662.5,353.20009999999996
662.6,353.21
662.7,353.5285
662.8,353.2415000000001
662.9,353.21
663.0,352.9306930693069
663.1,353.26
663.2,353.15599999999995
663.3,353.284
663.4,352.93999999999994
663.5,352.86400000000003
663.6,352.977
663.7,353.6650000000002
663.8,353.164
663.9,352.98415841584153
664.0,353.1213
664.1,353.0065000000003
664.2,353.0078
664.3,353.0901
664.4,352.9219999999999
664.5,353.07800000000003
664.6,352.8063000000006
664.7,352.9836
664.8,352.9747524752475
664.9,353.1020000000001
665.0,353.41040000000015
665.1,353.23880000000037
665.2,353.11319999999995
665.3,352.79199999999986
665.4,353.1900000000004
665.5,352.94199999999984
665.6,352.99679999999984
665.7,353.0892
665.8,353.021584158416
665.9,353.08830000000006
666.0,352.89119999999986
666.1,352.9730999999998
666.2,352.79859999999985
666.3,353.1875999999994
666.4,353.04119999999983
666.5,353.01
666.6,352.91430000000014
666.7,352.69326732673244
666.8,353.16739999999936
666.9,352.9145999999996
667.0,352.98900000000015
667.1,353.1303999999999
667.2,352.99519999999984
667.3,353.1763999999998
667.4,353.1325999999999
667.5,352.8189999999997
667.6,352.88069306930686
667.7,352.9935000000001
667.8,352.80600000000015
667.9,353.0505000000004
668.0,353.2274999999999
668.1,353.0120000000003
668.2,352.987
668.3,352.973
668.4,352.87649999999985
668.5,353.1874603960394
668.6,353.04840000000024
668.7,353.01
668.8,352.91760000000005
668.9,352.9
669.0,353.10159999999985
669.1,353.0140000000001
669.2,352.8051999999997
669.3,352.9379999999999
669.4,352.80199999999974
669.5,352.77
669.6,352.84469999999993
669.7,353.0591999999999
669.8,352.80950000000024
669.9,353.05710000000056
670.0,352.7382000000001
670.1,352.7512999999999
670.2,353.2430999999998
670.3,353.23210000000006
670.4,353.21
670.5,353.1198
670.6,353.19019999999995
670.7,353.5462
670.8,353.28380000000016
670.9,353.1197999999998
671.0,353.1
671.1,353.36239999999987
671.2,353.1576
671.3,353.01069306930697
671.4,353.3221000000001
671.5,353.15700000000004
671.6,353.3429999999999
671.7,353.24609999999996
671.8,353.21
671.9,353.21
672.0,353.36389999999994
672.1,353.24610000000007
672.2,353.36237623762383
672.3,353.15999999999997
672.4,353.1
672.5,353.012
672.6,353.25399999999996
672.7,353.23199999999997
672.8,353.298
672.9,353.1439999999999
673.0,353.27599999999995
673.1,353.03999999999996
673.2,353.07297029702977
673.3,353.1
673.4,353.18690000000004
673.5,353.0519999999999
673.6,352.9073000000002
673.7,352.8247
673.8,353.1260000000001
673.9,353.44700000000023
674.0,353.08339999999987
674.1,352.97
674.2,353.1572000000001
674.3,353.35820000000007
674.4,353.1659999999997
674.5,352.9127999999999
674.6,352.9769999999998
674.7,353.16600000000005
674.8,353.1397999999999
674.9,352.7611999999996
675.0,352.9001009900992
675.1,353.47049999999933
675.2,353.15029999999956
675.3,353.3025999999996
675.4,353.2513999999999
675.5,353.6643000000004
675.6,353.26100000000076
675.7,352.7919999999997
675.8,353.08499999999947
675.9,353.0536999999998
676.0,353.01
676.1,352.89600000000013
676.2,353.0424000000002
676.3,353.1
676.4,353.1
676.5,353.1
676.6,353.1
676.7,353.2596000000002
676.8,353.0820000000002
676.9,352.99495049504947
677.0,353.07249999999993
677.1,353.1749999999999
677.2,352.9449999999996
677.3,352.94249999999994
677.4,352.97
677.5,353.06749999999994
677.6,353.1824999999999
677.7,353.3525000000002
677.8,353.0806930693071
677.9,353.14760000000035
678.0,353.06200000000007
678.1,353.2985999999996
678.2,353.1780000000001
678.3,353.1
678.4,353.0185999999999
678.5,353.0048
678.6,353.0913999999999
678.7,353.03860000000003
678.8,353.0759405940593
678.9,353.2533000000003
679.0,353.1567
679.1,353.18029999999993
679.2,352.9837
679.3,352.98029999999994
679.4,353.01
679.5,352.83480000000003
679.6,352.94519999999983
679.7,352.9015841584158
679.8,353.24879999999973
679.9,352.94639999999987
680.0,353.00759999999985
680.1,353.1791999999999
680.2,353.34680000000003
680.3,352.86720000000037
680.4,352.91200000000003
680.5,353.2259999999999
680.6,353.01772277227735
680.7,353.0422584158417
680.8,352.958
680.9,353.0562000000001
681.0,353.0419
681.1,353.20169999999996
681.2,353.16639999999995
681.3,352.96380000000005
681.4,353.2550000000002
681.5,353.04500000000013
681.6,352.9351485148514
681.7,352.99199999999996
681.8,353.21299999999997
681.9,353.307
682.0,352.995
682.1,352.86
682.2,353.028
682.3,353.177
682.4,352.9159999999997
682.5,353.00485148514855
682.6,353.2448999999997
682.7,352.9994999999999
682.8,352.9635
682.9,353.0307
683.0,353.08140000000003
683.1,353.1
683.2,352.9343999999999
683.3,353.1015000000001
683.4,352.95039603960356
683.5,353.08840000000015
683.6,352.9720000000004
683.7,353.0368000000001
683.8,353.12
683.9,353.0315999999999
684.0,353.0036
684.1,352.90800000000013
684.2,352.93480000000005
684.3,353.19830495049473
684.4,353.24329405940586
684.5,353.14969999999994
684.6,352.7514999999996
684.7,352.92509999999874
684.8,353.0128999999999
684.9,352.9231
685.0,352.9603000000001
685.1,353.25800000000027
685.2,353.22920000000056
685.3,352.95762376237553
685.4,352.86
685.5,352.9589999999998
685.6,352.87800000000027
685.7,353.0145999999996
685.8,352.9483999999992
685.9,352.959
686.0,352.8516000000003
686.1,352.5654000000004
686.2,352.80633663366194
686.3,352.9184999999999
686.4,352.9385000000001
686.5,352.97
686.6,352.8400000000004
686.7,352.8284999999997
686.8,352.93150000000014
686.9,352.97
687.0,352.8992079207921
687.1,352.9556792079206
687.2,353.0675999999999
687.3,352.9591999999992
687.4,352.80959999999993
687.5,352.8979999999998
687.6,352.8996000000001
687.7,352.74480000000017
687.8,352.86560000000105
687.9,352.8995999999999
688.0,352.9297029702971
688.1,352.90070000000014
688.2,352.79070000000036
688.3,352.69329999999985
688.4,352.5465999999997
688.5,352.81390000000084
688.6,352.92810000000014
688.7,352.7540000000006
688.8,352.7355772277227
688.9,352.8261386138614
689.0,352.92819999999995
689.1,352.97
689.2,352.90180000000004
689.3,352.86
689.4,352.62440000000015
689.5,352.7155999999998
689.6,352.62440000000015
689.7,352.71381980197964
689.8,352.9271000000002
689.9,352.97
690.0,352.90290000000005
690.1,352.86
690.2,352.68310000000076
690.3,352.57
690.4,352.8933000000011
690.5,352.9658000000002
690.6,352.636000000001
690.7,352.7095049504947
690.8,352.7399999999996
690.9,352.78
691.0,352.926
691.1,352.97
691.2,352.85
691.3,352.8900000000004
691.4,352.85
691.5,352.77
691.6,352.8472277227721
691.7,352.8764000000001
691.8,352.80689999999976
691.9,352.77
692.0,352.77
692.1,352.82309999999984
692.2,352.92489999999975
692.3,352.9050999999997
692.4,352.92490000000026
692.5,352.97
692.6,352.90619999999996
692.7,352.92379999999974
692.8,352.8539999999999
692.9,352.8976000000001
693.0,352.79859999999985
693.1,352.72380000000004
693.2,352.8221999999998
693.3,352.9238
693.4,352.90619999999996
693.5,352.86
693.6,352.92269999999985
693.7,352.97
693.8,352.9072999999997
693.9,352.7459999999999
694.0,352.6941999999999
694.1,352.7484999999999
694.2,352.82129999999984
694.3,352.86
694.4,352.52702970296923
694.5,352.60040000000055
694.6,352.87120000000004
694.7,352.8688
694.8,352.7479999999998
694.9,352.6095999999999
695.0,352.6540000000001
695.1,352.88240000000025
695.2,352.98760000000004
695.3,352.88128712871253
695.4,352.72749999999985
695.5,352.671
695.6,352.6305000000001
695.7,352.69999999999976
695.8,352.82850000000025
695.9,353.05250000000035
696.0,353.1495000000001
696.1,353.16049999999984
696.2,353.0302970297037
696.3,352.8692
696.4,352.98960000000034
696.5,352.92179999999956
696.6,352.7106000000001
696.7,352.71939999999967
696.8,352.9374000000004
696.9,353.08
697.0,352.9611999999997
697.1,352.91881188118816
697.2,353.02881188118795
697.3,353.02169999999984
697.4,352.8746000000001
697.5,352.8376999999999
697.6,352.8694
697.7,352.86
697.8,352.7062999999996
697.9,352.78199999999975
698.0,352.75800000000027
698.1,352.7799009900983
698.2,353.0271999999997
698.3,353.08
698.4,352.8719999999993
698.5,352.68
698.6,352.7735999999999
698.7,352.9171999999997
698.8,352.97
698.9,353.0376000000002
699.0,353.089702970297
699.1,352.97800000000007
699.2,352.82390000000004
699.3,352.8720000000004
699.4,352.97
699.5,352.8221000000001
699.6,352.82789999999994
699.7,352.9139
699.8,352.86
699.9,353.00643564356466
700.0,352.95
700.1,352.8049999999997
700.2,352.82000000000016
700.3,352.785
700.4,352.8800000000004
700.5,353.025
700.6,353.02500000000026
700.7,352.97
700.8,352.9155445544553
700.9,352.81589999999994
701.0,352.77
701.1,352.7161
701.2,352.5718000000004
701.3,352.75440000000015
701.4,352.8047999999999
701.5,352.7609000000001
701.6,352.8621999999999
701.7,352.945466336633
701.8,352.95650693069234
701.9,352.7596
702.0,352.8131999999998
702.1,352.81680000000017
702.2,352.7604
702.3,352.87480000000073
702.4,352.93799999999993
702.5,352.81680000000017
702.6,352.88519999999954
702.7,352.9387128712875
702.8,352.86
702.9,352.86
703.0,352.7236999999998
703.1,352.8191000000004
703.2,352.9355000000005
703.3,352.85340000000014
703.4,352.78199999999975
703.5,352.8191000000004
703.6,352.9557425742575
703.7,352.87279999999976
703.8,352.83659999999907
703.9,352.81340000000034
704.0,352.78600000000057
704.1,352.71259999999955
704.2,352.7788000000003
704.3,352.8118000000011
704.4,352.70479999999935
704.5,352.5020792079207
704.6,352.5790000000002
704.7,352.5204999999997
704.8,354.8290000000057
704.9,458.52950000025504
705.0,662.0360000002024
705.1,739.5410000000413
705.2,718.5874999999694
705.3,729.7515000000158
705.4,733.6089999999905
705.5,730.5594059405948
705.6,715.551200000035
705.7,720.7715999999447
705.8,771.8672000000632
705.9,717.8728000001564
706.0,628.1451999999865
706.1,678.7823999999125
706.2,717.4272000000315
706.3,722.5524000000912
706.4,716.8509900989948
706.5,696.9398000001032
706.6,735.053799999999
706.7,736.3335000000015
706.8,743.1150000000263
706.9,730.9855999999203
707.0,729.3451000000996
707.1,747.1994000000151
707.2,649.7891000005073
707.3,633.851584158553
707.4,756.233799999987
707.5,763.0904000000104
707.6,749.1480000000007
707.7,733.7090000000157
707.8,727.6140000000726
707.9,743.5436000000036
708.0,744.9349999999936
708.1,754.0525999999991
708.2,738.1738000000186
708.3,725.3861386139445
708.4,733.1135999999631
708.5,732.8061000000046
708.6,821.5250999995495
708.7,775.3930000009296
708.8,650.0415000004689
708.9,784.6249999999969
709.0,771.3784999999945
709.1,733.9838000001196
709.2,728.7868316829813
709.3,761.018
709.4,761.52
709.5,765.712
709.6,744.5740000000001
709.7,732.1399999999105
709.8,741.25
709.9,736.888
710.0,767.812
710.1,755.2458415841584
710.2,763.4131999999572
710.3,750.5854999998361
710.4,732.1865000001384
710.5,689.1472999998567
710.6,596.9907999998532
710.7,650.3495999999496
710.8,679.9192000000933
710.9,653.1767999996827
711.0,601.0569425743703
711.1,641.1402970297033
711.2,684.6157999998537
711.3,715.6217999999519
711.4,621.1849999999656
711.5,609.6778000000425
711.6,679.9294000000148
711.7,650.5320000001664
711.8,597.8700000000339
711.9,684.195600000048
712.0,712.4362376237933
712.1,624.5236000001127
712.2,610.9019999998669
712.3,672.2243000000691
712.4,642.4045999998466
712.5,595.1150999998771
712.6,681.8281999998363
712.7,708.3054000001649
712.8,620.646499999821
712.9,615.6937623764355
713.0,674.6004000000038
713.1,639.212400000077
713.2,597.6539999997366
713.3,679.5112000000897
713.4,700.2123999998928
713.5,611.0987999999655
713.6,619.2335999999345
713.7,672.390400000045
713.8,633.4887762374658
713.9,601.0129554456723
714.0,676.9329999998954
714.1,690.842000000149
714.2,600.4985000000167
714.3,625.2360000003341
714.4,607.6889999995778
714.5,495.10499999987576
714.6,624.0539999998119
714.7,684.6165000001527
714.8,597.8235643564391
714.9,633.56440000014
715.0,686.0539999999387
715.1,628.410800000015
715.2,600.2199999997549
715.3,677.471600000106
715.4,693.7157999998593
715.5,623.8479999999927
715.6,645.4385999999865
715.7,694.0625742574263
715.8,656.2470999997302
715.9,604.8500999999482
716.0,678.4110999999532
716.1,725.7894999999971
716.2,685.6403000000887
716.3,622.9363000001753
716.4,668.8280000000078
716.5,631.8035000000608
716.6,594.3316831682259
716.7,662.1463999998116
716.8,674.6159999998041
716.9,599.8535999999913
717.0,622.7156000000297
717.1,660.9036000001474
717.2,609.6868000001235
717.3,575.2075999999789
717.4,587.4616000001143
717.5,613.8984792079018
717.6,578.6061069306973
717.7,637.7878999999557
717.8,736.7592999996655
717.9,633.3430000000176
718.0,608.6591999999788
718.1,679.904099999995
718.2,658.8652000000266
718.3,600.2047000002077
718.4,649.4779
718.5,652.5356435643482
718.6,637.3760000001662
718.7,612.9289999997976
718.8,678.9550000000281
718.9,655.5899999997574
719.0,598.2640000000526
719.1,664.102999999808
719.2,691.5160000002401
719.3,604.8239999999031
719.4,600.2936930694474
719.5,659.6110376237618
719.6,631.3775999999789
719.7,585.2291999999263
719.8,656.7257000000185
719.9,681.5520999999742
720.0,602.2795000000011
720.1,595.7456999999923
720.2,623.8021999998045
720.3,749.4133999999988
720.4,709.7985148515295
720.5,651.6683999998022
720.6,703.7372000001706
720.7,616.3976000001288
720.8,586.6828000002073
720.9,669.2112000001445
721.0,703.3984000002424
721.1,607.4884
721.2,636.6971999998104
721.3,691.8616831681634
721.4,620.6968999999513
721.5,568.4692
721.6,614.321100000116
721.7,705.9808000000655
721.8,617.597299999998
721.9,623.8915000000214
722.0,635.5531999999714
722.1,643.5390000000973
722.2,734.9531683168253
722.3,700.7076000000088
722.4,711.2936000000657
722.5,736.5147999999953
722.6,739.1289999999998
722.7,726.7808000000654
722.8,709.4784000002223
722.9,747.8817999998978
723.0,643.6158000003488
723.1,500.5762554453037
723.2,636.2280940593754
723.3,647.7474999999959
723.4,665.077500000091
723.5,726.2775000000054
723.6,719.35
723.7,705.4374999997617
723.8,750.8574999999682
723.9,729.9100000000001
724.0,737.5125000000346
724.1,750.9907920791843
724.2,723.3475999999973
724.3,715.7775999998955
724.4,702.1155999999337
724.5,734.7668000000864
724.6,662.365600000001
724.7,683.7623999999159
724.8,754.2068000000014
724.9,742.9736000000441
725.0,720.9167960395177
725.1,762.2793425743378
725.2,743.721399999964
725.3,758.3348000000362
725.4,770.7378999999645
725.5,750.6206999999929
725.6,730.5485000001302
725.7,712.7667999997926
725.8,765.5548999999914
725.9,741.5065999998623
726.0,669.6729702970044
726.1,661.8475999999799
726.2,694.8044000000029
726.3,709.2508000002741
726.4,778.2382000000003
726.5,778.9627999999974
726.6,782.8966000000012
726.7,772.9312000000166
726.8,731.2101999998141
726.9,705.455643564365
727.0,776.6095999999758
727.1,760.131999999987
727.2,766.9132999999681
727.3,766.7744999999006
727.4,733.964000000054
727.5,741.3316999999299
727.6,709.6768999997727
727.7,781.2637000000026
727.8,781.3586554455558
727.9,711.1083168316702
728.0,458.874
728.1,624.4079999999999
728.2,643.1559999998776
728.3,729.692
728.4,628.87
728.5,579.852
728.6,663.604
728.7,710.8360000001284
728.8,601.0053465346612
728.9,642.9346000002544
729.0,745.460300000251
729.1,630.2973000001705
729.2,580.1146999998135
729.3,668.3168000001893
729.4,703.8346999997775
729.5,597.5324999999596
729.6,642.7519999996853
729.7,744.5168316834603
729.8,631.1649999999624
729.9,581.2434000000453
730.0,673.9038000000277
730.1,699.5805999999387
730.2,595.4819999999869
730.3,650.3900000000643
730.4,746.0565999999486
730.5,638.1303999999617
730.6,586.225247524761
730.7,674.5823861385275
730.8,697.2402999996086
730.9,594.7214000000948
731.0,653.6844999997854
731.1,745.9410000001842
731.2,635.8459000001317
731.3,583.8893000002905
731.4,673.1642000000987
731.5,688.7915000002054
731.6,592.4320792077983
731.7,637.4736000001839
731.8,582.531999999929
731.9,526.1364000000522
732.0,594.5192000001152
732.1,684.5983999999814
732.2,606.294399999837
732.3,663.5552000001114
732.4,749.6683999999048
732.5,649.0141584157952
732.6,595.5259999998958
732.7,679.6854999999525
732.8,696.9559999996684
732.9,599.443999999956
733.0,651.6979999998537
733.1,746.6740000001093
733.2,652.8295000000912
733.3,598.2785000002489
733.4,681.7215495049203
733.5,698.7522495047814
733.6,600.3422000000311
733.7,651.15999999968
733.8,724.8219999998756
733.9,635.1927999998909
734.0,580.5094000001375
734.1,671.4334000000224
734.2,681.7768000003673
734.3,591.0392534654292
734.4,655.1477792080133
734.5,707.5580000001148
734.6,559.8046000000065
734.7,563.4364999999373
734.8,640.8887999999338
734.9,632.3344999999525
735.0,692.8494000000004
735.1,688.4165000000204
735.2,651.5622000000567
735.3,588.347227723023
735.4,658.5312000001355
735.5,711.84439999987
735.6,620.6620000000298
735.7,620.8043999997786
735.8,686.0099999999063
735.9,640.9144000000034
736.0,643.3688000000086
736.1,649.3299999999992
736.2,646.6177227723498
736.3,622.0749000000058
736.4,607.4778999999835
736.5,667.7366000000095
736.6,621.7475000000179
736.7,560.6447999999406
736.8,643.2652999999794
736.9,709.8948000000282
737.0,600.1002999999982
737.1,617.2547514851271
737.2,692.1455049505261
737.3,628.8780000000925
737.4,656.3099999997913
737.5,591.995000000333
737.6,756.6390000000023
737.7,738.0410000004022
737.8,587.723000000202
737.9,670.4760000000638
738.0,683.6199999997798
738.1,581.7715841582711
738.2,646.8463999999999
738.3,648.141200000001
738.4,645.9208999999836
738.5,588.6567000000209
738.6,675.0136000000076
738.7,693.9398000000226
738.8,581.2792999999999
738.9,597.4104000000412
739.0,751.5822772277172
739.1,633.5756000001154
739.2,580.3767999998827
739.3,642.4152000000933
739.4,679.6940000001721
739.5,743.2532000000778
739.6,703.9064000000012
739.7,700.5348000000627
739.8,668.9540000000036
739.9,674.2510297030913
740.0,722.1745871287039
740.1,733.2279000000087
740.2,752.4883000001673
740.3,702.0326999999008
740.4,572.466200000055
740.5,653.8143000000617
740.6,738.2941000000017
740.7,743.125699999971
740.8,746.2949999999629
740.9,699.9624752475584
741.0,756.0094000000546
741.1,719.1193999999837
741.2,730.8537999999895
741.3,738.0929999999985
741.4,737.9976000000158
741.5,740.4600000000607
741.6,702.4477999999133
741.7,752.9858000002109
741.8,594.5886138607176
741.9,400.0470000002932
742.0,645.0674999999994
742.1,648.3815000000681
742.2,719.4969999999983
742.3,720.6095000000137
742.4,730.5149999999662
742.5,705.0025000000614
742.6,756.1934999999971
742.7,753.8936732672823
742.8,766.7906495049516
742.9,764.5544000000408
743.0,723.4679999999544
743.1,770.0264000000371
743.2,743.1839999997189
743.3,1023.9463999986199
743.4,646.1623999998732
743.5,779.8380000000069
743.6,772.283600000007
743.7,764.9335643564356
743.8,765.7106000000366
743.9,786.3791999999119
744.0,733.114700000021
744.1,745.7042000001444
744.2,700.8548999997493
744.3,782.3587999999585
744.4,757.5551000000243
744.5,772.7575000000237
744.6,787.1453465347855
744.7,742.4841999999944
744.8,753.5041999998107
744.9,708.2215999999759
745.0,760.2967999999987
745.1,763.915399999981
745.2,798.3498000001479
745.3,483.5994000007522
745.4,665.787800000046
745.5,568.1399999999644
745.6,640.2658178215702
745.7,722.8876000003008
745.8,603.7675999999831
745.9,596.5167000001856
746.0,685.8961999999232
746.1,647.0492000002127
746.2,563.5811999998097
746.3,639.8209000001802
746.4,725.8601999997607
746.5,609.971089108895
746.6,602.08
746.7,694.05
746.8,640.2900000000001
746.9,558.08
747.0,641.01
747.1,743.19
747.2,607.2
747.3,607.63
747.4,695.8299999999999
747.5,633.6220792080468
747.6,557.6808000001557
747.7,636.6743999998351
747.8,747.3106000002774
747.9,606.1866999996407
748.0,610.8087999999877
748.1,714.909099999785
748.2,636.7501000001637
748.3,560.0664999998082
748.4,636.0858702970676
748.5,743.8720415842076
748.6,603.802799999934
748.7,612.4737999999528
748.8,737.2484000000578
748.9,639.8495999999536
749.0,563.9767999999658
749.1,648.58260000004
749.2,583.0630000002747
749.3,593.7909623762364
749.4,690.1083425745398
749.5,671.5645000000322
749.6,595.6183000001236
749.7,651.0922999999052
749.8,726.4836000002243
749.9,617.8889999996621
750.0,606.7388000000116
750.1,687.6210999998669
750.2,676.0747000000231
750.3,588.5416831682279
750.4,653.1964000000646
750.5,729.1344000000693
750.6,620.9735999998946
750.7,606.3464000000359
750.8,687.8756000000776
750.9,674.9315999999845
751.0,574.4003999999054
751.1,631.2096000000579
751.2,705.0181188118044
751.3,611.7444999996518
751.4,596.0095000000102
751.5,671.4404999999091
751.6,646.8165000000342
751.7,565.3295000000958
751.8,629.1115000002442
751.9,626.9805000000055
752.0,581.4030000000541
752.1,650.4409999999145
752.2,740.1138198017034
752.3,748.6890000000046
752.4,605.0793999997912
752.5,669.8874000001074
752.6,680.1371999999828
752.7,582.8240000003308
752.8,642.8976000000962
752.9,734.7286000001271
753.0,632.6241999998438
753.1,596.5262376237793
753.2,672.2188999999429
753.3,675.8851999999908
753.4,589.7508000000336
753.5,642.8557999999563
753.6,723.2093999999444
753.7,603.2491000000922
753.8,584.2574999999604
753.9,660.16269999997
754.0,647.6706930692751
754.1,561.7452000002168
754.2,622.7291999997974
754.3,701.0832000001433
754.4,609.4275999998063
754.5,595.5003999999893
754.6,716.2767999996884
754.7,661.1320000001948
754.8,533.4739999997589
754.9,643.3716000002382
755.0,738.9454455445502
755.1,648.2802000000247
755.2,592.4895000000115
755.3,666.1909000000156
755.4,680.4455999999984
755.5,584.593600000024
755.6,640.5335999999836
755.7,733.3962999999784
755.8,640.5022999999798
755.9,593.6285148514031
756.0,667.4659999998426
756.1,669.1630000000176
756.2,586.7060000002064
756.3,639.0460000001551
756.4,727.2030000002055
756.5,632.1460000002104
756.6,576.1740000001122
756.7,672.174999999745
756.8,727.6734752476318
756.9,736.9717386138642
757.0,698.1352999999899
757.1,751.1556000000148
757.2,714.9491999999889
757.3,721.4715000000097
757.4,721.8096999999998
757.5,734.0766000000032
757.6,733.4561999999995
757.7,645.3291999999775
757.8,624.2658415841244
757.9,711.4268000002746
758.0,728.6743999999926
758.1,738.0039999999822
758.2,741.7231999999947
758.3,706.1219999998885
758.4,752.9376000001603
758.5,734.7604000000365
758.6,727.949600000007
758.7,760.72960396026
758.8,735.7815999999766
758.9,733.4167000000017
759.0,693.8230999999687
759.1,639.2878999999618
759.2,624.591500000028
759.3,653.2688000000232
759.4,654.5444999999975
759.5,739.3561000000668
759.6,751.5400990099017
759.7,767.4201999999747
759.8,768.6353999999949
759.9,753.5578000000125
760.0,750.2972000000013
760.1,758.3127999999871
760.2,756.0968000000056
760.3,722.9947999998797
760.4,765.4987999999596
760.5,609.7888059408504
760.6,681.4941386139935
760.7,660.7445000001223
760.8,673.7230000000263
760.9,734.9745000000773
761.0,762.2125000000228
761.1,782.7045000000234
761.2,741.4710000001423
761.3,755.4185000000291
761.4,706.245499999929
761.5,768.6939603959902
761.6,747.249200000038
761.7,745.9827999999942
761.8,789.4048000001835
761.9,764.2412000000072
762.0,750.0056000000086
762.1,711.7836000000398
762.2,768.1847999999313
762.3,737.8231999998162
762.4,731.7110891089155
762.5,710.2975999999583
762.6,643.3227000001643
762.7,734.0043999996315
762.8,665.4188999998279
762.9,577.1273999998659
763.0,632.3557000001333
763.1,723.1425999997987
763.2,621.8979000004164
763.3,610.4972168316782
763.4,742.6105445543835
763.5,670.8224000000556
763.6,579.1710000000387
763.7,640.0415999999577
763.8,720.2280000000283
763.9,619.3600000000637
764.0,609.4857999999915
764.1,741.0569999999288
764.2,670.7344000000546
764.3,578.8110891087025
764.4,644.1356000002062
764.5,709.595800000117
764.6,611.1667000002209
764.7,619.4203999998954
764.8,738.7531000002814
764.9,673.9250999997702
765.0,585.6596999998309
765.1,647.5903999998432
765.2,702.3154415841357
765.3,605.7238019800775
765.4,626.416
765.5,736.726
765.6,669.832
765.7,587.8140000000001
765.8,648.7180000000861
765.9,696.416
766.0,600.506
766.1,626.6794653464272
766.2,810.1738544550552
766.3,677.9277999994392
766.4,658.4684000000874
766.5,586.4150000001097
766.6,615.0562999998712
766.7,689.9473999998403
766.8,664.9123999998689
766.9,655.140300000004
767.0,652.0888000000047
767.1,706.9358415841521
767.2,643.5318000003128
767.3,624.1794000000017
767.4,612.894399999993
767.5,659.3688000000291
767.6,603.0449999999589
767.7,637.1347999997861
767.8,708.4710000000327
767.9,724.417
768.0,648.7204950496143
768.1,666.8226999999164
768.2,647.5995000000647
768.3,639.6437000000053
768.4,638.2735999999932
768.5,693.7882999999604
768.6,631.196900000164
768.7,603.7501000000077
768.8,661.5273000002261
768.9,639.2394128712147
769.0,580.3690613860836
769.1,561.6719999999953
769.2,576.2231999999469
769.3,652.4548000000852
769.4,672.7155999999974
769.5,638.3039999999597
769.6,710.8116000000995
769.7,657.8324000002656
769.8,601.6541386137534
769.9,654.2529950495049
770.0,673.0525000000033
770.1,597.0775000001141
770.2,628.3899999999145
770.3,713.9175000003034
770.4,646.1675
770.5,585.9750000000457
770.6,653.3624999998826
770.7,672.8725000000095
770.8,603.4779207919096
770.9,618.2748000000703
771.0,693.5710000001142
771.1,624.707000000245
771.2,583.353600000041
771.3,644.3382000001186
771.4,660.420599999988
771.5,590.2867999998749
771.6,613.5213999998728
771.7,688.2415841583097
771.8,628.3815999999393
771.9,601.0836999999975
772.0,643.4928999999613
772.1,587.2992000000669
772.2,592.4808999999705
772.3,665.5803000000459
772.4,677.6685000000099
772.5,603.8498000000653
772.6,628.9771287127204
772.7,713.178799999755
772.8,665.513599999816
772.9,605.3039999999195
773.0,654.5968000001559
773.1,675.3788000000065
773.2,607.371600000253
773.3,632.87560000013
773.4,716.7324000001613
773.5,655.6526653463183
773.6,605.4301792079124
773.7,648.750499999984
773.8,644.0972999999614
773.9,578.2967000000177
774.0,422.2578000000427
774.1,367.1084000000002
774.2,365.99220000000025
774.3,365.27369999999945
774.4,365.0561
774.5,365.22683168316786
774.6,365.1770000000004
774.7,364.88200000000074
774.8,364.6469999999996
774.9,364.8000000000007
775.0,364.96699999999987
775.1,364.4330000000018
775.2,364.26699999999977
775.3,363.9639999999989
775.4,363.8823762376238
775.5,363.8479
775.6,363.88210000000004
775.7,363.7030000000009
775.8,357.537999999998
775.9,354.81
776.0,354.7686
776.1,354.8052
776.2,354.4022000000018
776.3,354.3403485148517
776.4,354.4748000000003
776.5,354.51
776.6,354.51
776.7,354.38760000000036
776.8,354.39800000000025
776.9,354.5592000000005
777.0,354.5452
777.1,354.23800000000074
777.2,354.3071999999995
777.3,354.3124752475246
777.4,354.3571000000001
777.5,354.1118999999997
777.6,354.2581000000003
777.7,354.3464000000002
777.8,354.2462999999999
777.9,354.0156999999998
778.0,354.0473000000001
778.1,354.25070000000017
778.2,354.0214851485152
778.3,354.10100000000114
778.4,354.09459999999996
778.5,353.7990000000005
778.6,353.80539999999974
778.7,353.8172000000001
778.8,353.6843999999995
778.9,353.71580000000006
779.0,353.83259999999984
779.1,353.93671881188124
779.2,353.7804950495057
779.3,353.75150000000014
779.4,353.9070000000002
779.5,353.7814999999997
779.6,353.8684999999995
779.7,353.781500000001
779.8,353.68
779.9,353.7840000000002
780.0,353.7229999999998
780.1,353.7243564356436
780.2,353.7088000000001
780.3,353.8016000000007
780.4,353.87
780.5,353.71640000000025
780.6,353.50840000000017
780.7,353.49119999999994
780.8,353.5392000000001
780.9,353.3771999999998
781.0,353.50178217821804
781.1,353.8126999999996
781.2,353.68690000000106
781.3,353.8524000000008
781.4,353.7968999999994
781.5,353.65999999999997
781.6,353.59070000000014
781.7,353.4492000000005
781.8,353.5412000000004
781.9,353.810891089109
782.0,353.8084000000001
782.1,353.80199999999996
782.2,353.92679999999996
782.3,353.78159999999957
782.4,353.59180000000003
782.5,353.61819999999994
782.6,353.59180000000003
782.7,353.72979999999984
782.8,353.6422752475242
782.9,353.4708910891088
783.0,353.44
783.1,353.5070999999997
783.2,353.55
783.3,353.72690000000057
783.4,353.77899999999977
783.5,353.60580000000016
783.6,353.38580000000053
783.7,353.23290000000026
783.8,353.40742574257456
783.9,353.532
784.0,353.586
784.1,353.246
784.2,353.11
784.3,353.40600000000063
784.4,353.532
784.5,353.41200000000003
784.6,353.466
784.7,353.38960396039636
784.8,353.2032999999997
784.9,353.2621000000005
785.0,353.6821999999999
785.1,353.7489000000006
785.2,353.4884000000005
785.3,353.5965000000009
785.4,353.4154999999986
785.5,353.40239999999994
785.6,353.6142574257425
785.7,353.2598000000015
785.8,353.2136000000002
785.9,353.6510000000002
786.0,353.29479999999955
786.1,353.20740000000023
786.2,353.3546000000003
786.3,353.3
786.4,353.37540000000007
786.5,353.34299999999996
786.6,353.22831683168323
786.7,353.36669999999947
786.8,353.5855000000004
786.9,353.70130000000006
787.0,353.60320000000036
787.1,353.43730000000016
787.2,353.33870000000013
787.3,353.42540000000065
787.4,353.3945999999999
787.5,353.3
787.6,353.3504000000001
787.7,353.33960000000013
787.8,353.5464000000004
787.9,353.5439999999997
788.0,353.39
788.1,353.2555999999998
788.2,353.2843999999996
788.3,353.39
788.4,353.290198019802
788.5,353.0890000000002
788.6,353.14949999999965
788.7,353.2305000000001
788.8,353.360500000001
788.9,353.2084999999995
789.0,353.2614999999994
789.1,353.4395000000001
789.2,353.39
789.3,353.230499999999
789.4,353.1
789.5,353.2674000000004
789.6,353.3992
789.7,353.39
789.8,353.2117999999996
789.9,353.0329999999999
790.0,353.15580000000034
790.1,353.20980000000014
790.2,353.3389999999989
790.3,353.5
790.4,353.5
790.5,353.28800000000024
790.6,353.3119999999997
790.7,353.4417000000001
790.8,353.34229999999985
790.9,353.19400000000013
791.0,353.0205000000001
791.1,353.24149999999963
791.2,353.4994227722771
791.3,353.5
791.4,353.22439999999904
791.5,353.3028000000012
791.6,353.55280000000005
791.7,353.56759999999963
791.8,353.61959999999993
791.9,353.28759999999886
792.0,353.1980000000007
792.1,353.44719999999995
792.2,353.5205940594059
792.3,353.4634999999997
792.4,353.39
792.5,353.39
792.6,353.4461
792.7,353.398
792.8,353.41220000000044
792.9,353.2038000000001
793.0,353.1039999999999
793.1,353.289900990099
793.2,353.2350000000002
793.3,353.2900000000004
793.4,353.2999999999996
793.5,353.255
793.6,353.3449999999998
793.7,353.22500000000076
793.8,353.03499999999985
793.9,353.01
794.0,353.135
794.1,353.37881188118786
794.2,353.3481000000006
794.3,353.092
794.4,352.94589999999994
794.5,353.1597000000001
794.6,353.1947999999999
794.7,353.11169999999936
794.8,353.19179999999994
794.9,353.0363
795.0,353.0330693069306
795.1,353.1239999999999
795.2,353.2651999999996
795.3,353.46200000000044
795.4,353.47759999999994
795.5,353.40040000000005
795.6,353.33720000000017
795.7,353.1408000000005
795.8,353.12920000000076
795.9,353.28907722772294
796.0,353.4128000000002
796.1,353.42719999999986
796.2,353.4550999999995
796.3,353.47489999999976
796.4,353.3611000000001
796.5,353.3594999999999
796.6,353.2706
796.7,353.3915999999996
796.8,353.3848999999998
796.9,353.09831683168323
797.0,353.1033999999996
797.1,353.34739999999977
797.2,353.58339999999964
797.3,353.60659999999905
797.4,353.21999999999946
797.5,353.0511999999997
797.6,353.1975999999999
797.7,353.06900000000047
797.8,353.27168316831876
797.9,353.52399999999943
798.0,353.1879999999998
798.1,353.1584999999999
798.2,353.10400000000095
798.3,353.0580000000003
798.4,353.13149999999985
798.5,353.07800000000003
798.6,353.11799999999994
798.7,353.1225792079208
798.8,353.18910891089115
798.9,353.1548000000003
799.0,352.9788
799.1,353.0383999999999
799.2,353.12199999999996
799.3,353.07079999999974
799.4,353.0755999999998
799.5,353.2188
799.6,353.34879999999976
799.7,353.2865346534662
799.8,353.0702000000002
799.9,353.0424999999996
800.0,353.0892000000007
800.1,353.2454000000001
800.2,353.05550000000045
800.3,353.0345000000002
800.4,353.11139999999995
800.5,353.1473000000002
800.6,353.10782178217806
800.7,352.97
800.8,352.88599999999957
800.9,352.9715999999998
801.0,353.18700000000007
801.1,353.121
801.2,353.02820000000014
801.3,352.90620000000024
801.4,353.0791999999999
801.5,353.1218811881191
801.6,353.02329999999967
801.7,353.0467000000003
801.8,352.8879999999996
801.9,352.9053000000007
802.0,353.06309999999996
802.1,352.9116000000006
802.2,353.0118999999985
802.3,353.2000999999992
802.4,353.2119000000012
802.5,353.32049504950425
802.6,353.066
802.7,353.2539999999998
802.8,353.276
802.9,353.166
803.0,353.144
803.1,353.166
803.2,353.04800000000023
803.3,353.022
803.4,352.96930693069277
803.5,352.8480000000001
803.6,353.02069999999975
803.7,353.1
803.8,353.0570999999997
803.9,353.0758000000005
804.0,353.0305999999997
804.1,352.93719999999905
804.2,353.08570000000077
804.3,352.9380000000005
804.4,352.98277227722735
804.5,352.99300000000017
804.6,353.04279999999983
804.7,352.8801999999996
804.8,353.1322000000001
804.9,353.1017999999998
805.0,352.82579999999996
805.1,352.76239999999996
805.2,352.79179999999985
805.3,353.0405940594066
805.4,353.0883999999991
805.5,352.80799999999937
805.6,352.9453000000005
805.7,352.8313999999997
805.8,352.92929999999967
805.9,352.9488000000003
806.0,353.0112000000004
806.1,352.81930000000017
806.2,352.96613861386004
806.3,353.2931999999999
806.4,353.1307999999998
806.5,353.0620000000002
806.6,353.16480000000007
806.7,353.1883999999993
806.8,353.1155999999995
806.9,352.8888000000003
807.0,353.1
807.1,353.25333861386144
807.2,353.45707920792086
807.3,353.2499999999993
807.4,353.11299999999994
807.5,353.2084999999996
807.6,353.3750000000001
807.7,353.16650000000044
807.8,352.8159999999992
807.9,352.84900000000096
808.0,353.24199999999985
808.1,353.3858415841581
808.2,353.3332000000016
808.3,353.0648000000003
808.4,353.3426000000005
808.5,353.4299999999993
808.6,353.13739999999996
808.7,353.09100000000115
808.8,352.9110000000002
808.9,353.17320000000063
809.0,353.28465346534614
809.1,352.9228999999999
809.2,353.02649999999994
809.3,353.23820000000126
809.4,353.43500000000034
809.5,353.0571000000001
809.6,353.1085999999997
809.7,353.39
809.8,353.26459999999906
809.9,353.0396999999999
810.0,353.03539405940603
810.1,352.92879999999974
810.2,352.96120000000025
810.3,353.0248000000007
810.4,353.22919999999965
810.5,353.1064
810.6,353.1136
810.7,353.1
810.8,353.2024000000006
810.9,353.2900990099005
811.0,353.01
811.1,353.0967999999999
811.2,353.20320000000004
811.3,352.9758999999997
811.4,352.85350000000005
811.5,352.8925999999999
811.6,353.17900000000003
811.7,353.0666
811.8,353.0099009900995
811.9,353.1600000000004
812.0,353.303
812.1,353.24700000000047
812.2,353.09400000000005
812.3,353.086
812.4,353.1
812.5,353.1900000000003
812.6,353.271000000001
812.7,353.04199999999946
812.8,353.21
812.9,353.29410000000007
813.0,353.34629999999987
813.1,352.97
813.2,353.21069999999906
813.3,353.6288999999999
813.4,353.1781
813.5,353.06229999999994
813.6,353.0077
813.7,353.13158415841576
813.8,353.1735999999996
813.9,353.14720000000034
814.0,353.25280000000043
814.1,353.11639999999977
814.2,353.11200000000065
814.3,352.8291999999997
814.4,352.9236000000009
814.5,353.2440000000008
814.6,352.9033663366337
814.7,352.9004999999999
814.8,353.1396000000003
814.9,353.42789999999985
815.0,353.1816999999998
815.1,352.86199999999974
815.2,352.8237999999995
815.3,353.36419999999964
815.4,352.9997000000001
815.5,353.08534653465347
815.6,353.1
815.7,353.1
815.8,353.0089999999989
815.9,352.8124000000005
816.0,353.0939999999995
816.1,353.3146000000004
816.2,353.0142000000004
816.3,352.79860000000036
816.4,352.93686534653517
816.5,353.04433168316825
816.6,352.99
816.7,353.15500000000225
816.8,352.7425000000004
816.9,353.01750000000015
817.0,353.0774999999999
817.1,353.01
817.2,353.02749999999975
817.3,353.1125000000001
817.4,353.21
817.5,353.21
817.6,353.1044000000004
817.7,352.8011999999999
817.8,352.9
817.9,352.9935999999997
818.0,353.22280000000023
818.1,353.02199999999993
818.2,353.04800000000006
818.3,353.01
818.4,353.07900000000046
818.5,353.1857999999997
818.6,352.7447000000003
818.7,352.76119999999867
818.8,353.0792999999999
818.9,353.0560000000003
819.0,353.15479999999985
819.1,352.94470000000035
819.2,353.00801980197866
819.3,353.3955999999984
819.4,353.01419999999996
819.5,353.0956
819.6,353.05580000000003
819.7,353.08879999999976
819.8,353.39999999999844
819.9,352.9132000000002
820.0,352.6139999999999
820.1,352.9723999999996
820.2,353.4656435643574
820.3,352.7020000000004
820.4,352.8915000000003
820.5,353.0289000000001
820.6,353.10419999999993
820.7,353.08850000000035
820.8,352.98890000000017
820.9,353.10200000000043
821.0,353.22639999999984
821.1,353.0500990099015
821.2,352.8999999999998
821.3,353.038
821.4,352.914
821.5,352.76599999999996
821.6,352.802
821.7,353.01
821.8,353.024
821.9,353.018
822.0,352.77
822.1,352.7917821782178
822.2,352.88
822.3,352.8590999999997
822.4,352.80800000000033
822.5,352.9320000000004
822.6,352.7491000000002
822.7,352.70179999999954
822.8,352.88380000000006
822.9,352.8752999999998
823.0,352.8320792079203
823.1,353.0765999999999
823.2,352.9772
823.3,352.98299999999995
823.4,352.8402
823.5,352.8418000000002
823.6,353.1681999999998
823.7,352.7698
823.8,352.8239999999999
823.9,352.6958039603961
824.0,352.8786999999998
824.1,352.9513000000002
824.2,352.86339999999996
824.3,352.85789999999963
824.4,352.7874000000005
824.5,352.97
824.6,352.97
824.7,352.9360000000003
824.8,352.80060000000054
824.9,352.9348514851483
825.0,352.86
825.1,352.884
825.2,352.9716000000009
825.3,352.77
825.4,352.78440000000006
825.5,352.89200000000017
825.6,353.02799999999996
825.7,352.8775999999996
825.8,352.9525742574257
825.9,352.8435000000001
826.0,352.7365000000001
826.1,352.65999999999997
826.2,352.6734999999999
826.3,352.75300000000004
826.4,352.77
826.5,352.7834999999999
826.6,352.86
826.7,352.8465000000001
826.8,352.78336633663395
826.9,352.89360000000033
827.0,353.1
827.1,353.08739999999995
827.2,352.9890000000005
827.3,352.84459999999984
827.4,352.83680000000084
827.5,353.2985999999993
827.6,352.86
827.7,352.8752475247522
827.8,352.97
827.9,352.9557000000001
828.0,352.8626
828.1,352.8774
828.2,352.84830000000005
828.3,352.75569999999965
828.4,352.68599999999986
828.5,352.8716999999999
828.6,352.912673267327
828.7,352.6731999999997
828.8,352.76759999999996
828.9,352.73919999999987
829.0,352.69960000000043
829.1,352.9636000000006
829.2,352.75920000000025
829.3,352.7040000000004
829.4,352.9124000000005
829.5,353.1043999999995
829.6,352.7579
829.7,352.6918999999998
829.8,352.96209999999996
829.9,353.038
830.0,352.86220000000003
830.1,352.88989999999995
830.2,352.97
830.3,352.97
830.4,352.9579
830.5,352.86
830.6,352.86
830.7,352.8460000000003
830.8,352.7139999999999
830.9,352.6690000000002
831.0,352.752
831.1,352.77
831.2,352.76800000000003
831.3,352.78300000000075
831.4,353.0978217821786
831.5,372.51730000004864
831.6,573.4814000000158
831.7,644.3939999999844
831.8,724.4374000000054
831.9,743.7325999999939
832.0,720.3358000000026
832.1,731.9846000000027
832.2,742.7285000000002
832.3,742.2978990099039
832.4,721.7760871286912
832.5,423.9476000001115
832.6,387.9979999995355
832.7,622.6296000000066
832.8,624.3972000001742
832.9,687.4116000001266
833.0,736.3964000000058
833.1,733.659199999996
833.2,735.9119999999956
833.3,738.2744554455495
833.4,739.1228999999908
833.5,726.2081999999967
833.6,722.0919000000015
833.7,728.6551999998517
833.8,761.9583999999769
833.9,746.1006000001526
834.0,933.8692999998036
834.1,665.5138999999974
834.2,666.0020792075404
834.3,762.8451999999997
834.4,759.697399999851
834.5,715.4629999999112
834.6,773.9676000000601
834.7,733.5017999999789
834.8,749.0408000000499
834.9,762.6099999999433
835.0,744.4359999999964
835.1,744.5665900990671
835.2,711.1077475245447
835.3,767.8419999999385
835.4,713.3444999999308
835.5,656.6430000000264
835.6,682.4475000000674
835.7,753.0004999999924
835.8,756.9505000000421
835.9,789.555499999942
836.0,741.5075000000111
836.1,748.586831683123
836.2,710.0635999999229
836.3,789.0479999997873
836.4,730.881599999979
836.5,754.5019999999658
836.6,789.314000000028
836.7,759.254400000009
836.8,748.0083999998486
836.9,709.4047999999219
837.0,790.1984158416249
837.1,749.7597000000621
837.2,728.8121000000559
837.3,707.7808999998583
837.4,625.8231000002304
837.5,762.6862999998272
837.6,644.9892000002435
837.7,567.7564999997383
837.8,656.0836000001291
837.9,730.7065445542482
838.0,598.2273999999868
838.1,616.8849999999294
838.2,766.6518000000541
838.3,648.4669999996693
838.4,569.2901999999588
838.5,659.8971999999678
838.6,726.6500000000611
838.7,595.3589999999883
838.8,623.7466000005916
838.9,766.249900990147
839.0,648.0858999998311
839.1,565.5128999997517
839.2,664.381799999857
839.3,719.7070999997375
839.4,593.0169000000649
839.5,625.8004000002823
839.6,764.2968000002835
839.7,651.274300000209
839.8,569.5148514853461
839.9,667.0
840.0,717.8
840.1,588.1
840.2,632.71
840.3,765.14
840.4,648.1800000000001
840.5,570.1800000000001
840.6,668.22
840.7,703.85
840.8,583.6814851482044
840.9,640.6221237625233
841.0,745.6846999997888
841.1,523.9306000004606
841.2,474.63520000009726
841.3,566.2498000002327
841.4,542.8754999999386
841.5,540.0362000000052
841.6,771.1551999995222
841.7,775.2224999999964
841.8,579.0043564355454
841.9,574.6773999999998
842.0,651.1884000000355
842.1,741.6360000000413
842.2,611.689000000538
842.3,626.9830000000084
842.4,758.944400000061
842.5,664.1395999999547
842.6,654.8489999999966
842.7,654.8261386138612
842.8,743.8081000002712
842.9,619.1892999996119
843.0,613.232400000003
843.1,739.2893999997931
843.2,568.7840000002861
843.3,561.7894999999951
843.4,633.1417000002175
843.5,730.9240999998566
843.6,603.4482297031833
843.7,612.6155168316347
843.8,731.7584000001124
843.9,638.0407999999065
844.0,577.7123999999468
844.1,713.638800000131
844.2,603.4128000004175
844.3,627.8024000000277
844.4,628.4823999999995
844.5,755.8520000001207
844.6,661.8047524753547
844.7,579.2810000000926
844.8,665.2890000003234
844.9,622.8530000000452
845.0,618.0615000000028
845.1,633.9759999999808
845.2,750.073999999862
845.3,585.5674999993877
845.4,573.5880000000029
845.5,663.1062376238772
845.6,713.673799999861
845.7,598.1846000004009
845.8,637.8368000000686
845.9,731.3156000001312
846.0,643.4377999998641
846.1,569.1596000002114
846.2,650.1801999997109
846.3,683.0686000000399
846.4,571.8617821782827
846.5,630.5308999999507
846.6,723.5300999999356
846.7,583.3402000001076
846.8,579.6370000000305
846.9,648.7495999999733
847.0,591.097800000046
847.1,591.1687999999965
847.2,675.2578999999386
847.3,700.1367039604686
847.4,590.7079801977841
847.5,646.86720000013
847.6,746.1899999997594
847.7,666.1388000002615
847.8,587.6391999998599
847.9,666.5432000001682
848.0,694.4560000000406
848.1,584.6624000002869
848.2,646.1587999997889
848.3,744.7963366336589
848.4,665.4699000000221
848.5,593.7580000000157
848.6,650.2289999999844
848.7,654.2460000000005
848.8,538.914999999977
848.9,669.1714999999647
849.0,719.052199999991
849.1,684.6348000000096
849.2,733.5248514850286
849.3,739.1479999999996
849.4,743.5760000000113
849.5,744.4569999999992
849.6,696.4040000001214
849.7,744.8349999998642
849.8,670.8359999997979
849.9,529.2539999996648
850.0,623.1219999997805
850.1,637.1612673267276
850.2,739.6765069306881
850.3,735.4479999999863
850.4,745.6709000000031
850.5,754.4613000000018
850.6,712.2127999999889
850.7,706.0700999999998
850.8,701.0215999999959
850.9,699.0927999999997
851.0,725.7190000000069
851.1,753.6856435643127
851.2,755.3468000000034
851.3,996.9352000007498
851.4,671.2219999988879
851.5,643.8259999999689
851.6,762.8231999997602
851.7,730.2500000001
851.8,726.5716000000091
851.9,695.6067999999028
852.0,751.5620792079856
852.1,750.307099999992
852.2,753.4270999999826
852.3,767.4919000000104
852.4,729.2176999999684
852.5,745.2197000000173
852.6,722.7666999999799
852.7,655.8276000002375
852.8,671.5256000000197
852.9,669.8570574257519
853.0,726.7982752474279
853.1,754.1451999999716
853.2,703.7486000000846
853.3,768.7548000002728
853.4,736.8212000000372
853.5,747.1537999999723
853.6,780.4697999999516
853.7,759.1312000000416
853.8,754.7123999999995
853.9,720.7838613860819
854.0,775.8490000000816
854.1,740.3104999999381
854.2,754.1039999999296
854.3,762.1195000000055
854.4,751.9954999999854
854.5,753.4800000000046
854.6,524.9114999996934
854.7,627.7374999995401
854.8,643.0472277227343
854.9,720.297999999983
855.0,629.0512000001152
855.1,603.3316000000059
855.2,689.2971999999058
855.3,650.0099999997581
855.4,571.8928000000146
855.5,627.340399999926
855.6,729.893999999903
855.7,633.7419524756012
855.8,611.1169316831686
855.9,680.0534000001321
856.0,646.3104999999082
856.1,572.1186000001693
856.2,629.0815999997501
856.3,733.654400000173
856.4,631.8546999997693
856.5,615.5615000000159
856.6,702.9259999997747
856.7,653.7084158416566
856.8,575.9997999999721
856.9,625.0467999999651
857.0,639.1961999999999
857.1,727.641399999951
857.2,627.9350000000661
857.3,614.3770000000055
857.4,718.1885999999439
857.5,658.0830000000457
857.6,578.359247524912
857.7,628.846000989899
857.8,727.8507000002118
857.9,627.6785999996973
858.0,611.8496000000312
858.1,723.3104999997806
858.2,663.268300000264
858.3,579.9327999998402
858.4,645.2962000002026
858.5,629.9036999999136
858.6,587.8118811881018
858.7,715.088
858.8,750.802000000002
858.9,657.482
859.0,601.528
859.1,663.032
859.2,680.496
859.3,598.629999999907
859.4,638.456
859.5,653.2527722772282
859.6,652.010800000003
859.7,606.8596000001162
859.8,663.4646000002169
859.9,680.9452999999976
860.0,605.6763000001038
860.1,641.2095999998562
860.2,720.4555999998329
860.3,639.9480999996908
860.4,590.8957188118524
860.5,648.8688039604335
860.6,664.6821999999986
860.7,592.6032000002832
860.8,622.9494000000294
860.9,609.4843999999839
861.0,601.592
861.1,589.9635999999932
861.2,656.562399999723
861.3,602.7783999999572
861.4,529.2802970295415
861.5,637.0123999999126
861.6,707.1039999999313
861.7,623.9162000001926
861.8,627.6623000001211
861.9,729.4130000003545
862.0,677.6107000000562
862.1,595.4878000001207
862.2,648.7259999998539
862.3,697.9106930693578
862.4,610.2843999998847
862.5,632.3888000000629
862.6,722.464400000088
862.7,677.4068000002287
862.8,603.4099999999373
862.9,653.67680000008
863.0,680.571200000007
863.1,601.8627999999036
863.2,618.3474613859667
863.3,696.3845049507328
863.4,628.5825
863.5,579.8625000000288
863.6,638.4349999999016
863.7,669.7374999999853
863.8,588.8549999996176
863.9,614.2425000000001
864.0,688.7424999999141
864.1,505.09500000030704
864.2,537.0329702966774
864.3,622.6366000000943
864.4,587.401399999902
864.5,625.7714000001052
864.6,728.9663999997751
864.7,681.0572000003318
864.8,596.6395999998944
864.9,645.0832000001265
865.0,697.0706000000514
865.1,615.9305940594226
865.2,629.6305999999562
865.3,725.2333000000585
865.4,681.6107000000678
865.5,600.5018000000507
865.6,649.7288999999354
865.7,698.4863999999783
865.8,616.4177999999323
865.9,611.4867999999733
866.0,671.8011881188886
866.1,610.3984000001626
866.2,694.7031999995619
866.3,740.1280000000012
866.4,746.0340000000144
866.5,748.2672
866.6,712.7812000000717
866.7,723.1431999999083
866.8,703.4015999999264
866.9,730.9845029703995
867.0,743.4388079207909
867.1,681.0970000000196
867.2,634.336900000007
867.3,635.5562000000155
867.4,638.4943000000004
867.5,708.7969999999774
867.6,742.4456999999985
867.7,741.284400000001
867.8,713.7570999999596
867.9,742.6212871287983
868.0,733.8770000000331
868.1,727.8529999999841
868.2,754.8069999999193
868.3,742.0169999999239
868.4,731.4729999999984
868.5,561.8600000002201
868.6,582.8779999996959
868.7,644.8259999999291
868.8,655.1225742574269
868.9,707.027800000017
869.0,747.9344000000059
869.1,717.0453999999872
869.2,738.3165999998366
869.3,759.6668000000013
869.4,754.0638999999976
869.5,760.5066000000032
869.6,735.3579999999903
869.7,741.7502178217509
869.8,732.4399643563595
869.9,744.4016000000829
870.0,685.6984000000366
870.1,663.3735999999736
870.2,675.2347999999806
870.3,716.9684000001538
870.4,736.5740000000063
870.5,762.4359999999866
870.6,763.8968000000277
870.7,768.7891089108451
870.8,765.4698999999919
870.9,727.7855999999656
871.0,740.0101000000293
871.1,720.4486999999656
871.2,736.2747999998854
871.3,767.0871000000151
871.4,763.1004999999885
871.5,778.5110000000213
871.6,749.4294059406337
871.7,740.583999999977
871.8,762.9620000000803
871.9,781.2320000000027
872.0,536.6972000005159
872.1,549.0203999997088
872.2,602.8724000000386
872.3,653.1976000002892
872.4,673.391399999997
872.5,608.9368376237384
872.6,622.160054455321
872.7,697.8434999997286
872.8,646.204999999861
872.9,600.2539999999944
873.0,656.2280000001008
873.1,672.1545000000423
873.2,602.643500000322
873.3,618.0770000000848
873.4,695.8907821782036
873.5,652.4843089109933
873.6,604.2992000000108
873.7,656.9051999999191
873.8,668.9903999998867
873.9,600.499999999935
874.0,617.7711999999296
874.1,694.205199999931
874.2,653.4120000000968
874.3,609.0931999999659
874.4,661.583762376442
874.5,663.1359999999223
874.6,592.0718000001071
874.7,613.5260999997532
874.8,700.8769000001427
874.9,657.4193999998065
875.0,605.8175999999834
875.1,662.0482999998785
875.2,657.6096000001864
875.3,588.1801980197789
875.4,613.650399999961
875.5,707.0909999999553
875.6,661.071600000061
875.7,614.8845999999965
875.8,639.4546000000444
875.9,650.3154000000018
876.0,669.7043999999847
876.1,682.4985999999999
876.2,684.7051683168239
876.3,620.787801979979
876.4,623.8894000001505
876.5,709.1962999999324
876.6,646.9887000004035
876.7,583.8565000000009
876.8,670.8341000002922
876.9,726.3408999999994
877.0,638.5386000001046
877.1,629.4255999998074
877.2,712.0872277226869
877.3,696.1439999998471
877.4,622.876
877.5,648.864
877.6,676.99
877.7,610.506
877.8,612.7340000001319
877.9,692.438
878.0,663.566
878.1,600.2078217822219
878.2,635.8695999998251
878.3,668.9293999999917
878.4,611.5925999997627
878.5,612.8140999999877
878.6,642.4304999999939
878.7,599.2779000001539
878.8,567.6121999999964
878.9,622.950200000237
879.0,662.8843841584139
879.1,620.4206831682861
879.2,640.1303999998082
879.3,620.0897999999553
879.4,576.5009999999982
879.5,618.4972000000344
879.6,704.2018000000425
879.7,683.035800000227
879.8,611.2357999999779
879.9,641.7065405940992
880.0,681.4172227722706
880.1,624.1903000001658
880.2,619.3711999998884
880.3,645.5670999999794
880.4,641.7719999999995
880.5,604.1143000001034
880.6,623.4699999998679
880.7,659.6444999999986
880.8,605.044899999715
880.9,602.5939603961629
881.0,680.3772000000774
881.1,650.12599999989
881.2,588.726000000024
881.3,633.6320000000834
881.4,587.3311999998593
881.5,541.2916000000358
881.6,577.9132000000313
881.7,607.6735999999573
881.8,617.30475247524
881.9,661.1390000000749
882.0,678.7675000000402
882.1,615.5435000000978
882.2,595.1009999999623
882.3,672.0130000003843
882.4,665.4439999999054
882.5,612.8755000000119
882.6,652.0789999999093
882.7,672.014207920823
882.8,614.5485465344698
882.9,616.6650000000993
883.0,689.7228000001
883.1,670.486800000107
883.2,609.6182000000929
883.3,620.2300000000607
883.4,639.0421999999958
883.5,676.9906000000994
883.6,721.8059999999772
883.7,739.9423762375947
883.8,742.9026999999877
883.9,744.5520999999928
884.0,750.2884999999991
884.1,724.3322000000343
884.2,713.3663999999837
884.3,705.1495999999466
884.4,667.3566000000264
884.5,647.9534000000016
884.6,640.0724752475473
884.7,682.1359999997468
884.8,709.7331999999407
884.9,726.662800000114
885.0,738.3427999999357
885.1,726.8663999999942
885.2,746.806799999922
885.3,741.6747999999341
885.4,723.6823999999979
885.5,706.601528712814
885.6,726.1612188119307
885.7,754.7925000000018
885.8,657.6749999996349
885.9,613.3645999999799
886.0,649.2181000000033
886.1,633.4775000000038
886.2,687.9897999999721
886.3,759.7505000000451
886.4,749.2168000000097
886.5,733.0397029702857
886.6,718.0100000000887
886.7,734.0199999998385
886.8,753.4499999999268
886.9,752.2150000000674
887.0,766.68
887.1,743.650000000103
887.2,745.8949999998869
887.3,725.924999999796
887.4,650.6392079207153
887.5,637.3872000000082
887.6,721.8783000000305
887.7,778.7069000000484
887.8,755.8398999999952
887.9,745.6640000000003
888.0,718.4568999999871
888.1,733.8359000000207
888.2,769.4935000000437
888.3,734.7491257425056
888.4,710.0665782178206
888.5,732.3135999999171
888.6,756.8739999999967
888.7,726.7684000001176
888.8,735.5432000002411
888.9,774.8415999999925
889.0,773.4099999999783
889.1,784.9971999999798
889.2,801.674689108843
889.3,643.35585148489
889.4,547.144800000139
889.5,612.3676999999378
889.6,609.6471000000661
889.7,694.0421999998978
889.8,667.3082999999071
889.9,606.905900000017
890.0,692.0030000001043
890.1,715.2769999999161
890.2,610.9950495049729
890.3,611.9050000003175
890.4,692.6662000000638
890.5,664.3388000001776
890.6,606.7159999999624
890.7,691.1857999997937
890.8,715.9893999996066
890.9,610.3607999999077
891.0,610.5883762376001
891.1,690.2787206367838
891.2,664.4216000001175
891.3,606.5168000000536
891.4,637.894799999973
891.5,616.8724000000778
891.6,569.0271999999999
891.7,634.4291089106238
891.8,662.31289999979
891.9,607.1194000000742
892.0,633.7388000000003
892.1,641.6860999999933
892.2,651.2185000000061
892.3,657.6137000000281
892.4,686.5987000000702
892.5,711.188199999998
892.6,681.3151485148027
892.7,691.2475999999467
892.8,697.0721999996767
892.9,601.7888000000102
893.0,499.95220000009624
893.1,459.9447999999104
893.2,572.1918000000021
893.3,606.8694000001944
893.4,659.3783999999991
893.5,643.2676237624299
893.6,618.9982
893.7,619.842299999995
893.8,656.9437000001792
893.9,655.2935999997339
894.0,577.4711999999995
894.1,609.4689999997952
894.2,690.1184999998028
894.3,690.3632999997691
894.4,624.3474504950523
894.5,660.676396039707
894.6,687.9300000000001
894.7,619.390000000143
894.8,597.8879999999999
894.9,625.716
895.0,609.0
895.1,609.106
895.2,646.6419999998368
895.3,674.4
895.4,605.6760396038871
895.5,592.0888000000589
895.6,676.1365999998179
895.7,682.2952000002524
895.8,608.7119000000106
895.9,628.3191000001093
896.0,611.4498999999188
896.1,542.997800000002
896.2,603.0527999996817
896.3,688.5406930692658
896.4,636.895399999956
896.5,604.2744000000326
896.6,678.5446000000355
896.7,684.3474000001429
896.8,612.1521999999969
896.9,638.5466000000366
897.0,675.150599999984
897.1,621.2561999999615
897.2,600.1618792078185
897.3,682.1228603961481
897.4,689.6835999998501
897.5,615.5015000000001
897.6,641.1368999998897
897.7,663.2949000000926
897.8,597.198699999765
897.9,579.4802000001114
898.0,667.6431999998578
898.1,676.9056000002023
898.2,599.5711881187945
898.3,637.972000000085
898.4,672.5367999999362
898.5,602.312399999936
898.6,588.0335999999378
898.7,593.8396000004943
898.8,525.9500000000482
898.9,575.1700000000387
899.0,610.9848000000218
899.1,621.2706930693045
899.2,641.5094999999047
899.3,686.6429999999092
899.4,639.2819999998438
899.5,596.3189999999582
899.6,655.4974999998853
899.7,682.4030000001255
899.8,607.5884999999703
899.9,632.0575000001566
900.0,681.9290396039789
900.1,639.6322019803615
900.2,606.1099999997662
900.3,679.6848000001006
900.4,691.8137999998535
900.5,611.675599999963
900.6,612.7185999999899
900.7,562.0342000008193
900.8,383.5543999999654
900.9,366.71099999999956
901.0,367.0186138613872
901.1,367.8061000000006
901.2,367.17080000000016
901.3,367.01
901.4,366.9143000000002
901.5,366.75299999999993
901.6,366.7870000000001
901.7,366.6705000000001
901.8,366.5402999999998
901.9,366.51594059405943
902.0,366.4971999999999
902.1,366.4567999999987
902.2,366.3484000000038
902.3,365.56360000000086
902.4,365.79719999999946
902.5,364.90879999999925
902.6,360.5888000000243
902.7,354.69639999999856
902.8,355.0147999999998
902.9,354.76891089108847
903.0,354.3659
903.1,354.4170999999999
903.2,354.5481000000001
903.3,354.3030000000009
903.4,354.4170000000001
903.5,354.30299999999994
903.6,354.51
903.7,354.4170000000001
903.8,354.33584158415994
903.9,354.46699999999885
904.0,354.08599999999996
904.1,353.95800000000054
904.2,353.79
904.3,353.78099999999995
904.4,353.76
904.5,353.7930000000001
904.6,353.87
904.7,353.88461386138596
904.8,353.8823
904.9,353.79
905.0,353.81320000000005
905.1,353.90190000000007
905.2,354.0321999999998
905.3,354.14549999999997
905.4,354.0404
905.5,353.87
905.6,353.90190000000007
905.7,353.9484158415842
905.8,353.9820000000011
905.9,354.21679999999975
906.0,353.95400000000086
906.1,353.6747999999997
906.2,353.8711999999995
906.3,354.0884000000001
906.4,354.1240000000001
906.5,354.09280000000047
906.6,353.90613861386146
906.7,353.83490000000006
906.8,353.80480000000017
906.9,353.8638999999997
907.0,353.6283000000002
907.1,353.82649999999995
907.2,353.84129999999993
907.3,353.83419999999967
907.4,353.5858000000004
907.5,353.94313564356446
907.6,353.81326732673267
907.7,353.8777999999993
907.8,354.1607999999987
907.9,353.78759999999954
908.0,353.6437999999998
908.1,353.71140000000014
908.2,353.6715999999998
908.3,353.85760000000084
908.4,353.95379999999926
908.5,353.6053465346537
908.6,353.4775
908.7,353.7125000000004
908.8,353.65750000000014
908.9,353.8400000000005
909.0,354.0199999999994
909.1,353.6075
909.2,353.46249999999986
909.3,353.44999999999976
909.4,353.3346534653466
909.5,353.5119999999997
909.6,353.6680000000003
909.7,353.52879999999965
909.8,353.6875999999987
909.9,353.32159999999993
910.0,353.4475999999998
910.1,353.5508000000003
910.2,353.4319999999995
910.3,353.7281227722758
910.4,353.3282841584164
910.5,353.40120000000024
910.6,353.68940000000066
910.7,353.54529999999966
910.8,353.51959999999923
910.9,353.2052000000004
911.0,353.42680000000007
911.1,353.48330000000084
911.2,353.26919999999984
911.3,353.4229702970303
911.4,353.7938000000001
911.5,353.4408000000004
911.6,352.9173999999997
911.7,353.46419999999995
911.8,353.5896000000006
911.9,353.68380000000013
912.0,353.4716000000001
912.1,353.37259999999986
912.2,353.57772277227747
912.3,353.4131000000002
912.4,353.5273000000003
912.5,353.6531000000001
912.6,353.6476000000011
912.7,353.34199999999953
912.8,353.50840000000005
912.9,353.46649999999926
913.0,353.2425000000003
913.1,353.42960396039615
913.2,353.43799999999976
913.3,353.63
913.4,353.626
913.5,353.58799999999997
913.6,353.442
913.7,353.2939999999996
913.8,353.63
913.9,353.542
914.0,353.19
914.1,353.19
914.2,353.2564999999993
914.3,353.5152999999997
914.4,353.40619999999996
914.5,353.39379999999994
914.6,353.4062
914.7,353.35200000000043
914.8,353.15579999999954
914.9,353.0822000000006
915.0,353.3730693069308
915.1,353.35940000000016
915.2,353.50760000000025
915.3,352.9770000000001
915.4,353.1720000000002
915.5,353.48019999999997
915.6,353.4098
915.7,353.4280000000001
915.8,353.09279999999995
915.9,353.11881188118815
916.0,353.3186000000007
916.1,353.0413999999993
916.2,353.35260000000034
916.3,353.24820000000136
916.4,353.548399999999
916.5,353.14150000000006
916.6,353.12719999999973
916.7,353.19200000000063
916.8,352.94969603960544
916.9,353.39764752475276
917.0,353.3771999999997
917.1,353.1464
917.2,353.3228000000015
917.3,353.0436000000004
917.4,353.35319999999956
917.5,352.98840000000024
917.6,353.15799999999996
917.7,353.02199999999925
917.8,353.22801980198034
917.9,353.46299999999974
918.0,353.6110000000003
918.1,353.37350000000015
918.2,353.29649999999987
918.3,353.37649999999974
918.4,353.3164999999999
918.5,353.40700000000004
918.6,353.3165000000006
918.7,352.972772277227
918.8,353.37739999999985
918.9,353.3154000000002
919.0,353.4072
919.1,353.3647999999999
919.2,353.2687999999987
919.3,353.58379999999954
919.4,353.2663999999997
919.5,353.1118000000005
919.6,353.3631326732669
919.7,352.95
919.8,352.99550000000113
919.9,353.3
920.0,353.3454999999998
920.1,353.5707000000004
920.2,353.0854999999998
920.3,353.3236999999983
920.4,352.9462999999996
920.5,353.35880000000014
920.6,353.12683168316846
920.7,352.9915999999995
920.8,353.15
920.9,353.19680000000074
921.0,353.50879999999967
921.1,353.2476000000007
921.2,353.0447999999992
921.3,353.2976
921.4,353.3088000000004
921.5,353.47247524752413
921.6,353.14969999999994
921.7,353.3801000000001
921.8,353.30989999999997
921.9,353.3416000000001
922.0,352.96209999999996
922.1,353.0743
922.2,353.19
922.3,353.2504999999999
922.4,353.6697198019803
922.5,353.1425841584159
922.6,353.4800000000005
922.7,353.2690000000007
922.8,353.0160000000006
922.9,353.26400000000035
923.0,353.37599999999975
923.1,353.2150000000008
923.2,352.9
923.3,352.9090000000002
923.4,353.00485148514883
923.5,353.11839999999995
923.6,352.9099
923.7,353.0594999999999
923.8,353.5185999999999
923.9,353.1315000000001
924.0,353.42839999999995
924.1,353.2181
924.2,353.2721000000001
924.3,353.0176237623764
924.4,353.26799999999906
924.5,352.9159999999996
924.6,353.1191999999995
924.7,353.34000000000003
924.8,353.32079999999934
924.9,353.1
925.0,353.1231999999995
925.1,353.37880000000024
925.2,353.27319999999946
925.3,353.4725069306913
925.4,352.69850000000037
925.5,353.18549999999976
925.6,352.8768000000001
925.7,353.10769999999957
925.8,353.2177000000001
925.9,353.32
926.0,353.28779999999966
926.1,352.8859000000001
926.2,353.2043564356449
926.3,352.86780000000044
926.4,352.99120000000005
926.5,353.01
926.6,353.0177999999998
926.7,353.1298000000003
926.8,352.97
926.9,352.9808000000005
927.0,353.13260000000037
927.1,352.88079207920737
927.2,353.2045000000004
927.3,353.1
927.4,353.09349999999984
927.5,352.98200000000026
927.6,353.2220000000002
927.7,353.420500000002
927.8,352.87550000000033
927.9,353.172
928.0,353.19349999999963
928.1,352.89633663366374
928.2,353.20480000000015
928.3,353.07119999999924
928.4,352.86439999999993
928.5,352.96200000000016
928.6,352.7831999999997
928.7,353.0868000000003
928.8,352.77880000000073
928.9,352.9908
929.0,353.00049504950516
929.1,352.77989999999903
929.2,353.0928000000007
929.3,352.87200000000064
929.4,353.2518999999996
929.5,352.9894
929.6,352.9843999999986
929.7,353.43230000000176
929.8,352.85729999999984
929.9,352.77267326732687
930.0,352.86259999999993
930.1,352.9896
930.2,352.9660000000001
930.3,352.7840000000028
930.4,353.4578000000003
930.5,352.8647999999999
930.6,353.09740000000005
930.7,352.97
930.8,352.9773267326748
930.9,353.33231782178103
931.0,352.6624000000005
931.1,352.8976000000006
931.2,352.66239999999937
931.3,352.9011000000002
931.4,353.0073999999995
931.5,352.75020000000006
931.6,352.77089999999976
931.7,352.8612999999997
931.8,352.9878217821778
931.9,352.77
932.0,352.77
932.1,353.1
932.2,352.88
932.3,353.1
932.4,352.65999999999997
932.5,352.48
932.6,352.86
932.7,353.1
932.8,353.01089108910867
932.9,352.9703999999999
933.0,352.8611000000002
933.1,352.9886999999997
933.2,353.3958999999992
933.3,352.75649999999837
933.4,353.03710000000075
933.5,353.19839999999965
933.6,352.7743000000009
933.7,353.3875247524727
933.8,352.9785999999998
933.9,352.81319999999994
934.0,353.0942000000001
934.1,352.97259999999994
934.2,353.0973999999995
934.3,353.01179999999994
934.4,353.30400000000014
934.5,352.9081999999998
934.6,352.9
934.7,352.9
934.8,353.2007000000009
934.9,353.41370000000063
935.0,353.32300000000015
935.1,352.8447000000008
935.2,353.1112999999995
935.3,352.9259999999994
935.4,352.88119999999986
935.5,353.0933999999997
935.6,352.86950495049484
935.7,352.98479999999955
935.8,352.7787999999998
935.9,353.08680000000027
936.0,352.5911999999995
936.1,353.18440000000055
936.2,353.01800000000065
936.3,352.8659999999999
936.4,353.1960000000003
936.5,352.70623762376295
936.6,353.0789999999995
936.7,352.7675000000004
936.8,353.04450000000105
936.9,352.90800000000013
937.0,353.0044999999999
937.1,352.7345000000003
937.2,352.85299999999984
937.3,353.3635000000018
937.4,352.9451930693069
937.5,352.92
937.6,352.96699999999987
937.7,352.76320000000067
937.8,353.00380000000035
937.9,352.9071999999998
938.0,352.73079999999976
938.1,352.4944000000007
938.2,352.48
938.3,353.06280000000083
938.4,352.7928712871289
938.5,353.1791999999997
938.6,352.88450000000023
938.7,353.0831999999998
938.8,352.7465999999985
938.9,352.58050000000003
939.0,352.70949999999993
939.1,352.76649999999995
939.2,352.72350000000006
939.3,352.6647524752474
939.4,352.7612000000002
939.5,353.1748000000008
939.6,353.10880000000026
939.7,353.1
939.8,352.7963999999994
939.9,352.77
940.0,352.77
940.1,352.9907999999994
940.2,352.7903841584162
940.3,352.9520801980198
940.4,352.97
940.5,353.0064
940.6,352.87350000000004
940.7,353.09659999999997
940.8,353.10179999999997
940.9,353.1
941.0,352.6177000000001
941.1,353.03409999999985
941.2,353.01693069306947
941.3,352.9109999999997
941.4,353.08000000000044
941.5,352.7040000000008
941.6,353.055999999999
941.7,353.1
941.8,353.1
941.9,352.9829999999997
942.0,352.8710000000002
942.1,353.43920792079206
942.2,352.5754999999998
942.3,352.9495000000004
942.4,352.6984999999999
942.5,352.71340000000004
942.6,352.97810000000004
942.7,352.6984999999999
942.8,352.8736000000002
942.9,352.8644
943.0,352.99138514851444
943.1,352.8781069306934
943.2,352.68400000000037
943.3,352.8712000000006
943.4,352.9968000000003
943.5,352.91320000000013
943.6,352.86480000000006
943.7,352.73680000000024
943.8,352.6231999999997
943.9,353.3052000000022
944.0,352.69425742574185
944.1,352.2158999999997
944.2,352.9081999999972
944.3,352.83729999999986
944.4,352.73169999999993
944.5,352.7461
944.6,352.8022
944.7,352.8882999999997
944.8,352.6128999999998
944.9,352.69920792079193
945.0,352.7458
945.1,352.97359999999964
945.2,352.99280000000005
945.3,352.6287999999987
945.4,352.57
945.5,352.57
945.6,352.7763999999997
945.7,352.90459999999985
945.8,352.7156435643561
945.9,352.5350544554453
946.0,352.6545000000002
946.1,353.1305000000006
946.2,352.79350000000136
946.3,352.6689999999999
946.4,353.0340000000005
946.5,352.74299999999954
946.6,352.88400000000024
946.7,352.7925000000004
946.8,352.6942574257423
946.9,352.7892
947.0,352.81
947.1,353.3895999999994
947.2,352.8868000000007
947.3,352.43399999999855
947.4,352.7059999999999
947.5,352.97159999999974
947.6,352.8420000000002
947.7,353.10940594059315
947.8,353.24470000000014
947.9,352.9279999999994
948.0,352.76869999999985
948.1,353.04049999999927
948.2,352.9506000000005
948.3,352.7539999999997
948.4,352.76150000000007
948.5,352.77
948.6,352.8446999999998
948.7,352.71207920792097
948.8,352.60619999999994
948.9,352.32760000000013
949.0,352.6799999999998
949.1,352.8438
949.2,352.5484000000002
949.3,352.7178000000001
949.4,352.9339999999999
949.5,352.8060000000001
949.6,352.60762376237665
949.7,352.64289999999977
949.8,352.5141999999996
949.9,352.7878000000008
950.0,352.6250999999994
950.1,352.6428999999998
950.2,352.58710000000025
950.3,352.8049000000006
950.4,352.6250999999994
950.5,352.8025742574259
950.6,352.86
950.7,352.556
950.8,352.8720000000004
950.9,352.794
951.0,352.606
951.1,352.802
951.2,352.716
951.3,352.68
951.4,352.68
951.5,352.5928712871289
951.6,352.6568999999998
951.7,352.75109999999984
951.8,352.9280000000005
951.9,352.88309999999973
952.0,352.86
952.1,352.86
952.2,353.03379999999953
952.3,352.99309999999974
952.4,352.97
952.5,352.74379999999985
952.6,352.83600000000007
952.7,352.56800000000123
952.8,352.8622000000002
952.9,352.8139999999999
953.0,352.84020000000004
953.1,352.56359999999984
953.2,352.55019999999973
953.3,352.4148495049502
953.4,352.83220495049676
953.5,352.97
953.6,352.76210000000043
953.7,352.99259999999936
953.8,352.9952999999997
953.9,352.8852999999997
954.0,352.86
954.1,352.7060000000003
954.2,352.59070000000014
954.3,352.87495049505003
954.4,352.7343999999997
954.5,352.52319999999986
954.6,352.7156000000003
954.7,352.62280000000055
954.8,352.57
954.9,352.6536000000001
955.0,352.68
955.1,352.44439999999975
955.2,352.588217821782
955.3,352.5249999999994
955.4,352.615
955.5,352.44250000000034
955.6,352.51999999999975
955.7,352.7199999999998
955.8,352.7024999999997
955.9,352.5975
956.0,352.585
956.1,352.59000000000003
956.2,352.4272000000007
956.3,352.45140000000015
956.4,352.5466000000001
956.5,352.5033999999999
956.6,352.54659999999984
956.7,352.28880000000123
956.8,352.55260000000067
956.9,352.8132000000003
957.0,352.5787999999995
957.1,352.62653465346534
957.2,352.68
957.3,352.46099999999984
957.4,352.5989999999998
957.5,352.82599999999985
957.6,352.6537000000002
957.7,352.6502999999999
957.8,352.68
957.9,352.45370000000025
958.0,352.51455445544576
958.1,352.5052000000001
958.2,352.67439999999925
958.3,352.75
958.4,352.90840000000037
958.5,352.97
958.6,352.76120000000043
958.7,352.68
958.8,352.9824000000008
958.9,352.928910891089
959.0,352.86
959.1,352.64700000000005
959.2,352.7729999999999
959.3,352.8102999999999
959.4,352.8397
959.5,352.73220000000003
959.6,352.88589999999994
959.7,352.7641000000001
959.8,352.7446732673266
959.9,352.77
960.0,352.77
960.1,352.77
960.2,352.63000000000045
960.3,352.57
960.4,352.77300000000065
960.5,352.9369999999999
960.6,352.97
960.7,352.7600000000007
960.8,352.6145544554455
960.9,352.57620000000003
961.0,352.5838
961.1,352.70040000000006
961.2,352.5637000000008
961.3,352.60420000000005
961.4,352.79800000000006
961.5,352.65989999999994
961.6,352.64590000000004
961.7,352.8781188118809
961.8,352.63651485148387
961.9,352.6636000000007
962.0,352.7024
962.1,352.46920000000057
962.2,352.50599999999963
962.3,352.8420000000011
962.4,352.6979999999989
962.5,352.50880000000006
962.6,352.4664
962.7,352.80336633663205
962.8,352.6416999999997
962.9,352.5336000000001
963.0,352.6404000000001
963.1,352.68
963.2,352.68
963.3,352.61969999999997
963.4,352.7709000000002
963.5,352.6656999999998
963.6,352.64297029702965
963.7,352.75259999999986
963.8,352.79
963.9,352.79
964.0,352.79
964.1,352.79
964.2,352.79
964.3,352.71739999999966
964.4,352.68
964.5,352.6081188118812
964.6,352.64149999999984
964.7,352.5500000000007
964.8,352.61000000000024
964.9,352.68
965.0,352.75150000000014
965.1,352.7185000000002
965.2,352.68
965.3,352.68
965.4,352.68
965.5,352.6096000000001
965.6,352.57
965.7,352.6403999999999
965.8,352.68
965.9,352.75040000000007
966.0,352.7196000000001
966.1,352.5584000000002
966.2,352.68199999999973
966.3,352.79
966.4,352.79
966.5,352.79
966.6,478.953799999745
966.7,660.4019999994964
966.8,723.5319000000002
966.9,741.1444000000444
967.0,741.8146999999757
967.1,731.7904000000087
967.2,731.4601999999895
967.3,708.3122772277105
967.4,692.0596000000011
967.5,680.209400000008
967.6,840.3085999998777
967.7,786.1698000001147
967.8,691.1856000000018
967.9,712.3931999999849
968.0,726.396799999999
968.1,746.324599999986
968.2,730.5328712872047
968.3,720.4768000000242
968.4,698.0381999999092
968.5,725.2660999999468
968.6,749.348000000018
968.7,741.4526000000209
968.8,749.4057000000377
968.9,728.5831999999061
969.0,614.3710000001149
969.1,604.4980089108201
969.2,674.1842970297043
969.3,695.7699999999933
969.4,737.322
969.5,740.96
969.6,739.2
969.7,748.44
969.8,751.0860000000094
969.9,751.892
970.0,727.9985742574255
970.1,747.8142574256713
970.2,749.648300000077
970.3,739.5241000000225
970.4,762.2257000000807
970.5,721.7441000000165
970.6,670.4706000000484
970.7,734.7854999997433
970.8,738.7249999997987
970.9,743.9815000001622
971.0,778.771584158434
971.1,763.2949999999832
971.2,753.3815999999792
971.3,729.9285999999785
971.4,729.4800000000153
971.5,744.5418000000008
971.6,748.5080000000025
971.7,778.7521999998951
971.8,770.7329999999779
971.9,753.7627722772233
972.0,726.946500000082
972.1,749.3710999998755
972.2,756.145900000075
972.3,767.714500000165
972.4,615.0128999998872
972.5,595.3408999996826
972.6,621.8869000001653
972.7,615.5781999998931
972.8,693.2894039605504
972.9,661.3724356434541
973.0,599.7303999999887
973.1,643.5780000000801
973.2,676.3280000000175
973.3,616.4487999999104
973.4,612.3504000000637
973.5,690.0396000000761
973.6,662.2875999998952
973.7,604.8064000000197
973.8,645.02633663385
973.9,668.9929999999791
974.0,607.2560000001063
974.1,608.249499999911
974.2,685.8794999999122
974.3,663.7329999996475
974.4,610.3769999999886
974.5,653.9894999998983
974.6,667.4860000000554
974.7,599.0696039605864
974.8,604.6606000001124
974.9,691.0304000001224
975.0,668.7079999998393
975.1,609.9246000000093
975.2,650.300799999739
975.3,662.1639999999346
975.4,596.195599999889
975.5,558.7808
975.6,604.4280198020031
975.7,693.090199999937
975.8,669.6198999998164
975.9,609.3554000000013
976.0,656.3165999999385
976.1,661.7154000000477
976.2,527.2831000001308
976.3,506.90210000019147
976.4,551.0221000000228
976.5,535.2199000000002
976.6,660.6402574253253
976.7,774.2848
976.8,670.1447999996358
976.9,573.7599999999991
977.0,619.820800000162
977.1,698.8767999999619
977.2,665.4968000003511
977.3,615.736400000042
977.4,698.9184000002523
977.5,713.2792079207153
977.6,621.5407000000189
977.7,629.8086999999781
977.8,645.0427999998744
977.9,612.6066000000008
978.0,620.3131999999958
978.1,699.5016999999687
978.2,706.2649000000271
978.3,605.5995999998338
978.4,612.8045544555428
978.5,689.855
978.6,654.7600000002965
978.7,604.0299999999343
978.8,683.5950000002961
978.9,686.684999999718
979.0,607.4499999999999
979.1,580.2900000000452
979.2,660.2599999995912
979.3,685.4164356432702
979.4,622.5932178217876
979.5,665.5191000000191
979.6,674.7172999999846
979.7,604.1108000001462
979.8,604.9032000000177
979.9,691.0406000000216
980.0,674.0204999999696
980.1,615.6414000000045
980.2,676.435999999793
980.3,687.9905940592848
980.4,609.05799999996
980.5,606.4867999998651
980.6,691.0147999998258
980.7,677.4980000002399
980.8,618.2844000000533
980.9,672.46560000005
981.0,677.5216000001616
981.1,596.0356000001337
981.2,594.2657425740454
981.3,672.9760000000558
981.4,656.2639999999128
981.5,596.8349000000121
981.6,671.4877000000947
981.7,688.0990000001765
981.8,595.0506999999583
981.9,563.0242000000005
982.0,561.1299999999966
982.1,613.8657772278034
982.2,701.0248217821629
982.3,728.702399999995
982.4,676.418199999878
982.5,686.2351999997918
982.6,718.1006000001499
982.7,619.324200000117
982.8,615.515600000294
982.9,694.2964000000686
983.0,669.7732000001733
983.1,610.864653465298
983.2,687.7794999995051
983.3,717.6039999998737
983.4,618.3544999999036
983.5,616.7425000001138
983.6,694.7379999999537
983.7,665.1200000004372
983.8,600.0415000000137
983.9,606.7700000000002
984.0,644.969603960415
984.1,718.8535999999453
984.2,736.2316000000337
984.3,718.6400000000118
984.4,737.5807999999693
984.5,739.3776000000355
984.6,720.0327999999948
984.7,703.2304000000412
984.8,710.2064000001204
984.9,835.0566336634006
985.0,812.8260999995166
985.1,678.713899999967
985.2,723.2361000000494
985.3,717.8925000000155
985.4,703.6312999999267
985.5,709.4767000001189
985.6,747.8360000000035
985.7,747.624999999963
985.8,753.2980475247483
985.9,732.2151029702652
986.0,718.1877999999872
986.1,719.4650000000163
986.2,717.8021999999794
986.3,837.7580000004866
986.4,824.4122000001545
986.5,636.9797999999897
986.6,700.3089999999456
986.7,751.9080000000191
986.8,727.7103960396057
986.9,714.9860999999349
987.0,722.5971000000117
987.1,759.5929000000058
987.2,760.189799999988
987.3,763.4487000000022
987.4,747.2658999999161
987.5,732.4139000000042
987.6,734.6957000000682
987.7,637.4824752481842
987.8,571.55
987.9,650.276
988.0,695.516
988.1,765.846
988.2,777.8539999999546
988.3,773.096
988.4,747.354
988.5,732.162
988.6,725.2895643563845
988.7,744.7634188119806
988.8,728.3105000000775
988.9,743.4654999999761
989.0,741.933900000008
989.1,756.2900999999599
989.2,748.8219000001019
989.3,739.1707000001329
989.4,761.0382999999324
989.5,746.2087356435741
989.6,742.3675920791993
989.7,706.3052000000853
989.8,649.3999999999816
989.9,662.3850000000456
990.0,691.977799999961
990.1,609.4569999999649
990.2,591.9189999998981
990.3,681.3474000000476
990.4,692.8785999999361
990.5,610.4793069306892
990.6,664.581099999801
990.7,706.2834000001594
990.8,614.0620999997675
990.9,593.5265000000999
991.0,680.2422999998396
991.1,691.447900000225
991.2,608.0968999999756
991.3,667.9261000004005
991.4,714.1376237621427
991.5,617.2235999999264
991.6,594.632799999941
991.7,679.0019999996728
991.8,686.7711999998742
991.9,604.5976000000161
992.0,672.6108000001433
992.1,728.3220000000912
992.2,618.1564000003029
992.3,597.9791643566004
992.4,682.2187425743864
992.5,680.2935000001539
992.6,600.1614999999745
992.7,669.4639999998224
992.8,728.2044999995828
992.9,619.058999999846
993.0,599.9469999998832
993.1,685.0529999999403
993.2,673.8525000001474
993.3,601.9512871288084
993.4,669.1774000001761
993.5,704.5221999997999
993.6,585.331000000012
993.7,559.5669999998344
993.8,622.8992233010424
993.9,660.1371000000158
994.0,618.7136999999951
994.1,669.6940999999733
994.2,717.7175000000241
994.3,624.0388999998056
994.4,602.1354999999822
994.5,682.7212999999804
994.6,703.2398019803056
994.7,620.2359999999619
994.8,668.6720000002784
994.9,725.2349999997791
995.0,633.6919999999286
995.1,603.180999999815
995.2,685.2469999998098
995.3,701.7069999996808
995.4,607.7130000000325
995.5,654.7131683170371
995.6,711.7435999999761
995.7,615.9651000000795
995.8,585.7532000000169
995.9,662.8521000000192
996.0,686.3869999999714
996.1,602.4151000000041
996.2,652.8327999998588
996.3,708.5391999999717
996.4,591.4295900990469
996.5,562.5862772274435
996.6,689.0375999998878
996.7,697.2556000002351
996.8,609.4628000000512
996.9,662.5340000002057
997.0,733.8396000001976
997.1,634.3744000001378
997.2,604.7147999998383
997.3,683.0298772278622
997.4,685.8892415838961
997.5,606.589000000023
997.6,665.4962000000868
997.7,730.3293000000565
997.8,633.7664999999467
997.9,602.6533000000653
998.0,684.1819000000294
998.1,681.8188999999148
998.2,598.544499999984
998.3,652.7442574259065
998.4,715.675599999793
998.5,619.4584000001032
998.6,587.678599999873
998.7,666.10639999995
998.8,661.2243999996083
998.9,585.362200000117
999.0,653.5821999998691
999.1,645.5054000004151
999.2,490.63891089057825
999.3,665.324999999873
999.4,623.2900000001903
999.5,749.210000000002
999.6,726.0550000000001
999.7,632.8200000002715
999.8,596.4975000001064
999.9,679.1025000000568
1000.0,716.5550000000002
1000.1,691.8475000000001
1000.2,655.542871286706
1000.3,744.0735999997088
1000.4,637.3360000000752
1000.5,598.6991999999085
1000.6,687.8791999999518
1000.7,697.3056000001171
1000.8,608.1052000000923
1000.9,667.5335999998791
1001.0,732.0963128714263
1001.1,603.2019554456178
1001.2,589.3870999996224
1001.3,701.484900000095
1001.4,747.4230000000002
1001.5,744.084499999992
1001.6,728.917100000048
1001.7,706.1804000001316
1001.8,689.3570000001208
1001.9,747.3514999999969
1002.0,745.9843564356441
1002.1,746.9525999999989
1002.2,725.8350000000474
1002.3,644.3571999999976
1002.4,654.2123999999784
1002.5,699.6215999999825
1002.6,720.2180000000192
1002.7,700.3643999999731
1002.8,745.0205999999806
1002.9,740.9098019801984
1003.0,743.6364999999996
1003.1,734.9411000001003
1003.2,715.9392999998491
1003.3,755.1222999999175
1003.4,725.2523000000198
1003.5,739.6955000000355
1003.6,700.9484000007677
1003.7,494.0323999995762
1003.8,634.3335485148999
1003.9,670.3949306930554
1004.0,720.746
1004.1,737.804
1004.2,731.6760000000422
1004.3,708.934
1004.4,762.154
1004.5,747.396
1004.6,765.68
1004.7,766.3460000000425
1004.8,733.285247524763
1004.9,788.0433000003227
1005.0,966.3317999997989
1005.1,977.2031000007398
1005.2,702.8080999998016
1005.3,781.2293999999981
1005.4,769.3306999999027
1005.5,721.5722999999956
1005.6,737.5115999998472
1005.7,798.287920792075
1005.8,795.8835999999905
1005.9,776.3903999999942
1006.0,765.9186
1006.1,767.2186000000038
1006.2,764.8290000000185
1006.3,736.4222000000339
1006.4,786.6641999999731
1006.5,742.366200000011
1006.6,765.1912811881201
1006.7,777.8024613861553
1006.8,770.4120000000048
1006.9,723.1165999993757
1007.0,514.5604999997299
1007.1,654.088200000012
1007.2,665.885699999831
1007.3,729.3746999995711
1007.4,611.1413000000281
1007.5,640.873721782047
1007.6,720.1101227722547
1007.7,629.90640000028
1007.8,577.6728000000705
1007.9,659.2704000000933
1008.0,723.2435999998734
1008.1,608.3872000000024
1008.2,639.1351999995572
1008.3,726.1607999999135
1008.4,633.2151999999259
1008.5,578.0448514851972
1008.6,662.242499999898
1008.7,718.2590000001536
1008.8,605.697000000042
1008.9,641.980999999824
1009.0,755.4665000001368
1009.1,640.1025000000994
1009.2,579.6374999998949
1009.3,669.1235000001983
1009.4,711.3164356436644
1009.5,601.4874000000245
1009.6,638.5200000001124
1009.7,754.4724000003847
1009.8,638.7577999998852
1009.9,580.3592000001369
1010.0,675.1974000000838
1010.1,709.2401999999024
1010.2,598.5977999998942
1010.3,646.4538039605446
1010.4,751.6272752476024
1010.5,644.050000000058
1010.6,583.817599999928
1010.7,638.3191000001957
1010.8,419.8042000007837
1010.9,632.9166999999743
1011.0,655.525500000053
1011.1,596.552599999955
1011.2,664.9697999999424
1011.3,722.6324752470865
1011.4,617.8628000000349
1011.5,650.7592000001698
1011.6,755.6200000002851
1011.7,653.7096000002263
1011.8,590.5356000001485
1011.9,672.1776000001487
1012.0,728.9307999998391
1012.1,619.6543999999553
1012.2,649.1407920788345
1012.3,749.9801000000227
1012.4,650.9604000000205
1012.5,579.0638999999824
1012.6,655.754199999984
1012.7,705.0401000000874
1012.8,600.1267999999959
1012.9,630.7832999999696
1013.0,738.7389000000235
1013.1,638.1739603960759
1013.2,574.574999999793
1013.3,662.1450000001279
1013.4,701.0649999997338
1013.5,600.885000000094
1013.6,643.4330000000896
1013.7,605.3670000000599
1013.8,580.6969999999778
1013.9,583.0040000002516
1014.0,685.3551980198524
1014.1,698.5435871289527
1014.2,596.6885999999892
1014.3,659.942900000023
1014.4,742.8707999999779
1014.5,648.1524999999858
1014.6,598.5191000000189
1014.7,675.6158999999968
1014.8,681.4078999999743
1014.9,586.010500000018
1015.0,665.8860396039643
1015.1,735.2732000001832
1015.2,638.7296000000885
1015.3,600.7556000002307
1015.4,678.5640000000001
1015.5,677.8092000000182
1015.6,660.2160000001907
1015.7,569.6335999998673
1015.8,643.6360000002359
1015.9,714.777128712602
1016.0,614.7088999999756
1016.1,587.3040000000303
1016.2,664.2432000000241
1016.3,652.387099999941
1016.4,576.4906000000441
1016.5,638.5114000000191
1016.6,663.9644999999969
1016.7,657.748399999899
1016.8,682.0427722772278
1016.9,683.3200970297121
1017.0,693.0518000001568
1017.1,588.235599999926
1017.2,646.1087999998439
1017.3,747.461999999668
1017.4,645.0003999997856
1017.5,581.4617999998704
1017.6,672.5599999999598
1017.7,695.5771663367409
1017.8,621.7383069306927
1017.9,628.7515000001594
1018.0,756.5339999998764
1018.1,649.6524999999345
1018.2,586.1164999996715
1018.3,677.2529999999914
1018.4,662.5259999998281
1018.5,527.1870000001904
1018.6,688.0310000000305
1018.7,717.967029703102
1018.8,682.1236000002258
1018.9,745.071599999995
1019.0,750.4483999999986
1019.1,751.8320000000004
1019.2,749.6012000000409
1019.3,707.1116000000588
1019.4,714.276800000209
1019.5,498.7239999998844
1019.6,621.5423762376039
1019.7,642.918199999811
1019.8,703.9826999999493
1019.9,675.4522000001285
1020.0,752.9638999999609
1020.1,727.4498999999458
1020.2,745.6412999999595
1020.3,757.6715999999327
1020.4,717.2324000000303
1020.5,734.7582960395563
1020.6,704.2590673266141
1020.7,744.8112000000004
1020.8,748.1298000008483
1020.9,950.1106000001312
1021.0,667.5345999999971
1021.1,673.1908000000102
1021.2,653.5297999999466
1021.3,768.5601999999781
1021.4,762.1608000000232
1021.5,712.9867326732483
1021.6,750.9414999999997
1021.7,751.0896000000001
1021.8,751.0836000000069
1021.9,754.0721999999308
1022.0,721.1934000001128
1022.1,776.6314000000847
1022.2,743.1602999999874
1022.3,751.2013000006265
1022.4,1050.4763366328948
1022.5,671.11
1022.6,635.28
1022.7,631.12
1022.8,736.53
1022.9,747.01
1023.0,772.28
1023.1,773.8
1023.2,759.6500000000001
1023.3,762.26
1023.4,794.4212871287992
1023.5,716.2332712872875
1023.6,750.0008999999286
1023.7,763.903099999972
1023.8,762.9509999999973
1023.9,768.5632000000143
1024.0,714.0809000001102
1024.1,788.4432999998452
1024.2,773.0333000000335
1024.3,425.86509999912334
1024.4,635.9059405941663
1024.5,618.1013999999898
1024.6,736.7886000000553
1024.7,645.0420000003846
1024.8,566.8171999999646
1024.9,643.1700000000361
1025.0,742.1524000000452
1025.1,602.7945999999343
1025.2,613.7279999999436
1025.3,755.5763366340796
1025.4,649.650099999664
1025.5,565.8561000001206
1025.6,645.8102999998647
1025.7,734.5153999998586
1025.8,600.1189999995823
1025.9,612.4282000000504
1026.0,766.5297999997697
1026.1,650.9030000001976
1026.2,566.093762376535
1026.3,654.506800000087
1026.4,724.2052000000624
1026.5,596.2555999998762
1026.6,618.0932000000258
1026.7,761.4155999994881
1026.8,655.0583999998937
1026.9,570.1047999999239
1027.0,661.1088000000893
1027.1,714.9614257425246
1027.2,591.1507871288638
1027.3,631.0975000001672
1027.4,757.1259999998817
1027.5,654.5320000001306
1027.6,574.7280000000886
1027.7,663.3979999998892
1027.8,707.3340000001402
1027.9,584.8545000001193
1028.0,642.2349999999235
1028.1,395.7029702978351
1028.2,561.3117999993857
1028.3,655.2246000001195
1028.4,601.4479999999144
1028.5,645.7986000000699
1028.6,752.1007999996804
1028.7,662.7912000003247
1028.8,586.3391999998979
1028.9,665.8766000001219
1029.0,702.9952475247342
1029.1,603.0600000000751
1029.2,644.7522999999638
1029.3,748.5194000004158
1029.4,667.0118000000348
1029.5,594.5311000000482
1029.6,672.1918999999394
1029.7,710.2066999999766
1029.8,588.3984999994839
1029.9,635.4853465347737
1030.0,728.264400000174
1030.1,650.6168000002192
1030.2,581.1000000001842
1030.3,654.0196000001548
1030.4,679.9660000000379
1030.5,578.1115999997953
1030.6,635.3959999998297
1030.7,722.6443999997584
1030.8,579.2347603957418
1030.9,614.2799613861359
1031.0,573.3808000000114
1031.1,629.6033999999848
1031.2,585.0322000000127
1031.3,650.2456000000141
1031.4,747.7622999999774
1031.5,664.200300000023
1031.6,581.2672000000184
1031.7,659.0185999999787
1031.8,710.3081188119979
1031.9,604.8959999997218
1032.0,638.0829999999081
1032.1,740.8249999997532
1032.2,661.1670000002287
1032.3,590.2609999998463
1032.4,661.8360000001979
1032.5,695.8929999999488
1032.6,593.5000000002658
1032.7,643.7228712871256
1032.8,738.7325000000715
1032.9,648.9788999999743
1033.0,638.5614000000005
1033.1,575.1215999999837
1033.2,645.38310000002
1033.3,681.5086000000216
1033.4,577.4904999999726
1033.5,626.0405000000158
1033.6,719.2084712871487
1033.7,593.6912910893501
1033.8,579.5728000000131
1033.9,608.0020000000864
1034.0,644.984799999952
1034.1,668.333199999961
1034.2,670.7504000000004
1034.3,728.1148000001779
1034.4,617.6591999996333
1034.5,615.1347999999803
1034.6,730.2660396040068
1034.7,660.2436000003265
1034.8,576.8534999999448
1034.9,636.6173000000551
1035.0,723.9932000000603
1035.1,618.7868999999085
1035.2,614.8697999999491
1035.3,733.8702000000917
1035.4,660.0260999999284
1035.5,644.9242574257444
1035.6,644.7759999999998
1035.7,690.197999999928
1035.8,504.5715999992856
1035.9,381.0784000000779
1036.0,366.5973999999992
1036.1,365.07180000000255
1036.2,364.81
1036.3,364.81860000000006
1036.4,364.56455445544515
1036.5,363.8226435643556
1036.6,364.2695000000008
1036.7,364.12350000000083
1036.8,364.0034999999999
1036.9,363.7434999999997
1037.0,364.04850000000044
1037.1,363.76149999999956
1037.2,363.7
1037.3,365.30650000000213
1037.4,365.59841584158414
1037.5,365.4404000000002
1037.6,358.00960000000805
1037.7,354.95360000000176
1037.8,354.64
1037.9,354.57280000000003
1038.0,354.42560000000014
1038.1,354.4
1038.2,354.42519999999996
1038.3,354.2553465346531
1038.4,354.0622999999997
1038.5,353.89719999999977
1038.6,354.00279999999964
1038.7,353.73950000000104
1038.8,354.21950000000106
1038.9,353.9481999999993
1039.0,353.77869999999984
1039.1,353.8512999999998
1039.2,353.80360000000024
1039.3,353.8557425742574
1039.4,353.80440000000004
1039.5,353.8556
1039.6,353.7142000000001
1039.7,353.68
1039.8,353.77020000000005
1039.9,353.7654
1040.0,353.76
1040.1,353.7846
1040.2,353.66009900990133
1040.3,353.71910000000025
1040.4,353.82910000000027
1040.5,353.76089999999976
1040.6,353.74
1040.7,353.8290999999997
1040.8,353.76089999999976
1040.9,353.5860999999996
1041.0,353.70390000000043
1041.1,353.58762376237615
1041.2,353.61400000000003
1041.3,353.63
1041.4,353.526
1041.5,353.41200000000003
1041.6,353.56600000000003
1041.7,353.714
1041.8,353.74
1041.9,353.65200000000004
1042.0,353.366
1042.1,353.4980198019798
1042.2,353.7000999999996
1042.3,353.65309999999977
1042.4,353.7169000000003
1042.5,353.4635000000004
1042.6,353.4768999999998
1042.7,353.54739999999987
1042.8,353.70220000000046
1042.9,354.056000000001
1043.0,353.68633663366285
1043.1,353.30259999999987
1043.2,353.62779999999844
1043.3,353.65419999999995
1043.4,353.71580000000006
1043.5,353.2407999999997
1043.6,353.4978000000002
1043.7,353.71139999999957
1043.8,353.46699999999987
1043.9,353.47495049504977
1044.0,353.5154
1044.1,353.3814000000003
1044.2,353.5632999999996
1044.3,353.5298999999996
1044.4,353.34599999999944
1044.5,353.49249999999984
1044.6,353.3575000000004
1044.7,353.33079999999995
1044.8,353.25613861386125
1044.9,353.21422970297016
1045.0,353.6128000000005
1045.1,353.26879999999943
1045.2,353.3479999999992
1045.3,353.3363999999999
1045.4,353.0363999999997
1045.5,353.0336000000001
1045.6,353.02199999999993
1045.7,353.23799999999926
1045.8,353.23475247524726
1045.9,353.18
1046.0,352.93750000000034
1046.1,352.86
1046.2,353.3024999999993
1046.3,353.224999999999
1046.4,353.2625
1046.5,353.3075
1046.6,353.40749999999986
1046.7,353.52168316831654
1046.8,353.15039999999925
1046.9,353.0766000000001
1047.0,353.1
1047.1,353.4107999999992
1047.2,353.290600000001
1047.3,353.0471999999997
1047.4,353.2860000000005
1047.5,353.5084000000002
1047.6,353.28616435643573
1047.7,353.0571831683173
1047.8,352.9296999999999
1047.9,353.33799999999957
1048.0,353.32480000000015
1048.1,353.35489999999993
1048.2,353.13450000000023
1048.3,352.9085999999999
1048.4,353.00599999999986
1048.5,352.8337000000002
1048.6,352.75
1048.7,353.0667999999988
1048.8,353.19
1048.9,353.44200000000063
1049.0,353.36719999999957
1049.1,353.01200000000057
1049.2,352.8712000000001
1049.3,352.79519999999985
1049.4,352.9140000000003
1049.5,352.8274257425742
1049.6,353.06819999999993
1049.7,353.09770000000003
1049.8,353.02449999999993
1049.9,353.10939999999994
1050.0,353.1784
1050.1,353.09770000000003
1050.2,353.3723999999999
1050.3,353.17417326732607
1050.4,353.36303960396117
1050.5,353.17800000000045
1050.6,353.28499999999923
1050.7,353.18700000000064
1050.8,353.3030000000007
1050.9,353.32699999999977
1051.0,352.64900000000085
1051.1,352.7759999999987
1051.2,352.9150000000001
1051.3,352.96237623762386
1051.4,352.77609999999993
1051.5,352.80420000000004
1051.6,353.1015000000001
1051.7,353.0444000000007
1051.8,353.09420000000006
1051.9,353.03959999999995
1052.0,353.2660000000001
1052.1,353.25199999999995
1052.2,353.1626732673268
1052.3,353.2520000000004
1052.4,352.93959999999856
1052.5,353.04199999999986
1052.6,353.08160000000026
1052.7,353.27799999999934
1052.8,353.02959999999854
1052.9,352.6627999999992
1053.0,352.9643999999998
1053.1,352.95280000000054
1053.2,352.9946534653459
1053.3,352.99969999999996
1053.4,353.19110000000023
1053.5,352.9448999999996
1053.6,352.77
1053.7,352.8302999999998
1053.8,353.0208000000002
1053.9,353.1335
1054.0,353.0561999999999
1054.1,352.7181188118815
1054.2,352.8603999999994
1054.3,352.8515999999992
1054.4,353.17920000000015
1054.5,353.25800000000027
1054.6,353.13060000000013
1054.7,353.1461999999999
1054.8,353.0379999999994
1054.9,353.0294
1055.0,353.11881188118815
1055.1,352.9615000000005
1055.2,352.91849999999965
1055.3,352.8914999999999
1055.4,352.9185000000001
1055.5,352.8329999999998
1055.6,352.77
1055.7,352.8869999999994
1055.8,352.91749999999996
1055.9,352.9
1056.0,352.88759207920805
1056.1,352.8672
1056.2,353.11599999999964
1056.3,353.07439999999895
1056.4,353.08520000000016
1056.5,352.89400000000035
1056.6,352.9163999999997
1056.7,352.9716000000001
1056.8,352.90519999999975
1056.9,353.2031683168329
1057.0,353.05609999999916
1057.1,352.8033000000001
1057.2,353.0093999999989
1057.3,353.0365999999997
1057.4,353.0267000000001
1057.5,352.87729999999954
1057.6,352.83929999999987
1057.7,352.9618999999996
1057.8,352.9725742574257
1057.9,353.00579999999997
1058.0,352.86020000000013
1058.1,352.88639999999987
1058.2,352.90180000000004
1058.3,353.1080000000005
1058.4,353.19180000000006
1058.5,352.97020000000015
1058.6,353.0087999999999
1058.7,352.83419801980233
1058.8,352.7318108910895
1058.9,352.77
1059.0,352.97129999999976
1059.1,353.0451000000002
1059.2,352.9185000000004
1059.3,352.9271000000002
1059.4,352.9150999999998
1059.5,353.01419999999985
1059.6,352.95504950495075
1059.7,352.63093069306956
1059.8,352.7080000000007
1059.9,352.884
1060.0,352.822
1060.1,352.77
1060.2,352.74
1060.3,352.68399999999986
1060.4,352.846
1060.5,352.85
1060.6,352.88881188118785
1060.7,352.9817999999999
1060.8,352.86019999999945
1060.9,352.82310000000024
1061.0,352.80690000000004
1061.1,352.9115999999995
1061.2,352.8035000000007
1061.3,352.7249000000003
1061.4,352.82310000000024
1061.5,352.9242574257427
1061.6,352.8423999999999
1061.7,352.8137999999998
1061.8,352.80779999999993
1061.9,352.6481999999999
1062.0,352.69920000000013
1062.1,352.6607999999999
1062.2,352.44980000000044
1062.3,352.50920000000013
1062.4,352.7667148514853
1062.5,352.8062831683171
1062.6,352.7101000000001
1062.7,352.7825999999997
1062.8,352.9968000000007
1062.9,353.0259
1063.0,352.84460000000036
1063.1,352.58470000000045
1063.2,352.7506999999992
1063.3,352.9928000000001
1063.4,352.710891089108
1063.5,352.5808000000002
1063.6,352.7328000000001
1063.7,352.8403999999999
1063.8,353.06480000000033
1063.9,352.95239999999956
1064.0,352.8732000000002
1064.1,352.9083999999999
1064.2,352.80960000000016
1064.3,352.77
1064.4,352.5994999999997
1064.5,352.63049999999964
1064.6,352.5995000000004
1064.7,352.70199999999954
1064.8,352.8174999999995
1064.9,352.48599999999954
1065.0,352.6054999999993
1065.1,352.7700000000002
1065.2,352.9087128712862
1065.3,353.0297999999998
1065.4,352.6081999999991
1065.5,352.66180000000094
1065.6,352.9106000000001
1065.7,352.64400000000126
1065.8,352.6274000000004
1065.9,352.6133999999996
1066.0,352.6852000000005
1066.1,352.7637623762376
1066.2,352.8342118811878
1066.3,352.8639999999997
1066.4,352.6640000000001
1066.5,352.6759999999999
1066.6,352.56330000000025
1066.7,352.87819999999937
1066.8,353.07619999999935
1066.9,352.60030000000035
1067.0,352.57139999999976
1067.1,352.80772277227703
1067.2,352.86
1067.3,352.86
1067.4,352.70919999999944
1067.5,352.6740000000004
1067.6,352.61920000000015
1067.7,352.859599999998
1067.8,353.08519999999953
1067.9,352.7723999999993
1068.0,352.78564356435675
1068.1,352.8221000000001
1068.2,352.95029999999986
1068.3,352.9855999999991
1068.4,352.61190000000005
1068.5,352.6079
1068.6,352.75
1068.7,352.9386999999999
1068.8,353.0434999999997
1068.9,352.8791089108909
1069.0,352.68
1069.1,352.64499999999964
1069.2,352.6450000000003
1069.3,352.69000000000057
1069.4,352.81
1069.5,352.94500000000005
1069.6,353.00000000000034
1069.7,352.86500000000024
1069.8,352.8644554455447
1069.9,352.86609999999996
1070.0,352.64829999999995
1070.1,352.59760000000006
1070.2,352.6024000000005
1070.3,352.42609999999996
1070.4,352.6346000000001
1070.5,352.6992999999999
1070.6,352.54370000000006
1070.7,352.4924000000005
1070.8,352.6319801980206
1070.9,352.8187999999999
1071.0,352.64800000000025
1071.1,352.57
1071.2,352.57
1071.3,352.5892000000001
1071.4,352.74920000000014
1071.5,352.74160000000063
1071.6,352.3876000000007
1071.7,352.3278217821774
1071.8,352.6868000000003
1071.9,352.87769999999995
1072.0,352.7594999999999
1072.1,352.5859999999999
1072.2,352.5739999999997
1072.3,352.79280000000017
1072.4,352.80719999999985
1072.5,352.53532376237627
1072.6,352.5309999999995
1072.7,352.5176000000006
1072.8,352.4824000000014
1072.9,352.5865999999997
1073.0,352.6369999999994
1073.1,352.9397999999998
1073.2,352.8536000000005
1073.3,352.68380000000013
1073.4,352.7736000000002
1073.5,352.86
1073.6,352.79700000000014
1073.7,352.8414999999991
1073.8,353.0845000000002
1073.9,353.05599999999964
1074.0,352.82149999999984
1074.1,352.6060000000003
1074.2,352.60999999999865
1074.3,352.9110000000002
1074.4,352.92089108910886
1074.5,352.7528000000001
1074.6,352.68
1074.7,352.74599999999987
1074.8,352.8212
1074.9,352.8979999999998
1075.0,352.7680000000005
1075.1,352.5875999999997
1075.2,352.72800000000007
1075.3,352.7479207920795
1075.4,352.7712999999999
1075.5,352.7501000000001
1075.6,352.8673999999999
1075.7,352.9098000000004
1075.8,352.9074000000003
1075.9,352.9239999999997
1076.0,352.5820999999992
1076.1,352.48209999999983
1076.2,352.9071415841578
1076.3,352.9903168316823
1076.4,352.76380000000006
1076.5,352.6916
1076.6,352.73459999999994
1076.7,352.63360000000023
1076.8,352.6126000000012
1076.9,352.6932000000003
1077.0,352.4597999999999
1077.1,352.79259999999977
1077.2,352.9419801980203
1077.3,352.72
1077.4,352.6215999999995
1077.5,352.48
1077.6,352.5783999999994
1077.7,352.7036000000001
1077.8,352.7415000000003
1077.9,352.8669000000002
1078.0,353.03890000000007
1078.1,353.01514851485217
1078.2,352.5860000000007
1078.3,352.466
1078.4,352.594
1078.5,352.618
1078.6,352.738
1078.7,352.6380000000008
1078.8,352.38
1078.9,352.424
1079.0,352.66029702970263
1079.1,352.96289999999976
1079.2,352.9364000000005
1079.3,352.72369999999955
1079.4,352.64340000000016
1079.5,352.8906000000004
1079.6,353.0094000000011
1079.7,352.6449000000002
1079.8,352.67580000000055
1079.9,352.8524752475249
1080.0,352.96180000000004
1080.1,352.82479999999975
1080.2,352.4064000000003
1080.3,352.4258000000002
1080.4,352.77120000000014
1080.5,352.87819999999994
1080.6,352.7872
1080.7,352.6512000000003
1080.8,352.5622000000001
1080.9,352.81168316831673
1081.0,352.789500000001
1081.1,352.38
1081.2,352.38
1081.3,352.42070000000035
1081.4,352.64910000000054
1081.5,352.92
1081.6,352.92
1081.7,352.8719000000002
1081.8,352.68009900990035
1081.9,352.6448000000004
1082.0,352.92
1082.1,352.9595999999999
1082.2,352.94360000000086
1082.3,352.79
1082.4,352.72879999999986
1082.5,352.6884000000002
1082.6,352.81
1082.7,352.7707920792082
1082.8,352.54949999999855
1082.9,352.27
1083.0,352.37499999999966
1083.1,352.57
1083.2,352.6084999999999
1083.3,352.68
1083.4,352.6099999999997
1083.5,352.65149999999943
1083.6,352.86500000000035
1083.7,352.6760792079213
1083.8,352.7990000000005
1083.9,352.9551999999997
1084.0,352.7283999999997
1084.1,352.5394
1084.2,352.5479999999994
1084.3,352.68
1084.4,352.68
1084.5,352.64259999999985
1084.6,352.5060396039603
1084.7,352.51529999999974
1084.8,352.75369999999975
1084.9,352.68
1085.0,352.6437000000001
1085.1,352.57
1085.2,352.54030000000006
1085.3,352.50970000000024
1085.4,352.6062999999999
1085.5,352.68
1085.6,352.68
1085.7,352.68
1085.8,352.7152000000002
1085.9,352.69399999999945
1086.0,352.51560000000006
1086.1,352.5763999999999
1086.2,352.6539999999995
1086.3,352.69079999999946
1086.4,352.50851485148524
1086.5,352.5421
1086.6,352.542
1086.7,352.68
1086.8,352.68
1086.9,352.68
1087.0,352.7141
1087.1,352.7559
1087.2,352.68
1087.3,352.646237623762
1087.4,352.45336633663345
1087.5,352.39100000000064
1087.6,352.77300000000065
1087.7,352.4800000000007
1087.8,352.3330000000005
1087.9,352.5070000000002
1088.0,352.5429999999999
1088.1,352.50699999999983
1088.2,352.54300000000023
1088.3,352.4740594059406
1088.4,352.4339
1088.5,352.28589999999997
1088.6,352.2482000000001
1088.7,352.6078000000002
1088.8,352.3639999999999
1088.9,352.2221000000001
1089.0,352.63090000000005
1089.1,352.68719999999996
1089.2,352.4915841584158
1089.3,352.6008000000003
1089.4,352.62399999999974
1089.5,352.4492000000002
1089.6,352.4007999999998
1089.7,352.48
1089.8,352.4491999999997
1089.9,352.45680000000044
1090.0,352.5960000000006
1090.1,352.4639999999995
1090.2,352.6253495049508
1090.3,352.50430000000006
1090.4,352.54569999999995
1090.5,352.48
1090.6,352.39629999999977
1090.7,352.24829999999986
1090.8,352.46540000000005
1090.9,352.48
1091.0,352.4719
1091.1,352.4312871287129
1091.2,352.48139999999944
1091.3,352.7465999999997
1091.4,352.6513999999998
1091.5,352.4920000000004
1091.6,352.3479999999996
1091.7,352.67399999999947
1091.8,352.8633999999987
1091.9,352.46379999999925
1092.0,352.33930693069266
1092.1,352.625
1092.2,352.262499999999
1092.3,352.4274999999998
1092.4,352.3725000000005
1092.5,352.68
1092.6,352.7525
1092.7,352.8475000000017
1092.8,352.53000000000026
1092.9,392.54935643582473
1093.0,564.6288673268647
1093.1,723.9936000000005
1093.2,722.8772000000024
1093.3,725.9556000000546
1093.4,728.766800000051
1093.5,698.6795999999522
1093.6,727.1068000000437
1093.7,700.6159999999624
1093.8,728.6215999999633
1093.9,702.3195049505152
1094.0,645.468499999982
1094.1,635.2275999998045
1094.2,702.244599999793
1094.3,752.7973999999767
1094.4,744.9072000000233
1094.5,755.4370999999983
1094.6,740.7462000001568
1094.7,710.7413999998605
1094.8,737.5921782177754
1094.9,712.232599999986
1095.0,736.6715999999992
1095.1,739.3315999999974
1095.2,743.4198000000008
1095.3,681.6103999991522
1095.4,505.7923999999214
1095.5,643.3165999999945
1095.6,673.0961999999578
1095.7,749.4527722772111
1095.8,753.9529999999024
1095.9,728.2022000001162
1096.0,765.962599999963
1096.1,740.149599999988
1096.2,751.0604999999148
1096.3,769.7048999999196
1096.4,739.0952000000044
1096.5,732.0717999999548
1096.6,713.1857772275915
1096.7,763.8462178217949
1096.8,689.244
1096.9,472.874
1097.0,691.678
1097.1,763.888
1097.2,736.8300000000025
1097.3,745.574
1097.4,777.664
1097.5,734.048
1097.6,758.0760396039474
1097.7,781.1262000000306
1097.8,769.5319000000076
1097.9,776.6782000000405
1098.0,796.8905999999985
1098.1,786.532700000118
1098.2,743.7510999999577
1098.3,763.1890000000352
1098.4,772.5826999999825
1098.5,761.5640594059603
1098.6,738.9169999999687
1098.7,703.6513999999572
1098.8,759.3335999998967
1098.9,604.1952000000783
1099.0,718.2797999999316
1099.1,598.4322000000088
1099.2,639.3113999999493
1099.3,734.0543999999509
1099.4,630.6502970296956
1099.5,575.3401999998742
1099.6,657.5230999998449
1099.7,713.2487000002354
1099.8,593.8541000000583
1099.9,637.1852000003461
1100.0,747.9174000001955
1100.1,631.7232000001338
1100.2,577.1815999998577
1100.3,664.7517594061445
1100.4,711.2999762375154
1100.5,635.9588000001445
1100.6,769.7304000000004
1100.7,737.8652000007568
1100.8,563.1392000000001
1100.9,589.0016000001465
1101.0,701.5411999998709
1101.1,588.3120000000068
1101.2,643.2675999994658
1101.3,766.8232673267335
1101.4,750.4695000001317
1101.5,639.1925000000969
1101.6,588.9059999998319
1101.7,694.6185000001512
1101.8,588.4735000001257
1101.9,647.8039999998472
1102.0,744.6925000001312
1102.1,634.8375000000888
1102.2,582.5723762374878
1102.3,664.9222000000112
1102.4,657.5379999998592
1102.5,573.0526000000424
1102.6,587.5399999999363
1102.7,521.6657999997868
1102.8,594.2918000001465
1102.9,671.6149999998537
1103.0,589.4068000000977
1103.1,664.502376237728
1103.2,737.0818000000595
1103.3,651.6590999997579
1103.4,599.2063999999377
1103.5,681.5007999999849
1103.6,685.2125000000817
1103.7,590.4029999999508
1103.8,666.1235000003272
1103.9,741.1148000000628
1104.0,652.1960356436286
1104.1,602.7282693066993
1104.2,681.0139999999496
1104.3,683.0779999997851
1104.4,586.2900000001082
1104.5,638.550399999999
1104.6,638.4595999999855
1104.7,635.3020000001784
1104.8,588.2272000001587
1104.9,666.1716752475388
1105.0,662.2258217822038
1105.1,571.5552999999832
1105.2,646.080099999944
1105.3,683.7696000000635
1105.4,457.74029999995275
1105.5,631.8730000000222
1105.6,553.633099999982
1105.7,632.6901999999434
1105.8,695.658000000013
1105.9,636.185247524749
1106.0,574.0850000001451
1106.1,655.3279999997847
1106.2,727.4260000002981
1106.3,610.3710000000221
1106.4,629.9850000002473
1106.5,719.3529999998453
1106.6,635.5430000001647
1106.7,577.8979999998277
1106.8,656.0792079209988
1106.9,734.2719999999681
1107.0,607.9527000000032
1107.1,631.6370000000276
1107.2,731.8041000000206
1107.3,621.9120999999834
1107.4,562.1030000000175
1107.5,640.5373000000218
1107.6,715.3212999999682
1107.7,589.9337772277198
1107.8,615.6041267327324
1107.9,716.5435999997834
1108.0,626.1972000001385
1108.1,563.5171999998321
1108.2,641.9708000001478
1108.3,568.1484000000314
1108.4,578.5715999999959
1108.5,582.2743999998796
1108.6,636.8840000001428
1108.7,570.6236633661902
1108.8,645.0267000000551
1108.9,712.8586999999287
1109.0,614.7982999999923
1109.1,609.7078000000282
1109.2,681.8493999999985
1109.3,674.2900999999225
1109.4,573.9508000000515
1109.5,649.4839000000524
1109.6,714.0809900989574
1109.7,621.8764000000206
1109.8,612.6490000002615
1109.9,688.0747999999129
1110.0,653.6770000001427
1110.1,559.4373999999083
1110.2,626.4621999999142
1110.3,688.0356000001314
1110.4,727.7752000000463
1110.5,743.4621029702809
1110.6,752.3184603960984
1110.7,713.1644999999895
1110.8,713.7769999999472
1110.9,673.6125000000903
1111.0,748.2689999999814
1111.1,733.1020000000078
1111.2,736.3150000003408
1111.3,640.9184999999889
1111.4,635.5905000000912
1111.5,710.5414851484891
1111.6,688.7115999999513
1111.7,740.2111999999977
1111.8,743.0072000000317
1111.9,751.7056000000025
1112.0,747.068800000043
1112.1,704.2995999999405
1112.2,765.3408000000416
1112.3,721.9812000000468
1112.4,736.2242574257172
1112.5,765.5224999999458
1112.6,719.2851000009956
1112.7,399.0414999993614
1112.8,609.8673000000667
1112.9,653.0307000001333
1113.0,733.2721999999545
1113.1,704.7112999998265
1113.2,760.4963000001146
1113.3,723.9033663366864
1113.4,757.4582000000046
1113.5,747.7475999999959
1113.6,756.449
1113.7,755.6450000000173
1113.8,719.7410000002183
1113.9,772.5790000000142
1114.0,743.9427999999593
1114.1,824.9478000001557
1114.2,493.4697029702032
1114.3,681.0515999999983
1114.4,681.2341000002075
1114.5,781.7228000000185
1114.6,790.602100000077
1114.7,760.1606999999898
1114.8,763.7090999999016
1114.9,716.0716999999943
1115.0,713.6263000000713
1115.1,748.9227999999943
1115.2,751.1670297029735
1115.3,765.99
1115.4,756.24
1115.5,767.87
1115.6,719.26
1115.7,778.8000000000001
1115.8,756.19
1115.9,761.35
1116.0,700.96
1116.1,619.72
1116.2,756.1655445541791
1116.3,642.8087999997102
1116.4,561.1431999997966
1116.5,644.1037999998307
1116.6,735.9804999998119
1116.7,596.61700000029
1116.8,609.822300000037
1116.9,764.5387000003906
1117.0,646.6367000002415
1117.1,561.446633663332
1117.2,653.1733999996185
1117.3,731.0496000000352
1117.4,592.4305999999349
1117.5,609.6012000000094
1117.6,767.4176000000731
1117.7,650.5506000004904
1117.8,564.3589999999612
1117.9,659.5230000000449
1118.0,720.9373881187223
1118.1,590.2858732675438
1118.2,618.4812999999469
1118.3,762.7296000004366
1118.4,654.7757999996575
1118.5,568.7433000001239
1118.6,661.3663999998439
1118.7,710.4431999999243
1118.8,582.8696999996068
1118.9,627.777700000149
1119.0,756.9458415842887
1119.1,649.0451999998927
1119.2,572.1476000002599
1119.3,663.1912000000891
1119.4,700.1628000000313
1119.5,582.1255999998868
1119.6,638.4172000000581
1119.7,741.6355999996376
1119.8,434.8763999997053
1119.9,645.6190099007488
1120.0,669.2209999999857
1120.1,593.4510000000914
1120.2,673.3054999998996
1120.3,677.2544999999984
1120.4,609.5805000000647
1120.5,606.9509999999989
1120.6,762.391499999814
1120.7,664.8255000001266
1120.8,582.1261138612664
1120.9,660.4302673268533
1121.0,728.6354000000913
1121.1,611.9634000003737
1121.2,628.474399999918
1121.3,757.1550000001845
1121.4,667.7637999998585
1121.5,585.6349999998898
1121.6,664.4217999997411
1121.7,706.3635999998761
1121.8,594.0851485144013
1121.9,587.1588999999994
1122.0,738.5723999998891
1122.1,653.7236000000705
1122.2,571.8382000000548
1122.3,562.4720999999845
1122.4,708.2836999999429
1122.5,599.9145000000875
1122.6,627.739399999973
1122.7,726.1526732670628
1122.8,577.5843999996899
1122.9,628.6536000001279
1123.0,611.4087999999547
1123.1,621.07639999997
1123.2,702.681999999761
1123.3,642.5943999998674
1123.4,567.7139999998635
1123.5,638.4656000001518
1123.6,731.5926732673224
1123.7,622.2232000000295
1123.8,617.7135000000014
1123.9,704.8244999999785
1124.0,649.215000000016
1124.1,575.3116000000168
1124.2,638.0447999999826
1124.3,733.2801000000177
1124.4,617.905100000031
1124.5,617.4336009900962
1124.6,698.3554653463532
1124.7,632.3750000001888
1124.8,559.4139999998367
1124.9,621.3500000001746
1125.0,722.080999999812
1125.1,606.7800000003174
1125.2,601.2439999999788
1125.3,698.1920000002425
1125.4,629.7798514849493
1125.5,563.194080197991
1125.6,592.1750000000093
1125.7,580.2005999999958
1125.8,576.1318999999983
1125.9,716.0995000000358
1126.0,619.0738999999708
1126.1,592.9071999999969
1126.2,667.5595000000195
1126.3,670.4729999999947
1126.4,589.0324752473044
1126.5,632.9663999999207
1126.6,640.2200000000005
1126.7,610.1468000000621
1126.8,593.9939999999626
1126.9,666.2260000002291
1127.0,670.756000000008
1127.1,589.9200000001656
1127.2,640.9959999998719
1127.3,724.7466336634473
1127.4,628.9991999999162
1127.5,581.0400999999749
1127.6,689.9777000000893
1127.7,715.3567999999684
1127.8,721.8996000000042
1127.9,688.211899999973
1128.0,746.1437000000495
1128.1,726.9643999999776
1128.2,718.2107920792135
1128.3,754.2464000001361
1128.4,723.2070000000314
1128.5,717.6959999999991
1128.6,597.7584000001904
1128.7,633.0019999999131
1128.8,641.8425999999997
1128.9,682.9207999999652
1129.0,716.2359405940894
1129.1,693.1656435643195
1129.2,741.1229999998303
1129.3,749.7784999999992
1129.4,751.5810000000025
1129.5,749.9139999999973
1129.6,707.9439999999444
1129.7,756.351499999821
1129.8,718.2329999999358
1129.9,732.6068069307282
1130.0,928.1047247523436
1130.1,718.2904000002662
1130.2,659.3220000000131
1130.3,702.3868000001966
1130.4,732.7775999999953
1130.5,708.4272000000308
1130.6,758.40639999994
1130.7,745.7592000000251
1130.8,755.9361227723415
1130.9,773.3123871287461
1131.0,737.683299999926
1131.1,737.3661999999802
1131.2,711.696000000097
1131.3,755.5880000000949
1131.4,863.4110000001874
1131.5,661.7435999995749
1131.6,663.5420999998759
1131.7,673.3012999999996
1131.8,778.0643564356322
1131.9,733.5646000000372
1132.0,775.0455999999688
1132.1,746.4474000000228
1132.2,747.8575999999942
1132.3,749.4675999999997
1132.4,759.2911999999944
1132.5,765.9243999999975
1132.6,726.8348000000223
1132.7,775.8702970295537
1132.8,742.8569999998828
1132.9,757.1043000000635
1133.0,766.555900000009
1133.1,765.7133000000034
1133.2,765.8464999999984
1133.3,531.6774999994082
1133.4,615.1085000003495
1133.5,649.7408000000055
1133.6,732.1642574257836
1133.7,634.3820000000001
1133.8,617.4560000000143
1133.9,712.056
1134.0,660.24
1134.1,582.034
1134.2,627.918
1134.3,724.918000000093
1134.4,630.306
1134.5,614.5221782177955
1134.6,727.3844999997166
1134.7,670.5912000002226
1134.8,581.6132999997906
1134.9,631.9147000002149
1135.0,719.6221999999038
1135.1,628.6144000002837
1135.2,611.460599999969
1135.3,739.9182000003966
1135.4,676.5839148513738
1135.5,582.888599999961
1135.6,639.8816000000443
1135.7,714.489399999789
1135.8,621.345199999937
1135.9,614.0918000000136
1136.0,736.8076000000676
1136.1,680.181999999948
1136.2,588.2800000002644
1136.3,645.7072000000445
1136.4,710.6583168318161
1136.5,617.2177000000753
1136.6,621.8316999999249
1136.7,735.6466999997872
1136.8,676.7565999996558
1136.9,588.1797999997627
1137.0,651.3784999999422
1137.1,538.2634000002843
1137.2,553.4692999998837
1137.3,699.2435643566694
1137.4,739.9416000000006
1137.5,634.4751999998737
1137.6,598.558799999997
1137.7,669.7903999997586
1137.8,613.986399999906
1137.9,642.0684000000633
1138.0,724.6164000000788
1138.1,674.0839999999147
1138.2,653.5766336633646
1138.3,675.135000000095
1138.4,689.135
1138.5,612.3475000001199
1138.6,640.5324999999173
1138.7,722.687499999903
1138.8,679.9674999997088
1138.9,615.2175000000001
1139.0,585.8475000000226
1139.1,651.3577227720276
1139.2,599.5108000003281
1139.3,625.0798000000966
1139.4,707.0238000001171
1139.5,666.0577999998833
1139.6,599.6790000001193
1139.7,646.0191999997339
1139.8,661.4303999999884
1139.9,598.3523999998878
1140.0,592.6599782178496
1140.1,534.4909049505071
1140.2,561.9995999999526
1140.3,688.5180000000805
1140.4,642.2738000000804
1140.5,623.0735999999881
1140.6,725.9276999999083
1140.7,686.0061000000712
1140.8,597.7601999999551
1140.9,645.082499999935
1141.0,703.8957425743084
1141.1,627.2668000001805
1141.2,625.253999999876
1141.3,725.6400000002214
1141.4,684.0435999998087
1141.5,600.2139999998626
1141.6,642.8591999998711
1141.7,665.9780000000064
1141.8,701.0680000000904
1141.9,625.7113861385692
1142.0,613.1970999999925
1142.1,704.5619999999739
1142.2,666.4446000000229
1142.3,586.9974999999228
1142.4,629.5847999999799
1142.5,674.6577999999938
1142.6,600.6983000000263
1142.7,618.6952999999836
1142.8,694.932376237848
1142.9,693.8049999999205
1143.0,639.9340000000564
1143.1,677.8789999998164
1143.2,701.0110000000036
1143.3,662.4669999998763
1143.4,590.1709999998182
1143.5,622.1449999999272
1143.6,701.6539999998197
1143.7,640.6781287131448
1143.8,603.1586326732668
1143.9,659.8762000000189
1144.0,670.3647999999951
1144.1,604.5525999999805
1144.2,627.8434999997901
1144.3,700.1246000000165
1144.4,655.5578999999778
1144.5,616.6210999999971
1144.6,667.263500000018
1144.7,647.1139603961154
1144.8,576.2603999997988
1144.9,617.4332000002598
1145.0,709.2527999999672
1145.1,744.4575999999831
1145.2,746.7192000000019
1145.3,748.9300000000103
1145.4,710.4179999998406
1145.5,722.5009425742442
1145.6,705.6840148514902
1145.7,722.7203999998862
1145.8,694.500599999955
1145.9,653.5308999999804
1146.0,642.5156999999984
1146.1,627.8239999999859
1146.2,709.0113999996893
1146.3,721.7460538461237
1146.4,744.8007923077639
1146.5,738.2311999999304
1146.6,726.6807920792103
1146.7,703.7934000000188
1146.8,729.3792000000849
1146.9,751.1264000000026
1147.0,735.9968000000094
1147.1,745.863999999987
1147.2,566.1076000001399
1147.3,567.6948000002433
1147.4,647.3083999999949
1147.5,652.6167326732646
1147.6,695.9438999998249
1147.7,703.9945000000789
1147.8,733.7068000001409
1147.9,760.8933000000011
1148.0,763.8815999999968
1148.1,767.0080999999944
1148.2,741.1825000001095
1148.3,739.9678000000531
1148.4,731.7094059405697
1148.5,741.0640000000001
1148.6,754.674
1148.7,717.192
1148.8,668.3859999999269
1148.9,641.1020000000001
1149.0,728.01
1149.1,734.482
1149.2,734.932
1149.3,776.2426930693979
1149.4,756.9666009899682
1149.5,761.692199999992
1149.6,729.8348000001724
1149.7,723.7474999999013
1149.8,747.8842000000185
1149.9,759.2762000000355
1150.0,779.0847999999957
1150.1,764.0359000000859
1150.2,747.8130693069253
1150.3,720.2391999999778
1150.4,749.8894000000392
1150.5,779.3923999999946
1150.6,570.7159999998403
1150.7,549.1749999995259
1150.8,628.2341999999904
1150.9,707.0190000000687
1151.0,700.5989999999452
1151.1,601.2785148515457
1151.2,621.5628999998424
1151.3,698.9641000001807
1151.4,646.0541999999494
1151.5,607.434199999941
1151.6,705.3074999997712
1151.7,701.8721000001822
1151.8,604.4165999997499
1151.9,624.391600000036
1152.0,694.7553465346447
1152.1,642.5875999998805
1152.2,610.6659999999241
1152.3,706.7160000001229
1152.4,700.7239999998937
1152.5,604.7003999999275
1152.6,624.418000000089
1152.7,691.4571999999298
1152.8,636.3327999998799
1152.9,612.7953029702837
1153.0,705.2953861384808
1153.1,698.3240000001238
1153.2,607.6915000000861
1153.3,625.5105000003216
1153.4,684.2300000000268
1153.5,628.9320000001418
1153.6,613.1544999999165
1153.7,706.3994999998755
1153.8,698.8777079205558
1153.9,612.036926732573
1154.0,629.5538000001288
1154.1,681.1747999999835
1154.2,624.0698000003777
1154.3,609.3736000001006
1154.4,613.5697999999248
1154.5,587.399999999998
1154.6,625.6331999999213
1154.7,658.8547999999996
1154.8,626.6810891088948
1154.9,623.6830999999677
1155.0,704.2847999999249
1155.1,705.6676000000648
1155.2,620.5198000000521
1155.3,584.6505999999999
1155.4,654.63589999991
1155.5,653.8479000000808
1155.6,625.8601999999643
1155.7,706.5770297027843
1155.8,705.6963999998192
1155.9,658.2768000000011
1156.0,668.0656000000333
1156.1,696.7611999999791
1156.2,652.5212000003286
1156.3,625.7852000001087
1156.4,697.9524000001521
1156.5,689.9119999998316
1156.6,608.1184158415292
1156.7,617.94219999998
1156.8,674.8329000000535
1156.9,628.3563000000266
1157.0,607.2642999999839
1157.1,641.4386000000003
1157.2,683.510899999981
1157.3,709.1954999999401
1157.4,617.3978000000344
1157.5,555.029999999971
1157.6,566.9999999999978
1157.7,651.7399999996168
1157.8,659.1649999996506
1157.9,626.9400000002029
1158.0,687.3
1158.1,644.1800000002677
1158.2,618.1249999998508
1158.3,703.5200000002392
1158.4,706.4466336632411
1158.5,630.4275999999882
1158.6,638.565200000016
1158.7,686.6619999999505
1158.8,642.2053999999735
1158.9,580.594399999999
1159.0,665.6480000000406
1159.1,698.9451999999733
1159.2,603.2253000001461
1159.3,610.5263366337944
1159.4,665.3168000000085
1159.5,618.5528000002081
1159.6,595.3867999998623
1159.7,680.2435999998274
1159.8,677.657199999705
1159.9,599.5279999999751
1160.0,619.6283999998338
1160.1,532.1776000005113
1160.2,508.99356435572025
1160.3,630.6394999999794
1160.4,643.3723000000417
1160.5,676.0696000000005
1160.6,671.6782999999931
1160.7,626.304200000124
1160.8,610.113200000042
1160.9,682.1871000000573
1161.0,655.4555999998967
1161.1,574.8196039603962
1161.2,629.6721999998363
1161.3,694.5882000000005
1161.4,643.1553999998778
1161.5,614.2535999999063
1161.6,693.5579999998747
1161.7,691.7664000001523
1161.8,613.8887999998783
1161.9,633.2424000000949
1162.0,656.5341584158532
1162.1,605.6375000000456
1162.2,482.3120000007252
1162.3,365.6795000000008
1162.4,365.6379999999989
1162.5,364.92999999999955
1162.6,364.84049999999974
1162.7,364.7885000000016
1162.8,364.52549999999997
1162.9,364.5734653465347
1163.0,364.22640000000087
1163.1,363.8319999999997
1163.2,363.87240000000025
1163.3,363.93880000000087
1163.4,364.70079999999905
1163.5,365.43199999999973
1163.6,365.4680000000003
1163.7,365.3
1163.8,365.3
1163.9,360.88389999998367
1164.0,354.82789999999926
1164.1,354.51270000000005
1164.2,354.45
1164.3,354.45
1164.4,354.34679999999963
1164.5,354.21000000000004
1164.6,354.21000000000004
1164.7,354.24359999999996
1164.8,354.1555999999993
1164.9,353.97
1165.0,353.97
1165.1,353.84820000000013
1165.2,353.68
1165.3,353.84800000000087
1165.4,353.9120000000002
1165.5,353.8463366336629
1165.6,353.9939000000005
1165.7,353.8372000000002
1165.8,353.64649999999926
1165.9,353.5384000000005
1166.0,353.75790000000006
1166.1,353.79210000000046
1166.2,353.5816000000006
1166.3,353.57120000000066
1166.4,353.7721782178218
1166.5,353.726
1166.6,353.598
1166.7,353.55
1166.8,353.506
1166.9,353.568
1167.0,353.76
1167.1,353.632
1167.2,353.5559999999995
1167.3,353.61514851485117
1167.4,353.44
1167.5,353.44
1167.6,353.48289999999974
1167.7,353.6201999999996
1167.8,353.6168999999993
1167.9,353.3424999999994
1168.0,353.31870000000026
1168.1,353.53169999999994
1168.2,353.6195049504945
1168.3,353.6615999999999
1168.4,353.5386
1168.5,353.4401999999999
1168.6,353.3898000000001
1168.7,353.5503999999999
1168.8,353.4859999999999
1168.9,353.24299999999994
1169.0,353.26020000000017
1169.1,353.34594059405947
1169.2,353.2824999999996
1169.3,353.44
1169.4,353.54730000000035
1169.5,353.62270000000046
1169.6,353.3734000000003
1169.7,353.2341000000001
1169.8,353.19
1169.9,353.2159000000001
1170.0,353.3662376237622
1170.1,353.42400000000026
1170.2,353.1316000000007
1170.3,353.06040000000013
1170.4,353.0779999999998
1170.5,353.02200000000016
1170.6,353.16799999999995
1170.7,353.09560000000107
1170.8,352.90999999999997
1170.9,352.96400000000017
1171.0,353.00653465346534
1171.1,352.97649999999976
1171.2,353.0720000000001
1171.3,353.0480000000003
1171.4,353.1315000000002
1171.5,353.1060000000003
1171.6,353.1214999999994
1171.7,353.2545000000006
1171.8,353.1331683168337
1171.9,353.4945544554451
1172.0,353.26079999999945
1172.1,352.976
1172.2,353.0051999999991
1172.3,353.2410000000002
1172.4,353.2889999999998
1172.5,353.2750000000003
1172.6,353.3482000000001
1172.7,352.99660000000165
1172.8,352.82495049504985
1172.9,352.9883000000003
1173.0,352.7688999999998
1173.1,352.9603000000001
1173.2,352.8208000000002
1173.3,352.82170000000116
1173.4,353.0708000000002
1173.5,353.02549999999974
1173.6,353.19400000000013
1173.7,353.18415841584107
1173.8,353.26719999999904
1173.9,352.9800000000005
1174.0,352.9931999999998
1174.1,352.82959999999855
1174.2,353.13560000000047
1174.3,353.10320000000047
1174.4,353.2511999999998
1174.5,353.22520000000003
1174.6,353.1732673267334
1174.7,352.9898999999999
1174.8,353.18379999999996
1174.9,353.1018
1175.0,352.95
1175.1,353.02439999999996
1175.2,353.19
1175.3,353.2241000000003
1175.4,353.1023366336633
1175.5,352.84863366336623
1175.6,353.2140000000005
1175.7,353.00000000000045
1175.8,352.86
1175.9,352.92000000000047
1176.0,353.13200000000023
1176.1,353.1080000000014
1176.2,352.81899999999877
1176.3,353.1029999999993
1176.4,352.98613861386184
1176.5,353.2219
1176.6,353.1143999999999
1176.7,352.65999999999997
1176.8,352.72960000000006
1176.9,352.9145
1177.0,352.86589999999995
1177.1,352.62809999999996
1177.2,352.7616999999992
1177.3,353.1852475247522
1177.4,352.95
1177.5,352.89400000000035
1177.6,352.80599999999964
1177.7,352.9807999999998
1177.8,353.0291999999997
1177.9,352.89959999999974
1178.0,352.8511999999995
1178.1,353.0292000000002
1178.2,352.9000990099014
1178.3,352.8429000000002
1178.4,352.90769999999964
1178.5,352.65800000000024
1178.6,352.7933999999996
1178.7,352.37
1178.8,352.4483000000002
1178.9,352.7383000000002
1179.0,352.95
1179.1,352.9011059405939
1179.2,352.842984158416
1179.3,352.9411999999988
1179.4,352.7354000000006
1179.5,352.8746000000004
1179.6,352.68859999999984
1179.7,352.81159999999977
1179.8,352.81299999999857
1179.9,352.60220000000095
1180.0,352.7992000000008
1180.1,352.519306930692
1180.2,352.9050000000006
1180.3,352.77
1180.4,352.87500000000045
1180.5,353.0574999999994
1180.6,352.76
1180.7,352.915000000002
1180.8,352.6250000000007
1180.9,352.88749999999925
1181.0,352.4690099009904
1181.1,352.72680000000014
1181.2,352.61159999999995
1181.3,352.77120000000093
1181.4,353.0815999999999
1181.5,353.03240000000045
1181.6,352.6168000000002
1181.7,352.52319999999986
1181.8,352.72960000000074
1181.9,352.81217821782195
1182.0,352.43670000000014
1182.1,352.68529999999964
1182.2,352.79069999999973
1182.3,352.9267000000005
1182.4,352.9475999999986
1182.5,352.4057000000003
1182.6,352.6990000000021
1182.7,352.3416999999977
1182.8,352.81792079207855
1182.9,352.43379999999985
1183.0,352.72379999999987
1183.1,352.95
1183.2,352.95
1183.3,352.9059999999994
1183.4,352.7544
1183.5,352.85359999999986
1183.6,353.0422000000002
1183.7,352.76692871287094
1183.8,353.0463960396028
1183.9,352.7209000000006
1184.0,352.8890999999997
1184.1,352.73979999999904
1184.2,352.96020000000095
1184.3,352.65999999999997
1184.4,352.68310000000025
1184.5,352.7889000000001
1184.6,352.7808029702978
1184.7,352.6170099009887
1184.8,353.092
1184.9,352.80600000000004
1185.0,352.546
1185.1,352.37
1185.2,352.44999999999965
1185.3,352.748
1185.4,352.73
1185.5,352.94
1185.6,352.68178217821776
1185.7,352.8155999999995
1185.8,352.9434999999991
1185.9,352.72650000000056
1186.0,352.8884000000013
1186.1,352.48019999999883
1186.2,352.8949000000006
1186.3,352.7056000000006
1186.4,352.8543999999996
1186.5,352.70138613861354
1186.6,352.9232000000001
1186.7,353.03720000000015
1186.8,352.67980000000006
1186.9,352.7862
1187.0,352.88700000000006
1187.1,352.99019999999996
1187.2,352.87300000000005
1187.3,352.7338
1187.4,352.6760396039604
1187.5,352.73470000000015
1187.6,352.61070000000046
1187.7,352.41929999999957
1187.8,352.6940000000006
1187.9,352.84129999999976
1188.0,352.68540000000064
1188.1,352.38529999999986
1188.2,352.52799999999934
1188.3,352.84148514851455
1188.4,352.7355999999999
1188.5,352.61359999999974
1188.6,352.41640000000007
1188.7,352.65999999999997
1188.8,352.61359999999974
1188.9,352.4308000000003
1189.0,352.7035999999997
1189.1,352.54160000000013
1189.2,352.9383168316838
1189.3,352.73999999999944
1189.4,352.5999999999998
1189.5,352.8059999999997
1189.6,352.95750000000044
1189.7,352.65999999999997
1189.8,352.6765000000003
1189.9,352.75350000000014
1190.0,352.65999999999997
1190.1,352.63326732673295
1190.2,352.46460000000036
1190.3,352.42600000000056
1190.4,352.7826000000001
1190.5,352.8319999999997
1190.6,352.65999999999997
1190.7,352.65999999999997
1190.8,352.69360000000034
1190.9,352.8257999999993
1191.0,352.39495049504967
1191.1,352.5642999999999
1191.2,352.65999999999997
1191.3,352.70550000000117
1191.4,352.99570000000006
1191.5,352.8688000000002
1191.6,352.6742999999999
1191.7,352.77
1191.8,352.75569999999965
1191.9,352.67158415841584
1192.0,352.75
1192.1,352.75239999999997
1192.2,352.7568000000003
1192.3,352.68400000000037
1192.4,352.83839999999964
1192.5,352.66919999999993
1192.6,352.6247999999992
1192.7,352.8669306930696
1192.8,352.75833762376203
1192.9,352.67010000000005
1193.0,352.61969999999997
1193.1,352.86220000000003
1193.2,352.85580000000016
1193.3,352.6281000000001
1193.4,352.39199999999994
1193.5,352.62829999999985
1193.6,353.08570000000003
1193.7,352.9253465346536
1193.8,352.56100000000004
1193.9,352.57
1194.0,352.5900000000004
1194.1,352.7390000000007
1194.2,352.47999999999956
1194.3,352.63999999999953
1194.4,352.51100000000116
1194.5,352.94799999999964
1194.6,352.7341584158419
1194.7,352.5963
1194.8,352.6618
1194.9,352.6863
1195.0,352.76980000000003
1195.1,352.9069999999998
1195.2,352.3230999999999
1195.3,352.86
1195.4,352.87170000000003
1195.5,352.94277227722773
1195.6,352.4616
1195.7,352.48719999999986
1195.8,352.5892000000007
1195.9,352.7899999999994
1196.0,352.57999999999953
1196.1,352.8036000000002
1196.2,352.7188000000003
1196.3,352.6004000000004
1196.4,352.71128712871257
1196.5,352.6513000000004
1196.6,353.17269999999985
1196.7,352.7792000000017
1196.8,352.38680000000016
1196.9,352.6163000000001
1197.0,352.72100000000023
1197.1,352.95589999999976
1197.2,352.37
1197.3,352.37623762376245
1197.4,352.4756000000008
1197.5,352.71100000000024
1197.6,352.5712
1197.7,352.60919999999953
1197.8,352.8745999999981
1197.9,352.3440000000012
1198.0,352.70440000000036
1198.1,352.4689999999998
1198.2,352.6153999999999
1198.3,352.69349999999986
1198.4,352.57
1198.5,352.5644999999999
1198.6,352.47300000000024
1198.7,352.71800000000013
1198.8,352.6699999999998
1198.9,352.4920000000003
1199.0,352.7245000000001
1199.1,352.7964455445542
1199.2,352.54481188118723
1199.3,352.57
1199.4,352.57599999999985
1199.5,352.7235999999999
1199.6,352.7968000000003
1199.7,352.4792
1199.8,352.4704000000009
1199.9,352.7060000000003
1200.0,352.37
1200.1,352.3726999999997
1200.2,352.4644999999996
1200.3,352.6088
1200.4,352.56129999999956
1200.5,352.2872000000004
1200.6,352.52869999999916
1200.7,352.81
1200.8,352.8027999999996
1200.9,352.57
1201.0,352.5660000000001
1201.1,352.3765999999998
1201.2,352.68920000000026
1201.3,352.1664000000013
1201.4,352.48659999999984
1201.5,352.79920000000027
1201.6,352.2807999999998
1201.7,352.8052000000001
1201.8,352.5688118811879
1201.9,352.5130000000006
1202.0,352.8075999999995
1202.1,352.5714999999996
1202.2,352.7165000000009
1202.3,352.37530000000106
1202.4,352.8957999999991
1202.5,352.4809000000002
1202.6,352.57419999999894
1202.7,352.9873267326739
1202.8,352.72
1202.9,352.48
1203.0,352.46000000000004
1203.1,352.81
1203.2,352.68
1203.3,352.46000000000004
1203.4,352.37
1203.5,352.61
1203.6,352.08000000000004
1203.7,352.3671287128707
1203.8,352.0828999999993
1203.9,352.80270000000183
1204.0,352.57240000000047
1204.1,352.57
1204.2,352.82739999999944
1204.3,352.48349999999914
1204.4,352.85620000000097
1204.5,352.4640000000008
1204.6,352.60702970297035
1204.7,352.37480000000096
1204.8,352.37
1204.9,352.6052000000001
1205.0,352.8060000000001
1205.1,352.8296
1205.2,352.28120000000223
1205.3,352.56400000000014
1205.4,352.48179999999996
1205.5,352.7127999999997
1205.6,352.4678000000004
1205.7,352.3727000000001
1205.8,352.6028000000007
1205.9,352.3771999999993
1206.0,352.37
1206.1,352.6027999999996
1206.2,352.71669999999983
1206.3,352.70059999999995
1206.4,352.4695999999998
1206.5,352.9016000000004
1206.6,352.5263999999996
1206.7,352.69239999999934
1206.8,352.3831999999997
1206.9,352.37
1207.0,352.6004000000002
1207.1,352.4659999999999
1207.2,352.6519999999993
1207.3,352.4889108910885
1207.4,352.8979999999996
1207.5,352.73000000000025
1207.6,352.59650000000016
1207.7,352.71349999999984
1207.8,352.3874999999988
1207.9,352.89249999999953
1208.0,352.7585000000002
1208.1,352.38900000000046
1208.2,352.47346534653434
1208.3,352.60220000000015
1208.4,352.1117999999993
1208.5,352.4560000000006
1208.6,352.60219999999964
1208.7,352.4690000000005
1208.8,352.89240000000063
1208.9,352.5063999999994
1209.0,352.6868000000003
1209.1,352.71861386138613
1209.2,352.4038000000003
1209.3,352.69620000000134
1209.4,352.72
1209.5,352.72
1209.6,352.3945000000002
1209.7,352.37
1209.8,352.61180000000104
1209.9,353.0670999999998
1210.0,352.7500990099004
1210.1,352.76599999999985
1210.2,352.5032000000008
1210.3,352.56280000000015
1210.4,352.48719999999986
1210.5,352.64560000000034
1210.6,352.49440000000044
1210.7,352.48
1210.8,352.7468000000005
1210.9,352.6033980198015
1211.0,352.85389999999995
1211.1,352.6161000000001
1211.2,352.6082
1211.3,352.3461
1211.4,352.44739999999996
1211.5,352.5601
1211.6,352.48810000000003
1211.7,352.28890000000007
1211.8,352.46110000000004
1211.9,352.66019801980235
1212.0,352.2390000000009
1212.1,352.53199999999913
1212.2,352.66899999999976
1212.3,352.7610000000002
1212.4,352.4099999999991
1212.5,352.45099999999985
1212.6,352.63999999999953
1212.7,352.4980000000004
1212.8,352.1235643564355
1212.9,352.33810000000005
1213.0,352.7260000000001
1213.1,352.51189999999997
1213.2,352.56010000000003
1213.3,352.47209999999995
1213.4,352.29089999999997
1213.5,352.4302
1213.6,352.45
1213.7,352.29138613861414
1213.8,352.1731999999997
1213.9,352.3448000000006
1214.0,352.46679999999986
1214.1,352.3832000000002
1214.2,352.4667999999998
1214.3,352.46239999999995
1214.4,352.57440000000037
1214.5,352.3964000000003
1214.6,352.5635999999996
1214.7,352.494158415842
1214.8,352.48
1214.9,352.4626
1215.0,352.3816999999999
1215.1,352.4657000000001
1215.2,352.1320000000013
1215.3,352.60200000000043
1215.4,352.68
1215.5,352.68
1215.6,352.25792079207974
1215.7,352.19
1215.8,352.4222000000009
1215.9,352.2106000000002
1216.0,352.0926000000001
1216.1,352.4067999999995
1216.2,352.20200000000045
1216.3,352.418000000001
1216.4,352.2966000000001
1216.5,352.52799999999957
1216.6,352.2468663366333
1216.7,352.51299999999895
1216.8,352.57
1216.9,352.24699999999956
1217.0,352.51300000000043
1217.1,352.6635000000001
1217.2,352.41650000000084
1217.3,352.37
1217.4,352.4465000000001
1217.5,352.38425742574265
1217.6,352.4455999999999
1217.7,352.6615999999998
1217.8,352.4227999999988
1217.9,352.53799999999995
1218.0,352.4944000000001
1218.1,352.5555999999999
1218.2,352.4776000000001
1218.3,352.4768000000001
1218.4,352.4633663366336
1218.5,352.38529999999986
1218.6,352.1293000000006
1218.7,352.48669999999856
1218.8,352.41229999999973
1218.9,352.5377000000003
1219.0,352.57
1219.1,352.2297000000009
1219.2,352.42559999999906
1219.3,352.1512871287129
1219.4,352.08000000000004
1219.5,352.31779999999986
1219.6,352.4602
1219.7,352.6275999999999
1219.8,352.34019999999987
1219.9,352.4421999999999
1220.0,352.24220000000014
1220.1,352.25559999999996
1220.2,352.27
1220.3,352.2050495049503
1220.4,352.4978000000008
1220.5,352.4970999999998
1220.6,352.48
1220.7,352.33420000000046
1220.8,352.44580000000036
1220.9,352.48
1221.0,352.48
1221.1,352.6419999999997
1221.2,352.5917821782179
1221.3,352.57
1221.4,352.482
1221.5,352.31600000000003
1221.6,352.6
1221.7,352.432
1221.8,352.60200000000026
1221.9,352.516
1222.0,352.312
1222.1,352.42049504950467
1222.2,352.54689999999977
1222.3,352.4119999999995
1222.4,352.29099999999977
1222.5,352.5227999999997
1222.6,352.5742
1222.7,352.57
1222.8,352.4119999999995
1222.9,352.37
1223.0,352.4560396039605
1223.1,352.48
1223.2,352.5657999999997
1223.3,352.50419999999997
1223.4,352.48
1223.5,352.48
1223.6,352.6360000000001
1223.7,352.59420000000034
1223.8,352.5856
1223.9,352.48859999999996
1224.0,352.46000000000004
1224.1,352.46000000000004
1224.2,352.39070000000015
1224.3,352.4393000000003
1224.4,352.5601000000004
1224.5,352.59000000000003
1224.6,352.65929999999986
1224.7,352.37200000000064
1224.8,352.5033000000009
1224.9,352.5852475247525
1225.0,352.4911999999999
1225.1,352.3915999999999
1225.2,352.4535999999997
1225.3,352.3963999999999
1225.4,352.37
1225.5,352.4384000000001
1225.6,352.47520000000003
1225.7,352.48
1225.8,352.562772277228
1225.9,352.5075
1226.0,352.46500000000003
1226.1,352.5424999999999
1226.2,352.5025000000001
1226.3,352.39749999999964
1226.4,352.4525
1226.5,352.39750000000015
1226.6,352.37
1226.7,352.23500000000024
1226.8,352.4721782178225
1226.9,352.48859999999985
1227.0,352.4748
1227.1,352.3986000000002
1227.2,352.53279999999927
1227.3,352.5752
1227.4,352.70320000000027
1227.5,352.2541999999991
1227.6,352.59059999999863
1227.7,352.47693069306985
1227.8,352.59630000000016
1227.9,352.53400000000016
1228.0,352.48
1228.1,352.54569999999995
1228.2,352.57
1228.3,352.57
1228.4,352.57
1228.5,352.50430000000006
1228.6,352.4004950495052
1228.7,352.37
1228.8,355.47320000000786
1228.9,518.8312000004097
1229.0,618.2428000000918
1229.1,632.38
1229.2,716.4111999996816
1229.3,748.4995999999985
1229.4,732.833199999961
1229.5,727.9517029703024
1229.6,745.050535643571
1229.7,718.4668000000106
1229.8,467.0880999996345
1229.9,568.2019999999366
1230.0,676.952299999991
1230.1,727.4067999999875
1230.2,749.3226999999981
1230.3,710.3498999999363
1230.4,746.1592574257288
1230.5,731.6742970297862
1230.6,725.7779999999697
1230.7,748.1829999999402
1230.8,734.2579999999291
1230.9,727.2550000000076
1231.0,731.8369999999954
1231.1,750.7369999999436
1231.2,713.240000000146
1231.3,690.7879999999896
1231.4,643.7605940593501
1231.5,718.8152000000314
1231.6,746.8953999999951
1231.7,749.3948999999616
1231.8,760.5004000000023
1231.9,740.9282999999925
1232.0,732.6865000000006
1232.1,707.6466999999915
1232.2,740.9741999998103
1232.3,759.0895049504892
1232.4,761.2140000000124
1232.5,762.9011999999998
1232.6,731.226800000085
1232.7,683.1744000000886
1232.8,676.0116000000337
1232.9,681.5884000000066
1233.0,669.9332000000067
1233.1,742.4327999997904
1233.2,748.6269504951953
1233.3,732.9225366336618
1233.4,709.1469999999762
1233.5,753.615200000057
1233.6,760.3864999999788
1233.7,744.9341000000184
1233.8,776.1447000000344
1233.9,755.9835999999625
1234.0,733.1029999999952
1234.1,732.5378217821765
1234.2,753.5567999999585
1234.3,761.1611999999867
1234.4,757.7731999999995
1234.5,744.4246000000255
1234.6,549.2308000003903
1234.7,600.496199999693
1234.8,664.2819999999385
1234.9,711.8730000000149
1235.0,667.2745544554159
1235.1,605.4105000000656
1235.2,648.8559999997059
1235.3,674.0154999999912
1235.4,610.684499999894
1235.5,627.4075000000863
1235.6,707.3289999998508
1235.7,661.6315000003905
1235.8,604.1789999999696
1235.9,652.818019801964
1236.0,677.7976000000101
1236.1,614.631200000084
1236.2,627.4207999999345
1236.3,706.1172000003
1236.4,655.3875999999086
1236.5,603.5900000000092
1236.6,654.3319999999226
1236.7,678.9212000000086
1236.8,615.8394811878967
1236.9,626.1203643565485
1237.0,696.8061000001122
1237.1,653.4792000001403
1237.2,607.7934000000231
1237.3,659.2249000001373
1237.4,673.8931999999566
1237.5,608.6197999998607
1237.6,624.6202999999022
1237.7,698.0534999997888
1237.8,660.3235643564036
1237.9,614.9922000000048
1238.0,660.7221999999634
1238.1,665.5224000000189
1238.2,597.3576000000385
1238.3,618.4236000001092
1238.4,644.9130000000044
1238.5,577.9300000000463
1238.6,538.6678000000004
1238.7,654.017623762057
1238.8,724.6349999999928
1238.9,660.5802999997896
1239.0,620.6829999999998
1239.1,660.0351999998392
1239.2,631.3973000002203
1239.3,637.7309000001364
1239.4,705.5616000001404
1239.5,665.4745000000797
1239.6,623.5179356435629
1239.7,666.5179999999999
1239.8,692.2339999999921
1239.9,635.686
1240.0,640.4780000000001
1240.1,708.176
1240.2,659.79
1240.3,603.2639999999806
1240.4,599.256
1240.5,641.2220990098167
1240.6,618.2851792080991
1240.7,622.7597999998604
1240.8,688.5490000001604
1240.9,653.3755999997395
1241.0,605.3010000000017
1241.1,647.2241999998416
1241.2,513.9801000005722
1241.3,385.35109999994074
1241.4,503.05230000054013
1241.5,591.5415841584157
1241.6,634.5418000000338
1241.7,665.7737999999998
1241.8,635.4975999999763
1241.9,613.6792000000002
1242.0,626.1630000000097
1242.1,704.1964000000542
1242.2,697.1032000002149
1242.3,611.7743999999656
1242.4,634.3121782177543
1242.5,693.240499999948
1242.6,651.2775000001564
1242.7,608.2434000000022
1242.8,692.6085000004407
1242.9,701.8773999999651
1243.0,617.6446000001197
1243.1,637.8197999998533
1243.2,694.990299999951
1243.3,630.235940593813
1243.4,612.1196000000684
1243.5,644.2771999999985
1243.6,600.8767999999307
1243.7,619.4367999998477
1243.8,672.4604000000197
1243.9,618.7135999998973
1244.0,611.0424000000683
1244.1,493.67199999975577
1244.2,529.6051999995495
1244.3,599.4015742572176
1244.4,568.9515000000179
1244.5,679.7484999997891
1244.6,700.5760000001294
1244.7,609.7630000000818
1244.8,619.7840000002628
1244.9,702.78750000008
1245.0,679.7905000001292
1245.1,631.6329999999938
1245.2,688.9865346532406
1245.3,689.5777999998855
1245.4,611.8847999999014
1245.5,621.6064000001087
1245.6,705.7807999999039
1245.7,680.7680000003861
1245.8,624.3597999999985
1245.9,686.8796000001593
1246.0,673.1663999998297
1246.1,584.7461386138459
1246.2,614.7661999999266
1246.3,695.9864000000841
1246.4,729.8573999999915
1246.5,733.5069000000028
1246.6,733.4238999999975
1246.7,714.0678000000271
1246.8,729.9195000000948
1246.9,731.6338000000372
1247.0,716.1854455445666
1247.1,874.4367999998436
1247.2,820.0576000010071
1247.3,633.727999999968
1247.4,673.9520000001703
1247.5,707.164399999959
1247.6,723.1455999999719
1247.7,748.2907999999978
1247.8,746.667999999993
1247.9,747.3057544554521
1248.0,720.1549405940181
1248.1,721.0931999999872
1248.2,726.4387000000099
1248.3,720.8802000000621
1248.4,742.2560999999972
1248.5,743.559200000002
1248.6,680.8017000000259
1248.7,642.3953999999922
1248.8,717.3835000002277
1248.9,766.0602970296885
1249.0,750.375
1249.1,723.9350000000805
1249.2,740.1949999998454
1249.3,744.904999999867
1249.4,733.0750000000794
1249.5,759.975
1249.6,758.230000000051
1249.7,747.8749999999961
1249.8,725.7992079207343
1249.9,737.3913000000161
1250.0,738.8823999999838
1250.1,699.8892999999988
1250.2,697.3551999999991
1250.3,726.5884000000134
1250.4,730.7017999999879
1250.5,737.865300000016
1250.6,757.5955999999926
1250.7,742.9305940594029
1250.8,744.4715999999971
1250.9,751.3596000000085
1251.0,766.1307999999747
1251.1,753.609200000075
1251.2,764.085599999879
1251.3,771.9907999998485
1251.4,743.6140000000006
1251.5,762.5967999999302
1251.6,772.6359960396137
1251.7,767.4255267326589
1251.8,778.8821000000071
1251.9,612.0985999997499
1252.0,531.5159000001651
1252.1,620.0966999999425
1252.2,620.6215999998599
1252.3,687.7992000000235
1252.4,644.5621999999108
1252.5,609.7163000000501
1252.6,697.9006930692785
1252.7,707.1916000001406
1252.8,618.889999999774
1252.9,621.9592000000982
1253.0,681.4259999999679
1253.1,635.837400000173
1253.2,605.135199999888
1253.3,696.5426000003257
1253.4,704.0235999998868
1253.5,618.7286138614005
1253.6,626.1529999999144
1253.7,678.4744999999958
1253.8,630.9719999998783
1253.9,606.3135000000864
1254.0,692.815000000113
1254.1,695.4055000001051
1254.2,610.7960000001593
1254.3,626.9860000001058
1254.4,673.3280198019778
1254.5,624.7684000000879
1254.6,604.0767999999309
1254.7,689.9159999999105
1254.8,691.6655999998015
1254.9,608.6900000000312
1255.0,628.7755999999188
1255.1,673.9584000000099
1255.2,627.0984000000843
1255.3,606.8782178219799
1255.4,686.0439000001412
1255.5,671.9565999997607
1255.6,594.8442999999927
1255.7,596.0289000000703
1255.8,648.403300000244
1255.9,733.8463999999929
1256.0,690.5102999998492
1256.1,636.7508999999998
1256.2,647.6064277227247
1256.3,660.9257247524735
1256.4,656.7020000000034
1256.5,691.175999999958
1256.6,691.5884000000575
1256.7,624.7777999999929
1256.8,682.7668000002544
1256.9,711.7620000000418
1257.0,626.8088000000344
1257.1,614.8681762375892
1257.2,694.6894900988946
1257.3,694.4842999997467
1257.4,626.6219000000258
1257.5,680.3226000000205
1257.6,705.3237000002537
1257.7,612.7169000001999
1257.8,597.2425000001581
1257.9,676.5548000001684
1258.0,674.7601999999777
1258.1,602.2388118811884
1258.2,654.2959999997627
1258.3,692.6360000000001
1258.4,606.0540000000001
1258.5,566.0659999999999
1258.6,565.5699999999999
1258.7,576.2559999999474
1258.8,593.318
1258.9,593.158
1259.0,592.021089108914
1259.1,644.6280999997118
1259.2,681.7522000002558
1259.3,603.4892999999872
1259.4,599.5565999999949
1259.5,620.3233000000411
1259.6,625.0130000001561
1259.7,610.6488999998312
1259.8,686.6264000001645
1259.9,679.0010267324645
1260.0,614.5813841584284
1260.1,681.4912000000577
1260.2,721.4848000001293
1260.3,627.0393999999623
1260.4,610.0500000000411
1260.5,680.8242000000175
1260.6,705.2288000000005
1260.7,660.064200000154
1260.8,595.9901227722876
1260.9,623.8762554455363
1261.0,611.8548000001241
1261.1,596.7984999998534
1261.2,657.5501999999881
1261.3,623.951299999694
1261.4,490.1826999997641
1261.5,452.17859999966134
1261.6,559.1201000001166
1261.7,513.8257999999962
1261.8,593.0769306935331
1261.9,727.5811999999999
1262.0,685.7879999998945
1262.1,611.0796000000009
1262.2,638.291599999716
1262.3,676.9665411764422
1262.4,628.0115058822672
1262.5,600.7846000001032
1262.6,638.3776000000066
1262.7,614.3426000000004
1262.8,610.5741999999852
1262.9,631.286800000112
1263.0,651.6368930691713
1263.1,606.3326425742964
1263.2,643.1716000000065
1263.3,604.5015941745262
1263.4,601.633932038887
1263.5,734.4659999999991
1263.6,731.7790000000152
1263.7,726.6330000000037
1263.8,715.1339999999212
1263.9,709.3455445545579
1264.0,742.5135999999918
1264.1,719.2093000000018
1264.2,734.3363999999649
1264.3,714.3804999999664
1264.4,616.9396000000057
1264.5,634.8107
1264.6,650.9590000000128
1264.7,709.6022999999292
1264.8,743.4914851484751
1264.9,712.6835999999969
1265.0,717.8307999999566
1265.1,734.8980000000008
1265.2,734.8339999999986
1265.3,724.327599999892
1265.4,712.2352000000852
1265.5,746.1712000000535
1265.6,728.05679999998
1265.7,741.8818138613365
1265.8,725.3362257424963
1265.9,644.2099000000126
1266.0,657.3904999999995
1266.1,679.4635000000574
1266.2,729.8769000000221
1266.3,712.7586000000315
1266.4,740.0358999999838
1266.5,719.1407999999911
1266.6,720.0779138614107
1266.7,742.3363663366351
1266.8,730.2770000000507
1266.9,750.779600000067
1267.0,767.0458000000446
1267.1,743.4263999999971
1267.2,680.6912000003375
1267.3,547.0820000006054
1267.4,675.5267999999053
1267.5,674.9261999998193
1267.6,753.7300990100402
1267.7,712.862499999804
1267.8,758.3575000000108
1267.9,764.4549999999954
1268.0,765.0300000000168
1268.1,760.6374999999999
1268.2,725.7624999998442
1268.3,749.1199999999503
1268.4,727.7500000000517
1268.5,763.8349504950545
1268.6,768.9604000000037
1268.7,767.5723999999936
1268.8,759.9519999998626
1268.9,736.4819999999336
1269.0,772.5432000000737
1269.1,710.7020000000009
1269.2,667.2504000001619
1269.3,575.8408000004658
1269.4,682.7095049505373
1269.5,592.9253000000317
1269.6,667.1306999996214
1269.7,739.2088000003412
1269.8,631.2023999998678
1269.9,590.2230000001593
1270.0,678.2273000000259
1270.1,683.9762000003963
1270.2,593.3148999998385
1270.3,663.1114643565708
1270.4,732.6151049505456
1270.5,629.2426000000338
1270.6,592.9059999999555
1270.7,676.5687999999848
1270.8,674.3785999996015
1270.9,589.6383999999674
1271.0,670.226599999949
1271.1,733.1394000000506
1271.2,631.2346554456066
1271.3,596.2451425744467
1271.4,674.6894000000534
1271.5,668.802299999862
1271.6,584.8858999998104
1271.7,667.6079999997279
1271.8,732.3814999997936
1271.9,637.1384999998484
1272.0,597.8065000001
1272.1,673.1226999999652
1272.2,659.3374257429191
1272.3,580.856
1272.4,664.538
1272.5,726.63
1272.6,632.938
1272.7,600.383999999915
1272.8,673.032
1272.9,684.858
1273.0,726.308
1273.1,590.1217821781704
1273.2,685.0483999999992
1273.3,667.4419999997644
1273.4,591.4193000000024
1273.5,621.7426999996862
1273.6,727.0977000002028
1273.7,646.8098999999995
1273.8,637.4514999998745
1273.9,613.0465000001398
1274.0,682.6672277227682
1274.1,666.2119999999532
1274.2,595.047599999973
1274.3,671.8552000000401
1274.4,724.8177999999511
1274.5,630.118799999983
1274.6,615.7828000000411
1274.7,688.5614000000028
1274.8,682.5086000000008
1274.9,665.25562970296
1275.0,604.1317326730325
1275.1,708.626000000169
1275.2,614.4161000000568
1275.3,599.1393000002491
1275.4,668.0000999999859
1275.5,647.3895000001427
1275.6,584.3223999998938
1275.7,651.2174999998922
1275.8,704.4766999999483
1275.9,662.1809900985832
1276.0,532.0880000000407
1276.1,595.9344000000299
1276.2,716.4704000003885
1276.3,626.8028000000003
1276.4,637.5456000000595
1276.5,686.509199999966
1276.6,641.977199999985
1276.7,585.4059999997186
1276.8,663.7027722772764
1276.9,714.7310000001497
1277.0,604.5554999999869
1277.1,634.9129999998445
1277.2,736.7215000001098
1277.3,642.5374999997803
1277.4,587.1094999999012
1277.5,670.9284999999247
1277.6,708.2495000001436
1277.7,604.214059405909
1277.8,639.5934000001607
1277.9,726.6691999998612
1278.0,627.3697999998849
1278.1,568.21540000007
1278.2,657.5185999998489
1278.3,680.5589999998266
1278.4,576.7960000000545
1278.5,628.150800000166
1278.6,698.3381999998207
1278.7,498.5021386136197
1278.8,583.0664000002432
1278.9,643.0607000000243
1279.0,612.2086999999993
1279.1,627.5220999999242
1279.2,713.1731000000582
1279.3,629.5250999997587
1279.4,575.470599999947
1279.5,655.591799999934
1279.6,722.7283168318078
1279.7,608.3643999999636
1279.8,620.0135999999982
1279.9,621.7172000000388
1280.0,631.8059999999081
1280.1,577.730799999785
1280.2,659.0979999997274
1280.3,730.7487999997535
1280.4,613.1812000000255
1280.5,631.4101980198795
1280.6,667.7296000000154
1280.7,623.7241999998929
1280.8,712.694800000087
1280.9,371.8019000000013
1281.0,408.8653999999129
1281.1,745.9066000000082
1281.2,714.1663999999984
1281.3,710.9130000000109
1281.4,668.2454455445544
1281.5,672.2100000001041
1281.6,724.4709999999823
1281.7,733.8429999999468
1281.8,780.0810000005719
1281.9,968.4819999991369
1282.0,626.8209999999993
1282.1,638.6629999997228
1282.2,748.0960000000069
1282.3,742.8980396039099
1282.4,719.9502207920726
1282.5,711.4934999999912
1282.6,682.8090000000169
1282.7,749.232900000002
1282.8,740.2776000000031
1282.9,752.3767999999991
1283.0,745.1563999999898
1283.1,708.7834000000116
1283.2,755.4322722772276
1283.3,745.1120594058938
1283.4,640.6612000000299
1283.5,652.9355999999854
1283.6,666.4519999998615
1283.7,738.400399999957
1283.8,760.6176000000163
1283.9,762.2123999998848
1284.0,719.8571999999439
1284.1,743.9564000000972
1284.2,697.5157425741904
1284.3,729.7232000000074
1284.4,737.0293999999737
1284.5,705.4067000000415
1284.6,761.8759999999995
1284.7,737.3751000012913
1284.8,443.2835000001617
1284.9,667.6698000000383
1285.0,724.1311000000413
1285.1,776.2194059405601
1285.2,721.4557999999046
1285.3,782.4001999997458
1285.4,709.1930000000889
1285.5,739.4831999999642
1285.6,763.3746000000172
1285.7,752.508399999978
1285.8,765.3201999998748
1285.9,732.4708000001999
1286.0,792.2454455446515
1286.1,717.8265000000243
1286.2,744.215999999932
1286.3,762.9904999999966
1286.4,759.7054999999899
1286.5,748.8914999999462
1286.6,709.1530000000957
1286.7,797.4980000007948
1286.8,584.8685000001991
1286.9,744.0037178216314
1287.0,604.851702970288
1287.1,621.1279999999224
1287.2,700.4444000000617
1287.3,632.3095999997443
1287.4,564.4743999999268
1287.5,645.9799999999009
1287.6,744.6784000001351
1287.7,602.6291999999876
1287.8,620.2479564360381
1287.9,725.1331445543168
1288.0,635.6156999998897
1288.1,564.496199999762
1288.2,645.8110999996856
1288.3,744.5406999997639
1288.4,601.1234000000236
1288.5,619.3993000001911
1288.6,746.7016000000067
1288.7,741.3655000003079
1288.8,638.0920792078061
1288.9,566.1447999999663
1289.0,640.9829999999527
1289.1,740.1900000000651
1289.2,600.4197999999916
1289.3,621.2172000005357
1289.4,750.2108000000499
1289.5,641.3722000000357
1289.6,566.175599999963
1289.7,647.632970296985
1289.8,735.4709999997117
1289.9,596.199800000045
1290.0,619.5061000003093
1290.1,771.350000000305
1290.2,649.7162000002136
1290.3,566.0987000001859
1290.4,656.6141000001134
1290.5,711.879800000082
1290.6,750.1737623768013
1290.7,522.55
1290.8,654.84
1290.9,741.43
1291.0,616.2
1291.1,614.46
1291.2,699.9300000000001
1291.3,641.55
1291.4,569.28
1291.5,653.59
1291.6,728.5763366336647
1291.7,627.0551485150572
1291.8,621.287999999988
1291.9,702.825900000206
1292.0,649.675200000109
1292.1,574.0682000001552
1292.2,655.3710999998303
1292.3,752.398300000243
1292.4,626.2242999996788
1292.5,605.7439000000388
1292.6,681.0056435643874
1292.7,632.3148000002051
1292.8,558.9463999999664
1292.9,637.4380000000372
1293.0,731.7584000000429
1293.1,605.6913999999406
1293.2,615.32019999995
1293.3,744.2538000000598
1293.4,672.4685999999654
1293.5,534.176930693283
1293.6,631.6556999998331
1293.7,738.968299999829
1293.8,665.8897999997675
1293.9,596.8521999997968
1294.0,675.3872999998791
1294.1,673.2046000000076
1294.2,585.0034000001444
1294.3,646.8626000001968
1294.4,728.0924811882036
1294.5,613.0768831682046
1294.6,599.4427999999917
1294.7,678.1071999997155
1294.8,669.8799999999891
1294.9,579.4575999999148
1295.0,645.2524000000659
1295.1,717.9324000000661
1295.2,595.3776000004517
1295.3,587.6247247524777
1295.4,664.7594207919957
1295.5,646.217500000027
1295.6,560.613000000101
1295.7,623.4774999999195
1295.8,708.4255000002922
1295.9,606.4050000001018
1296.0,598.3875000000029
1296.1,713.542499999862
1296.2,421.6045000003566
1296.3,562.020990099254
1296.4,630.0942000000845
1296.5,595.3263999999441
1296.6,593.6501999999975
1296.7,753.1521999994601
1296.8,660.8793999998513
1296.9,578.49139999989
1297.0,664.9146000001325
1297.1,711.6675999998733
1297.2,598.9764356436693
1297.3,633.932600000181
1297.4,749.4981999999561
1297.5,659.7327000000721
1297.6,580.7486000000524
1297.7,667.7275999999323
1297.8,671.1087999999852
1297.9,597.3514000000288
1298.0,621.5334999999782
1298.1,684.5883168315154
1298.2,693.0767999999904
1298.3,393.87239999940783
1298.4,367.07559999999853
1298.5,367.2032000000004
1298.6,366.7600000000012
1298.7,366.44400000000087
1298.8,366.42920000000004
1298.9,366.1539999999995
1299.0,366.40326732673265
1299.1,366.4209
1299.2,365.6738000000002
1299.3,365.32699999999994
1299.4,365.3
1299.5,365.40009999999995
1299.6,365.41
1299.7,365.2735
1299.8,365.39650000000006
1299.9,365.5811881188123
1300.0,365.42900000000037
1300.1,355.54600000002495
1300.2,354.8909999999989
1300.3,354.59799999999916
1300.4,354.56
1300.5,354.2270000000007
1300.6,354.4059999999995
1300.7,354.0700000000009
1300.8,353.9769801980199
1300.9,353.97
1301.0,353.9255
1301.1,353.7063999999999
1301.2,353.68
1301.3,353.68
1301.4,353.7957
1301.5,353.6943
1301.6,353.6355
1301.7,353.55879999999996
1301.8,353.62049504950517
1301.9,353.67400000000015
1302.0,353.7503999999999
1302.1,353.64560000000023
1302.2,353.63
1302.3,353.55959999999976
1302.4,353.4531999999997
1302.5,353.8447999999994
1302.6,353.7592000000003
1302.7,353.64415841584196
1302.8,353.56039999999996
1302.9,353.55
1303.0,353.55
1303.1,353.55
1303.2,353.45430000000033
1303.3,353.44
1303.4,353.44
1303.5,353.5096000000001
1303.6,353.5458415841584
1303.7,353.45540000000017
1303.8,353.64640000000077
1303.9,353.54240000000016
1304.0,353.52
1304.1,353.3308000000003
1304.2,353.20540000000017
1304.3,353.5684000000014
1304.4,353.46660000000014
1304.5,353.44
1304.6,353.7805940594062
1304.7,353.5000000000011
1304.8,353.22749999999974
1304.9,353.49600000000044
1305.0,353.4564999999999
1305.1,353.5335000000001
1305.2,353.43950000000035
1305.3,352.9439999999994
1305.4,353.35300000000063
1305.5,353.3979207920793
1305.6,353.3228000000001
1305.7,353.51159999999976
1305.8,353.04599999999783
1305.9,353.4539999999999
1306.0,353.10480000000047
1306.1,353.6667999999993
1306.2,353.5464000000003
1306.3,353.2983999999991
1306.4,353.12693069306897
1306.5,353.14150000000006
1306.6,353.44049999999925
1306.7,353.5
1306.8,352.96879999999896
1306.9,353.39120000000105
1307.0,352.89409999999884
1307.1,352.8861999999997
1307.2,353.3083999999986
1307.3,353.07172376237503
1307.4,353.28138415841585
1307.5,353.20060000000007
1307.6,353.24379999999996
1307.7,353.12880000000007
1307.8,352.99339999999995
1307.9,353.25699999999983
1308.0,352.9428000000002
1308.1,353.1469999999998
1308.2,353.5543999999998
1308.3,353.0373267326715
1308.4,352.8675999999999
1308.5,353.28930000000105
1308.6,353.17940000000044
1308.7,352.91130000000067
1308.8,353.0544000000005
1308.9,352.9055999999995
1309.0,352.9491000000002
1309.1,352.8404000000003
1309.2,353.0425742574256
1309.3,352.7479999999996
1309.4,353.012
1309.5,352.836
1309.6,352.882
1309.7,352.87
1309.8,352.86
1309.9,353.228
1310.0,352.86400000000003
1310.1,353.11435643564283
1310.2,353.0204000000005
1310.3,352.8119999999995
1310.4,353.07020000000097
1310.5,352.99200000000025
1310.6,353.1395999999995
1310.7,353.11890000000017
1310.8,352.98149999999964
1310.9,353.2976000000011
1311.0,352.81900990098944
1311.1,353.0578000000002
1311.2,353.01400000000064
1311.3,353.2976000000002
1311.4,353.13259999999985
1311.5,352.7479999999998
1311.6,352.88620000000014
1311.7,352.95
1311.8,352.72379999999987
1311.9,352.8151504950498
1312.0,352.7057950495051
1312.1,352.8139999999997
1312.2,353.08329999999955
1312.3,353.08069999999975
1312.4,352.6826999999986
1312.5,353.0165999999997
1312.6,352.7727000000008
1312.7,352.8832999999995
1312.8,352.72669999999914
1312.9,352.65999999999997
1313.0,352.88040000000024
1313.1,352.8131999999998
1313.2,352.9903999999993
1313.3,352.75599999999963
1313.4,352.9640000000004
1313.5,352.75599999999963
1313.6,352.43959999999976
1313.7,352.81079999999855
1313.8,352.73178217821703
1313.9,352.8775
1314.0,352.81500000000017
1314.1,352.77
1314.2,352.6875000000001
1314.3,353.0275000000017
1314.4,352.7975
1314.5,352.8149999999998
1314.6,353.07749999999965
1314.7,352.9346534653473
1314.8,353.0746000000004
1314.9,352.57279999999895
1315.0,352.86580000000095
1315.1,352.8180000000006
1315.2,352.4662000000012
1315.3,352.7326000000007
1315.4,352.6453999999996
1315.5,352.7846000000004
1315.6,352.6475247524753
1315.7,352.5040594059407
1315.8,352.9837000000004
1315.9,353.0897000000001
1316.0,353.06
1316.1,352.7023000000003
1316.2,353.0079999999996
1316.3,353.0239999999999
1316.4,352.97
1316.5,352.6780000000003
1316.6,352.8591089108902
1316.7,353.1787999999992
1316.8,353.13039999999967
1316.9,353.20960000000036
1317.0,353.0511999999995
1317.1,353.0203999999999
1317.2,352.84560000000073
1317.3,352.83480000000014
1317.4,352.86
1317.5,352.6675247524752
1317.6,352.9875999999999
1317.7,352.7382000000001
1317.8,352.7759000000003
1317.9,352.73220000000003
1318.0,352.6019
1318.1,352.9178999999999
1318.2,352.9322
1318.3,352.8018999999999
1318.4,352.83389999999997
1318.5,352.9227326732673
1318.6,352.8870000000002
1318.7,352.6710000000006
1318.8,353.0590000000015
1318.9,352.9169999999989
1319.0,352.90999999999985
1319.1,352.89300000000026
1319.2,352.87399999999997
1319.3,352.86599999999993
1319.4,352.7213861386137
1319.5,352.8601000000001
1319.6,352.4807999999998
1319.7,352.6770999999983
1319.8,352.98420000000004
1319.9,352.9917
1320.0,352.63189999999986
1320.1,352.5421
1320.2,352.57
1320.3,352.7681188118818
1320.4,352.7987999999998
1320.5,352.90599999999995
1320.6,353.03119999999984
1320.7,353.06
1320.8,353.13480000000027
1320.9,352.8231999999986
1321.0,352.8571999999999
1321.1,352.8276000000003
1321.2,352.9927841584149
1321.3,353.01289999999995
1321.4,352.76229999999975
1321.5,353.02850000000035
1321.6,352.9754999999998
1321.7,352.86
1321.8,352.86
1321.9,353.09450000000027
1322.0,352.9151999999997
1322.1,352.7566
1322.2,352.89594059405925
1322.3,353.05580000000043
1322.4,352.9416
1322.5,352.6686000000004
1322.6,352.77459999999957
1322.7,352.88
1322.8,352.9658000000004
1322.9,352.77899999999994
1323.0,352.7325999999998
1323.1,352.9268316831677
1323.2,352.5940000000022
1323.3,352.63000000000045
1323.4,352.8285000000001
1323.5,352.7884999999999
1323.6,352.6330000000003
1323.7,352.5115000000003
1323.8,352.72700000000043
1323.9,352.8014999999999
1324.0,352.77
1324.1,352.51400000000035
1324.2,352.62599999999964
1324.3,352.8276000000003
1324.4,352.88560000000007
1324.5,352.6312000000004
1324.6,352.53759999999994
1324.7,352.6979999999998
1324.8,352.8276000000003
1324.9,352.8029702970295
1325.0,352.64399999999966
1325.1,352.6266999999999
1325.2,352.65999999999997
1325.3,352.8112000000004
1325.4,352.8180999999998
1325.5,352.83930000000015
1325.6,352.96189999999984
1325.7,352.8588000000007
1325.8,352.5204950495048
1325.9,352.6179999999998
1326.0,352.77
1326.1,352.8939999999999
1326.2,352.5980000000003
1326.3,352.43820000000017
1326.4,352.5915999999999
1326.5,352.8087999999999
1326.6,352.95579999999995
1326.7,352.67637821782256
1326.8,352.71214752475333
1326.9,352.86
1327.0,352.80510000000004
1327.1,352.71510000000023
1327.2,352.73489999999975
1327.3,352.9164000000005
1327.4,352.9184999999997
1327.5,352.7929000000001
1327.6,352.58530000000064
1327.7,352.58871287128693
1327.8,352.8040000000004
1327.9,352.822
1328.0,352.824
1328.1,352.56600000000003
1328.2,352.754
1328.3,352.86599999999953
1328.4,352.65
1328.5,352.69
1328.6,352.6630693069309
1328.7,352.7610999999994
1328.8,352.57909999999873
1328.9,352.5411000000007
1329.0,352.65999999999997
1329.1,352.9195999999991
1329.2,352.9584000000005
1329.3,352.51189999999855
1329.4,352.500100000001
1329.5,352.72425742574273
1329.6,352.6481999999999
1329.7,352.51360000000017
1329.8,352.41619999999995
1329.9,352.53820000000013
1330.0,352.72380000000004
1330.1,352.70619999999997
1330.2,352.49180000000064
1330.3,352.4860000000001
1330.4,352.6843346534651
1330.5,352.70730000000015
1330.6,352.6030000000002
1330.7,352.5657
1330.8,352.6840000000006
1330.9,352.77
1331.0,352.54200000000066
1331.1,352.53529999999955
1331.2,352.7226999999998
1331.3,352.9054455445549
1331.4,352.8755999999998
1331.5,352.68039999999985
1331.6,352.7220000000002
1331.7,352.78760000000005
1331.8,352.79240000000004
1331.9,352.6979999999998
1332.0,352.58759999999995
1332.1,352.59240000000005
1332.2,352.31320000000085
1332.3,352.43485148515
1332.4,352.74750000000006
1332.5,352.61050000000034
1332.6,352.50199999999995
1332.7,352.62999999999977
1332.8,352.72
1332.9,352.4724999999996
1333.0,352.43499999999966
1333.1,352.581
1333.2,352.70980198019754
1333.3,352.63179999999954
1333.4,352.5880000000003
1333.5,352.7502000000002
1333.6,352.81
1333.7,352.81
1333.8,352.6803999999997
1333.9,352.62940000000015
1334.0,352.7502000000002
1334.1,352.53732673267314
1334.2,352.5225999999997
1334.3,352.6404999999998
1334.4,352.6759999999999
1334.5,352.6852000000001
1334.6,352.58880000000005
1334.7,352.7448999999998
1334.8,352.72509999999954
1334.9,352.75549999999976
1335.0,352.86170000000004
1335.1,352.6852000000001
1335.2,352.49720000000036
1335.3,352.30519999999956
1335.4,352.46560000000096
1335.5,352.5379999999994
1335.6,352.37
1335.7,352.6455999999986
1335.8,352.74919999999946
1335.9,352.61
1336.0,352.48643564356416
1336.1,352.2782
1336.2,352.38379999999995
1336.3,352.6465000000003
1336.4,352.6537
1336.5,352.5798
1336.6,352.69239999999996
1336.7,352.76410000000004
1336.8,352.72
1336.9,352.5988118811879
1337.0,352.645
1337.1,352.7650000000002
1337.2,352.6550000000003
1337.3,352.53499999999974
1337.4,352.5700000000004
1337.5,352.69
1337.6,352.67000000000024
1337.7,352.4950000000006
1337.8,352.4447029702973
1337.9,352.4460455445543
1338.0,352.5317000000001
1338.1,352.39619999999985
1338.2,352.320099999999
1338.3,352.6876000000001
1338.4,352.64829999999995
1338.5,352.64170000000007
1338.6,352.74629999999996
1338.7,352.68
1338.8,352.48108910891034
1338.9,352.38520000000017
1339.0,352.51
1339.1,352.5915999999997
1339.2,352.8383999999994
1339.3,352.7987999999988
1339.4,352.6852000000001
1339.5,352.74760000000026
1339.6,352.63680000000016
1339.7,352.6945544554449
1339.8,352.65489999999977
1339.9,352.4706
1340.0,352.58220000000017
1340.1,352.59779999999984
1340.2,352.46939999999995
1340.3,352.5411000000001
1340.4,352.3608999999997
1340.5,352.3103000000003
1340.6,352.5281188118812
1340.7,352.6409999999995
1340.8,352.7701999999996
1340.9,352.58959999999973
1341.0,352.6209999999995
1341.1,352.6582000000004
1341.2,352.6823999999994
1341.3,352.7589999999989
1341.4,352.5285999999999
1341.5,352.589306930693
1341.6,352.7604999999999
1341.7,352.76950000000033
1341.8,352.6614999999998
1341.9,352.3964999999995
1342.0,352.3625000000005
1342.1,352.6999999999998
1342.2,352.6615000000011
1342.3,352.48
1342.4,352.456430693069
1342.5,352.40520792079246
1342.6,352.5635999999996
1342.7,352.6560000000003
1342.8,352.50840000000017
1342.9,352.63599999999985
1343.0,352.6144000000002
1343.1,352.5679999999998
1343.2,352.5920000000002
1343.3,352.3875999999997
1343.4,352.4573267326733
1343.5,352.5838999999996
1343.6,352.4429
1343.7,352.29660000000115
1343.8,352.25200000000063
1343.9,352.2864999999993
1344.0,352.3740000000013
1344.1,352.77410000000003
1344.2,352.84189999999904
1344.3,352.8000990099006
1344.4,352.5907999999999
1344.5,352.5368000000002
1344.6,352.1902000000001
1344.7,352.2731999999998
1344.8,352.6534000000006
1344.9,352.8184
1345.0,352.76700000000005
1345.1,352.4616000000002
1345.2,352.27227722772244
1345.3,352.67600000000124
1345.4,353.03
1345.5,352.71839999999986
1345.6,352.39299999999923
1345.7,352.45930000000067
1345.8,352.4107000000006
1345.9,352.57
1346.0,352.65200000000004
1346.1,352.8799693069302
1346.2,352.89021782178327
1346.3,352.718
1346.4,352.79
1346.5,352.702
1346.6,352.494
1346.7,352.4239999999998
1346.8,352.45000000000005
1346.9,352.386
1347.0,352.41200000000003
1347.1,352.4679207920792
1347.2,352.51509999999985
1347.3,352.4529999999993
1347.4,352.429900000001
1347.5,352.56299999999976
1347.6,352.33710000000025
1347.7,352.3869999999994
1347.8,352.5387999999998
1347.9,352.45099999999974
1348.0,352.34366336633644
1348.1,352.3156000000001
1348.2,352.3444000000002
1348.3,352.3840000000001
1348.4,352.3457999999997
1348.5,352.2042000000003
1348.6,352.57
1348.7,352.57
1348.8,352.57
1348.9,352.4255999999998
1349.0,352.3329702970296
1349.1,352.57
1349.2,352.4997000000003
1349.3,352.45030000000054
1349.4,352.5366999999999
1349.5,352.5539999999997
1349.6,352.42100000000113
1349.7,352.0872999999996
1349.8,352.2403999999998
1349.9,352.26257029703004
1350.0,352.3467999999999
1350.1,352.2304000000001
1350.2,352.1707999999999
1350.3,352.2224000000001
1350.4,352.27639999999997
1350.5,352.37800000000027
1350.6,352.4332000000003
1350.7,352.2187999999997
1350.8,352.3840594059412
1350.9,352.54449999999974
1351.0,352.50549999999987
1351.1,352.4780000000004
1351.2,352.27
1351.3,352.34350000000074
1351.4,352.5185000000002
1351.5,352.51650000000024
1351.6,352.2750000000004
1351.7,352.21961881188065
1351.8,352.47378811881197
1351.9,352.49740000000014
1352.0,352.43059999999946
1352.1,352.29939999999993
1352.2,352.5394000000003
1352.3,352.5106000000001
1352.4,352.57680000000005
1352.5,352.59000000000003
1352.6,352.58320000000003
1352.7,352.44207920792167
1352.8,352.24940000000043
1352.9,352.37
1353.0,352.37
1353.1,352.37
1353.2,352.31060000000014
1353.3,352.2857000000007
1353.4,352.50969999999995
1353.5,352.57
1353.6,352.4458415841589
1353.7,352.21559999999977
1353.8,352.20919999999967
1353.9,352.1152000000002
1354.0,352.2252000000001
1354.1,352.3863999999993
1354.2,352.448400000001
1354.3,352.25080000000037
1354.4,352.4472000000004
1354.5,352.54909702970275
1354.6,352.465585148515
1354.7,352.48
1354.8,352.4148999999994
1354.9,352.36299999999994
1355.0,352.5359
1355.1,352.37630000000007
1355.2,352.3418999999999
1355.3,352.55599999999885
1355.4,352.40399999999994
1355.5,352.5541584158419
1355.6,352.30299999999977
1355.7,352.4039999999998
1355.8,352.46600000000007
1355.9,352.51300000000026
1356.0,352.584
1356.1,352.54300000000023
1356.2,352.48
1356.3,352.39299999999935
1356.4,352.30287128712934
1356.5,352.4597999999999
1356.6,352.10589999999996
1356.7,352.06819999999936
1356.8,352.451
1356.9,352.43510000000003
1357.0,352.51199999999994
1357.1,352.4338
1357.2,352.6479999999998
1357.3,352.7000999999999
1357.4,352.3651485148516
1357.5,352.21719999999914
1357.6,352.4328000000009
1357.7,352.19199999999927
1357.8,352.4491999999997
1357.9,352.45680000000044
1358.0,352.5428000000009
1358.1,352.2207999999998
1358.2,352.3755999999995
1358.3,352.5755445544555
1358.4,352.59000000000003
1358.5,352.5602999999999
1358.6,352.4502999999999
1358.7,352.37
1358.8,352.32139999999987
1358.9,352.24400000000014
1359.0,352.3359999999999
1359.1,352.2116000000001
1359.2,352.29940594059406
1359.3,352.4601980198024
1359.4,352.6513999999998
1359.5,352.59859999999986
1359.6,352.7033999999999
1359.7,352.7466000000001
1359.8,352.52399999999807
1359.9,352.10860000000025
1360.0,352.28879999999947
1360.1,352.57
1360.2,352.57514851485143
1360.3,352.585
1360.4,352.59750000000014
1360.5,352.6574999999999
1360.6,352.58500000000004
1360.7,352.4750000000013
1360.8,352.26250000000033
1360.9,352.39999999999964
1361.0,352.29000000000065
1361.1,352.65277227722765
1361.2,352.57
1361.3,352.57
1361.4,352.57
1361.5,352.57
1361.6,352.4980000000003
1361.7,352.2963999999999
1361.8,352.39920000000023
1361.9,352.46479999999997
1362.0,352.5013861386137
1362.1,352.5447000000003
1362.2,352.4852999999997
1362.3,352.5009999999995
1362.4,352.1848999999994
1362.5,351.9667000000002
1362.6,352.28199999999885
1362.7,352.5601000000004
1362.8,352.51060000000035
1362.9,352.61099999999954
1363.0,352.4036217821785
1363.1,352.48
1363.2,352.45580000000007
1363.3,352.37
1363.4,352.39419999999996
1363.5,352.49979999999994
1363.6,352.5502
1363.7,352.5239999999999
1363.8,352.68
1363.9,352.54930693069304
1364.0,352.1598000000004
1364.1,352.38020000000097
1364.2,352.08000000000004
1364.3,352.18290000000104
1364.4,352.57
1364.5,352.57
1364.6,352.5301000000005
1364.7,352.41989999999953
1364.8,352.5304950495047
1364.9,352.422
1365.0,352.586
1365.1,352.592
1365.2,352.6360000000002
1365.3,352.406
1365.4,352.206
1365.5,352.29
1365.6,352.38800000000003
1365.7,352.48178217821777
1365.8,352.53127821782147
1365.9,352.40800000000036
1366.0,352.57
1366.1,352.5149000000006
1366.2,352.2989999999998
1366.3,352.43700000000075
1366.4,352.6419999999997
1366.5,352.4970999999998
1366.6,352.53200000000044
1366.7,352.3511881188121
1366.8,352.3438000000002
1366.9,352.6602
1367.0,352.53579999999994
1367.1,352.43400000000014
1367.2,352.59180000000015
1367.3,352.26200000000017
1367.4,352.5864
1367.5,352.51599999999985
1367.6,352.2361386138614
1367.7,352.14799999999934
1367.8,352.45789999999965
1367.9,352.3585000000001
1368.0,352.3779000000002
1368.1,352.25640000000016
1368.2,352.2545999999994
1368.3,352.55469999999974
1368.4,356.46650000005116
1368.5,411.8332257422383
1368.6,616.4482613858029
1368.7,761.665199999991
1368.8,757.9559999999672
1368.9,728.1452000000031
1369.0,731.4728000000024
1369.1,733.9072000000003
1369.2,727.8828000001688
1369.3,688.7795999999994
1369.4,692.1360000000224
1369.5,740.5227722773291
1369.6,863.8675000001814
1369.7,728.5709999999975
1369.8,734.5750000000761
1369.9,753.2215000000384
1370.0,723.9450000000043
1370.1,714.5270000000476
1370.2,689.1304999999231
1370.3,746.4744999999969
1370.4,747.1715841584072
1370.5,756.354799999995
1370.6,748.8709999999776
1370.7,722.4813999999967
1370.8,692.5961999997003
1370.9,544.0448000003933
1371.0,770.3825999997894
1371.1,657.0514000001011
1371.2,766.8336000002221
1371.3,712.38871287133
1371.4,750.508699999981
1371.5,768.193600000035
1371.6,727.6554999999786
1371.7,747.0858000000412
1371.8,703.484600000224
1371.9,763.0528999999997
1372.0,762.9071000000023
1372.1,760.7405999999962
1372.2,758.2486772277759
1372.3,671.4519762370646
1372.4,428.64160000041505
1372.5,634.2676000000512
1372.6,679.8063999997695
1372.7,751.6116000000575
1372.8,739.803200000102
1372.9,782.1443999998934
1373.0,733.5080000000314
1373.1,756.4215999999722
1373.2,765.4631683168295
1373.3,766.8906999999983
1373.4,767.2284000000129
1373.5,724.3644999999844
1373.6,778.8725000000123
1373.7,733.9944999999775
1373.8,760.5885000000019
1373.9,754.1318999999974
1374.0,764.7904999999988
1374.1,763.0014851485424
1374.2,717.7929999997762
1374.3,783.6309999994828
1374.4,596.2600000003949
1374.5,738.1549999997374
1374.6,608.9619999999836
1374.7,625.5069999997716
1374.8,707.7189999998134
1374.9,626.5249999998341
1375.0,568.7614455447178
1375.1,650.3929564356692
1375.2,736.8269000000262
1375.3,607.2418000000027
1375.4,628.0080000000248
1375.5,719.46449999998
1375.6,632.5962999999826
1375.7,570.6378999999856
1375.8,651.9954000000232
1375.9,731.9675999999674
1376.0,602.6416831683174
1376.1,624.6075999997636
1376.2,735.9384000001874
1376.3,634.8751999997857
1376.4,569.3416000001993
1376.5,654.1659999998342
1376.6,726.7356000002577
1376.7,597.7611999999688
1376.8,626.3660000004378
1376.9,763.9665346531441
1377.0,641.7422999999433
1377.1,570.9173000000336
1377.2,662.1851999997049
1377.3,723.3383999999039
1377.4,593.762000000014
1377.5,624.1200000001091
1377.6,764.0873999999542
1377.7,640.7564000003305
1377.8,567.9827722773099
1377.9,660.9420000001301
1378.0,702.9779999999996
1378.1,708.2135999998874
1378.2,770.7024000003438
1378.3,534.8170000000507
1378.4,561.2718000005559
1378.5,736.3388000001024
1378.6,661.8018000000914
1378.7,603.2205366335552
1378.8,673.0853861386313
1378.9,680.3659999998839
1379.0,587.0305000000828
1379.1,660.5880000000799
1379.2,738.8585000003479
1379.3,639.7919999999515
1379.4,603.388500000096
1379.5,683.2579999999937
1379.6,673.3839999999178
1379.7,591.0582178215535
1379.8,661.0036000002733
1379.9,733.3816000000807
1380.0,645.5440000000608
1380.1,584.746799999922
1380.2,667.0655999999983
1380.3,664.7467999996429
1380.4,568.496399999933
1380.5,642.6067999999227
1380.6,719.9498019803016
1380.7,617.5714000000994
1380.8,587.7437000001477
1380.9,677.2231999999722
1381.0,658.2543999999061
1381.1,596.9245999998764
1381.2,640.4458999997088
1381.3,733.4432999998633
1381.4,647.7323999998728
1381.5,572.9753851486488
1381.6,663.9709960394503
1381.7,713.6964000000587
1381.8,587.9638000001728
1381.9,632.8301999999422
1382.0,755.1562000000487
1382.1,648.613600000034
1382.2,577.0989999999589
1382.3,666.5308000001583
1382.4,703.2523643564818
1382.5,604.6229524752292
1382.6,641.4879999997079
1382.7,756.0459000002686
1382.8,648.8885999998319
1382.9,568.439800000178
1383.0,654.8263000000552
1383.1,680.9786000003005
1383.2,562.7663999998183
1383.3,635.6222000001928
1383.4,727.9656435641672
1383.5,634.53
1383.6,575.5
1383.7,668.13
1383.8,408.55
1383.9,572.33
1384.0,751.2
1384.1,750.95
1384.2,610.21
1384.3,686.13
1384.4,644.1894059404902
1384.5,564.3225000001606
1384.6,646.3334999998287
1384.7,728.1420999998327
1384.8,618.525499999721
1384.9,612.242199999987
1385.0,688.8060999998452
1385.1,639.5256000001035
1385.2,566.6114000001496
1385.3,567.872350495051
1385.4,726.8396594060201
1385.5,624.8763999999512
1385.6,611.3423999999948
1385.7,642.0681999998735
1385.8,628.9799999999937
1385.9,712.9506000000391
1386.0,681.1441999999845
1386.1,679.8817999999997
1386.2,739.620599999756
1386.3,747.2536633663555
1386.4,750.1854000000084
1386.5,699.3450000000764
1386.6,725.764199999954
1386.7,686.6563000000656
1386.8,664.9917999999377
1386.9,704.7605000001231
1387.0,768.9920999999055
1387.1,768.2628000000044
1387.2,747.7907920792827
1387.3,740.4123999999938
1387.4,741.9448000000017
1387.5,739.2935999999975
1387.6,698.4759999999615
1387.7,699.9479999999886
1387.8,717.3792000000163
1387.9,733.5752000000147
1388.0,729.5735999999956
1388.1,728.5955564356434
1388.2,941.8459554452918
1388.3,1018.6385000002355
1388.4,677.41100000033
1388.5,726.8909999999191
1388.6,717.3685000000157
1388.7,695.0580000000259
1388.8,757.133000000227
1388.9,762.7969999999978
1389.0,763.670499999999
1389.1,761.5560396039673
1389.2,765.4149999999865
1389.3,754.0891999999833
1389.4,740.9043999999819
1389.5,710.509399999957
1389.6,756.9829999998502
1389.7,865.4533999996431
1389.8,941.1760000001001
1389.9,694.8725999996361
1390.0,686.4086138613818
1390.1,771.432599999938
1390.2,738.6649000000286
1390.3,738.2310000000105
1390.4,770.0306999999876
1390.5,743.3568000000213
1390.6,764.2339999999831
1390.7,724.8268000000302
1390.8,788.9504000002794
1390.9,755.7971287127898
1391.0,762.4092000000196
1391.1,773.6843999999733
1391.2,750.99200000007
1391.3,764.2672000000302
1391.4,731.4587999999325
1391.5,763.0728000000684
1391.6,576.1368000004883
1391.7,646.3023999997429
1391.8,672.0774059405841
1391.9,695.876268316826
1392.0,581.4153000000292
1392.1,639.3038999999827
1392.2,744.7684999999753
1392.3,658.2328999999808
1392.4,583.0262000000164
1392.5,663.7534999999782
1392.6,692.372699999995
1392.7,579.4989000000287
1392.8,636.5251485150376
1392.9,743.3640000002509
1393.0,661.1600000001885
1393.1,650.6200000000005
1393.2,582.6410000001716
1393.3,658.9430000002119
1393.4,688.1140000000502
1393.5,581.7440000002194
1393.6,636.6579999998308
1393.7,738.332673267322
1393.8,661.0457999999273
1393.9,588.8112999999843
1394.0,662.7373000000208
1394.1,675.7915000000007
1394.2,580.5027999999755
1394.3,636.1954000000551
1394.4,737.4560000000238
1394.5,651.8231999999751
1394.6,591.4603960396896
1394.7,662.828799999839
1394.8,674.6556000000037
1394.9,581.0119999997091
1395.0,634.2727999999045
1395.1,730.6463999998194
1395.2,635.5344000002212
1395.3,591.7239999999094
1395.4,713.8176000003909
1395.5,607.0702772275895
1395.6,642.7979910891506
1395.7,556.4750000003553
1395.8,647.6922000000826
1395.9,754.2580000000712
1396.0,668.9022999999224
1396.1,586.0424999999466
1396.2,663.2092999996713
1396.3,710.625000000027
1396.4,607.2187999999148
1396.5,644.2767326732012
1396.6,738.4887999998641
1396.7,673.4906000001253
1396.8,598.229799999769
1396.9,664.885199999935
1397.0,696.4561999999697
1397.1,617.1118000001308
1397.2,650.0869999999264
1397.3,727.5580000002587
1397.4,655.2986138612459
1397.5,576.1354999999136
1397.6,646.4845000001093
1397.7,692.0624999999
1397.8,593.9704999998614
1397.9,629.8180000000724
1398.0,722.7210000001115
1398.1,612.0804999998323
1398.2,583.6530000000203
1398.3,584.4716881188182
1398.4,653.8353029702823
1398.5,599.6288000000729
1398.6,647.1959999999347
1398.7,723.8503999999296
1398.8,630.5207999995421
1398.9,601.5768000000019
1399.0,668.0071999999263
1399.1,674.8060000000067
1399.2,595.7368000000844
1399.3,635.1922772278479
1399.4,711.4346000001251
1399.5,631.2174999998206
1399.6,610.7386000000034
1399.7,676.6292999997643
1399.8,661.055299999944
1399.9,585.701999999867
1400.0,633.026200000118
1400.1,708.9838999998334
1400.2,619.9028712872393
1400.3,594.0061999999983
1400.4,663.0193999999613
1400.5,638.0798000000224
1400.6,564.9684000000357
1400.7,614.5657999999647
1400.8,709.5250000000359
1400.9,620.937800000059
1401.0,603.2397999999969
1401.1,565.8669306934696
1401.2,548.4558663366515
1401.3,691.1953000003645
1401.4,664.2089999998464
1401.5,581.446399999827
1401.6,629.7425999998699
1401.7,710.8306999997963
1401.8,635.2335999997699
1401.9,609.9657999999902
1402.0,674.264784158576
1402.1,647.0433663366136
1402.2,577.602
1402.3,628.9900000000752
1402.4,719.8
1402.5,641.37
1402.6,617.224
1402.7,690.258
1402.8,693.1739999999826
1402.9,578.1320000000001
1403.0,550.8052475247515
1403.1,658.0697999997225
1403.2,724.1302999999027
1403.3,740.7481000000209
1403.4,744.6904000000069
1403.5,715.8504000000406
1403.6,713.5915999999856
1403.7,685.9664000000754
1403.8,728.5372000001593
1403.9,745.5940594059448
1404.0,747.7432000000007
1404.1,480.8709999998442
1404.2,596.9453999992411
1404.3,646.2521999999972
1404.4,646.614800000001
1404.5,716.9156000000407
1404.6,735.3697999999993
1404.7,715.3094000000781
1404.8,722.191386138652
1404.9,698.6327999998955
1405.0,733.1425999999698
1405.1,744.1244000000037
1405.2,743.5384000000001
1405.3,743.9127000000015
1405.4,712.0518999998773
1405.5,749.138899999967
1405.6,971.9247999995683
1405.7,748.962103961569
1405.8,648.9486930692924
1405.9,637.7787999999908
1406.0,680.486400000054
1406.1,693.007199999998
1406.2,747.6359999998151
1406.3,761.1155999999953
1406.4,771.6272000000141
1406.5,738.6091999999561
1406.6,740.5152000000162
1406.7,723.2441584158595
1406.8,747.6975000001435
1406.9,756.5525
1407.0,704.7375000000778
1407.1,705.1924999999735
1407.2,644.3350000001011
1407.3,700.8875000003583
1407.4,756.4825000000001
1407.5,760.6050000000085
1407.6,767.3709900989793
1407.7,730.4470000001717
1407.8,770.2994000000994
1407.9,746.2211999999207
1408.0,746.0876000000276
1408.1,760.992199999974
1408.2,763.9508000000019
1408.3,772.3396000000157
1408.4,729.3785999999152
1408.5,767.729974257418
1408.6,745.4603633663752
1408.7,729.7924
1408.8,747.9151000000136
1408.9,513.8249000002249
1409.0,426.03749999999883
1409.1,585.8324999998512
1409.2,649.5268999999955
1409.3,726.9180000000565
1409.4,679.1932643563191
1409.5,601.529322772153
1409.6,647.8563999998681
1409.7,690.0923999999361
1409.8,607.2763999997742
1409.9,628.3416000001409
1410.0,724.5700000001883
1410.1,683.5732000001415
1410.2,604.102400000198
1410.3,648.0112000001623
1410.4,681.8010891089152
1410.5,604.4384000000259
1410.6,627.3805999999821
1410.7,718.2963999999782
1410.8,677.0069999998939
1410.9,604.890700000014
1411.0,651.2930999999793
1411.1,677.0801000000001
1411.2,604.4174000000232
1411.3,627.4162376239759
1411.4,717.4630000002203
1411.5,668.6200000001012
1411.6,604.2200000001008
1411.7,650.5979999998062
1411.8,671.7599999999857
1411.9,601.8509999997791
1412.0,626.4389999999302
1412.1,712.4979999997953
1412.2,654.6298019806457
1412.3,600.3281999999945
1412.4,653.3330000000199
1412.5,672.3227999999973
1412.6,606.3812999999795
1412.7,758.7414999992393
1412.8,657.0686999999398
1412.9,650.6554000000249
1413.0,704.7704000000066
1413.1,629.3991574257155
1413.2,634.6453386137865
1413.3,722.4624000002719
1413.4,689.1275999997383
1413.5,611.1156000000253
1413.6,651.7023999998319
1413.7,699.3883999999516
1413.8,631.5595999996935
1413.9,636.0016000001621
1414.0,724.4075999999628
1414.1,695.183267326745
1414.2,613.861500000181
1414.3,650.534800000063
1414.4,698.5672000000178
1414.5,629.3459999999207
1414.6,629.1498000000388
1414.7,710.2499999997801
1414.8,677.4775999999354
1414.9,599.038599999952
1415.0,635.1447524751877
1415.1,676.4205999999768
1415.2,606.5538000001563
1415.3,620.6046000002557
1415.4,698.3472000000139
1415.5,658.052800000137
1415.6,561.8370000001282
1415.7,634.9121999997828
1415.8,675.4603999999346
1415.9,619.1464356434263
1416.0,632.3410000000689
1416.1,698.1004999998753
1416.2,655.1045000003515
1416.3,611.8344999999874
1416.4,661.4030000000935
1416.5,666.1169999999579
1416.6,600.7050000001468
1416.7,624.9669999997245
1416.8,702.3961534655556
1416.9,658.6929346533846
1417.0,621.2603999999965
1417.1,676.083599999924
1417.2,665.276000000058
1417.3,596.1651999997378
1417.4,613.0168000000486
1417.5,691.5475999999226
1417.6,643.7672000001114
1417.7,607.5283247524646
1417.8,677.5147455447942
1417.9,714.1662999999968
1418.0,662.4692999998713
1418.1,585.6995000000946
1418.2,605.0430999997802
1418.3,678.3169000001157
1418.4,747.6835000001074
1418.5,618.3151999996102
1418.6,612.9882999998276
1418.7,719.5217821780927
1418.8,695.4721999998807
1418.9,616.6002000000318
1419.0,643.2883999999609
1419.1,689.2361999999903
1419.2,624.2686000000537
1419.3,627.4900000000987
1419.4,715.5423999999571
1419.5,695.9824000000407
1419.6,618.0833247525047
1419.7,647.5593465344969
1419.8,686.612900000012
1419.9,623.7863999997816
1420.0,630.0471999999429
1420.1,715.5638999997749
1420.2,672.8362000003192
1420.3,592.0797999998961
1420.4,642.2758000002349
1420.5,719.6275891088762
1420.6,740.4705346534628
1420.7,709.582
1420.8,726.8220000001146
1420.9,719.804
1421.0,719.128
1421.1,732.076
1421.2,738.072
1421.3,740.6019999999943
1421.4,672.87
1421.5,627.7896039603976
1421.6,627.5708999999989
1421.7,628.3050999999981
1421.8,706.290400000329
1421.9,741.8927999999223
1422.0,729.2562
1422.1,699.0571000001049
1422.2,723.5738999998421
1422.3,747.8844999999689
1422.4,748.1776237623882
1422.5,753.8354000000014
1422.6,730.2389999999805
1422.7,714.589599999991
1422.8,592.9829999999033
1422.9,649.3022000001142
1423.0,687.8975999999476
1423.1,651.2308000000093
1423.2,658.8294000000034
1423.3,722.4006930695164
1423.4,767.8710999999986
1423.5,759.2048000000196
1423.6,751.8665000000057
1423.7,725.1061000000705
1423.8,739.825400000175
1423.9,742.8376999999857
1424.0,741.6148999999562
1424.1,760.4068999999806
1424.2,910.2025534646494
1424.3,815.6912792075871
1424.4,677.2208000000381
1424.5,750.6788000000894
1424.6,767.1767999999566
1424.7,749.226399999991
1424.8,752.5888000000016
1424.9,727.2875999999576
1425.0,752.6516000000745
1425.1,746.154799999931
1425.2,726.206633663361
1425.3,766.9510000001856
1425.4,771.5684999999671
1425.5,759.1049999999922
1425.6,731.4760000000636
1425.7,748.6304999999126
1425.8,765.832499999892
1425.9,752.7010000000018
1426.0,774.7079999999564
1426.1,797.4482178217597
1426.2,617.8738000010856
1426.3,563.2166000002583
1426.4,603.5421999998819
1426.5,606.3530000001077
1426.6,699.0027999998862
1426.7,669.1112000004591
1426.8,610.3516000000192
1426.9,685.1794000001727
1427.0,689.3851405940306
1427.1,601.6231811881712
1427.2,607.1956999999463
1427.3,695.0494000001397
1427.4,666.341600000095
1427.5,609.5772999999888
1427.6,694.4420999999007
1427.7,701.1521000000794
1427.8,603.5317999998822
1427.9,608.0534079208412
1428.0,694.4442415843275
1428.1,664.9148000000773
1428.2,606.40159999995
1428.3,693.2624000002731
1428.4,703.5075999997838
1428.5,604.6315999998537
1428.6,609.2471999999547
1428.7,693.8391999997655
1428.8,662.3623999997455
1428.9,605.6611881188272
1429.0,695.4934999999643
1429.1,710.4819000000276
1429.2,607.0270000000196
1429.3,612.4709000001873
1429.4,694.6062999999838
1429.5,660.8497000000306
1429.6,605.1197999999955
1429.7,693.2357999999651
1429.8,698.756336633214
1429.9,601.3399999998679
1430.0,606.61
1430.1,594.4050000002117
1430.2,590.4749999998063
1430.3,685.1700000002369
1430.4,691.9999999997941
1430.5,609.485
1430.6,611.5249999998214
1430.7,696.1631188115823
1430.8,681.259510891061
1430.9,625.9053000000039
1431.0,678.4150000000203
1431.1,688.5496999999835
1431.2,616.9372000001415
1431.3,618.0414000000172
1431.4,701.6679000000208
1431.5,686.5186999999712
1431.6,627.5678000000025
1431.7,691.9638613860469
1431.8,700.6859999996957
1431.9,603.9919999999561
1432.0,601.8143999998495
1432.1,681.2535999998621
1432.2,660.766400000227
1432.3,603.5352000000436
1432.4,679.7124000000772
1432.5,702.4268000001925
1432.6,607.9729702970815
1432.7,610.6838999998569
1432.8,532.5547999998109
1432.9,498.89240000016434
1433.0,599.3810999999605
1433.1,568.1788999999992
1433.2,611.8774999998628
1433.3,661.7829999999999
1433.4,628.4586999999517
1433.5,631.0363049504705
1433.6,633.9577188120091
1433.7,583.6993999999988
1433.8,614.5584000002102
1433.9,694.067200000104
1434.0,701.9964000001291
1434.1,623.1834000000821
1434.2,631.3017999998794
1434.3,677.2887999999882
1434.4,631.2118633662321
1434.5,611.4955346534502
1434.6,650.6079999999984
1434.7,644.6090000000531
1434.8,607.901499999929
1434.9,612.4665000000984
1435.0,659.287999999998
1435.1,615.4485000000867
1435.2,594.6534999997605
1435.3,670.1440000000931
1435.4,664.5282178217568
1435.5,593.237600000017
1435.6,622.5887999999177
1435.7,670.7940000000051
1435.8,615.0851999998044
1435.9,580.2331999999338
1436.0,667.0447999999049
1436.1,687.6616000000786
1436.2,608.5660000000636
1436.3,603.9137623764527
1436.4,692.6350000001631
1436.5,692.5541999997835
1436.6,619.695599999996
1436.7,661.8378999997531
1436.8,679.9777999998909
1436.9,610.8400999998887
1437.0,604.0900000001226
1437.1,691.4228999999633
1437.2,691.0274801984187
1437.3,619.0584673267439
1437.4,664.9121999999576
1437.5,677.8334000000447
1437.6,599.0872000000236
1437.7,490.65220000008486
1437.8,375.60499999996455
1437.9,365.70960000000053
1438.0,365.12719999999996
1438.1,365.02260000000024
1438.2,364.7000990099011
1438.3,364.3921999999988
1438.4,363.95159999999953
1438.5,363.8018
1438.6,363.79
1438.7,363.79819999999995
1438.8,363.7648999999998
1438.9,363.7
1439.0,363.58109999999994
1439.1,363.4465346534652
1439.2,363.508
1439.3,363.52
1439.4,363.52
1439.5,363.37600000000003
1439.6,360.172
1439.7,355.17400000000237
1439.8,354.4
1439.9,354.368
1440.0,354.19148514851474
1440.1,354.0831683168315
1440.2,354.1905000000001
1440.3,354.12879999999984
1440.4,353.99809999999945
1440.5,353.83879999999994
1440.6,353.82119999999986
1440.7,353.82710000000026
1440.8,353.77170000000007
1440.9,353.8212000000002
1441.0,353.79663366336604
1441.1,353.5887999999999
1441.2,353.53119999999967
1441.3,353.6191999999999
1441.4,353.52
1441.5,353.5314
1441.6,353.59180000000003
1441.7,353.64860000000004
1441.8,353.64140000000003
1441.9,353.65999999999997
1442.0,353.68959999999987
1442.1,353.69930000000016
1442.2,353.68919999999974
1442.3,353.7011999999993
1442.4,353.5092999999998
1442.5,353.52139999999963
1442.6,353.54160000000047
1442.7,353.35849999999994
1442.8,353.4779207920798
1442.9,353.523762376237
1443.0,353.55960000000056
1443.1,353.83480000000026
1443.2,353.39960000000235
1443.3,353.0872000000003
1443.4,353.2744
1443.5,353.28559999999993
1443.6,353.46879999999953
1443.7,353.6312000000021
1443.8,353.249306930693
1443.9,353.29300000000035
1444.0,353.403
1444.1,353.41099999999994
1444.2,353.4744999999999
1444.3,353.6705000000015
1444.4,353.71549999999877
1444.5,353.287
1444.6,353.2650000000001
1444.7,353.22079207920785
1444.8,353.26
1444.9,353.3858000000005
1445.0,353.4497999999993
1445.1,353.1
1445.2,353.1815999999992
1445.3,353.2957999999998
1445.4,353.27120000000025
1445.5,353.4104000000001
1445.6,353.1829485148512
1445.7,352.78045841584094
1445.8,352.9803999999997
1445.9,353.14089999999953
1446.0,353.6662999999999
1446.1,353.50900000000047
1446.2,353.1752999999997
1446.3,353.4136999999997
1446.4,353.2608000000002
1446.5,353.13629999999995
1446.6,353.13158415841616
1446.7,352.8708000000008
1446.8,352.7240000000004
1446.9,352.9464000000005
1447.0,353.05959999999993
1447.1,352.8652000000004
1447.2,352.8755999999991
1447.3,352.9943999999994
1447.4,352.8852000000006
1447.5,353.17118811881204
1447.6,353.19800000000004
1447.7,353.0042000000001
1447.8,352.88
1447.9,352.92339999999996
1448.0,353.07579999999996
1448.1,353.09460000000007
1448.2,352.79800000000006
1448.3,352.76230000000095
1448.4,352.8669514851484
1448.5,352.82573267326757
1448.6,353.3040000000005
1448.7,353.2549999999992
1448.8,353.3409999999988
1448.9,352.9850000000001
1449.0,353.01099999999997
1449.1,353.0859999999993
1449.2,353.1150000000015
1449.3,352.7200000000005
1449.4,353.00257425742655
1449.5,353.27039999999994
1449.6,353.13190000000003
1449.7,353.14620000000025
1449.8,352.9523
1449.9,352.9760000000001
1450.0,353.1178999999999
1450.1,352.77
1450.2,352.7960999999999
1450.3,352.98059405940637
1450.4,353.2127999999997
1450.5,353.1015999999996
1450.6,353.1340000000008
1450.7,352.9359999999992
1450.8,353.2291999999997
1450.9,353.06879999999956
1451.0,352.94119999999947
1451.1,353.0688000000005
1451.2,352.91544554455396
1451.3,353.01139999999987
1451.4,352.8746
1451.5,352.8302999999999
1451.6,352.77970000000005
1451.7,352.97879999999975
1451.8,353.1811999999997
1451.9,352.86
1452.0,352.9383000000002
1452.1,352.9933999999996
1452.2,352.7830554455445
1452.3,353.21399999999807
1452.4,352.77
1452.5,352.76480000000004
1452.6,352.7837999999998
1452.7,352.87480000000005
1452.8,352.78459999999905
1452.9,352.64540000000056
1453.0,352.83140000000014
1453.1,352.8014851485145
1453.2,352.8275000000017
1453.3,352.46500000000003
1453.4,352.5250000000002
1453.5,352.6149999999998
1453.6,352.525
1453.7,352.68749999999966
1453.8,352.7975000000001
1453.9,352.9250000000002
1454.0,352.9827722772274
1454.1,352.77858217821813
1454.2,352.79520000000025
1454.3,352.68120000000096
1454.4,352.85240000000044
1454.5,352.4368000000002
1454.6,352.4343999999995
1454.7,352.88159999999993
1454.8,352.95
1454.9,352.88040000000024
1455.0,352.70752475247497
1455.1,352.86459999999994
1455.2,352.87540000000007
1455.3,352.88530000000014
1455.4,352.9239999999997
1455.5,352.8827000000002
1455.6,353.1680000000012
1455.7,352.9565999999988
1455.8,353.0706999999985
1455.9,352.50207920792144
1456.0,352.9939999999999
1456.1,353.1104000000001
1456.2,352.88640000000015
1456.3,352.6538000000009
1456.4,352.9437999999999
1456.5,353.14580000000007
1456.6,352.93240000000026
1456.7,352.56359999999984
1456.8,352.81623960395973
1456.9,352.74277227722774
1457.0,353.04420000000005
1457.1,352.99490000000077
1457.2,352.7730999999997
1457.3,352.80329999999947
1457.4,352.7118000000012
1457.5,352.9641999999989
1457.6,352.22779999999955
1457.7,352.4728999999988
1457.8,352.8828712871289
1457.9,352.946
1458.0,352.776
1458.1,352.568
1458.2,352.92999999999995
1458.3,352.91200000000003
1458.4,352.716
1458.5,352.802
1458.6,352.592
1458.7,352.68
1458.8,352.71420000000046
1458.9,352.9018000000004
1459.0,352.94890000000146
1459.1,352.4450999999994
1459.2,352.60210000000086
1459.3,352.3821000000015
1459.4,352.82579999999973
1459.5,352.63820000000044
1459.6,352.5766336633654
1459.7,353.0278000000001
1459.8,352.76839999999993
1459.9,352.6718
1460.0,352.68
1460.1,352.78440000000023
1460.2,353.13580000000024
1460.3,352.6060000000001
1460.4,352.7862
1460.5,352.8871960396041
1460.6,353.00553168316816
1460.7,352.94070000000045
1460.8,352.7272000000005
1460.9,352.8787000000002
1461.0,352.9767999999999
1461.1,352.902900000001
1461.2,352.42929999999956
1461.3,352.7210000000009
1461.4,352.9512999999998
1461.5,352.84485148514864
1461.6,352.67239999999987
1461.7,352.19359999999926
1461.8,352.4164000000003
1461.9,352.7480000000005
1462.0,353.1251999999995
1462.1,352.6784
1462.2,352.7739999999976
1462.3,353.26399999999967
1462.4,352.9525742574257
1462.5,352.8330000000002
1462.6,352.6934999999999
1462.7,352.767
1462.8,352.76950000000033
1462.9,352.877
1463.0,352.80300000000045
1463.1,352.5204999999997
1463.2,352.7664999999999
1463.3,352.8332673267321
1463.4,352.6764336633665
1463.5,352.6880000000003
1463.6,352.83339999999987
1463.7,352.6434000000006
1463.8,352.48
1463.9,352.48
1464.0,352.48
1464.1,352.5332000000003
1464.2,352.76620000000213
1464.3,352.22603960396066
1464.4,352.50329999999974
1464.5,352.8626
1464.6,352.82800000000026
1464.7,352.48
1464.8,352.5320000000013
1464.9,352.88259999999997
1465.0,352.89480000000003
1465.1,352.8223000000002
1465.2,352.57
1465.3,352.6048000000005
1465.4,352.86240000000004
1465.5,352.8415999999996
1465.6,352.5612
1465.7,352.54720000000054
1465.8,352.45560000000114
1465.9,352.9703999999994
1466.0,352.66679999999985
1466.1,352.5593069306933
1466.2,352.4997999999999
1466.3,352.6841999999999
1466.4,352.83600000000007
1466.5,352.48
1466.6,352.50969999999995
1466.7,352.7522
1466.8,352.7799
1466.9,352.8182000000001
1467.0,352.4899
1467.1,352.5829999999997
1467.2,352.71599999999967
1467.3,352.87500000000034
1467.4,352.96799999999905
1467.5,352.60800000000035
1467.6,352.74100000000067
1467.7,352.55299999999835
1467.8,353.1549999999988
1467.9,352.6129999999989
1468.0,352.2078217821786
1468.1,352.38980000000004
1468.2,352.6277999999999
1468.3,352.9622999999999
1468.4,352.48
1468.5,352.49620000000004
1468.6,352.6338999999999
1468.7,352.40599999999995
1468.8,352.7799
1468.9,352.84435643564353
1469.0,352.4863999999999
1469.1,352.5695999999998
1469.2,352.6784
1469.3,352.67600000000056
1469.4,352.8207999999988
1469.5,352.40199999999925
1469.6,352.76840000000004
1469.7,352.73480000000035
1469.8,352.5303128712861
1469.9,352.205841584159
1470.0,352.43060000000037
1470.1,352.96229999999997
1470.2,352.8690999999995
1470.3,352.9808999999999
1470.4,352.8473999999999
1470.5,352.68280000000004
1470.6,352.7172
1470.7,352.6827999999998
1470.8,352.6964356435641
1470.9,352.3733999999997
1471.0,352.30239999999924
1471.1,352.81
1471.2,352.8046000000001
1471.3,352.7055999999992
1471.4,352.48540000000025
1471.5,352.5789999999998
1471.6,352.71340000000015
1471.7,352.6165346534652
1471.8,352.7024999999996
1471.9,352.3820000000003
1472.0,352.60249999999985
1472.1,352.4720000000002
1472.2,352.70549999999963
1472.3,352.8034999999999
1472.4,352.68650000000014
1472.5,352.8034999999999
1472.6,352.6928811881191
1472.7,352.9294099009904
1472.8,352.6763999999997
1472.9,352.5848000000001
1473.0,352.4659999999999
1473.1,352.6179999999998
1473.2,352.80640000000005
1473.3,352.7095999999991
1473.4,352.4695999999998
1473.5,352.6712000000007
1473.6,352.00930693069233
1473.7,352.7155000000005
1473.8,352.57
1473.9,352.5769902912625
1474.0,352.81
1474.1,352.46000000000004
1474.2,353.01
1474.3,352.27
1474.4,352.65999999999997
1474.5,352.72
1474.6,352.82891089108887
1474.7,352.8102
1474.8,352.5921999999995
1474.9,352.7880000000005
1475.0,352.8098
1475.1,352.81
1475.2,352.7011000000002
1475.3,352.8089000000003
1475.4,352.75059999999985
1475.5,352.75
1475.6,352.5147999999999
1475.7,352.5687999999998
1475.8,352.43279999999993
1475.9,352.16539999999986
1476.0,352.7970000000003
1476.1,352.81
1476.2,352.3886000000017
1476.3,352.9974000000003
1476.4,352.6898019801971
1476.5,352.8060999999998
1476.6,352.7033000000002
1476.7,352.5739000000002
1476.8,352.48269999999974
1476.9,352.3829999999997
1477.0,352.42849999999993
1477.1,352.61429999999973
1477.2,352.59090000000003
1477.3,352.30869999999913
1477.4,352.5593504950498
1477.5,352.5412
1477.6,352.79920000000027
1477.7,352.2916000000019
1477.8,352.5100000000002
1477.9,352.56800000000004
1478.0,352.62760000000003
1478.1,352.59159999999997
1478.2,352.2828000000011
1478.3,352.42207920792134
1478.4,352.8954999999996
1478.5,352.5400000000005
1478.6,352.37750000000017
1478.7,352.5599999999998
1478.8,352.7980000000008
1478.9,352.52500000000026
1479.0,352.6714999999998
1479.1,352.29050000000046
1479.2,352.6932673267313
1479.3,352.2969999999994
1479.4,352.4486000000003
1479.5,352.28139999999973
1479.6,352.4955999999993
1479.7,352.2844000000008
1479.8,352.77760000000075
1479.9,352.22719999999913
1480.0,352.2652000000001
1480.1,352.1948000000002
1480.2,352.2644554455445
1480.3,352.68850000000174
1480.4,352.68280000000004
1480.5,352.49400000000014
1480.6,352.99149999999963
1480.7,352.8254000000002
1480.8,352.45659999999856
1480.9,352.6624999999999
1481.0,352.2243000000003
1481.1,351.9229702970305
1481.2,352.73719999999753
1481.3,352.31319999999903
1481.4,352.2884
1481.5,352.8696000000011
1481.6,352.46920000000114
1481.7,352.6783999999993
1481.8,352.4055999999994
1481.9,352.6560000000005
1482.0,352.7984158415842
1482.1,352.3186000000002
1482.2,352.66129999999987
1482.3,352.58169999999996
1482.4,352.5154
1482.5,352.6101
1482.6,352.40160000000003
1482.7,352.7894999999999
1482.8,352.42049999999995
1482.9,352.9323069306936
1483.0,352.53091089109006
1483.1,352.5789999999997
1483.2,352.44600000000037
1483.3,352.7900000000009
1483.4,352.6319999999995
1483.5,352.23200000000077
1483.6,352.74799999999857
1483.7,352.51929126213696
1483.8,352.8631407766993
1483.9,352.61549999999977
1484.0,352.6647524752474
1484.1,352.6279841584158
1484.2,352.97259999999943
1484.3,352.5827999999983
1484.4,352.8453999999997
1484.5,352.5388000000006
1484.6,352.20480000000043
1484.7,352.16
1484.8,352.34920000000074
1484.9,352.3714
1485.0,352.2167326732672
1485.1,352.2835000000001
1485.2,352.5209999999993
1485.3,352.6450000000001
1485.4,352.41349999999966
1485.5,352.83750000000066
1485.6,352.57149999999956
1485.7,352.30600000000067
1485.8,352.6185000000005
1485.9,352.51168316831695
1486.0,352.6479999999998
1486.1,352.51200000000017
1486.2,352.6479999999998
1486.3,352.60439999999966
1486.4,352.5732
1486.5,352.73799999999983
1486.6,352.2576000000006
1486.7,352.67239999999947
1486.8,352.5095999999989
1486.9,352.5514851485151
1487.0,352.57
1487.1,352.4953000000002
1487.2,352.55469999999974
1487.3,352.75260000000037
1487.4,352.60739999999964
1487.5,352.3458999999996
1487.6,352.5240999999994
1487.7,352.22970000000123
1487.8,352.4065346534653
1487.9,352.56659999999994
1488.0,352.6638
1488.1,352.3684000000002
1488.2,352.3656
1488.3,352.47020000000003
1488.4,352.55559999999997
1488.5,352.57
1488.6,352.49620000000004
1488.7,352.48
1488.8,352.48
1488.9,352.5691000000002
1489.0,352.57379999999995
1489.1,352.3270000000005
1489.2,352.51299999999924
1489.3,352.57
1489.4,352.4970999999998
1489.5,352.4638
1489.6,352.63731782178206
1489.7,352.35942574257444
1489.8,352.5120000000003
1489.9,352.41
1490.0,352.53
1490.1,352.482
1490.2,352.724
1490.3,352.6139999999998
1490.4,352.354
1490.5,352.60400000000004
1490.6,352.68
1490.7,352.5931000000002
1490.8,352.6569000000003
1490.9,352.5930999999997
1491.0,352.4989000000001
1491.1,352.5510999999998
1491.2,352.49890000000016
1491.3,352.4088999999998
1491.4,352.53220000000044
1491.5,352.50742574257424
1491.6,352.3183999999999
1491.7,352.3557999999997
1491.8,352.5282000000001
1491.9,352.3437999999999
1492.0,352.50620000000015
1492.1,352.2735999999998
1492.2,352.48639999999887
1492.3,352.57
1492.4,352.5847504950497
1492.5,352.6595049504949
1492.6,352.5260000000003
1492.7,352.31830000000036
1492.8,352.5857000000012
1492.9,352.68
1493.0,352.16410000000036
1493.1,352.0869999999999
1493.2,352.39489999999944
1493.3,352.54930000000024
1493.4,352.6536000000001
1493.5,352.5963999999999
1493.6,352.57
1493.7,352.34960000000075
1493.8,352.5840000000004
1493.9,352.61159999999995
1494.0,352.28599999999966
1494.1,352.4788000000003
1494.2,352.57
1494.3,352.3442574257418
1494.4,352.1275
1494.5,352.4474999999994
1494.6,352.20250000000055
1494.7,352.4474999999994
1494.8,352.6525000000004
1494.9,352.095
1495.0,352.40249999999924
1495.1,352.3675000000003
1495.2,352.3594059405939
1495.3,352.4540000000002
1495.4,352.2653999999996
1495.5,352.4046000000004
1495.6,352.02860000000123
1495.7,352.46939999999745
1495.8,352.45799999999963
1495.9,352.38
1496.0,352.46140000000014
1496.1,352.41673267326735
1496.2,352.68199999999973
1496.3,352.70969999999994
1496.4,352.2493000000004
1496.5,352.44039999999967
1496.6,352.2926000000003
1496.7,352.3870999999998
1496.8,352.5549000000001
1496.9,352.5754
1497.0,352.51000990099055
1497.1,352.49
1497.2,352.54759999999976
1497.3,352.22439999999915
1497.4,352.29880000000054
1497.5,352.67520000000076
1497.6,352.7108000000002
1497.7,352.6008000000003
1497.8,352.3755999999995
1497.9,352.35760000000016
1498.0,352.3229702970297
1498.1,352.2219
1498.2,352.2681
1498.3,352.2218999999999
1498.4,352.19
1498.5,352.19
1498.6,352.19
1498.7,352.4029999999999
1498.8,352.41899999999987
1498.9,352.6711881188125
1499.0,352.58000000000027
1499.1,352.3360000000005
1499.2,352.34699999999975
1499.3,352.38700000000006
1499.4,352.24999999999955
1499.5,352.32299999999987
1499.6,352.45699999999977
1499.7,352.21000000000095
1499.8,352.09000000000003
1499.9,352.4989108910896
1500.0,352.7283
1500.1,352.6396
1500.2,352.2381000000015
1500.3,352.4181000000001
1500.4,352.5838
1500.5,352.6521
1500.6,352.6041
1500.7,352.57
1500.8,352.57
1500.9,352.4407999999995
1501.0,352.448
1501.1,352.4120000000002
1501.2,352.5091999999997
1501.3,352.5087999999998
1501.4,352.41199999999975
1501.5,352.448
1501.6,352.61599999999964
1501.7,352.4241584158428
1501.8,352.5546000000003
1501.9,352.7537000000001
1502.0,352.3209999999995
1502.1,352.41160000000036
1502.2,352.3154000000009
1502.3,352.31060000000014
1502.4,514.1482000001647
1502.5,619.5379000000262
1502.6,632.171077227725
1502.7,704.1224534652741
1502.8,718.9755999998954
1502.9,721.8086000000038
1503.0,730.8679999999962
1503.1,738.2813999999867
1503.2,742.626399999998
1503.3,707.89279999983
1503.4,481.9091999999427
1503.5,525.7457999996881
1503.6,624.403960395954
1503.7,635.2400000000014
1503.8,638.3825000000057
1503.9,709.6805000001216
1504.0,701.3664999999199
1504.1,725.4019999998638
1504.2,748.5030000000163
1504.3,750.801500000007
1504.4,749.8134999999945
1504.5,736.2176237623796
1504.6,728.7752000000012
1504.7,706.9496000000304
1504.8,852.4056000008951
1504.9,804.5703999998449
1505.0,725.670400000003
1505.1,728.1107999999948
1505.2,745.5107999999782
1505.3,724.930399999834
1505.4,743.9537188120157
1505.5,739.6497584157794
1505.6,730.494299999989
1505.7,751.4900999999164
1505.8,749.318499999968
1505.9,741.2258999999983
1506.0,710.6907999999238
1506.1,737.8774999999093
1506.2,686.5169000003647
1506.3,604.594974257089
1506.4,632.8721386138257
1506.5,740.6191999999425
1506.6,799.1411999999924
1506.7,788.2616000000127
1506.8,735.3935999999131
1506.9,740.6497999999772
1507.0,720.3714000000289
1507.1,740.9691999999671
1507.2,739.1198000000214
1507.3,753.9417821783677
1507.4,777.7403000000106
1507.5,742.4846000000445
1507.6,749.0118999998755
1507.7,738.8206000001214
1507.8,753.0984000001115
1507.9,771.9021999999919
1508.0,773.5036999999962
1508.1,766.9434000000351
1508.2,575.9052475250537
1508.3,571.9380000003569
1508.4,645.778
1508.5,696.216
1508.6,660.854
1508.7,608.51
1508.8,655.8240000001535
1508.9,659.598
1509.0,593.482
1509.1,562.8693069306934
1509.2,611.2631782176543
1509.3,696.9388000002209
1509.4,661.5357999996965
1509.5,608.2418000000011
1509.6,658.0403999998188
1509.7,659.9471000001193
1509.8,591.3946999998108
1509.9,608.6556000002047
1510.0,701.0270999999818
1510.1,664.0667326733445
1510.2,611.037999999991
1510.3,665.7198000000415
1510.4,662.2867999999672
1510.5,590.1887999999672
1510.6,607.136800000037
1510.7,700.585399999777
1510.8,664.9769999999385
1510.9,614.1040000000047
1511.0,670.6587128712223
1511.1,667.5591000001168
1511.2,592.6558000001211
1511.3,605.9433000002385
1511.4,702.4850000000395
1511.5,668.6275000002248
1511.6,614.2910999999821
1511.7,679.4259999998316
1511.8,675.1931999997421
1511.9,595.9684158414524
1512.0,687.8940000002017
1512.1,657.8575999997928
1512.2,671.9091999996659
1512.3,761.2071999999991
1512.4,665.1439999998446
1512.5,636.6460000000758
1512.6,703.0504000000483
1512.7,654.7860000002094
1512.8,616.6802257426486
1512.9,701.37293564368
1513.0,703.065500000115
1513.1,616.4615000000849
1513.2,633.212499999896
1513.3,675.9830000000097
1513.4,636.4599999999325
1513.5,619.8064999999655
1513.6,704.576499999853
1513.7,764.9519999999955
1513.8,666.3541584154223
1513.9,617.2432000000881
1514.0,686.2782000000993
1514.1,650.039000000141
1514.2,603.4603999999244
1514.3,686.4638000001821
1514.4,694.1515999998643
1514.5,602.2515999998834
1514.6,614.3263999998961
1514.7,675.5617821781582
1514.8,724.7330000000933
1514.9,728.423600000034
1515.0,660.624300000057
1515.1,658.7768999999516
1515.2,638.5589000000688
1515.3,610.447300000053
1515.4,696.0730999999118
1515.5,700.7878000000721
1515.6,608.8973821782722
1515.7,621.6203841582497
1515.8,667.4460000000014
1515.9,629.807599999867
1516.0,594.8920000000006
1516.1,615.5427999999786
1516.2,700.7915999996519
1516.3,709.8219999998173
1516.4,619.2447999998518
1516.5,628.5476000001694
1516.6,683.7478217821937
1516.7,630.6142000000282
1516.8,602.4501000001271
1516.9,686.0846999999766
1517.0,685.9123000000226
1517.1,603.2020000000151
1517.2,614.8807999999801
1517.3,667.1278000000376
1517.4,616.4509000000268
1517.5,597.6749504949537
1517.6,674.2899999998243
1517.7,699.8300000000595
1517.8,606.7749999996363
1517.9,549.6050000001037
1518.0,651.8199999999999
1518.1,666.3850000002949
1518.2,609.9349999999617
1518.3,677.4250000002687
1518.4,689.6715841582031
1518.5,604.0706108909891
1518.6,604.5148000000186
1518.7,696.4668999997944
1518.8,682.7646999999694
1518.9,619.7708000000027
1519.0,675.4674000000231
1519.1,687.3121999999815
1519.2,609.3556000001493
1519.3,608.4508475247665
1519.4,694.8602415840842
1519.5,681.3228000002435
1519.6,610.3656000000051
1519.7,644.555199999865
1519.8,686.5056000000191
1519.9,715.9732000000294
1520.0,722.581200000081
1520.1,715.1155999999405
1520.2,733.0611999999965
1520.3,734.3171287128722
1520.4,735.0694000000007
1520.5,717.5055999999737
1520.6,726.6483000000429
1520.7,695.1247000002008
1520.8,651.2193000000425
1520.9,684.1470999999999
1521.0,685.6375000000022
1521.1,708.5382000000308
1521.2,735.2353465346519
1521.3,738.2261999999982
1521.4,720.2943999999582
1521.5,728.228799999915
1521.6,743.1242000000555
1521.7,722.6341999999955
1521.8,739.6628000001056
1521.9,745.6889999999718
1522.0,731.8587999999996
1522.1,738.7242237621108
1522.2,693.3915693072354
1522.3,683.9770000001456
1522.4,760.2195000000147
1522.5,764.0079999999916
1522.6,762.0074999999958
1522.7,739.3595000001907
1522.8,736.3625000000701
1522.9,753.9079999999587
1523.0,735.2285000000034
1523.1,752.9999009901071
1523.2,771.4204000000035
1523.3,762.1023999999734
1523.4,749.5172000000072
1523.5,847.6475999997881
1523.6,842.5332000002803
1523.7,723.8519999998884
1523.8,790.1831999999914
1523.9,757.9560000000606
1524.0,741.213663366345
1524.1,747.5010000000171
1524.2,740.9735999998595
1524.3,766.1980999999931
1524.4,762.9559999999972
1524.5,767.0943000000191
1524.6,776.5715999999977
1524.7,753.3441000001836
1524.8,741.6445000000878
1524.9,742.658308910838
1525.0,729.0975663366049
1525.1,767.9685999999989
1525.2,769.2696000000001
1525.3,773.4840000000223
1525.4,791.0969999999872
1525.5,642.9040000001779
1525.6,519.1187999998883
1525.7,621.828600000043
1525.8,609.8944000002234
1525.9,685.7821782178448
1526.0,654.0020999999756
1526.1,602.7919999998294
1526.2,688.437499999723
1526.3,710.8693999997857
1526.4,620.264199999856
1526.5,616.7511000000169
1526.6,679.7893999999491
1526.7,641.0730000003094
1526.8,600.4718811882149
1526.9,689.504
1527.0,711.37
1527.1,623.19
1527.2,619.3179999998315
1527.3,676.8100000000001
1527.4,635.694
1527.5,600.2640000000001
1527.6,685.926
1527.7,701.2340396040514
1527.8,615.4641564355279
1527.9,621.9110000002224
1528.0,673.1174999999944
1528.1,631.5818000001932
1528.2,602.9518999998481
1528.3,683.5306000002265
1528.4,691.1682999996947
1528.5,607.1827999999822
1528.6,627.0184999998175
1528.7,676.8551485148845
1528.8,634.9245999999584
1528.9,604.9228000000319
1529.0,680.6410000000386
1529.1,679.9883999999362
1529.2,597.0749999999863
1529.3,614.3762000000127
1529.4,630.5063999999986
1529.5,606.6105999999738
1529.6,571.3239603960392
1529.7,596.7278999998939
1529.8,623.974399999882
1529.9,630.263000000108
1530.0,683.7130000000002
1530.1,647.7230000001546
1530.2,613.5932999998837
1530.3,692.1778000002599
1530.4,710.3172999998717
1530.5,630.0148514851793
1530.6,630.9991999999392
1530.7,681.6208000000299
1530.8,645.5439999999221
1530.9,615.7260000000631
1531.0,688.614800000072
1531.1,697.6020000000842
1531.2,612.2760000001133
1531.3,622.1444000000753
1531.4,672.3546138613842
1531.5,635.4720000001035
1531.6,599.0759999999259
1531.7,666.668499999918
1531.8,677.0349999996442
1531.9,605.4704999999805
1532.0,629.8439999998982
1532.1,585.7175000003326
1532.2,478.90899999972925
1532.3,632.0479999999839
1532.4,627.1953465346397
1532.5,644.6312000000835
1532.6,672.5864000000066
1532.7,621.8310000002494
1532.8,596.0790000001041
1532.9,672.6602000001051
1533.0,687.2117999998544
1533.1,614.866000000001
1533.2,636.6903999997611
1533.3,677.0399009900808
1533.4,632.1604000000552
1533.5,602.8701999999481
1533.6,679.5988999999465
1533.7,694.9781000000767
1533.8,621.0591000000101
1533.9,650.9205999999442
1534.0,680.1419000000529
1534.1,604.8720000000482
1534.2,583.4297801979124
1534.3,665.4226099011534
1534.4,684.7283999997633
1534.5,601.1200000000056
1534.6,647.6339999996918
1534.7,696.5840000002376
1534.8,613.2395999998628
1534.9,592.1280000001717
1535.0,659.3472000000036
1535.1,634.5928000002659
1535.2,562.7215841584498
1535.3,603.7003000004981
1535.4,701.6393000000148
1535.5,627.8374000000213
1535.6,589.4271999999809
1535.7,675.4040999999795
1535.8,700.4264999996512
1535.9,617.6525
1536.0,638.8513999999843
1536.1,671.1532673267748
1536.2,615.7850000001583
1536.3,590.2170000001757
1536.4,670.1530000001958
1536.5,696.2479999998964
1536.6,613.7750000000206
1536.7,633.6719999998012
1536.8,675.481999999853
1536.9,604.9419999998083
1537.0,575.5934059406833
1537.1,673.4133158414409
1537.2,742.0330999999974
1537.3,743.3703999999997
1537.4,745.1754000000021
1537.5,737.5805999999889
1537.6,706.4425000000027
1537.7,704.9958000000381
1537.8,698.6939000000145
1537.9,713.7707999999762
1538.0,641.269702970295
1538.1,635.2648000000661
1538.2,648.2747999997455
1538.3,742.3179999999348
1538.4,726.7648000000086
1538.5,737.9835999999548
1538.6,743.270400000082
1538.7,713.2643999999841
1538.8,711.2227999999188
1538.9,705.5482178219036
1539.0,747.5817000000025
1539.1,749.4178999999979
1539.2,746.5092000000011
1539.3,731.1959999999651
1539.4,651.3705999998928
1539.5,570.1988000000849
1539.6,661.5962000000014
1539.7,695.4081999999347
1539.8,784.0562405940645
1539.9,781.2960871286705
1540.0,761.8190000000086
1540.1,753.3786000000197
1540.2,742.337400000002
1540.3,748.4220000000881
1540.4,756.3385999999032
1540.5,726.1537999999705
1540.6,741.1226000000055
1540.7,742.0803999999796
1540.8,816.4414851491608
1540.9,908.9324999995911
1541.0,673.0800000001541
1541.1,773.45
1541.2,777.5149999998938
1541.3,781.3674999999113
1541.4,722.3149999999976
1541.5,731.3500000000486
1541.6,763.105
1541.7,762.2310891089121
1541.8,751.2799999998873
1541.9,717.2420000000016
1542.0,731.4587999999412
1542.1,765.2268000000581
1542.2,727.18079999996
1542.3,762.830400000024
1542.4,770.4207999999985
1542.5,772.9283999999953
1542.6,758.9130891090145
1542.7,721.634956435383
1542.8,747.9165999997126
1542.9,638.1145000002024
1543.0,708.0082999999336
1543.1,613.5446000000088
1543.2,631.1242999997446
1543.3,683.4850999999019
1543.4,618.547699999879
1543.5,579.9886000000474
1543.6,668.8630693067022
1543.7,714.5562000000599
1543.8,612.8490000000153
1543.9,639.6097999999527
1544.0,701.943800000039
1544.1,619.104800000033
1544.2,580.1685999999634
1544.3,666.2722000003263
1544.4,717.7788000000636
1544.5,610.7446534653378
1544.6,642.0244999997188
1544.7,711.7542000002276
1544.8,623.779299999843
1544.9,580.5077000001686
1545.0,666.2566000001075
1545.1,714.9823000003461
1545.2,608.9249999999612
1545.3,648.4763000002661
1545.4,728.9755128711143
1545.5,628.4312871287127
1545.6,582.124
1545.7,668.7339999999213
1545.8,710.77
1545.9,604.7959999999999
1546.0,646.34
1546.1,742.602
1546.2,632.1740000000761
1546.3,584.546
1546.4,672.038910891069
1546.5,677.5159000003732
1546.6,537.1823999999202
1546.7,577.3621999999071
1546.8,596.8166999997723
1546.9,548.3105000002176
1547.0,672.8738999998183
1547.1,720.8301000002583
1547.2,613.219200000058
1547.3,608.6328712873332
1547.4,689.8344000000051
1547.5,679.2567999999503
1547.6,602.316000000032
1547.7,673.6679999999722
1547.8,716.0805999999484
1547.9,620.1961999999926
1548.0,621.773600000038
1548.1,689.1295999999971
1548.2,667.4412257425661
1548.3,602.8677980200042
1548.4,671.6315000001505
1548.5,707.1357000002034
1548.6,600.3883000000064
1548.7,611.1954999998677
1548.8,675.3649999999158
1548.9,636.8077999998087
1549.0,576.9308999998794
1549.1,651.2947643563282
1549.2,684.4881900992677
1549.3,578.581200000039
1549.4,576.9275999997861
1549.5,412.2740000001868
1549.6,602.2148000000197
1549.7,687.079600000148
1549.8,652.5655999999981
1549.9,665.8356000000854
1550.0,729.5263999999136
1550.1,638.9988118811488
1550.2,595.5009999998964
1550.3,660.2664999997689
1550.4,588.6924999999969
1550.5,598.8584999999407
1550.6,658.8409999998815
1550.7,721.5720000001954
1550.8,575.4369999999999
1550.9,590.1304999998885
1551.0,677.9190247524526
1551.1,687.1428415840683
1551.2,594.8867999998356
1551.3,652.0648000001245
1551.4,717.7787999998751
1551.5,629.6287999999084
1551.6,583.9884000000626
1551.7,659.3019999999703
1551.8,653.0031999998606
1551.9,575.1648000000973
1552.0,647.6695049505813
1552.1,695.9758000001108
1552.2,559.2795999999762
1552.3,588.788999999978
1552.4,604.8285999998852
1552.5,737.4533000000721
1552.6,642.4648000000163
1552.7,630.7656999999516
1552.8,685.0637999998143
1552.9,627.0105940594301
1553.0,577.330400000097
1553.1,655.8559999997386
1553.2,725.1408000003414
1553.3,610.8527999999371
1553.4,594.1560000002079
1553.5,689.4047999999434
1553.6,640.6524000002189
1553.7,579.8251999997776
1553.8,651.5527722772283
1553.9,648.2685900989624
1554.0,621.6458999999999
1554.1,626.3354999999916
1554.2,657.5841000000114
1554.3,642.0063000000034
1554.4,637.8137999999817
1554.5,714.2753999999902
1554.6,752.5864000000001
1554.7,751.2663257425794
1554.8,746.4952970296965
1554.9,749.6990000000029
1555.0,745.8889999999096
1555.1,703.3879999999491
1555.2,734.7839999997441
1555.3,816.1509999995471
1555.4,636.8169999999985
1555.5,648.2700000002187
1555.6,755.9460000000115
1555.7,749.3674257426248
1555.8,730.6107999999996
1555.9,731.6360000000069
1556.0,755.2904999999898
1556.1,714.5501999999994
1556.2,709.9290000000052
1556.3,683.3311999999992
1556.4,684.6048000000109
1556.5,730.7156000000067
1556.6,757.7452475247524
1556.7,777.2635999995273
1556.8,986.9787999989969
1556.9,648.6803999999979
1557.0,655.1959999998337
1557.1,739.1412000000042
1557.2,734.7812000000497
1557.3,709.697200000003
1557.4,713.440000000081
1557.5,744.9575405940595
1557.6,744.8716198019733
1557.7,742.1890999999918
1557.8,740.8022999999672
1557.9,700.9152000000473
1558.0,778.7445000001298
1558.1,932.4368999998787
1558.2,620.0026000001346
1558.3,590.799400000031
1558.4,631.8646999999886
1558.5,626.2239603961166
1558.6,760.1336000000006
1558.7,760.4081999999844
1558.8,771.1029999999954
1558.9,769.2095999999742
1559.0,762.1173999999723
1559.1,777.6788000000798
1559.2,724.6697999999545
1559.3,753.5015999998675
1559.4,717.5720792080847
1559.5,768.5755000000033
1559.6,771.4280000000016
1559.7,773.4014999999794
1559.8,775.9319999999273
1559.9,716.6115000000328
1560.0,732.6934999997429
1560.1,524.7405000001249
1560.2,656.0779999999455
1560.3,673.3549950495487
1560.4,708.7667207921977
1560.5,586.0367999999557
1560.6,637.907999999883
1560.7,756.9416000001028
1560.8,645.410399999733
1560.9,575.0951999999128
1561.0,668.8863999999603
1561.1,705.5088000001202
1561.2,581.0415564355811
1561.3,645.7254029704842
1561.4,756.7164999998195
1561.5,644.5117999998953
1561.6,577.5763999997196
1561.7,670.5477999999076
1561.8,697.0527999997976
1561.9,575.8011000001152
1562.0,649.3030000001602
1562.1,752.9596000003095
1562.2,649.2543564358516
1562.3,580.3418000003664
1562.4,670.4785999999915
1562.5,686.7470000000519
1562.6,576.2941999999679
1562.7,647.7415999999511
1562.8,751.1881999996035
1562.9,652.6632000000322
1563.0,585.0523999999588
1563.1,674.0694871287077
1563.2,683.3074108913744
1563.3,571.5042000001564
1563.4,648.1471000002019
1563.5,744.8175999997895
1563.6,640.1008000001324
1563.7,588.6309999997696
1563.8,678.9469999998234
1563.9,593.3539999999681
1564.0,578.7237000001628
1564.1,660.0145544552637
1564.2,733.47
1564.3,622.71
1564.4,629.77
1564.5,724.12
1564.6,653.35
1564.7,576.04
1564.8,651.04
1564.9,744.53
1565.0,619.44
1565.1,625.9251485148384
1565.2,715.9512999998141
1565.3,654.1038999998415
1565.4,580.7049999998162
1565.5,655.1208999998481
1565.6,740.8021999998244
1565.7,602.4561000002877
1565.8,613.2963000000309
1565.9,734.8831000003069
1566.0,645.50941485144
1566.1,565.0060594059039
1566.2,640.6925999996844
1566.3,718.8178000000355
1566.4,600.5749999999443
1566.5,612.1734000000065
1566.6,739.3994000000589
1566.7,417.2180000013262
1566.8,616.9682000000957
1566.9,524.0129999999549
1567.0,653.6244150724328
1567.1,727.1179607842338
1567.2,624.4010000001272
1567.3,606.9634999999574
1567.4,682.064688118737
1567.5,663.3442554455153
1567.6,577.281800000262
1567.7,646.2527999997482
1567.8,728.6534000001127
1567.9,625.1339999998426
1568.0,616.0103999999968
1568.1,697.7439999997465
1568.2,646.0530000001927
1568.3,575.3697999999027
1568.4,647.341683168273
1568.5,739.3890999999367
1568.6,620.451600000092
1568.7,608.6292000000017
1568.8,723.0260000004762
1568.9,641.3935000000353
1569.0,562.7854000000527
1569.1,628.1715999999481
1569.2,716.0188999999395
1569.3,602.6099009898442
1569.4,606.8100000000286
1569.5,912.1944000006013
1569.6,587.687600000902
1569.7,663.7611999996839
1569.8,670.996799999996
1569.9,763.9148000001841
1570.0,630.6151999997205
1570.1,620.1047999999954
1570.2,733.5255722768861
1570.3,649.7012514851531
1570.4,641.0950999999999
1570.5,618.5729000000057
1570.6,733.3022999999707
1570.7,624.0675000000302
1570.8,613.8854000000003
1570.9,647.6571999999917
1571.0,643.1540000000019
1571.1,580.6729000000154
1571.2,644.7751485146916
1571.3,740.1050000002214
1571.4,614.5159999996581
1571.5,609.5779999999796
1571.6,396.23900000054175
1571.7,366.884000000014
1571.8,365.5499999999982
1571.9,364.96599999999876
1572.0,364.29800000000125
1572.1,363.97158415841585
1572.2,363.8243
1572.3,364.1660000000003
1572.4,363.9518999999999
1572.5,363.74199999999996
1572.6,363.72
1572.7,363.97810000000004
1572.8,364.8644000000007
1572.9,365.4506000000001
1573.0,365.51
1573.1,365.51
1573.2,365.1932000000007
1573.3,362.85319999999285
1573.4,355.4735999999781
1573.5,354.13160000000056
1573.6,354.4759999999992
1573.7,354.20440000000065
1573.8,354.0895999999998
1573.9,354.1504000000002
1574.0,354.09900990099004
1574.1,353.8985999999999
1574.2,354.1222999999991
1574.3,354.04689999999994
1574.4,353.86469999999986
1574.5,353.90960000000007
1574.6,354.15490000000017
1574.7,354.0073000000007
1574.8,353.70159999999976
1574.9,353.728910891089
1575.0,353.74
1575.1,353.74
1575.2,353.74
1575.3,353.83460000000036
1575.4,353.85
1575.5,353.85
1575.6,353.5490000000005
1575.7,353.7063999999997
1575.8,353.7409366336636
1575.9,353.6463366336632
1576.0,353.6555
1576.1,353.72800000000007
1576.2,353.36600000000124
1576.3,353.41900000000015
1576.4,353.6015000000002
1576.5,353.9020000000004
1576.6,353.60999999999956
1576.7,353.21000000000106
1576.8,353.21732673267354
1576.9,353.2552
1577.0,353.41119999999984
1577.1,353.7339999999997
1577.2,353.65560000000016
1577.3,353.52079999999955
1577.4,353.3152
1577.5,353.4647999999998
1577.6,353.6091999999999
1577.7,353.2006851485151
1577.8,353.3451435643571
1577.9,353.52280000000025
1578.0,353.6164000000001
1578.1,353.3893000000006
1578.2,353.47279999999955
1578.3,353.30079999999964
1578.4,353.32640000000015
1578.5,352.94159999999926
1578.6,353.34139999999877
1578.7,353.5797029702969
1578.8,353.26559999999984
1578.9,353.5507999999998
1579.0,353.2528000000002
1579.1,352.75180000000023
1579.2,353.12739999999974
1579.3,353.55800000000016
1579.4,353.32660000000016
1579.5,353.4403999999999
1579.6,352.88732673267475
1579.7,353.16309999999874
1579.8,353.2194999999999
1579.9,353.0155999999995
1580.0,352.98620000000005
1580.1,353.11959999999976
1580.2,353.0204000000004
1580.3,353.07910000000027
1580.4,352.9055999999995
1580.5,352.9491000000002
1580.6,352.9296831683168
1580.7,352.976
1580.8,352.99
1580.9,352.88599999999997
1581.0,352.964
1581.1,353.294
1581.2,352.874
1581.3,353.0300000000003
1581.4,352.836
1581.5,352.92841584158384
1581.6,353.30179999999916
1581.7,352.97130000000107
1581.8,352.8995000000001
1581.9,352.9574000000001
1582.0,352.55920000000054
1582.1,352.9871999999986
1582.2,353.1063000000001
1582.3,352.9498999999995
1582.4,352.79853960395985
1582.5,352.84039603960406
1582.6,352.9614000000001
1582.7,352.74820000000096
1582.8,353.0076000000002
1582.9,352.99859999999995
1583.0,352.65799999999984
1583.1,352.8820000000002
1583.2,352.8842000000003
1583.3,352.86
1583.4,352.9449504950498
1583.5,353.03929999999997
1583.6,352.9060000000003
1583.7,352.87539999999996
1583.8,352.86459999999994
1583.9,353.0140000000006
1584.0,353.17549999999994
1584.1,352.6479000000012
1584.2,352.7725999999994
1584.3,353.2793069306938
1584.4,352.9919999999995
1584.5,353.01200000000017
1584.6,352.92319999999984
1584.7,352.7964000000003
1584.8,353.08920000000035
1584.9,352.78719999999953
1585.0,352.94880000000035
1585.1,352.81959999999975
1585.2,353.1337623762373
1585.3,353.1774999999996
1585.4,352.71500000000003
1585.5,353.0049999999993
1585.6,353.0150000000002
1585.7,353.18749999999966
1585.8,352.89249999999834
1585.9,352.8375
1586.0,353.00999999999976
1586.1,352.76297029703073
1586.2,352.74139999999966
1586.3,352.8366000000001
1586.4,352.94140000000016
1586.5,353.10320000000024
1586.6,353.01680000000033
1586.7,352.97
1586.8,352.97
1586.9,352.60739999999936
1587.0,352.7612000000005
1587.1,352.94059405940595
1587.2,353.1159999999999
1587.3,352.7319999999997
1587.4,352.7816999999998
1587.5,353.0716999999998
1587.6,352.7266000000004
1587.7,352.7159999999999
1587.8,352.8357000000001
1587.9,352.7943000000001
1588.0,352.9145544554458
1588.1,352.6172000000007
1588.2,352.4008000000003
1588.3,352.6436000000007
1588.4,352.47639999999933
1588.5,352.65800000000075
1588.6,352.70520000000016
1588.7,352.68
1588.8,352.80960000000033
1588.9,352.6532673267326
1589.0,352.71174158415835
1589.1,352.56410000000005
1589.2,352.67169999999993
1589.3,352.8920000000002
1589.4,352.8861
1589.5,352.3062000000002
1589.6,352.4278999999999
1589.7,352.7759
1589.8,352.6469999999997
1589.9,352.56702970297033
1590.0,352.57
1590.1,352.8499999999991
1590.2,352.89300000000026
1590.3,352.7969999999998
1590.4,352.62999999999954
1590.5,352.584
1590.6,352.51300000000026
1590.7,352.7599999999991
1590.8,352.8661386138614
1590.9,352.7357999999999
1591.0,352.47299999999996
1591.1,352.51110000000006
1591.2,352.84599999999887
1591.3,352.68709999999993
1591.4,352.4358
1591.5,352.3041
1591.6,352.39420000000007
1591.7,352.27182970297076
1591.8,352.5862376237635
1591.9,352.6475999999995
1592.0,352.69879999999995
1592.1,352.7024000000001
1592.2,352.6052000000002
1592.3,352.8556000000012
1592.4,352.7043999999988
1592.5,352.57
1592.6,352.44080000000037
1592.7,352.6425742574245
1592.8,352.77
1592.9,352.38139999999964
1593.0,352.1699
1593.1,352.3007000000001
1593.2,352.6982999999989
1593.3,352.86
1593.4,352.81309999999996
1593.5,352.64259999999985
1593.6,352.8353465346532
1593.7,352.6983900990102
1593.8,352.5071999999997
1593.9,352.73080000000004
1594.0,352.6092000000005
1594.1,352.56579999999985
1594.2,352.77499999999964
1594.3,352.6091999999988
1594.4,352.8034000000001
1594.5,352.83800000000025
1594.6,352.9268316831677
1594.7,352.7240000000015
1594.8,352.5114999999999
1594.9,352.8115000000006
1595.0,352.84699999999975
1595.1,352.75700000000006
1595.2,352.3860000000019
1595.3,352.3785000000003
1595.4,352.95450000000085
1595.5,352.9268316831684
1595.6,352.8979999999998
1595.7,352.7140000000004
1595.8,352.4995999999996
1595.9,352.78640000000036
1596.0,352.7140000000004
1596.1,352.6275999999999
1596.2,352.53200000000015
1596.3,352.5880000000007
1596.4,352.71760000000006
1596.5,352.4465009900985
1596.6,352.6416999999992
1596.7,352.68990000000076
1596.8,352.8294000000006
1596.9,352.66759999999925
1597.0,352.4837
1597.1,352.7193999999995
1597.2,352.6206000000011
1597.3,352.5997000000003
1597.4,352.53900990099004
1597.5,352.3422000000001
1597.6,352.5179999999998
1597.7,352.67
1597.8,352.8560000000004
1597.9,352.6042000000003
1598.0,352.31180000000006
1598.1,352.70399999999967
1598.2,352.97
1598.3,352.91475247524727
1598.4,352.6908999999994
1598.5,352.33820000000026
1598.6,352.4766999999988
1598.7,352.7270999999997
1598.8,352.7578
1598.9,352.58529999999945
1599.0,352.4678
1599.1,352.64909999999924
1599.2,352.71510000000023
1599.3,352.68
1599.4,352.68
1599.5,352.368
1599.6,352.526
1599.7,352.77
1599.8,352.77
1599.9,352.65
1600.0,352.57
1600.1,352.564
1600.2,352.68475247524725
1600.3,352.6460999999995
1600.4,352.56590000000006
1600.5,352.57
1600.6,352.7410999999994
1600.7,352.7420000000004
1600.8,352.48889999999926
1600.9,352.43490000000025
1601.0,352.5331
1601.1,352.5641584158416
1601.2,352.56579999999997
1601.3,352.51779999999997
1601.4,352.42199999999997
1601.5,352.55400000000014
1601.6,352.7844000000001
1601.7,352.6918000000006
1601.8,352.6222
1601.9,352.4917999999999
1602.0,352.2494059405942
1602.1,352.50769999999903
1602.2,352.78139999999996
1602.3,352.8926000000005
1602.4,352.97
1602.5,352.52540000000124
1602.6,352.3039999999997
1602.7,352.65789999999924
1602.8,352.75739999999945
1602.9,352.564984158416
1603.0,352.69445544554446
1603.1,352.75919999999985
1603.2,352.5568000000004
1603.3,352.5160000000001
1603.4,352.9856000000007
1603.5,353.06239999999957
1603.6,352.4847999999994
1603.7,352.548399999999
1603.8,352.74599999999987
1603.9,352.6910891089109
1604.0,352.689
1604.1,352.50950000000034
1604.2,352.6119999999995
1604.3,352.51299999999816
1604.4,352.45700000000033
1604.5,352.43400000000037
1604.6,352.4439999999997
1604.7,352.7624999999996
1604.8,352.5224752475231
1604.9,352.58420000000103
1605.0,352.7903999999997
1605.1,352.68
1605.2,352.64220000000023
1605.3,352.66940000000017
1605.4,352.6605999999998
1605.5,352.5884
1605.6,352.5214000000001
1605.7,352.65691683168245
1605.8,352.64039999999954
1605.9,352.7178999999997
1606.0,352.6921000000003
1606.1,352.53239999999994
1606.2,352.8137999999997
1606.3,352.84449999999947
1606.4,352.7012
1606.5,352.6405000000001
1606.6,352.5806
1606.7,352.69495049504917
1606.8,352.7327999999998
1606.9,352.5915999999997
1607.0,352.5984000000003
1607.1,352.6228000000001
1607.2,352.6271999999997
1607.3,352.4771999999993
1607.4,352.50320000000073
1607.5,352.71040000000005
1607.6,352.4471287128709
1607.7,352.33789999999993
1607.8,352.48
1607.9,352.60239999999993
1608.0,352.7659
1608.1,352.5499000000001
1608.2,352.35609999999997
1608.3,352.39469999999994
1608.4,352.6553999999999
1608.5,352.71145544554474
1608.6,352.48648514851527
1608.7,352.46000000000004
1608.8,352.62500000000074
1608.9,352.80000000000007
1609.0,352.82
1609.1,352.7000000000006
1609.2,352.6249999999998
1609.3,352.47499999999906
1609.4,352.39000000000055
1609.5,352.7129702970302
1609.6,352.7484999999999
1609.7,352.5259000000002
1609.8,352.33789999999993
1609.9,352.3468000000001
1610.0,352.65700000000004
1610.1,352.86390000000006
1610.2,352.8024000000005
1610.3,352.68
1610.4,352.58782178217837
1610.5,352.69639999999924
1610.6,352.92
1610.7,352.6080000000012
1610.8,352.4764000000012
1610.9,352.54639999999984
1611.0,352.49999999999955
1611.1,352.57240000000024
1611.2,352.54839999999984
1611.3,352.74725940594124
1611.4,352.8167049504949
1611.5,352.52609999999976
1611.6,352.44280000000015
1611.7,352.39140000000054
1611.8,352.4814000000004
1611.9,352.63139999999976
1612.0,352.40649999999994
1612.1,352.34239999999994
1612.2,352.2859000000001
1612.3,352.3211881188121
1612.4,352.5410000000004
1612.5,352.385000000001
1612.6,352.30199999999905
1612.7,352.7903999999997
1612.8,352.48759999999703
1612.9,352.2744000000007
1613.0,352.5602000000002
1613.1,352.5359999999999
1613.2,352.58089108910895
1613.3,352.52949999999987
1613.4,352.5205000000001
1613.5,352.4844999999998
1613.6,352.389
1613.7,352.3910000000001
1613.8,352.5150000000003
1613.9,352.73850000000016
1614.0,352.71099999999973
1614.1,352.47415841584154
1614.2,352.4839999999997
1614.3,352.5523999999995
1614.4,352.42959999999994
1614.5,352.3876000000002
1614.6,352.4723999999996
1614.7,352.708
1614.8,352.50399999999934
1614.9,352.56159999999943
1615.0,352.6847524752474
1615.1,352.34560000000005
1615.2,352.29140000000007
1615.3,352.2972000000001
1615.4,352.29849999999993
1615.5,352.36030000000034
1615.6,352.4499
1615.7,352.37130000000025
1615.8,352.49200000000064
1615.9,352.61782178217805
1616.0,352.43800000000005
1616.1,352.4597999999999
1616.2,352.71699999999987
1616.3,352.6511999999986
1616.4,352.40179999999987
1616.5,352.6707999999999
1616.6,352.7092000000001
1616.7,352.6707999999999
1616.8,352.46239801979993
1616.9,352.1047524752477
1617.0,352.4973000000001
1617.1,352.58860000000135
1617.2,352.5364999999984
1617.3,352.6739999999988
1617.4,352.29129999999986
1617.5,352.3812000000001
1617.6,352.57
1617.7,352.3281000000015
1617.8,352.1017821782182
1617.9,352.35200000000003
1618.0,352.468
1618.1,352.512
1618.2,352.52800000000013
1618.3,352.44
1618.4,352.424
1618.5,352.486
1618.6,352.44
1618.7,352.3047524752477
1618.8,352.33820000000094
1618.9,352.53489999999977
1619.0,352.5151000000001
1619.1,352.3087000000014
1619.2,352.0013999999995
1619.3,352.2848000000008
1619.4,352.40979999999956
1619.5,352.40530000000024
1619.6,352.6124752475246
1619.7,352.5223584158426
1619.8,352.27
1619.9,352.4258000000002
1620.0,352.52419999999984
1620.1,352.3498000000001
1620.2,352.3698000000004
1620.3,352.3344000000002
1620.4,352.5358
1620.5,352.43819999999994
1620.6,352.45277227722767
1620.7,352.4309000000007
1620.8,352.17110000000014
1620.9,352.3010000000004
1621.0,352.4863
1621.1,352.5539999999997
1621.2,352.63930000000016
1621.3,352.53669999999977
1621.4,352.57990000000035
1621.5,352.53752475247563
1621.6,352.1376000000001
1621.7,352.1123999999997
1621.8,352.3536000000005
1621.9,352.6007999999998
1622.0,352.5392000000002
1622.1,352.5324000000003
1622.2,352.4175999999985
1622.3,352.6475999999999
1622.4,352.583192079208
1622.5,352.5379207920792
1622.6,352.3785000000003
1622.7,352.2844999999997
1622.8,352.39699999999937
1622.9,352.3885000000006
1623.0,352.583
1623.1,352.57
1623.2,352.6084999999999
1623.3,352.6414999999996
1623.4,352.5388118811879
1623.5,352.40859999999975
1623.6,352.34139999999996
1623.7,352.371200000001
1623.8,352.2008000000002
1623.9,352.24259999999987
1624.0,352.3128000000006
1624.1,352.57980000000003
1624.2,352.4988000000006
1624.3,352.38
1624.4,352.4789999999998
1624.5,352.6437000000001
1624.6,352.6062999999999
1624.7,352.5084000000004
1624.8,352.2590000000007
1624.9,352.50289999999995
1625.0,352.4844000000002
1625.1,352.33929999999987
1625.2,352.5456405940592
1625.3,352.68
1625.4,352.4911999999989
1625.5,352.11560000000003
1625.6,352.24039999999945
1625.7,352.39639999999997
1625.8,352.4612000000003
1625.9,352.54119999999983
1626.0,352.4448
1626.1,352.4051999999997
1626.2,352.5433663366333
1626.3,352.55599999999885
1626.4,352.19630000000006
1626.5,352.09989999999993
1626.6,352.3837
1626.7,352.5359
1626.8,352.4351999999998
1626.9,352.4389
1627.0,352.5421
1627.1,352.48
1627.2,352.50699999999983
1627.3,352.5429999999998
1627.4,352.4529999999998
1627.5,352.2999999999997
1627.6,352.2339999999989
1627.7,352.6359999999995
1627.8,352.7569999999998
1627.9,352.58999999999935
1628.0,352.3838613861384
1628.1,352.4741000000001
1628.2,352.62200000000024
1628.3,352.3436999999999
1628.4,352.08540000000005
1628.5,352.33090000000004
1628.6,352.50610000000006
1628.7,352.48590000000036
1628.8,352.2858
1628.9,352.3783000000001
1629.0,352.48386138613876
1629.1,352.3539999999995
1629.2,352.5392000000002
1629.3,352.3843999999993
1629.4,352.2964000000006
1629.5,352.6007999999998
1629.6,352.68
1629.7,352.56520000000074
1629.8,352.3008000000003
1629.9,352.4326732673271
1630.0,352.4970999999998
1630.1,352.40260000000023
1630.2,352.68
1630.3,352.68
1630.4,352.68
1630.5,352.62059999999985
1630.6,352.4897000000001
1630.7,352.57
1630.8,352.59940594059424
1630.9,352.6019999999994
1631.0,352.48659999999944
1631.1,352.6834000000006
1631.2,352.45799999999963
1631.3,352.6513999999996
1631.4,352.59860000000026
1631.5,352.57340000000056
1631.6,352.3765999999995
1631.7,352.68
1631.8,352.6018316831678
1631.9,352.39750000000015
1632.0,352.4549999999999
1632.1,352.405
1632.2,352.5299999999993
1632.3,352.6049999999997
1632.4,352.40750000000014
1632.5,352.5100000000001
1632.6,352.57
1632.7,352.4487128712885
1632.8,352.2240000000015
1632.9,352.6320000000002
1633.0,352.50159999999994
1633.1,352.4788000000003
1633.2,352.28119999999967
1633.3,352.57
1633.4,352.5963999999999
1633.5,352.5840000000004
1633.6,352.37504950494997
1633.7,352.7052999999997
1633.8,352.73939999999965
1633.9,352.54929999999985
1634.0,352.45699999999994
1634.1,352.2443000000018
1634.2,351.90269999999856
1634.3,352.30300000000017
1634.4,352.35699999999986
1634.5,352.30277227722786
1634.6,352.31620000000015
1634.7,352.09000000000003
1634.8,352.156000000001
1634.9,352.47799999999984
1635.0,352.6998000000002
1635.1,352.31400000000014
1635.2,352.1877999999998
1635.3,352.54579999999964
1635.4,352.48859999999996
1635.5,352.5660396039605
1635.6,352.5219999999995
1635.7,352.60020000000094
1635.8,352.3798000000008
1635.9,352.68
1636.0,352.5371999999993
1636.1,352.03989999999953
1636.2,352.2088999999998
1636.3,352.28000000000003
1636.4,354.9101980198223
1636.5,408.418
1636.6,592.986
1636.7,655.5979999999083
1636.8,734.8100000000001
1636.9,732.332
1637.0,733.45
1637.1,697.386
1637.2,720.7600000000417
1637.3,694.3156435643818
1637.4,723.7106999998961
1637.5,663.9438000000899
1637.6,628.5365999999976
1637.7,648.4447999997956
1637.8,720.0775999998775
1637.9,694.6643000001227
1638.0,751.122600000046
1638.1,734.8489999999794
1638.2,745.0066960395835
1638.3,744.7841861385156
1638.4,711.1444000000089
1638.5,721.5155999999856
1638.6,703.4122000000198
1638.7,739.1727999999995
1638.8,766.2540000000654
1638.9,819.7407999998372
1639.0,548.3034000000557
1639.1,648.3811999999988
1639.2,650.4647524752496
1639.3,683.9476000002403
1639.4,753.7917000000306
1639.5,758.0998000000685
1639.6,723.9919999999847
1639.7,725.4881000000606
1639.8,705.5282000002023
1639.9,761.3792999999876
1640.0,757.3318999999935
1640.1,761.8646534653333
1640.2,758.506000000206
1640.3,765.3600000003095
1640.4,983.3587999996146
1640.5,626.6203999999958
1640.6,650.6380000000316
1640.7,793.4240000000776
1640.8,773.4771999999886
1640.9,755.001199999955
1641.0,724.7451564356845
1641.1,778.0666831683703
1641.2,741.8364999999931
1641.3,747.3465000000058
1641.4,750.0114999999934
1641.5,754.9110000000003
1641.6,749.2195000000415
1641.7,728.8369999999195
1641.8,781.2809999998597
1641.9,740.1529999999802
1642.0,757.8382178217674
1642.1,779.2610000000255
1642.2,760.9996000011026
1642.3,489.85740000026044
1642.4,641.309799999876
1642.5,574.5662000001116
1642.6,659.2662000000744
1642.7,727.2850000004544
1642.8,606.6928000000212
1642.9,635.3138613862566
1643.0,718.79260000006
1643.1,632.2933000000523
1643.2,575.4125999999488
1643.3,653.8022000003305
1643.4,723.1626000000969
1643.5,601.950099999988
1643.6,634.6063999999097
1643.7,736.5470000000689
1643.8,637.8168999997287
1643.9,576.0337623762091
1644.0,656.7640000001159
1644.1,720.2184000003771
1644.2,600.6359999999542
1644.3,631.9200000002501
1644.4,740.515599999812
1644.5,639.3847999998922
1644.6,574.9763999997696
1644.7,649.3339999999995
1644.8,659.3012871288415
1644.9,716.6707000000316
1645.0,595.679199999995
1645.1,632.2689999999643
1645.2,758.1864000000908
1645.3,638.0805000000188
1645.4,575.347999999978
1645.5,668.715999999985
1645.6,712.4128000000303
1645.7,596.0511881188017
1645.8,631.8340000003539
1645.9,757.970999999683
1646.0,626.4069999998889
1646.1,593.7809999994909
1646.2,781.2380000003197
1646.3,654.4859999999956
1646.4,653.708000000022
1646.5,668.4350000001094
1646.6,712.7680198021787
1646.7,622.6637000000019
1646.8,620.8080000000185
1646.9,694.4416999999994
1647.0,682.1387999999755
1647.1,590.5805000000162
1647.2,661.5921999999879
1647.3,713.0971999999771
1647.4,620.7811999999988
1647.5,616.2281158415849
1647.6,623.778031683056
1647.7,670.3196000001631
1647.8,592.4896000001579
1647.9,650.9684000001548
1648.0,702.8068000001911
1648.1,605.464400000016
1648.2,603.6067999998578
1648.3,672.9207999999101
1648.4,636.4579999998193
1648.5,572.17316831671
1648.6,646.4680000000234
1648.7,699.8696000003583
1648.8,613.8675000000022
1648.9,607.145999999905
1649.0,484.0348000000618
1649.1,572.2780000000205
1649.2,624.7999999999961
1649.3,625.9708000000023
1649.4,633.3554455445868
1649.5,686.834200000062
1649.6,639.4302000001068
1649.7,570.8105999998861
1649.8,654.6668000002842
1649.9,731.2351999996432
1650.0,616.4215999999907
1650.1,628.0989999998811
1650.2,705.8554000000947
1650.3,636.3696039601797
1650.4,573.0815000000875
1650.5,651.1280000001107
1650.6,737.1954999998832
1650.7,615.8454999999512
1650.8,633.6110000000948
1650.9,708.8624999999091
1651.0,629.0139999999114
1651.1,558.6930000000674
1651.2,633.4475544551456
1651.3,710.4840237622411
1651.4,586.3175999999783
1651.5,614.8123999998747
1651.6,742.0844000001143
1651.7,619.2268000000511
1651.8,566.7308000001159
1651.9,599.8655999999783
1652.0,620.8812000000437
1652.1,578.3271999999205
1652.2,664.671881188059
1652.3,719.9931999998321
1652.4,617.4634999999928
1652.5,615.338400000111
1652.6,687.7907000001517
1652.7,635.7691000002218
1652.8,565.4812000001322
1652.9,648.5656000001345
1653.0,727.1353999998344
1653.1,615.8977227723572
1653.2,590.7291999999541
1653.3,688.8731999998405
1653.4,648.2200000000366
1653.5,570.955999999963
1653.6,651.0909999999895
1653.7,671.0052000000608
1653.8,543.9416000008007
1653.9,740.1743999999965
1654.0,746.6649504950761
1654.1,693.8290999999051
1654.2,730.8103000001374
1654.3,677.0533000001358
1654.4,742.7206000000001
1654.5,742.8161000000073
1654.6,746.3881000000005
1654.7,744.6526000003871
1654.8,591.8582000000815
1654.9,631.3786920792281
1655.0,641.1956435643717
1655.1,648.12
1655.2,750.9300000000001
1655.3,727.9
1655.4,736.37
1655.5,755.4
1655.6,713.45
1655.7,729.78
1655.8,701.44
1655.9,751.37
1656.0,742.4393069307112
1656.1,753.6458999999767
1656.2,753.3937000000008
1656.3,648.469799999735
1656.4,638.6286999999779
1656.5,652.1128999999726
1656.6,646.488200000012
1656.7,701.9788999998851
1656.8,699.9065999999933
1656.9,716.5237623762459
1657.0,716.8109999999999
1657.1,751.8156000000163
1657.2,752.8435999999988
1657.3,747.9107999999977
1657.4,749.5054000000007
1657.5,710.1831999999818
1657.6,770.5320000000283
1657.7,866.2127999996144
1657.8,675.942788118247
1657.9,669.5948663366321
1658.0,729.7005999999099
1658.1,713.1688000000302
1658.2,762.3124999999184
1658.3,763.0157999999974
1658.4,786.6386000000721
1658.5,729.5871000000867
1658.6,752.9520999999587
1658.7,750.7618000000049
1658.8,776.8984158416109
1658.9,765.8647999999885
1659.0,783.6864000000173
1659.1,790.0180000000053
1659.2,737.4308000001902
1659.3,750.8108000000148
1659.4,711.4471999999621
1659.5,710.3080000000006
1659.6,592.3171999998882
1659.7,575.2621782178348
1659.8,733.9260000005718
1659.9,601.339500000135
1660.0,614.2024999999758
1660.1,764.4864999998214
1660.2,653.9510000001417
1660.3,569.183499999718
1660.4,652.3549999999165
1660.5,725.5874999999179
1660.6,601.0534653469476
1660.7,611.9197999999358
1660.8,760.5126000002139
1660.9,654.4785999998325
1661.0,569.8043999998879
1661.1,656.3695999997167
1661.2,721.8435999997981
1661.3,597.1895999998136
1661.4,621.6550000000474
1661.5,756.9677821781372
1661.6,656.7420821782987
1661.7,572.9619000000554
1661.8,657.5458000003752
1661.9,711.7141999999815
1662.0,592.6037000000899
1662.1,628.8283999999666
1662.2,754.2659999999105
1662.3,656.1558999995541
1662.4,577.8371000000275
1662.5,661.286732673422
1662.6,703.7971999999104
1662.7,587.6624000003534
1662.8,640.2924000001246
1662.9,750.493600000207
1663.0,656.3391999997958
1663.1,584.0732000001626
1663.2,661.5723999997539
1663.3,663.2423999999891
1663.4,656.2744554455448
1663.5,655.1395000000001
1663.6,638.0275000000044
1663.7,634.6656000000004
1663.8,612.8510999999957
1663.9,681.7991999999822
1664.0,671.4854000000043
1664.1,590.7638000000197
1664.2,648.2970999999837
1664.3,717.27763069324
1664.4,620.9203465343926
1664.5,608.2350000000025
1664.6,683.5199999998094
1664.7,675.7900000000407
1664.8,592.6579999997945
1664.9,647.7000000001619
1665.0,720.4209999998675
1665.1,638.1420000002263
1665.2,608.1200000000507
1665.3,673.6038613861725
1665.4,639.8808999999892
1665.5,568.0200999999829
1665.6,629.9743000000179
1665.7,719.9070000000208
1665.8,620.1773999999102
1665.9,611.024400000001
1666.0,686.3745000000191
1666.1,638.6065999999854
1666.2,571.9828712872342
1666.3,558.1771999999821
1666.4,540.3531999999473
1666.5,642.9611999998482
1666.6,659.7691999999948
1666.7,592.9396000001389
1666.8,654.1800000002182
1666.9,709.6016000001421
1667.0,609.6780000001536
1667.1,615.9666930693144
1667.2,740.9175277223134
1667.3,665.2047999999264
1667.4,580.8304999999448
1667.5,650.7515000000631
1667.6,717.7888000000431
1667.7,614.7631000004187
1667.8,619.7421000000169
1667.9,743.2301000000944
1668.0,654.1377999999161
1668.1,567.8595049505823
1668.2,639.0239999998691
1668.3,691.4940000001445
1668.4,593.4116000000884
1668.5,610.2165999999463
1668.6,720.1239999998344
1668.7,648.6690000001404
1668.8,574.4827999997788
1668.9,645.0911999999321
1669.0,661.5333663366367
1669.1,765.9135000001388
1669.2,651.7745000004252
1669.3,581.7094999999376
1669.4,573.2659999999997
1669.5,702.9655000001735
1669.6,629.9034999998717
1669.7,607.0200000000191
1669.8,678.3390000000968
1669.9,645.5574059405399
1670.0,574.7817108911323
1670.1,628.8443999999287
1670.2,707.052799999929
1670.3,629.5707999996102
1670.4,611.9680000000001
1670.5,679.222799999927
1670.6,661.7344000000328
1670.7,584.2576000000777
1670.8,570.7680000000007
1670.9,664.6388118814044
1671.0,569.8203999997818
1671.1,685.5100999996345
1671.2,749.910699999872
1671.3,723.0075999999343
1671.4,718.1978000000042
1671.5,741.4916000000438
1671.6,687.6799000001538
1671.7,740.1826999997703
1671.8,727.7421782178245
1671.9,730.1831999999955
1672.0,751.3083999999893
1672.1,682.5472000000404
1672.2,681.3783999999918
1672.3,650.1835999999847
1672.4,701.4139999999674
1672.5,732.5075999999899
1672.6,709.481000000015
1672.7,751.7676237622518
1672.8,725.752899999906
1672.9,722.8458000000146
1673.0,754.5688000000767
1673.1,734.1905000000556
1673.2,728.088299999999
1673.3,694.4253999999147
1673.4,746.320400000151
1673.5,637.8050999996904
1673.6,646.1469326731911
1673.7,746.5902574256875
1673.8,771.4340000000025
1673.9,767.428
1674.0,717.49
1674.1,750.194
1674.2,728.9159999999999
1674.3,745.5580000000282
1674.4,747.422
1674.5,750.452
1674.6,752.5017821782158
1674.7,725.2780000000712
1674.8,762.7156000001416
1674.9,868.1697000002962
1675.0,722.194600000236
1675.1,780.6886999997308
1675.2,780.3282000000725
1675.3,763.5126999999703
1675.4,719.1973999998676
1675.5,756.8488118812437
1675.6,767.6765999999984
1675.7,770.7999999999845
1675.8,773.600400000001
1675.9,790.0700000000093
1676.0,796.2726000000009
1676.1,773.7711999999866
1676.2,707.503000000237
1676.3,764.9428000000433
1676.4,759.9205940593265
1676.5,768.7687999999882
1676.6,775.2245999999968
1676.7,735.532200000083
1676.8,723.1472999999985
1676.9,541.6872999993038
1677.0,480.9981000000046
1677.1,605.1297999997394
1677.2,715.8937999998489
1677.3,631.0160049503023
1677.4,609.2550217821918
1677.5,729.0864000001391
1677.6,674.4735999998908
1677.7,584.794400000204
1677.8,631.0844000000784
1677.9,710.34320000007
1678.0,625.7079999998765
1678.1,607.5268000000173
1678.2,731.0327999996014
1678.3,679.0102970293739
1678.4,589.2175
1678.5,639.7674999998928
1678.6,707.6449999999328
1678.7,620.3825000001548
1678.8,610.7300000001107
1678.9,729.445
1679.0,678.9350000001325
1679.1,587.0125000000952
1679.2,637.8126732670727
1679.3,700.3164000000694
1679.4,615.7341999998198
1679.5,620.1312000000714
1679.6,728.2923999997444
1679.7,677.2536000003624
1679.8,593.5559999999002
1679.9,643.5994000001273
1680.0,696.2686000000524
1680.1,611.4694811881348
1680.2,624.3927326732237
1680.3,725.5404000000624
1680.4,677.4859000000738
1680.5,596.2602000000486
1680.6,649.3994999999323
1680.7,654.7226000000201
1680.8,556.8685999999327
1680.9,589.9304999999381
1681.0,700.2641999999198
1681.1,649.9508910893518
1681.2,611.2584000000273
1681.3,664.3724000001413
1681.4,670.1071999999596
1681.5,604.8759999998509
1681.6,633.8491999998951
1681.7,707.4639999997976
1681.8,650.8831999998046
1681.9,614.3919999999838
1682.0,665.6504950495319
1682.1,671.3321000000051
1682.2,605.383000000019
1682.3,633.820400000081
1682.4,710.5666999999823
1682.5,646.2231000000278
1682.6,601.4503000000029
1682.7,652.0601999999826
1682.8,674.3368
1682.9,651.1831396039104
1683.0,585.2496138614592
1683.1,616.3289999998209
1683.2,691.2909999998333
1683.3,639.6429999997608
1683.4,606.1899999999939
1683.5,689.246999999891
1683.6,682.6090000001383
1683.7,603.4460000001978
1683.8,582.1000000000154
1683.9,685.6469306931933
1684.0,677.6907999999826
1684.1,595.7253999999808
1684.2,623.2481999997736
1684.3,715.9046000000226
1684.4,652.611599999969
1684.5,620.8763000000035
1684.6,691.6982000000218
1684.7,665.9830000002337
1684.8,593.8694059404615
1684.9,623.5072000002068
1685.0,715.073199999964
1685.1,654.7256000002461
1685.2,622.9119999999693
1685.3,701.1140000002921
1685.4,665.839999999721
1685.5,582.1608000000273
1685.6,608.9079999998644
1685.7,696.9444633660299
1685.8,637.3622900989176
1685.9,602.8842000000104
1686.0,689.1642000000827
1686.1,664.6589999999344
1686.2,581.7657000001805
1686.3,710.9446000001572
1686.4,630.9939999998412
1686.5,684.9674000001332
1686.6,689.0296999999385
1686.7,658.9948514851488
1686.8,665.6314000000327
1686.9,701.1070000000088
1687.0,632.9812000001748
1687.1,620.360599999936
1687.2,720.3015999998263
1687.3,691.5969999996529
1687.4,601.9047999999856
1687.5,638.7011999998679
1687.6,696.6803960395014
1687.7,627.9205000004305
1687.8,625.6780000000733
1687.9,721.0405000001273
1688.0,681.1639999998617
1688.1,638.6679999999998
1688.2,596.0635000002238
1688.3,614.4140000000723
1688.4,655.510000000033
1688.5,720.4175445545502
1688.6,723.5401227722825
1688.7,712.7451999999946
1688.8,690.5535999998617
1688.9,676.1275999999991
1689.0,707.2235999999552
1689.1,725.9995999999985
1689.2,745.8155999999727
1689.3,734.6011999998748
1689.4,673.7619999999449
1689.5,712.8165346535353
1689.6,748.7497000000049
1689.7,718.0954000001371
1689.8,741.0762000001015
1689.9,737.0218999999302
1690.0,723.4297000000067
1690.1,749.1908999999511
1690.2,739.1991000001136
1690.3,731.4627000000164
1690.4,702.5973267326569
1690.5,732.5147999999635
1690.6,748.7320000000104
1690.7,744.9093999999964
1690.8,613.7381999997244
1690.9,605.7115999999456
1691.0,672.1707999999846
1691.1,702.3961999999873
1691.2,744.4801999999769
1691.3,760.1015762376107
1691.4,760.5653089109012
1691.5,763.7717999999982
1691.6,736.7437000001146
1691.7,734.9617999999341
1691.8,720.502299999917
1691.9,733.1731000000956
1692.0,756.6054999999938
1692.1,754.1877000000236
1692.2,752.3338999999926
1692.3,696.3049504949736
1692.4,655.884
1692.5,742.206
1692.6,798.932
1692.7,763.59
1692.8,746.2320000000159
1692.9,770.812
1693.0,785.616
1693.1,763.89
1693.2,750.970990099006
1693.3,774.454000000094
1693.4,768.1225999999078
1693.5,756.9039999999987
1693.6,731.065800000099
1693.7,759.1851999998337
1693.8,772.449999999915
1693.9,766.4809000000338
1694.0,774.5097999999992
1694.1,789.7376227722644
1694.2,599.694043565107
1694.3,571.4290000000912
1694.4,603.8601999999594
1694.5,609.3918000000338
1694.6,697.6842000000447
1694.7,655.2400000003155
1694.8,603.2558000000068
1694.9,699.7268000000706
1695.0,695.8839999999458
1695.1,599.1845544555035
1695.2,613.1910999998644
1695.3,695.8675000002387
1695.4,650.3396999999488
1695.5,602.2544999999652
1695.6,702.3426999997469
1695.7,702.0237000001919
1695.8,602.7231999997539
1695.9,618.8741000000331
1696.0,695.3413861386022
1696.1,647.0303999998748
1696.2,602.912799999952
1696.3,699.9352000001365
1696.4,699.8291999998926
1696.5,602.6995999999267
1696.6,619.8856000000856
1696.7,690.985999999913
1696.8,639.1363999998778
1696.9,604.402605940583
1697.0,700.8960990097419
1697.1,699.9540000001319
1697.2,605.6580000000869
1697.3,622.2065000003158
1697.4,688.3430000000404
1697.5,637.5155000001464
1697.6,607.8464999999416
1697.7,701.9179999998535
1697.8,681.9929999995165
1697.9,597.5332673266464
1698.0,480.5991999997483
1698.1,488.5027999998125
1698.2,602.2835999997952
1698.3,581.3791999998724
1698.4,596.188600000146
1698.5,705.5736000001518
1698.6,701.4076000001119
1698.7,614.4698000002344
1698.8,628.4354455445784
1698.9,688.4079999999764
1699.0,641.0753000000818
1699.1,619.2571999999556
1699.2,705.776699999928
1699.3,704.4034999998603
1699.4,622.3773000000475
1699.5,635.7905999999406
1699.6,689.6272999999834
1699.7,638.097745544763
1699.8,619.0425980199351
1699.9,695.6628000001454
1700.0,687.6935999998379
1700.1,609.4604000000372
1700.2,621.2479999997663
1700.3,665.8128000000121
1700.4,615.4191999998126
1700.5,604.0916000001333
1700.6,686.022399999951
1700.7,711.2637623762872
1700.8,727.779500000131
1700.9,766.0362999999973
1701.0,769.613600000001
1701.1,666.370200000045
1701.2,614.9743999999797
1701.3,687.9465000001144
1701.4,649.0482000000299
1701.5,604.7772999999911
1701.6,691.7391089107236
1701.7,706.480000000235
1701.8,614.4699999998165
1701.9,620.2550000002097
1702.0,691.985
1702.1,653.0150000002936
1702.2,610.7249999998986
1702.3,695.4500000002839
1702.4,705.2349999997605
1702.5,613.7973762375261
1702.6,574.2682366336624
1702.7,610.0305999998541
1702.8,670.4756000000108
1702.9,634.282399999972
1703.0,598.6005000000126
1703.1,678.4917000000239
1703.2,685.0377000001927
1703.3,600.1748999999834
1703.4,606.9226000000205
1703.5,649.3180633663419
1703.6,734.0215999996655
1703.7,686.8552000005412
1703.8,548.6284000000937
1703.9,644.2544000000884
1704.0,673.6748000002078
1704.1,611.1644000000118
1704.2,608.7359999999965
1704.3,642.1260000001841
1704.4,676.1259405940555
1704.5,629.1572999999336
1704.6,610.9564000000486
1704.7,691.1755999998684
1704.8,679.4164999999133
1704.9,604.9453999999897
1705.0,636.4082000000574
1705.1,678.7227999999968
1705.2,633.237300000133
1705.3,614.0649504951645
1705.4,686.7586000000927
1705.5,676.5406000001663
1705.6,602.0398000000257
1705.7,488.9618000003051
1705.8,367.91319999999814
1705.9,366.77199999999806
1706.0,366.29219999999856
1706.1,366.4974000000011
1706.2,366.18752475247464
1706.3,366.11499999999944
1706.4,365.73199999999974
1706.5,365.6
1706.6,365.6494999999999
1706.7,365.5255000000014
1706.8,365.34950000000015
1706.9,365.4055
1707.0,365.3549999999999
1707.1,365.34900990099015
1707.2,365.2560000000003
1707.3,365.2580000000007
1707.4,365.5144
1707.5,361.32240000000866
1707.6,354.9680000000021
1707.7,353.9131999999995
1707.8,354.21000000000004
1707.9,354.20120000000003
1708.0,354.0723762376237
1708.1,353.86410000000006
1708.2,353.68680000000074
1708.3,353.55
1708.4,353.6317000000003
1708.5,353.69269999999983
1708.6,353.6429
1708.7,353.6471000000001
1708.8,353.6773000000002
1708.9,353.64539999999965
1709.0,353.48594059405934
1709.1,353.56179999999983
1709.2,353.6544000000001
1709.3,353.6508000000005
1709.4,353.72280000000006
1709.5,353.5502000000001
1709.6,353.48619999999994
1709.7,353.55
1709.8,353.48279999999966
1709.9,353.35257425742566
1710.0,353.3369
1710.1,353.4432999999997
1710.2,353.59379999999953
1710.3,353.49089999999893
1710.4,353.33760000000075
1710.5,353.24249999999984
1710.6,353.1402999999979
1710.7,353.51110000000074
1710.8,353.4249227722774
1710.9,353.4850495049503
1711.0,353.442
1711.1,353.532
1711.2,353.3900000000007
1711.3,353.15
1711.4,353.214
1711.5,353.438
1711.6,353.502
1711.7,353.1500000000007
1711.8,353.207029702971
1711.9,353.64829999999995
1712.0,353.53639999999984
1712.1,353.2769000000006
1712.2,353.1194999999999
1712.3,353.0524999999994
1712.4,352.93510000000026
1712.5,353.1655000000003
1712.6,353.29180000000076
1712.7,352.94029702970386
1712.8,352.9096000000002
1712.9,353.1852
1713.0,353.21000000000004
1713.1,353.18719999999996
1713.2,353.19179999999983
1713.3,353.10799999999983
1713.4,352.8752
1713.5,353.10520000000025
1713.6,353.24059405940613
1713.7,353.03949999999946
1713.8,353.0379999999982
1713.9,352.7747000000004
1714.0,353.0180999999998
1714.1,353.1
1714.2,353.1
1714.3,353.1
1714.4,353.0111999999997
1714.5,352.8595970297031
1714.6,352.87901386138583
1714.7,352.9495999999996
1714.8,352.9803999999999
1714.9,352.8595999999999
1715.0,352.8024000000001
1715.1,352.98599999999976
1715.2,353.0840000000013
1715.3,353.0724000000005
1715.4,353.20519999999937
1715.5,352.8092079207921
1715.6,352.8030000000002
1715.7,352.8139999999995
1715.8,353.0334999999994
1715.9,352.8434999999996
1716.0,352.6675000000002
1716.1,352.7554999999994
1716.2,353.1384999999999
1716.3,353.08749999999884
1716.4,352.9119801980202
1716.5,352.9045999999996
1716.6,352.79179999999997
1716.7,352.98699999999985
1716.8,352.7989999999991
1716.9,352.37
1717.0,352.4550000000003
1717.1,352.5724
1717.2,352.6091999999988
1717.3,352.86
1717.4,352.8431683168317
1717.5,352.73080000000016
1717.6,352.6062999999999
1717.7,352.70969999999994
1717.8,352.79970000000026
1717.9,352.9259999999999
1718.0,353.0237000000001
1718.1,352.9994999999999
1718.2,352.9548000000003
1718.3,352.8691089108931
1718.4,353.13039999999904
1718.5,352.89160000000015
1718.6,353.0924000000005
1718.7,353.0275999999995
1718.8,353.02199999999925
1718.9,352.7275999999999
1719.0,352.83040000000017
1719.1,352.9644000000016
1719.2,352.6618811881183
1719.3,352.94060000000076
1719.4,353.03940000000006
1719.5,352.9344
1719.6,353.0039000000001
1719.7,352.6288000000001
1719.8,352.61720000000327
1719.9,353.1358000000002
1720.0,352.65989999999994
1720.1,352.74220000000014
1720.2,352.56900990098984
1720.3,352.8240000000004
1720.4,352.7759999999987
1720.5,352.40300000000013
1720.6,352.44700000000023
1720.7,352.52299999999883
1720.8,352.8529999999998
1720.9,352.66699999999906
1721.0,352.52400000000046
1721.1,352.8919
1721.2,352.97
1721.3,352.8278999999999
1721.4,352.61630000000014
1721.5,352.8397999999999
1721.6,352.6222
1721.7,352.6717000000003
1721.8,352.44809999999995
1721.9,352.57010000000014
1722.0,352.86188118811907
1722.1,352.4007999999998
1722.2,352.50519999999983
1722.3,352.62600000000054
1722.4,352.79520000000014
1722.5,352.74800000000073
1722.6,352.54679999999945
1722.7,352.65800000000075
1722.8,352.45120000000077
1722.9,352.57960396039545
1723.0,352.42400000000015
1723.1,352.57
1723.2,352.67259999999976
1723.3,352.8716999999998
1723.4,352.58169999999984
1723.5,352.50230000000033
1723.6,352.67909999999955
1723.7,352.3951999999996
1723.8,352.8243564356429
1723.9,352.5788000000008
1724.0,352.8366000000001
1724.1,352.7180000000003
1724.2,352.6167999999998
1724.3,352.65119999999877
1724.4,352.3986000000002
1724.5,352.5787999999995
1724.6,352.78980000000035
1724.7,352.6133999999999
1724.8,352.6975000000001
1724.9,352.755
1725.0,352.8375000000003
1725.1,352.9
1725.2,352.5749999999987
1725.3,352.8199999999998
1725.4,352.7175000000001
1725.5,352.69249999999965
1725.6,352.4925
1725.7,352.68405940593954
1725.8,352.9003999999993
1725.9,352.74959999999976
1726.0,352.80200000000065
1726.1,352.32039999999984
1726.2,352.50159999999994
1726.3,352.6180000000005
1726.4,352.7220000000002
1726.5,352.57
1726.6,352.55099009901005
1726.7,352.4877
1726.8,352.5237000000003
1726.9,352.62629999999973
1727.0,352.43169999999986
1727.1,352.3849999999985
1727.2,352.69870000000094
1727.3,352.5313000000005
1727.4,352.6986999999995
1727.5,352.4643495049506
1727.6,352.54379999999986
1727.7,352.6820000000002
1727.8,352.39420000000035
1727.9,352.4756
1728.0,352.48199999999997
1728.1,352.53580000000005
1728.2,352.5401999999998
1728.3,352.91280000000074
1728.4,352.96360000000027
1728.5,352.4734653465347
1728.6,352.5906999999983
1728.7,353.06540000000064
1728.8,352.88310000000024
1728.9,352.8460999999988
1729.0,352.42410000000024
1729.1,352.6970999999987
1729.2,352.99290000000127
1729.3,352.56059999999974
1729.4,352.4125742574255
1729.5,352.328
1729.6,352.50800000000004
1729.7,352.35399999999976
1729.8,352.65
1729.9,352.90999999999997
1730.0,352.73
1730.1,352.852
1730.2,352.43799999999976
1730.3,352.6725742574256
1730.4,352.7351000000005
1730.5,352.81610000000165
1730.6,352.2378999999992
1730.7,352.64599999999916
1730.8,352.9148999999993
1730.9,352.6077999999994
1731.0,352.35129999999947
1731.1,352.5908999999998
1731.2,352.6778930693069
1731.3,352.72643564356497
1731.4,352.8835999999998
1731.5,352.39819999999975
1731.6,352.10600000000034
1731.7,352.6440000000001
1731.8,352.5358000000001
1731.9,352.7503999999999
1732.0,352.64200000000017
1732.1,352.9159999999999
1732.2,352.67
1732.3,352.62069999999915
1732.4,352.4497000000009
1732.5,352.77130000000017
1732.6,352.7105999999997
1732.7,352.81070000000045
1732.8,352.58870000000036
1732.9,352.6953000000002
1733.0,352.7343000000003
1733.1,352.5956999999997
1733.2,352.7412000000006
1733.3,352.60440000000006
1733.4,352.7120000000002
1733.5,352.8944000000001
1733.6,352.938
1733.7,352.70760000000143
1733.8,352.4104000000002
1733.9,352.6020000000002
1734.0,352.72359999999975
1734.1,352.5259405940596
1734.2,352.6230000000011
1734.3,351.8935000000019
1734.4,352.5369999999996
1734.5,352.80300000000045
1734.6,352.5069999999998
1734.7,352.6465000000001
1734.8,352.58500000000026
1734.9,352.698217821782
1735.0,352.7913999999993
1735.1,352.4260000000003
1735.2,352.74200000000064
1735.3,352.5686
1735.4,352.50399999999945
1735.5,352.20480000000043
1735.6,352.54860000000036
1735.7,352.9168000000012
1735.8,352.64267326732715
1735.9,352.93230000000017
1736.0,352.6657000000001
1736.1,352.56870000000004
1736.2,352.5989999999998
1736.3,352.8105999999988
1736.4,352.48
1736.5,352.4916999999999
1736.6,352.5959999999999
1736.7,352.79574257425725
1736.8,352.9832000000002
1736.9,353.0343999999993
1737.0,352.66159999999957
1737.1,352.38
1737.2,352.41359999999924
1737.3,352.65999999999997
1737.4,352.61319999999927
1737.5,352.3168000000005
1737.6,352.6493069306933
1737.7,352.6139999999997
1737.8,352.92820000000006
1737.9,352.5581000000001
1738.0,352.3736999999999
1738.1,352.92820000000006
1738.2,352.6196999999998
1738.3,352.82810000000006
1738.4,352.5799
1738.5,352.65999999999997
1738.6,352.6340000000006
1738.7,352.4029999999999
1738.8,352.41899999999976
1738.9,352.33600000000035
1739.0,352.4589999999996
1739.1,352.26200000000017
1739.2,352.23199999999906
1739.3,352.5919999999996
1739.4,352.4240594059405
1739.5,352.39160000000004
1739.6,352.61
1739.7,352.59380000000004
1739.8,352.4327
1739.9,352.47170000000006
1740.0,352.60980000000006
1740.1,352.81
1740.2,352.7830000000001
1740.3,352.52541584158416
1740.4,352.67119999999977
1740.5,352.5819999999997
1740.6,352.6840000000008
1740.7,352.3059999999992
1740.8,352.70079999999933
1740.9,352.47839999999997
1741.0,352.48079999999953
1741.1,352.7008000000004
1741.2,352.4568000000005
1741.3,352.2216831683179
1741.4,352.59000000000003
1741.5,352.5977000000001
1741.6,352.6986
1741.7,352.6723000000004
1741.8,352.56229999999994
1741.9,352.47050000000013
1742.0,352.6072
1742.1,352.54129999999986
1742.2,352.1965782178203
1742.3,352.70439999999917
1742.4,352.481000000001
1742.5,352.77760000000075
1742.6,352.2652000000001
1742.7,352.21099999999956
1742.8,352.54480000000024
1742.9,352.6248000000002
1743.0,352.6988
1743.1,352.64970297029777
1743.2,352.18549999999897
1743.3,352.4654999999997
1743.4,352.2210000000007
1743.5,352.7979999999997
1743.6,352.5755000000001
1743.7,352.6919999999992
1743.8,352.92
1743.9,352.9104999999998
1744.0,352.7072277227718
1744.1,352.27
1744.2,352.2835999999997
1744.3,352.6027999999994
1744.4,352.43
1744.5,352.43199999999996
1744.6,352.4835999999999
1744.7,352.57599999999985
1744.8,352.70199999999846
1744.9,352.28782178217784
1745.0,352.6977999999989
1745.1,352.00219999999786
1745.2,352.71130000000085
1745.3,352.4227999999996
1745.4,352.1972000000004
1745.5,352.43090000000007
1745.6,352.4677999999992
1745.7,352.70740000000126
1745.8,352.3081326732678
1745.9,352.55871287128656
1746.0,352.2023999999997
1746.1,352.80020000000025
1746.2,352.3154000000001
1746.3,352.09620000000126
1746.4,352.39360000000016
1746.5,352.0927999999997
1746.6,352.7152000000001
1746.7,352.48
1746.8,352.48350000000073
1746.9,352.82329999999865
1747.0,352.16270000000054
1747.1,352.43029999999993
1747.2,352.4625999999994
1747.3,352.7178999999996
1747.4,352.51170000000036
1747.5,352.67689999999936
1747.6,352.37
1747.7,352.3705940594058
1747.8,352.43
1747.9,352.27
1748.0,352.3
1748.1,352.37
1748.2,352.7
1748.3,352.43
1748.4,352.28000000000003
1748.5,352.27
1748.6,352.48
1748.7,352.509702970297
1748.8,352.4604999999999
1748.9,352.1926999999993
1749.0,352.45729999999946
1749.1,352.7173999999995
1749.2,352.5715000000003
1749.3,352.57
1749.4,352.4808999999998
1749.5,352.91216930693065
1749.6,352.28294059405914
1749.7,352.67179999999837
1749.8,352.80740000000003
1749.9,352.51599999999985
1750.0,351.8043999999997
1750.1,351.9762000000001
1750.2,352.6169999999974
1750.3,353.02200000000016
1750.4,352.92326732673234
1750.5,352.4057811881196
1750.6,352.19600000000037
1750.7,352.5003999999995
1750.8,352.38389999999964
1750.9,352.27329999999967
1751.0,352.0857000000003
1751.1,352.4970999999993
1751.2,352.09290000000067
1751.3,352.3710000000009
1751.4,352.50485148514866
1751.5,352.5676000000001
1751.6,352.4355999999999
1751.7,352.3820000000002
1751.8,352.38
1751.9,352.10159999999973
1752.0,352.5988000000005
1752.1,352.59119999999996
1752.2,352.2828000000011
1752.3,352.42207920792134
1752.4,352.27800000000013
1752.5,352.90649999999926
1752.6,352.63600000000037
1752.7,352.49650000000014
1752.8,352.38549999999964
1752.9,352.2755000000001
1753.0,352.3744999999999
1753.1,352.38
1753.2,352.6649999999997
1753.3,352.388546534653
1753.4,352.27599999999984
1753.5,352.27
1753.6,352.4673999999994
1753.7,352.2826000000007
1753.8,352.5708000000004
1753.9,352.6746000000001
1754.0,352.29459999999943
1754.1,352.5519999999991
1754.2,352.57
1754.3,352.7746000000009
1754.4,352.51100000000014
1754.5,352.28540000000015
1754.6,352.2979
1754.7,352.5696999999998
1754.8,352.2179999999985
1754.9,352.26439999999997
1755.0,352.2792079207921
1755.1,352.2708
1755.2,352.27
1755.3,352.38040000000024
1755.4,352.65680000000054
1755.5,352.30279999999925
1755.6,352.5459999999993
1755.7,352.22040000000106
1755.8,351.99679999999967
1755.9,352.0710891089109
1756.0,352.62599999999986
1756.1,352.3069000000001
1756.2,352.54299999999995
1756.3,352.29699999999997
1756.4,352.4611
1756.5,352.389
1756.6,352.3072
1756.7,352.4638
1756.8,352.20069306930617
1756.9,352.0889999999998
1757.0,352.3409999999995
1757.1,352.10900000000066
1757.2,352.4399999999991
1757.3,352.5610000000002
1757.4,352.29999999999933
1757.5,352.19800000000015
1757.6,352.3609999999996
1757.7,352.64732673267326
1757.8,352.3150999999997
1757.9,352.4569
1758.0,352.48
1758.1,352.56010000000003
1758.2,352.5878
1758.3,352.67010000000005
1758.4,352.41299999999995
1758.5,352.7449000000001
1758.6,352.42871287128776
1758.7,352.38
1758.8,352.12479999999925
1758.9,352.08119999999997
1759.0,352.60799999999927
1759.1,352.40720000000056
1759.2,352.54599999999965
1759.3,352.58760000000007
1759.4,352.6868000000003
1759.5,352.508316831683
1759.6,352.5583000000001
1759.7,352.57
1759.8,352.4046999999999
1759.9,352.6410000000002
1760.0,352.5842999999999
1760.1,352.39599999999984
1760.2,352.56139999999925
1760.3,352.3985999999999
1760.4,352.28205247524727
1760.5,352.52841584158386
1760.6,352.57
1760.7,352.3206000000004
1760.8,352.28000000000003
1760.9,352.2972
1761.0,352.53219999999965
1761.1,352.47540000000015
1761.2,352.5545999999998
1761.3,352.39799999999934
1761.4,352.1230693069303
1761.5,352.42000000000047
1761.6,352.55650000000014
1761.7,352.57
1761.8,352.4934999999999
1761.9,352.3014999999998
1762.0,352.1169999999998
1762.1,352.49800000000056
1762.2,352.57
1762.3,352.32594059405847
1762.4,352.3556
1762.5,352.37
1762.6,352.21880000000016
1762.7,352.0976000000001
1762.8,352.39920000000143
1762.9,352.6448
1763.0,352.3356000000004
1763.1,352.27
1763.2,352.29428514851463
1763.3,352.3665346534655
1763.4,352.0479999999994
1763.5,352.31200000000064
1763.6,352.20570000000043
1763.7,352.2529999999997
1763.8,352.1122999999997
1763.9,352.2377000000003
1764.0,352.3530000000002
1764.1,352.55259999999953
1764.2,352.0229702970303
1764.3,352.21980000000013
1764.4,352.2736
1764.5,352.2782
1764.6,352.1160000000001
1764.7,352.31779999999986
1764.8,352.28799999999995
1764.9,352.2946
1765.0,352.3591861386134
1765.1,352.1351000000005
1765.2,352.5659999999985
1765.3,352.4288999999994
1765.4,352.0540999999992
1765.5,352.15010000000046
1765.6,352.2547999999999
1765.7,352.2052000000002
1765.8,352.4978000000008
1765.9,352.32699999999943
1766.0,352.52641584158425
1766.1,352.502
1766.2,352.4
1766.3,352.4680000000001
1766.4,352.25
1766.5,352.278
1766.6,352.516
1766.7,352.418
1766.8,352.53200000000015
1766.9,352.6571287128715
1767.0,352.06380000000087
1767.1,352.10539999999946
1767.2,352.48389999999915
1767.3,352.10389999999853
1767.4,351.98
1767.5,352.5329999999992
1767.6,352.5299000000004
1767.7,352.4031000000002
1767.8,352.38
1767.9,352.40340000000003
1768.0,352.3008
1768.1,352.7614000000003
1768.2,352.3228000000023
1768.3,352.24580000000003
1768.4,352.35580000000004
1768.5,352.2317999999999
1768.6,352.57220000000024
1768.7,352.5309504950503
1768.8,352.03569999999826
1768.9,352.1310000000009
1769.0,352.11530000000005
1769.1,351.8667000000005
1769.2,352.3389999999989
1769.3,352.1842999999988
1769.4,352.5443000000017
1769.5,352.16410000000036
1769.6,352.2871999999994
1769.7,352.23277227722826
1769.8,352.3344000000002
1769.9,352.4636000000001
1770.0,352.49
1770.1,352.4063999999999
1770.2,352.4635999999997
1770.3,352.7180000000003
1770.4,352.41759999999954
1770.5,352.2163999999999
1770.6,352.2501980198019
1770.7,352.49499999999966
1770.8,352.344999999999
1770.9,352.27
1771.0,352.37499999999983
1771.1,352.4699999999999
1771.2,352.6324999999998
1771.3,352.5299999999993
1771.4,352.18
1771.5,352.2974999999997
1771.6,352.15465346534734
1771.7,352.08000000000004
1771.8,352.2946000000004
1771.9,352.4366000000001
1772.0,352.32679999999976
1772.1,352.28000000000003
1772.2,352.29479999999995
1772.3,352.14459999999974
1772.4,352.3120000000004
1772.5,352.6024752475247
1772.6,352.5997000000001
1772.7,352.21960000000036
1772.8,352.3747000000002
1772.9,352.62599999999986
1773.0,352.11060000000055
1773.1,351.8781
1773.2,352.16199999999975
1773.3,520.797800000126
1773.4,582.8698019801976
1773.5,693.4772000002797
1773.6,734.3412000000044
1773.7,747.5659999999466
1773.8,722.7855999999235
1773.9,713.6264000000066
1774.0,745.4272000000777
1774.1,729.6296000000561
1774.2,721.0331999999917
1774.3,467.8235999993582
1774.4,547.2877227723664
1774.5,636.4636999999944
1774.6,606.4483000000118
1774.7,680.2600999999715
1774.8,727.1577000000162
1774.9,732.9467999999995
1775.0,737.6537999999987
1775.1,711.3702000000089
1775.2,741.9606999999866
1775.3,735.865742574163
1775.4,729.12000000001
1775.5,749.4379999999753
1775.6,741.1370000000534
1775.7,735.6369999999949
1775.8,722.1809999999541
1775.9,672.1979999998573
1776.0,633.8050000000254
1776.1,681.8819999998166
1776.2,747.4978217819598
1776.3,741.9107999999922
1776.4,730.8633
1776.5,707.4907999999923
1776.6,741.9345000000149
1776.7,745.995400000068
1776.8,744.4318000000019
1776.9,760.2763000000043
1777.0,738.4774999999909
1777.1,736.206534653448
1777.2,780.6859999998937
1777.3,688.5431999995552
1777.4,656.4944000000808
1777.5,748.5595999999558
1777.6,748.180400000105
1777.7,740.1343999999722
1777.8,707.5379999998495
1777.9,746.0172000002252
1778.0,758.5533544554164
1778.1,757.0725079207984
1778.2,780.8017999999254
1778.3,789.300499999998
1778.4,749.2185999999601
1778.5,723.2801999999932
1778.6,700.9317999999805
1778.7,746.0913999998074
1778.8,778.0520000000051
1778.9,782.6437000000021
1779.0,782.0646534653481
1779.1,786.9127999999882
1779.2,548.6726000004985
1779.3,579.4542000007476
1779.4,601.7975999999841
1779.5,634.4211999998713
1779.6,704.4861999999215
1779.7,636.8806000001802
1779.8,613.4662000001038
1779.9,716.69821782204
1780.0,690.0009999998679
1780.1,597.5570000001449
1780.2,632.2264999996719
1780.3,697.8995000000559
1780.4,630.6039999998521
1780.5,614.6585000000517
1780.6,716.1524999997605
1780.7,688.669500000386
1780.8,601.240014851279
1780.9,636.0134257426463
1781.0,693.5655999999672
1781.1,625.624800000115
1781.2,616.9035999999477
1781.3,715.2704000004414
1781.4,690.0127999999216
1781.5,604.0044000000671
1781.6,636.5055999999161
1781.7,686.2163999999766
1781.8,617.7141584155571
1781.9,620.9198000001217
1782.0,715.4608000001674
1782.1,689.1083000001319
1782.2,607.8833000002013
1782.3,640.0515000001449
1782.4,682.856100000023
1782.5,613.6179999998116
1782.6,619.1263999999003
1782.7,711.3706930691667
1782.8,636.4209999997677
1782.9,584.2763999999873
1783.0,705.8953999999185
1783.1,639.3656000000988
1783.2,686.9049999999047
1783.3,704.5541999998725
1783.4,615.4692000000374
1783.5,640.9409999999584
1783.6,704.7970118811068
1783.7,648.7498792082257
1783.8,626.4130000000846
1783.9,714.4329000002413
1784.0,701.4352000000704
1784.1,613.8686000002044
1784.2,640.281599999761
1784.3,705.0976000000924
1784.4,653.548199999768
1784.5,626.6966999999793
1784.6,713.4883168315603
1784.7,694.0
1784.8,598.5639999998504
1784.9,622.996
1785.0,687.668
1785.1,633.738
1785.2,609.67
1785.3,696.0200000002139
1785.4,683.992
1785.5,598.964356435736
1785.6,623.7709999998058
1785.7,669.7068999999756
1785.8,611.0174999997305
1785.9,555.517899999952
1786.0,546.0570000000005
1786.1,669.9709999995664
1786.2,741.6575000000527
1786.3,730.5217999999975
1786.4,693.8496039603158
1786.5,668.9000000000008
1786.6,690.4854000000164
1786.7,667.4902000001437
1786.8,702.2406000000489
1786.9,747.2749999999999
1787.0,648.987599999923
1787.1,630.6120000000413
1787.2,681.9385999999505
1787.3,625.5023999999482
1787.4,571.3025742574337
1787.5,670.2585999997103
1787.6,748.5840999999998
1787.7,657.4229000002547
1787.8,627.375700000201
1787.9,663.4543000000043
1788.0,607.7283000001701
1788.1,602.982499999885
1788.2,683.6342999998615
1788.3,666.3538613859658
1788.4,598.6767999999586
1788.5,629.0532000000819
1788.6,666.2151999999961
1788.7,630.5700000000986
1788.8,622.5008000000299
1788.9,711.6660000001214
1789.0,709.5911999999013
1789.1,614.8535999999236
1789.2,623.8063999998658
1789.3,700.8009900991777
1789.4,663.8059999998844
1789.5,615.9314999999808
1789.6,703.7289999998343
1789.7,706.3550000001302
1789.8,611.0444999997284
1789.9,626.3810000000847
1790.0,700.684499999933
1790.1,658.6560000001418
1790.2,617.4707920791468
1790.3,703.7518000001864
1790.4,693.9359999998164
1790.5,589.278999999892
1790.6,617.5133999998693
1790.7,705.7197999998046
1790.8,744.0048000000254
1790.9,737.4877999999619
1791.0,722.8525999999955
1791.1,693.8915841584021
1791.2,713.1360999999445
1791.3,740.0485999999689
1791.4,737.8969999999898
1791.5,747.9050999999962
1791.6,697.2149000000687
1791.7,620.9938000000373
1791.8,593.3565999999945
1791.9,676.6820999998905
1792.0,732.6591188119096
1792.1,718.5244237623627
1792.2,720.5552000000041
1792.3,735.7624000000557
1792.4,745.8579999999839
1792.5,748.494800000024
1792.6,756.8987999999979
1792.7,731.2144000001447
1792.8,731.2192000000891
1792.9,730.8987999999167
1793.0,551.7206930690755
1793.1,527.9736999999445
1793.2,647.8830999999998
1793.3,656.6440000000327
1793.4,704.4905999999822
1793.5,729.1230000000061
1793.6,723.8990999999965
1793.7,718.2359000000058
1793.8,733.0902000001081
1793.9,758.9086138613848
1794.0,761.1800000000001
1794.1,764.2399999999993
1794.2,737.9000000001205
1794.3,740.7650000001335
1794.4,746.4799999998925
1794.5,567.425
1794.6,525.049999999486
1794.7,649.07499999995
1794.8,660.4034158415864
1794.9,715.7362386138857
1795.0,774.7393000000009
1795.1,758.1359999999914
1795.2,737.5733000000057
1795.3,759.3119000000107
1795.4,767.8089999999927
1795.5,724.4135999999874
1795.6,695.3077999999996
1795.7,731.7920455444919
1795.8,754.1391881187177
1795.9,742.471600000008
1796.0,770.658399999922
1796.1,765.0420000001056
1796.2,747.247599999953
1796.3,792.020000000178
1796.4,817.6267999999906
1796.5,698.8676000004159
1796.6,658.3927999997029
1796.7,676.7910891092979
1796.8,607.0935000000055
1796.9,664.6298000000772
1797.0,682.8605999999393
1797.1,600.1761999999485
1797.2,597.8997999998832
1797.3,690.9815000000733
1797.4,678.8258999998998
1797.5,606.2110000000077
1797.6,668.6604950494725
1797.7,690.0554000001289
1797.8,603.5033999997543
1797.9,596.0294000000813
1798.0,685.3509999998543
1798.1,676.1154000001985
1798.2,603.9063999999811
1798.3,676.0974000004478
1798.4,701.1157999998792
1798.5,604.4079089109094
1798.6,597.3974009900242
1798.7,684.4909999996835
1798.8,672.951999999842
1798.9,603.5540000000179
1799.0,683.849000000181
1799.1,715.9620000001121
1799.2,609.4035000002939
1799.3,601.8890000001009
1799.4,686.3465000000903
1799.5,667.8376237623452
1799.6,601.3875999999775
1799.7,682.7879999998605
1799.8,714.9123999997997
1799.9,609.0960000000772
1800.0,605.1531999999099
1800.1,676.7843999999666
1800.2,632.2148000001347
1800.3,565.0156000000585
1800.4,553.8945544554329
1800.5,575.432700000229
1800.6,686.5867999999754
1800.7,670.2001000003781
1800.8,612.6052000000567
1800.9,687.3537000002015
1801.0,716.8883999998422
1801.1,625.5127000000296
1801.2,620.7835999997147
1801.3,695.211945544584
1801.4,668.501083168374
1801.5,612.2267999999818
1801.6,688.1305999999429
1801.7,718.6364000000457
1801.8,625.8725999998211
1801.9,618.5617999999564
1802.0,684.4939999999888
1802.1,648.949200000054
1802.2,598.2482851484933
1802.3,672.0866376241413
1802.4,699.9099999997974
1802.5,611.1230999999865
1802.6,605.5399999997674
1802.7,674.1531999999162
1802.8,643.7418999997494
1802.9,600.7079000001456
1803.0,675.3091000000144
1803.1,703.5117000001142
1803.2,637.6318811884354
1803.3,560.688
1803.4,594.766
1803.5,688.246
1803.6,642.612
1803.7,605.2019999998843
1803.8,675.544
1803.9,678.9979999999999
1804.0,607.074
1804.1,633.843267326664
1804.2,673.2891000000641
1804.3,619.8972999997801
1804.4,597.3469000001994
1804.5,679.3306000000623
1804.6,686.156900000238
1804.7,612.3106000000153
1804.8,640.7462000002115
1804.9,666.0695999998316
1805.0,593.8807049504343
1805.1,577.1018633662482
1805.2,666.0621999998717
1805.3,676.9201999999383
1805.4,596.5268000000044
1805.5,643.3266000000486
1805.6,680.408199999965
1805.7,602.9182000000994
1805.8,590.1986000000428
1805.9,648.4752000000001
1806.0,630.3691089109061
1806.1,608.7977999999634
1806.2,675.1646999997768
1806.3,717.9167999996354
1806.4,612.7126999999053
1806.5,591.954299999888
1806.6,674.4654999998359
1806.7,688.1939000002205
1806.8,606.4700000000444
1806.9,652.3411881190291
1807.0,685.6471999999251
1807.1,607.7968000000507
1807.2,592.9399999996998
1807.3,683.8964000000964
1807.4,700.9915999998718
1807.5,613.6880000000074
1807.6,655.2827999999264
1807.7,685.0276000003541
1807.8,595.8127999999319
1807.9,589.6166336633871
1808.0,686.9149999999282
1808.1,731.2129999999893
1808.2,736.708000000002
1808.3,737.224500000016
1808.4,724.1809999999165
1808.5,716.7059999999273
1808.6,740.6260000000573
1808.7,715.0184999999767
1808.8,737.8000000000729
1808.9,718.3083999998503
1809.0,650.3102000000177
1809.1,658.8080000000001
1809.2,673.1007999998643
1809.3,712.8172000000466
1809.4,738.801800000014
1809.5,745.1515999999982
1809.6,743.6026000000003
1809.7,728.5412257426703
1809.8,721.445687128856
1809.9,749.9981000000241
1810.0,726.9826999999984
1810.1,738.9241999999783
1810.2,748.5476000000241
1810.3,700.3777999998242
1810.4,684.1540999999305
1810.5,752.6270999999994
1810.6,751.754700000003
1810.7,746.022772277239
1810.8,727.0839999999248
1810.9,697.8511999999935
1811.0,709.2052000000157
1811.1,741.6143999999736
1811.2,755.0859999999411
1811.3,756.360799999924
1811.4,729.866000000011
1811.5,724.1815999999889
1811.6,721.6792079206813
1811.7,761.5116999999998
1811.8,701.1551999994265
1811.9,592.3662999999801
1812.0,642.2174000000078
1812.1,618.5299
1812.2,659.2314999999703
1812.3,749.1970999999983
1812.4,756.1803999999946
1812.5,768.7350495049612
1812.6,758.3350000000122
1812.7,755.6189999999922
1812.8,765.2740000000549
1812.9,781.9959999999985
1813.0,772.2499999999719
1813.1,755.7349999999612
1813.2,773.2859999999574
1813.3,771.2159999998851
1813.4,739.3205940594272
1813.5,730.5153108910715
1813.6,708.2509000000152
1813.7,722.9216000001244
1813.8,641.1718999999994
1813.9,652.5441000000105
1814.0,680.2711999999959
1814.1,641.2448999999793
1814.2,597.5829999999207
1814.3,670.3990000000166
1814.4,691.4537623762759
1814.5,611.641600000021
1814.6,627.5571999998426
1814.7,679.9152000000645
1814.8,629.7295999997594
1814.9,588.6036000001162
1815.0,669.6999999998468
1815.1,699.2492000002021
1815.2,616.2316000000196
1815.3,631.172178217997
1815.4,676.6466999999654
1815.5,617.7296999999448
1815.6,582.2780000000596
1815.7,669.9965999999517
1815.8,703.4344999999211
1815.9,618.7615999999994
1816.0,640.5000000000566
1816.1,683.7613999999562
1816.2,616.8033940593962
1816.3,584.5020000002793
1816.4,675.8784000002038
1816.5,716.6054000001818
1816.6,618.6721999999966
1816.7,646.1125999998656
1816.8,698.506399999749
1816.9,620.530399999849
1817.0,585.6459999998901
1817.1,671.5057999998625
1817.2,712.7627722774704
1817.3,619.5800000000139
1817.4,663.9700000001603
1817.5,747.4824999998986
1817.6,672.9200000000001
1817.7,637.45250000017
1817.8,600.7975000000033
1817.9,625.5650000001028
1818.0,689.9824999999844
1818.1,658.3633663365798
1818.2,610.7175999999347
1818.3,680.6072000001631
1818.4,701.7996000001041
1818.5,614.4428000000014
1818.6,631.2655999999319
1818.7,686.4848000000067
1818.8,660.3379999997809
1818.9,611.6727999999366
1819.0,679.7435485147627
1819.1,703.489513861703
1819.2,620.7505000000019
1819.3,633.7188000000932
1819.4,676.0154999999806
1819.5,645.9944999999509
1819.6,592.5603999997976
1819.7,659.1589999998217
1819.8,683.0177999998438
1819.9,606.7484999999951
1820.0,620.9554455446355
1820.1,670.841000000013
1820.2,632.165400000034
1820.3,591.012000000243
1820.4,635.8992000000339
1820.5,613.4255999999261
1820.6,714.532200000053
1820.7,620.6868000000062
1820.8,626.8141861388488
1820.9,677.056621782179
1821.0,629.0900999999179
1821.1,585.7738999998085
1821.2,663.9367999997896
1821.3,707.0478999997729
1821.4,615.0785999999583
1821.5,618.8865000001032
1821.6,684.8757000001046
1821.7,635.5739000001936
1821.8,591.4175247526065
1821.9,673.282
1822.0,718.412
1822.1,625.268
1822.2,638.2279999999433
1822.3,676.51
1822.4,615.758
1822.5,572.622
1822.6,652.946
1822.7,698.3905940594555
1822.8,601.8494000000331
1822.9,636.4483000002056
1823.0,716.9237000002288
1823.1,614.3649000001295
1823.2,568.9367999999372
1823.3,610.2360000002161
1823.4,664.5411999998648
1823.5,605.6343999999145
1823.6,657.4023019800047
1823.7,713.5657801982817
1823.8,620.2685999999858
1823.9,610.0014000000388
1824.0,677.7983999999947
1824.1,652.811599999961
1824.2,594.9089999999746
1824.3,666.6550000000373
1824.4,713.9961999999502
1824.5,619.0815999999868
1824.6,610.3489108910966
1824.7,684.3816999999523
1824.8,688.58229999964
1824.9,599.15900000015
1825.0,663.0802999999354
1825.1,675.7138000001971
1825.2,597.6721999997682
1825.3,722.9373000000759
1825.4,741.1472999999601
1825.5,730.6174257425421
1825.6,744.3887999999895
1825.7,705.7731999997688
1825.8,752.2243999999607
1825.9,716.4356000000028
1826.0,725.5216000000378
1826.1,734.905199999971
1826.2,594.470000000151
1826.3,588.2500000001628
1826.4,738.2505544554436
1826.5,736.3763613861337
1826.6,730.0785000000495
1826.7,702.6744999999268
1826.8,753.1724999999224
1826.9,729.9739999999927
1827.0,735.8889999999974
1827.1,736.2200000000121
1827.2,727.4304999999983
1827.3,723.3849999999037
1827.4,703.1299999999503
1827.5,772.9572000001357
1827.6,858.5184
1827.7,839.3242000004375
1827.8,725.8404000000462
1827.9,754.1941999999925
1828.0,749.2085999999973
1828.1,747.2503999999988
1828.2,745.9085999999984
1828.3,740.749405940551
1828.4,714.5641999999555
1828.5,766.7326000000246
1828.6,735.7198999999985
1828.7,743.1238999999714
1828.8,775.2296999998877
1828.9,745.177200000001
1829.0,712.1156000001663
1829.1,522.0282999998841
1829.2,685.3250198018679
1829.3,790.6007445544616
1829.4,794.8692000000044
1829.5,788.3631999999085
1829.6,730.1915999998841
1829.7,769.5651999999537
1829.8,784.4095999999988
1829.9,781.4307999999638
1830.0,764.3660000000048
1830.1,767.1592000000126
1830.2,762.7231683168416
1830.3,760.8007999999979
1830.4,762.8780000000128
1830.5,718.5260999999882
1830.6,764.5140999999998
1830.7,765.9296999999983
1830.8,766.9138000000022
1830.9,724.7347000000698
1831.0,452.17669999999816
1831.1,481.9212871286201
1831.2,657.268000000227
1831.3,585.3440000004073
1831.4,746.5579999999998
1831.5,731.005999999719
1831.6,594.6519999999399
1831.7,633.0679999996671
1831.8,753.1079999997339
1831.9,639.2219999998051
1832.0,572.1145544556525
1832.1,668.1588594059533
1832.2,706.7860000000243
1832.3,589.0566000000098
1832.4,640.0829000000307
1832.5,752.8068999999748
1832.6,644.5271999999807
1832.7,576.172599999982
1832.8,670.35990000001
1832.9,698.7837999999705
1833.0,584.8235643564379
1833.1,641.4063999997602
1833.2,753.5900000002069
1833.3,642.78239999979
1833.4,579.5860000002251
1833.5,669.9603999999365
1833.6,692.1700000002247
1833.7,583.653199999884
1833.8,651.4000000003091
1833.9,747.0585148512114
1834.0,643.1864999999542
1834.1,587.389000000034
1834.2,674.8078999999846
1834.3,671.0267999999271
1834.4,576.9781000000511
1834.5,653.542700000068
1834.6,733.8032999999357
1834.7,584.2813999991766
1834.8,764.0245782176056
1834.9,518.0498851485165
1835.0,527.1437999998454
1835.1,633.4762000000023
1835.2,633.0535999999727
1835.3,657.2380000002827
1835.4,733.3941999996451
1835.5,618.8099999999993
1835.6,623.592799999902
1835.7,689.0174000000487
1835.8,650.7046534651043
1835.9,579.707000000094
1836.0,661.8240000000799
1836.1,723.3974999999056
1836.2,624.5975000000097
1836.3,626.1690000000973
1836.4,704.6484999999359
1836.5,647.2409999999136
1836.6,578.3710000000602
1836.7,645.7592079204976
1836.8,726.7235999995648
1836.9,606.2059999999918
1837.0,618.7535999999089
1837.1,711.7800000000695
1837.2,635.394400000067
1837.3,564.6571999999962
1837.4,569.9523999998562
1837.5,712.3756000002118
1837.6,494.5458257424534
1837.7,627.3202514852294
1837.8,550.3536000001338
1837.9,632.7663000000433
1838.0,658.8230999999837
1838.1,645.5795000002316
1838.2,571.9334999997681
1838.3,650.8176000001479
1838.4,736.9542999997881
1838.5,608.1848000000207
1838.6,625.7647524748783
1838.7,749.4138000000441
1838.8,652.4541999996807
1838.9,575.9203999999622
1839.0,658.7871999999657
1839.1,729.9936000000602
1839.2,600.845599999988
1839.3,629.3316000005466
1839.4,760.6546000000574
1839.5,636.0406930693284
1839.6,593.5842999998564
1839.7,651.0910999998372
1839.8,714.2145999997267
1839.9,582.274000000054
1840.0,609.7592000002701
1840.1,742.2816000002622
1840.2,637.6910000001998
1840.3,559.557700000198
1840.4,654.4883168315066
1840.5,567.32
1840.6,541.27
1840.7,716.98
1840.8,649.35
1840.9,573.23
1841.0,647.86
1841.1,748.78
1841.2,613.82
1841.3,625.59
1841.4,726.7286138616366
1841.5,650.4507000001562
1841.6,574.9052000001545
1841.7,648.3603999998465
1841.8,747.258600000248
1841.9,615.5008999996646
1842.0,627.7823999999724
1842.1,753.1351999997412
1842.2,642.0944000002321
1842.3,557.398118811675
1842.4,620.2820435643883
1842.5,386.2131999998908
1842.6,367.0137999999933
1842.7,365.5734000000047
1842.8,366.8436000000006
1842.9,366.53679999999986
1843.0,366.1379999999998
1843.1,366.13
1843.2,366.13
1843.3,365.61574257425593
1843.4,365.69700000000034
1843.5,365.4187000000004
1843.6,365.50699999999983
1843.7,365.5972999999999
1843.8,365.41569999999945
1843.9,365.41
1844.0,365.41
1844.1,365.50699999999983
1844.2,364.95297029703175
1844.3,365.39080000000047
1844.4,354.99399999999014
1844.5,354.28159999999974
1844.6,354.08759999999984
1844.7,353.7536000000012
1844.8,353.6343999999999
1844.9,353.96600000000035
1845.0,353.74959999999976
1845.1,353.6174811881192
1845.2,353.96144554455407
1845.3,353.75199999999916
1845.4,353.45500000000027
1845.5,353.54449999999986
1845.6,353.8254999999997
1845.7,353.5170000000004
1845.8,354.00350000000185
1845.9,353.6785000000003
1846.0,353.5080000000002
1846.1,353.39653465346566
1846.2,353.2678000000004
1846.3,353.6078000000005
1846.4,353.7334000000002
1846.5,353.6365999999999
1846.6,353.5078000000004
1846.7,353.3496000000005
1846.8,353.26479999999987
1846.9,353.48336633663354
1847.0,353.3977000000001
1847.1,353.34350000000006
1847.2,353.36789999999996
1847.3,353.3886000000001
1847.4,353.39
1847.5,353.61319999999984
1847.6,353.63
1847.7,352.9604000000005
1847.8,353.3099000000017
1847.9,353.2387128712869
1848.0,353.3312000000002
1848.1,353.3859999999999
1848.2,353.50959999999964
1848.3,353.3543999999997
1848.4,353.14679999999964
1848.5,352.8815999999995
1848.6,353.0071999999996
1848.7,352.688800000001
1848.8,353.1063366336633
1848.9,353.00440000000003
1849.0,352.7898
1849.1,353.26139999999987
1849.2,352.8186000000001
1849.3,353.2887000000001
1849.4,353.2672
1849.5,353.0416
1849.6,353.02
1849.7,352.77529108910915
1849.8,352.92991089108955
1849.9,352.9139999999999
1850.0,352.99999999999983
1850.1,353.65799999999837
1850.2,353.0910000000016
1850.3,352.614999999999
1850.4,352.7140000000004
1850.5,353.1799999999991
1850.6,352.91500000000076
1850.7,353.17405940594057
1850.8,353.21000000000004
1850.9,352.7204999999999
1851.0,353.19400000000013
1851.1,352.82389999999987
1851.2,352.9836
1851.3,353.11680000000007
1851.4,352.88969999999995
1851.5,353.1715000000001
1851.6,353.13950495049517
1851.7,352.8924000000005
1851.8,352.7455999999996
1851.9,352.8620000000004
1852.0,352.6072000000004
1852.1,352.49080000000015
1852.2,352.89359999999914
1852.3,352.7563999999994
1852.4,352.41319999999905
1852.5,352.622673267327
1852.6,352.58169999999996
1852.7,352.83969999999897
1852.8,352.6102999999998
1852.9,352.8397000000002
1853.0,352.81909999999993
1853.1,352.9927000000001
1853.2,352.67200000000133
1853.3,352.7505000000001
1853.4,352.75277227722773
1853.5,352.8875999999998
1853.6,352.51440000000065
1853.7,352.7251999999996
1853.8,352.94200000000063
1853.9,352.58300000000037
1854.0,352.9499999999993
1854.1,352.375000000001
1854.2,352.6999999999993
1854.3,352.5979999999994
1854.4,352.6125742574258
1854.5,352.7305000000001
1854.6,352.76700000000005
1854.7,352.4300000000011
1854.8,352.71000000000043
1854.9,352.9740000000003
1855.0,352.6359999999995
1855.1,352.57
1855.2,352.90999999999894
1855.3,352.8942574257423
1855.4,352.8632
1855.5,352.54080000000033
1855.6,352.2364000000003
1855.7,352.34119999999984
1855.8,352.61360000000104
1855.9,352.75239999999997
1856.0,352.6020000000002
1856.1,353.01519999999954
1856.2,352.80891089109
1856.3,352.84130000000016
1856.4,352.4532999999992
1856.5,352.53600000000034
1856.6,352.960099999999
1856.7,352.483900000002
1856.8,352.7020000000007
1856.9,352.43799999999936
1857.0,352.7020000000007
1857.1,352.77
1857.2,352.62207920792093
1857.3,352.90160000000014
1857.4,352.5682000000002
1857.5,352.7177999999999
1857.6,352.6060000000001
1857.7,352.49620000000004
1857.8,352.3898
1857.9,352.52579999999995
1858.0,352.64199999999994
1858.1,352.5869306930695
1858.2,352.4971000000003
1858.3,352.69870000000054
1858.4,352.7662
1858.5,352.3001999999988
1858.6,352.4248999999995
1858.7,352.9335999999986
1858.8,352.65119999999905
1858.9,352.5681
1859.0,352.4978217821782
1859.1,352.856
1859.2,352.486
1859.3,352.37
1859.4,352.762
1859.5,352.55600000000004
1859.6,352.784
1859.7,352.86
1859.8,352.55599999999964
1859.9,352.55128712871306
1860.0,352.57
1860.1,352.7279999999996
1860.2,352.6831000000002
1860.3,352.43089999999927
1860.4,352.82820000000146
1860.5,352.41280000000074
1860.6,352.7281999999988
1860.7,352.5419000000008
1860.8,352.77513960396124
1860.9,352.86
1861.0,352.6337999999999
1861.1,352.4217999999999
1861.2,352.29420000000033
1861.3,352.66000000000025
1861.4,352.45799999999986
1861.5,352.45580000000007
1861.6,352.70620000000014
1861.7,352.5438000000009
1861.8,352.7039603960403
1861.9,352.54669999999913
1862.0,352.54929999999996
1862.1,352.6546999999998
1862.2,352.74929999999983
1862.3,352.3849999999985
1862.4,352.1236999999994
1862.5,352.5265999999997
1862.6,352.4367000000005
1862.7,352.74356435643415
1862.8,352.57119999999964
1862.9,352.6320000000002
1863.0,352.73320000000007
1863.1,352.61319999999984
1863.2,352.5624
1863.3,352.5676
1863.4,352.6536000000001
1863.5,352.81680000000017
1863.6,352.1084277227716
1863.7,352.3964603960391
1863.8,352.57
1863.9,352.5625
1864.0,352.56
1864.1,352.3425000000003
1864.2,352.1875000000001
1864.3,352.4000000000011
1864.4,352.765
1864.5,352.57500000000044
1864.6,352.48
1864.7,352.39860000000033
1864.8,352.5846000000004
1864.9,352.74140000000017
1865.0,352.5405999999996
1865.1,352.26020000000057
1865.2,352.40459999999905
1865.3,352.6946000000004
1865.4,352.8514000000001
1865.5,352.8140594059406
1865.6,352.41770000000037
1865.7,352.7836999999995
1865.8,352.88969999999995
1865.9,352.6410000000002
1866.0,352.20960000000036
1866.1,352.5033999999996
1866.2,352.74029999999993
1866.3,352.9160000000001
1866.4,352.40349108910874
1866.5,352.46465346534694
1866.6,352.79319999999956
1866.7,352.6568000000009
1866.8,352.5628
1866.9,352.5672
1867.0,352.63480000000015
1867.1,352.58800000000014
1867.2,352.293600000001
1867.3,352.4564000000007
1867.4,352.37465346534646
1867.5,352.77569999999986
1867.6,352.4730000000002
1867.7,352.5610999999999
1867.8,352.68
1867.9,352.6729
1868.0,352.59900000000005
1868.1,352.50610000000006
1868.2,352.60779999999994
1868.3,352.7373267326736
1868.4,352.4899999999991
1868.5,352.3210000000001
1868.6,352.5659999999991
1868.7,352.673
1868.8,352.75400000000025
1868.9,352.5029999999991
1869.0,352.58999999999975
1869.1,352.7499999999998
1869.2,352.6344554455453
1869.3,352.36299999999994
1869.4,352.75300000000016
1869.5,352.5628999999999
1869.6,352.7871000000001
1869.7,352.6388000000014
1869.8,352.62110000000007
1869.9,352.68
1870.0,352.6731
1870.1,352.6768316831683
1870.2,352.68
1870.3,352.8024000000005
1870.4,352.79879999999974
1870.5,352.6272000000001
1870.6,352.3084000000007
1870.7,352.4483999999993
1870.8,352.63800000000026
1870.9,352.60199999999975
1871.0,352.7671999999999
1871.1,352.66475247524755
1871.2,352.5633
1871.3,352.43269999999984
1871.4,352.22929999999985
1871.5,352.3007000000001
1871.6,352.43030000000005
1871.7,352.59399999999954
1871.8,352.5192999999999
1871.9,352.4701
1872.0,352.60603960396026
1872.1,352.5446000000003
1872.2,352.5393999999999
1872.3,352.37199999999905
1872.4,352.09839999999997
1872.5,352.6435999999987
1872.6,352.51460000000094
1872.7,352.6627999999992
1872.8,352.53659999999843
1872.9,352.23277227722735
1873.0,352.3680000000004
1873.1,352.48
1873.2,352.4605000000001
1873.3,352.4565
1873.4,352.46000000000004
1873.5,352.4014999999999
1873.6,352.62999999999926
1873.7,352.581500000001
1873.8,352.2914999999997
1873.9,352.4924752475247
1874.0,352.5448000000002
1874.1,352.53119999999996
1874.2,352.37440000000026
1874.3,352.4620000000011
1874.4,352.3907999999998
1874.5,352.6675999999995
1874.6,352.6752000000003
1874.7,352.37440000000026
1874.8,352.2002970297027
1874.9,352.4750000000008
1875.0,352.5339999999997
1875.1,352.7119999999995
1875.2,352.67730000000086
1875.3,352.8220000000006
1875.4,352.9006999999998
1875.5,352.6205999999994
1875.6,352.68789999999956
1875.7,352.75386138613874
1875.8,352.50919999999957
1875.9,352.31180000000006
1876.0,352.301
1876.1,352.23940000000005
1876.2,352.3697999999999
1876.3,352.3001999999996
1876.4,352.3883999999999
1876.5,352.69599999999986
1876.6,352.66267326732714
1876.7,352.5993415841581
1876.8,352.58949999999993
1876.9,352.30769999999916
1877.0,351.9936000000002
1877.1,352.0097999999996
1877.2,352.27519999999924
1877.3,352.35119999999984
1877.4,352.38710000000026
1877.5,352.2836000000002
1877.6,352.4195049504947
1877.7,352.57
1877.8,352.48599999999976
1877.9,352.514
1878.0,352.39
1878.1,352.096
1878.2,352.334
1878.3,352.5339999999999
1878.4,352.318
1878.5,352.3028712871285
1878.6,352.5156999999995
1878.7,352.4684000000005
1878.8,352.3877000000001
1878.9,352.2583999999994
1879.0,352.4667999999999
1879.1,352.57970000000034
1879.2,352.54539999999986
1879.3,352.45789999999954
1879.4,352.4384158415843
1879.5,352.45099999999996
1879.6,352.45900000000006
1879.7,352.48
1879.8,352.45099999999996
1879.9,352.1689999999998
1880.0,352.2410000000002
1880.1,352.19799999999987
1880.2,352.23299999999927
1880.3,352.51782178217866
1880.4,352.7910000000001
1880.5,352.5039000000012
1880.6,352.35529999999954
1880.7,352.5540999999998
1880.8,352.3078999999984
1880.9,352.3593000000002
1881.0,352.6611999999998
1881.1,352.78699999999986
1881.2,352.8187128712872
1881.3,352.6139999999997
1881.4,352.6560000000003
1881.5,352.7371999999999
1881.6,352.64639999999997
1881.7,352.48560000000043
1881.8,352.4360000000001
1881.9,352.3623999999998
1882.0,352.40440000000024
1882.1,352.57099009900986
1882.2,352.65433663366355
1882.3,352.51499999999896
1882.4,352.4405000000001
1882.5,352.56149999999985
1882.6,352.4275000000004
1882.7,352.3304999999999
1882.8,352.5725000000012
1882.9,352.4934999999996
1883.0,352.240099009901
1883.1,352.3964297029696
1883.2,352.57
1883.3,352.6996000000003
1883.4,352.73979999999983
1883.5,352.5233999999996
1883.6,352.54659999999967
1883.7,352.7069999999998
1883.8,352.6003999999997
1883.9,352.49
1884.0,352.500693069307
1884.1,352.3404000000002
1884.2,352.5291999999996
1884.3,352.6444999999995
1884.4,352.65489999999977
1884.5,352.63510000000025
1884.6,352.4853
1884.7,352.3999000000001
1884.8,352.5691000000007
1884.9,352.9159405940596
1885.0,352.8479999999994
1885.1,352.68
1885.2,352.5240000000008
1885.3,352.3539999999999
1885.4,352.45480000000043
1885.5,352.47119999999967
1885.6,352.38
1885.7,352.5359999999992
1885.8,352.5903643564351
1885.9,352.65478910891125
1886.0,352.52480000000014
1886.1,352.4484999999999
1886.2,352.29360000000014
1886.3,352.40330000000165
1886.4,352.6876000000001
1886.5,352.52410000000003
1886.6,352.64829999999995
1886.7,352.33060000000023
1886.8,352.1780198019822
1886.9,352.48
1887.0,352.645
1887.1,352.62000000000086
1887.2,352.35500000000036
1887.3,352.0749999999991
1887.4,352.0700000000009
1887.5,352.35
1887.6,352.5649999999994
1887.7,352.3930693069327
1887.8,352.39360000000016
1887.9,352.60239999999993
1888.0,352.64170000000007
1888.1,352.64829999999995
1888.2,352.5240999999998
1888.3,352.43769999999995
1888.4,352.55970000000013
1888.5,352.8741
1888.6,352.55128712871345
1888.7,352.31359999999944
1888.8,352.4271999999997
1888.9,352.48520000000013
1889.0,352.3076000000012
1889.1,352.26319999999896
1889.2,352.69479999999953
1889.3,352.7051999999993
1889.4,352.6852000000001
1889.5,352.6289782178221
1889.6,352.5663000000002
1889.7,352.33460000000116
1889.8,352.1726000000004
1889.9,352.53170000000006
1890.0,352.40199999999976
1890.1,352.27460000000013
1890.2,352.4216999999999
1890.3,352.48
1890.4,352.53170000000006
1890.5,352.63188118811877
1890.6,352.5420000000004
1890.7,352.46739999999977
1890.8,352.29859999999815
1890.9,352.1134000000003
1891.0,352.27
1891.1,352.2194000000002
1891.2,352.2611999999997
1891.3,352.20979999999884
1891.4,352.04643564356456
1891.5,352.0539999999999
1891.6,352.09099999999984
1891.7,352.2394999999996
1891.8,352.3360000000001
1891.9,352.5150000000003
1892.0,352.49549999999954
1892.1,352.1845000000002
1892.2,352.16999999999933
1892.3,352.2742079207918
1892.4,352.23156435643597
1892.5,352.2195999999999
1892.6,352.27
1892.7,352.18640000000016
1892.8,352.344000000001
1892.9,352.6404000000001
1893.0,352.5812
1893.1,352.4864000000002
1893.2,352.4151999999999
1893.3,352.4687128712872
1893.4,352.48
1893.5,352.35529999999954
1893.6,352.2244
1893.7,352.3172999999997
1893.8,352.4617000000003
1893.9,352.61730000000017
1894.0,352.50799999999936
1894.1,352.4519999999999
1894.2,352.50544554455524
1894.3,352.23639999999983
1894.4,352.19
1894.5,352.14380000000006
1894.6,352.08000000000004
1894.7,352.1262
1894.8,352.19
1894.9,352.3957999999998
1895.0,352.5960000000001
1895.1,352.39267326732704
1895.2,352.36019999999945
1895.3,352.5228000000002
1895.4,352.40189999999916
1895.5,352.2051
1895.6,352.39299999999923
1895.7,352.41420000000096
1895.8,352.19
1895.9,352.19
1896.0,352.30890000000005
1896.1,352.5165346534652
1896.2,352.57
1896.3,352.462
1896.4,352.3
1896.5,352.3
1896.6,352.408
1896.7,352.4180000000007
1896.8,352.19
1896.9,352.178
1897.0,352.12831683168326
1897.1,352.1111999999998
1897.2,352.17169999999993
1897.3,352.2212000000002
1897.4,352.27
1897.5,352.22709999999995
1897.6,352.2028999999998
1897.7,352.39479999999935
1897.8,352.433999999999
1897.9,352.19
1898.0,352.2584000000001
1898.1,352.4118000000001
1898.2,352.40020000000027
1898.3,352.2396
1898.4,352.22040000000004
1898.5,352.2015999999999
1898.6,352.1584000000001
1898.7,352.15980000000036
1898.8,352.2095049504959
1898.9,352.4419999999995
1899.0,352.19
1899.1,352.29729999999955
1899.2,352.3616000000005
1899.3,352.3117000000012
1899.4,352.57
1899.5,352.4590000000005
1899.6,352.24040000000014
1899.7,352.19
1899.8,352.1893029702969
1899.9,352.3268000000004
1900.0,352.4727999999998
1900.1,352.3647999999999
1900.2,352.37560000000104
1900.3,352.2944000000003
1900.4,352.4043999999998
1900.5,352.28080000000006
1900.6,352.28920000000005
1900.7,352.3769306930685
1900.8,352.57
1900.9,352.57
1901.0,352.2970000000009
1901.1,351.92999999999955
1901.2,352.19
1901.3,352.28450000000095
1901.4,352.46700000000004
1901.5,352.48
1901.6,352.40722772277263
1901.7,352.44679999999835
1901.8,352.6505999999995
1901.9,352.38
1902.0,352.34259999999983
1902.1,352.40939999999995
1902.2,352.64260000000036
1902.3,352.43059999999946
1902.4,352.26880000000045
1902.5,352.5106000000001
1902.6,352.53370000000007
1902.7,352.46659999999997
1902.8,352.48
1902.9,352.50969999999995
1903.0,352.50730000000016
1903.1,352.34370000000007
1903.2,352.30629999999996
1903.3,352.38
1903.4,352.31730000000016
1903.5,352.2161386138613
1903.6,352.30199999999974
1903.7,352.3124000000005
1903.8,352.2828000000005
1903.9,352.5088000000002
1904.0,352.6052000000001
1904.1,352.5488000000011
1904.2,352.4011999999989
1904.3,352.4879999999989
1904.4,352.04831683168305
1904.5,352.1039999999999
1904.6,352.34590000000003
1904.7,352.1894000000001
1904.8,352.00069999999994
1904.9,351.98
1905.0,352.0358
1905.1,352.10420000000005
1905.2,351.8901000000001
1905.3,351.8465346534672
1905.4,352.3440000000011
1905.5,352.59299999999973
1905.6,352.3630000000002
1905.7,352.29100000000005
1905.8,352.23699999999974
1905.9,352.19300000000027
1906.0,352.3030000000001
1906.1,352.34700000000026
1906.2,352.15986138613965
1906.3,351.9
1906.4,352.0160000000001
1906.5,352.32320000000004
1906.6,352.38
1906.7,352.38
1906.8,352.2407999999999
1906.9,351.81589999999994
1907.0,351.9348000000003
1907.1,352.48929999999984
1907.2,351.87128712871294
1907.3,351.9624000000016
1907.4,352.38
1907.5,352.3492000000002
1907.6,352.2168000000004
1907.7,352.1107999999998
1907.8,352.19
1907.9,352.2656000000004
1908.0,352.4068000000004
1908.1,352.27
1908.2,352.2727
1908.3,352.2286999999999
1908.4,352.10890000000006
1908.5,352.30040000000037
1908.6,352.5476999999997
1908.7,352.2116
1908.8,352.2727
1908.9,352.25839999999994
1909.0,352.1968188118811
1909.1,352.23998613861374
1909.2,352.2760000000005
1909.3,352.05540000000093
1909.4,352.27
1909.5,352.27
1909.6,352.2726
1909.7,352.30599999999987
1909.8,352.35139999999967
1909.9,389.4474000002861
1910.0,531.0241584157425
1910.1,633.885
1910.2,626.142500000093
1910.3,634.1850000001297
1910.4,720.1550000000018
1910.5,721.7400000000018
1910.6,725.3100000000001
1910.7,720.1650000001672
1910.8,698.4500000000685
1910.9,745.7559405940649
1911.0,725.7228000001007
1911.1,642.062799999998
1911.2,664.6611999999208
1911.3,730.2079999999929
1911.4,718.2688000000372
1911.5,687.0608000000005
1911.6,690.1791999999865
1911.7,701.3444000000004
1911.8,709.4432673268434
1911.9,737.0221000000037
1912.0,738.2593999999988
1912.1,738.2243999999785
1912.2,733.944600000127
1912.3,714.1325000000919
1912.4,714.1455999996924
1912.5,622.215100000135
1912.6,766.5543000005929
1912.7,611.5534653465403
1912.8,634.1068000003431
1912.9,726.6173999999876
1913.0,745.1370000000055
1913.1,740.6825999999896
1913.2,746.2206000000253
1913.3,717.9902000002146
1913.4,764.0472000000168
1913.5,737.5921999999955
1913.6,751.322966336609
1913.7,763.4677188119929
1913.8,729.5519000000049
1913.9,727.4121999999608
1914.0,702.8834999999513
1914.1,674.4853999999181
1914.2,708.2879999999054
1914.3,740.2248000000203
1914.4,736.2699999998854
1914.5,709.737200000092
1914.6,773.755148514876
1914.7,765.169999999994
1914.8,772.924
1914.9,774.1160000000001
1915.0,738.788
1915.1,732.366
1915.2,711.1479999999237
1915.3,774.3199999999999
1915.4,763.39
1915.5,782.1389108910877
1915.6,774.7538000001105
1915.7,737.6324999999289
1915.8,716.4483999993506
1915.9,531.3359000002172
1916.0,641.8260999999668
1916.1,668.500299999854
1916.2,699.3756000002901
1916.3,591.1050000000862
1916.4,646.496534653771
1916.5,743.8953999999468
1916.6,632.921199999962
1916.7,581.9563999999643
1916.8,671.1614000000224
1916.9,687.79339999994
1917.0,588.354000000022
1917.1,651.9504000000607
1917.2,739.8344000000433
1917.3,629.02165346528
1917.4,584.0540257427838
1917.5,670.1595999999413
1917.6,679.1579000002024
1917.7,584.3567999998996
1917.8,656.9168000003519
1917.9,737.3820999997645
1918.0,634.7702000001225
1918.1,586.9630999998496
1918.2,670.3838999999527
1918.3,673.5647524749181
1918.4,579.2864000000665
1918.5,658.752000000103
1918.6,736.9695999999808
1918.7,636.8992000002615
1918.8,591.2736000000838
1918.9,671.6948000000168
1919.0,667.5399999998879
1919.1,576.1140000000138
1919.2,657.1506930689525
1919.3,733.8159999997043
1919.4,632.3665000000708
1919.5,594.3839999998866
1919.6,662.6125000001257
1919.7,562.6205000000463
1919.8,558.5625000005559
1919.9,721.8770000000748
1920.0,651.5240000001091
1920.1,581.7830693068165
1920.2,660.1003999997696
1920.3,706.5827999998465
1920.4,609.646999999998
1920.5,618.7516000001008
1920.6,681.9913999999982
1920.7,666.0348000003141
1920.8,590.7502000000934
1920.9,661.3600000001146
1921.0,716.9545821780551
1921.1,612.6305633663237
1921.2,610.8022999999409
1921.3,685.563999999983
1921.4,668.450800000066
1921.5,590.9391999999646
1921.6,646.4464999999453
1921.7,702.5973000000708
1921.8,608.72759999991
1921.9,595.5761999999436
1922.0,667.3579207920807
1922.1,654.1004000002703
1922.2,574.8515999998194
1922.3,641.7516000001312
1922.4,706.4724000000182
1922.5,693.5063999997689
1922.6,543.8447999997707
1922.7,633.4083999996451
1922.8,737.4083999998414
1922.9,651.9501980196873
1923.0,597.0420999999795
1923.1,676.6361000000012
1923.2,661.1438000000701
1923.3,582.8286999999846
1923.4,653.8003999999787
1923.5,722.61120000003
1923.6,601.190200000008
1923.7,582.0811999999194
1923.8,679.286933663366
1923.9,657.9829999997968
1924.0,584.1580000001202
1924.1,652.4559999997994
1924.2,719.2900000002865
1924.3,605.1509999999832
1924.4,605.4380000001578
1924.5,666.5359999999756
1924.6,645.2190000002097
1924.7,568.6165742572805
1924.8,633.6668821783755
1924.9,692.9236999999758
1925.0,595.632299999998
1925.1,598.1462000000259
1925.2,674.0366000000566
1925.3,408.61180000004504
1925.4,589.0170000000005
1925.5,585.5272999999859
1925.6,541.6989000000319
1925.7,675.7147524752507
1925.8,741.2867999999964
1925.9,730.5199999997168
1926.0,631.5403999997455
1926.1,751.609200000196
1926.2,645.7220000001535
1926.3,574.6088000002213
1926.4,656.130800000204
1926.5,724.6788000002458
1926.6,601.6030693068997
1926.7,626.9611999994041
1926.8,761.8333999999172
1926.9,643.3247999999452
1927.0,574.9663000000621
1927.1,660.6705000000052
1927.2,660.4642000007381
1927.3,498.2655000001498
1927.4,702.7689000000023
1927.5,703.8427782178029
1927.6,682.9450455445901
1927.7,751.9176000000443
1927.8,721.9072000000306
1927.9,732.4092000000708
1928.0,752.4656000000638
1928.1,709.1101999999868
1928.2,703.6500000003308
1928.3,485.8082000005363
1928.4,644.2024000000016
1928.5,644.4997029703013
1928.6,646.9930000001059
1928.7,755.3035000001587
1928.8,711.1055000000001
1928.9,711.4890000000064
1929.0,717.6120000000187
1929.1,733.2515000000003
1929.2,731.2935000001614
1929.3,689.7040000000768
1929.4,752.901584158397
1929.5,735.989999999988
1929.6,749.2115999999886
1929.7,759.7912000000332
1929.8,722.6135999998129
1929.9,670.313600000007
1930.0,667.2171999999032
1930.1,769.2760000000026
1930.2,764.996800000035
1930.3,728.2419801980449
1930.4,735.9104000000441
1930.5,762.1296999999694
1930.6,742.4687999999292
1930.7,765.6926000000017
1930.8,763.7634999999275
1930.9,720.6051000000544
1931.0,752.8871999999582
1931.1,715.6738000009179
1931.2,420.4399782172464
1931.3,617.423938614116
1931.4,680.7922000000023
1931.5,678.0741999999528
1931.6,779.5588000000034
1931.7,770.8752000000289
1931.8,709.8518000002886
1931.9,779.3850000000255
1932.0,725.5639999999815
1932.1,765.3474000000024
1932.2,760.6186138613788
1932.3,774.8371999998848
1932.4,719.1115999999984
1932.5,718.8269000001095
1932.6,772.4572000001283
1932.7,722.1329999998892
1932.8,765.9613999999941
1932.9,763.1938000000131
1933.0,769.5052999999991
1933.1,766.0300000007453
1933.2,465.03
1933.3,644.63
1933.4,639.14
1933.5,735.6800000000001
1933.6,605.35
1933.7,606.55
1933.8,707.8299999999999
1933.9,634.19
1934.0,556.44
1934.1,635.3060396038015
1934.2,749.0985663364002
1934.3,600.6707999996221
1934.4,611.8518000000321
1934.5,727.9386999997656
1934.6,639.2774000001857
1934.7,562.5558000001568
1934.8,637.5448000001915
1934.9,741.8145000002614
1935.0,596.2806000002962
1935.1,611.26732673268
1935.2,748.0845999994426
1935.3,648.1071999999523
1935.4,563.6899999999617
1935.5,639.8220000000362
1935.6,735.6370000000437
1935.7,593.7744000005872
1935.8,608.058600000008
1935.9,765.6216000000729
1936.0,651.365841584342
1936.1,563.5449000001382
1936.2,646.7752999998592
1936.3,728.6499000002414
1936.4,591.3326999995741
1936.5,608.7961999999674
1936.6,764.6020999997454
1936.7,653.5626000001901
1936.8,567.1031999997474
1936.9,902.8866603963849
1937.0,650.2963287126188
1937.1,649.5964000000098
1937.2,648.8684000000042
1937.3,617.7831999999705
1937.4,614.5027999999982
1937.5,678.0296000000602
1937.6,680.632
1937.7,590.620400000324
1937.8,584.2203999999975
1937.9,733.9080198018186
1938.0,638.986500000123
1938.1,599.1995000000411
1938.2,677.5414999999041
1938.3,680.4394999999953
1938.4,591.9250000000847
1938.5,584.1445000000037
1938.6,649.5964999999214
1938.7,737.1724999998994
1938.8,724.8198019801717
1938.9,577.1951999997873
1939.0,661.3230000001356
1939.1,666.1902000000034
1939.2,572.5900000003168
1939.3,631.1792000000937
1939.4,713.179000000113
1939.5,612.1273999998461
1939.6,585.319200000062
1939.7,672.930495049424
1939.8,926.660300001027
1939.9,571.3814000001463
1940.0,590.8745999999651
1940.1,753.2946999998835
1940.2,687.0742000000573
1940.3,577.1601999995676
1940.4,644.4553999999706
1940.5,718.8927999999496
1940.6,599.984059406283
1940.7,615.6679999999219
1940.8,747.2292000002556
1940.9,656.5155999997985
1941.0,575.1447999998566
1941.1,654.1699999997807
1941.2,708.0223999998623
1941.3,595.0727999997687
1941.4,608.3692000000464
1941.5,746.8118415841509
1941.6,647.438380198048
1941.7,562.8166000000184
1941.8,555.3316
1941.9,637.3373999999795
1942.0,695.4089999999876
1942.1,583.0237000000293
1942.2,606.5095999999912
1942.3,725.6410000000232
1942.4,645.0927851485412
1942.5,575.1090198021194
1942.6,646.8009999998019
1942.7,610.0780000001148
1942.8,580.0099999999368
1942.9,572.9549999999892
1943.0,570.2570000000045
1943.1,724.7289999996091
1943.2,611.0600000003307
1943.3,611.4150000000376
1943.4,728.1452475248101
1943.5,655.9867999999781
1943.6,572.4478999999814
1943.7,631.4182000000174
1943.8,721.726700000067
1943.9,611.8690999999693
1944.0,610.7994000000035
1944.1,740.6155000000327
1944.2,759.2980000000007
1944.3,590.1534653459687
1944.4,633.9072000002066
1944.5,676.2011999999519
1944.6,502.0196000003694
1944.7,687.3539999995666
1944.8,716.6804000000022
1944.9,700.966399999951
1945.0,696.750800000003
1945.1,694.6396000000038
1945.2,722.1404950493913
1945.3,738.98550000001
1945.4,736.2354999999964
1945.5,735.3920999999999
1945.6,491.2305999998086
1945.7,615.3519999993956
1945.8,612.1972999999787
1945.9,641.0782000000258
1946.0,731.477500000067
1946.1,703.9808009901509
1946.2,742.9049782177494
1946.3,699.516999999812
1946.4,733.9575999999638
1946.5,731.8542000000143
1946.6,736.081799999991
1946.7,735.2814000000028
1946.8,695.9043999998553
1946.9,748.68219999995
1947.0,734.0924000000384
1947.1,681.1470297029266
1947.2,760.3539999997183
1947.3,750.0509999999655
1947.4,767.158000000029
1947.5,765.2169999999923
1947.6,724.6154999999471
1947.7,754.392499999882
1947.8,711.3929999999339
1947.9,746.1460000000582
1948.0,748.1224752475287
1948.1,760.5571999999854
1948.2,758.4176000000051
1948.3,715.8391999998196
1948.4,766.7083999999873
1948.5,691.4320000000937
1948.6,673.6160000000015
1948.7,648.2104000000272
1948.8,641.2443999999906
1948.9,696.6420950496299
1949.0,758.1657762377207
1949.1,772.4605999999894
1949.2,770.0596000000114
1949.3,778.5632000000176
1949.4,780.0830999999993
1949.5,743.2077999999294
1949.6,707.8069000000733
1949.7,742.1889999998573
1949.8,768.5843138613889
1949.9,773.4383485148501
1950.0,763.7198000000055
1950.1,714.4802000000261
1950.2,773.5629999999614
1950.3,792.8918000000017
1950.4,490.865600000168
1950.5,606.2213999998992
1950.6,619.4408000000149
1950.7,678.1385999999642
1950.8,646.7878217820432
1950.9,574.0076999998428
1951.0,629.3616000001767
1951.1,726.8752999998361
1951.2,635.8858000003397
1951.3,615.644700000014
1951.4,695.3823000001981
1951.5,653.637499999848
1951.6,580.3514000001196
1951.7,630.8128712870894
1951.8,728.4440000000928
1951.9,637.2080000000001
1952.0,619.682
1952.1,699.896
1952.2,655.508
1952.3,582.6319999999353
1952.4,628.5360000000001
1952.5,725.762
1952.6,634.8935247527021
1952.7,617.1647900989798
1952.8,714.5007000002985
1952.9,663.8700999997603
1953.0,584.8002000000814
1953.1,631.3424999998388
1953.2,721.2630999998099
1953.3,633.1877999996594
1953.4,616.3373000000372
1953.5,719.6003999998617
1953.6,667.3216831683258
1953.7,585.1184000002388
1953.8,627.1994000000344
1953.9,717.8742000000432
1954.0,630.7511999999371
1954.1,624.4622000000141
1954.2,433.15220000078546
1954.3,375.48379999999895
1954.4,580.86100000012
1954.5,638.7600990099012
1954.6,639.8341999999977
1954.7,716.3999999998425
1954.8,639.3086999996167
1954.9,622.6393000000505
1955.0,735.2708999999229
1955.1,686.2124000001686
1955.2,623.12130000008
1955.3,653.1300000001596
1955.4,724.3292079208986
1955.5,644.2299999998822
1955.6,627.6052000000174
1955.7,735.0663999996552
1955.8,687.9195999999047
1955.9,600.7843999999258
1956.0,622.4780000000494
1956.1,703.1120000000809
1956.2,626.7924000003272
1956.3,609.5171287129211
1956.4,714.0225
1956.5,671.5825000001149
1956.6,583.642500000095
1956.7,630.9324999998967
1956.8,699.0500000002064
1956.9,621.0150000000001
1957.0,627.9024999999425
1957.1,446.3225000002944
1957.2,534.2520049502716
1957.3,584.8247326732671
1957.4,568.9753999999709
1957.5,694.5236000002417
1957.6,740.3580000000006
1957.7,638.7150000004369
1957.8,602.4527999999989
1957.9,687.0096000001563
1958.0,662.066999999899
1958.1,592.9955782179597
1958.2,627.7000277226759
1958.3,620.0073999999801
1958.4,611.6091999999986
1958.5,626.3803999999867
1958.6,699.6832999999365
1958.7,669.1875000000521
1958.8,595.0179999999599
1958.9,616.985199999961
1959.0,697.716599999939
1959.1,628.6368316834443
1959.2,605.2423999999531
1959.3,702.7572000002342
1959.4,667.4363999998197
1959.5,583.8223999998588
1959.6,622.8895999998771
1959.7,692.1347999998271
1959.8,620.4171999997741
1959.9,618.7212000000836
1960.0,595.6755445544375
1960.1,602.4602999999933
1960.2,594.6254000000052
1960.3,640.2212000000804
1960.4,719.5998999999814
1960.5,666.7094000000245
1960.6,605.1343000000097
1960.7,655.8221999999798
1960.8,674.5722999999892
1960.9,608.1544554454076
1961.0,632.882999999933
1961.1,713.789999999809
1961.2,675.0100000002078
1961.3,609.9159999998776
1961.4,655.3770000002
1961.5,675.0320000000088
1961.6,608.0760000002081
1961.7,632.6509999998309
1961.8,673.5757524753078
1961.9,600.9132831682167
1962.0,670.9318000000349
1962.1,737.3636000000063
1962.2,733.3741000000527
1962.3,728.2499000000001
1962.4,704.7477999999921
1962.5,737.6842000000144
1962.6,723.2391999999888
1962.7,718.9002999999537
1962.8,742.9282178218358
1962.9,518.8627999990654
1963.0,547.738799999926
1963.1,632.5551999999474
1963.2,640.2428000000041
1963.3,666.0572000001065
1963.4,725.5516000001886
1963.5,743.1820000000024
1963.6,731.4412000000258
1963.7,742.6846534652723
1963.8,712.7864999999617
1963.9,738.443000000045
1964.0,725.6916999999648
1964.1,727.339400000019
1964.2,749.263399999955
1964.3,853.1054000000993
1964.4,673.4805999997682
1964.5,705.8389000001471
1964.6,776.1393980198025
1964.7,755.3283920792505
1964.8,708.3187999998239
1964.9,737.8418000000133
1965.0,759.6380000000064
1965.1,758.6999999999987
1965.2,757.3636000000034
1965.3,738.1585999999115
1965.4,730.9804000000006
1965.5,710.7726000000441
1965.6,738.7392079206326
1965.7,714.6705000002348
1965.8,864.4940000003041
1965.9,766.5004999996648
1966.0,682.6540000000338
1966.1,691.8805000000034
1966.2,730.8184999997923
1966.3,752.5395000000008
1966.4,720.8254999999441
1966.5,702.6646534653468
1966.6,727.0195999999646
1966.7,739.7912000000017
1966.8,765.6600000001511
1966.9,756.4143999999725
1967.0,750.4643999999892
1967.1,723.8964000000439
1967.2,760.078799999924
1967.3,767.9343999998734
1967.4,759.2455009901125
1967.5,781.5003000000506
1967.6,808.0371999999701
1967.7,596.3990000010338
1967.8,593.9361000003206
1967.9,603.2497999998352
1968.0,616.2913000001297
1968.1,695.6277999999006
1968.2,638.5717000004032
1968.3,609.3384227722864
1968.4,711.0813029702321
1968.5,694.788400000052
1968.6,599.617600000038
1968.7,626.9535999999566
1968.8,697.1856000000698
1968.9,634.2408000000614
1969.0,611.6541999999789
1969.1,711.4585999999397
1969.2,690.4394000000524
1969.3,598.5755445542353
1969.4,626.8029000001961
1969.5,690.8325999999682
1969.6,628.370900000326
1969.7,615.6749999998437
1969.8,712.6400000002435
1969.9,689.7844999997676
1970.0,603.0867000000505
1970.1,633.4990999997641
1970.2,688.6343564356138
1970.3,625.4239999997718
1970.4,617.56
1970.5,710.422
1970.6,693.146
1970.7,608.8140000000001
1970.8,634.204000000166
1970.9,678.766
1971.0,614.536
1971.1,614.3697029702034
1971.2,705.7800999997925
1971.3,646.0351999995705
1971.4,584.9697000000396
1971.5,528.8197000000193
1971.6,535.1567999998271
1971.7,598.6196999999
1971.8,614.4804999999824
1971.9,589.4767999999062
1972.0,645.8937811880941
1972.1,670.3970475247773
1972.2,606.6708000001719
1972.3,607.4256000000265
1972.4,685.7382000000422
1972.5,666.3561999999542
1972.6,619.4947999999963
1972.7,661.7827999998283
1972.8,675.1173999999845
1972.9,612.9941999999625
1973.0,623.9188118811315
1973.1,701.6455999998773
1973.2,673.2186000001719
1973.3,623.6121999999837
1973.4,668.1638000000299
1973.5,662.1481000001156
1973.6,587.4033000001214
1973.7,601.7802999998682
1973.8,690.4356000002751
1973.9,660.0283168314606
1974.0,610.6720000000082
1974.1,664.6516000000813
1974.2,663.8124000001173
1974.3,593.3847999999368
1974.4,495.5223999998907
1974.5,517.720400000122
1974.6,616.765600000065
1974.7,621.4452000000783
1974.8,671.4168712874222
1974.9,728.3195693069301
1975.0,685.8915000000874
1975.1,609.2470000000869
1975.2,615.9029999999152
1975.3,694.974000000282
1975.4,674.9579999999054
1975.5,626.6825000000031
1975.6,695.0319999998563
1975.7,697.3916188119938
1975.8,610.9174435641789
1975.9,619.5288000001101
1976.0,633.2509999999409
1976.1,610.2752000000062
1976.2,607.4740000000013
1976.3,680.6436000001853
1976.4,686.6783999998574
1976.5,596.4915999998937
1976.6,609.8887999999004
1976.7,679.165445544461
1976.8,636.6051999998178
1976.9,601.0045999999701
1977.0,684.4367999999191
1977.1,674.7156000000842
1977.2,608.9844000000099
1977.3,585.9949999999556
1977.4,608.171699999953
1977.5,593.0673000000611
1977.6,606.5470297027862
1977.7,714.4071999996982
1977.8,714.043999999813
1977.9,621.6127999998492
1978.0,632.7584000001782
1978.1,702.2343999999764
1978.2,654.3920000003599
1978.3,614.8700000000832
1978.4,701.720800000227
1978.5,706.6065742572307
1978.6,613.2226623761775
1978.7,622.459199999978
1978.8,696.5057000001041
1978.9,655.7404000000295
1979.0,614.8620999999898
1979.1,667.5586999999863
1979.2,555.6711000000631
1979.3,391.66939999988983
1979.4,365.14899999999983
1979.5,366.1701485148502
1979.6,366.74
1979.7,366.54000000000093
1979.8,366.0899999999989
1979.9,365.71999999999946
1980.0,365.6
1980.1,365.6
1980.2,365.65499999999975
1980.3,365.71000000000004
1980.4,365.71000000000004
1980.5,365.50909999999993
1980.6,365.34900000000005
1980.7,365.4049
1980.8,365.45900000000006
1980.9,365.461
1981.0,365.23849999999993
1981.1,359.8610999999976
1981.2,354.4255000000001
1981.3,354.4776237623765
1981.4,354.2767999999997
1981.5,353.9748
1981.6,354.0663999999997
1981.7,354.12160000000017
1981.8,353.96479999999934
1981.9,353.816
1982.0,353.7660000000001
1982.1,353.6872000000002
1982.2,353.5772000000002
1982.3,353.634059405941
1982.4,353.71299999999997
1982.5,353.5330999999998
1982.6,353.50280000000015
1982.7,353.5689000000002
1982.8,353.61280000000016
1982.9,353.74
1983.0,353.74
1983.1,353.7917000000001
1983.2,353.6871287128714
1983.3,353.66100000000114
1983.4,353.7487999999998
1983.5,353.5794000000002
1983.6,353.5337999999999
1983.7,353.6005999999999
1983.8,353.6461999999999
1983.9,353.5333999999998
1984.0,353.45679999999993
1984.1,353.4180198019806
1984.2,353.5314999999984
1984.3,353.81700000000006
1984.4,353.8815000000001
1984.5,353.6589999999993
1984.6,353.26350000000014
1984.7,353.2464999999994
1984.8,353.1824999999996
1984.9,353.2690000000007
1985.0,353.56099009900987
1985.1,353.5483999999999
1985.2,353.66719999999987
1985.3,353.50679999999915
1985.4,353.21000000000004
1985.5,353.41679999999957
1985.6,353.4468000000005
1985.7,353.3039999999997
1985.8,353.27559999999914
1985.9,353.0867999999998
1986.0,353.15336633663367
1986.1,353.1101
1986.2,353.2230999999995
1986.3,353.2726999999998
1986.4,353.2315000000001
1986.5,353.30730000000017
1986.6,353.2539000000001
1986.7,353.0441000000004
1986.8,353.1635000000007
1986.9,353.2837623762374
1987.0,353.0454000000001
1987.1,353.02459999999996
1987.2,352.8396000000003
1987.3,352.6480000000009
1987.4,353.0941999999998
1987.5,353.18840000000023
1987.6,352.98979999999995
1987.7,353.1
1987.8,352.9534574257417
1987.9,352.7125742574257
1988.0,352.8076000000001
1988.1,353.13889999999924
1988.2,353.19110000000074
1988.3,353.02
1988.4,352.9994999999999
1988.5,353.04380000000003
1988.6,352.986000000001
1988.7,352.8934999999991
1988.8,353.1121782178218
1988.9,353.06600000000003
1989.0,352.846
1989.1,352.696
1989.2,352.81399999999974
1989.3,352.738
1989.4,352.632
1989.5,352.744
1989.6,352.65
1989.7,352.8294059405939
1989.8,352.94730000000015
1989.9,352.8690999999992
1990.0,352.71510000000006
1990.1,352.6920000000004
1990.2,352.7025999999993
1990.3,352.8475999999996
1990.4,352.6446999999993
1990.5,352.69060000000036
1990.6,352.9225000000005
1990.7,352.75633465346505
1990.8,352.7870000000001
1990.9,352.72799999999984
1991.0,352.62440000000015
1991.1,353.0614000000003
1991.2,353.1886000000007
1991.3,352.86
1991.4,352.78399999999993
1991.5,352.70180000000005
1991.6,352.81138613861384
1991.7,353.0353999999993
1991.8,353.177899999999
1991.9,352.97
1992.0,352.9293000000002
1992.1,352.75270000000046
1992.2,352.7179999999994
1992.3,352.7812999999985
1992.4,352.42669999999987
1992.5,352.58247524752437
1992.6,352.78080000000034
1992.7,352.6491999999983
1992.8,352.91759999999994
1992.9,352.89240000000007
1993.0,353.0616000000003
1993.1,353.1160000000003
1993.2,352.8276000000003
1993.3,352.6583999999997
1993.4,352.4992079207921
1993.5,352.5379207920792
1993.6,352.5429999999998
1993.7,352.6914999999999
1993.8,352.7184999999997
1993.9,352.58999999999963
1994.0,352.467
1994.1,352.6129999999996
1994.2,352.7970000000002
1994.3,352.68
1994.4,352.64188118811853
1994.5,352.57680000000005
1994.6,352.65119999999996
1994.7,352.77
1994.8,352.63399999999945
1994.9,352.50600000000054
1995.0,352.7632
1995.1,352.8248
1995.2,352.8340000000013
1995.3,352.57
1995.4,352.6293999999999
1995.5,352.69060000000013
1995.6,352.6656999999998
1995.7,352.86
1995.8,352.86
1995.9,352.8303000000001
1996.0,352.7996999999999
1996.1,352.7346000000003
1996.2,352.51594059405926
1996.3,352.6124000000001
1996.4,352.6023999999997
1996.5,352.50880000000006
1996.6,352.60519999999974
1996.7,352.5488000000011
1996.8,352.36280000000056
1996.9,352.56320000000005
1997.0,352.5059999999999
1997.1,352.4051999999997
1997.2,352.50851485148496
1997.3,352.60100000000034
1997.4,352.67310000000003
1997.5,352.68
1997.6,352.76989999999995
1997.7,352.6631000000002
1997.8,352.2869000000029
1997.9,352.75300000000016
1998.0,352.3970999999999
1998.1,352.6462376237625
1998.2,352.57
1998.3,352.6900000000009
1998.4,352.88299999999936
1998.5,352.64699999999993
1998.6,352.6899999999991
1998.7,352.97
1998.8,352.88299999999936
1998.9,352.68
1999.0,352.5582178217815
1999.1,352.30190000000005
1999.2,352.5191999999995
1999.3,352.7729999999999
1999.4,352.5078
1999.5,352.4989000000001
1999.6,352.7581
1999.7,352.7321999999998
1999.8,352.6888999999999
1999.9,352.21748415841574
2000.0,352.25653465346517
2000.1,352.67
2000.2,352.67
2000.3,352.5579999999989
2000.4,352.2475999999999
2000.5,352.4083999999986
2000.6,352.8888000000005
2000.7,352.7303999999997
2000.8,352.72559999999874
2000.9,352.49089108910977
2001.0,352.83130000000017
2001.1,352.78369999999956
2001.2,352.28000000000003
2001.3,352.41230000000036
2001.4,352.8240000000001
2001.5,352.97540000000004
2001.6,352.8522999999997
2001.7,352.6122999999997
2001.8,352.94594059405927
2001.9,352.90340000000015
2002.0,352.9128000000003
2002.1,352.67980000000034
2002.2,352.5293999999998
2002.3,352.6960000000003
2002.4,352.83240000000046
2002.5,352.9242000000005
2002.6,352.5994000000004
2002.7,352.5862376237608
2002.8,353.1224999999996
2002.9,352.86
2003.0,352.8149999999998
2003.1,352.6775
2003.2,352.71749999999935
2003.3,352.76499999999953
2003.4,352.57500000000044
2003.5,352.76499999999953
2003.6,352.5470544554457
2003.7,352.70680000000016
2003.8,352.5219999999995
2003.9,352.46599999999967
2004.0,352.74360000000013
2004.1,352.6360000000001
2004.2,352.5360000000001
2004.3,352.41679999999957
2004.4,352.34719999999976
2004.5,352.5408000000001
2004.6,352.4562376237625
2004.7,352.2443000000018
2004.8,351.9901000000014
2004.9,352.65999999999997
2005.0,352.68530000000004
2005.1,352.6780000000012
2005.2,352.4159999999994
2005.3,352.6367000000005
2005.4,352.76799999999935
2005.5,352.51009900990124
2005.6,352.61400000000015
2005.7,352.41959999999995
2005.8,352.56
2005.9,352.5863999999999
2006.0,352.61180000000013
2006.1,352.34800000000007
2006.2,352.292
2006.3,352.43820000000096
2006.4,352.68
2006.5,352.74090000000035
2006.6,352.8062000000019
2006.7,352.33069999999833
2006.8,352.759199999999
2006.9,352.4010000000002
2007.0,352.4989000000001
2007.1,352.6119999999995
2007.2,352.74690000000027
2007.3,352.59970297029656
2007.4,352.37033663366304
2007.5,352.418
2007.6,352.546
2007.7,352.45
2007.8,352.416
2007.9,352.396
2008.0,352.86
2008.1,352.822
2008.2,352.6280000000002
2008.3,352.4421782178217
2008.4,352.4631000000008
2008.5,352.83910000000026
2008.6,352.7348000000002
2008.7,352.65100000000024
2008.8,352.53389999999956
2008.9,352.39900000000017
2009.0,352.4439000000004
2009.1,352.40209999999877
2009.2,352.8047524752485
2009.3,352.5286000000001
2009.4,352.76980000000003
2009.5,352.8077999999999
2009.6,352.55379999999997
2009.7,352.40800000000013
2009.8,352.2204000000004
2009.9,352.79159999999985
2010.0,352.49620000000004
2010.1,352.6412871287129
2010.2,352.92070000000047
2010.3,352.65959999999967
2010.4,352.4970999999992
2010.5,352.19
2010.6,352.23929999999956
2010.7,352.5258999999996
2010.8,352.75
2010.9,352.7193999999996
2011.0,352.50030000000066
2011.1,352.1785148514849
2011.2,352.31639999999896
2011.3,352.5471999999999
2011.4,352.4463999999998
2011.5,352.27
2011.6,352.2876
2011.7,352.4279999999989
2011.8,352.6655999999999
2011.9,352.5595999999998
2012.0,352.4332673267328
2012.1,352.5425000000005
2012.2,352.1645
2012.3,352.2020000000002
2012.4,352.3509999999994
2012.5,352.81
2012.6,352.7020000000008
2012.7,352.1244999999997
2012.8,352.28399999999937
2012.9,352.15871287128675
2013.0,352.5889999999998
2013.1,352.4333999999999
2013.2,352.3455999999983
2013.3,352.7567999999995
2013.4,352.4706000000004
2013.5,352.6989999999998
2013.6,352.5279999999998
2013.7,352.31479999999897
2013.8,352.51875247524686
2013.9,352.1513980198022
2014.0,352.5788000000002
2014.1,352.3323000000002
2014.2,352.10469999999987
2014.3,352.3051000000009
2014.4,352.5607999999999
2014.5,352.6441000000003
2014.6,352.2596000000001
2014.7,352.19
2014.8,352.2698019802002
2014.9,352.78119999999956
2015.0,352.5207999999995
2015.1,352.1504000000002
2015.2,352.08000000000004
2015.3,352.14360000000096
2015.4,352.6051999999999
2015.5,352.57
2015.6,352.58559999999966
2015.7,352.7023762376237
2015.8,352.68480000000005
2015.9,352.3989
2016.0,352.36800000000005
2016.1,352.23619999999994
2016.2,352.5638000000003
2016.3,352.2460999999999
2016.4,352.68570000000005
2016.5,352.5766
2016.6,352.5850198019803
2016.7,352.2504554455449
2016.8,352.45099999999934
2016.9,352.2170000000006
2017.0,352.4760000000003
2017.1,352.62599999999986
2017.2,352.6310000000011
2017.3,352.2030000000003
2017.4,352.3149999999999
2017.5,352.31500000000085
2017.6,352.69623762376284
2017.7,352.4512000000001
2017.8,352.18070000000006
2017.9,352.4206000000001
2018.0,352.7084
2018.1,352.50710000000004
2018.2,352.6539000000001
2018.3,352.3981
2018.4,352.4827
2018.5,352.4716831683168
2018.6,352.12079999999906
2018.7,352.6075999999996
2018.8,352.79959999999966
2018.9,352.65119999999916
2019.0,352.3399999999996
2019.1,352.5228000000011
2019.2,352.01599999999917
2019.3,352.40279999999905
2019.4,352.1169306930702
2019.5,352.43350000000004
2019.6,352.50310000000013
2019.7,352.8176999999996
2019.8,352.8688999999995
2019.9,352.2089000000002
2020.0,352.4473999999999
2020.1,352.30310000000014
2020.2,352.6030000000004
2020.3,352.50814257425736
2020.4,352.4944000000007
2020.5,352.71100000000024
2020.6,352.59099999999955
2020.7,352.8828000000009
2020.8,352.30420000000026
2020.9,352.391000000001
2021.0,352.6816000000009
2021.1,352.09439999999967
2021.2,352.3415999999995
2021.3,352.6681188118806
2021.4,352.48450000000014
2021.5,352.57250000000005
2021.6,352.6205
2021.7,352.6120000000012
2021.8,352.2644999999999
2021.9,352.1655000000001
2022.0,352.27250000000004
2022.1,352.3325000000002
2022.2,352.5363366336656
2022.3,351.89360000000033
2022.4,351.9915999999997
2022.5,352.27
2022.6,352.2839999999997
2022.7,352.61800000000005
2022.8,352.55799999999897
2022.9,352.2795999999998
2023.0,352.50880000000006
2023.1,352.48150495049504
2023.2,352.5048792079217
2023.3,352.0890000000005
2023.4,352.3872000000004
2023.5,352.61279999999965
2023.6,352.3871999999993
2023.7,352.61280000000073
2023.8,352.3766999999998
2023.9,352.2805000000006
2024.0,352.61279999999965
2024.1,352.37673267326767
2024.2,352.2741999999999
2024.3,352.47419999999886
2024.4,352.2005999999998
2024.5,352.70940000000024
2024.6,352.1937999999999
2024.7,352.38
2024.8,352.3767999999994
2024.9,352.2158000000001
2025.0,352.0193069306929
2025.1,352.47630000000095
2025.2,352.1131999999992
2025.3,352.43
2025.4,352.42759999999953
2025.5,352.1918000000004
2025.6,352.36900000000026
2025.7,352.26740000000063
2025.8,352.0136000000008
2025.9,352.3689999999998
2026.0,352.2728712871293
2026.1,352.67
2026.2,352.38
2026.3,352.27
2026.4,352.51
2026.5,352.27
2026.6,352.27
2026.7,352.19
2026.8,352.09000000000003
2026.9,352.38
2027.0,352.3007920792081
2027.1,352.4088999999998
2027.2,352.56839999999966
2027.3,352.3818999999995
2027.4,351.90479999999883
2027.5,352.07819999999964
2027.6,352.4759999999992
2027.7,352.16320000000064
2027.8,351.7936999999991
2027.9,351.86841584158424
2028.0,351.87
2028.1,352.2914000000002
2028.2,352.3783999999997
2028.3,352.1937999999999
2028.4,352.26840000000004
2028.5,352.56400000000014
2028.6,352.0897999999998
2028.7,351.9036000000007
2028.8,351.90000000000003
2028.9,352.1813861386147
2029.0,352.19
2029.1,352.2675999999999
2029.2,352.29909999999995
2029.3,352.37760000000026
2029.4,352.38
2029.5,352.6709999999996
2029.6,352.28230000000065
2029.7,352.27
2029.8,352.1931683168316
2029.9,352.55480000000034
2030.0,352.57
2030.1,352.4835999999999
2030.2,352.2784000000007
2030.3,352.19319999999993
2030.4,351.98839999999984
2030.5,352.3640000000004
2030.6,352.38
2030.7,352.38
2030.8,352.57950000000073
2030.9,352.571
2031.0,352.1045000000006
2031.1,352.4599999999996
2031.2,352.20450000000034
2031.3,352.19
2031.4,351.9145000000003
2031.5,352.3559999999995
2031.6,352.4082178217821
2031.7,352.09980000000104
2031.8,352.1834000000002
2031.9,352.16179999999997
2032.0,352.16
2032.1,352.08480000000026
2032.2,352.18339999999966
2032.3,352.19
2032.4,352.2652000000001
2032.5,352.5520000000004
2032.6,352.2907920792081
2032.7,352.0282000000002
2032.8,352.251800000001
2032.9,352.00030000000015
2033.0,352.5286999999996
2033.1,352.3933000000001
2033.2,352.1103000000002
2033.3,352.2574000000007
2033.4,352.3723
2033.5,352.2050495049502
2033.6,352.2635999999998
2033.7,351.929600000001
2033.8,351.97360000000015
2033.9,352.4492000000009
2034.0,352.2875999999996
2034.1,352.27
2034.2,352.1964000000002
2034.3,352.19
2034.4,351.9987128712871
2034.5,352.17109999999997
2034.6,352.26279999999997
2034.7,352.27
2034.8,352.3792
2034.9,352.2080000000001
2035.0,351.99890000000005
2035.1,352.24389999999994
2035.2,352.00610000000006
2035.3,351.98
2035.4,352.34000000000094
2035.5,352.30800000000016
2035.6,352.2730000000001
2035.7,352.1080000000004
2035.8,351.99099999999976
2035.9,352.24100000000067
2036.0,352.19800000000015
2036.1,352.19
2036.2,351.8390000000009
2036.3,352.4148514851488
2036.4,352.1517999999999
2036.5,352.26130000000006
2036.6,352.6360000000001
2036.7,352.14599999999984
2036.8,352.24910000000017
2036.9,352.27
2037.0,352.3679
2037.1,352.47790000000003
2037.2,352.2256435643569
2037.3,352.36600000000055
2037.4,352.29319999999973
2037.5,352.20080000000013
2037.6,352.4539999999995
2037.7,352.49
2037.8,352.30519999999945
2037.9,352.1127999999995
2038.0,352.2571999999998
2038.1,352.3758415841585
2038.2,352.46818415841557
2038.3,352.14069999999975
2038.4,352.60330000000044
2038.5,352.25369999999964
2038.6,352.19
2038.7,352.0073000000007
2038.8,352.06700000000006
2038.9,352.24530000000016
2039.0,352.27
2039.1,352.27
2039.2,352.3645999999999
2039.3,352.2165999999994
2039.4,352.35339999999985
2039.5,352.1908000000003
2039.6,352.16
2039.7,351.9106000000004
2039.8,352.30860000000166
2039.9,352.21660000000014
2040.0,352.35178217821795
2040.1,351.8869999999994
2040.2,352.04649999999924
2040.3,352.1750000000001
2040.4,352.2665000000001
2040.5,352.28000000000003
2040.6,352.3650000000001
2040.7,352.31200000000024
2040.8,352.0279999999997
2040.9,352.0725742574257
2041.0,351.75400000000036
2041.1,351.9419999999997
2041.2,352.14119999999986
2041.3,352.0103999999993
2041.4,352.2236
2041.5,352.0264000000003
2041.6,352.3831999999996
2041.7,352.3928000000001
2041.8,352.47148514851506
2041.9,352.1573267326725
2042.0,352.3307000000005
2042.1,352.2306000000004
2042.2,352.3493999999995
2042.3,352.2222999999997
2042.4,352.10699999999986
2042.5,352.2477000000003
2042.6,352.36299999999983
2042.7,352.53769999999946
2042.8,352.8247524752475
2042.9,541.0371999998956
2043.0,614.6069999999821
2043.1,657.72079999998
2043.2,721.4637999999691
2043.3,738.9270000000023
2043.4,739.2992000000004
2043.5,743.2299999999977
2043.6,693.6672000000281
2043.7,715.325049504866
2043.8,688.0475999999119
2043.9,529.2828999996195
2044.0,483.79449999997433
2044.1,602.4158999997554
2044.2,628.199900000008
2044.3,715.1267000002211
2044.4,737.0775000000036
2044.5,733.3194999999896
2044.6,731.7094336633622
2044.7,698.8661386138812
2044.8,694.3760000000041
2044.9,706.422
2045.0,724.77
2045.1,754.66
2045.2,760.624
2045.3,944.0260000002086
2045.4,1007.2620000000001
2045.5,695.8559999999999
2045.6,725.1972277225528
2045.7,753.5489000000002
2045.8,743.8208999999692
2045.9,741.6587000000013
2046.0,703.0837000000535
2046.1,740.278999999877
2046.2,741.1843000000304
2046.3,742.8574000000151
2046.4,766.6687000000713
2046.5,760.2702970296889
2046.6,745.1511999999932
2046.7,561.3992000007155
2046.8,633.8336000000719
2046.9,724.2418000000324
2047.0,796.2538000000329
2047.1,754.3965999999664
2047.2,745.7227999999698
2047.3,780.8952000000193
2047.4,756.0138732672278
2047.5,753.3384673267269
2047.6,713.8830000000861
2047.7,762.901399999873
2047.8,754.925999999899
2047.9,746.3515999999972
2048.0,783.4156999999735
2048.1,760.200300000071
2048.2,751.6878999999964
2048.3,715.6479603959737
2048.4,763.2550217822486
2048.5,755.0847999999679
2048.6,779.0340000000388
2048.7,563.0104000007582
2048.8,628.2688000001635
2048.9,595.7667999999094
2049.0,630.1088000000697
2049.1,719.9552000000855
2049.2,658.061200000283
2049.3,599.1690099008717
2049.4,656.715
2049.5,671.2400000000124
2049.6,598.6625000001059
2049.7,629.2674999999183
2049.8,712.3000000002959
2049.9,645.2125000000001
2050.0,598.0925000000266
2050.1,657.8524999999006
2050.2,674.6779207920971
2050.3,600.0621999998657
2050.4,627.0148000000969
2050.5,704.3174000001085
2050.6,642.1914000002239
2050.7,601.1490000000514
2050.8,661.463200000119
2050.9,665.104599999965
2051.0,593.2777999998799
2051.1,627.171518811871
2051.2,700.3402861385648
2051.3,647.484599999946
2051.4,610.2918000000097
2051.5,667.1924999999433
2051.6,657.4916000000301
2051.7,584.2700000000573
2051.8,622.4209000000454
2051.9,708.9628999999402
2052.0,647.6561000000795
2052.1,611.3846534653608
2052.2,668.1307999997779
2052.3,648.6703999998932
2052.4,585.6631999998824
2052.5,429.10119999965025
2052.6,478.53679999979124
2052.7,515.9640000000104
2052.8,680.4208000004182
2052.9,745.1572000000009
2053.0,663.4481188118402
2053.1,723.1491999999703
2053.2,687.9481000000234
2053.3,606.755699999921
2053.4,654.1032999999782
2053.5,679.5605000000007
2053.6,638.1823000000129
2053.7,635.9112999999954
2053.8,729.8310000001354
2053.9,693.4132861384614
2054.0,610.0123663367019
2054.1,653.4499999997854
2054.2,708.824999999912
2054.3,706.8539999999559
2054.4,633.9939999997822
2054.5,705.6469999998695
2054.6,680.623000000221
2054.7,594.6970000001844
2054.8,634.8540000002095
2054.9,694.1286138614248
2055.0,624.5809999999724
2055.1,617.2137000000099
2055.2,702.5506999996973
2055.3,677.8404999999813
2055.4,562.8259999999705
2055.5,611.8532000000293
2055.6,717.7836000000217
2055.7,662.2999000003588
2055.8,626.6418811881259
2055.9,691.9064000002571
2056.0,722.6379999999997
2056.1,669.8836000001419
2056.2,595.3376000001326
2056.3,623.2516000002057
2056.4,714.0236000002674
2056.5,656.9968000000473
2056.6,623.2131999999791
2056.7,712.0448514847482
2056.8,688.580999999934
2056.9,601.4284999999437
2057.0,630.6943000000575
2057.1,634.932699999976
2057.2,614.5765000000308
2057.3,610.0823999999998
2057.4,698.3094000000899
2057.5,672.056299999929
2057.6,583.8051999999451
2057.7,618.1437623761763
2057.8,689.1350000001934
2057.9,627.4813999999774
2058.0,604.5565999999596
2058.1,693.2553999998373
2058.2,654.5404000001638
2058.3,550.8153999996966
2058.4,625.2640000000295
2058.5,711.4157999999356
2058.6,645.2079207924157
2058.7,619.2474999999074
2058.8,719.3535000001585
2058.9,695.3724999998727
2059.0,604.0274999999087
2059.1,638.3464999998254
2059.2,705.2624999998252
2059.3,641.2999999998567
2059.4,621.5945000000427
2059.5,718.3225742574025
2059.6,696.9016000000962
2059.7,604.9860000000765
2059.8,638.6140000003633
2059.9,700.6848000000298
2060.0,631.3032000001194
2060.1,604.393999999971
2060.2,648.2119999999541
2060.3,667.3572000000054
2060.4,716.728083168374
2060.5,743.9964960396032
2060.6,744.1156999999995
2060.7,745.8664999999925
2060.8,719.0584999999298
2060.9,716.1790000000339
2061.0,698.0157999999342
2061.1,718.6236999999273
2061.2,681.516900000273
2061.3,640.989599999984
2061.4,635.3200990099
2061.5,671.6723999999725
2061.6,695.5131999999994
2061.7,695.0380000000007
2061.8,713.91660000004
2061.9,739.5247999999899
2062.0,750.2311999999982
2062.1,720.0648000000231
2062.2,741.0123999999704
2062.3,737.9366336632393
2062.4,742.5359000000741
2062.5,753.9660000000033
2062.6,692.6530000002444
2062.7,647.9193000000272
2062.8,658.4603000000496
2062.9,688.4609000000689
2063.0,743.3788999999501
2063.1,752.0096000000741
2063.2,746.6587128712771
2063.3,763.5040000000388
2063.4,769.434
2063.5,752.8
2063.6,720.54
2063.7,743.208
2063.8,755.4239999999611
2063.9,756.1320000000001
2064.0,545.778
2064.1,534.079069306661
2064.2,701.6041584155744
2064.3,781.0136000001102
2064.4,786.9926999999487
2064.5,778.6118
2064.6,744.2525000001192
2064.7,742.8312999999221
2064.8,726.4678999998645
2064.9,743.3434000001657
2065.0,772.7573742574266
2065.1,777.2371702970345
2065.2,780.8389999999945
2065.3,748.6237999999739
2065.4,739.3738000000117
2065.5,727.5621999999823
2065.6,748.5952000000293
2065.7,775.926799999999
2065.8,779.0548000000023
2065.9,766.8481999999888
2066.0,675.3905940595066
2066.1,704.1771999997518
2066.2,701.8254000001939
2066.3,600.8161999997478
2066.4,613.3395000000314
2066.5,700.7553999998596
2066.6,658.6449000002235
2066.7,606.6902999999764
2066.8,700.6989000004546
2066.9,700.536336633454
2067.0,600.6723999999209
2067.1,616.8196000000884
2067.2,700.1139999998815
2067.3,653.6035999998727
2067.4,607.2676000000248
2067.5,701.4368000001335
2067.6,702.644799999897
2067.7,604.320400000142
2067.8,621.1070930695325
2067.9,693.8726683168777
2068.0,642.4185000001547
2068.1,609.660999999941
2068.2,704.7439999998517
2068.3,702.0579999996193
2068.4,607.676999999927
2068.5,624.2554999998911
2068.6,690.1839999999529
2068.7,636.3820000001498
2068.8,608.9736633664697
2068.9,702.4164000001688
2069.0,701.530799999854
2069.1,609.8922000000857
2069.2,624.4019999997014
2069.3,684.3602000000425
2069.4,629.5167999998253
2069.5,611.7264000001039
2069.6,700.9435999998905
2069.7,576.1017821788024
2069.8,526.1998000002716
2069.9,598.2473000000202
2070.0,589.0463999999939
2070.1,640.8775999999386
2070.2,697.3068999999817
2070.3,646.4501999998259
2070.4,623.1229999999578
2070.5,712.7935999999222
2070.6,710.0328049505677
2070.7,620.7313267328022
2070.8,632.8544000001668
2070.9,695.4076000000648
2071.0,649.5795999997799
2071.1,610.9223999999796
2071.2,695.5811999996499
2071.3,706.6103999998231
2071.4,623.8467999998737
2071.5,636.6072000001611
2071.6,686.7083168316943
2071.7,639.9534000000241
2071.8,612.8130000000966
2071.9,689.4332999999764
2072.0,690.1821000000224
2072.1,607.4012000000155
2072.2,619.3463999999799
2072.3,678.2177000000606
2072.4,632.2580000000271
2072.5,611.3173267325807
2072.6,513.2000000006133
2072.7,512.1549999993915
2072.8,591.7049999997532
2072.9,536.2049999999944
2073.0,594.52
2073.1,654.0150000000003
2073.2,610.3600000001982
2073.3,607.1400000001836
2073.4,633.851287128648
2073.5,619.7145891089125
2073.6,615.9457999999985
2073.7,651.3783999998416
2073.8,632.5971999999725
2073.9,570.3243999999997
2074.0,609.1869000000183
2074.1,689.7764000000183
2074.2,676.2475000002225
2074.3,611.7679999999964
2074.4,645.2241584157767
2074.5,660.0288000001109
2074.6,592.3304000001365
2074.7,589.8095999998617
2074.8,677.1432000002717
2074.9,663.5539999999256
2075.0,599.1571999999757
2075.1,664.4783999997787
2075.2,684.0968000001652
2075.3,598.3459405939186
2075.4,601.3959000000661
2075.5,642.2572999999848
2075.6,581.7490999999294
2075.7,589.4481999998064
2075.8,696.6112000000531
2075.9,681.8918999999187
2076.0,608.0826999999846
2076.1,637.47470000006
2076.2,679.6741722772402
2076.3,631.4663227721076
2076.4,613.6544000000755
2076.5,689.404599999886
2076.6,679.6174000001628
2076.7,607.439000000023
2076.8,636.915600000267
2076.9,678.9247999999923
2077.0,633.0912000001246
2077.1,614.3807999999093
2077.2,686.2100990097216
2077.3,669.9634999998505
2077.4,589.0589999999784
2077.5,629.1640000001277
2077.6,707.0634999999675
2077.7,727.3549999999956
2077.8,708.6074999999508
2077.9,716.3200000000795
2078.0,738.2464999999581
2078.1,718.2083168316832
2078.2,735.9171999999639
2078.3,742.7011999999427
2078.4,723.5167999999992
2078.5,687.2188000000762
2078.6,625.5680000000306
2078.7,623.5659999999654
2078.8,690.4172000001693
2078.9,748.0020000000006
2079.0,748.3167881188119
2079.1,733.3100455445683
2079.2,720.1219999999456
2079.3,717.7271999999523
2079.4,717.3555000000619
2079.5,741.4522000000072
2079.6,741.3224000000023
2079.7,738.5412999999944
2079.8,721.6860999999336
2079.9,649.4600742570826
2080.0,650.2432811880384
2080.1,753.0757999999831
2080.2,773.5178000000011
2080.3,766.7103999999719
2080.4,736.7616000000244
2080.5,708.3701999999971
2080.6,712.8153999999992
2080.7,727.747399999985
2080.8,747.7604000000047
2080.9,748.2747524752465
2081.0,752.9731000000025
2081.1,747.1211000000858
2081.2,749.7351999998607
2081.3,804.63930000011
2081.4,772.9867999996839
2081.5,716.4691000000154
2081.6,779.609899999919
2081.7,798.396100000002
2081.8,777.4746534652859
2081.9,748.308
2082.0,731.008
2082.1,735.802
2082.2,769.6300000000676
2082.3,747.958
2082.4,766.5340000000001
2082.5,777.6400000000001
2082.6,754.842
2082.7,735.3569702970672
2082.8,735.0354821784125
2082.9,773.0304999999448
2083.0,760.5511000000018
2083.1,771.4611999999507
2083.2,656.1318000006822
2083.3,538.4881000005497
2083.4,662.271799999934
2083.5,680.2894000000636
2083.6,683.528900000263
2083.7,600.4352475247867
2083.8,627.5390000000414
2083.9,680.8891999999963
2084.0,639.053599999956
2084.1,603.7348000000295
2084.2,675.9185999998931
2084.3,681.243799999944
2084.4,602.0791999999965
2084.5,630.0442000000392
2084.6,678.3972277227765
2084.7,633.3586000001579
2084.8,598.1042000002177
2084.9,673.3034000000991
2085.0,681.5301000001755
2085.1,608.8928000000136
2085.2,636.0784999998599
2085.3,676.5538999998802
2085.4,620.3025999998943
2085.5,596.8673267326205
2085.6,675.466799999942
2085.7,686.4736000004037
2085.8,611.6059999999903
2085.9,635.6780000000781
2086.0,671.977999999953
2086.1,611.8648000000546
2086.2,592.4939999997102
2086.3,677.140800000085
2086.4,693.065599999889
2086.5,613.5235643564349
2086.6,642.8534999998963
2086.7,678.0565000000782
2086.8,608.8509999997615
2086.9,591.1135000001441
2087.0,597.2435000001473
2087.1,526.7124999999555
2087.2,585.080999999893
2087.3,643.7419999999759
2087.4,625.9890099008886
2087.5,628.1894000001084
2087.6,679.8044000000004
2087.7,648.1530000002818
2087.8,614.132200000098
2087.9,687.1352000001027
2088.0,701.5347999998584
2088.1,623.1528000000053
2088.2,631.4183999997429
2088.3,681.8990099009845
2088.4,646.8974000000609
2088.5,611.1406999999504
2088.6,684.3002999999496
2088.7,699.1832000000716
2088.8,620.7320999999417
2088.9,626.7623999999535
2089.0,669.097800000007
2089.1,634.4071000000574
2089.2,599.9579792078773
2089.3,668.5240079210256
2089.4,681.4755999997915
2089.5,600.5175999999966
2089.6,619.4119999997848
2089.7,657.545200000132
2089.8,604.5951999998861
2089.9,507.78879999969183
2090.0,448.881200000064
2090.1,588.5319999998292
2090.2,613.5697029704031
2090.3,631.8149000005262
2090.4,756.8296999999998
2090.5,726.092100000023
2090.6,634.5253000000159
2090.7,613.4111999999799
2090.8,680.779900000059
2090.9,657.3909000000275
2091.0,598.0213999999826
2091.1,653.697425742567
2091.2,639.0500000001553
2091.3,617.2830000001974
2091.4,681.0740000000229
2091.5,655.7239999999018
2091.6,575.4120000000356
2091.7,611.94599999964
2091.8,723.3040000000041
2091.9,681.8329999996763
2092.0,580.954980198016
2092.1,600.8263029701822
2092.2,628.9752000000962
2092.3,586.3794000000157
2092.4,657.9973000000178
2092.5,676.6881999999711
2092.6,591.6401000000043
2092.7,537.9751000002519
2092.8,447.0640000000572
2092.9,614.131899999991
2093.0,586.728811881187
2093.1,615.8675999998255
2093.2,686.5035999999898
2093.3,658.4087999996868
2093.4,597.3872000001124
2093.5,679.9023999998252
2093.6,724.0984000001623
2093.7,638.0284000001418
2093.8,608.1260000002557
2093.9,681.4145544554905
2094.0,665.6525999999219
2094.1,601.8439000000502
2094.2,682.0720999999464
2094.3,728.9966999999374
2094.4,641.7129999999487
2094.5,606.9915000000508
2094.6,659.0422999999943
2094.7,619.0854000000681
2094.8,568.4596039605991
2094.9,600.1895999993876
2095.0,371.65040000001085
2095.1,447.1763999995728
2095.2,694.910799999916
2095.3,728.6759999998555
2095.4,706.3328000000866
2095.5,739.0515999999964
2095.6,741.0537999999998
2095.7,741.3921346534642
2095.8,794.5772029704634
2095.9,900.4999999997589
2096.0,731.3224999999543
2096.1,717.73
2096.2,756.7275000001466
2096.3,725.370000000004
2096.4,736.4400000000385
2096.5,752.8449999999592
2096.6,724.9625
2096.7,711.5602970298205
2096.8,697.6076000001916
2096.9,753.9620000000032
2097.0,751.9999999999975
2097.1,754.0108000000002
2097.2,679.5472000002812
2097.3,431.17439999985817
2097.4,453.2659999997559
2097.5,658.0179999999971
2097.6,686.6290099008379
2097.7,770.0979000000067
2097.8,765.7233999999818
2097.9,745.7979999999229
2098.0,709.6639000000027
2098.1,714.6651999999845
2098.2,725.087099999918
2098.3,749.1702000000187
2098.4,758.3641000000011
2098.5,757.1356435643479
2098.6,744.5738000000138
2098.7,733.0065999999752
2098.8,827.264200000727
2098.9,935.181200000156
2099.0,693.281799999947
2099.1,781.6314000000056
2099.2,772.0270000000003
2099.3,755.2641999997716
2099.4,718.8230574257509
2099.5,777.8010871286178
2099.6,719.5374999999256
2099.7,748.252199999938
2099.8,762.9228999999519
2099.9,745.7801000000139
2100.0,741.9388999999521
2100.1,724.5560999997939
2100.2,777.06210000015
2100.3,732.1753000000243
2100.4,748.4634653465876
2100.5,767.6
2100.6,749.748
2100.7,754.0380000001658
2100.8,635.752
2100.9,724.1080000000001
2101.0,625.8119999999999
2101.1,601.16
2101.2,674.4199999999989
2101.3,654.054455445492
2101.4,582.0928000001214
2101.5,661.5593999997908
2101.6,720.6134000002561
2101.7,612.4993000000727
2101.8,600.9321000002266
2101.9,673.7171999999949
2102.0,652.0456000002063
2102.1,584.0054999998539
2102.2,660.2937089106556
2102.3,715.050263366274
2102.4,600.7781999999958
2102.5,609.6930000000423
2102.6,682.9607999999928
2102.7,652.1366000000359
2102.8,584.1066000000325
2102.9,657.6294000000379
2103.0,704.4985999999458
2103.1,605.133399999996
2103.2,614.2346534653548
2103.3,684.0126999999004
2103.4,640.1192999997954
2103.5,575.4911999998769
2103.6,655.200599999855
2103.7,709.9547000001959
2103.8,606.980799999986
2103.9,618.2586000001955
2104.0,683.9417000000811
2104.1,627.4830693070917
2104.2,571.0139999996957
2104.3,657.9056000000945
2104.4,702.0315999997547
2104.5,512.4004000002101
2104.6,686.8731999999778
2104.7,574.6164000002227
2104.8,548.2032000001421
2104.9,678.2123999999928
2105.0,657.7977227722267
2105.1,594.5164999999234
2105.2,665.4429999998961
2105.3,728.6089999997355
2105.4,638.1055000000615
2105.5,605.4774999998992
2105.6,682.293999999989
2105.7,674.5520000001216
2105.8,594.0350000001886
2105.9,665.7618564355773
2106.0,725.6359603958934
2106.1,630.2551999999714
2106.2,606.1083999997802
2106.3,664.5563999999908
2106.4,646.6709999998823
2106.5,581.5072000000887
2106.6,648.2582000000565
2106.7,699.1076000003618
2106.8,599.4335999999812
2106.9,599.3489108911798
2107.0,671.3343000000054
2107.1,652.3956000000634
2107.2,580.4195999999537
2107.3,639.6946000000047
2107.4,636.0355000000256
2107.5,602.7353000000028
2107.6,618.8785999998961
2107.7,738.159200000069
2107.8,639.5260396036659
2107.9,577.3792000001481
2108.0,658.0020000000953
2108.1,723.8855999999996
2108.2,711.6220000002814
2108.3,636.5028000002372
2108.4,737.7719999997951
2108.5,630.6731999999155
2108.6,581.0459999998001
2108.7,656.4488633660668
2108.8,722.536034653495
2108.9,605.4370999999956
2109.0,638.3262999999681
2109.1,749.6229000000282
2109.2,630.0334000000634
2109.3,562.8712999999786
2109.4,652.5608999999872
2109.5,688.6770000000287
2109.6,580.0898099009819
2109.7,625.0459603959855
2109.8,729.7519999997729
2109.9,631.8829999998186
2110.0,569.5220000001716
2110.1,648.9050000001251
2110.2,590.9830000001905
2110.3,522.6560000001607
2110.4,597.2990000002512
2110.5,696.7019999999993
2110.6,691.6005940595023
2110.7,657.2818999999819
2110.8,739.0541999999768
2110.9,640.5607999999849
2111.0,587.5822000000198
2111.1,670.1042000000072
2111.2,687.6809000000221
2111.3,576.6366999999999
2111.4,592.6980000000415
2111.5,748.9011881188071
2111.6,644.9488000001326
2111.7,585.2211999998334
2111.8,672.5532000001032
2111.9,697.4151999997073
2112.0,586.5643999999305
2112.1,601.4428000004605
2112.2,368.4064000000044
2112.3,366.0095999999942
2112.4,364.1668000000035
2112.5,365.4677990099021
2112.6,364.9451999999998
2112.7,364.43749999999517
2112.8,365.6077000000001
2112.9,365.71630000000005
2113.0,365.79369999999994
2113.1,365.6882999999999
2113.2,365.4153999999992
2113.3,365.61229999999995
2113.4,365.5176237623763
2113.5,365.6134000000002
2113.6,365.51
2113.7,365.48060000000066
2113.8,365.02
2113.9,365.04160000000104
2114.0,364.7170000000151
2114.1,354.3276000000001
2114.2,354.27440000000036
2114.3,354.02049504950446
2114.4,353.8609999999998
2114.5,353.6990000000002
2114.6,353.87800000000016
2114.7,354.0060000000017
2114.8,353.5595000000002
2114.9,353.7344999999999
2115.0,353.6259999999999
2115.1,353.55
2115.2,353.55399999999975
2115.3,353.63
2115.4,353.63
2115.5,353.6268000000001
2115.6,353.55319999999995
2115.7,353.6268000000001
2115.8,353.54559999999964
2115.9,353.44319999999993
2116.0,353.5243999999999
2116.1,353.62040000000025
2116.2,353.3868316831684
2116.3,353.3139000000002
2116.4,353.4433000000002
2116.5,353.53949999999946
2116.6,353.20719999999926
2116.7,353.43850000000015
2116.8,353.39480000000026
2116.9,353.5412999999995
2117.0,353.27110000000056
2117.1,353.63148514851474
2117.2,353.67420000000016
2117.3,353.39480000000094
2117.4,353.63
2117.5,353.6252000000001
2117.6,353.38840000000005
2117.7,353.31359999999995
2117.8,353.48419999999885
2117.9,353.1954000000001
2118.0,352.97836435643546
2118.1,353.3834475247531
2118.2,352.974199999999
2118.3,353.38519999999903
2118.4,352.9111000000002
2118.5,353.0208000000001
2118.6,353.0985000000004
2118.7,352.94820000000044
2118.8,352.7754000000011
2118.9,353.3059999999992
2119.0,352.9107920792081
2119.1,352.99
2119.2,353.02
2119.3,352.86
2119.4,352.65999999999997
2119.5,353.1
2119.6,352.86
2119.7,353.13
2119.8,353.21000000000004
2119.9,352.77
2120.0,353.01752475247474
2120.1,352.6636000000007
2120.2,352.90749999999946
2120.3,352.9496000000001
2120.4,352.8608999999998
2120.5,352.68180000000035
2120.6,352.91759999999954
2120.7,353.0981999999996
2120.8,352.77329999999915
2120.9,352.9464356435644
2121.0,352.98920000000004
2121.1,352.66659999999985
2121.2,353.09119999999825
2121.3,352.81579999999985
2121.4,352.85900000000004
2121.5,353.0952000000001
2121.6,352.8647999999999
2121.7,352.68360000000075
2121.8,353.1166336633676
2121.9,352.86809999999923
2122.0,353.01519999999977
2122.1,352.7775000000004
2122.2,352.77
2122.3,353.090100000001
2122.4,352.58589999999845
2122.5,352.8512999999996
2122.6,352.77270000000016
2122.7,352.57878514851575
2122.8,352.7236633663368
2122.9,352.9604000000002
2123.0,353.01800000000003
2123.1,352.8663999999999
2123.2,352.62960000000083
2123.3,352.8024000000002
2123.4,352.3875999999996
2123.5,352.5620000000002
2123.6,352.95400000000035
2123.7,352.6373267326736
2123.8,352.69600000000025
2123.9,352.9564999999998
2124.0,352.8655000000001
2124.1,352.58450000000033
2124.2,352.8454999999997
2124.3,352.86
2124.4,352.7555000000001
2124.5,352.8544999999999
2124.6,352.40851485148664
2124.7,352.74659999999875
2124.8,352.58199999999977
2124.9,352.57
2125.0,352.8426000000004
2125.1,352.58740000000086
2125.2,352.75799999999936
2125.3,352.4785999999996
2125.4,352.3753999999999
2125.5,352.7449762376241
2125.6,352.6677000000001
2125.7,353.15289999999965
2125.8,352.6319999999977
2125.9,352.3854000000001
2126.0,352.55599999999987
2126.1,352.8396999999998
2126.2,352.69260000000014
2126.3,352.68
2126.4,352.68
2126.5,352.5695049504949
2126.6,352.4864000000002
2126.7,352.6455999999995
2126.8,352.4943999999997
2126.9,352.4616
2127.0,352.5612000000002
2127.1,352.4964000000002
2127.2,352.84879999999896
2127.3,352.59479999999945
2127.4,352.29673267326734
2127.5,352.4611
2127.6,352.5619
2127.7,352.75199999999995
2127.8,352.50609999999995
2127.9,352.5619
2128.0,352.6519
2128.1,352.7419
2128.2,352.95019999999994
2128.3,352.5331999999999
2128.4,352.39089108910866
2128.5,352.81199999999916
2128.6,352.3290000000014
2128.7,352.45899999999955
2128.8,352.38099999999974
2128.9,352.37
2129.0,352.6309999999995
2129.1,352.3990000000007
2129.2,352.4509999999998
2129.3,352.6560396039605
2129.4,352.84020000000004
2129.5,352.86
2129.6,352.60189999999994
2129.7,352.4899
2129.8,352.5601000000001
2129.9,352.65900000000005
2130.0,352.581
2130.1,352.4899
2130.2,352.73554455445503
2130.3,352.51479999999924
2130.4,352.45359999999994
2130.5,352.7491999999996
2130.6,352.3588000000009
2130.7,352.44079999999974
2130.8,352.73280000000085
2130.9,352.5939999999995
2131.0,352.3060000000004
2131.1,352.45479999999964
2131.2,352.48
2131.3,352.4539
2131.4,352.47610000000003
2131.5,352.29729999999984
2131.6,352.53100000000023
2131.7,352.309000000001
2131.8,352.45270000000016
2131.9,352.30599999999987
2132.0,352.29740000000004
2132.1,352.5325742574255
2132.2,352.49260000000015
2132.3,352.48
2132.4,352.29940000000016
2132.5,352.3559999999999
2132.6,352.7139999999995
2132.7,352.5206000000004
2132.8,352.72940000000096
2132.9,352.6926000000001
2133.0,352.50970297029687
2133.1,352.6500000000002
2133.2,352.8329999999995
2133.3,352.45199999999943
2133.4,352.8815000000007
2133.5,352.45999999999935
2133.6,352.37
2133.7,352.7099999999989
2133.8,352.8465000000001
2133.9,352.86092574257447
2134.0,352.54019801980223
2134.1,352.5555999999999
2134.2,352.73799999999983
2134.3,352.6019999999993
2134.4,352.5616
2134.5,352.41720000000015
2134.6,352.46559999999994
2134.7,352.72359999999975
2134.8,352.2827999999979
2134.9,352.50603960396114
2135.0,352.3209999999995
2135.1,352.51069999999936
2135.2,353.0081999999984
2135.3,352.41109999999867
2135.4,352.60200000000066
2135.5,352.67830000000004
2135.6,352.5804000000003
2135.7,352.56829999999997
2135.8,352.41386138613865
2135.9,352.6095999999999
2136.0,352.65999999999997
2136.1,352.94699999999983
2136.2,352.97720000000004
2136.3,352.6419999999999
2136.4,352.65199999999993
2136.5,352.6782
2136.6,352.6964
2136.7,352.5228475247532
2136.8,352.24455445544487
2136.9,352.6598000000012
2137.0,352.6808999999998
2137.1,352.5871000000002
2137.2,352.3270000000008
2137.3,352.12419999999963
2137.4,352.32490000000064
2137.5,352.76880000000097
2137.6,352.9490999999998
2137.7,352.7374257425744
2137.8,352.0559999999993
2137.9,352.108
2138.0,352.648
2138.1,352.306
2138.2,352.422
2138.3,352.5440000000001
2138.4,352.736
2138.5,352.692
2138.6,352.35316831683235
2138.7,352.35689999999977
2138.8,352.6723000000009
2138.9,352.59989999999954
2139.0,352.4731000000001
2139.1,352.3078000000004
2139.2,352.20680000000016
2139.3,352.41910000000075
2139.4,352.163999999999
2139.5,352.4554455445549
2139.6,352.41959999999995
2139.7,352.4579999999997
2139.8,352.70620000000014
2139.9,352.46579999999983
2140.0,352.5204000000001
2140.1,352.10759999999976
2140.2,352.5103999999979
2140.3,352.7302
2140.4,352.3123504950495
2140.5,352.4139603960393
2140.6,352.2567000000005
2140.7,352.2515999999999
2140.8,352.65500000000145
2140.9,352.3849999999985
2141.0,352.43169999999986
2141.1,352.5492999999999
2141.2,352.50070000000017
2141.3,352.70330000000087
2141.4,352.5489108910887
2141.5,352.48
2141.6,352.2443999999997
2141.7,352.18519999999995
2141.8,352.38760000000025
2141.9,352.25239999999974
2142.0,352.7828000000007
2142.1,352.4607999999994
2142.2,352.14040000000057
2142.3,352.38286336633786
2142.4,352.2625
2142.5,352.54249999999945
2142.6,352.2250000000007
2142.7,352.13999999999993
2142.8,352.6850000000024
2142.9,352.4175
2143.0,352.49499999999966
2143.1,352.2850000000004
2143.2,352.4074999999997
2143.3,352.48
2143.4,352.3245999999997
2143.5,352.56600000000054
2143.6,352.3740000000008
2143.7,352.2921999999999
2143.8,352.4924000000004
2143.9,351.990199999999
2144.0,352.3598000000011
2144.1,352.2640000000008
2144.2,352.1819801980198
2144.3,352.5988000000003
2144.4,352.5529000000002
2144.5,352.5019
2144.6,352.45160000000004
2144.7,352.17450000000025
2144.8,352.4377000000003
2144.9,352.1758000000004
2145.0,352.46069999999963
2145.1,352.4075049504951
2145.2,352.22978217821833
2145.3,352.03879999999964
2145.4,352.383200000001
2145.5,352.66960000000034
2145.6,352.72
2145.7,352.6120000000004
2145.8,352.2963999999993
2145.9,352.55720000000093
2146.0,352.5055999999995
2146.1,352.5583168316832
2146.2,352.0278000000002
2146.3,352.07400000000047
2146.4,352.36039999999997
2146.5,352.4868
2146.6,352.45320000000004
2146.7,352.2383000000001
2146.8,352.31620000000026
2146.9,352.49359999999996
2147.0,352.34872178217836
2147.1,352.0107623762384
2147.2,352.3059999999987
2147.3,352.1999999999991
2147.4,352.24800000000056
2147.5,352.341
2147.6,352.2030000000005
2147.7,352.2309999999997
2147.8,352.27
2147.9,352.2349999999999
2148.0,352.0536633663364
2148.1,352.3664000000001
2148.2,352.298500000001
2148.3,352.04509999999993
2148.4,352.2905000000001
2148.5,352.6163000000001
2148.6,352.6448
2148.7,352.4544000000007
2148.8,352.38
2148.9,352.4141584158417
2149.0,352.2872000000001
2149.1,352.22
2149.2,352.2607999999999
2149.3,352.1507999999995
2149.4,352.5048000000017
2149.5,352.3192000000002
2149.6,352.31679999999955
2149.7,352.1824000000006
2149.8,352.0860594059405
2149.9,352.64802772277324
2150.0,352.6318999999997
2150.1,352.3760999999999
2150.2,352.56119999999913
2150.3,352.55269999999985
2150.4,352.5771000000001
2150.5,352.66020000000003
2150.6,352.2846999999996
2150.7,352.35129999999907
2150.8,352.5131683168318
2150.9,352.464
2151.0,352.20560000000046
2151.1,352.1559999999999
2151.2,352.19
2151.3,352.28240000000045
2151.4,352.17159999999996
2151.5,352.20879999999977
2151.6,352.2370000000001
2151.7,352.2526732673266
2151.8,352.3090000000001
2151.9,352.4275000000002
2152.0,352.61000000000024
2152.1,352.1730000000014
2152.2,352.29649999999793
2152.3,352.3539999999997
2152.4,352.3415000000001
2152.5,352.38
2152.6,352.3085000000002
2152.7,352.30217821782173
2152.8,352.23679999999956
2152.9,352.19
2153.0,352.52919999999955
2153.1,352.3616000000005
2153.2,352.42239999999964
2153.3,352.26279999999826
2153.4,352.6212000000006
2153.5,352.5040000000006
2153.6,352.2763366336634
2153.7,352.42489999999935
2153.8,352.12569999999903
2153.9,352.28430000000094
2154.0,352.28949999999946
2154.1,351.99620000000033
2154.2,352.13309999999893
2154.3,352.48420000000056
2154.4,352.34539999999936
2154.5,352.3085148514852
2154.6,352.46059999999994
2154.7,352.24340000000024
2154.8,352.42100000000073
2154.9,352.40680000000015
2155.0,352.332
2155.1,352.33900000000006
2155.2,352.41919999999993
2155.3,352.3001999999996
2155.4,352.35739999999987
2155.5,352.4906930693069
2155.6,352.2965000000009
2155.7,352.0502000000005
2155.8,351.98
2155.9,352.1264000000005
2156.0,352.2017
2156.1,352.19
2156.2,352.19
2156.3,352.1228999999998
2156.4,352.12831683168326
2156.5,352.226
2156.6,352.414
2156.7,352.25800000000004
2156.8,352.408000000001
2156.9,352.236
2157.0,351.992
2157.1,352.096
2157.2,352.322
2157.3,352.22207920791965
2157.4,352.20980000000054
2157.5,352.11120000000005
2157.6,352.4696999999983
2157.7,352.49140000000114
2157.8,352.3408000000003
2157.9,352.59060000000085
2158.0,352.60020000000003
2158.1,352.3389000000006
2158.2,352.3748019801978
2158.3,352.07693069306845
2158.4,352.19020000000035
2158.5,352.2943999999999
2158.6,351.8873999999998
2158.7,352.09599999999847
2158.8,352.44220000000007
2158.9,352.3581999999999
2159.0,352.32800000000003
2159.1,352.31199999999995
2159.2,352.1034653465349
2159.3,351.98
2159.4,352.14530000000013
2159.5,352.2244000000002
2159.6,352.19
2159.7,351.9677000000006
2159.8,352.0679000000014
2159.9,352.33840000000004
2160.0,352.3216000000002
2160.1,352.2244000000001
2160.2,352.0714851485154
2160.3,352.04160000000013
2160.4,352.09000000000003
2160.5,352.0844
2160.6,352.18640000000016
2160.7,352.22520000000014
2160.8,352.1339999999999
2160.9,352.2524000000003
2161.0,352.4416000000001
2161.1,352.2682178217823
2161.2,352.09000000000003
2161.3,352.18900000000065
2161.4,352.22599999999994
2161.5,352.1350000000001
2161.6,351.92500000000035
2161.7,351.8504999999999
2161.8,352.059500000001
2161.9,352.0139999999997
2162.0,351.9839207920794
2162.1,351.9669643564358
2162.2,352.3073999999974
2162.3,352.2587999999989
2162.4,352.0566000000004
2162.5,352.2926000000003
2162.6,352.3206000000001
2162.7,352.1674000000006
2162.8,352.13940000000014
2162.9,352.03339999999963
2163.0,352.151287128713
2163.1,352.12090000000035
2163.2,352.0536999999998
2163.3,352.19
2163.4,352.2324
2163.5,352.07390000000026
2163.6,352.09609999999975
2163.7,352.07390000000026
2163.8,352.09610000000055
2163.9,352.1335643564355
2164.0,351.8435999999994
2164.1,351.74199999999996
2164.2,352.0395999999987
2164.3,352.42600000000056
2164.4,352.47119999999967
2164.5,352.28119999999967
2164.6,352.19
2164.7,352.2315999999998
2164.8,352.02245940594014
2164.9,352.0351881188119
2165.0,352.1731000000001
2165.1,352.1208
2165.2,352.06820000000005
2165.3,352.0871000000004
2165.4,352.08290000000005
2165.5,352.08709999999996
2165.6,352.1492
2165.7,352.0039603960399
2165.8,351.99039603960443
2165.9,351.9899999999996
2166.0,352.18
2166.1,352.1650000000013
2166.2,351.9799999999995
2166.3,351.99499999999955
2166.4,352.1900000000013
2166.5,352.33500000000004
2166.6,352.1355445544556
2166.7,352.1735039603956
2166.8,352.12789999999995
2166.9,352.22500000000014
2167.0,352.3770999999999
2167.1,352.27
2167.2,351.9858000000012
2167.3,352.02810000000017
2167.4,352.3261
2167.5,352.27
2167.6,352.21663366336645
2167.7,351.98240000000067
2167.8,352.12120000000186
2167.9,352.3935999999999
2168.0,352.2472000000002
2168.1,352.29079999999965
2168.2,352.3424000000002
2168.3,352.3280000000003
2168.4,352.04879999999963
2168.5,351.88009900990073
2168.6,352.03829999999994
2168.7,352.0269999999999
2168.8,351.9953999999999
2168.9,351.90000000000003
2169.0,352.1726000000004
2169.1,352.5223000000001
2169.2,352.2927000000009
2169.3,352.13040000000024
2169.4,352.28603960396043
2169.5,352.27
2169.6,352.27
2169.7,352.2332000000001
2169.8,352.0565999999991
2169.9,351.9782000000002
2170.0,462.0605999996738
2170.1,624.8933999999
2170.2,655.5552000000264
2170.3,656.4178415842383
2170.4,693.4598514852655
2170.5,723.8715000000051
2170.6,728.9849999999946
2170.7,736.6084999999669
2170.8,717.4709999999382
2170.9,710.3550000000577
2171.0,688.3979999998741
2171.1,654.0434999999463
2171.2,699.973866336535
2171.3,715.5808118811835
2171.4,729.7531999999684
2171.5,751.170399999996
2171.6,726.8792000000553
2171.7,719.6335999999445
2171.8,757.0160000000121
2171.9,761.5735999999991
2172.0,751.3728000000222
2172.1,738.3887999999986
2172.2,740.2637623762334
2172.3,810.4287000002548
2172.4,765.769899999497
2172.5,625.0152000001458
2172.6,674.7517000000021
2172.7,707.0697999997551
2172.8,753.7194999999979
2172.9,758.1315000000192
2173.0,767.3865000000088
2173.1,757.9352475247313
2173.2,754.0197999999857
2173.3,755.175599999912
2173.4,731.8529999999998
2173.5,718.8150000000142
2173.6,724.5291999999743
2173.7,796.274799999958
2173.8,767.9227999995741
2173.9,653.7556000000011
2174.0,673.2825861385502
2174.1,702.1763782178235
2174.2,720.4007999998853
2174.3,740.9796999999676
2174.4,744.075300000062
2174.5,763.0647000000005
2174.6,765.8822999999924
2174.7,746.4853000001292
2174.8,747.0165000001548
2174.9,767.6947554454725
2175.0,741.9944158415867
2175.1,762.836
2175.2,767.7840000000242
2175.3,759.708
2175.4,742.4879999999999
2175.5,740.136
2175.6,686.554
2175.7,587.6119999998459
2175.8,651.5740000000001
2175.9,678.4560396039783
2176.0,642.5636999999126
2176.1,598.3968999998472
2176.2,684.7132999997863
2176.3,709.307399999749
2176.4,621.7866999998313
2176.5,615.2152000000646
2176.6,669.2593000000003
2176.7,629.7978000002066
2176.8,567.9876237623753
2176.9,595.5268000000334
2177.0,681.6586000000486
2177.1,712.5677999999576
2177.2,625.5908000000978
2177.3,613.2444000000422
2177.4,675.1582000000052
2177.5,638.778399999948
2177.6,596.6622000000344
2177.7,682.2484158415521
2177.8,706.9645999996854
2177.9,618.1898999999253
2178.0,614.5935999998563
2178.1,671.9694999999979
2178.2,633.5112000001691
2178.3,594.2856000002214
2178.4,677.8717000001253
2178.5,701.045900000167
2178.6,615.7381722773473
2178.7,615.409532672935
2178.8,671.9003999999951
2178.9,633.1539999999108
2179.0,596.3764000000657
2179.1,677.9187999999286
2179.2,697.0076000004414
2179.3,607.46279999997
2179.4,644.556400000147
2179.5,689.2855999998515
2179.6,605.8346534653571
2179.7,605.0420000001261
2179.8,576.0655000004199
2179.9,695.1215000002028
2180.0,727.8020000001293
2180.1,625.7910000000913
2180.2,606.2564999998938
2180.3,684.201000000168
2180.4,673.8629999997798
2180.5,612.9460396039467
2180.6,683.86099999998
2180.7,722.3934000003198
2180.8,629.9511999998952
2180.9,610.7204000001262
2181.0,685.8826000000565
2181.1,671.5670000000223
2181.2,612.8839999997928
2181.3,684.2230000001139
2181.4,705.6231683167648
2181.5,639.6295999999993
2181.6,646.0295999999884
2181.7,670.4359999999733
2181.8,656.2617999997102
2181.9,596.1148999999546
2182.0,671.7132999999359
2182.1,688.265700000096
2182.2,590.597600000007
2182.3,582.2906405940486
2182.4,580.5846574253944
2182.5,613.3492000000392
2182.6,652.6700000002912
2182.7,600.5343999998256
2182.8,674.5088000001734
2182.9,712.2199999998459
2183.0,630.858799999973
2183.1,608.0363999997646
2183.2,669.0231999999802
2183.3,641.2407920790882
2183.4,592.445799999984
2183.5,669.4581999999791
2183.6,734.0261999999993
2183.7,686.6340000000363
2183.8,606.4560000002812
2183.9,685.4975999999909
2184.0,670.2900000000313
2184.1,597.9293999999833
2184.2,672.1827722771632
2184.3,695.4219999997762
2184.4,610.140999999876
2184.5,597.7130000000781
2184.6,657.4410000000025
2184.7,627.7510000002189
2184.8,559.9899999999975
2184.9,580.9310000001645
2185.0,657.5520000000787
2185.1,671.1903960398436
2185.2,568.6404999999678
2185.3,608.6001000000149
2185.4,634.2062999999835
2185.5,569.3090999999895
2185.6,587.1862000000397
2185.7,692.4039000000711
2185.8,625.0692999999834
2185.9,596.7688000000182
2186.0,677.0004227722956
2186.1,699.3358336634085
2186.2,615.3624000000008
2186.3,639.484400000238
2186.4,684.011599999905
2186.5,616.8724000001308
2186.6,588.2599999998495
2186.7,676.2991999998152
2186.8,711.3859999996288
2186.9,615.6000000000113
2187.0,644.69445544545
2187.1,678.9945999999318
2187.2,591.0814000000302
2187.3,578.0403000000688
2187.4,673.9164000000561
2187.5,735.9189000000048
2187.6,740.5534999999986
2187.7,739.9453999999984
2187.8,726.1335999999595
2187.9,703.4114851485251
2188.0,744.56840000008
2188.1,707.8133999999651
2188.2,729.414999999986
2188.3,713.644199999714
2188.4,646.4211999999943
2188.5,664.699999999893
2188.6,721.7318000000055
2188.7,726.9567999999567
2188.8,735.8720495048028
2188.9,709.8324504951192
2189.0,745.4999999999453
2189.1,713.2825
2189.2,725.1349999999968
2189.3,734.7125000000403
2189.4,761.6700000000016
2189.5,747.1224999999291
2189.6,782.7425
2189.7,935.5525000012844
2189.8,646.3522772277058
2189.9,625.0864000000031
2190.0,649.3323999998984
2190.1,739.1779999999815
2190.2,753.1648000000059
2190.3,750.9784000000291
2190.4,760.0603999999985
2190.5,749.3408000000455
2190.6,726.8631999999409
2190.7,764.5711881188796
2190.8,731.0296000000263
2190.9,749.8841000000425
2191.0,754.0830999999613
2191.1,688.0165000001462
2191.2,649.4363000000064
2191.3,676.228600000197
2191.4,766.8158999999671
2191.5,744.8003999999855
2191.6,728.1510891088717
2191.7,731.9596000000186
2191.8,716.2900000002273
2191.9,772.9512000000013
2192.0,771.1651999999988
2192.1,767.911600000011
2192.2,749.009
2192.3,750.4946000000214
2192.4,754.1554000000036
2192.5,736.6944772277695
2192.6,713.7008900987984
2192.7,776.0658000000426
2192.8,761.9353999999934
2192.9,761.6049000000219
2193.0,704.4690999996592
2193.1,501.2068999994826
2193.2,661.5651000000368
2193.3,666.3988000001602
2193.4,702.4603999997488
2193.5,603.452772277212
2193.6,613.738
2193.7,681.8760000000177
2193.8,646.96
2193.9,584.588
2194.0,660.206
2194.1,699.7600000000001
2194.2,606.6980000000028
2194.3,620.634
2194.4,679.3042574257568
2194.5,634.0350000001811
2194.6,577.8805999998328
2194.7,659.7174999998317
2194.8,704.7027999997151
2194.9,611.4529999999913
2195.0,623.7906999998208
2195.1,685.3420000001007
2195.2,629.6288000001708
2195.3,577.6726029704714
2195.4,662.8128534653916
2195.5,719.2415999999407
2195.6,612.3282
2195.7,629.0095999999663
2195.8,692.5173999999683
2195.9,621.9447999999658
2196.0,575.3168000000379
2196.1,661.9176000000463
2196.2,721.0200000000492
2196.3,611.3820792079282
2196.4,634.2690000002067
2196.5,700.4923000001158
2196.6,626.9105000001232
2196.7,609.5551999995614
2196.8,794.6241999992411
2196.9,598.2886000002152
2197.0,679.792100000003
2197.1,687.3485999999148
2197.2,731.8553465346531
2197.3,716.2507999999103
2197.4,633.3251999999995
2197.5,636.9808000000234
2197.6,645.8091999999855
2197.7,592.8227999996886
2197.8,676.0060000000642
2197.9,715.4011999998868
2198.0,612.992000000012
2198.1,646.4407762377054
2198.2,749.6579900991242
2198.3,648.4789999997666
2198.4,589.5534999998955
2198.5,676.2939999999346
2198.6,704.4930000001572
2198.7,592.1309999999614
2198.8,639.0910000003295
2198.9,727.4865000001079
2199.0,634.6440000000924
2199.1,579.68554455432
2199.2,660.6273999999971
2199.3,650.831599999897
2199.4,591.4514000000546
2199.5,640.940800000147
2199.6,734.3332000000039
2199.7,714.3130000005604
2199.8,556.5903999999384
2199.9,540.5060000002215
2200.0,666.7521782177182
2200.1,583.2621000000006
2200.2,591.5307999999528
2200.3,663.4702000002964
2200.4,729.078800000069
2200.5,634.5910000000335
2200.6,603.5507999999378
2200.7,681.3936000000077
2200.8,659.7200999997012
2200.9,589.5709900989843
2201.0,661.6620000001027
2201.1,717.9680000003324
2201.2,609.3624000000314
2201.3,609.5308000001558
2201.4,672.8403999998179
2201.5,582.3075999999738
2201.6,572.5407999998115
2201.7,642.757599999786
2201.8,695.8083999997573
2201.9,578.3850287128714
2202.0,588.0342999999799
2202.1,665.465700000002
2202.2,647.3333000000662
2202.3,574.0281999999842
2202.4,644.716299999982
2202.5,708.5110000000141
2202.6,663.09559999998
2202.7,728.1228000000876
2202.8,620.9122772277228
2202.9,633.8430000002843
2203.0,736.3789999998182
2203.1,638.4780000001815
2203.2,574.7159999998164
2203.3,655.932000000194
2203.4,719.7709999997056
2203.5,604.2000000000176
2203.6,625.3719999997171
2203.7,728.3559405942822
2203.8,639.9552999999835
2203.9,580.7306000000178
2204.0,660.3765000000211
2204.1,733.0889999999703
2204.2,615.2200999999975
2204.3,633.5633000000145
2204.4,683.8661999999814
2204.5,622.4375000000329
2204.6,750.1976831683065
2204.7,712.222007920796
2204.8,733.383200000005
2204.9,734.7555999999919
2205.0,731.8167999999952
2205.1,731.1484000000719
2205.2,699.6947999998885
2205.3,752.5759999998799
2205.4,686.0235999992307
2205.5,407.7599999995216
2205.6,650.0304950494973
2205.7,651.5372000001162
2205.8,632.6559000000882
2205.9,750.4380999999753
2206.0,717.6064000000079
2206.1,730.8708000000133
2206.2,762.0132000001518
2206.3,725.6481000000013
2206.4,724.2594999999699
2206.5,687.8969306931056
2206.6,750.9220000000012
2206.7,750.3061999999969
2206.8,753.2092000000408
2206.9,760.1569999997525
2207.0,678.7544000000331
2207.1,657.1931999999717
2207.2,680.3137999999171
2207.3,737.3453999999971
2207.4,733.2965267325104
2207.5,686.9467425743511
2207.6,765.3799999999754
2207.7,739.7160000000009
2207.8,741.0395000000362
2207.9,769.2759999999553
2208.0,732.0370000000017
2208.1,731.6389999999661
2208.2,699.5159999997793
2208.3,742.8754999995879
2208.4,411.8877227725543
2208.5,668.7404
2208.6,669.3003999999875
2208.7,681.8024000000161
2208.8,667.6748000002467
2208.9,737.774799999964
2209.0,773.2084000000591
2209.1,713.1675999999454
2209.2,768.6140000000477
2209.3,719.9452475248979
2209.4,758.9309999999645
2209.5,738.3380000000503
2209.6,769.7949000002075
2209.7,701.9471999999786
2209.8,710.5222000000823
2209.9,759.4379999999325
2210.0,719.7812000000713
2210.1,766.8361000000507
2210.2,752.0434653463595
2210.3,804.8789999986532
2210.4,478.68019999991765
2210.5,654.1490000000438
2210.6,561.6245999999635
2210.7,641.966999999961
2210.8,723.7745999995348
2210.9,609.6840000000033
2211.0,604.4189999999571
2211.1,695.7426930693374
2211.2,633.7501178219768
2211.3,557.4745000001728
2211.4,642.086700000206
2211.5,740.3798999997259
2211.6,604.7742999999915
2211.7,609.1647999997512
2211.8,706.9105999998487
2211.9,632.9662999998478
2212.0,560.1365405942208
2212.1,639.7702970297054
2212.2,747.8199999999999
2212.3,601.12
2212.4,615.41
2212.5,727.44
2212.6,638.55
2212.7,562.79
2212.8,642.15
2212.9,742.76
2213.0,599.1
2213.1,612.9415841583877
2213.2,754.313399999708
2213.3,645.4539999997213
2213.4,561.6650999997911
2213.5,645.3561999998292
2213.6,731.825199999823
2213.7,594.0603000002866
2213.8,610.2424000000444
2213.9,768.6814000003998
2214.0,635.6988118811208
2214.1,567.8785999999698
2214.2,641.225999999695
2214.3,659.7138000000078
2214.4,658.6977999999995
2214.5,658.0133999999997
2214.6,721.2590000000293
2214.7,597.0512000005125
2214.8,628.5450000000158
2214.9,757.8334653469128
2215.0,760.7224000000016
2215.1,573.7031000003068
2215.2,663.9208999998424
2215.3,719.0469000001589
2215.4,723.5700000000088
2215.5,618.1046000001584
2215.6,761.9113999997587
2215.7,666.6567000001638
2215.8,582.2342514850656
2215.9,666.7108435644398
2216.0,700.2548000000284
2216.1,584.2935999998889
2216.2,623.87719999984
2216.3,738.1748000001064
2216.4,647.6183999999097
2216.5,568.3763999999287
2216.6,654.2608000000844
2216.7,695.0835999998665
2216.8,577.3523762372154
2216.9,630.8474999999428
2217.0,647.9929999999833
2217.1,548.7710000001197
2217.2,564.9419999999744
2217.3,757.419000000687
2217.4,659.1710000001037
2217.5,573.3945000000958
2217.6,640.7814999999143
2217.7,741.4499999996877
2217.8,744.4209999999955
2217.9,615.5339999998132
2218.0,621.5328000000206
2218.1,739.6391999996372
2218.2,654.0318000003152
2218.3,574.2529999998928
2218.4,649.6562000001163
2218.5,729.5658000001085
2218.6,611.3023762376945
2218.7,618.8334999999878
2218.8,646.9019000001115
2218.9,631.5290000000068
2219.0,558.4426000000526
2219.1,635.9959999999392
2219.2,707.5817999999521
2219.3,590.8931999994945
2219.4,604.552899999991
2219.5,732.4675009903206
2219.6,570.5999287133153
2219.7,555.7915999999993
2219.8,769.6640000004229
2219.9,583.8083999995958
2220.0,758.678000000381
2220.1,761.068800000037
2220.2,581.3768000005292
2220.3,633.0016000001327
2220.4,728.4651247526522
2220.5,616.275643564362
2220.6,614.4225999999976
2220.7,638.4684999999943
2220.8,639.6579999999998
2220.9,617.7373000000055
2221.0,643.0983999999931
2221.1,738.093999999977
2221.2,623.9423000000309
2221.3,619.6306000000016
2221.4,710.7973267328745
2221.5,641.57500000016
2221.6,576.7910000001415
2221.7,626.5139999998587
2221.8,671.0520000000968
2221.9,727.5100000001319
2222.0,737.6929999999912
2222.1,679.1310000001491
2222.2,685.6649999999669
2222.3,737.9031683168571
2222.4,700.3397999999888
2222.5,729.969300000009
2222.6,732.2796999999995
2222.7,735.5811000000009
2222.8,412.2824999997353
2222.9,612.1161000000614
2223.0,649.796700000002
2223.1,647.8351999999993
2223.2,720.309009900861
2223.3,728.3963999999946
2223.4,743.7448000000484
2223.5,745.9931999999998
2223.6,738.274800000016
2223.7,706.0504000000644
2223.8,754.371200000163
2223.9,734.1807999999152
2224.0,739.1795999999873
2224.1,756.7166534653093
2224.2,918.1905217815889
2224.3,726.0537999998306
2224.4,681.5390999999904
2224.5,680.8149000000009
2224.6,720.7738000000312
2224.7,711.4080000000577
2224.8,755.2909000000362
2224.9,734.1498999999781
2225.0,756.5646000000208
2225.1,757.1805940594102
2225.2,731.45920000004
2225.3,732.6318000000196
2225.4,711.7836000000184
2225.5,753.9761999999274
2225.6,703.6280000000917
2225.7,441.431600000401
2225.8,624.2756000008292
2225.9,769.9513999999076
2226.0,768.7418811881018
2226.1,743.6954999999709
2226.2,778.8409999998748
2226.3,750.8869999999534
2226.4,730.2899999999806
2226.5,711.8449999999788
2226.6,751.9735000000575
2226.7,736.200500000075
2226.8,745.4250000000178
2226.9,773.0948514851311
2227.0,764.9072000000141
2227.1,767.076799999995
2227.2,762.8360000000055
2227.3,790.6132000001246
2227.4,739.7344000000122
2227.5,739.3907999999888
2227.6,670.3396000000769
2227.7,625.7216000000337
2227.8,707.2635445546595
2227.9,650.7034534652036
2228.0,570.6935999998757
2228.1,622.8571999998279
2228.2,726.3813999996792
2228.3,621.784199999764
2228.4,607.7850000000215
2228.5,718.3867000002077
2228.6,657.0388000002197
2228.7,573.8163089109631
2228.8,628.2556277228023
2228.9,722.4061999999561
2229.0,620.2040000000662
2229.1,607.1619999999926
2229.2,735.2903999999305
2229.3,667.4795999999578
2229.4,576.3106000000389
2229.5,630.9261999999611
2229.6,716.8035999999609
2229.7,616.0835643567355
2229.8,604.4285000000386
2229.9,739.6755000003327
2230.0,668.9130999997433
2230.1,577.264900000137
2230.2,637.1192999997661
2230.3,710.666600000141
2230.4,611.6783999997168
2230.5,608.4426000000583
2230.6,736.432673267388
2230.7,672.4839999999999
2230.8,581.6659999999235
2230.9,642.4739999999999
2231.0,705.656
2231.1,610.544
2231.2,611.182
2231.3,725.4660000001222
2231.4,582.8040000000001
2231.5,509.1265346535291
2231.6,616.0750980195035
2231.7,647.851299999997
2231.8,600.3412999998486
2231.9,657.4739000002211
2232.0,688.9564999999822
2232.1,599.2885000002411
2232.2,633.8294999998465
2232.3,650.0324000000014
2232.4,652.1724000000064
2232.5,604.0585148514297
2232.6,657.0440000000387
2232.7,681.870599999976
2232.8,609.1289999999566
2232.9,638.7988000000296
2233.0,729.4052000000445
2233.1,679.3571999999583
2233.2,604.4374000002169
2233.3,646.7434000000336
2233.4,673.0309900990405
2233.5,589.7246000000612
2233.6,618.0678999998881
2233.7,704.4462999998549
2233.8,647.1032999996993
2233.9,590.0378999998707
2234.0,646.1922999999531
2234.1,653.1572000000265
2234.2,583.995500000135
2234.3,469.1448514849757
2234.4,536.1476000001157
2234.5,624.6932000000694
2234.6,610.8923999999615
2234.7,618.381999999941
2234.8,718.8892000001135
2234.9,673.9339999999104
2235.0,588.9987999999266
2235.1,636.6972000000802
2235.2,712.5448514851032
2235.3,629.9999999995429
2235.4,615.6675
2235.5,725.5824999998431
2235.6,678.1450000001242
2235.7,590.1850000000919
2235.8,640.785000000322
2235.9,708.5125
2236.0,621.2800000001546
2236.1,598.8841584158006
2236.2,708.2611999995468
2236.3,664.4867999998511
2236.4,574.9093999998872
2236.5,625.7598000001334
2236.6,686.9663999999033
2236.7,603.5546000004128
2236.8,603.9588000000629
2236.9,706.8590000001675
2237.0,639.3130811879352
2237.1,748.7768534653201
2237.2,611.2831000001777
2237.3,621.7437000000604
2237.4,686.0129999999679
2237.5,630.9933000000633
2237.6,601.7498000000039
2237.7,659.8336999999443
2237.8,659.9461999999836
2237.9,589.1376000000586
2238.0,589.8087128713239
2238.1,689.6367999998167
2238.2,639.2992000003244
2238.3,600.9987999999873
2238.4,631.6444000000823
2238.5,663.6592000000489
2238.6,604.0544000001357
2238.7,625.0667999998215
2238.8,705.2956000001564
2238.9,628.8480198019299
2239.0,580.2092000000026
2239.1,427.51730000004784
2239.2,366.1479000000001
2239.3,365.24029999999885
2239.4,364.43300000000016
2239.5,364.0241000000001
2239.6,363.94
2239.7,363.94
2239.8,363.8486138613858
2239.9,363.79599999999994
2240.0,363.5870000000003
2240.1,363.7169999999993
2240.2,363.53000000000094
2240.3,363.06699999999887
2240.4,363.4030000000016
2240.5,363.61
2240.6,363.37200000000075
2240.7,364.73542574257
2240.8,362.5184158415807
2240.9,356.3954999999984
2241.0,354.45150000000007
2241.1,354.3184999999999
2241.2,354.26519999999977
2241.3,354.03469999999993
2241.4,353.9614
2241.5,353.84889999999996
2241.6,353.82450000000006
2241.7,353.47792079207983
2241.8,353.7588000000018
2241.9,353.5211999999982
2242.0,353.5615999999999
2242.1,353.59160000000026
2242.2,353.4752000000002
2242.3,353.67800000000096
2242.4,353.538399999999
2242.5,353.3996
2242.6,353.410198019802
2242.7,353.3262000000003
2242.8,353.3537000000001
2242.9,353.33639999999997
2243.0,353.47080000000017
2243.1,353.4762999999999
2243.2,353.2457000000007
2243.3,353.4917000000004
2243.4,353.06369999999936
2243.5,352.9889108910889
2243.6,353.36399999999946
2243.7,353.26900000000046
2243.8,352.8991999999988
2243.9,353.17920000000015
2244.0,353.1986000000004
2244.1,353.1
2244.2,353.36399999999946
2244.3,353.35479999999933
2244.4,353.20596237623795
2244.5,352.89630693069273
2244.6,352.763
2244.7,352.75700000000006
2244.8,353.16600000000074
2244.9,353.1494999999996
2245.0,352.85749999999973
2245.1,352.9844999999994
2245.2,352.9440000000008
2245.3,353.0347920792084
2245.4,353.2269267326732
2245.5,353.02400000000034
2245.6,352.89919999999995
2245.7,352.8204000000001
2245.8,352.9108000000008
2245.9,353.0092
2246.0,352.84720000000027
2246.1,352.83319999999986
2246.2,352.8672
2246.3,353.1451485148525
2246.4,353.1776999999997
2246.5,352.9487999999996
2246.6,353.14349999999945
2246.7,352.95720000000165
2246.8,352.7626
2246.9,352.7952000000001
2247.0,352.6020999999995
2247.1,352.8201999999993
2247.2,353.10108910891074
2247.3,352.9019999999995
2247.4,352.65080000000006
2247.5,352.7015999999999
2247.6,352.70180000000005
2247.7,352.9513999999998
2247.8,352.8819999999995
2247.9,352.6308000000001
2248.0,352.62579999999997
2248.1,352.7541049504952
2248.2,352.66267326732714
2248.3,352.7774000000007
2248.4,353.04420000000044
2248.5,352.78840000000037
2248.6,352.77739999999915
2248.7,352.64770000000107
2248.8,352.46779999999995
2248.9,352.74060000000094
2249.0,352.7614000000002
2249.1,352.6056435643565
2249.2,352.45
2249.3,352.65200000000084
2249.4,352.918
2249.5,352.916
2249.6,352.76
2249.7,352.746
2249.8,352.97600000000057
2249.9,352.728
