t,pwr
0.0,441.7374999999999
0.1,441.7525
0.2,441.7498514851485
0.3,441.7573485148515
0.4,441.7674
0.5,441.7774
0.6,441.7726
0.7,441.74780000000004
0.8,441.74005346534653
0.9,441.7108
1.0,441.6927
1.1,441.63890000000004
1.2,441.60540000000003
1.3,441.53500594059403
1.4,441.5244
1.5,441.5156
1.6,441.54600000000005
1.7,441.5672
1.8,441.59138613861387
1.9,441.59999999999997
2.0,441.6142
2.1,441.62
2.2,441.6697
2.3,441.6970297029703
2.4,441.721
2.5,441.716
2.6,441.689
2.7,441.533
2.8,441.43534653465343
2.9,441.3372
3.0,441.22410000000013
3.1,441.15549999999996
3.2,441.0779
3.3,440.98851485148504
3.4,440.926
3.5,440.8488000000001
3.6,440.7928
3.7,440.80719999999997
3.8,440.82
3.9,440.82
4.0,440.8334
4.1,440.79979999999995
4.2,440.8268999999999
4.3,440.8168316831683
4.4,440.85939999999994
4.5,440.8438000000001
4.6,440.8464
4.7,440.8666
4.8,440.9026732673268
4.9,440.88750000000005
5.0,440.89599999999996
5.1,440.90999999999997
5.2,440.47450000000026
5.3,440.5939603960403
5.4,440.8284
5.5,440.85
5.6,440.8116
5.7,440.7772
5.8,440.76366336633663
5.9,440.70959999999997
6.0,440.7303999999999
6.1,440.74739999999997
6.2,440.7589
6.3,440.8074257425743
6.4,440.81140000000005
6.5,440.7876
6.6,440.7986
6.7,440.7914
6.8,440.75544554455445
6.9,440.7644
7.0,440.7312
7.1,440.6756
7.2,440.65389999999996
7.3,440.60168316831675
7.4,440.594
7.5,440.5680000000001
7.6,440.552
7.7,440.56600000000003
7.8,440.5937623762377
7.9,440.61
8.0,440.62769999999995
8.1,440.66949999999997
8.2,440.7077
8.3,440.72
8.4,440.6852
8.5,440.6658
8.6,440.67
8.7,440.6526
8.8,440.6514851485149
8.9,440.6486
9.0,440.6457
9.1,440.6329
9.2,440.6371
9.3,440.65
9.4,440.65
9.5,440.6891999999999
9.6,440.7368
9.7,440.78919999999994
9.8,440.7978217821782
9.9,440.78
10.0,440.7635
10.1,440.7830000000001
10.2,440.788
10.3,440.74277227722763
10.4,440.7092
10.5,440.6892
10.6,440.69079999999997
10.7,440.66760000000005
10.8,440.6667326732674
10.9,440.69
11.0,440.6582000000001
11.1,440.57699999999994
11.2,440.53
11.3,440.55104257425745
11.4,440.5855524752475
11.5,440.5792
11.6,440.5496
11.7,440.53999999999996
11.8,440.56574257425746
11.9,440.5798
12.0,440.5802
12.1,440.62570000000005
12.2,440.6753
12.3,440.679900990099
12.4,440.68
12.5,440.7
12.6,440.69
12.7,440.685
12.8,440.7050495049505
12.9,440.6854495049505
13.0,440.6698
13.1,440.6702
13.2,440.64040000000006
13.3,440.6394059405941
13.4,440.65999999999997
13.5,440.6648
13.6,440.6892
13.7,440.6956
13.8,440.6658376237624
13.9,440.66869504950495
14.0,440.6947
14.1,440.6812
14.2,440.6506
14.3,440.60239999999993
14.4,440.56
14.5,440.54620000000006
14.6,440.5346
14.7,440.5354
14.8,440.5346
14.9,440.5172277227723
15.0,440.4945
15.1,440.509
15.2,440.54249999999996
15.3,440.5925000000001
15.4,440.6066336633663
15.5,440.5856
15.6,440.54479999999995
15.7,440.5
15.8,440.5088
15.9,440.5156871287129
16.0,440.51005643564355
16.1,440.5186
16.2,440.53
16.3,440.51709999999997
16.4,440.53009999999995
16.5,440.57
16.6,440.591
16.7,440.6284
16.8,440.64840000000004
16.9,440.66
17.0,440.6807920792079
17.1,440.7223
17.2,440.7318
17.3,440.7159
17.4,440.6977
17.5,440.67188118811885
17.6,440.672
17.7,440.66200000000003
17.8,440.60799999999995
17.9,440.598
18.0,440.606
18.1,440.5610603960396
18.2,440.51169999999996
18.3,440.5339
18.4,440.5478
18.5,440.55602277227723
18.6,440.5577227722772
18.7,440.58140000000003
18.8,440.60760000000005
18.9,440.58959999999996
19.0,440.55899999999997
19.1,440.5862376237624
19.2,440.58000000000004
19.3,440.5874
19.4,440.5852
19.5,440.5563
19.6,440.55
19.7,440.5356
19.8,440.5172
19.9,440.5408
20.0,440.57079999999996
20.1,440.58996435643564
20.2,440.5936287128713
20.3,440.57899999999995
20.4,440.5365
20.5,440.55099999999993
20.6,440.59003465346535
20.7,440.6002653465346
20.8,440.60639999999995
20.9,440.5732
21.0,440.54640000000006
21.1,440.4996
21.2,440.449900990099
21.3,440.4465
21.4,440.5063999999999
21.5,440.5237000000001
21.6,440.4698000000001
21.7,440.519801980198
21.8,440.5496
21.9,440.57
22.0,440.58279999999996
22.1,440.6132
22.2,440.6390415841584
22.3,440.6614683168316
22.4,440.61379999999997
22.5,440.5969
22.6,440.5683
22.7,440.52641485148513
22.8,440.53093069306925
22.9,440.519
23.0,440.534
23.1,440.526
23.2,440.534
23.3,440.5081188118811
23.4,440.4858
23.5,440.5029
23.6,440.4984
23.7,440.44680000000005
23.8,440.37851485148514
23.9,440.336
24.0,440.2972
24.1,440.2816
24.2,440.2516
24.3,440.2355445544555
24.4,440.25
24.5,440.2554
24.6,440.2781
24.7,440.3162
24.8,440.3654267326733
24.9,440.3826
25.0,440.39779999999996
25.1,440.4226
25.2,440.43
25.3,440.4326
25.4,440.4348514851485
25.5,440.415
25.6,440.39750000000004
25.7,440.39
25.8,440.39250000000004
25.9,440.402400990099
26.0,440.41727524752474
26.1,440.4448
26.2,440.4719999999999
26.3,440.49799999999993
26.4,440.46
26.5,440.45287128712874
26.6,440.4415
26.7,440.4685
26.8,440.4415000000001
26.9,440.48
27.0,440.4686138613862
27.1,440.41020000000003
27.2,440.3378
27.3,440.3167999999999
27.4,440.2854
27.5,440.3487128712871
27.6,440.3803128712871
27.7,440.3863
27.8,440.3910999999999
27.9,440.3242
28.0,440.3442
28.1,440.37847524752476
28.2,440.44800000000004
28.3,440.448
28.4,440.464
28.5,440.3880792079208
28.6,440.3399198019802
28.7,440.34569999999997
28.8,440.3719
28.9,440.38
29.0,440.37811881188117
29.1,440.35126930693065
29.2,440.2682
29.3,440.24739999999997
29.4,440.1972
29.5,440.23359999999997
29.6,440.25
29.7,440.2432
29.8,440.21680000000003
29.9,440.2398
30.0,440.1866
30.1,440.180099009901
30.2,440.24119999999994
30.3,440.2984
30.4,440.2852
30.5,440.25520000000006
30.6,440.2331683168317
30.7,440.25149999999996
30.8,440.26300000000003
30.9,440.283
31.0,440.30899999999997
31.1,440.35851485148515
31.2,440.3514
31.3,440.36
31.4,440.3656
31.5,440.3972
31.6,440.3828138613862
31.7,440.3973138613862
31.8,440.37739999999997
31.9,440.3587
32.0,440.3487
32.1,440.34514851485153
32.2,440.3837742574257
32.3,440.4051999999999
32.4,440.3712
32.5,440.3848
32.6,440.42359999999996
32.7,440.44168316831684
32.8,440.3833000000001
32.9,440.41
33.0,440.4089
33.1,440.3923
33.2,440.3311
33.3,440.3401782178218
33.4,440.341
33.5,440.348
33.6,440.33
33.7,440.3379603960396
33.8,440.4131504950495
33.9,440.4355
34.0,440.3927
34.1,440.42
34.2,440.41729999999995
34.3,440.39356435643566
34.4,440.4292
34.5,440.4208
34.6,440.426
34.7,440.376
34.8,440.3260396039604
34.9,440.2814
35.0,440.3007
35.1,440.3093
35.2,442.0724000000132
35.3,470.0577227723214
35.4,533.297400000047
35.5,594.4443999999089
35.6,663.8730000000862
35.7,772.4385999999156
35.8,834.4453465347135
35.9,899.4130000000641
36.0,962.1369999999273
36.1,1025.7340000000586
36.2,1078.7210000000282
36.3,1055.053762376235
36.4,1052.9695999999922
36.5,1061.0628000000013
36.6,1059.8728000000058
36.7,1063.9776000000065
36.8,1056.5932673267132
36.9,1042.0032999999971
37.0,1045.9804000000001
37.1,1045.650499999999
37.2,1045.1060999999982
37.3,1048.0584158415927
37.4,1053.5921999999994
37.5,1055.209799999999
37.6,1057.1346000000005
37.7,1055.3694000000119
37.8,1029.8342574257404
37.9,1028.472900000002
38.0,1019.7436000000026
38.1,1009.1516000000013
38.2,1003.2288000000033
38.3,989.1464356435433
38.4,978.79
38.5,966.98
38.6,960.59
38.7,946.56
38.8,962.97
38.9,969.4254455445558
39.0,968.5594000000019
39.1,967.1045999999997
39.2,966.5949999999999
39.3,985.4198000000047
39.4,993.4221782178254
39.5,996.7649999999942
39.6,992.9295999999981
39.7,999.9452000000033
39.8,1002.5498000000013
39.9,1003.948712871288
40.0,1006.2403999999965
40.1,1009.239400000002
40.2,1010.8625999999977
40.3,988.095599999984
40.4,984.787326732671
40.5,1002.6415999999762
40.6,1004.9644000000017
40.7,1002.0732000000039
40.8,1001.4315999999994
40.9,1008.177524752468
41.0,999.5810000000108
41.1,1007.0900000000095
41.2,1005.648000000002
41.3,1007.5165000000022
41.4,998.5902970297104
41.5,981.1940000000163
41.6,986.0890000000086
41.7,985.4078000000009
41.8,988.3856000000044
41.9,988.5148514851487
42.0,984.9388000000026
42.1,987.2181999999987
42.2,979.9142000000055
42.3,986.8458000000128
42.4,981.4156435643583
42.5,990.826799999995
42.6,986.3816000000016
42.7,992.4427999999967
42.8,999.0176000000117
42.9,1008.266336633663
43.0,1021.1683999999971
43.1,1041.5518999999995
43.2,1046.4984999999992
43.3,1063.1526999999996
43.4,1082.2311881188114
43.5,1072.675
43.6,1070.1039999999998
43.7,1074.055
43.8,1072.3949999999995
43.9,1077.0164356435655
44.0,1074.8599000000056
44.1,1109.0520000000088
44.2,1113.1153
44.3,1111.4434999999992
44.4,1109.6186138613855
44.5,1115.2343999999896
44.6,1121.591600000003
44.7,1114.720399999996
44.8,1122.3480000000072
44.9,1101.800099009885
45.0,1079.4674000000286
45.1,1037.3555999999692
45.2,1020.3975000000165
45.3,1007.8910999999914
45.4,1001.1533663366286
45.5,991.7214000000105
45.6,980.4213999999895
45.7,969.6166000000111
45.8,958.6857999999901
45.9,971.7955445544412
46.0,972.828500000002
46.1,973.4865000000013
46.2,974.3724999999993
46.3,972.935999999998
46.4,969.2852475247548
46.5,945.1048000000254
46.6,942.7452000000035
46.7,947.769999999997
46.8,949.0616000000007
46.9,944.7570297029721
47.0,949.7795999999952
47.1,954.6917999999987
47.2,960.5793999999958
47.3,962.4618079207844
47.4,963.1680079207898
47.5,981.50039999999
47.6,985.1310000000001
47.7,1000.2445999999916
47.8,1013.9530000000229
47.9,1010.0840594059395
48.0,1008.417
48.1,1002.2930999999985
48.2,1015.2960999999959
48.3,1009.3730999999976
48.4,1015.6188118811878
48.5,1009.004
48.6,1009.4060000000014
48.7,985.682
48.8,982.5020000000017
48.9,982.9448514851484
49.0,984.8844999999959
49.1,988.6195000000009
49.2,986.4995999999992
49.3,984.588199999999
49.4,979.4483168316807
49.5,984.7689999999886
49.6,974.3103999999928
49.7,976.7580000000034
49.8,982.2676000000048
49.9,989.6286138613912
50.0,993.7129999999969
50.1,1006.9464000000112
50.2,1011.6393999999987
50.3,1027.9899000000141
50.4,1041.5725742574355
50.5,1055.9683999999875
50.6,1069.6592000000119
50.7,1050.711600000024
50.8,1053.8380000000122
50.9,1058.8660396039588
51.0,1058.3075000000017
51.1,1051.24499999999
51.2,1052.1624999999976
51.3,1081.4100000000426
51.4,1095.317425742572
51.5,1098.611599999998
51.6,1096.718800000001
51.7,1114.7913999999766
51.8,1121.3981999999999
51.9,1118.9988118811887
52.0,1121.290899999997
52.1,1108.8382000000013
52.2,1096.6971000000067
52.3,1053.4746999999115
52.4,1023.2528712871264
52.5,1014.144000000002
52.6,1006.8867999999985
52.7,996.1288000000053
52.8,984.613199999998
52.9,977.4820792079223
53.0,966.407300000003
53.1,968.9271000000039
53.2,975.2958999999987
53.3,979.6700000000018
53.4,978.292277227723
53.5,976.1770000000024
53.6,976.213
53.7,956.526
53.8,945.2279999999973
53.9,948.5588118811892
54.0,950.6979999999998
54.1,952.3884000000005
54.2,955.9904000000009
54.3,956.3096277227708
54.4,963.2787366336682
54.5,969.3947999999958
54.6,972.9964000000016
54.7,986.60839999998
54.8,994.715956435645
54.9,1015.6696910891268
55.0,1026.066999999999
55.1,1025.3579999999988
55.2,1021.7078000000039
55.3,1022.1934000000022
55.4,1022.9445544554458
55.5,1017.98880000001
55.6,1019.4204000000054
55.7,1022.8853999999986
55.8,1024.2042000000008
55.9,999.9166336633823
56.0,985.3915000000026
56.1,984.6355000000001
56.2,985.0174999999998
56.3,983.500499999997
56.4,982.5349504950495
56.5,984.9163999999967
56.6,983.6844000000004
56.7,982.6651999999993
56.8,983.2812000000008
56.9,981.468613861386
57.0,986.3857999999934
57.1,987.1879999999994
57.2,991.1921999999939
57.3,1002.1041000000192
57.4,1013.1818811881221
57.5,1022.5701999999961
57.6,1034.863800000006
57.7,1045.695799999996
57.8,1059.0474000000067
57.9,1060.2515841584184
58.0,1056.2965000000004
58.1,1059.0213000000035
58.2,1055.805200000002
58.3,1056.3850000000043
58.4,1060.2547524752472
58.5,1074.5459999999694
58.6,1095.7540000000001
58.7,1103.702
58.8,1103.7120000000002
58.9,1110.4794059405956
59.0,1119.9977999999905
59.1,1122.2935999999995
59.2,1123.0712000000008
59.3,1117.042799999986
59.4,1096.002277227713
59.5,1063.786000000031
59.6,1030.839599999986
59.7,1011.1304000000101
59.8,1001.3141999999962
59.9,991.7619801980138
60.0,981.4020000000064
60.1,970.2438999999921
60.2,958.9300000000068
60.3,956.0525000000022
60.4,961.2650495049473
60.5,965.8395999999962
60.6,968.4528000000022
60.7,969.2312000000002
60.8,968.5542019801971
60.9,957.76429207921
61.0,946.2590000000062
61.1,944.298500000001
61.2,944.712
61.3,944.6258811881187
61.4,946.840536633664
61.5,948.5030000000006
61.6,950.4694000000006
61.7,952.6515999999995
61.8,954.3435643564396
61.9,964.0750257425805
62.0,974.2929999999966
62.1,963.8745999999907
62.2,946.9079000000073
62.3,948.7998792079418
62.4,957.2003564356461
62.5,962.9971999999968
62.6,962.8063999999956
62.7,960.5303999999991
62.8,962.8104000000017
62.9,964.7201980198015
63.0,965.1301000000001
63.1,972.351300000013
63.2,979.5047
63.3,983.7336039604033
63.4,983.9069801980206
63.5,981.1649999999976
63.6,982.9350000000001
63.7,982.215
63.8,980.6299999999997
63.9,977.8064356435636
64.0,971.1312000000072
64.1,957.8759999999958
64.2,919.3036000000527
64.3,859.0321999999861
64.4,804.0086138613698
64.5,753.6796000000332
64.6,704.5407999999792
64.7,655.765200000033
64.8,601.3730693069048
64.9,546.2050257426017
65.0,493.1511000000841
65.1,456.44439999998735
65.2,446.01550000000054
65.3,445.22028613861374
65.4,445.0416376237624
65.5,444.8434000000003
65.6,444.64259999999985
65.7,444.50780000000003
65.8,444.40099999999984
65.9,444.269900990099
66.0,444.15150000000017
66.1,444.008
66.2,443.82550000000026
66.3,443.61549999999977
66.4,443.44653465346533
66.5,443.2788000000002
66.6,443.11479999999995
66.7,443.0128000000001
66.8,442.88724356435625
66.9,442.79821782178215
67.0,442.73130000000003
67.1,442.65849999999995
67.2,442.61280000000005
67.3,442.5943
67.4,442.5829702970297
67.5,442.5768
67.6,442.57059999999996
67.7,442.50480000000005
67.8,442.49100000000004
67.9,442.5033663366337
68.0,442.46770000000004
68.1,442.4254
68.2,442.3859
68.3,442.3389999999999
68.4,442.2109900990099
68.5,442.07400000000007
68.6,441.988
68.7,441.924
68.8,441.8439999999998
68.9,441.73623762376235
69.0,441.65710000000007
69.1,441.5549
69.2,441.46100000000007
69.3,441.4078
69.4,441.4200386138614
69.5,441.4430455445544
69.6,441.4724
69.7,441.4524
69.8,441.44
69.9,441.4362752475248
70.0,441.43024950495055
70.1,441.4374
70.2,441.4611
70.3,441.48
70.4,441.4872900990099
70.5,441.4889465346535
70.6,441.47
70.7,441.4592
70.8,441.4292
70.9,441.4278217821782
71.0,441.46343564356437
71.1,441.456
71.2,441.44399999999996
71.3,441.4665
71.4,441.43899999999996
71.5,441.3861386138614
71.6,441.36
71.7,441.35999999999996
71.8,441.3463999999999
71.9,441.3234
72.0,441.31990099009903
72.1,441.2967
72.2,441.26360000000005
72.3,441.22650000000004
72.4,441.2567
72.5,441.259801980198
72.6,441.26399999999995
72.7,441.2396
72.8,441.26320000000004
72.9,441.2604
73.0,441.23049504950495
73.1,441.2069
73.2,441.20619999999997
73.3,441.1951999999999
73.4,441.12760000000003
73.5,441.1062613861386
73.6,441.135
73.7,441.173
73.8,441.1649999999999
73.9,441.121
74.0,441.1000297029703
74.1,441.1116
74.2,441.12260000000003
74.3,441.0887
74.4,441.1245
74.5,441.15701386138613
74.6,441.1413861386138
74.7,441.106
74.8,441.0616
74.9,441.0512
75.0,441.0688
75.1,441.03737227722775
75.2,441.0435
75.3,441.0746
75.4,441.0276
75.5,440.92110000000014
75.6,440.8646534653465
75.7,440.863
75.8,440.8896
75.9,440.8678
76.0,440.8874
76.1,440.87227722772275
76.2,440.8375000000001
76.3,440.8025
76.4,440.8325000000001
76.5,440.9224999999999
76.6,440.99
76.7,440.98280000000005
76.8,440.9648
76.9,440.9824
77.0,440.9756000000001
77.1,440.9514623762377
77.2,441.0154
77.3,440.9977
77.4,440.9923
77.5,441.0000455445545
77.6,441.0
77.7,441.0044
77.8,441.00899999999996
77.9,440.9722
78.0,440.98437821782176
78.1,440.9915217821782
78.2,440.9684
78.3,440.9852999999999
78.4,440.9216
78.5,440.88370000000003
78.6,440.84960396039605
78.7,440.808
78.8,440.798
78.9,440.79200000000003
79.0,440.796
79.1,440.7819801980198
79.2,440.7881
79.3,440.7781
79.4,440.7814
79.5,440.8281
79.6,440.82
79.7,440.82
79.8,440.8308
79.9,440.8818
80.0,440.9007999999999
80.1,440.9446534653465
80.2,440.92
80.3,440.9268
80.4,440.9651
80.5,440.98830000000004
80.6,440.9783168316832
80.7,440.9684
80.8,440.9568
80.9,440.94640000000004
81.0,440.9720000000001
81.1,440.9331683168317
81.2,440.9485
81.3,440.9415
81.4,440.941
81.5,440.8885
81.6,440.8829702970297
81.7,440.90419999999995
81.8,440.9258
81.9,440.90139999999997
82.0,440.9155999999999
82.1,440.95
82.2,440.94870000000003
82.3,440.94
82.4,440.9452
82.5,440.9774
82.6,440.95743861386137
82.7,440.94257425742575
82.8,440.96360000000004
82.9,440.98400000000004
83.0,440.93160000000006
83.1,440.86762376237624
83.2,440.84889999999996
83.3,440.84440000000006
83.4,440.8745
83.5,440.8278
83.6,440.8121891089109
83.7,440.8309108910891
83.8,440.838
83.9,440.821
84.0,440.83
84.1,440.826
84.2,440.7890099009901
84.3,440.7782
84.4,440.7618
84.5,440.7845
84.6,440.82820000000004
84.7,440.8117821782178
84.8,440.8364
84.9,440.90840000000003
85.0,440.8892
85.1,440.8808
85.2,440.8907920792079
85.3,440.9028
85.4,440.9407
85.5,440.94790000000006
85.6,440.9172
85.7,440.87653465346534
85.8,440.8263999999999
85.9,440.77180000000004
86.0,440.8012
86.1,440.8182
86.2,440.7905940594059
86.3,440.7985
86.4,440.77150000000006
86.5,440.80199999999996
86.6,440.8405
86.7,440.85049504950496
86.8,440.8620000000001
86.9,440.9112
87.0,440.93960000000004
87.1,440.9304
87.2,440.93801980198026
87.3,440.89150000000006
87.4,440.93910000000005
87.5,440.9082
87.6,440.8509
87.7,440.87940297029706
87.8,440.859502970297
87.9,440.83880000000005
88.0,440.7806
88.1,440.8102
88.2,440.82059999999996
88.3,440.849405940594
88.4,440.8201
88.5,440.8304
88.6,440.87
88.7,440.8697
88.8,440.839900990099
88.9,440.83
89.0,440.82
89.1,440.8
89.2,440.81
89.3,440.84000000000003
89.4,440.81029702970295
89.5,440.8298
89.6,440.7706
89.7,440.76009999999997
89.8,440.8095
89.9,440.7805940594059
90.0,440.79959999999994
90.1,440.7706
90.2,440.68179999999995
90.3,440.7094
90.4,440.72940594059406
90.5,440.75909999999993
90.6,440.70179999999993
90.7,440.7484999999999
90.8,440.7597
90.9,440.7988
91.0,440.8000079207921
91.1,440.8192
91.2,440.85839999999996
91.3,440.8696
91.4,440.81316039603973
91.5,440.8384950495049
91.6,440.84950000000003
91.7,440.8405
91.8,440.79249999999996
91.9,440.7897178217822
92.0,440.7994178217822
92.1,440.8658000000001
92.2,440.82300000000004
92.3,440.8294
92.4,440.783
92.5,440.81722772277226
92.6,440.69910000000004
92.7,440.6993
92.8,440.72790000000003
92.9,440.7672
93.0,440.77
93.1,440.7424
93.2,440.7124
93.3,440.70079999999996
93.4,440.746
93.5,440.78643564356435
93.6,440.8082
93.7,440.7736
93.8,440.78819999999996
93.9,440.7354
94.0,440.73
94.1,440.73
94.2,440.739
94.3,440.74
94.4,440.71299999999997
94.5,440.7367326732673
94.6,440.7222
94.7,440.7111
94.8,440.71000000000004
94.9,440.7634
95.0,440.7611881188119
95.1,440.7424
95.2,440.7664
95.3,440.74359999999996
95.4,440.7224
95.5,440.72008712871286
95.6,440.7374386138614
95.7,440.7487
95.8,440.7674
95.9,440.74389999999994
96.0,440.69675841584166
96.1,440.68998613861385
96.2,440.66420000000005
96.3,440.7202000000001
96.4,440.7558
96.5,440.7085702970298
96.6,440.70848514851485
96.7,440.71000000000004
96.8,440.65899999999993
96.9,440.6925
97.0,440.67475247524754
97.1,440.7120633663367
97.2,440.7116
97.3,440.63439999999986
97.4,440.6284
97.5,440.68039999999996
97.6,440.68168316831685
97.7,440.6634
97.8,440.65999999999997
97.9,440.61850000000004
98.0,440.5851
98.1,440.58000000000004
98.2,440.5636
98.3,440.57640000000004
98.4,440.6128
98.5,440.53800000000007
98.6,440.49564356435644
98.7,440.5386
98.8,440.55809999999997
98.9,440.5762
99.0,440.6124
99.1,440.59594059405936
99.2,440.63
99.3,440.64
99.4,440.616
99.5,440.602
99.6,440.63168316831684
99.7,440.61629999999997
99.8,440.61789999999996
99.9,440.5805
100.0,440.52260000000007
100.1,440.4708910891089
100.2,440.4522217821782
100.3,440.4344
100.4,440.43780000000004
100.5,440.40880000000004
100.6,440.3535861386138
100.7,440.31685445544554
100.8,440.22529999999995
100.9,440.23850000000004
101.0,440.3192999999999
101.1,440.37880495049507
101.2,440.3976
101.3,440.3848
101.4,440.3572
101.5,440.3424
101.6,440.3552
101.7,440.4051485148515
101.8,440.4800000000001
101.9,440.44000000000005
102.0,440.40500000000003
102.1,440.415
102.2,440.42742574257426
102.3,440.3781999999999
102.4,440.36
102.5,440.3378
102.6,440.3152
102.7,440.2953465346535
102.8,440.30460000000005
102.9,440.3465
103.0,440.38919999999996
103.1,440.3854
103.2,440.37277227722774
103.3,440.4132
103.4,440.48759999999993
103.5,440.56759999999997
103.6,440.5972
103.7,440.6142574257426
103.8,440.62
103.9,440.6129
104.0,440.58160000000004
104.1,440.59130000000005
104.2,440.61405940594057
104.3,440.599
104.4,440.562
104.5,440.54999999999995
104.6,440.543
104.7,440.51913861386134
104.8,440.49623069306926
104.9,440.49
105.0,440.46240000000006
105.1,440.4707
105.2,440.4869
105.3,440.455904950495
105.4,440.4196
105.5,440.3420000000001
105.6,440.3236
105.7,440.3096673267327
105.8,440.2326732673267
105.9,440.1866
106.0,440.2202
106.1,440.2333
106.2,440.20983366336634
106.3,440.219900990099
106.4,440.2564
106.5,440.29639999999995
106.6,440.30339999999995
106.7,440.26700000000005
106.8,440.3022772277228
106.9,440.36899999999997
107.0,440.377
107.1,440.35699999999997
107.2,440.337
107.3,440.30425742574255
107.4,440.2644
107.5,440.23080000000004
107.6,440.252
107.7,440.3211999999999
107.8,440.3436633663366
107.9,440.3526
108.0,440.3537
108.1,440.3437
108.2,440.3022000000001
108.3,440.3236633663367
108.4,440.3438
108.5,440.3462
108.6,440.33759999999995
108.7,440.3238
108.8,440.27702970297025
108.9,440.20120000000003
109.0,440.1517
109.1,440.1278
109.2,440.15659999999997
109.3,440.119603960396
109.4,440.092
109.5,440.11799999999994
109.6,440.118
109.7,440.116
109.8,440.1318811881188
109.9,440.0987
110.0,440.08179999999993
110.1,440.0841
110.2,440.0623
110.3,440.0441584158416
110.4,440.0226
110.5,439.99260000000004
110.6,439.9684
110.7,439.9136000000001
110.8,439.8742574257426
110.9,439.93270000000007
111.0,439.9743
111.1,439.98710000000005
111.2,440.0456
111.3,440.08000000000004
111.4,440.0464
111.5,440.02
111.6,440.04800000000006
111.7,440.12039999999996
111.8,440.1988118811882
111.9,440.24649999999997
112.0,440.29299999999995
112.1,440.33650000000006
112.2,440.3115
112.3,440.3017821782179
112.4,440.39560000000006
112.5,440.46000000000004
112.6,440.4708
112.7,440.4746
112.8,440.4058415841582
112.9,440.3076
113.0,440.2753
113.1,440.2694
113.2,440.29709999999994
113.3,440.3877227722773
113.4,440.39840000000004
113.5,440.38599999999997
113.6,440.43600000000004
113.7,440.44960000000003
113.8,440.48118811881193
113.9,440.58119999999997
114.0,440.6094
114.1,440.61060000000003
114.2,440.6298
114.3,440.57960396039596
114.4,440.56
114.5,440.585
114.6,440.55
114.7,440.495
114.8,440.48495049504953
114.9,440.48019999999997
115.0,440.45040000000006
115.1,440.40549999999996
115.2,440.36530000000005
115.3,440.35480297029704
115.4,440.369497029703
115.5,440.36560000000003
115.6,440.374
115.7,440.4144
115.8,440.43950495049506
115.9,440.4452475247525
116.0,440.4306
116.1,440.42470000000003
116.2,440.4441
116.3,440.45995346534653
116.4,440.4601069306931
116.5,440.46
116.6,440.4508
116.7,440.4308
116.8,440.4337544554456
116.9,440.4274455445545
117.0,440.37750000000005
117.1,440.3365
117.2,440.32899999999995
117.3,440.3399108910891
117.4,440.3398891089109
117.5,440.34000000000003
117.6,440.34000000000003
117.7,440.3356
117.8,440.32128712871287
117.9,440.3188257425743
118.0,440.3515
118.1,440.3929
118.2,440.42289999999997
118.3,440.43591287128714
118.4,440.4087702970297
118.5,440.35060000000004
118.6,440.2637999999999
118.7,440.2126
118.8,440.22999999999996
118.9,440.2341584158416
119.0,440.2523
119.1,440.2536
119.2,440.189
119.3,440.1177
119.4,440.1040594059406
119.5,440.13
119.6,440.196
119.7,440.226
119.8,440.18199999999996
119.9,440.16603960396037
120.0,440.1561
120.1,440.1617
120.2,440.1761
120.3,440.1739
120.4,440.1722
120.5,440.1677227722772
120.6,440.1762
120.7,440.18519999999995
120.8,440.1986
120.9,440.1762
121.0,440.1473128712871
121.1,440.12116237623763
121.2,440.1585
121.3,440.1974
121.4,440.2174
121.5,440.2041000000001
121.6,440.15267326732675
121.7,440.14
121.8,440.1328
121.9,440.1308
122.0,440.1715999999999
122.1,440.1957782178218
122.2,440.1593712871287
122.3,440.133
122.4,440.12350000000004
122.5,440.15099999999995
122.6,440.197
122.7,440.21
122.8,440.2338000000001
122.9,440.28340000000003
123.0,440.2866
123.1,440.2868
123.2,440.30673267326733
123.3,440.3168326732673
123.4,440.2968
123.5,440.2568
123.6,440.2333
123.7,440.24986732673267
123.8,440.2667326732673
123.9,440.2504
124.0,440.2268
124.1,440.2168
124.2,440.20363168316834
124.3,440.1835950495049
124.4,440.1762
124.5,440.19
124.6,440.1869
124.7,440.1738306930693
124.8,440.15072277227716
124.9,440.142
125.0,440.173
125.1,440.18600000000004
125.2,440.203
125.3,440.2129702970297
125.4,440.21999999999997
125.5,440.2287
125.6,440.2413
125.7,440.2258
125.8,440.25435643564356
125.9,440.29560000000004
126.0,440.3156
126.1,440.3328
126.2,440.34
126.3,440.3483168316832
126.4,440.37
126.5,440.3673
126.6,440.37080000000003
126.7,440.38919999999996
126.8,440.35465346534653
126.9,440.3374
127.0,440.33
127.1,440.3274
127.2,440.3174
127.3,440.30742574257425
127.4,440.305
127.5,440.325
127.6,440.34000000000003
127.7,440.33000000000004
127.8,440.2950495049505
127.9,440.2848
128.0,440.288
128.1,440.24039999999997
128.2,440.21000000000004
128.3,440.21237623762374
128.4,440.21540000000005
128.5,440.18850000000003
128.6,440.1454
128.7,440.1254
128.8,440.1191089108911
128.9,440.14340000000004
129.0,440.1222
129.1,440.1322
129.2,440.1422
129.3,440.14346534653464
129.4,440.1179
129.5,440.11629999999997
129.6,440.1526
129.7,440.2021
129.8,440.2099792079208
129.9,440.2139207920792
130.0,440.236
130.1,440.258
130.2,440.248
130.3,440.2459603960396
130.4,440.2642198019802
130.5,440.2419
130.6,440.2557
130.7,440.28380000000004
130.8,440.30001881188116
130.9,440.2982
131.0,440.2882
131.1,440.2836
131.2,440.3216
131.3,451.13208514854193
131.4,511.04440297030277
131.5,572.7228999999023
131.6,632.9998000000375
131.7,688.1030000000166
131.8,745.0639683168741
131.9,808.20808316834
132.0,875.3907999999146
132.1,936.9152000000304
132.2,995.8191999998968
132.3,1067.3944000000458
132.4,1109.9302970297038
132.5,1111.2929999999997
132.6,1110.0894999999925
132.7,1105.2804999999767
132.8,1120.5544999999838
132.9,1107.9426732673235
133.0,1104.3344000000022
133.1,1102.1528
133.2,1101.9460000000015
133.3,1094.674599999956
133.4,1058.1994059405956
133.5,1055.620600000005
133.6,1049.1961
133.7,1048.0780000000059
133.8,1039.079999999983
133.9,1027.1071287128748
134.0,1020.9376000000103
134.1,1008.0672000000019
134.2,1002.858000000005
134.3,991.9755999999827
134.4,981.72782178218
134.5,977.1340000000051
134.6,966.4812000000026
134.7,957.1039999999989
134.8,961.7735000000123
134.9,968.2697029702963
135.0,971.5020000000001
135.1,971.224
135.2,972.4189999999985
135.3,979.7115742574249
135.4,995.6399237623662
135.5,998.3227
135.6,999.2050999999999
135.7,998.5383999999999
135.8,997.6407653465352
135.9,1000.2890534653475
136.0,1004.3375999999837
136.1,1012.59
136.2,1012.2627999999991
136.3,1006.4176396039481
136.4,981.4199396039545
136.5,969.3284000000365
136.6,948.0927000000004
136.7,948.8455000000013
136.8,950.8082316831633
136.9,944.2522554455469
137.0,947.0438000000017
137.1,946.1860000000044
137.2,951.5237999999983
137.3,952.8825742574288
137.4,956.2945000000041
137.5,961.3039999999744
137.6,982.6479999999998
137.7,982.819499999991
137.8,990.4189108910894
137.9,990.4604000000029
138.0,987.6051999999942
138.1,993.6667999999979
138.2,992.0964000000013
138.3,990.8412871287139
138.4,991.330600000006
138.5,982.882799999994
138.6,991.7004000000163
138.7,1001.7032762376318
138.8,990.5057405940764
138.9,1001.4092000000013
139.0,998.5839999999962
139.1,1006.3805999999943
139.2,1018.8661999999953
139.3,1029.258910891115
139.4,1043.7074999999966
139.5,1058.831499999987
139.6,1110.502699999999
139.7,1114.7425999999996
139.8,1115.7443564355938
139.9,1091.18
140.0,1056.02
140.1,1068.25
140.2,1037.27
140.3,1039.6615841584312
140.4,1036.1556148514844
140.5,1046.1981999999794
140.6,1053.8042000000016
140.7,1056.9391000000007
140.8,1057.8437485148663
140.9,1048.920491089105
141.0,1033.0600000000284
141.1,1027.9085999999977
141.2,1027.761
141.3,1015.7890574257336
141.4,1004.973233663359
141.5,994.2807000000164
141.6,985.9089999999943
141.7,974.805700000017
141.8,963.6419188118712
141.9,953.3309900990006
142.0,952.3152000000008
142.1,963.4068000000105
142.2,963.9755999999999
142.3,966.7638099009934
142.4,965.9599702970307
142.5,964.2000000000021
142.6,987.3375000000278
142.7,988.0755000000005
142.8,992.1312376237681
142.9,995.3979584158392
143.0,988.6434000000067
143.1,995.12780000001
143.2,1003.1933999999937
143.3,1000.1247524752416
143.4,1008.3229999999953
143.5,1008.9135
143.6,982.144600000015
143.7,990.0902999999928
143.8,990.747920792079
143.9,992.1199999999997
144.0,992.1112
144.1,993.9675999999995
144.2,992.1244000000011
144.3,995.8212871287127
144.4,993.0059000000008
144.5,998.7232999999985
144.6,1002.3866999999999
144.7,987.7387900990136
144.8,979.3494653465332
144.9,953.651
145.0,934.194
145.1,930.8909999999996
145.2,933.3186138613765
145.3,936.6881564356437
145.4,935.6893999999996
145.5,932.1202000000068
145.6,930.3293999999996
145.7,931.3755990098915
145.8,932.7204356435639
145.9,958.6376000000132
146.0,981.7299999999657
146.1,1000.1256000000081
146.2,1046.4878217821115
146.3,1059.7364000000052
146.4,1075.2516000000114
146.5,1088.947499999983
146.6,1104.2855000000106
146.7,1112.2635643564283
146.8,1114.8712000000019
146.9,1111.416199999996
147.0,1109.3652000000018
147.1,1098.698199999989
147.2,1070.4336633663625
147.3,1059.951999999992
147.4,1038.630500000019
147.5,1033.8855000000017
147.6,1041.5425000000105
147.7,1037.299801980202
147.8,1045.2196000000147
147.9,1056.6571999999937
148.0,1060.265599999998
148.1,1052.7459999999871
148.2,1054.568415841583
148.3,1038.8142999999686
148.4,1035.8981999999999
148.5,1027.9556000000066
148.6,1018.8234000000026
148.7,1010.3295049504992
148.8,1001.2677999999833
148.9,992.0578000000004
149.0,982.9216000000041
149.1,972.1780000000005
149.2,967.0623762376247
149.3,974.3995000000019
149.4,979.659599999999
149.5,981.8431999999997
149.6,980.3731633663358
149.7,978.5057227722773
149.8,995.5580000000099
149.9,999.1419999999999
150.0,1002.438
150.1,1003.0241386138612
150.2,1009.0409000000018
150.3,1006.1885999999961
150.4,1000.4021999999986
150.5,1011.9384999999746
150.6,1015.3999267326733
150.7,1017.2296435643575
150.8,995.5801999999728
150.9,993.7136000000025
151.0,1002.7343999999869
151.1,1007.1078217821799
151.2,1005.7249000000029
151.3,1006.3058000000011
151.4,1009.4782000000025
151.5,1010.4893999999997
151.6,1009.7852475247516
151.7,1005.5752000000043
151.8,1013.3564000000108
151.9,1011.140799999994
152.0,993.2152000000176
152.1,995.9083168316943
152.2,996.2475000000018
152.3,995.3499999999998
152.4,993.3350000000015
152.5,998.2759653465181
152.6,998.1159663366311
152.7,994.6964000000033
152.8,988.902999999991
152.9,986.6524000000002
153.0,1000.2072217821526
153.1,997.3904465346523
153.2,998.5992999999963
153.3,1009.8785000000214
153.4,1020.6785999999994
153.5,1026.2919930693138
153.6,1033.0224396039653
153.7,1052.556399999989
153.8,1067.294800000002
153.9,1067.484000000002
154.0,1059.477920792082
154.1,1049.9294999999959
154.2,1050.354999999999
154.3,1053.8752000000013
154.4,1046.2600000000027
154.5,1048.7833663366196
154.6,1071.886
154.7,1084.403
154.8,1090.015000000004
154.9,1086.273
155.0,1103.9181188118407
155.1,1109.568399999999
155.2,1107.578
155.3,1115.3202000000108
155.4,1102.9295999999947
155.5,1086.6570297029857
155.6,1043.1291999999737
155.7,1018.3604000000099
155.8,1009.3171999999959
155.9,999.8607999999955
156.0,992.0673267326797
156.1,984.4701999999945
156.2,972.269000000012
156.3,958.4178999999907
156.4,965.8326000000121
156.5,971.9985148514849
156.6,971.6285999999993
156.7,972.0067999999994
156.8,973.2046000000012
156.9,969.4216871287157
157.0,952.5873267326987
157.1,946.2055000000025
157.2,947.6499999999996
157.3,949.2220000000023
157.4,952.3644158415834
157.5,951.7431643564385
157.6,955.6311999999992
157.7,958.8531999999994
157.8,955.8863999999932
157.9,952.4298019801978
158.0,969.3241999999807
158.1,983.2372000000008
158.2,998.5240999999855
158.3,1006.6098000000007
158.4,1008.2895049504957
158.5,1005.7404000000026
158.6,1003.558
158.7,1007.2275999999973
158.8,1010.3060000000005
158.9,1012.5249504950488
159.0,1010.1086000000013
159.1,1006.7536999999988
159.2,989.4724000000061
159.3,984.1717198019859
159.4,981.3361584158425
159.5,976.0840000000027
159.6,974.6759999999999
159.7,977.986
159.8,975.575485148499
159.9,968.3686950494996
160.0,971.1756999999897
160.1,958.5048999999937
160.2,926.8329999999921
160.3,880.1408386137914
160.4,826.6774237623574
160.5,773.0488000000475
160.6,721.8527999999781
160.7,673.4722000000418
160.8,622.6067326732366
160.9,571.1222999999654
161.0,521.2932000000302
161.1,472.1101999999665
161.2,447.7367000000035
161.3,445.1094059405938
161.4,444.8356000000001
161.5,444.55080000000044
161.6,444.3427999999999
161.7,444.2116000000001
161.8,444.0501980198018
161.9,443.8655
162.0,443.769
162.1,443.69949999999983
162.2,443.6005
162.3,443.50554455445535
162.4,443.379
162.5,443.2614000000001
162.6,443.14979999999997
162.7,443.0090000000001
162.8,442.9346534653465
162.9,442.86639999999994
163.0,442.75700000000006
163.1,442.64109999999994
163.2,442.52170000000007
163.3,442.43851485148514
163.4,442.3736
163.5,442.3608
163.6,442.3592
163.7,442.33485148514853
163.8,442.294008910891
163.9,442.26
164.0,442.2396
164.1,442.2251
164.2,442.2197495049505
164.3,442.2301485148515
164.4,442.27
164.5,442.2600000000001
164.6,442.2
164.7,442.17009900990104
164.8,442.1550980198019
164.9,442.1449
165.0,442.1304
165.1,442.1296
165.2,442.1402
165.3,442.13500594059406
165.4,442.10639999999995
165.5,442.07959999999997
165.6,442.1188
165.7,442.1689623762376
165.8,442.18049504950494
165.9,442.1794
166.0,442.18530000000004
166.1,442.18940000000003
166.2,442.20939999999996
166.3,442.2106930693069
166.4,442.2092
166.5,442.21999999999997
166.6,442.21079999999995
166.7,442.20910891089113
166.8,442.211
166.9,442.182
167.0,442.1645
167.1,442.1565
167.2,442.1444554455445
167.3,442.14119999999997
167.4,442.1168
167.5,442.0692000000001
167.6,442.0256
167.7,442.02
167.8,442.0071
167.9,441.9814
168.0,441.9786
168.1,441.9728
168.2,441.95
168.3,441.9626
168.4,441.9674
168.5,441.9668
168.6,441.9774
168.7,441.94752475247526
168.8,441.9341
168.9,441.9318
169.0,441.9118
169.1,441.9041811881188
169.2,441.89382178217824
169.3,441.8539999999999
169.4,441.83799999999997
169.5,441.866
169.6,441.8780396039604
169.7,441.8640811881188
169.8,441.8544
169.9,441.84950000000003
170.0,441.88779999999997
170.1,441.8999613861386
170.2,441.9113386138614
170.3,441.9262
170.4,441.89719999999994
170.5,441.8486
170.6,441.8338376237624
170.7,441.8474623762376
170.8,441.84149999999994
170.9,441.8137
171.0,441.81260000000003
171.1,441.8258633663367
171.2,441.86646336633663
171.3,441.86
171.4,441.8564
171.5,441.8572
171.6,441.8735643564356
171.7,441.8660643564357
171.8,441.8505
171.9,441.8665
172.0,441.84950000000003
172.1,441.8334653465347
172.2,441.8296693069307
172.3,441.80319999999995
172.4,441.79
172.5,441.7934
172.6,441.7795326732673
172.7,441.7400663366337
172.8,441.73670000000004
172.9,441.7432
173.0,441.7370000000001
173.1,441.66996732673266
173.2,441.66673267326735
173.3,441.66960000000006
173.4,441.6932
173.5,441.70640000000003
173.6,441.7263683168317
173.7,441.7462
173.8,441.75379999999996
173.9,441.74
174.0,441.75239999999997
174.1,441.7831
174.2,441.7837920792079
174.3,441.767
174.4,441.781
174.5,441.81800000000004
174.6,441.78705940594057
174.7,441.7713702970297
174.8,441.7558
174.9,441.77290000000005
175.0,441.76840000000004
175.1,441.7342287128713
175.2,441.72847128712874
175.3,441.75
175.4,441.73879999999997
175.5,441.7212
175.6,441.7333663366336
175.7,441.6981
175.8,441.73080000000004
175.9,441.7546
176.0,441.74809999999997
176.1,441.78069306930695
176.2,441.8048
176.3,441.8004
176.4,441.8196
176.5,441.77440000000007
176.6,441.73772277227727
176.7,441.75750000000005
176.8,441.74249999999995
176.9,441.72
177.0,441.72249999999997
177.1,441.7176237623762
177.2,441.68
177.3,441.6655999999999
177.4,441.6248
177.5,441.6496237623762
177.6,441.6774712871287
177.7,441.66769999999997
177.8,441.6577
177.9,441.6477
178.0,441.6101000000001
178.1,441.53686336633666
178.2,441.62120000000004
178.3,441.6054000000001
178.4,441.6556
178.5,441.6378
178.6,441.64306930693067
178.7,441.6879
178.8,441.67159999999996
178.9,441.6631
179.0,441.7584
179.1,441.77960396039606
179.2,441.75399999999996
179.3,441.798
179.4,441.758
179.5,441.788
179.6,441.7740594059406
179.7,441.7481
179.8,441.7419
179.9,441.73479999999995
180.0,441.6681564356436
180.1,441.6671188118812
180.2,441.6874
180.3,441.6264
180.4,441.6082
180.5,441.5964356435644
180.6,441.5817
180.7,441.59
180.8,441.5917
180.9,441.6068
181.0,441.63663366336635
181.1,441.6232
181.2,441.63680000000005
181.3,441.62640000000005
181.4,441.65838415841586
181.5,441.6545841584158
181.6,441.68750000000006
181.7,441.73299999999995
181.8,441.7485
181.9,441.7414702970297
182.0,441.7415148514852
182.1,441.6886
182.2,441.6702000000001
182.3,441.6086
182.4,441.60138613861386
182.5,441.6061
182.6,441.5656999999999
182.7,441.4674
182.8,441.4513
182.9,441.4587128712871
183.0,441.4452
183.1,441.4124
183.2,441.4384
183.3,441.50121188118817
183.4,441.50185940594065
183.5,441.43780000000004
183.6,441.4266
183.7,441.4767
183.8,441.4456435643564
183.9,441.412
184.0,441.432
184.1,441.452
184.2,441.467
184.3,441.4330693069307
184.4,441.3763
184.5,441.4409
184.6,441.4464
184.7,441.40819999999997
184.8,441.3909
184.9,441.4026732673267
185.0,441.43
185.1,441.42679999999996
185.2,441.3876
185.3,441.36240000000004
185.4,441.39
185.5,441.3923762376237
185.6,441.4207
185.7,441.4335
185.8,441.4814
185.9,441.49649999999997
186.0,441.4521
186.1,441.4793138613861
186.2,441.4726792079208
186.3,441.51180000000005
186.4,441.537
186.5,441.4924
186.6,441.5341881188119
186.7,441.5987178217822
186.8,441.58000000000004
186.9,441.57849999999996
187.0,441.54800000000006
187.1,441.5085099009901
187.2,441.4768198019803
187.3,441.4092
187.4,441.3916
187.5,441.4276000000001
187.6,441.3664356435642
187.7,441.28119999999996
187.8,441.3197
187.9,441.31059999999997
188.0,441.33029999999997
188.1,441.3423762376239
188.2,441.4212
188.3,441.4802
188.4,441.49
188.5,441.49019801980194
188.6,441.499898019802
188.7,441.48
188.8,441.47979999999995
188.9,441.4596
189.0,441.41970000000003
189.1,441.39019801980197
189.2,441.4
189.3,441.41999999999996
189.4,441.40999999999997
189.5,441.43
189.6,441.45970297029703
189.7,441.4798
189.8,441.4899
189.9,441.4999
190.0,441.5
190.1,441.51960396039607
190.2,441.52
190.3,441.4906
190.4,441.4606
190.5,441.45010297029705
190.6,441.4402940594059
190.7,441.4012
190.8,441.4194
190.9,441.40059999999994
191.0,441.419303960396
191.1,441.4103920792079
191.2,441.4004
191.3,441.4
191.4,441.38079999999997
191.5,441.3514851485149
191.6,441.33099999999996
191.7,441.31100000000004
191.8,441.29099999999994
191.9,441.3087178217822
192.0,441.29119405940594
192.1,441.2335999999999
192.2,441.2958
192.3,441.29999999999995
192.4,441.3092138613861
192.5,441.3285930693069
192.6,441.3393
192.7,441.3772
192.8,441.4265000000001
192.9,441.4207920792079
193.0,441.466
193.1,441.4976
193.2,441.454
193.3,441.45
193.4,441.45
193.5,441.4136
193.6,441.3918
193.7,441.4082
193.8,441.38315049504945
193.9,441.34397029702967
194.0,441.34900000000005
194.1,441.35
194.2,441.377
194.3,441.35326732673263
194.4,441.3411
194.5,441.35779999999994
194.6,441.3778
194.7,441.3266
194.8,441.3552475247525
194.9,441.3688
195.0,441.36120000000005
195.1,441.316
195.2,441.3098257425742
195.3,441.3187128712872
195.4,441.3287
195.5,441.3734999999999
195.6,441.35389999999995
195.7,441.37592772277225
195.8,441.37138613861384
195.9,441.30119999999994
196.0,441.29859999999996
196.1,441.24839999999995
196.2,441.2059405940594
196.3,441.2085
196.4,441.25249999999994
196.5,441.2515
196.6,441.26700000000005
196.7,441.2195841584159
196.8,441.29400000000015
196.9,441.3436
197.0,441.35
197.1,441.3917504950495
197.2,441.4083168316832
197.3,441.38509999999997
197.4,441.3883
197.5,441.4066
197.6,441.39356435643566
197.7,441.3982
197.8,441.37539999999996
197.9,441.3618
198.0,441.3029247524753
198.1,441.2899623762376
198.2,441.2981
198.3,441.3162
198.4,441.2795
198.5,441.2778594059406
198.6,441.2800198019802
198.7,441.216
198.8,441.24
198.9,441.24199999999996
199.0,441.3112871287127
199.1,441.30629999999996
199.2,441.2605
199.3,441.2263
199.4,441.21209999999996
199.5,441.12396039603976
199.6,441.13120000000004
199.7,441.18680000000006
199.8,441.2078
199.9,441.17887722772275
200.0,441.1315000000001
200.1,441.1431
200.2,441.1808
200.3,441.1977
200.4,441.23811881188124
200.5,441.27279999999996
200.6,441.2724
200.7,441.2548
200.8,441.22780198019797
200.9,441.22002475247524
201.0,441.2724999999999
201.1,441.24499999999995
201.2,441.23749999999995
201.3,441.2401485148515
201.4,441.27697425742576
201.5,441.31219999999996
201.6,441.3126
201.7,441.3174
201.8,441.2833663366336
201.9,441.2919
202.0,441.2927
202.1,441.2754
202.2,441.29175544554454
202.3,441.2783168316831
202.4,441.2196
202.5,441.1712
202.6,441.15999999999997
202.7,441.15287128712873
202.8,441.1926287128713
202.9,441.18870000000004
203.0,441.1942
203.1,441.2355
203.2,441.22891089108913
203.3,441.22700000000003
203.4,441.223
203.5,441.206
203.6,441.207
203.7,441.21000000000004
203.8,441.17549999999994
203.9,441.1669
204.0,441.18379999999996
204.1,441.1622633663366
204.2,441.1500316831683
204.3,441.1432
204.4,441.1332
204.5,441.1843999999999
204.6,441.21
204.7,441.23679999999996
204.8,441.2902
204.9,441.31
205.0,441.2832000000001
205.1,441.28990099009906
205.2,441.2604
205.3,441.2796000000001
205.4,441.3
205.5,441.254192079208
205.6,441.22996534653464
205.7,441.2365
205.8,441.2074999999999
205.9,441.216
206.0,441.23006435643566
206.1,441.23010693069307
206.2,441.2428
206.3,441.2436
206.4,441.2272
206.5,441.2770297029702
206.6,441.2659
206.7,441.25260000000003
206.8,441.26
206.9,441.2412871287128
207.0,441.2424
207.1,441.24379999999996
207.2,441.2028
207.3,441.21720000000005
207.4,441.23975445544556
207.5,441.24
207.6,441.2583
207.7,441.2639
207.8,441.2722
207.9,441.2981188118812
208.0,441.31
208.1,441.32800000000003
208.2,441.352
208.3,441.366
208.4,441.33435643564354
208.5,441.32179999999994
208.6,441.27689999999996
208.7,441.2459
208.8,441.2380831683168
208.9,441.2300415841584
209.0,441.2242
209.1,441.22
209.2,441.2026
209.3,441.18425742574254
209.4,441.19710000000003
209.5,441.21
209.6,441.1929
209.7,441.19156930693066
209.8,441.2055564356436
209.9,441.2324
210.0,441.2220000000001
210.1,441.1888
210.2,441.15754455445546
210.3,441.1621336633664
210.4,441.158
210.5,441.162
210.6,441.18550000000005
210.7,441.2008910891089
210.8,441.21
210.9,441.1938
211.0,441.16380000000004
211.1,441.2036792079208
211.2,441.22331386138615
211.3,441.2
211.4,441.2
211.5,441.20000000000005
211.6,441.17885247524754
211.7,441.186
211.8,441.1996
211.9,441.1848
212.0,441.1696
212.1,441.17029702970297
212.2,441.1596
212.3,441.12469999999996
212.4,441.1202
212.5,441.11469999999997
212.6,441.1252475247525
212.7,441.16999999999996
212.8,441.1599999999999
212.9,441.15
213.0,441.1848514851485
213.1,441.2147
213.2,441.23
213.3,441.24469999999997
213.4,441.2355
213.5,441.21004851485145
213.6,441.1956
213.7,441.16560000000004
213.8,441.1164
213.9,441.0848
214.0,441.09479999999996
214.1,441.06159999999994
214.2,440.99148514851487
214.3,440.9741
214.4,441.00879999999995
214.5,441.02060000000006
214.6,441.00059999999996
214.7,440.9853
214.8,440.97534653465345
214.9,440.96999999999997
215.0,440.9654
215.1,440.9784
215.2,441.0092
215.3,441.043
215.4,441.04704554455446
215.5,441.04266336633657
215.6,441.07
215.7,441.0745
215.8,441.08
215.9,441.0935
216.0,441.0830000000001
216.1,441.03217821782175
216.2,441.01
216.3,441.0144
216.4,440.98479999999995
216.5,440.95759999999996
216.6,440.95799999999997
216.7,440.91693069306933
216.8,440.9086
216.9,440.92859999999996
217.0,440.9486
217.1,440.98150000000004
217.2,441.01008514851486
217.3,441.0056851485149
217.4,440.99580000000003
217.5,440.9774
217.6,440.96000000000004
217.7,440.98519999999996
217.8,441.00336633663363
217.9,440.9759
218.0,440.9741
218.1,440.9759
218.2,440.9454
218.3,440.9141
218.4,440.92405940594057
218.5,440.9542376237623
218.6,440.978
218.7,440.948
218.8,440.91399999999993
218.9,440.89
219.0,440.866298019802
219.1,440.83
219.2,440.8261
219.3,440.8239
219.4,440.8378
219.5,440.8306158415842
219.6,440.7924613861386
219.7,440.7876
219.8,440.8
219.9,440.8152
220.0,440.8476
220.1,440.87516237623765
220.2,440.9037623762376
220.3,440.9211
220.4,440.9289
220.5,440.90260000000006
220.6,440.8863
220.7,440.8837
220.8,440.87559999999996
220.9,440.8608
221.0,440.8728
221.1,440.8564
221.2,440.8356
221.3,440.8136
221.4,440.8164356435644
221.5,440.8414999999999
221.6,440.9105
221.7,440.9335
221.8,440.94
221.9,440.9468
222.0,440.94980000000004
222.1,440.9402
222.2,440.94300000000004
222.3,440.9236000000001
222.4,440.93653465346534
222.5,440.9199
222.6,440.92679999999996
222.7,440.8967
222.8,440.87679999999995
222.9,440.82360000000006
223.0,440.76673267326737
223.1,440.7504
223.2,440.746
223.3,440.7832
223.4,440.7964
223.5,440.79720000000003
223.6,440.77
223.7,440.7761316831683
223.8,440.7993
223.9,440.8386
224.0,440.87070000000006
224.1,440.8624
224.2,440.8869306930693
224.3,440.8830693069307
224.4,440.863
224.5,440.806
224.6,440.838
224.7,440.886
224.8,440.89405940594054
224.9,440.8771
225.0,440.8845
225.1,440.92
225.2,440.9055
225.3,440.8729
225.4,440.89450000000005
225.5,440.93574257425746
225.6,440.9332
225.7,440.8816
225.8,440.85159999999996
225.9,440.8356
226.0,440.8388
226.1,440.8210891089109
226.2,440.8473
226.3,440.8346
226.4,440.8173
226.5,440.81269999999995
226.6,440.8119
226.7,440.78195346534653
226.8,440.76787326732676
226.9,440.8004
227.0,440.83259999999996
227.1,440.83219999999994
227.2,440.8152
227.3,440.83000000000004
227.4,440.83772277227723
227.5,440.8575
227.6,440.845
227.7,440.835
227.8,440.8425490196078
227.9,440.82245098039215
228.0,440.8277
228.1,440.8223
228.2,440.83683168316827
228.3,440.85119999999995
228.4,440.82
228.5,440.8222
228.6,440.82342178217823
228.7,440.81516930693067
228.8,440.87
228.9,440.8742
229.0,440.89
229.1,440.8942207920792
229.2,440.9017623762376
229.3,440.884
229.4,440.942
229.5,440.948
229.6,440.9380198019802
229.7,440.9357
229.8,440.96
229.9,440.9505
230.0,440.9061811881188
230.1,440.8806752475247
230.2,440.8472
230.3,440.8746
230.4,440.8464
230.5,440.82827128712876
230.6,440.8217821782178
230.7,440.8283
230.8,440.8234
230.9,440.85020000000003
231.0,440.8966336633664
231.1,440.88640000000004
231.2,440.9184
231.3,440.9116
231.4,440.9216
231.5,440.92843168316836
231.6,440.92
231.7,440.92
231.8,440.91249999999997
231.9,440.86249999999995
232.0,440.81847029702976
232.1,440.81140000000005
232.2,440.82839999999993
232.3,440.88
232.4,440.87440000000004
232.5,440.8455722772277
232.6,440.87584158415837
232.7,440.84220000000005
232.8,440.7952
232.9,440.83649999999994
233.0,440.88001287128714
233.1,440.88034851485156
233.2,440.87280000000004
233.3,440.82
233.4,440.8212
233.5,440.83356435643566
233.6,440.8633
233.7,440.8977
233.8,440.95779999999996
233.9,440.9411
234.0,440.9489108910891
234.1,440.94
234.2,440.939
234.3,440.938
234.4,441.009
234.5,440.9980198019802
234.6,440.98
234.7,440.9755
234.8,440.9309
234.9,440.9409
235.0,440.95
235.1,440.9524
235.2,440.9768
235.3,440.936
235.4,440.89160000000004
235.5,440.91
235.6,440.9086
235.7,440.8914
235.8,440.91280000000006
235.9,440.94719999999995
236.0,440.91068613861387
236.1,440.92129306930696
236.2,440.93820000000005
236.3,440.9118
236.4,440.9406
236.5,440.94939405940596
236.6,440.9398118811881
236.7,440.9405
236.8,440.94699999999995
236.9,440.89200000000005
237.0,440.92800000000005
237.1,440.8885148514851
237.2,440.86119999999994
237.3,440.89
237.4,440.88840000000005
237.5,440.8504
237.6,440.860796039604
237.7,440.879603960396
237.8,440.87120000000004
237.9,440.9103
238.0,440.91999999999996
238.1,440.9197
238.2,440.9088118811881
238.3,440.8704
238.4,440.88960000000003
238.5,440.8704
238.6,440.8902
238.7,440.9002
238.8,440.909601980198
238.9,440.8804
239.0,440.91990000000004
239.1,440.9101
239.2,440.92
239.3,440.920198019802
239.4,440.94
239.5,440.95
239.6,440.95
239.7,440.97
239.8,440.96000000000004
239.9,440.93970297029705
240.0,440.95979801980195
240.1,440.99960000000004
240.2,441.01980000000003
240.3,441.0398
240.4,441.0697
240.5,445.92198019801106
240.6,508.9556000000292
240.7,569.2948000000274
240.8,630.1624000000305
240.9,692.6790000000284
241.0,745.918514851404
241.1,813.8386000000467
241.2,878.1348999999022
241.3,942.2758000000438
241.4,1006.5887673267903
241.5,1086.0925267325713
241.6,1121.3160000000303
241.7,1120.8356000000024
241.8,1122.3152000000014
241.9,1113.849592079082
242.0,1134.987079207895
242.1,1121.6119999999826
242.2,1112.3285000000092
242.3,1102.3894999999886
242.4,1106.0183613861352
242.5,1089.5761524752638
242.6,1057.6121999999552
242.7,1054.324000000001
242.8,1055.1706000000013
242.9,1053.6845841584168
243.0,1035.2957910891223
243.1,1030.9626000000017
243.2,1028.126700000002
243.3,1018.7601999999843
243.4,1009.736831683171
243.5,1003.5644000000027
243.6,997.2480000000016
243.7,986.3900000000051
243.8,978.4295920792081
243.9,968.2576039603983
244.0,976.3198999999977
244.1,974.2343000000001
244.2,977.1340999999992
244.3,978.4401881188122
244.4,975.4990594059406
244.5,989.893
244.6,991.647
244.7,995.458
244.8,997.6437326732681
244.9,996.7029455445542
245.0,1003.528699999986
245.1,1011.1362000000017
245.2,1011.0799999999997
245.3,1006.6075019801947
245.4,1009.5927643564376
245.5,1003.3216000000119
245.6,991.9719999999948
245.7,975.3171999999921
245.8,962.9762376237513
245.9,958.5106999999978
246.0,954.6596000000051
246.1,956.3772000000017
246.2,951.6292000000076
246.3,955.3492079207966
246.4,960.9032000000052
246.5,963.9001999999974
246.6,953.7765999999889
246.7,960.4327762376048
246.8,981.0925049505204
246.9,991.1854999999937
247.0,992.2410000000002
247.1,995.0505000000038
247.2,996.2229306930686
247.3,993.4790732673223
247.4,993.7127999999994
247.5,991.6256000000024
247.6,988.9907999999964
247.7,981.691647524745
247.8,993.8017564356671
247.9,995.6619000000003
248.0,995.4219
248.1,1002.0250999999976
248.2,1002.4475237623835
248.3,1011.1255247524971
248.4,1020.4881999999997
248.5,1034.1885999999934
248.6,1047.7459999999994
248.7,1060.3453465346502
248.8,1102.59440000001
248.9,1108.5237000000009
249.0,1110.0851999999993
249.1,1095.646899999996
249.2,1070.1637623762388
249.3,1056.2759999999953
249.4,1044.3120000000001
249.5,1045.8020000000001
249.6,1046.7179999999998
249.7,1047.9990099009906
249.8,1055.4184000000064
249.9,1050.5217999999982
250.0,1053.5942999999902
250.1,1054.5922247524752
250.2,1039.7841881188033
250.3,1028.0327999999906
250.4,1025.1411999999996
250.5,1013.1364000000199
250.6,1006.5355445544528
250.7,999.8412000000079
250.8,989.6368999999926
250.9,982.9111999999963
251.0,975.5616000000085
251.1,966.0247524752389
251.2,968.4079999999949
251.3,973.3552000000042
251.4,978.1488000000045
251.5,976.5886653465369
251.6,976.6874752475262
251.7,979.0374999999984
251.8,993.4950000000209
251.9,997.5200000000004
252.0,995.5173762376262
252.1,993.4762396039611
252.2,1001.0237999999902
252.3,1003.6945999999997
252.4,999.4886000000017
252.5,1002.8654970296981
252.6,1009.5135930693065
252.7,1008.1883000000029
252.8,990.7874999999646
252.9,994.342999999999
253.0,1002.2455445544524
253.1,1005.1224000000002
253.2,1002.1340000000022
253.3,1008.7460000000021
253.4,1005.7776000000039
253.5,996.3055445544583
253.6,1001.0441000000046
253.7,1011.0653999999978
253.8,1010.3825999999979
253.9,992.3644000000054
254.0,982.9257425742636
254.1,952.47
254.2,937.156
254.3,936.4350000000004
254.4,933.5363465346534
254.5,934.7052643564305
254.6,937.3970000000005
254.7,931.0650999999976
254.8,928.5417000000009
254.9,934.7920099009921
255.0,941.3569742574191
255.1,969.3400000000174
255.2,988.3239999999893
255.3,1012.6760000000141
255.4,1047.8422178218084
255.5,1065.5227821782148
255.6,1077.4084000000094
255.7,1085.5214999999955
255.8,1098.227600000011
255.9,1100.5087128712903
256.0,1110.522999999976
256.1,1117.4008000000013
256.2,1119.3747999999987
256.3,1108.7451999999844
256.4,1076.6464356435813
256.5,1068.3949999999902
256.6,1056.4119999999737
256.7,1042.704000000003
256.8,1043.7620000000072
256.9,1045.6189108910892
257.0,1050.9275999999923
257.1,1050.0776000000005
257.2,1052.2439999999938
257.3,1052.4919881188066
257.4,1040.8281495049478
257.5,1027.359000000008
257.6,1022.9355
257.7,1017.6888000000056
257.8,1009.2060316831654
257.9,997.8818732673325
258.0,988.6534000000032
258.1,980.8739999999966
258.2,970.4722000000054
258.3,962.7028712871256
258.4,959.1582000000005
258.5,965.5560999999973
258.6,968.8613999999984
258.7,968.0452881188119
258.8,968.7012871287138
258.9,968.7439999999999
259.0,982.9299999999672
259.1,991.68
259.2,994.3612673267334
259.3,998.2540029703003
259.4,1002.5665000000013
259.5,1000.4235000000082
259.6,1003.4575000000023
259.7,1005.4515891089144
259.8,1008.7751168316869
259.9,1013.8628000000012
260.0,996.7216000000273
260.1,989.9844000000052
260.2,994.817821782178
260.3,994.4696999999994
260.4,996.3644000000027
260.5,996.0607000000023
260.6,994.7937000000003
260.7,997.8425742574234
260.8,999.0743999999984
260.9,996.2672000000014
261.0,990.0332000000112
261.1,983.8293029702879
261.2,978.9929504950496
261.3,982.277500000011
261.4,985.3770000000002
261.5,985.5534999999975
261.6,987.5428168316855
261.7,987.1831445544555
261.8,987.6102000000036
261.9,989.6354000000002
262.0,992.8409999999958
262.1,992.8235821782115
262.2,1003.7888425742335
262.3,1002.9237999999641
262.4,996.0241000000026
262.5,1002.8721999999955
262.6,1006.2145851485218
262.7,1012.3838099009898
262.8,1029.0652000000136
262.9,1048.609599999992
263.0,1054.3640000000025
263.1,1048.236633663361
263.2,1043.5646000000006
263.3,1042.7229000000007
263.4,1040.952700000001
263.5,1051.1301999999946
263.6,1063.8442574257444
263.7,1069.06
263.8,1081.705000000019
263.9,1090.73
264.0,1087.895000000008
264.1,1090.4444554455458
264.2,1101.9952999999903
264.3,1111.3336000000018
264.4,1114.4557999999997
264.5,1106.636062376256
264.6,1093.3112356435659
264.7,1074.148000000017
264.8,1040.5667999999814
264.9,1014.8367999999958
265.0,1007.0537782178251
265.1,999.0636554455378
265.2,988.2952000000046
265.3,975.9804999999913
265.4,966.5192000000021
265.5,960.979900990107
265.6,963.0088000000098
265.7,969.6579999999998
265.8,971.8398000000024
265.9,972.6672831683169
266.0,970.1099009901037
266.1,960.5959999999982
266.2,945.0700000000168
266.3,938.7705000000046
266.4,941.4912970296972
266.5,945.027671287116
266.6,949.3600000000004
266.7,949.4088000000014
266.8,952.3112000000117
266.9,955.9571247524688
267.0,956.2015623762283
267.1,963.309300000007
267.2,974.5698999999925
267.3,989.0130000000117
267.4,1002.4078792079174
267.5,1006.0296297029699
267.6,1006.4650000000001
267.7,1006.5050000000001
267.8,1003.8063999999947
267.9,1002.2095049504934
268.0,1008.2081999999907
268.1,1013.9321999999995
268.2,1015.1058000000002
268.3,1007.8929999999814
268.4,990.923861386141
268.5,984.1779999999917
268.6,988.884
268.7,988.6659999999999
268.8,990.3940000000009
268.9,989.5583168316829
269.0,987.1964000000007
269.1,985.3362999999994
269.2,983.2629000000005
269.3,971.6740029702906
269.4,932.332184158398
269.5,874.3602000000245
269.6,816.3199999999752
269.7,761.8960000000222
269.8,711.4411485148313
269.9,663.9061128713038
270.0,611.5401000000816
270.1,561.6316999999675
270.2,513.3054000000079
270.3,469.5400415841352
270.4,447.17257029702955
270.5,445.3116000000003
270.6,445.1107999999998
270.7,444.9124
270.8,444.75239999999985
270.9,444.59297029702964
271.0,444.4655000000001
271.1,444.34649999999993
271.2,444.1785000000001
271.3,444.0569999999998
271.4,443.88801980198014
271.5,443.7526000000001
271.6,443.6391999999999
271.7,443.5158000000001
271.8,443.4061999999999
271.9,443.3129376237623
272.0,443.1639000000001
272.1,443.0202999999999
272.2,442.93030000000005
272.3,442.85676732673267
272.4,442.83013465346534
272.5,442.814
272.6,442.7511999999999
272.7,442.6996
272.8,442.7358415841585
272.9,442.7545
273.0,442.72619999999995
273.1,442.72450000000003
273.2,442.68073069306934
273.3,442.6661386138614
273.4,442.659
273.5,442.61899999999997
273.6,442.628
273.7,442.5821188118812
273.8,442.5194891089108
273.9,442.4613
274.0,442.4313
274.1,442.42449999999997
274.2,442.4571574257426
274.3,442.44145742574256
274.4,442.4228
274.5,442.4216
274.6,442.4112
274.7,442.4510891089109
274.8,442.4854
274.9,442.5027
275.0,442.5073
275.1,442.4865
275.2,442.4419801980198
275.3,442.43820000000005
275.4,442.4926
275.5,442.4870000000001
275.6,442.4552
275.7,442.4571287128713
275.8,442.4074999999999
275.9,442.3725
276.0,442.385
276.1,442.3925
276.2,442.379900990099
276.3,442.4076
276.4,442.3976
276.5,442.39719999999994
276.6,442.41519999999997
276.7,442.40229999999997
276.8,442.4077
276.9,442.3885
277.0,442.3546
277.1,442.35854554455443
277.2,442.3042138613862
277.3,442.2522
277.4,442.2666
277.5,442.27900000000005
277.6,442.2290217821782
277.7,442.1812871287129
277.8,442.15420000000006
277.9,442.1721
278.0,442.1737
278.1,442.16247524752475
278.2,442.2059207920792
278.3,442.186
278.4,442.164
278.5,442.14
278.6,442.14
278.7,442.1457
278.8,442.1605
278.9,442.1314
279.0,442.17240000000004
279.1,442.14
279.2,442.1472
279.3,442.17459999999994
279.4,442.1482
279.5,442.14359999999994
279.6,442.15643564356435
279.7,442.1264
279.8,442.0753000000001
279.9,442.1466
280.0,442.1283
280.1,442.12168316831685
280.2,442.1172000000001
280.3,442.04679999999996
280.4,442.0252
280.5,441.9952158415842
280.6,441.9810049504951
280.7,442.0519999999999
280.8,442.11549999999994
280.9,442.096
281.0,442.1345
281.1,442.16131485148514
281.2,442.16580000000005
281.3,442.14560000000006
281.4,442.1772
281.5,442.1614
281.6,442.1686138613861
281.7,442.15220000000005
281.8,442.09219999999993
281.9,442.03740000000005
282.0,442.0173485148515
282.1,441.9997386138613
282.2,441.9964
282.3,441.9712
282.4,441.99199999999996
282.5,442.0752475247525
282.6,442.03999999999996
282.7,442.0422
282.8,442.0611
282.9,442.081
283.0,442.16455445544557
283.1,442.115
283.2,442.0750566037736
283.3,442.11935042102334
283.4,442.08820000000003
283.5,442.0303
283.6,442.0394
283.7,442.0188
283.8,441.9776237623761
283.9,441.899
284.0,441.8502
284.1,441.85880000000003
284.2,441.80039999999997
284.3,441.82
284.4,441.8201
284.5,441.8298
284.6,441.8103
284.7,441.840201980198
284.8,441.86049504950506
284.9,441.95
285.0,441.89
285.1,441.93
285.2,441.94
285.3,441.94029702970295
285.4,441.88059504950496
285.5,441.89979999999997
285.6,441.8604
285.7,441.8501
285.8,441.81049801980197
285.9,441.7806
286.0,441.7898
286.1,441.7704
286.2,441.7798
286.3,441.8092059405941
286.4,441.81000594059407
286.5,441.79060000000004
286.6,441.79970000000003
286.7,441.80969999999996
286.8,441.8581158415842
286.9,441.86
287.0,441.8408
287.1,441.8496
287.2,441.8308
287.3,441.82990495049506
287.4,441.8109851485149
287.5,441.82899999999995
287.6,441.84900000000005
287.7,441.81200000000007
287.8,441.81
287.9,441.84759999999994
288.0,441.8124
288.1,441.8288
288.2,441.83
288.3,441.81138613861384
288.4,441.8286
288.5,441.87649999999996
288.6,441.8521
288.7,441.83140000000003
288.8,441.76554455445535
288.9,441.806
289.0,441.7916
289.1,441.836
289.2,441.81239999999997
289.3,441.8282178217822
289.4,441.8027
289.5,441.79089999999997
289.6,441.7445
289.7,441.7946
289.8,441.7729702970297
289.9,441.752
290.0,441.73199999999997
290.1,441.73
290.2,441.649
290.3,441.67564356435645
290.4,441.68
290.5,441.68
290.6,441.69780000000003
290.7,441.6821118811881
290.8,441.68881188118814
290.9,441.6988
291.0,441.71759999999995
291.1,441.7464
291.2,441.79408712871293
291.3,441.8087128712871
291.4,441.8274
291.5,441.8734999999999
291.6,441.88
291.7,441.84511386138615
291.8,441.85721386138613
291.9,441.8686
292.0,441.8528
292.1,441.8328
292.2,441.82131485148517
292.3,441.82
292.4,441.803
292.5,441.83399999999995
292.6,441.79749999999996
292.7,441.86616336633654
292.8,441.8547683168316
292.9,441.8668
293.0,441.8616
293.1,441.85159999999996
293.2,441.8415168316832
293.3,441.84836732673267
293.4,441.76700000000005
293.5,441.78319999999997
293.6,441.78999999999996
293.7,441.7986287128713
293.8,441.7999643564356
293.9,441.7672
294.0,441.77639999999997
294.1,441.8538
294.2,441.81284356435646
294.3,441.7593683168317
294.4,441.7743
294.5,441.7638
294.6,441.78430000000003
294.7,441.7899198019802
294.8,441.77396039603957
294.9,441.794
295.0,441.728
295.1,441.66999999999996
295.2,441.644
295.3,441.7191455445545
295.4,441.7242
295.5,441.72
295.6,441.6963
295.7,441.7056435643564
295.8,441.74133069306936
295.9,441.8124
296.0,441.86899999999997
296.1,441.91900000000004
296.2,441.9457544554456
296.3,441.896008910891
296.4,441.83379999999994
296.5,441.86619999999994
296.6,441.8569
296.7,441.8883475247524
296.8,441.869504950495
296.9,441.84479999999996
297.0,441.79440000000005
297.1,441.82560000000007
297.2,441.80967524752475
297.3,441.84509900990105
297.4,441.8675
297.5,441.81000000000006
297.6,441.805
297.7,441.79492574257426
297.8,441.76034851485144
297.9,441.6982
298.0,441.70219999999995
298.1,441.6508
298.2,441.61527326732676
298.3,441.6173
298.4,441.66380000000004
298.5,441.70919999999995
298.6,441.7273
298.7,441.7593445544554
298.8,441.7772277227723
298.9,441.84479999999996
299.0,441.82680000000005
299.1,441.8028
299.2,441.7857425742574
299.3,441.7728425742574
299.4,441.72740000000005
299.5,441.68870000000004
299.6,441.6445
299.7,441.6579782178218
299.8,441.6349108910891
299.9,441.62
300.0,441.64099999999996
300.1,441.72
300.2,441.7290693069307
300.3,441.7200306930693
300.4,441.7269
300.5,441.7920999999999
300.6,441.8338
300.7,441.8466950495049
300.8,441.80916831683163
300.9,441.8036
301.0,441.8032
301.1,441.78639999999996
301.2,441.78
301.3,441.81350000000003
301.4,441.77639999999997
301.5,441.75
301.6,441.7433
301.7,441.75996732673264
301.8,441.74359999999996
301.9,441.7564
302.0,441.7238000000001
302.1,441.7066
302.2,441.69686534653465
302.3,441.6900346534653
302.4,441.6965
302.5,441.7195
302.6,441.6779999999999
302.7,441.68224257425743
302.8,441.6870930693069
302.9,441.67359999999996
303.0,441.63800000000003
303.1,441.6712
303.2,441.6809267326733
303.3,441.70790990099016
303.4,441.7174
303.5,441.76039999999995
303.6,441.78369999999995
303.7,441.7738871287129
303.8,441.7326871287129
303.9,441.7596
304.0,441.78380000000004
304.1,441.78
304.2,441.7676
304.3,441.76613861386136
304.4,441.7517
304.5,441.7034
304.6,441.6617
304.7,441.68013762376233
304.8,441.7000792079208
304.9,441.67
305.0,441.674
305.1,441.696
305.2,441.65247524752476
305.3,441.6317594059406
305.4,441.6341
305.5,441.6359
305.6,441.6223
305.7,441.6454
305.8,441.6350752475247
305.9,441.65060000000005
306.0,441.6394000000001
306.1,441.6564
306.2,441.67260000000005
306.3,441.6772277227723
306.4,441.67859999999996
306.5,441.69849999999997
306.6,441.72
306.7,441.7198871287129
306.8,441.71995643564355
306.9,441.7256
307.0,441.71320000000003
307.1,441.7
307.2,441.6890217821782
307.3,441.7076336633664
307.4,441.7025
307.5,441.691
307.6,441.64499999999987
307.7,441.6
307.8,441.55099009900977
307.9,441.4884
308.0,441.47
308.1,441.4916
308.2,441.49925346534656
308.3,441.4846069306931
308.4,441.45349999999996
308.5,441.4512
308.6,441.4488
308.7,441.4671524752475
308.8,441.50524752475246
308.9,441.57759999999996
309.0,441.62440000000004
309.1,441.6152
309.2,441.6043485148515
309.3,441.61069108910897
309.4,441.63
309.5,441.61469999999997
309.6,441.58979999999997
309.7,441.590099009901
309.8,441.61
309.9,441.59000000000003
310.0,441.555
310.1,441.56
310.2,441.560198019802
310.3,441.5647504950495
310.4,441.5702
310.5,441.56489999999997
310.6,441.5749
310.7,441.58004851485146
310.8,441.5944
310.9,441.62440000000004
311.0,441.6496
311.1,441.6744
311.2,441.67574257425747
311.3,441.6553
311.4,441.6453
311.5,441.64939999999996
311.6,441.6506
311.7,441.6492138613861
311.8,441.65556039603956
311.9,441.63620000000003
312.0,441.63839999999993
312.1,441.6185999999999
312.2,441.5746
312.3,441.60689108910896
312.4,441.649
312.5,441.6555
312.6,441.6545
312.7,441.6554554455446
312.8,441.6279445544554
312.9,441.6
313.0,441.58240000000006
313.1,441.5776
313.2,441.61755643564356
313.3,441.6095613861386
313.4,441.57
313.5,441.5786
313.6,441.5857
313.7,441.60128712871284
313.8,441.62591485148516
313.9,441.6242
314.0,441.6426
314.1,441.6558
314.2,441.6542415841584
314.3,441.6684920792079
314.4,441.6677
314.5,441.64180000000005
314.6,441.6136
314.7,441.5614623762376
314.8,441.5601782178219
314.9,441.584
315.0,441.526
315.1,441.524
315.2,441.5220792079208
315.3,441.5022
315.4,441.49
315.5,441.48609999999996
315.6,441.4995
315.7,441.54158415841584
315.8,441.5562
315.9,441.55
316.0,441.5538
316.1,441.54859999999996
316.2,441.53752475247524
316.3,441.56480000000005
316.4,441.5974
316.5,441.62109999999996
316.6,441.64
316.7,441.6326732673267
316.8,441.6164
316.9,441.628
317.0,441.6384000000001
317.1,441.60720000000003
317.2,441.6164356435644
317.3,441.5925
317.4,441.5635
317.5,441.55600000000004
317.6,441.51603465346534
317.7,441.48653465346536
317.8,441.4936
317.9,441.5098
318.0,441.5036
318.1,441.51986732673265
318.2,441.5101653465346
318.3,441.53990000000005
318.4,441.5534
318.5,441.5367
318.6,441.5299346534654
318.7,441.510598019802
318.8,441.4636
318.9,441.434
319.0,441.4096
319.1,441.4363683168317
319.2,441.4341584158416
319.3,441.4031
319.4,441.41
319.5,441.4224
319.6,441.4686
319.7,441.5130693069307
319.8,441.51099999999997
319.9,441.511
320.0,441.53900000000004
320.1,441.4870891089109
320.2,441.4771702970297
320.3,441.46999999999997
320.4,441.4613
320.5,441.4226
320.6,441.37135742574253
320.7,441.3528
320.8,441.36
320.9,441.3488
321.0,441.3256
321.1,441.3623722772278
321.2,441.4197831683168
321.3,441.41729999999995
321.4,441.4235
321.5,441.46809999999994
321.6,441.4954
321.7,441.4966336633663
321.8,441.46000000000004
321.9,441.47040000000004
322.0,441.5
322.1,441.48699999999997
322.2,441.44742574257424
322.3,441.4425
322.4,441.4475
322.5,441.435
322.6,441.41499999999996
322.7,441.39752475247525
322.8,441.3996
322.9,441.42999999999995
323.0,441.4324
323.1,441.4255999999999
323.2,441.3942574257425
323.3,441.44460000000004
323.4,441.44160000000005
323.5,441.39379999999994
323.6,441.4423
323.7,441.4682178217821
323.8,441.53880000000004
323.9,441.57439999999997
324.0,441.5878
324.1,441.59097821782177
324.2,441.6216782178218
324.3,441.58369999999996
324.4,441.5642
324.5,441.5779
324.6,441.5679
324.7,441.5561584158416
324.8,441.534
324.9,441.498
325.0,441.454
325.1,441.4639405940594
325.2,441.43587920792083
325.3,441.4257
325.4,441.4538
325.5,441.4681
325.6,441.44291881188116
325.7,441.36623762376234
325.8,441.35360000000003
325.9,441.3592
326.0,441.31
326.1,441.3046534653465
326.2,441.27481782178216
326.3,441.25
326.4,441.24490000000003
326.5,441.21490000000006
326.6,441.19848316831684
326.7,441.23655049504947
326.8,441.2152
326.9,441.1884
327.0,441.18
327.1,441.1831683168317
327.2,441.2074999999999
327.3,441.25
327.4,441.24399999999997
327.5,441.2129702970297
327.6,441.2272
327.7,441.20160000000004
327.8,441.1528
327.9,441.1686
328.0,441.1572277227723
328.1,441.1387
328.2,441.12739999999997
328.3,441.1087
328.4,441.1116999999999
328.5,441.19386138613856
328.6,441.226
328.7,441.2784
328.8,441.34360000000004
328.9,441.3699881188119
329.0,441.37924059405935
329.1,441.4533
329.2,441.4778
329.3,441.45009999999985
329.4,441.36346534653467
329.5,441.307
329.6,441.27299999999997
329.7,441.208
329.8,441.1850297029703
329.9,441.14
330.0,441.14
330.1,441.1355
330.2,441.09
330.3,441.09267326732675
330.4,441.124
330.5,441.1708
330.6,441.18080000000003
330.7,441.1955920792079
330.8,441.2583237623762
330.9,441.23369999999994
331.0,441.14720000000005
331.1,441.11280000000005
331.2,441.15000693069305
331.3,441.14930693069306
331.4,441.1406
331.5,441.1476
331.6,441.10759999999993
331.7,441.06580594059415
331.8,441.0016881188119
331.9,441.0285
332.0,441.0
332.1,441.0005
332.2,441.0105
332.3,441.01801980198013
332.4,440.9768000000001
332.5,440.89880000000005
332.6,440.8692
332.7,440.8496
332.8,440.84198811881197
332.9,440.88900396039605
333.0,440.86029999999994
333.1,440.8657999999998
333.2,440.73
333.3,440.73150594059416
333.4,440.78089702970294
333.5,440.82099999999997
333.6,440.8702
333.7,440.88019999999995
333.8,440.89
333.9,440.89019801980197
334.0,440.8999
334.1,440.8905
334.2,440.94010000000003
334.3,441.24720000006016
334.4,471.3238613861239
334.5,536.71
334.6,594.85
334.7,661.9300000000001
334.8,714.55
334.9,781.78
335.0,838.8493069305774
335.1,904.710500000015
335.2,969.6804000000147
335.3,1037.669800000017
335.4,1115.4314000000177
335.5,1125.09059405939
335.6,1124.5741999999996
335.7,1121.8159999999987
335.8,1129.2276000000038
335.9,1130.5854000000006
336.0,1109.0208910891427
336.1,1099.4456999999938
336.2,1105.7174999999897
336.3,1104.0381999999986
336.4,1050.66140495047
336.5,1050.1800396039594
336.6,1046.1691999999962
336.7,1044.5888000000018
336.8,1022.5171999999792
336.9,1022.3547881188118
337.0,1023.3969554455433
337.1,1011.9454999999863
337.2,1001.0325000000109
337.3,996.1294999999949
337.4,989.5886138613914
337.5,978.6808000000102
337.6,974.6729999999952
337.7,965.5958000000073
337.8,956.6639999999879
337.9,964.869207920787
338.0,968.5889999999978
338.1,971.8424999999984
338.2,969.9217000000016
338.3,970.1194772277235
338.4,989.5342891089052
338.5,993.5843999999988
338.6,992.0236000000006
338.7,995.0531999999985
338.8,997.2518891089107
338.9,1002.1628999999988
339.0,995.9961000000017
339.1,1005.1952999999997
339.2,1001.0922000000012
339.3,1008.4459128712888
339.4,985.5409306930693
339.5,983.521
339.6,955.5999999999929
339.7,949.0070000000001
339.8,949.6625742574263
339.9,954.3735000000012
340.0,950.516700000009
340.1,953.903800000001
340.2,950.0921811881177
340.3,955.5081148514898
340.4,950.422799999997
340.5,959.3175999999829
340.6,979.3752000000097
340.7,981.6163366336639
340.8,990.0741356435735
340.9,991.5823
341.0,990.915300000001
341.1,988.8611999999985
341.2,986.5857108910802
341.3,990.754986138617
341.4,982.0643999999901
341.5,978.3542000000027
341.6,976.4175999999984
341.7,984.6407920791997
341.8,985.8904999999996
341.9,991.7744999999943
342.0,994.995999999997
342.1,1003.9055000000114
342.2,1010.6614851485112
342.3,1022.2760000000172
342.4,1037.840799999991
342.5,1051.1215999999883
342.6,1096.340407920698
342.7,1103.2462316831459
342.8,1112.4733000000183
342.9,1109.167800000002
343.0,1120.0917999999901
343.1,1125.3851485148512
343.2,1108.9686000000095
343.3,1109.0020000000084
343.4,1101.5480000000005
343.5,1093.259469306944
343.6,1078.0187376237627
343.7,1051.2447000000066
343.8,1051.7283000000014
343.9,1054.0309999999997
344.0,1056.0518336633663
344.1,1032.2447524752338
344.2,1027.836
344.3,1019.4659999999951
344.4,1012.3820000000001
344.5,1004.3401980198157
344.6,996.1588999999981
344.7,990.7706999999989
344.8,981.0683999999922
344.9,969.5464999999973
345.0,960.8503960396149
345.1,970.5994000000067
345.2,972.4749999999992
345.3,971.231999999999
345.4,973.9555445544578
345.5,975.522999999999
345.6,990.4832000000131
345.7,997.723599999996
345.8,1001.8502000000029
345.9,1003.1264881188122
346.0,1005.2492475247503
346.1,1004.2787999999981
346.2,1005.624399999998
346.3,1014.0228000000093
346.4,1018.3185148514835
346.5,1020.554851485146
346.6,1002.3049999999714
346.7,990.5950000000041
346.8,963.1524999999612
346.9,953.5481188118817
347.0,950.8712000000029
347.1,952.0579999999991
347.2,955.4165999999967
347.3,958.6810000000042
347.4,951.3233663366351
347.5,955.6545999999931
347.6,954.8779000000002
347.7,962.167499999992
347.8,980.6556891089443
347.9,988.1705188118815
348.0,993.8767999999968
348.1,996.3168000000002
348.2,992.3628000000026
348.3,990.6204712871287
348.4,991.0976683168315
348.5,989.0096000000008
348.6,987.7930999999999
348.7,984.9039000000009
348.8,985.1584366336551
348.9,987.8444752475212
349.0,990.3039999999964
349.1,994.575
349.2,1000.299
349.3,1005.2018811881226
349.4,1011.7619000000017
349.5,1021.797299999985
349.6,1033.809100000003
349.7,1047.6747435643595
349.8,1079.1580316832114
349.9,1103.2776000000079
350.0,1113.153199999993
350.1,1115.3592
350.2,1116.33274851486
350.3,1117.3717495049518
350.4,1109.2457999999917
350.5,1104.6506000000006
350.6,1096.3801999999919
350.7,1099.518118811874
350.8,1090.7085999999829
350.9,1059.1212000000226
351.0,1052.2053999999875
351.1,1047.9771425742458
351.2,1049.7668415841554
351.3,1035.4359999999697
351.4,1028.4619999999986
351.5,1029.5680000000002
351.6,1021.3788514851504
351.7,1010.6018653465435
351.8,1001.1847999999875
351.9,992.2544000000009
352.0,980.0980000000129
352.1,971.27603960396
352.2,963.5182000000061
352.3,965.6706000000138
352.4,967.7385999999997
352.5,969.0707999999978
352.6,972.6290099009913
352.7,972.3712000000012
352.8,982.1986000000072
352.9,989.6783999999993
353.0,993.9726811881169
353.1,995.5667297029695
353.2,1000.2937999999981
353.3,1004.9393000000014
353.4,1001.7806000000015
353.5,1003.4427445545176
353.6,1002.4316435643912
353.7,1008.1800000000001
353.8,1005.651999999988
353.9,991.976
354.0,996.3449702970096
354.1,1002.0189188118807
354.2,1001.4465000000001
354.3,1002.8054000000025
354.4,1004.3344000000003
354.5,1006.9480198019767
354.6,1003.9981999999965
354.7,1001.5603999999987
354.8,1002.3604
354.9,1003.3494000000007
355.0,988.887227722791
355.1,973.1029999999945
355.2,948.0284000000232
355.3,933.1137000000017
355.4,931.7331999999972
355.5,930.3727722772275
355.6,931.6260000000015
355.7,932.386
355.8,925.3459999999885
355.9,925.6767999999962
356.0,928.5967326732712
356.1,932.1645000000102
356.2,959.1779999999953
356.3,982.9090000000101
356.4,1010.7953861386136
356.5,1047.624287128687
356.6,1069.369200000002
356.7,1079.9083999999923
356.8,1086.8726000000079
356.9,1099.258118811886
357.0,1105.0252000000035
357.1,1105.2500000000018
357.2,1110.5838999999962
357.3,1115.922400000008
357.4,1096.1969306930478
357.5,1069.0512000000062
357.6,1060.3895999999975
357.7,1051.2528000000063
357.8,1045.6343881188134
357.9,1042.7432782178234
358.0,1047.4857999999963
358.1,1054.9826999999989
358.2,1055.1857999999995
358.3,1055.0662376237606
358.4,1059.055
358.5,1048.2050000000359
358.6,1033.0700000000002
358.7,1033.075
358.8,1026.8366336633521
358.9,1017.9386999999986
359.0,1008.2808000000116
359.1,994.5294999999968
359.2,983.2489267326794
359.3,975.1437702970259
359.4,964.8791999999943
359.5,961.8751999999954
359.6,967.0080000000013
359.7,970.0250495049488
359.8,970.9397999999989
359.9,969.4208000000006
360.0,971.4870999999905
360.1,982.6905000000118
360.2,991.5100990099012
360.3,994.765000000007
360.4,999.1156
360.5,998.9190000000011
360.6,999.0166000000011
360.7,1004.0058415841582
360.8,1009.9325000000019
360.9,1011.9965000000003
361.0,1013.4055000000001
361.1,1003.4911782178168
361.2,997.161544554443
361.3,1007.8580000000095
361.4,1011.0723999999996
361.5,1007.6228000000053
361.6,1004.9268316831689
361.7,1007.1920999999977
361.8,1011.0233000000027
361.9,1010.5216000000046
362.0,1009.4723999999954
362.1,1012.1262376237604
362.2,1000.3010000000111
362.3,986.7626000000014
362.4,975.3986000000132
362.5,954.8218000000039
362.6,953.2131683168396
362.7,958.5665999999998
362.8,957.3050999999946
362.9,953.3294000000006
363.0,949.4477217821848
363.1,945.0484950495053
363.2,945.568
363.3,928.6239999999315
363.4,889.7099999999999
363.5,831.8060792080223
363.6,744.9116514851439
363.7,694.2708000000345
363.8,643.3791999999889
363.9,593.001699999988
364.0,540.9428712871572
364.1,489.4061999999759
364.2,452.79320000000405
364.3,446.0985999999993
364.4,445.0587999999999
364.5,444.83099009900997
364.6,444.6037999999998
364.7,444.3475
364.8,444.12709999999987
364.9,443.9571
365.0,443.80940990099026
365.1,443.6525861386137
365.2,443.4676
365.3,443.34159999999986
365.4,443.17679999999996
365.5,443.05722772277244
365.6,442.94149999999996
365.7,442.83850000000007
365.8,442.73449999999985
365.9,442.5974653465346
366.0,442.4722772277229
366.1,442.39959999999996
366.2,442.3668
366.3,442.36639999999994
366.4,442.35356633663366
366.5,442.32653663366347
366.6,442.15729999999985
366.7,441.9706000000001
366.8,441.78729999999985
366.9,441.61752475247533
367.0,441.4852000000001
367.1,441.3227999999998
367.2,441.07440000000014
367.3,440.79883168316815
367.4,440.6267019801981
367.5,440.43730000000016
367.6,440.3014
367.7,440.2259
367.8,440.1530693069307
367.9,440.145
368.0,440.086
368.1,440.045
368.2,440.08888118811876
368.3,440.1012297029703
368.4,440.08000000000004
368.5,440.09159999999997
368.6,440.1171
368.7,440.1329702970297
368.8,440.1844
368.9,440.17
369.0,440.1672
369.1,440.1404831683168
369.2,440.0762108910891
369.3,440.05350000000004
369.4,440.09000000000003
369.5,440.0954
369.6,440.0965534653465
369.7,440.05978019801984
369.8,440.0548
369.9,440.0452
370.0,440.05740000000003
370.1,440.06544554455445
370.2,440.11249999999995
370.3,440.1225
370.4,440.125
370.5,440.10752475247523
370.6,440.1147762376238
370.7,440.15520000000004
370.8,440.1328
370.9,440.1052
371.0,440.09950495049503
371.1,440.12309999999997
371.2,440.0839000000001
371.3,440.03690000000006
371.4,440.06227722772275
371.5,440.056491089109
371.6,439.999
371.7,439.96439999999996
371.8,439.98220000000003
371.9,439.99435643564357
372.0,440.00144356435646
372.1,439.9679
372.2,439.9705
372.3,440.01630000000006
372.4,440.04
372.5,440.05199999999996
372.6,440.098
372.7,440.096
372.8,440.12
372.9,440.1060584158416
373.0,440.0481
373.1,440.05330000000004
373.2,440.1157
373.3,440.14
373.4,440.1274
373.5,440.06820000000005
373.6,440.0564
373.7,440.0327821782178
373.8,440.0053465346535
373.9,440.0351
374.0,440.0566
374.1,440.03659999999996
374.2,440.003100990099
374.3,439.92960000000005
374.4,439.9784
374.5,439.96680000000003
374.6,439.9628000000001
374.7,440.0284158415842
374.8,440.02
374.9,440.02
375.0,440.01550000000003
375.1,439.98851485148515
375.2,439.97851485148516
375.3,439.9545999999999
375.4,439.8586
375.5,439.8430000000001
375.6,439.8013861386139
375.7,439.80350000000004
375.8,439.7508999999999
375.9,439.68480000000005
376.0,439.6513
376.1,439.6625742574258
376.2,439.6752
376.3,439.64480000000003
376.4,439.68
376.5,439.6859524752475
376.6,439.71983564356435
376.7,439.6367
376.8,439.6166000000001
376.9,439.6733
377.0,439.69564356435643
377.1,439.665
377.2,439.714
377.3,439.752
377.4,439.77100990099007
377.5,439.7791900990099
377.6,439.7727
377.7,439.8036
377.8,439.83459999999997
377.9,439.78086435643564
378.0,439.79239999999993
378.1,439.82
378.2,439.816
378.3,439.77
378.4,439.76920792079204
378.5,439.75790000000006
378.6,439.7307
378.7,439.7393
378.8,439.73278613861385
378.9,439.7719861386139
379.0,439.7970000000001
379.1,439.74699999999996
379.2,439.69820000000004
379.3,439.67118811881187
379.4,439.6885
379.5,439.6619999999999
379.6,439.69849999999997
379.7,439.6709950495049
379.8,439.69139009900994
379.9,439.7204
380.0,439.7304
380.1,439.7420000000001
380.2,439.7939603960395
380.3,439.8912000000001
380.4,439.92850000000004
380.5,439.8812
380.6,439.9194
380.7,439.9011881188119
380.8,439.9391999999999
380.9,439.8994
381.0,439.869
381.1,439.8194
381.2,439.78880990099015
381.3,439.71939999999984
381.4,439.66089999999997
381.5,439.74969999999996
381.6,439.719900990099
381.7,439.71
381.8,439.71
381.9,439.74
382.0,439.78999999999996
382.1,439.770297029703
382.2,439.819501980198
382.3,439.8695
382.4,439.95910000000003
382.5,439.91050000000007
382.6,439.8805940594059
382.7,439.87019999999995
382.8,439.8406
382.9,439.791
383.0,439.799702970297
383.1,439.819402970297
383.2,439.8975999999999
383.3,439.8709
383.4,439.74389999999994
383.5,439.75920792079205
383.6,439.7504
383.7,439.72120000000007
383.8,439.76800000000003
383.9,439.74119999999994
384.0,439.7114851485149
384.1,439.6244999999999
384.2,439.5345000000001
384.3,439.53000000000003
384.4,439.5583118811881
384.5,439.5411821782178
384.6,439.5306
384.7,439.5206
384.8,439.52
384.9,439.5944554455445
385.0,439.59999999999997
385.1,439.62789999999995
385.2,439.6579
385.3,439.6973841584159
385.4,439.68157623762374
385.5,439.68
385.6,439.70759999999996
385.7,439.7652
385.8,439.7424
385.9,439.6853465346535
386.0,439.60720000000003
386.1,439.6182
386.2,439.6473
386.3,439.62297029702967
386.4,439.62
386.5,439.674
386.6,439.707
386.7,439.7012673267327
386.8,439.73565445544557
386.9,439.74
387.0,439.77559999999994
387.1,439.75329999999997
387.2,439.679504950495
387.3,439.714
387.4,439.6936
387.5,439.67240000000004
387.6,439.59959999999995
387.7,439.57257425742574
387.8,439.56129999999996
387.9,439.5774
388.0,439.5974
388.1,439.60034455445543
388.2,439.67749702970286
388.3,439.6642
388.4,439.68580000000003
388.5,439.64700000000005
388.6,439.6740594059406
388.7,439.663
388.8,439.6089999999999
388.9,439.6
389.0,439.6001683168316
389.1,439.5999207920792
389.2,439.54960000000005
389.3,439.5988000000001
389.4,439.61
389.5,439.6515841584158
389.6,439.6766
389.7,439.68829999999997
389.8,439.7315000000001
389.9,439.7815
390.0,439.79821782178215
390.1,439.79999999999995
390.2,439.8492
390.3,439.86
390.4,439.83572475247524
390.5,439.8299435643564
390.6,439.7976
390.7,439.78999999999996
390.8,439.7495
390.9,439.7319801980198
391.0,439.682
391.1,439.654
391.2,439.634
391.3,439.62976237623764
391.4,439.55877524752475
391.5,439.53999999999996
391.6,439.4847
391.7,439.4147
391.8,439.3452475247524
391.9,439.3534
392.0,439.3132000000001
392.1,439.3156
392.2,439.30455445544555
392.3,439.3231
392.4,439.33
392.5,439.3454
392.6,439.3808
392.7,439.41287128712867
392.8,439.42760000000004
392.9,439.43
393.0,439.47559999999993
393.1,439.49760000000003
393.2,439.49247524752474
393.3,439.48249999999996
393.4,439.48
393.5,439.50999999999993
393.6,439.52750000000003
393.7,439.5596257425742
393.8,439.59960000000007
393.9,439.5952
394.0,439.60479999999995
394.1,439.6173267326733
394.2,439.62
394.3,439.6054
394.4,439.6146
394.5,439.59094455445546
394.6,439.60162772277226
394.7,439.5956
394.8,439.59
394.9,439.5828
395.0,439.6231287128712
395.1,439.6899584158416
395.2,439.75969999999995
395.3,439.79420000000005
395.4,439.7858
395.5,439.78702970297024
395.6,439.797
395.7,439.8
395.8,439.793
395.9,439.7899306930693
396.0,439.74151584158426
396.1,439.6303
396.2,439.5555
396.3,439.4916999999999
396.4,439.4975316831683
396.5,439.50313663366336
396.6,439.4864
396.7,439.4392000000001
396.8,439.4268
396.9,439.44346534653465
397.0,439.45
397.1,439.49690000000004
397.2,439.50660000000005
397.3,439.51963564356436
397.4,439.5101326732673
397.5,439.5
397.6,439.51320000000004
397.7,439.58599999999996
397.8,439.6134653465346
397.9,439.61650000000003
398.0,439.5810000000001
398.1,439.58600000000007
398.2,439.5806930693069
398.3,439.6150138613862
398.4,439.64
398.5,439.6272
398.6,439.6328
398.7,439.62105346534656
398.8,439.64164653465355
398.9,439.64739999999995
399.0,439.69669999999996
399.1,439.7552
399.2,439.7887128712871
399.3,439.76279999999997
399.4,439.71520000000004
399.5,439.7
399.6,439.6938613861386
399.7,439.68382277227727
399.8,439.6678
399.9,439.6539
400.0,439.58900000000006
400.1,439.5077227722772
400.2,439.468
400.3,439.466
400.4,439.44599999999997
400.5,439.4300594059406
400.6,439.4180376237624
400.7,439.4395
400.8,439.43639999999994
400.9,439.361
401.0,439.3259
401.1,439.3765663366337
401.2,439.4042
401.3,439.41740000000004
401.4,439.42420000000004
401.5,439.4257425742574
401.6,439.4414
401.7,439.4272
401.8,439.43280000000004
401.9,439.4956000000001
402.0,439.5525742574257
402.1,439.5083999999999
402.2,439.4488
402.3,439.45680000000004
402.4,439.5258336633663
402.5,439.6030891089108
402.6,439.60799999999995
402.7,439.57349999999997
402.8,439.56
402.9,439.56
403.0,439.5384
403.1,439.5308
403.2,439.51840000000004
403.3,439.48914653465346
403.4,439.4427603960396
403.5,439.3994
403.6,439.40590000000003
403.7,439.4094
403.8,439.38950495049505
403.9,439.3592
404.0,439.3504
404.1,439.36
404.2,439.3704
404.3,439.4057425742575
404.4,439.4249
404.5,439.42
404.6,439.4149
404.7,439.39490198019803
404.8,439.43554455445553
404.9,439.52
405.0,439.52000000000004
405.1,439.46500000000003
405.2,439.43495049504946
405.3,439.3956495049505
405.4,439.3747
405.5,439.3606000000001
405.6,439.3251
405.7,439.32
405.8,439.30559999999997
405.9,439.2612
406.0,439.27799999999996
406.1,439.35400000000004
406.2,439.3847524752475
406.3,439.38059999999996
406.4,439.4029
406.5,439.4447
406.6,439.4454861386139
406.7,439.42614653465347
406.8,439.44220000000007
406.9,439.49379999999996
407.0,439.5008
407.1,439.4490099009901
407.2,439.391
407.3,439.40250000000003
407.4,439.394
407.5,439.3724554455445
407.6,439.4177663366337
407.7,439.4312
407.8,439.4156
407.9,439.388
408.0,439.35564356435646
408.1,439.3715
408.2,439.4300999999999
408.3,439.47429999999997
408.4,439.49289999999996
408.5,439.4589108910892
408.6,439.4026
408.7,439.4326
408.8,439.4626
408.9,439.48428316831684
409.0,439.4818
409.1,439.4577
409.2,439.4359
409.3,439.3930999999999
409.4,439.3439376237624
409.5,439.3743564356435
409.6,439.43
409.7,439.448
409.8,439.446
409.9,439.4660396039604
410.0,439.4756
410.1,439.4727
410.2,439.4534
410.3,439.4900386138614
410.4,439.51715247524754
410.5,439.57899999999995
410.6,439.5986
410.7,439.58759999999995
410.8,439.6113247524753
410.9,439.626799009901
411.0,439.64959999999985
411.1,439.7074
411.2,439.7459
411.3,439.78999999999996
411.4,439.7864
411.5,439.7512000000001
411.6,439.6964
411.7,439.6648712871287
411.8,439.6093712871287
411.9,439.5865
412.0,439.59049999999996
412.1,439.6135
412.2,439.62
412.3,439.6268
412.4,439.64
412.5,439.61620000000005
412.6,439.58363366336636
412.7,439.6065673267327
412.8,439.62640000000005
412.9,439.6734
413.0,439.6501
413.1,439.6201326732673
413.2,439.5868633663367
413.3,439.5311999999999
413.4,439.486
413.5,439.53279999999995
413.6,439.55999999999995
413.7,439.5662
413.8,439.5707
413.9,439.5314
414.0,439.5022465346534
414.1,439.5423762376238
414.2,439.5761514851485
414.3,439.5929
414.4,439.5971
414.5,439.5871
414.6,439.56564356435644
414.7,439.5132
414.8,439.4756
414.9,439.5068
415.0,439.5305386138614
415.1,439.46905544554454
415.2,439.4454
415.3,439.44379999999995
415.4,439.4081
415.5,439.4139603960397
415.6,439.37
415.7,439.3908
415.8,439.47080000000005
415.9,439.5222
416.0,439.49742574257425
416.1,439.4925
416.2,439.5025
416.3,439.5125
416.4,439.52512376237627
416.5,439.5544752475247
416.6,439.60720000000003
416.7,439.6084000000001
416.8,439.52559999999994
416.9,439.4918811881188
417.0,439.5415
417.1,439.57309999999995
417.2,439.5523
417.3,439.5531
417.4,439.5185366336634
417.5,439.4602000000001
417.6,439.39879999999994
417.7,439.4344
417.8,439.47178217821795
417.9,439.5374
418.0,439.47740000000005
418.1,439.4384
418.2,439.4679
418.3,439.4617623762376
418.4,439.472
418.5,439.49199999999996
418.6,439.548
418.7,439.58601980198017
418.8,439.5830792079208
418.9,439.4643
419.0,439.4438
419.1,439.4486
419.2,439.3887128712871
419.3,439.3382
419.4,439.3246
419.5,439.2892000000001
419.6,439.22565346534645
419.7,439.15481782178216
419.8,439.12149999999997
419.9,439.0766
420.0,439.05320000000006
420.1,439.0216831683168
420.2,439.03159999999997
420.3,439.0319999999999
420.4,438.9916
420.5,439.0015841584158
420.6,439.00524752475246
420.7,438.98749999999995
420.8,439.0390000000001
420.9,439.1020000000001
421.0,439.1759405940594
421.1,439.22260000000006
421.2,439.3028
421.3,439.32560000000007
421.4,439.36979999999994
421.5,439.4343306930693
421.6,439.46260000000007
421.7,439.48519999999996
421.8,439.5239
421.9,439.54742574257426
422.0,439.5180000000001
422.1,439.41800000000006
422.2,439.3324
422.3,439.35120000000006
422.4,439.35405940594063
422.5,439.31
422.6,439.3034
422.7,439.2489
422.8,439.2344999999999
422.9,439.18564356435644
423.0,439.155
423.1,439.20300000000003
423.2,439.228
423.3,439.205
423.4,439.1560396039604
423.5,439.1245
423.6,439.1754
423.7,439.2318
423.8,439.2472910891089
423.9,439.21910891089107
424.0,439.2092
424.1,439.2
424.2,439.1984
424.3,439.18238415841586
424.4,439.2099079207921
424.5,439.20370000000014
424.6,439.1151
424.7,439.0458
424.8,438.9907
424.9,439.0027722772278
425.0,439.0358000000001
425.1,438.96999999999997
425.2,438.97
425.3,438.9741881188119
425.4,439.03959405940594
425.5,439.0324999999999
425.6,439.08
425.7,439.08449999999993
425.8,439.17250000000007
425.9,439.22049504950496
426.0,439.2304
426.1,439.2420000000001
426.2,439.2908
426.3,439.30799999999994
426.4,439.2596039603961
426.5,439.25239999999997
426.6,439.3318000000001
426.7,439.38880000000006
426.8,439.34939999999995
426.9,439.3294059405941
427.0,439.3106
427.1,439.3402
427.2,439.35
427.3,439.34939999999995
427.4,439.3207920792079
427.5,439.3601
427.6,439.3698
427.7,439.3499
427.8,439.3395999999999
427.9,439.29960396039604
428.0,439.26
428.1,439.22
428.2,439.23
428.3,439.25
428.4,439.31
428.5,439.30009900990103
428.6,439.2901
428.7,439.2009
428.8,439.1703
428.9,439.1898
429.0,439.219405940594
429.1,439.21999999999997
429.2,439.2298
429.3,439.1516
429.4,439.1304
429.5,439.0426732673269
429.6,439.0303
429.7,439.01060000000007
429.8,439.1167000000001
429.9,500.17180000004294
430.0,557.3795801979331
430.1,618.1928118812431
430.2,680.6107999999205
430.3,731.7148000000461
430.4,795.1032000000581
430.5,860.92685148508
430.6,925.8655841584896
430.7,986.1289999999386
430.8,1053.5875000000772
430.9,1053.4935000000037
431.0,1058.3816831683243
431.1,1055.1567643564313
431.2,1062.4123999999938
431.3,1065.7946000000043
431.4,1069.3075999999974
431.5,1102.3658336633418
431.6,1099.5183346534682
431.7,1107.406299999994
431.8,1103.8263999999929
431.9,1116.0928999999928
432.0,1110.336265346538
432.1,1113.4215841584148
432.2,1110.7316000000014
432.3,1096.6423999999727
432.4,1084.4276000000032
432.5,1036.84713267328
432.6,1011.2688128712877
432.7,1005.2679000000011
432.8,994.2603000000003
432.9,983.4912000000024
433.0,977.9786485148516
433.1,966.9768019801953
433.2,956.783
433.3,961.2610000000013
433.4,967.9179999999999
433.5,970.32735643564
433.6,970.8694633663367
433.7,970.5807
433.8,968.8667999999991
433.9,942.3515999999934
434.0,939.7426504950483
434.1,945.3736910891118
434.2,943.6395999999987
434.3,946.5736000000027
434.4,947.4688000000002
434.5,948.4803999999983
434.6,954.282079207925
434.7,957.782199999996
434.8,953.5254999999963
434.9,977.8947000000196
435.0,970.2910653465514
435.1,948.8134336633462
435.2,946.2061999999993
435.3,946.7214000000005
435.4,946.4631999999997
435.5,947.5623999999877
435.6,946.5259702970263
435.7,951.2484999999954
435.8,949.3914999999964
435.9,957.2909999999921
436.0,952.4715841584153
436.1,976.3191683168714
436.2,981.5703999999997
436.3,989.6400000000128
436.4,991.5715999999998
436.5,990.8272990098918
436.6,995.2999188118774
436.7,994.0339000000018
436.8,985.5704999999847
436.9,988.1795999999985
437.0,986.631577227714
437.1,985.0328099009882
437.2,991.7817999999961
437.3,990.8417999999945
437.4,998.5819999999995
437.5,997.3595049505005
437.6,1002.0001881188159
437.7,1018.7118999999957
437.8,1027.1800000000012
437.9,1039.554699999997
438.0,1050.8591653465433
438.1,1097.267108910919
438.2,1114.31
438.3,1116.9920000000006
438.4,1121.338
438.5,1117.6635049504403
438.6,1114.300981188118
438.7,1108.4475999999984
438.8,1098.7907999999925
438.9,1097.8224000000005
439.0,1095.474481188135
439.1,1063.3634138613731
439.2,1055.6774000000005
439.3,1051.6877999999947
439.4,1055.0274000000027
439.5,1042.2232000000238
439.6,1018.248019801964
439.7,1019.4724999999901
439.8,1013.8845999999932
439.9,1005.0426999999943
440.0,994.4352000000121
440.1,986.9021782178163
440.2,976.3540000000096
440.3,967.4451999999927
440.4,959.2827999999926
440.5,955.0832000000023
440.6,963.8837623762511
440.7,968.9899999999985
440.8,969.9575000000004
440.9,970.1799999999998
441.0,968.6675000000024
441.1,985.6821782178129
441.2,996.3109999999945
441.3,998.9312000000019
441.4,995.2718000000017
441.5,995.9985999999974
441.6,996.4935643564357
441.7,1002.3202999999945
441.8,1007.1380000000058
441.9,1001.9999000000007
442.0,1002.908199999997
442.1,988.1717821782153
442.2,977.4692000000028
442.3,952.0279999999941
442.4,947.0131999999975
442.5,945.644800000002
442.6,948.4364356435663
442.7,948.3260000000005
442.8,943.7462999999977
442.9,943.1113999999997
443.0,944.3458841584157
443.1,944.6550594059406
443.2,950.1489999999999
443.3,969.821000000017
443.4,976.96
443.5,983.3709999999851
443.6,983.6472277227717
443.7,983.1441000000002
443.8,984.6551000000017
443.9,981.6357999999989
444.0,982.9417999999944
444.1,979.372178217819
444.2,976.6068000000008
444.3,982.5308000000042
444.4,979.1875999999959
444.5,983.4919999999884
444.6,991.8417821782223
444.7,994.0993000000002
444.8,1001.0449000000071
444.9,1013.303800000009
445.0,1024.9295999999908
445.1,1037.3228712871396
445.2,1046.442999999996
445.3,1092.1492000000596
445.4,1115.430199999999
445.5,1112.8610000000062
445.6,1111.6067326732677
445.7,1121.7509999999947
445.8,1130.0645000000052
445.9,1116.9600000000078
446.0,1111.441999999996
446.1,1115.3686138613855
446.2,1105.8668000000157
446.3,1077.127199999952
446.4,1053.9596000000015
446.5,1052.402799999994
446.6,1059.6621782178222
446.7,1058.2227000000046
446.8,1041.1806999999633
446.9,1031.6030999999998
447.0,1023.3077000000083
447.1,1013.7499999999975
447.2,1006.3018000000034
447.3,997.3069999999958
447.4,985.222600000006
447.5,976.3360000000027
447.6,968.5473267326684
447.7,956.7364000000031
447.8,962.6489000000122
447.9,972.4280999999991
448.0,974.9056999999997
448.1,975.5124752475249
448.2,975.3439999999999
448.3,986.1740000000167
448.4,998.038
448.5,1003.4459999999946
448.6,1005.8082178217824
448.7,1007.6675000000005
448.8,1010.1889000000032
448.9,1008.1729999999989
449.0,1012.3358405940414
449.1,1014.7919386138544
449.2,1012.7654000000007
449.3,999.9763999999902
449.4,990.3013999999995
449.5,969.209548514876
449.6,959.3029693069316
449.7,959.343500000004
449.8,956.1481999999995
449.9,958.406400000003
450.0,957.0254891089137
450.1,956.7054257425779
450.2,958.4252
450.3,956.009999999996
450.4,953.6248000000004
450.5,971.4056950494647
450.6,984.5516336633634
450.7,989.7684999999988
450.8,993.8869999999977
450.9,993.0645
451.0,990.3233267326725
451.1,992.9334079207871
451.2,996.8014000000005
451.3,989.9257999999833
451.4,982.4855999999995
451.5,980.5292792079215
451.6,980.6923366336637
451.7,984.8181999999953
451.8,992.065600000012
451.9,996.1724000000004
452.0,1002.8591178217742
452.1,1012.6425425742617
452.2,1022.1143999999952
452.3,1032.3820000000062
452.4,1047.515199999991
452.5,1081.6311009900817
452.6,1107.348863366349
452.7,1111.8259999999996
452.8,1116.037600000005
452.9,1124.9493999999972
453.0,1130.0661049504954
453.1,1119.3951485148282
453.2,1107.34
453.3,1107.6550000000059
453.4,1104.82
453.5,1081.1750000000413
453.6,1051.7722772277202
453.7,1048.2971999999857
453.8,1052.106699999998
453.9,1052.6142000000025
454.0,1046.5538000000206
454.1,1034.1108910891085
454.2,1027.7952000000075
454.3,1019.1115999999977
454.4,1011.3915999999952
454.5,1000.7684000000067
454.6,991.0330693069257
454.7,982.1377000000034
454.8,971.9713999999922
454.9,961.4656000000035
455.0,963.216199999977
455.1,970.6566336633659
455.2,969.4892000000002
455.3,969.2572000000016
455.4,971.1737999999997
455.5,979.8829999999774
455.6,990.2592079207919
455.7,992.4299999999989
455.8,993.2770000000007
455.9,993.6085
456.0,993.4890000000003
456.1,996.2593069306945
456.2,997.6168000000046
456.3,997.699600000009
456.4,1003.4888000000018
456.5,995.7936000000215
456.6,984.2423762376255
456.7,971.3931000000238
456.8,952.1162000000008
456.9,953.9033999999984
457.0,953.5343801980176
457.1,951.5635485148447
457.2,955.1257999999966
457.3,980.9698000000442
457.4,1009.3034000000015
457.5,1005.9869049504995
457.6,1004.4274584158413
457.7,993.2018000000066
457.8,971.4305999999874
457.9,956.5318000000046
458.0,945.2727693069237
458.1,945.1646732673198
458.2,944.09
458.3,939.3879999999826
458.4,937.686
458.5,947.1063564356425
458.6,945.9870514851481
458.7,931.1543000000202
458.8,897.4471999999913
458.9,860.7991999999923
459.0,822.2393000000304
459.1,772.8160396039433
459.2,719.3796000000211
459.3,668.156799999977
459.4,618.329999999978
459.5,569.1194000000206
459.6,518.0698019801698
459.7,471.0612000000061
459.8,446.2706999999987
459.9,445.00600000000003
460.0,444.86890000000005
460.1,444.7767326732672
460.2,444.56719999999996
460.3,444.35879999999986
460.4,444.2212
460.5,444.1124000000002
460.6,443.9668712871286
460.7,443.83342079207927
460.8,443.71599999999995
460.9,443.6304999999999
461.0,443.4675000000002
461.1,443.30699999999996
461.2,443.16196534653477
461.3,443.05141584158395
461.4,442.8787999999999
461.5,442.6920000000002
461.6,442.52939999999995
461.7,442.44960000000003
461.8,442.369603960396
461.9,442.2669000000001
462.0,442.2233
462.1,442.2168
462.2,442.18010000000004
462.3,442.1633
462.4,442.10785346534664
462.5,441.96080000000006
462.6,441.85599999999977
462.7,441.64960000000013
462.8,441.43279999999976
462.9,441.23297029702974
463.0,441.0418000000002
463.1,440.84350000000006
463.2,440.67800000000005
463.3,440.48109999999974
463.4,440.3407
463.5,440.28930693069316
463.6,440.217
463.7,440.228
463.8,440.26099999999997
463.9,440.252
464.0,440.286
464.1,440.2881188118812
464.2,440.2629
464.3,440.26419999999996
464.4,440.2442
464.5,440.22130000000004
464.6,440.2
464.7,440.1913861386139
464.8,440.20640000000003
464.9,440.3
465.0,440.3112
465.1,440.3512
465.2,440.3912
465.3,440.41445544554455
465.4,440.4027
465.5,440.42619999999994
465.6,440.48620000000005
465.7,440.5435
465.8,440.56109999999995
465.9,440.4939603960396
466.0,440.43700000000007
466.1,440.39739999999995
466.2,440.3952
466.3,440.4152
466.4,440.4222
466.5,440.39485148514854
466.6,440.38
466.7,440.3575000000001
466.8,440.30500000000006
466.9,440.35
467.0,440.35749999999996
467.1,440.36762376237624
467.2,440.3108000000001
467.3,440.24039999999997
467.4,440.2124
467.5,440.1912000000001
467.6,440.0976
467.7,440.09
467.8,440.09
467.9,440.08540000000005
468.0,440.0654
468.1,440.0431
468.2,440.0406999999999
468.3,440.11910891089116
468.4,440.1478
468.5,440.1488
468.6,440.18
468.7,440.17560000000003
468.8,440.1423999999999
468.9,440.08435643564354
469.0,440.1021
469.1,440.11
469.2,440.1016
469.3,440.0552999999999
469.4,440.0105
469.5,440.05
469.6,440.048
469.7,440.04200000000003
469.8,440.058
469.9,440.086
470.0,440.064
470.1,440.04
470.2,440.0381
470.3,440.0262
470.4,440.0005
470.5,439.95050000000003
470.6,439.9024
470.7,439.87
470.8,439.8682
470.9,439.8528
471.0,439.8218
471.1,439.83
471.2,439.83
471.3,439.81396039603953
471.4,439.7451
471.5,439.76660000000004
471.6,439.7585
471.7,439.7966
471.8,439.7766
471.9,439.770099009901
472.0,439.8279999999999
472.1,439.87960000000004
472.2,439.9236000000001
472.3,439.8964
472.4,439.93
472.5,439.9284158415842
472.6,439.9185
472.7,439.9115
472.8,439.92150000000004
472.9,439.93
473.0,439.92100000000005
473.1,439.8655445544554
473.2,439.84000000000003
473.3,439.8372
473.4,439.82419999999996
473.5,439.8416000000001
473.6,439.7872
473.7,439.76861386138614
473.8,439.7587
473.9,439.7513
474.0,439.7626
474.1,439.78
474.2,439.77610000000004
474.3,439.7487128712871
474.4,439.74
474.5,439.74839999999995
474.6,439.8112
474.7,439.8212
474.8,439.84200000000016
474.9,439.9252475247525
475.0,439.8867
475.1,439.86109999999996
475.2,439.8634
475.3,439.8055999999999
475.4,439.77329999999995
475.5,439.79999999999995
475.6,439.799
475.7,439.794
475.8,439.817
475.9,439.70000000000005
476.0,439.699
476.1,439.6919801980198
476.2,439.7118
476.3,439.7309
476.4,439.7427
476.5,439.7691
476.6,439.7537
476.7,439.69
476.8,439.6924
476.9,439.7248
477.0,439.77600000000007
477.1,439.73
477.2,439.7292
477.3,439.7192079207921
477.4,439.70579999999995
477.5,439.64860000000004
477.6,439.6307
477.7,439.64770000000004
477.8,439.74299999999994
477.9,439.65069306930695
478.0,439.6594
478.1,439.6512
478.2,439.6706
478.3,439.68300000000005
478.4,439.7288
478.5,439.7147524752474
478.6,439.79200000000003
478.7,439.82800000000003
478.8,439.7895
478.9,439.7805
479.0,439.7924999999999
479.1,439.84148514851483
479.2,439.868
479.3,439.82120000000003
479.4,439.8508
479.5,439.86760000000004
479.6,439.8071999999999
479.7,439.7403960396039
479.8,439.74969999999996
479.9,439.7388
480.0,439.6994
480.1,439.6806
480.2,439.69910000000004
480.3,439.66999999999996
480.4,439.66780000000006
480.5,439.5602
480.6,439.5692
480.7,439.5308
480.8,439.5698
480.9,439.560396039604
481.0,439.5794
481.1,439.5202
481.2,439.53999999999996
481.3,439.54030000000006
481.4,439.57
481.5,439.5709900990099
481.6,439.66999999999996
481.7,439.61
481.8,439.64
481.9,439.59
482.0,439.67
482.1,439.64
482.2,439.60039603960394
482.3,439.5703
482.4,439.6195
482.5,439.6101
482.6,439.5407
482.7,439.53999999999996
482.8,439.4909900990099
482.9,439.4018
483.0,439.3902
483.1,439.4194
483.2,439.43960000000004
483.3,439.44
483.4,439.38178217821775
483.5,439.38
483.6,439.3994
483.7,439.3806
483.8,439.44790000000006
483.9,439.51790000000005
484.0,439.4623762376238
484.1,439.44079999999997
484.2,439.4975999999999
484.3,439.4616
484.4,439.4312
484.5,439.4204
484.6,439.45801980198024
484.7,439.45050000000003
484.8,439.45
484.9,439.45
485.0,439.49749999999995
485.1,439.4239999999999
485.2,439.4011881188119
485.3,439.42820000000006
485.4,439.4582
485.5,439.4976
485.6,439.48119999999994
485.7,439.4612
485.8,439.5158415841585
485.9,439.4828
486.0,439.4893
486.1,439.5272
486.2,439.50210000000004
486.3,439.4534999999999
486.4,439.5328712871287
486.5,439.44800000000004
486.6,439.44
486.7,439.4676
486.8,439.4792
486.9,439.4616
487.0,439.47821782178215
487.1,439.4345
487.2,439.4664
487.3,439.4427
487.4,439.44
487.5,439.4491
487.6,439.4319801980198
487.7,439.3939801980198
487.8,439.381
487.9,439.335
488.0,439.321
488.1,439.38300000000004
488.2,439.40782178217825
488.3,439.38329999999996
488.4,439.4067
488.5,439.3833000000001
488.6,439.4067
488.7,439.3655
488.8,439.45693069306935
488.9,439.426
489.0,439.4463999999999
489.1,439.4148
489.2,439.454
489.3,439.46000000000004
489.4,439.51221287128715
489.5,439.52869999999996
489.6,439.59090000000003
489.7,439.5826
489.8,439.64090000000004
489.9,439.63277227722773
490.0,439.68159999999995
490.1,439.62119999999993
490.2,439.61859999999996
490.3,439.6114
490.4,439.5928851485148
490.5,439.5389257425743
490.6,439.50449999999995
490.7,439.55099999999993
490.8,439.5174999999999
490.9,439.50149999999996
491.0,439.5
491.1,439.5084
491.2,439.4932
491.3,439.43119999999993
491.4,439.4536
491.5,439.4012000000001
491.6,439.41495049504954
491.7,439.34530000000007
491.8,439.33
491.9,439.3466
492.0,439.3832
492.1,439.3653465346535
492.2,439.39279999999997
492.3,439.3671999999999
492.4,439.3846
492.5,439.3736
492.6,439.37
492.7,439.39433762376234
492.8,439.43240000000003
492.9,439.4724
493.0,439.52049999999997
493.1,439.4733
493.2,439.4920792079208
493.3,439.46799999999996
493.4,439.484
493.5,439.466
493.6,439.436
493.7,439.4459207920792
493.8,439.4499792079208
493.9,439.43420000000003
494.0,439.43
494.1,439.4537
494.2,439.4363
494.3,439.4456435643565
494.4,439.4422
494.5,439.4244
494.6,439.4278
494.7,439.3988
494.8,439.37447722772276
494.9,439.3159405940594
495.0,439.2923
495.1,439.24379999999996
495.2,439.2684999999999
495.3,439.2723
495.4,439.32336633663374
495.5,439.3248
495.6,439.35800000000006
495.7,439.34720000000004
495.8,439.34
495.9,439.33247524752477
496.0,439.33
496.1,439.31499999999994
496.2,439.28000000000003
496.3,439.2099999999999
496.4,439.19007425742575
496.5,439.16034851485153
496.6,439.1722
496.7,439.1726
496.8,439.1552
496.9,439.15
497.0,439.23059405940586
497.1,439.2162
497.2,439.20730000000003
497.3,439.28300000000013
497.4,439.3465
497.5,439.3093336633664
497.6,439.3117108910891
497.7,439.2912
497.8,439.28720000000004
497.9,439.26120000000003
498.0,439.25
498.1,439.20009900990095
498.2,439.2723
498.3,439.24609999999996
498.4,439.17740000000003
498.5,439.1742
498.6,439.21514851485153
498.7,439.23
498.8,439.25100000000003
498.9,439.23900000000003
499.0,439.2789999999999
499.1,439.2792079207921
499.2,439.24227722772275
499.3,439.2231
499.4,439.24760000000003
499.5,439.23930000000007
499.6,439.2024
499.7,439.1421782178219
499.8,439.0928
499.9,438.99159999999995
500.0,438.9636
500.1,438.936
500.2,438.9603960396039
500.3,438.9398
500.4,438.94010000000003
500.5,438.92320000000007
500.6,438.9167
500.7,438.9334
500.8,438.9928336633664
500.9,439.0464
501.0,439.09299999999996
501.1,439.11
501.2,439.15619999999996
501.3,439.1734653465346
501.4,439.209
501.5,439.1910000000001
501.6,439.2155000000001
501.7,439.266
501.8,439.3124356435644
501.9,439.32363564356433
502.0,439.33919999999995
502.1,439.318
502.2,439.2744
502.3,439.2343366336633
502.4,439.24534653465344
502.5,439.2537
502.6,439.2563
502.7,439.1718000000001
502.8,439.13890000000004
502.9,439.14376237623765
503.0,439.1586
503.1,439.1452
503.2,439.1858
503.3,439.1952
503.4,439.1863227722772
503.5,439.1655227722772
503.6,439.1744
503.7,439.1961
503.8,439.23660000000007
503.9,439.2173
504.0,439.1839603960396
504.1,439.192
504.2,439.206
504.3,439.17999999999995
504.4,439.178
504.5,439.1721782178218
504.6,439.15409999999997
504.7,439.1205
504.8,439.0823
504.9,439.09950000000003
505.0,439.17257425742565
505.1,439.1635584158415
505.2,439.1242
505.3,439.1374
505.4,439.14419999999996
505.5,439.11100000000005
505.6,439.13019801980204
505.7,439.1657
505.8,439.1871
505.9,439.1715
506.0,439.13290000000006
506.1,439.13693069306936
506.2,439.178
506.3,439.1495999999999
506.4,439.1268
506.5,439.1568
506.6,439.17005544554456
506.7,439.1755
506.8,439.20200000000006
506.9,439.1925
507.0,439.1755
507.1,439.169
507.2,439.1654455445545
507.3,439.1754
507.4,439.19079999999997
507.5,439.1784
507.6,439.1924
507.7,439.18792079207924
507.8,439.17576039603966
507.9,439.1847
508.0,439.1959
508.1,439.17289999999997
508.2,439.1822950495049
508.3,439.1572673267326
508.4,439.1312
508.5,439.1392
508.6,439.0888
508.7,439.0548
508.8,439.06544554455445
508.9,439.0698
509.0,439.0549
509.1,439.08060000000006
509.2,439.1151
509.3,439.125200990099
509.4,439.14004950495047
509.5,439.14
509.6,439.15999999999997
509.7,439.165
509.8,439.125
509.9,439.08524752475245
510.0,439.08939999999996
510.1,439.0857
510.2,439.0598
510.3,439.0847
510.4,439.0951485148515
510.5,439.1092
510.6,439.15880000000004
510.7,439.18039999999996
510.8,439.1892
510.9,439.2292475247525
511.0,439.25480495049504
511.1,439.2694
511.2,439.2565
511.3,439.23940000000005
511.4,439.25939999999997
511.5,439.2420792079209
511.6,439.20079999999996
511.7,439.21299999999997
511.8,439.24
511.9,439.21700000000004
512.0,439.2082178217821
512.1,439.203
512.2,439.19249999999994
512.3,439.1839999999999
512.4,439.1805
512.5,439.2299108910891
512.6,439.2432
512.7,439.2556
512.8,439.25440000000003
512.9,439.2424
513.0,439.23319999999995
513.1,439.2369306930693
513.2,439.1899000000001
513.3,439.1414
513.4,439.10850000000005
513.5,439.04560000000004
513.6,439.0127297029703
513.7,438.9878277227723
513.8,438.97620000000006
513.9,439.0022
514.0,438.96259999999995
514.1,438.9883584158416
514.2,439.0456257425742
514.3,439.10179999999997
514.4,439.0982
514.5,439.11
514.6,439.09770000000003
514.7,439.0678217821782
514.8,439.03799999999995
514.9,439.024
515.0,439.034
515.1,439.028
515.2,439.0139603960396
515.3,439.0004396039604
515.4,438.9934
515.5,439.0261
515.6,439.03950000000003
515.7,439.05830000000003
515.8,439.04
515.9,439.0324
516.0,439.0238
516.1,439.0148
516.2,438.9862
516.3,439.0025366336634
516.4,439.0214376237624
516.5,438.96410000000014
516.6,438.9311
516.7,438.9611
516.8,439.0058633663367
516.9,439.0390732673267
517.0,439.03439999999995
517.1,439.0347999999999
517.2,439.0152
517.3,439.0239999999999
517.4,438.9742574257426
517.5,439.02099999999996
517.6,439.06
517.7,439.0390000000001
517.8,439.0
517.9,438.99653465346535
518.0,439.00699999999995
518.1,439.04
518.2,439.0332
518.3,439.0404000000001
518.4,439.1002653465347
518.5,439.11670099009905
518.6,439.07
518.7,439.07989999999995
518.8,439.1066
518.9,439.1167
519.0,439.12953663366335
519.1,439.1475999999999
519.2,439.1064
519.3,439.09759999999994
519.4,439.0436
519.5,439.0363366336633
519.6,439.06239999999997
519.7,439.0838
519.8,439.0482999999999
519.9,438.9969
520.0,438.9777227722773
520.1,438.968
520.2,439.004
520.3,438.99300000000005
520.4,439.006
520.5,439.0229702970297
520.6,439.03290000000004
520.7,439.04
520.8,439.06320000000005
520.9,439.1055
521.0,439.0815425742574
521.1,439.10684356435644
521.2,439.1056
521.3,439.1172
521.4,439.096
521.5,439.05722772277227
521.6,439.04445544554454
521.7,439.0246
521.8,438.9992
521.9,438.97810000000004
522.0,439.0054
522.1,439.01732673267327
522.2,439.00480000000005
522.3,438.9874
522.4,438.9982
522.5,439.06039999999996
522.6,439.0925742574258
522.7,439.1
522.8,439.0975
522.9,439.0925
523.0,439.09749999999997
523.1,439.08257425742573
523.2,439.06719999999996
523.3,439.08279999999996
523.4,439.0648
523.5,439.06800000000004
523.6,439.0251762376238
523.7,439.00754752475245
523.8,439.00690000000003
523.9,439.0254
524.0,439.02149999999995
524.1,439.06455445544555
524.2,439.0822772277228
524.3,439.0944
524.4,439.11
524.5,439.11
524.6,439.11224356435645
524.7,439.13509108910887
524.8,439.17949999999996
524.9,439.1421
525.0,439.1521
525.1,439.15170396039605
525.2,439.11152475247525
525.3,439.078
525.4,439.072
525.5,439.08
525.6,439.078
525.7,439.0660396039604
525.8,439.0519
525.9,439.06759999999997
526.0,439.0981
526.1,439.0976
526.2,439.13
526.3,439.1264
526.4,439.1154
526.5,439.1418
526.6,439.14639999999997
526.7,439.1246712871287
526.8,439.09805346534654
526.9,439.0866
527.0,439.06320000000005
527.1,439.04190000000006
527.2,439.1
527.3,439.096700990099
527.4,439.0783168316832
527.5,439.0668
527.6,439.0548
527.7,439.06880000000007
527.8,439.0084
527.9,438.9952475247525
528.0,438.96700000000004
528.1,438.941
528.2,438.8885
528.3,440.45200000001194
528.4,459.2315000000524
528.5,524.7046534652764
528.6,588.0402000000647
528.7,656.9085999998987
528.8,762.286200000071
528.9,829.6625999999412
529.0,893.4936475247006
529.1,953.9635425743447
529.2,1021.8943999999558
529.3,1081.33910000003
529.4,1104.073699999986
529.5,1121.9506999999999
529.6,1121.7236633663308
529.7,1113.6888000000158
529.8,1079.540399999957
529.9,1053.186400000007
530.0,1038.9380000000035
530.1,1035.963599999995
530.2,1044.9735643564372
530.3,1042.485000000017
530.4,1050.9598
530.5,1051.2266999999995
530.6,1051.7842000000007
530.7,1049.7356999999993
530.8,1050.8362376237235
530.9,1031.9070000000002
531.0,1033.1650000000022
531.1,1023.83
531.2,1017.1600000000019
531.3,1008.693712871287
531.4,997.9945980198
531.5,989.0841999999998
531.6,981.2247999999977
531.7,971.3128999999998
531.8,966.5241019802003
531.9,974.9815089108905
532.0,972.8260000000024
532.1,971.5323999999995
532.2,970.2387999999993
532.3,969.852400000009
532.4,988.0048514851484
532.5,987.9356999999898
532.6,993.4019999999942
532.7,986.5406000000071
532.8,999.3877000000022
532.9,1002.3742712871294
533.0,1003.6674138613855
533.1,1004.3256000000029
533.2,1007.5636000000068
533.3,1002.4363999999928
533.4,994.0546811881082
533.5,982.5264455445271
533.6,998.0274999999968
533.7,995.4089999999936
533.8,1000.6479999999985
533.9,999.3744999999981
534.0,997.7773267326684
534.1,1001.9672000000005
534.2,1002.3584000000004
534.3,1002.0436000000064
534.4,1006.8656000000015
534.5,1004.4209900990302
534.6,982.7283000000054
534.7,986.3448999999976
534.8,989.9345999999937
534.9,985.9819999999977
535.0,989.3448653465363
535.1,991.475900990199
535.2,992.8352000000017
535.3,988.9685999999822
535.4,979.2195999999973
535.5,985.1030435643556
535.6,986.2901871286981
535.7,998.5881000000006
535.8,995.5249000000192
535.9,1004.9348999999997
536.0,1006.5090999999975
536.1,1016.409999999998
536.2,1025.41
536.3,1039.47
536.4,1047.78
536.5,1065.12
536.6,1049.83
536.7,1043.3349504950481
536.8,1049.7248000000016
536.9,1058.8683000000021
537.0,1066.335499999985
537.1,1059.9650999999985
537.2,1063.5953465346552
537.3,1051.3513999999936
537.4,1052.3152000000005
537.5,1048.6944000000067
537.6,1047.4341999999992
537.7,1061.5565425742352
537.8,1113.0507554455805
537.9,1064.3354999999647
538.0,1100.0861999999415
538.1,1091.6660999999933
538.2,1038.0006000000838
538.3,1017.1708910890911
538.4,1007.5959999999917
538.5,998.5612000000116
538.6,983.6079999999863
538.7,976.5968000000084
538.8,966.6729702970185
538.9,955.2450000000118
539.0,959.5244999999942
539.1,965.1380000000064
539.2,967.1679999999981
539.3,968.1541287128725
539.4,967.5143762376243
539.5,965.8344000000016
539.6,930.7431999999492
539.7,938.4081999999919
539.8,941.4396990099051
539.9,942.0478069306928
540.0,948.5620999999953
540.1,954.5462999999969
540.2,956.224799999999
540.3,954.4134999999967
540.4,957.9255445544543
540.5,962.7295999999977
540.6,983.461199999994
540.7,985.3588
540.8,996.7780000000225
540.9,999.9197029702968
541.0,998.3555000000005
541.1,1000.2092999999999
541.2,1001.5838999999996
541.3,997.9235000000001
541.4,990.0267326732675
541.5,1004.779
541.6,1008.3280000000004
541.7,1006.073
541.8,982.5709999999941
541.9,980.953089108911
542.0,991.5646999999784
542.1,989.5425999999991
542.2,987.3065999999995
542.3,990.2840000000017
542.4,990.3596
542.5,986.2753465346607
542.6,971.7203999999927
542.7,985.9932000000083
542.8,988.9832000000007
542.9,999.8172000000055
543.0,989.7528712871461
543.1,996.3672000000065
543.2,996.5138000000015
543.3,1008.2690000000093
543.4,1017.1666000000056
543.5,1027.984681188117
543.6,1046.4677801980392
543.7,1058.9293999999882
543.8,1055.9519999999952
543.9,1058.134000000003
544.0,1053.5529445544744
544.1,1054.4088514851526
544.2,1063.8799999999915
544.3,1067.8800000000033
544.4,1096.3669999999738
544.5,1111.154499999987
544.6,1110.9038613861353
544.7,1111.4287999999995
544.8,1114.9516000000053
544.9,1115.8755999999998
545.0,1116.954799999999
545.1,1118.6719801980194
545.2,1100.5208000000152
545.3,1087.1534999999815
545.4,1053.1105000000114
545.5,1022.6443000000195
545.6,1008.8320198019812
545.7,997.7566792079258
545.8,988.525799999984
545.9,980.8884000000005
546.0,971.0320000000048
546.1,959.6516534653447
546.2,957.2870029702971
546.3,966.8566000000025
546.4,970.1710999999997
546.5,970.3795
546.6,972.8324000000007
546.7,971.0200990099013
546.8,948.8619999999878
546.9,945.19
547.0,940.9
547.1,939.664
547.2,945.5034653465359
547.3,948.4383000000012
547.4,948.8337
547.5,952.2211999999932
547.6,954.9923000000006
547.7,953.6988118811873
547.8,967.3258000000172
547.9,975.0306000000021
548.0,987.6785999999804
548.1,994.0544000000018
548.2,995.1931920792076
548.3,998.0882227722798
548.4,998.0598999999993
548.5,991.994200000008
548.6,997.5442000000064
548.7,1000.345300990098
548.8,1001.4757029702981
548.9,1005.068400000004
549.0,994.991200000012
549.1,984.6019999999917
549.2,989.3307999999927
549.3,991.2165346534649
549.4,998.8449999999941
549.5,1002.2674999999988
549.6,1004.0950000000023
549.7,1003.1775000000011
549.8,1001.7198019801963
549.9,1001.5575999999999
550.0,1002.2711999999992
550.1,1010.2551999999966
550.2,994.213600000023
550.3,995.3790099010062
550.4,994.4359000000004
550.5,995.9745999999973
550.6,1011.8643999999986
550.7,1016.9677000000004
550.8,1024.6123059405224
550.9,1033.8488871286825
551.0,1042.2243999999962
551.1,1047.5280000000007
551.2,1037.0908000000074
551.3,1030.6203168316933
551.4,1054.051779207915
551.5,1066.6754999999991
551.6,1074.7441000000042
551.7,1099.0587999999932
551.8,1109.0328000000009
551.9,1108.3600990099012
552.0,1106.3860000000034
552.1,1112.981
552.2,1112.1390000000001
552.3,1112.0530000000015
552.4,1109.995445544554
552.5,1093.6966000000293
552.6,1070.0356999999944
552.7,1031.3930999999898
552.8,1010.8849999999911
552.9,1002.8902930693042
553.0,995.4021148514934
553.1,986.5947999999956
553.2,977.1708000000103
553.3,969.9951999999972
553.4,960.3766019801913
553.5,967.8270376237483
553.6,976.318200000003
553.7,979.2773999999981
553.8,978.1473999999981
553.9,976.9619999999996
554.0,964.3653465346661
554.1,948.3247999999866
554.2,944.1581999999993
554.3,943.7583999999988
554.4,945.3429999999983
554.5,944.700594059409
554.6,949.7640000000104
554.7,954.5429999999992
554.8,954.9544999999993
554.9,988.903499999982
555.0,989.2259059406217
555.1,978.9539643564357
555.2,956.0196000000324
555.3,946.1056000000062
555.4,947.2344
555.5,946.607758415842
555.6,946.6491801980198
555.7,948.4909999999982
555.8,950.5736000000027
555.9,953.3961000000005
556.0,954.8694366336632
556.1,956.9015267326743
556.2,974.9115999999876
556.3,984.1859999999992
556.4,997.5333999999897
556.5,1006.3394
556.6,1007.7077227722784
556.7,1006.3694000000007
556.8,1006.4474000000016
556.9,1000.1010000000026
557.0,997.4180999999993
557.1,1002.9762376237682
557.2,985.742
557.3,934.5939999999426
557.4,866.966
557.5,805.0940000000764
557.6,751.0528712871286
557.7,700.3003326732605
557.8,650.5812999999421
557.9,599.7013999999883
558.0,548.8694000000561
558.1,497.85650792078025
558.2,459.11432079210795
558.3,445.70319999999936
558.4,445.061
558.5,444.92400000000015
558.6,444.74731485148504
558.7,444.54800594059424
558.8,444.40439999999995
558.9,444.3015999999999
559.0,444.13600000000014
559.1,443.91319999999985
559.2,443.56732673267345
559.3,443.2175999999997
559.4,442.8548000000002
559.5,442.5020000000004
559.6,442.15159999999963
559.7,441.83584158415846
559.8,441.50549999999953
559.9,441.11
560.0,440.7760000000003
560.1,440.5949999999999
560.2,440.55544554455446
560.3,440.5221999999999
560.4,440.45759999999996
560.5,440.41920000000005
560.6,440.41540000000003
560.7,440.38246732673275
560.8,440.34460693069303
560.9,440.3559
561.0,440.35940000000005
561.1,440.31289999999996
561.2,440.2589049504951
561.3,440.2608475247525
561.4,440.2852
561.5,440.2588
561.6,440.18319999999994
561.7,440.14
561.8,440.1657425742575
561.9,440.1594
562.0,440.1402
562.1,440.1398
562.2,440.15549999999996
562.3,440.14465346534644
562.4,440.125
562.5,440.14
562.6,440.18
562.7,440.235
562.8,440.240099009901
562.9,440.2496
563.0,440.27
563.1,440.2406
563.2,440.21
563.3,440.20029702970294
563.4,440.1948
563.5,440.2048
563.6,440.17159999999996
563.7,440.1252
563.8,440.11539009900986
563.9,440.08629009900994
564.0,440.0459000000001
564.1,440.00179999999995
564.2,439.9465
564.3,439.9294
564.4,439.93053267326735
564.5,439.90160000000003
564.6,439.9168000000001
564.7,439.9462
564.8,439.93455445544555
564.9,439.9581089108911
565.0,439.971
565.1,439.987
565.2,440.0335
565.3,440.041
565.4,440.0166336633663
565.5,440.00879999999995
565.6,440.01120000000003
565.7,439.97800000000007
565.8,439.9235999999999
565.9,439.8682178217822
566.0,439.8486
566.1,439.86
566.2,439.8557
566.3,439.84569999999997
566.4,439.86128712871283
566.5,439.8816
566.6,439.88680000000005
566.7,439.9226
566.8,439.9484
566.9,439.9558
567.0,439.95415841584156
567.1,439.94360000000006
567.2,439.9282
567.3,439.94
567.4,439.9277405940594
567.5,439.9019405940594
567.6,439.878
567.7,439.868
567.8,439.876
567.9,439.8779603960396
568.0,439.86635841584166
568.1,439.8534
568.2,439.9017
568.3,439.91999999999996
568.4,439.91610000000003
568.5,439.9060772277228
568.6,439.9
568.7,439.8962
568.8,439.8976
568.9,439.9024
569.0,439.8862376237624
569.1,439.86889999999994
569.2,439.8759
569.3,439.9126
569.4,439.8889
569.5,439.87
569.6,439.8664
569.7,439.8564
569.8,439.85360000000003
569.9,439.8492
570.0,439.83356435643566
570.1,439.8291782178218
570.2,439.7820000000001
570.3,439.6914999999999
570.4,439.6165
570.5,439.596
570.6,439.5663386138614
570.7,439.5532
570.8,439.53999999999996
570.9,439.52299999999997
571.0,439.52036435643555
571.1,439.57359900990093
571.2,439.56
571.3,439.5666
571.4,439.5965
571.5,439.63329999999996
571.6,439.66613861386145
571.7,439.70720000000006
571.8,439.67679999999996
571.9,439.6572
572.0,439.61080000000004
572.1,439.56366336633664
572.2,439.5531
572.3,439.56620000000004
572.4,439.55830000000003
572.5,439.5069
572.6,439.47851485148516
572.7,439.433
572.8,439.4730000000001
572.9,439.55
573.0,439.547
573.1,439.53705940594057
573.2,439.5298594059406
573.3,439.5213
573.4,439.5145
573.5,439.5616
573.6,439.59574257425743
573.7,439.60712871287126
573.8,439.5888
573.9,439.5544
574.0,439.5484
574.1,439.56997227722775
574.2,439.58933366336635
574.3,439.6427
574.4,439.6419
574.5,439.59570000000014
574.6,439.51379999999995
574.7,439.46732673267326
574.8,439.46520000000004
574.9,439.4748
575.0,439.47299999999996
575.1,439.4996
575.2,439.4674257425743
575.3,439.44499999999994
575.4,439.3925
575.5,439.3924999999999
575.6,439.4725
575.7,439.5149504950495
575.8,439.54440000000005
575.9,439.5924
576.0,439.5928
576.1,439.5724
576.2,439.57287128712875
576.3,439.55690000000004
576.4,439.6006999999999
576.5,439.6608
576.6,439.62309999999997
576.7,439.5954455445545
576.8,439.5822
576.9,439.5724
577.0,439.52099999999996
577.1,439.56219999999996
577.2,439.57873465346535
577.3,439.5994217821782
577.4,439.56419999999997
577.5,439.58419999999995
577.6,439.59999999999997
577.7,439.5958207920792
577.8,439.57176237623753
577.9,439.544
578.0,439.55400000000003
578.1,439.53000000000003
578.2,439.5279801980198
578.3,439.52189999999996
578.4,439.53
578.5,439.5319
578.6,439.5457
578.7,439.5813623762376
578.8,439.6280376237624
578.9,439.6218
579.0,439.6389999999999
579.1,439.68
579.2,439.6764
579.3,439.6653465346535
579.4,439.6832
579.5,439.65
579.6,439.6398
579.7,439.5883
579.8,439.57663366336635
579.9,439.5616
580.0,439.55880000000013
580.1,439.4936
580.2,439.45520000000005
580.3,439.43
580.4,439.427
580.5,439.4085
580.6,439.3924999999999
580.7,439.34700000000004
580.8,439.32702970297026
580.9,439.31699999999995
581.0,439.35720000000003
581.1,439.3442
581.2,439.3714
581.3,439.3869861386139
581.4,439.44083069306924
581.5,439.51
581.6,439.51390000000004
581.7,439.54779999999994
581.8,439.59743861386136
581.9,439.5848
582.0,439.62239999999997
582.1,439.6376
582.2,439.61640000000006
582.3,439.58877623762373
582.4,439.57652376237627
582.5,439.5445
582.6,439.4989
582.7,439.48670000000004
582.8,439.4578108910891
582.9,439.43791089108913
583.0,439.41400000000004
583.1,439.35900000000004
583.2,439.352
583.3,439.37300000000005
583.4,439.3950495049505
583.5,439.3527
583.6,439.38
583.7,439.3863
583.8,439.45000000000005
583.9,439.45178217821785
584.0,439.47239999999994
584.1,439.50480000000005
584.2,439.56
584.3,439.5584
584.4,439.53999999999996
584.5,439.54209999999995
584.6,439.5679
584.7,439.5421
584.8,439.57210000000003
584.9,439.6020792079208
585.0,439.6258000000001
585.1,439.5582
585.2,439.5282
585.3,439.5024
585.4,439.5388118811881
585.5,439.51750000000004
585.6,439.4695
585.7,439.45750000000004
585.8,439.40649999999994
585.9,439.3394900990099
586.0,439.3287049504951
586.1,439.30160000000006
586.2,439.34119999999996
586.3,439.37
586.4,439.36761980198025
586.5,439.3126881188118
586.6,439.3924000000001
586.7,439.4706
586.8,439.49060000000003
586.9,439.5118
587.0,439.56940594059404
587.1,439.5502
587.2,439.559
587.3,439.51060000000007
587.4,439.54159999999996
587.5,439.619801980198
587.6,439.6093
587.7,439.54049999999995
587.8,439.58979999999997
587.9,439.5702
588.0,439.59000000000003
588.1,439.59000000000003
588.2,439.57
588.3,439.52
588.4,439.52
588.5,439.43
588.6,439.45970297029703
588.7,439.4204
588.8,439.4398
588.9,439.43010000000004
589.0,439.45969999999994
589.1,439.46980198019804
589.2,439.4896
589.3,439.5194
589.4,439.55920000000003
589.5,439.6187999999999
589.6,439.61029702970296
589.7,439.619702970297
589.8,439.6103
589.9,439.6003
590.0,439.62909999999994
590.1,439.6106
590.2,439.6292118811881
590.3,439.6492
590.4,439.602
590.5,439.552
590.6,439.56910495049505
590.7,439.5699900990099
590.8,439.551
590.9,439.55
591.0,439.52150000000006
591.1,439.5199059405941
591.2,439.45414653465355
591.3,439.42179999999996
591.4,439.4482
591.5,439.4312
591.6,439.3829999999999
591.7,439.36138613861385
591.8,439.3693
591.9,439.36069999999995
592.0,439.4529999999999
592.1,439.44140000000004
592.2,439.4492079207921
592.3,439.43159999999995
592.4,439.4668
592.5,439.4792
592.6,439.526
592.7,439.53
592.8,439.5573
592.9,439.5327
593.0,439.4845
593.1,439.5073
593.2,439.59108910891086
593.3,439.60900000000004
593.4,439.601
593.5,439.6
593.6,439.618
593.7,439.6110891089109
593.8,439.57439999999997
593.9,439.6145
594.0,439.64669999999995
594.1,439.6055
594.2,439.5468643564356
594.3,439.5576594059406
594.4,439.6128
594.5,439.63759999999996
594.6,439.64
594.7,439.57874851485155
594.8,439.5961643564357
594.9,439.53039999999993
595.0,439.5113
595.1,439.5013
595.2,439.49121386138614
595.3,439.44693069306925
595.4,439.40559999999994
595.5,439.37420000000003
595.6,439.3442
595.7,439.4087999999999
595.8,439.4029702970297
595.9,439.4
596.0,439.42549999999994
596.1,439.4725000000001
596.2,439.463
596.3,439.47683168316837
596.4,439.4968
596.5,439.4748
596.6,439.4784
596.7,439.46320000000003
596.8,439.4683168316832
596.9,439.48659999999995
597.0,439.4817
597.1,439.49659999999994
597.2,439.54979999999995
597.3,439.5517821782178
597.4,439.5254
597.5,439.52
597.6,439.5118
597.7,439.46900000000005
597.8,439.4437623762376
597.9,439.4238
598.0,439.42
598.1,439.4038
598.2,439.3514
598.3,439.299900990099
598.4,439.314
598.5,439.34400000000005
598.6,439.342
598.7,439.348
598.8,439.3103960396039
598.9,439.3079
599.0,439.31
599.1,439.2784
599.2,439.2621
599.3,439.2835435643565
599.4,439.2509346534653
599.5,439.2244
599.6,439.23560000000003
599.7,439.2868
599.8,439.34633663366344
599.9,439.3446
600.0,439.3554
600.1,439.42160000000007
600.2,439.4477
600.3,439.4272811881188
600.4,439.45040000000006
600.5,439.46
600.6,439.4448
600.7,439.4552
600.8,439.43750099009895
600.9,439.41492574257427
601.0,439.38000000000005
601.1,439.3625
601.2,439.33000000000004
601.3,439.32
601.4,439.32
601.5,439.32
601.6,439.3274
601.7,439.3152
601.8,439.31
601.9,439.34663366336633
602.0,439.36
602.1,439.34540000000004
602.2,439.4494999999999
602.3,439.4754
602.4,439.4410891089109
602.5,439.4228
602.6,439.4128
602.7,439.4172
602.8,439.4344
602.9,439.4186138613861
603.0,439.4455
603.1,439.4742
603.2,439.38770000000005
603.3,439.3571
603.4,439.37405940594056
603.5,439.38699999999994
603.6,439.383
603.7,439.345
603.8,439.323
603.9,439.32
604.0,439.2648000000001
604.1,439.2193
604.2,439.21
604.3,439.22380000000004
604.4,439.2369
604.5,439.24676831683166
604.6,439.216
604.7,439.16600000000005
604.8,439.1704
604.9,439.1800673267327
605.0,439.17323465346533
605.1,439.1834
605.2,439.22349999999994
605.3,439.2534
605.4,439.2665673267326
605.5,439.26340000000005
605.6,439.26
605.7,439.3062
605.8,439.27059999999994
605.9,439.22020000000003
606.0,439.2165346534653
606.1,439.22
606.2,439.1485
606.3,439.1035
606.4,439.0935
606.5,439.07069306930697
606.6,439.028
606.7,438.99080000000004
606.8,439.0376000000001
606.9,439.1084
607.0,439.1173267326733
607.1,439.1289
607.2,439.15889999999996
607.3,439.16369999999995
607.4,439.1537
607.5,439.12504950495054
607.6,439.15340000000003
607.7,439.1738
607.8,439.1576
607.9,439.1376
608.0,439.14841584158415
608.1,439.12339999999995
608.2,439.11220000000003
608.3,439.1444
608.4,439.15999999999997
608.5,439.13572079207927
608.6,439.1260396039604
608.7,439.154
608.8,439.14599999999996
608.9,439.094
609.0,439.105702970297
609.1,439.1419217821782
609.2,439.1264
609.3,439.09819999999996
609.4,439.08410000000003
609.5,439.12679108910885
609.6,439.18324158415845
609.7,439.18260000000004
609.8,439.1816
609.9,439.2016
610.0,439.16405940594063
610.1,439.1357
610.2,439.1457
610.3,439.17280000000005
610.4,439.22990000000004
610.5,439.23742574257426
610.6,439.22
610.7,439.1976
610.8,439.1856
610.9,439.1956
611.0,439.2
611.1,439.21650000000005
611.2,439.2135
611.3,439.16149999999993
611.4,439.1245
611.5,439.0764356435644
611.6,439.03459999999995
611.7,439.0192
611.8,438.99379999999996
611.9,438.9746
612.0,439.00207920792076
612.1,439.01939999999996
612.2,439.03119999999996
612.3,439.0606
612.4,439.04376237623757
612.5,439.06699009900984
612.6,439.1256
612.7,439.1452
612.8,439.17080000000004
612.9,439.1796514851485
613.0,439.16995148514854
613.1,439.1802
613.2,439.17470000000003
613.3,439.1549
613.4,439.2008485148515
613.5,439.23990099009904
613.6,439.25
613.7,439.24
613.8,439.21500000000003
613.9,439.239900990099
614.0,439.2992504950494
614.1,439.31059999999997
614.2,439.25550000000004
614.3,439.2202
614.4,439.2051
614.5,439.15659405940596
614.6,439.08119999999997
614.7,439.0452
614.8,439.03520000000003
614.9,439.0015326732674
615.0,438.9369950495051
615.1,438.9094
615.2,438.93879999999996
615.3,438.9506
615.4,438.9446534653465
615.5,438.95459999999997
615.6,438.9922000000001
615.7,439.0208
615.8,439.02380000000005
615.9,439.0582178217822
616.0,439.07550000000003
616.1,439.0655
616.2,439.07349999999997
616.3,439.08099999999996
616.4,439.09673267326735
616.5,439.12120000000004
616.6,439.1144
616.7,439.11560000000003
616.8,453.73120000004536
616.9,500.82673267329795
617.0,563.607399999959
617.1,626.0750000000402
617.2,684.9916999999657
617.3,739.4344000000368
617.4,802.064257425704
617.5,866.9359999999713
617.6,930.1100000000545
617.7,991.1359999999736
617.8,1049.646000000051
617.9,1090.0791089108857
618.0,1096.1779000000079
618.1,1094.1443999999988
618.2,1101.8092999999974
618.3,1109.062100000001
618.4,1103.8405940594077
618.5,1099.7359999999903
618.6,1103.682
618.7,1103.634
618.8,1095.6039999999543
618.9,1074.9340594059404
619.0,1075.3203999999978
619.1,1077.9316000000003
619.2,1075.8538000000049
619.3,1062.4978999999948
619.4,1043.889702970293
619.5,1031.5588000000048
619.6,1019.305799999994
619.7,1007.6560000000038
619.8,997.690999999995
619.9,985.6291089108954
620.0,973.0495000000169
620.1,962.8693999999937
620.2,953.7780000000014
620.3,954.5279000000114
620.4,966.9019801980195
620.5,970.9175999999969
620.6,972.0515999999994
620.7,971.5992000000001
620.8,976.2132000000117
620.9,985.013168316832
621.0,985.5120000000018
621.1,986.3700000000017
621.2,991.7519999999935
621.3,995.0954999999988
621.4,994.046534653465
621.5,994.6413999999967
621.6,997.2736000000003
621.7,994.614200000008
621.8,985.7373999999878
621.9,978.8533663366317
622.0,969.5042000000151
622.1,954.1708999999989
622.2,952.4026000000019
622.3,951.4607000000024
622.4,953.4639603960393
622.5,954.2711999999992
622.6,956.584000000004
622.7,958.0888000000015
622.8,956.7432000000027
622.9,960.1133663366318
623.0,967.640099999988
623.1,975.4397000000007
623.2,976.6868999999975
623.3,984.2358999999999
623.4,983.4387128712875
623.5,982.0859999999993
623.6,983.0360000000001
623.7,984.803
623.8,985.9639999999931
623.9,983.0439603960397
624.0,983.3479999999998
624.1,986.0826000000021
624.2,989.9215000000038
624.3,985.6679000000015
624.4,990.5886138613864
624.5,994.9979999999977
624.6,1006.7876000000039
624.7,1016.5515999999975
624.8,1030.7119841584233
624.9,1044.2485920792074
625.0,1063.1079999999133
625.1,1103.7164000000023
625.2,1107.8680000000004
625.3,1111.5274732673242
625.4,1109.7556356435648
625.5,1113.5543999999938
625.6,1114.3725999999913
625.7,1107.7582000000004
625.8,1106.4831306930641
625.9,1100.4620792079331
626.0,1095.1800000000362
626.1,1067.0774999999903
626.2,1053.2900000000047
626.3,1050.3395792078904
626.4,1051.6312237622806
626.5,1048.1248000000237
626.6,1028.2071999999994
626.7,1025.569600000008
626.8,1017.2915999999943
626.9,1009.9916831683241
627.0,1001.7824000000048
627.1,993.9861999999893
627.2,984.6530000000047
627.3,977.0169999999891
627.4,966.7145544554523
627.5,961.4433999999857
627.6,973.7821999999987
627.7,975.5580000000012
627.8,973.7324000000012
627.9,974.5676237623759
628.0,978.7174999999875
628.1,993.609399999999
628.2,997.0290999999997
628.3,997.7370000000012
628.4,995.503861386141
628.5,988.6039999999915
628.6,1001.9480000000001
628.7,997.667999999996
628.8,1002.942
628.9,998.1262376237629
629.0,1002.7074000000052
629.1,980.6608999999994
629.2,972.1032000000067
629.3,945.2180999999995
629.4,943.522277227723
629.5,943.5683999999966
629.6,944.4187999999982
629.7,942.1538000000002
629.8,944.6463999999961
629.9,938.3942574257429
630.0,943.7740999999813
630.1,953.9775000000019
630.2,960.0391000000066
630.3,979.0443178217844
630.4,983.293798019805
630.5,991.1775999999977
630.6,992.0451999999983
630.7,989.8631999999969
630.8,991.8260000000002
630.9,990.8083168316783
631.0,982.926500000007
631.1,978.7775000000054
631.2,983.8950000000053
631.3,981.7073217821919
631.4,990.4596297029619
631.5,982.5107999999963
631.6,987.7500000000122
631.7,997.932599999998
631.8,1001.8508752475407
631.9,1016.3604039603867
632.0,1026.4669999999953
632.1,1035.5458000000306
632.2,1061.0361999999743
632.3,1097.3567158416217
632.4,1120.0941980198181
632.5,1114.123600000002
632.6,1114.093999999991
632.7,1131.945999999998
632.8,1132.8487405940216
632.9,1111.054211881189
633.0,1108.2512999999972
633.1,1113.5928999999996
633.2,1112.898400000004
633.3,1092.6747663365575
633.4,1055.9379108910891
633.5,1062.8080000000018
633.6,1056.069
633.7,1061.8980000000056
633.8,1038.3474752475247
633.9,1031.1084059405935
634.0,1027.0262999999998
634.1,1015.3374999999979
634.2,1005.6761999999998
634.3,992.2479851485125
634.4,982.7525980197994
634.5,972.7660000000214
634.6,960.9987999999948
634.7,951.7368000000041
634.8,965.7259524752474
634.9,965.7893841584166
635.0,967.3330999999978
635.1,968.4180999999985
635.2,967.4178000000076
635.3,981.5636930693131
635.4,989.9331623762375
635.5,989.8675999999994
635.6,990.765000000006
635.7,998.3211999999938
635.8,1002.624706930694
635.9,1003.6383118811912
636.0,1006.4964999999992
636.1,1007.2710000000017
636.2,1008.195500000014
636.3,995.7100990098842
636.4,980.7079999999876
636.5,993.8939999999993
636.6,994.8340000000039
636.7,997.6120000000045
636.8,992.9704950495085
636.9,995.7648999999974
637.0,999.4919999999997
637.1,999.8911000000005
637.2,999.9992000000058
637.3,992.2066336633824
637.4,1002.070800000011
637.5,978.5818000000002
637.6,977.3780000000182
637.7,938.0678000000004
637.8,937.4474257425722
637.9,936.3181000000003
638.0,935.1606999999995
638.1,937.1463000000015
638.2,930.8205000000005
638.3,928.9712871287294
638.4,937.1
638.5,933.45
638.6,919.55
638.7,897.95
638.8,846.768415841584
638.9,798.7996891089001
639.0,813.447199999969
639.1,819.2232000000013
639.2,844.5349000000058
639.3,891.7705970297302
639.4,900.856079207925
639.5,914.3383999999759
639.6,935.3958000000096
639.7,993.1794000000266
639.8,1051.2870297030136
639.9,1109.1154000000395
640.0,1109.1137000000028
640.1,1119.5845000000074
640.2,1097.9201000000344
640.3,1057.873366336597
640.4,1066.5604000000098
640.5,1048.903600000024
640.6,1052.5756000000042
640.7,1045.8576000000091
640.8,1043.9256435643545
640.9,1059.1634999999835
641.0,1059.2195000000008
641.1,1060.994500000002
641.2,1061.3369999999998
641.3,1040.290099009871
641.4,1024.8318000000115
641.5,1035.7551999999885
641.6,1023.5003999999813
641.7,1012.7060000000083
641.8,1007.1745544554374
641.9,999.4723000000041
642.0,985.7884000000096
642.1,977.7971000000039
642.2,969.6347000000058
642.3,963.5997029702864
642.4,974.9611999999966
642.5,978.9339999999985
642.6,982.2167999999991
642.7,979.4532000000015
642.8,977.6597029702971
642.9,995.9829999999954
643.0,999.9757999999995
643.1,1000.6177
643.2,1007.2847999999983
643.3,999.7499999999982
643.4,1010.649
643.5,1007.2349999999999
643.6,1006.2329999999998
643.7,1000.708
643.8,1016.68316831684
643.9,992.4905999999934
644.0,996.610299999985
644.1,1000.5282000000009
644.2,1000.084724752475
644.3,1002.3506336633682
644.4,999.5107999999984
644.5,995.2872000000067
644.6,996.706000000001
644.7,1001.4214930693
644.8,1003.2021712871297
644.9,1005.9800000000021
645.0,1007.1790999999989
645.1,989.3605999999859
645.2,970.2191693069511
645.3,946.4193128712636
645.4,945.0714000000023
645.5,945.7811999999996
645.6,945.9346000000002
645.7,946.6709524752355
645.8,938.8989752475127
645.9,941.2174999999966
646.0,940.8925000000013
646.1,925.1139999999791
646.2,882.0733663366614
646.3,855.9847999999699
646.4,804.3952000000312
646.5,755.4156000000431
646.6,703.9987999999288
646.7,651.130000000018
646.8,600.7859999999207
646.9,543.7484000000173
647.0,496.9729000000303
647.1,454.332998019814
647.2,445.4932811881198
647.3,444.95959999999957
647.4,444.70680000000004
647.5,444.4632000000001
647.6,444.19088712871286
647.7,444.02641188118815
647.8,443.87039999999996
647.9,443.7509
648.0,443.56800000000004
648.1,443.4337623762376
648.2,443.322
648.3,443.2199999999999
648.4,443.128
648.5,443.07
648.6,443.0045544554455
648.7,442.92679999999996
648.8,442.8547
648.9,442.7768
649.0,442.71260000000007
649.1,442.6921782178218
649.2,442.6432
649.3,442.57539999999995
649.4,442.48979999999995
649.5,442.40767722772284
649.6,442.3205405940593
649.7,442.25380000000007
649.8,442.20149999999995
649.9,442.15919999999994
650.0,442.10364752475255
650.1,442.0518574257425
650.2,442.0248
650.3,441.98959999999994
650.4,441.94199999999995
650.5,441.88485148514854
650.6,441.87
650.7,441.80250000000007
650.8,441.765
650.9,441.68500000000006
651.0,441.6525742574257
651.1,441.6278
651.2,441.62
651.3,441.63480000000004
651.4,441.64014653465347
651.5,441.68396039603954
651.6,441.6708
651.7,441.67459999999994
651.8,441.70920000000007
651.9,441.73474455445546
652.0,441.7689108910891
652.1,441.78
652.2,441.8016
652.3,441.81719999999996
652.4,441.84138613861387
652.5,441.7932
652.6,441.7629
652.7,441.7671
652.8,441.7132
652.9,441.72514851485147
653.0,441.67700000000013
653.1,441.685
653.2,441.66499999999996
653.3,441.68479207920797
653.4,441.6169544554455
653.5,441.6420999999999
653.6,441.6355
653.7,441.6062
653.8,441.6414000000001
653.9,441.6736316831683
654.0,441.6596
654.1,441.6296
654.2,441.6404
654.3,441.64966336633665
654.4,441.67026336633666
654.5,441.6867
654.6,441.69
654.7,441.75699999999995
654.8,441.72366336633655
654.9,441.66360000000003
655.0,441.64340000000004
655.1,441.64
655.2,441.6202
655.3,441.5969306930693
655.4,441.59000000000003
655.5,441.57700000000006
655.6,441.5635
655.7,441.5338712871287
655.8,441.5458138613862
655.9,441.56
656.0,441.5536
656.1,441.5564
656.2,441.5601900990099
656.3,441.5537
656.4,441.5185
656.5,441.4811
656.6,441.5015
656.7,441.51987524752474
656.8,441.4952
656.9,441.4986
657.0,441.5038
657.1,441.4876
657.2,441.48
657.3,441.49830000000003
657.4,441.55269999999996
657.5,441.5922
657.6,441.56949999999995
657.7,441.610396039604
657.8,441.638
657.9,441.642
658.0,441.644
658.1,441.66999999999996
658.2,441.64841584158415
658.3,441.60229999999996
658.4,441.5664
658.5,441.57359999999994
658.6,441.59
658.7,441.5375504950496
658.8,441.48839999999996
658.9,441.4742
659.0,441.48159999999996
659.1,441.4842
659.2,441.4629
659.3,441.4671
659.4,441.5085
659.5,441.49010000000004
659.6,441.42596930693065
659.7,441.3942693069307
659.8,441.3956
659.9,441.4056
660.0,441.3876
660.1,441.38108910891094
660.2,441.3625
660.3,441.34000000000003
660.4,441.329
660.5,441.33099999999996
660.6,441.3454455445544
660.7,441.3338
660.8,441.2929999999999
660.9,441.25919999999996
661.0,441.23925346534656
661.1,441.256593069307
661.2,441.2906
661.3,441.28409999999997
661.4,441.2753
661.5,441.26410000000004
661.6,441.25524752475246
661.7,441.29119999999995
661.8,441.3252
661.9,441.3404
662.0,441.36029702970296
662.1,441.3598
662.2,441.3398
662.3,441.36570000000006
662.4,441.3949
662.5,441.37990099009903
662.6,441.385
662.7,441.42
662.8,441.42499999999995
662.9,441.39509900990095
663.0,441.3799495049505
663.1,441.4143
663.2,441.45489999999995
663.3,441.4306
663.4,441.3902
663.5,441.3847485148515
663.6,441.37559999999996
663.7,441.35519999999997
663.8,441.38840000000005
663.9,441.434895049505
664.0,441.4068376237624
664.1,441.33709999999996
664.2,441.3
664.3,441.3047
664.4,441.3239603960396
664.5,441.3354
664.6,441.32079999999996
664.7,441.3238
664.8,441.34
664.9,441.32633663366335
665.0,441.31449999999995
665.1,441.3425
665.2,441.33850000000007
665.3,441.33150000000006
665.4,441.3612
665.5,441.3456
665.6,441.3444
665.7,441.3324
665.8,441.2925306930693
665.9,441.27
666.0,441.30009999999993
666.1,441.34000000000003
666.2,441.34000000000003
666.3,441.35277227722776
666.4,441.3574
666.5,441.3442
666.6,441.3374
666.7,441.30740000000003
666.8,441.27336633663367
666.9,441.25
667.0,441.2172000000001
667.1,441.1577
667.2,441.1359
667.3,441.13
667.4,441.118
667.5,441.104
667.6,441.106
667.7,441.1039207920792
667.8,441.13358118811885
667.9,441.1934
668.0,441.23
668.1,441.2495
668.2,441.26455445544553
668.3,441.2551386138614
668.4,441.26099999999997
668.5,441.2338
668.6,441.259
668.7,441.2937623762376
668.8,441.3037
668.9,441.31
669.0,441.30260000000004
669.1,441.2752
669.2,441.2573267326733
669.3,441.2808
669.4,441.3108
669.5,441.32640000000004
669.6,441.3271287128713
669.7,441.34369306930694
669.8,441.3395
669.9,441.3025
670.0,441.28749999999997
670.1,441.340896039604
670.2,441.37326534653465
670.3,441.3634
670.4,441.35979999999995
670.5,441.33660000000003
670.6,441.31326930693064
670.7,441.2697683168317
670.8,441.25
670.9,441.24670000000003
671.0,441.2301
671.1,441.2165346534654
671.2,441.2268
671.3,441.23280000000005
671.4,441.26
671.5,441.2472
671.6,441.2136633663366
671.7,441.2124
671.8,441.24
671.9,441.2493
672.0,441.2453534653466
672.1,441.18379207920793
672.2,441.16700000000003
672.3,441.1449999999999
672.4,441.101
672.5,441.0889405940594
672.6,441.11919207920795
672.7,441.14869999999996
672.8,441.1642
672.9,441.1413
673.0,441.12858514851484
673.1,441.1443287128713
673.2,441.1328
673.3,441.1428
673.4,441.1472
673.5,441.1427722772277
673.6,441.1554
673.7,441.1511
673.8,441.0919
673.9,441.08889999999997
674.0,441.15069306930684
674.1,441.19560000000007
674.2,441.2322
674.3,441.2152
674.4,441.2378514851485
674.5,441.26257425742574
674.6,441.27
674.7,441.26750000000004
674.8,441.2625
674.9,441.26495049504945
675.0,441.2330495049506
675.1,441.17279999999994
675.2,441.1404
675.3,441.1028
675.4,441.07287128712875
675.5,441.0454
675.6,441.0161999999999
675.7,440.99069999999995
675.8,441.05539999999996
675.9,441.04
676.0,441.0466
676.1,441.06780000000003
676.2,441.06
676.3,441.0622
676.4,441.0678217821782
676.5,441.0704999999999
676.6,441.0953
676.7,441.0421
676.8,441.0500415841584
676.9,441.0540792079208
677.0,441.07
677.1,441.07
677.2,441.07
677.3,441.0680198019802
677.4,441.0543
677.5,441.0319
677.6,441.0457
677.7,441.0776
677.8,441.09683168316826
677.9,441.04179999999997
678.0,441.0482
678.1,441.0418
678.2,441.0554
678.3,441.0924752475248
678.4,441.1517
678.5,441.16509999999994
678.6,441.1883
678.7,441.17830000000004
678.8,441.16999999999996
678.9,441.16839999999996
679.0,441.15840000000003
679.1,441.1564
679.2,441.18360000000007
679.3,441.14083168316824
679.4,441.08549999999997
679.5,441.0585
679.6,441.04699999999997
679.7,441.03
679.8,441.0328
679.9,441.0528
680.0,441.0686
680.1,441.06140000000005
680.2,441.06725544554456
680.3,441.0497415841584
680.4,441.0526
680.5,441.07
680.6,441.07390000000004
680.7,441.1
680.8,441.0988
680.9,441.0864
681.0,441.06
681.1,441.06
681.2,441.0540594059406
681.3,441.0177000000001
681.4,441.0811
681.5,441.08889999999997
681.6,441.08000000000004
681.7,441.07782178217826
681.8,441.059
681.9,441.053
682.0,441.076
682.1,441.0360099009901
682.2,441.00324059405943
682.3,441.02729999999997
682.4,440.9982
682.5,440.9854
682.6,441.03462673267325
682.7,440.9795643564356
682.8,440.96599999999995
682.9,440.9184
683.0,440.9039999999999
683.1,440.9500079207921
683.2,440.9521920792079
683.3,440.9807
683.4,440.9893
683.5,440.97790000000003
683.6,440.9486138613861
683.7,440.9294
683.8,440.92240000000004
683.9,440.9606
684.0,440.96760000000006
684.1,440.9347524752476
684.2,441.00700000000006
684.3,440.9515
684.4,440.97799999999995
684.5,440.94
684.6,440.9429702970298
684.7,441.00159999999994
684.8,441.03839999999997
684.9,441.0012
685.0,441.0311881188118
685.1,441.05791188118803
685.2,441.0003
685.3,441.0106
685.4,441.02880000000005
685.5,440.9905910891089
685.6,441.010297029703
685.7,441.0192
685.8,440.9806000000001
685.9,441.01
686.0,441.01039603960396
686.1,441.0301
686.2,441.0404
686.3,441.08070000000015
686.4,441.1504
686.5,441.18970297029705
686.6,441.16
686.7,441.14
686.8,441.11
686.9,441.1
687.0,441.09000000000003
687.1,441.0206930693069
687.2,441.02
687.3,440.99030000000005
687.4,440.9306
687.5,440.91029801980204
687.6,440.9296019801981
687.7,440.9398
687.8,440.9498
687.9,441.0088
688.0,441.01
688.1,441.03910297029705
688.2,441.04
688.3,441.04
688.4,440.98179999999996
688.5,441.0088118811881
688.6,440.9427999999999
688.7,440.9688
688.8,440.92199999999997
688.9,440.89119999999997
689.0,440.9185148514851
689.1,440.9295
689.2,440.8540000000001
689.3,440.869
689.4,440.9078118811881
689.5,440.90060594059406
689.6,440.93760000000003
689.7,440.89300000000003
689.8,440.92760000000004
689.9,440.9579207920792
690.0,440.9413861386139
690.1,440.9307
690.2,440.9765
690.3,440.9986
690.4,441.0
690.5,441.0276079207921
690.6,441.0484
690.7,441.004
690.8,440.95399999999995
690.9,440.95
691.0,440.9409
691.1,440.94
691.2,440.94
691.3,440.8945
691.4,440.9170297029703
691.5,440.929
691.6,440.912
691.7,440.964
691.8,441.0326435643565
691.9,441.0311108910891
692.0,441.03
692.1,441.0478
692.2,441.0411
692.3,441.0489
692.4,441.0676118811881
692.5,441.0348000000001
692.6,440.99480000000005
692.7,441.0164000000001
692.8,440.9587485148514
692.9,440.9587257425743
693.0,440.89039999999994
693.1,440.84520000000015
693.2,440.85740000000004
693.3,440.85138613861386
693.4,440.8156
693.5,440.82719999999995
693.6,440.83
693.7,440.8213999999999
693.8,440.85405940594063
693.9,440.8685
694.0,440.8955
694.1,440.92549999999994
694.2,440.8708366336632
694.3,440.8684
694.4,440.87
694.5,440.8364
694.6,440.8384
694.7,440.8569663366338
694.8,440.8433831683168
694.9,440.8483
695.0,440.8168000000001
695.1,440.83489999999995
695.2,440.84821782178216
695.3,440.88281782178217
695.4,440.9064
695.5,440.90999999999997
695.6,440.9428
695.7,440.9662376237624
695.8,440.9294999999999
695.9,440.91189999999995
696.0,440.9262
696.1,440.92190000000005
696.2,440.90396039603957
696.3,440.86
696.4,440.802
696.5,440.822
696.6,440.8299207920792
696.7,440.8221
696.8,440.8279
696.9,440.8694999999999
697.0,440.8247000000001
697.1,440.8491089108909
697.2,440.89122178217826
697.3,440.8766
697.4,440.8856
697.5,440.8822
697.6,440.85683168316837
697.7,440.9039000000002
697.8,440.90459999999996
697.9,440.88460000000003
698.0,440.8954
698.1,440.91524752475243
698.2,440.8743999999999
698.3,440.8752
698.4,440.89520000000005
698.5,440.9226495049505
698.6,440.89995049504955
698.7,440.89750000000004
698.8,440.9
698.9,440.89250000000004
699.0,440.8972029702969
699.1,440.92222574257414
699.2,440.9374
699.3,440.95480000000003
699.4,440.9377999999999
699.5,440.95930693069306
699.6,440.9773
699.7,440.9654
699.8,440.9746
699.9,440.9944554455446
700.0,440.9855168316832
700.1,440.9584000000001
700.2,440.9716000000001
700.3,440.9583999999999
700.4,440.9428
700.5,440.92577128712867
700.6,440.8987
700.7,440.92550000000006
700.8,440.9329
700.9,440.91594059405946
701.0,440.917
701.1,440.927
701.2,440.937
701.3,440.94
701.4,441.0093069306931
701.5,441.0538
701.6,441.06
701.7,441.0462
701.8,441.02633663366333
701.9,441.0063683168317
702.0,440.9932
702.1,440.9560000000001
702.2,440.92639999999994
702.3,440.91326732673264
702.4,440.8832
702.5,440.85659999999996
702.6,440.82990000000007
702.7,440.7865
702.8,440.77
702.9,440.76340000000005
703.0,440.76
703.1,440.76
703.2,440.75346534653465
703.3,440.7239653465346
703.4,440.68399999999997
703.5,440.67
703.6,440.6765
703.7,440.70580693069314
703.8,440.7200712871287
703.9,440.72
704.0,440.7136
704.1,440.7292
704.2,440.7463366336634
704.3,440.78150000000005
704.4,440.81260000000003
704.5,440.7759000000001
704.6,440.7688999999999
704.7,440.76752475247525
704.8,440.7538
704.9,440.77479999999997
705.0,440.7776
705.1,440.77613861386135
705.2,440.78610000000003
705.3,440.7350999999998
705.4,440.7183
705.5,440.7239
705.6,440.7260396039604
705.7,440.736
705.8,440.73400000000004
705.9,440.712
706.0,440.706
706.1,440.67435643564363
706.2,440.6263999999999
706.3,440.6159
706.4,440.6082
706.5,440.6294415841583
706.6,440.66164158415836
706.7,440.6642
706.8,440.6368
706.9,440.62
707.0,440.6601980198019
707.1,440.7014
707.2,440.7328000000001
707.3,440.75
707.4,440.7614
707.5,440.7587128712871
707.6,440.73320000000007
707.7,440.7088
707.8,440.71680000000003
707.9,440.7410891089109
708.0,440.73345544554456
708.1,440.68700000000007
708.2,440.66550000000007
708.3,440.6865
708.4,440.71099999999996
708.5,440.69821782178224
708.6,440.68539999999996
708.7,440.6846
708.8,440.6908
708.9,440.6625742574257
709.0,440.6459
709.1,440.6706
709.2,440.66409999999996
709.3,440.6553
709.4,440.68099009900993
709.5,440.7
709.6,440.7207999999999
709.7,440.7087999999999
709.8,440.6748
709.9,440.6752
710.0,440.690297029703
710.1,440.7051
710.2,440.72020000000003
710.3,440.7402
710.4,440.7198039603961
710.5,440.67495049504953
710.6,440.66999999999996
710.7,440.66999999999996
710.8,440.6700000000001
710.9,440.68490099009904
711.0,440.68515049504947
711.1,440.6702
711.2,440.6845
711.3,440.6708
711.4,440.6396544554455
711.5,440.6403485148515
711.6,440.6252
711.7,440.61519999999996
711.8,440.6004
711.9,440.58030495049513
712.0,440.5840475247525
712.1,440.6
712.2,440.59529999999995
712.3,440.5806
712.4,440.5841465346535
712.5,440.6
712.6,440.6092
712.7,440.6338000000001
712.8,440.6546
712.9,440.66910891089105
713.0,440.6665544554456
713.1,440.65
713.2,440.668
713.3,440.6945
713.4,440.70904455445543
713.5,440.72439999999995
713.6,440.73
713.7,440.7035999999999
713.8,440.67
713.9,440.6656435643564
714.0,440.68166930693064
714.1,440.69280000000015
714.2,440.66139999999996
714.3,440.65
714.4,443.5686356435749
714.5,474.68655643568815
714.6,537.2505999999721
714.7,599.1426000001364
714.8,659.9967999999733
714.9,716.7110891088448
715.0,774.1039316830139
715.1,836.8423999998408
715.2,900.5521000001306
715.3,962.9804000001237
715.4,1024.8312871287906
715.5,1053.416
715.6,1040.4719999999925
715.7,1039.756
715.8,1039.72
715.9,1050.3734653465276
716.0,1053.0114000000137
716.1,1068.0333999998995
716.2,1100.5613000000167
716.3,1098.4679999999605
716.4,1093.3246534653663
716.5,1110.0156000000113
716.6,1123.572200000007
716.7,1118.3799999999978
716.8,1119.0154000000043
716.9,1117.3595049505016
717.0,1097.5799000000297
717.1,1064.4606000000915
717.2,1022.7912999999571
717.3,1009.1840999999847
717.4,997.5832673267399
717.5,988.8376000000037
717.6,981.5804000000405
717.7,969.6135999999877
717.8,958.215199999993
717.9,957.0675247524771
718.0,964.2269999999987
718.1,965.2714999999988
718.2,967.2120000000122
718.3,969.6174059405951
718.4,969.2238811881166
718.5,954.5422000000071
718.6,929.532999999989
718.7,932.7960000000039
718.8,933.9143663366319
718.9,932.9370019801967
719.0,938.9083999999903
719.1,946.5475000000043
719.2,943.3962000000075
719.3,945.3203950495048
719.4,945.7461267326744
719.5,955.7919999999287
719.6,969.4664000000348
719.7,956.787599999977
719.8,948.05306930693
719.9,948.982999999999
720.0,951.1316000000006
720.1,949.5517999999998
720.2,950.5488000000043
720.3,948.1047524752414
720.4,942.3950000000065
720.5,950.0599999999794
720.6,958.2299999999864
720.7,965.9499504950691
720.8,976.4966663366491
720.9,982.4324000000006
721.0,984.9054000000006
721.1,985.993800000002
721.2,984.6945970296672
721.3,982.5249465345523
721.4,978.8219999999892
721.5,981.7764000000084
721.6,979.1275999999956
721.7,982.9602970297191
721.8,986.8277999999959
721.9,984.0809000000039
722.0,990.6500000000062
722.1,998.985051485145
722.2,1006.7072950495201
722.3,1017.1716000000183
722.4,1026.7397999999853
722.5,1037.940399999983
722.6,1053.791461386064
722.7,1082.2291089108492
722.8,1112.3025000000066
722.9,1115.9074999999962
723.0,1115.4625
723.1,1121.3436633663407
723.2,1120.129199999999
723.3,1115.3004000000171
723.4,1103.9719999999888
723.5,1112.4967287128452
723.6,1108.8454811880422
723.7,1094.9667999999288
723.8,1060.2513999999987
723.9,1061.6923000000047
724.0,1067.1950049505099
724.1,1059.5112613861436
724.2,1047.086599999966
724.3,1038.0856000000008
724.4,1033.7468000000058
724.5,1022.2788059406008
724.6,1013.9203702970575
724.7,1002.2506999999729
724.8,989.9454999999826
724.9,981.2056999999893
725.0,971.3894227722966
725.1,964.8954851485099
725.2,971.266
725.3,975.706
725.4,975.678
725.5,974.0517821782179
725.6,975.4110999999863
725.7,983.9118000000406
725.8,996.7383999999973
725.9,995.9229999999944
726.0,997.7205940594092
726.1,997.017399999998
726.2,1001.3457999999997
726.3,1000.5765999999994
726.4,1001.7470000000053
726.5,1010.4481188118807
726.6,1006.9092999999963
726.7,1004.6177999999271
726.8,981.9926999999723
726.9,967.8361722772527
727.0,950.172182178218
727.1,951.4112000000007
727.2,951.2583999999999
727.3,950.6403999999966
727.4,947.460594059406
727.5,948.5434999999926
727.6,953.1225000000072
727.7,947.5009999999944
727.8,946.5059999999942
727.9,955.3122772276997
728.0,981.5228000000016
728.1,985.0211999999599
728.2,995.7041999999987
728.3,994.5983999999974
728.4,992.5266336633631
728.5,990.4307999999978
728.6,992.6886000000026
728.7,988.4587999999762
728.8,982.5526257425722
728.9,986.1836118811809
729.0,992.8288000000034
729.1,991.3384000000086
729.2,989.5780000000158
729.3,997.1377227722766
729.4,998.0149999999974
729.5,1009.1684999999981
729.6,1018.5425999999871
729.7,1035.4677999999974
729.8,1045.9250495049507
729.9,1057.9130000001162
730.0,1113.8750000000337
730.1,1102.6019999999523
730.2,1121.6257227722697
730.3,1123.4222386137887
730.4,1121.3403999999991
730.5,1115.5593999999955
730.6,1098.6871999999985
730.7,1105.6710891089092
730.8,1101.864799999999
730.9,1097.3856000000926
731.0,1050.793999999994
731.1,1053.1924000000145
731.2,1045.8821782178225
731.3,1045.1039999999898
731.4,1031.3463000000002
731.5,1031.4180999999999
731.6,1030.5110000000413
731.7,1020.0173267326666
731.8,1012.2103999999748
731.9,1003.3860000000154
732.0,992.3322000000076
732.1,986.3305683168493
732.2,974.5960247524634
732.3,965.3260000000062
732.4,970.4750000000021
732.5,972.1304999999973
732.6,969.4152524752394
732.7,971.8992000000068
732.8,973.6416000000036
732.9,970.8035999999781
733.0,993.9264000000002
733.1,993.8950534653452
733.2,995.304711881192
733.3,997.7065999999987
733.4,997.2218000000132
733.5,1006.060699999995
733.6,1007.7145069306916
733.7,1008.0386415841288
733.8,1000.8015999999975
733.9,1005.8704000000091
734.0,986.2198000000016
734.1,982.1974257425887
734.2,953.3512999999982
734.3,952.4429999999903
734.4,947.8266000000074
734.5,951.4273000000057
734.6,949.2484158415668
734.7,956.0899999999999
734.8,954.9300000000001
734.9,956.57
735.0,958.72
735.1,958.880198019802
735.2,983.8503059406569
735.3,983.3079999999981
735.4,993.8731999999786
735.5,994.474999999999
735.6,995.8368881188093
735.7,994.4581366336627
735.8,989.7161999999978
735.9,985.9743999999982
736.0,990.2806000000021
736.1,981.527877227631
736.2,991.0715356435894
736.3,999.7605000000256
736.4,989.6604000000154
736.5,993.6564999999929
736.6,992.1381188118874
736.7,1005.3660000000125
736.8,1015.7024000000092
736.9,1027.4092000000105
737.0,1047.3776000000184
737.1,1054.482277227716
737.2,1117.0540000002234
737.3,1117.7840000000024
737.4,1126.6654999999892
737.5,1130.0195346533465
737.6,1134.1703584158222
737.7,1134.8806000000006
737.8,1112.4063999999673
737.9,1113.2354000000032
738.0,1105.1061386138663
738.1,1112.3298999999943
738.2,1058.7102999997746
738.3,1058.4429999999986
738.4,1057.8744000000006
738.5,1051.0605940594246
738.6,1053.1111999999923
738.7,1027.0095999999478
738.8,1033.395600000017
738.9,1023.5791999999792
739.0,1012.2667326732678
739.1,1005.6808000000013
739.2,997.7862999999986
739.3,988.5060000000021
739.4,977.4595306930923
739.5,967.35773267329
739.6,957.0540000000234
739.7,968.9170000000325
739.8,970.5840000000006
739.9,972.6579900990113
740.0,971.4859346534649
740.1,968.7912999999994
740.2,983.2273000000121
740.3,986.3494000000003
740.4,988.649524752471
740.5,992.116467326726
740.6,987.5340000000103
740.7,992.8428000000185
740.8,999.5120000000181
740.9,993.2431643564282
741.0,1001.7874128712947
741.1,1004.5945999999949
741.2,979.7613999999805
741.3,984.9375000000068
741.4,990.2840594059355
741.5,993.432599999996
741.6,993.6938000000002
741.7,994.9084000000046
741.8,997.9924475246434
741.9,994.1634752475018
742.0,990.9959999999968
742.1,996.0269999999825
742.2,1005.8470000000119
742.3,996.9401881188189
742.4,983.2940000000126
742.5,965.3032000000171
742.6,940.0316000000241
742.7,937.8060000000087
742.8,940.7367801979151
742.9,934.620102970264
743.0,938.8807999999852
743.1,932.5268000000267
743.2,935.1898000000081
743.3,928.6786138613869
743.4,917.3466000000054
743.5,882.2870000000183
743.6,851.0504000000134
743.7,803.8530752475042
743.8,753.5849930692276
743.9,701.8284999998932
744.0,648.6336000000875
744.1,599.3732000001208
744.2,549.7962376237422
744.3,491.764
744.4,453.382
744.5,445.102
744.6,444.52
744.7,444.3928712871284
744.8,444.13299999999924
744.9,443.9357000000002
745.0,443.7578000000004
745.1,443.6015000000003
745.2,443.4839603960395
745.3,443.3897999999999
745.4,443.2607999999999
745.5,443.15199999999993
745.6,442.9821089108916
745.7,442.80112673267286
745.8,442.70609999999976
745.9,442.60530000000006
746.0,442.5338000000001
746.1,442.45900990099034
746.2,442.37919999999997
746.3,442.2991999999999
746.4,442.2876
746.5,442.2443999999999
746.6,442.26009900990096
746.7,442.2549999999999
746.8,442.1975
746.9,442.18
747.0,442.12772277227737
747.1,442.0803485148516
747.2,442.0626
747.3,442.03039999999993
747.4,441.99039999999997
747.5,441.96534653465346
747.6,441.9381
747.7,441.89349999999996
747.8,441.89459999999997
747.9,441.8926277227723
748.0,441.9044554455445
748.1,441.89560000000006
748.2,441.8972
748.3,441.89279999999997
748.4,441.8757425742574
748.5,441.82030000000003
748.6,441.8284
748.7,441.87550000000005
748.8,441.8687
748.9,441.86
749.0,441.8879999999999
749.1,441.8580000000002
749.2,441.82599999999996
749.3,441.80593069306923
749.4,441.7861693069307
749.5,441.89040000000006
749.6,441.9055000000002
749.7,441.8555
749.8,441.8468316831684
749.9,441.8296
750.0,441.7588000000002
750.1,441.7639999999999
750.2,441.7664673267326
750.3,441.766798019802
750.4,441.7365
750.5,441.6798
750.6,441.67339999999996
750.7,441.68663366336636
750.8,441.6833663366337
750.9,441.6866
751.0,441.71639999999996
751.1,441.7234
751.2,441.69386138613856
751.3,441.693
751.4,441.713
751.5,441.70700000000005
751.6,441.6610000000002
751.7,441.6593069306931
751.8,441.6508
751.9,441.65279999999996
752.0,441.6472
752.1,441.6526732673267
752.2,441.6787900990099
752.3,441.67109999999997
752.4,441.65999999999997
752.5,441.6663
752.6,441.68247524752474
752.7,441.67139999999995
752.8,441.6538
752.9,441.6376
753.0,441.6238
753.1,441.6261386138614
753.2,441.6239
753.3,441.6444000000001
753.4,441.6722
753.5,441.63144158415855
753.6,441.63611881188115
753.7,441.6359999999999
753.8,441.632
753.9,441.634
754.0,441.6537623762376
754.1,441.6523000000001
754.2,441.6222999999999
754.3,441.62770000000006
754.4,441.6282584158416
754.5,441.6490831683168
754.6,441.66999999999996
754.7,441.69320000000005
754.8,441.7042
754.9,441.71148514851484
755.0,441.72
755.1,441.69720000000007
755.2,441.66859999999997
755.3,441.62579999999997
755.4,441.62257425742575
755.5,441.64
755.6,441.6344
755.7,441.59079999999994
755.8,441.5880000000001
755.9,441.5879108910891
756.0,441.559
756.1,441.57199999999995
756.2,441.5955
756.3,441.58349999999996
756.4,441.5645089108911
756.5,441.52760000000006
756.6,441.49460000000005
756.7,441.4846
756.8,441.48
756.9,441.4270000000001
757.0,441.41179999999997
757.1,441.41350000000006
757.2,441.36879999999996
757.3,441.3342574257425
757.4,441.34080000000006
757.5,441.3392
757.6,441.3252
757.7,441.33000000000004
757.8,441.3557425742575
757.9,441.3749
758.0,441.3751
758.1,441.3749
758.2,441.41080000000017
758.3,441.4348514851485
758.4,441.43
758.5,441.4649999999999
758.6,441.4700000000001
758.7,441.45
758.8,441.46485148514853
758.9,441.4751
759.0,441.4504
759.1,441.45939999999985
759.2,441.5047
759.3,441.5151485148515
759.4,441.5148
759.5,441.46720000000016
759.6,441.4627999999998
759.7,441.48659009900973
759.8,441.4784099009902
759.9,441.49119999999994
760.0,441.4747
760.1,441.4330000000001
760.2,441.40326732673276
760.3,441.42539999999997
760.4,441.4292
760.5,441.4354
760.6,441.43
760.7,441.41644554455445
760.8,441.4
760.9,441.38199999999995
761.0,441.369
761.1,441.36663366336643
761.2,441.35
761.3,441.32360000000006
761.4,441.31199999999995
761.5,441.33124356435644
761.6,441.3244128712871
761.7,441.3515000000001
761.8,441.38
761.9,441.36709999999994
762.0,441.35
762.1,441.35
762.2,441.3584
762.3,441.34900000000005
762.4,441.3284
762.5,441.3192079207921
762.6,441.3268999999998
762.7,441.3471999999998
762.8,441.31230000000005
762.9,441.3259405940594
763.0,441.34000000000003
763.1,441.362
763.2,441.36199999999997
763.3,441.412
763.4,441.44415841584157
763.5,441.4239
763.6,441.44169999999997
763.7,441.46780000000007
763.8,441.4954455445545
763.9,441.5277841584159
764.0,441.52479999999997
764.1,441.5
764.2,441.5076
764.3,441.4861386138614
764.4,441.4484999999999
764.5,441.47630000000004
764.6,441.4626
764.7,441.43889999999993
764.8,441.41273663366337
764.9,441.37839999999994
765.0,441.36159999999995
765.1,441.3784000000002
765.2,441.3615643564357
765.3,441.39662871287123
765.4,441.41099999999994
765.5,441.43950000000007
765.6,441.41650000000004
765.7,441.4065346534653
765.8,441.3932
765.9,441.36979999999994
766.0,441.35
766.1,441.35
766.2,441.3501326732673
766.3,441.3269
766.4,441.2569000000001
766.5,441.19680000000005
766.6,441.19287128712864
766.7,441.2432
766.8,441.2596000000001
766.9,441.2864
767.0,441.30006336633664
767.1,441.2966267326733
767.2,441.29620000000006
767.3,441.3162
767.4,441.3424
767.5,441.3576613861386
767.6,441.30893069306944
767.7,441.25399999999996
767.8,441.25200000000007
767.9,441.28
768.0,441.28594059405935
768.1,441.28550000000007
768.2,441.2558
768.3,441.2584
768.4,441.23008613861384
768.5,441.2298574257426
768.6,441.2439999999999
768.7,441.2772
768.8,441.2672
768.9,441.24891089108917
769.0,441.22540000000004
769.1,441.24
769.2,441.24
769.3,441.2345198019802
769.4,441.2147267326733
769.5,441.1974
769.6,441.1978
769.7,441.2043999999998
769.8,441.16
769.9,441.1625
770.0,441.1675
770.1,441.15000000000015
770.2,441.12492574257425
770.3,441.14750099009905
770.4,441.1724
770.5,441.1752
770.6,441.1528
770.7,441.1252475247524
770.8,441.1238000000001
770.9,441.1631
771.0,441.1423
771.1,441.15915445544545
771.2,441.1787683168316
771.3,441.13120000000004
771.4,441.1
771.5,441.1
771.6,441.098
771.7,441.086
771.8,441.06798019801977
771.9,441.06784059405936
772.0,441.1
772.1,441.1019
772.2,441.1119
772.3,441.11623762376234
772.4,441.11440000000005
772.5,441.171
772.6,441.1408
772.7,441.19
772.8,441.2060396039604
772.9,441.2681000000001
773.0,441.1981000000001
773.1,441.1383
773.2,441.12326732673256
773.3,441.0964
773.4,441.1316
773.5,441.132
773.6,441.09159999999997
773.7,441.1063366336634
773.8,441.1385
773.9,441.13749999999993
774.0,441.1859999999999
774.1,441.2170742574258
774.2,441.20297029702976
774.3,441.21579999999994
774.4,441.19
774.5,441.19700000000006
774.6,441.23582772277234
774.7,441.2060999999999
774.8,441.17870000000005
774.9,441.1648
775.0,441.1352
775.1,441.16613861386145
775.2,441.14360000000005
775.3,441.16399999999993
775.4,441.1236
775.5,441.1464118811882
775.6,441.12356435643557
775.7,441.1478
775.8,441.13879999999995
775.9,441.20340000000004
776.0,441.14891089108914
776.1,441.1429999999999
776.2,441.17
776.3,441.17100000000005
776.4,441.17599999999993
776.5,441.1350495049506
776.6,441.0963
776.7,441.1537
776.8,441.08820000000003
776.9,441.07447326732677
777.0,441.1192
777.1,441.1092
777.2,441.1016000000001
777.3,441.12
777.4,441.12633663366324
777.5,441.2007
777.6,441.20860000000005
777.7,441.19140000000004
777.8,441.2106792079208
777.9,441.2179207920792
778.0,441.1912
778.1,441.20760000000007
778.2,441.1718000000001
778.3,441.20057623762375
778.4,441.20781188118815
778.5,441.16999999999996
778.6,441.1690000000001
778.7,441.1495
778.8,441.14000495049504
778.9,441.13900990099006
779.0,441.11920000000003
779.1,441.102
779.2,441.14959999999996
779.3,441.1392079207921
779.4,441.12090000000006
779.5,441.14940000000007
779.6,441.1288000000001
779.7,441.0918000000001
779.8,441.14881188118807
779.9,441.10940000000005
780.0,441.08079999999995
780.1,441.1186
780.2,441.0504000000001
780.3,441.070198019802
780.4,441.08020000000005
780.5,441.09990000000005
780.6,441.0901999999999
780.7,441.10879999999975
780.8,440.99039603960404
780.9,441.03
781.0,441.11
781.1,441.11
781.2,441.09000000000003
781.3,441.08
781.4,441.02059405940605
781.5,440.9804000000001
781.6,440.9503000000001
781.7,440.9103999999999
781.8,440.9496000000001
781.9,440.98920792079207
782.0,440.9312
782.1,440.9398
782.2,440.9694
782.3,440.9896
782.4,440.999702970297
782.5,441.01939999999996
782.6,441.05879999999996
782.7,441.10850000000016
782.8,441.07119999999986
782.9,441.0315841584158
783.0,441.0396
783.1,441.02080000000007
783.2,441.00079999999997
783.3,440.9904
783.4,440.98049504950495
783.5,441.018
783.6,441.02
783.7,440.98199999999986
783.8,440.98949999999996
783.9,440.9523762376237
784.0,440.95939999999996
784.1,440.9506
784.2,440.9594
784.3,440.9694
784.4,440.9141584158416
784.5,440.94719999999995
784.6,440.9407
784.7,440.94930000000005
784.8,440.9686
784.9,440.9976237623763
785.0,440.98160000000007
785.1,440.96160000000003
785.2,440.9323999999999
785.3,440.9392
785.4,440.9946534653466
785.5,440.9818
785.6,440.98
785.7,440.98
785.8,440.9891
785.9,441.00801980198014
786.0,441.06399999999985
786.1,441.1149999999999
786.2,441.12
786.3,441.14700000000005
786.4,441.16782178217824
786.5,441.13439999999997
786.6,441.1033
786.7,441.0822
786.8,441.0177
786.9,441.0011881188119
787.0,440.98240000000004
787.1,440.98
787.2,440.96239999999995
787.3,440.93359999999996
787.4,440.8602970297029
787.5,440.8761
787.6,440.88
787.7,440.8713
787.8,440.89610000000005
787.9,440.84831683168323
788.0,440.8658
788.1,440.8528
788.2,440.84139999999996
788.3,440.8572
788.4,440.9025742574258
788.5,440.90149999999994
788.6,440.92549999999994
788.7,440.95550000000003
788.8,440.96000000000004
788.9,440.9852475247525
789.0,440.99
789.1,441.0068
789.2,441.01
789.3,441.0184
789.4,441.02
789.5,441.0283
789.6,440.98850000000016
789.7,440.9301999999999
789.8,440.95320000000004
789.9,440.9435643564356
790.0,440.9072
790.1,440.8918
790.2,440.8736
790.3,440.87
790.4,440.8781188118812
790.5,440.8395000000001
790.6,440.8542999999999
790.7,440.86
790.8,440.86
790.9,440.8519
791.0,440.882
791.1,440.922
791.2,440.8903960396038
791.3,440.9195000000001
791.4,440.93
791.5,440.9144
791.6,440.90999999999997
791.7,440.9412
791.8,440.88759999999996
791.9,440.90112277227723
792.0,440.8869227722773
792.1,440.91079999999994
792.2,440.9585000000002
792.3,440.93149999999986
792.4,440.9046762376238
792.5,440.9380475247525
792.6,440.91200000000015
792.7,440.9152
792.8,440.98080000000004
792.9,440.96237623762374
793.0,440.9425
793.1,440.9625
793.2,440.9249999999998
793.3,440.9175
793.4,440.95712871287134
793.5,440.95520000000005
793.6,440.95
793.7,440.9352
793.8,440.9596
793.9,441.0139603960396
794.0,441.03
794.1,441.0081
794.2,441.01460000000003
794.3,441.02729999999997
794.4,441.00108910891083
794.5,441.0044
794.6,441.05319999999983
794.7,441.05559999999997
794.8,441.0211999999999
794.9,441.0242574257426
795.0,441.03
795.1,441.0371
795.2,441.0329
795.3,441.0087
795.4,441.0210891089108
795.5,441.023
795.6,440.9570000000002
795.7,440.91599999999994
795.8,440.88899999999995
795.9,440.9077227722773
796.0,440.9062
796.1,440.8931
796.2,440.8486
796.3,440.8438
796.4,440.8295049504951
796.5,440.83359999999993
796.6,440.8535999999999
796.7,440.9008000000002
796.8,440.92
796.9,440.92673267326734
797.0,440.9166
797.1,440.91
797.2,440.95020000000005
797.3,440.99010000000004
797.4,440.9668316831684
797.5,440.9632
797.6,440.93700000000007
797.7,440.88699999999983
797.8,440.8436
797.9,440.79732673267324
798.0,440.754
798.1,440.74649999999997
798.2,440.70449999999994
798.3,440.667
798.4,440.6278217821782
798.5,440.61
798.6,440.6164
798.7,440.6712000000003
798.8,440.72560000000004
798.9,440.76534653465353
799.0,440.7989
799.1,440.79740000000004
799.2,440.79
799.3,440.79
799.4,440.8211881188119
799.5,440.88339999999994
799.6,440.9038
799.7,440.8689999999999
799.8,440.8066
799.9,440.78
800.0,440.7678000000001
800.1,440.76
800.2,440.7355999999999
800.3,440.70779999999996
800.4,440.6758415841584
800.5,440.666
800.6,440.652
800.7,440.65200000000004
800.8,440.63599999999997
800.9,440.64970297029697
801.0,440.6582000000001
801.1,440.66769999999997
801.2,440.68
801.3,440.68
801.4,440.69752475247526
801.5,440.69259999999997
801.6,440.6684
801.7,440.65999999999997
801.8,440.65999999999997
801.9,440.6657425742574
802.0,440.68139999999994
802.1,440.69
802.2,440.69570000000004
802.3,440.7057
802.4,440.7043564356436
802.5,440.7
802.6,440.7167999999999
802.7,440.7356
802.8,440.75680000000006
802.9,440.7422772277228
803.0,440.731
803.1,440.7455
803.2,440.72249999999985
803.3,440.72200000000004
803.4,440.70732673267327
803.5,440.71239999999995
803.6,440.7076000000002
803.7,440.68
803.8,440.6637999999999
803.9,440.65534653465346
804.0,440.6653
804.1,440.66999999999996
804.2,440.6806
804.3,440.71119999999996
804.4,440.74574257425746
804.5,440.7548
804.6,440.7655999999999
804.7,440.78520000000003
804.8,440.8056
804.9,440.79425742574256
805.0,440.7343
805.1,440.72040000000004
805.2,440.7706000000001
805.3,440.7694
805.4,440.73495049504953
805.5,440.725
805.6,440.72499999999997
805.7,440.72499999999997
805.8,440.75000000000017
805.9,440.78
806.0,440.80940000000004
806.1,440.81060000000014
806.2,440.7604
806.3,440.7498
806.4,440.7551485148515
806.5,440.7452
806.6,440.74
806.7,440.74960000000004
806.8,440.73119999999994
806.9,440.7
807.0,440.7
807.1,440.68590000000006
807.2,440.69350000000003
807.3,440.7059
807.4,440.6806930693069
807.5,440.64700000000005
807.6,440.63379999999995
807.7,440.6315999999999
807.8,440.6146
807.9,440.5972277227723
808.0,440.579
808.1,440.59000000000003
808.2,440.59450000000004
808.3,440.582
808.4,440.5733663366337
808.5,440.60759999999993
808.6,440.63
808.7,440.64320000000004
808.8,440.65999999999997
808.9,440.6469306930693
809.0,440.6429
809.1,440.6428000000001
809.2,440.62
809.3,440.62
809.4,440.6114851485148
809.5,440.5874
809.6,440.56579999999997
809.7,440.56
809.8,440.5557584158416
809.9,440.5707336633663
810.0,440.6
810.1,440.60819999999995
810.2,440.6364000000001
810.3,440.66
810.4,440.66405940594063
810.5,440.678
810.6,440.698
810.7,440.682
810.8,440.644
810.9,440.63019801980204
811.0,440.6155999999999
811.1,440.6439
811.2,440.6343999999999
811.3,440.6256000000001
811.4,440.6731683168318
811.5,440.68339999999995
811.6,440.6324
811.7,440.62379999999996
811.8,440.61859999999996
811.9,440.5923247524752
812.0,440.57617524752476
812.1,440.5478000000001
812.2,440.51740000000007
812.3,440.53740000000005
812.4,440.54260000000005
812.5,440.54831683168305
812.6,440.58719999999994
812.7,440.60720000000003
812.8,440.6308
812.9,440.65
813.0,440.6892079207921
813.1,460.67499999993527
813.2,519.5280000002131
813.3,582.1655000001144
813.4,643.9159999999323
813.5,700.3968316830747
813.6,754.4461999998077
813.7,816.0696000000872
813.8,881.4852000000932
813.9,948.3780000000876
814.0,1012.563861386182
814.1,1048.1514000000152
814.2,1033.2521000000008
814.3,1038.2057999999902
814.4,1048.4166999999986
814.5,1052.171089108901
814.6,1056.2800000000075
814.7,1068.4420000000798
814.8,1102.6280000000247
814.9,1111.2706019802456
815.0,1109.749013861491
815.1,1115.2448999999958
815.2,1129.040800000008
815.3,1128.4472000000019
815.4,1127.3654999999967
815.5,1130.5346534653645
815.6,1112.2240000000272
815.7,1088.342999999882
815.8,1041.5599999999201
815.9,1015.5859999999957
816.0,1008.4991089109105
816.1,996.1479000000124
816.2,986.2209999999986
816.3,978.6187999999975
816.4,966.602199999997
816.5,958.6017821782156
816.6,965.0375999999874
816.7,970.4708000000044
816.8,970.0563999999918
816.9,966.350934653464
817.0,967.9013554455462
817.1,959.4462000000208
817.2,931.2180999999986
817.3,930.557600000002
817.4,933.5445306930696
817.5,936.4284059405918
817.6,937.7897999999996
817.7,939.104000000014
817.8,943.6678000000101
817.9,947.1789108910897
818.0,947.7175
818.1,959.074999999892
818.2,984.5500000000078
818.3,995.0825000000243
818.4,1012.3946534653498
818.5,1016.9671999999974
818.6,1018.9960000000003
818.7,1018.5667999999984
818.8,1017.3828000000026
818.9,1016.8406930692977
819.0,1021.3556000000067
819.1,1019.3263000000035
819.2,1019.1092000000049
819.3,1013.9312999999479
819.4,987.8399999999954
819.5,986.3611999999966
819.6,992.668399999999
819.7,993.8873999999929
819.8,991.7422000000006
819.9,990.5299009900992
820.0,990.2975000000006
820.1,988.3570000000207
820.2,979.6957999999795
820.3,975.3290000000346
820.4,989.8984158415936
820.5,992.4440000000001
820.6,985.8459999999919
820.7,992.676
820.8,995.48
820.9,1013.3516831683136
821.0,1022.6560999999709
821.1,1034.9498999999914
821.2,1039.8515000000198
821.3,1047.125800000008
821.4,1048.2345544554687
821.5,1037.8458000000041
821.6,1046.4267999999981
821.7,1051.0406000000007
821.8,1052.1778178217814
821.9,1057.4005920791558
822.0,1091.9174999999623
822.1,1112.1994999999947
822.2,1114.6008999999935
822.3,1113.8686000000143
822.4,1122.070198019783
822.5,1135.1299999999997
822.6,1132.3684000000055
822.7,1128.6519999999862
822.8,1114.0943999999904
822.9,1098.6132673267089
823.0,1057.1750000000513
823.1,1017.5245000000101
823.2,1008.5774999999729
823.3,999.1120000000077
823.4,991.7143564356522
823.5,980.8109999999936
823.6,971.6684000000348
823.7,963.4668000000116
823.8,971.3980000000049
823.9,974.1572277227691
824.0,971.6326999999994
824.1,972.3953999999995
824.2,974.015400000028
824.3,982.6824999999938
824.4,991.0093069306911
824.5,986.478800000146
824.6,946.733999999833
824.7,1000.0955999999925
824.8,996.5216000000007
824.9,998.1855445544724
825.0,1006.7322000000021
825.1,999.7871999999932
825.2,1008.6075999999994
825.3,1008.1310000000068
825.4,981.136633663368
825.5,974.8050000000726
825.6,946.0689999999995
825.7,945.9049999999925
825.8,943.4451980198146
825.9,949.702467326759
826.0,959.5131999999958
826.1,943.626599999998
826.2,953.6808000000007
826.3,955.736999999998
826.4,948.2441584158419
826.5,955.2303999999398
826.6,985.7627999999988
826.7,987.2324000000294
826.8,996.8956316831608
826.9,994.2034603960346
827.0,996.8026999999995
827.1,994.877900000035
827.2,986.3168999999984
827.3,984.2080584158422
827.4,985.3725049504978
827.5,990.4970000000036
827.6,988.672399999987
827.7,996.9931999999657
827.8,987.2776178218024
827.9,993.670227722776
828.0,992.1935000000155
828.1,1008.9599999999624
828.2,1019.9410000000122
828.3,1030.5059603960503
828.4,1040.4080554455622
828.5,1058.8147999999564
828.6,1105.1875999999907
828.7,1114.7023999999562
828.8,1102.8960039603874
828.9,1112.628371287111
829.0,1129.9442999999828
829.1,1134.8909000000679
829.2,1112.7903000000097
829.3,1118.1856089108649
829.4,1104.523483168209
829.5,1120.9902000000225
829.6,1072.4194000000016
829.7,1068.939999999996
829.8,1067.7936475247593
829.9,1059.744567326858
830.0,1059.3260000000537
830.1,1038.151099999997
830.2,1039.1206999999736
830.3,1026.1881999999732
830.4,1013.0762376237494
830.5,1006.7
830.6,996.24
830.7,985.4399999999999
830.8,973.65
830.9,967.4599999999999
831.0,958.9055445544727
831.1,968.4229999999801
831.2,972.7671000000107
831.3,972.7802999999999
831.4,973.7492198019809
831.5,969.967580198018
831.6,989.8525999999184
831.7,993.5724000000015
831.8,994.9532000000006
831.9,999.9263801980117
832.0,996.4909346534712
832.1,990.851000000009
832.2,1005.2397000000444
832.3,999.0454999999797
832.4,1010.3441039604081
832.5,1011.0407564356437
832.6,985.4564000000921
832.7,984.7068000000003
832.8,955.8239999999727
832.9,947.6813861386214
833.0,950.1604999999965
833.1,949.2745000000012
833.2,941.7909999999733
833.3,944.9244999999966
833.4,951.3179207920872
833.5,954.5769999999911
833.6,945.0404000000328
833.7,952.8894000000123
833.8,980.5020000000393
833.9,982.7227089108908
834.0,990.1286306930685
834.1,999.3182999999935
834.2,998.4912999999939
834.3,996.5293000000008
834.4,989.9720792079096
834.5,992.152399999993
834.6,996.4931999999878
834.7,996.7027999999998
834.8,984.8587999999766
834.9,1000.471980198019
835.0,990.133500000003
835.1,993.2815999999989
835.2,991.8808999999997
835.3,1005.3590999999966
835.4,1014.4495049504774
835.5,1025.7129999999738
835.6,1032.9449999999847
835.7,1045.2570000000294
835.8,1101.153000000138
835.9,1114.5001980198056
836.0,1108.9285999999984
836.1,1108.6106000000002
836.2,1115.914600000006
836.3,1114.4870999999994
836.4,1102.0575207921029
836.5,1114.99399999997
836.6,1116.8480000000002
836.7,1116.8916000000002
836.8,1088.9159999999133
836.9,1064.1891089108685
837.0,1064.1885000000025
837.1,1064.7978999999996
837.2,1056.006899999993
837.3,1041.7356999999897
837.4,1039.2745544554462
837.5,1027.6316000000184
837.6,1018.9388000000108
837.7,1009.2213999999681
837.8,997.7236000000084
837.9,988.4592079207853
838.0,981.2479999999921
838.1,972.9850000000232
838.2,957.5744999999811
838.3,968.7650000000182
838.4,973.4775247524736
838.5,970.1132000000041
838.6,966.2568000000034
838.7,965.9876000000014
838.8,983.4211999999962
838.9,992.2024752475323
839.0,996.0323999999929
839.1,998.7894999999922
839.2,1002.4687000000062
839.3,999.502899999993
839.4,1000.9788118811879
839.5,1012.5955999999937
839.6,1008.8900000000034
839.7,1007.5563999999999
839.8,993.3437168316559
839.9,987.3122188118743
840.0,956.2869000000613
840.1,952.3189999999902
840.2,951.1807999999953
840.3,951.3167039603977
840.4,950.0228316831677
840.5,948.8059999999999
840.6,949.006
840.7,948.2699999999991
840.8,955.3960000000001
840.9,952.3032673267427
841.0,977.648799999931
841.1,982.5812000000055
841.2,989.902100000025
841.3,991.6920564356427
841.4,985.6577108910824
841.5,983.0873999999994
841.6,986.8157999999843
841.7,988.8058000000005
841.8,987.5420514850479
841.9,987.1053089108627
842.0,971.5175000000323
842.1,927.6054000000813
842.2,863.0425999997972
842.3,809.2282514850037
842.4,756.9603207920054
842.5,708.1023999999568
842.6,657.4004000001316
842.7,600.0891999999462
842.8,552.9022970296649
842.9,498.70029702973966
843.0,458.62750000003894
843.1,447.3100000000042
843.2,446.13499999999885
843.3,445.7137623762373
843.4,445.22175049504904
843.5,444.83840000000066
843.6,444.40220000000147
843.7,443.97659999999945
843.8,443.5622772277228
843.9,443.15070000000026
844.0,442.67500000000035
844.1,442.3429000000002
844.2,442.0509999999998
844.3,441.8471287128711
844.4,441.62719999999956
844.5,441.38720000000035
844.6,441.2120000000004
844.7,441.0907999999998
844.8,440.97445544554455
844.9,440.88320000000004
845.0,440.8245
845.1,440.7887
845.2,440.75884059405934
845.3,440.75002970297027
845.4,440.78499999999997
845.5,440.8349999999999
845.6,440.87799999999993
845.7,440.8549999999999
845.8,440.81227722772275
845.9,440.7655
846.0,440.75
846.1,440.73620000000005
846.2,440.71619999999996
846.3,440.6758415841583
846.4,440.68039999999996
846.5,440.6424000000001
846.6,440.5792000000001
846.7,440.5327999999999
846.8,440.52673267326736
846.9,440.5233
847.0,440.5267
847.1,440.5233
847.2,440.5602
847.3,440.6397702970296
847.4,440.65020000000004
847.5,440.5938000000001
847.6,440.62939999999986
847.7,440.67986534653477
847.8,440.6965
847.9,440.6935
848.0,440.7224999999999
848.1,440.77899999999977
848.2,440.813
848.3,440.79425742574256
848.4,440.7928
848.5,440.81919999999997
848.6,440.8172
848.7,440.81640000000004
848.8,440.83900990099016
848.9,440.85
849.0,440.8437
849.1,440.77700000000027
849.2,440.7084999999999
849.3,440.6837623762376
849.4,440.63660000000004
849.5,440.55420000000004
849.6,440.55099999999993
849.7,440.56379999999996
849.8,440.56613861386137
849.9,440.55780000000004
850.0,440.56219999999996
850.1,440.57
850.2,440.6249000000002
850.3,440.63584158415836
850.4,440.674
850.5,440.722
850.6,440.712
850.7,440.68199999999996
850.8,440.6462376237623
850.9,440.6182
851.0,440.5923
851.1,440.57410000000004
851.2,440.57590000000005
851.3,440.539108910891
851.4,440.4752
851.5,440.4442
851.6,440.44579999999996
851.7,440.4442
851.8,440.45148514851485
851.9,440.45434257425745
852.0,440.46709999999996
852.1,440.45150000000007
852.2,440.4014999999998
852.3,440.3571435643564
852.4,440.32302574257426
852.5,440.31
852.6,440.3212
852.7,440.3356
852.8,440.31754455445537
852.9,440.2724108910891
853.0,440.23900000000003
853.1,440.20250000000004
853.2,440.2020000000001
853.3,440.2035544554455
853.4,440.22798217821787
853.5,440.2654
853.6,440.2969999999998
853.7,440.3146
853.8,440.33149306930693
853.9,440.32875346534655
854.0,440.33649999999994
854.1,440.3388
854.2,440.33590000000004
854.3,440.3447
854.4,440.35049504950496
854.5,440.32880000000006
854.6,440.2740000000001
854.7,440.20839999999987
854.8,440.1491999999999
854.9,440.09910891089106
855.0,440.07
855.1,440.06489999999997
855.2,440.0804000000001
855.3,440.1051
855.4,440.0948514851485
855.5,440.07000000000005
855.6,440.06
855.7,440.065
855.8,440.05999999999995
855.9,440.05990099009904
856.0,440.0896
856.1,440.1295999999999
856.2,440.1402
856.3,440.13980000000004
856.4,440.140297029703
856.5,440.1252
856.6,440.1104
856.7,440.0807999999999
856.8,440.06960000000004
856.9,440.0562376237624
857.0,440.03
857.1,439.9971000000001
857.2,439.98350000000005
857.3,439.9865
857.4,439.955206930693
857.5,439.9593603960396
857.6,440.0021999999999
857.7,440.04460000000006
857.8,440.06840000000005
857.9,440.0992910891089
858.0,440.1235544554455
858.1,440.13550000000004
858.2,440.1345
858.3,440.10849999999994
858.4,440.09232178217826
858.5,440.0845782178218
858.6,440.01360000000005
858.7,439.9756
858.8,439.95680000000004
858.9,439.9311564356436
859.0,439.9155871287129
859.1,439.8928000000001
859.2,439.85709999999995
859.3,439.8916000000002
859.4,439.99440000000016
859.5,440.05277227722775
859.6,440.12039999999996
859.7,440.1942
859.8,440.24199999999996
859.9,440.2916
860.0,440.309108910891
860.1,440.3704999999999
860.2,440.42870000000016
860.3,440.4494999999999
860.4,440.41179999999997
860.5,440.4202970297029
860.6,440.45799999999997
860.7,440.462
860.8,440.454
860.9,440.444
861.0,440.4279207920792
861.1,440.46339999999987
861.2,440.5117000000001
861.3,440.5065999999998
861.4,440.4505
861.5,440.4238613861386
861.6,440.4565999999999
861.7,440.5
861.8,440.52660000000003
861.9,440.55859999999996
862.0,440.53247524752476
862.1,440.50520000000006
862.2,440.5059000000002
862.3,440.5426
862.4,440.53369999999995
862.5,440.5253465346535
862.6,440.5036
862.7,440.5136
862.8,440.5272
862.9,440.52199999999993
863.0,440.51862178217823
863.1,440.5487425742575
863.2,440.4994999999999
863.3,440.48
863.4,440.4835
863.5,440.4621732673269
863.6,440.40653465346537
863.7,440.3829999999999
863.8,440.33979999999997
863.9,440.3098
864.0,440.28663366336633
864.1,440.2735326732673
864.2,440.26
864.3,440.25010000000003
864.4,440.24649999999997
864.5,440.2964346534653
864.6,440.34960396039594
864.7,440.39
864.8,440.39
864.9,440.3964
865.0,440.4004000000001
865.1,440.3736633663367
865.2,440.37550000000016
865.3,440.39140000000003
865.4,440.3531
865.5,440.3476
865.6,440.3046534653466
865.7,440.24899999999985
865.8,440.197
865.9,440.178
866.0,440.1649999999999
866.1,440.2
866.2,440.2116
866.3,440.24580000000003
866.4,440.2803
866.5,440.3126
866.6,440.27
866.7,440.25599999999986
866.8,440.2228
866.9,440.22720000000004
867.0,440.2367999999999
867.1,440.2689108910892
867.2,440.2292
867.3,440.18379999999996
867.4,440.1319
867.5,440.1073
867.6,440.11069306930693
867.7,440.1608000000002
867.8,440.22520000000003
867.9,440.22960000000006
868.0,440.18700000000007
868.1,440.1628712871286
868.2,440.2125000000001
868.3,440.255
868.4,440.27
868.5,440.2575
868.6,440.22
868.7,440.20282376237617
868.8,440.15479999999997
868.9,440.1724
869.0,440.19199999999995
869.1,440.2276
869.2,440.2223762376238
869.3,440.21849999999995
869.4,440.1915
869.5,440.2208000000001
869.6,440.20839999999976
869.7,440.2722772277228
869.8,440.2888
869.9,440.309
870.0,440.26120000000003
870.1,440.2278
870.2,440.2265346534655
870.3,440.24789999999996
870.4,440.2358
870.5,440.22209999999995
870.6,440.2383999999999
870.7,440.25752475247515
870.8,440.224
870.9,440.27
871.0,440.236
871.1,440.25800000000004
871.2,440.2460396039604
871.3,440.2281
871.4,440.2238
871.5,440.24379999999996
871.6,440.26
871.7,440.25059405940584
871.8,440.21180000000004
871.9,440.20199999999994
872.0,440.129
872.1,440.1664
872.2,440.15
872.3,440.1517
872.4,440.16509999999994
872.5,440.1781000000001
872.6,440.1284999999999
872.7,440.1784158415843
872.8,440.22
872.9,440.2248
873.0,440.2516
873.1,440.25040000000024
873.2,440.2031683168317
873.3,440.21400000000006
873.4,440.177
873.5,440.15700000000004
873.6,440.13700000000006
873.7,440.1125742574256
873.8,440.07280000000003
873.9,440.0914
874.0,440.1028
874.1,440.11300000000017
874.2,440.081089108911
874.3,440.1422
874.4,440.0861
874.5,440.0652
874.6,440.1013
874.7,440.1074257425742
874.8,440.0948000000001
874.9,440.1239999999999
875.0,440.08
875.1,440.08599999999984
875.2,440.1311881188119
875.3,440.14
875.4,440.15319999999997
875.5,440.2567
875.6,440.2322
875.7,440.25326732673267
875.8,440.28
875.9,440.27699999999993
876.0,440.251
876.1,440.25400000000013
876.2,440.2049504950496
876.3,440.2509
876.4,440.26
876.5,440.2546
876.6,440.2009
876.7,440.2055445544554
876.8,440.1584
876.9,440.14
877.0,440.13840000000005
877.1,440.11760000000004
877.2,440.09237623762385
877.3,440.1158
877.4,440.05649999999997
877.5,440.0093
877.6,439.99580000000026
877.7,439.9413861386139
877.8,439.9581999999999
877.9,439.9306
878.0,439.94179999999994
878.1,439.9718
878.2,439.99702970297017
878.3,439.951
878.4,439.97300000000007
878.5,440.029
878.6,440.0134999999998
878.7,440.0780198019802
878.8,440.0404
878.9,440.0472000000001
879.0,439.98
879.1,439.9784
879.2,439.94039603960397
879.3,439.94939999999997
879.4,439.9303
879.5,439.9394000000001
879.6,439.9203
879.7,439.9314851485149
879.8,439.9804
879.9,440.00079999999997
880.0,440.0404
880.1,440.06000000000006
880.2,440.060198019802
880.3,440.07030000000003
880.4,440.0999
880.5,440.0901
880.6,440.09990000000005
880.7,440.090099009901
880.8,440.1
880.9,440.1
881.0,440.13
881.1,440.13
881.2,440.09000000000003
881.3,440.08009900990095
881.4,440.0701
881.5,440.0106000000001
881.6,439.9902
881.7,439.9999
881.8,440.00980198019806
881.9,439.99039999999997
882.0,439.9606
882.1,439.96000000000004
882.2,440.02830891089116
882.3,440.020302970297
882.4,440.0878999999999
882.5,440.1384999999999
882.6,440.13030000000003
882.7,440.18820000000017
882.8,440.1131683168316
882.9,440.11
883.0,440.11
883.1,440.10040000000004
883.2,440.05199999999996
883.3,440.03099009900995
883.4,440.011
883.5,440.029
883.6,440.0585
883.7,440.04099999999994
883.8,440.0776237623763
883.9,440.0612
884.0,440.1351999999997
884.1,440.17759999999987
884.2,440.26460000000014
884.3,440.30722772277227
884.4,440.3193
884.5,440.2921
884.6,440.26210000000003
884.7,440.26
884.8,440.2692079207921
884.9,440.3252000000001
885.0,440.2196000000003
885.1,440.1456000000002
885.2,440.09399999999994
885.3,440.1173267326733
885.4,440.0745
885.5,440.0791
885.6,440.0618
885.7,440.1146
885.8,440.0749504950494
885.9,440.07899999999995
886.0,440.08
886.1,440.1609999999998
886.2,440.17
886.3,440.1610891089109
886.4,440.1422
886.5,440.0866
886.6,439.991
886.7,439.9444
886.8,439.89594059405925
886.9,439.8724
887.0,439.84360000000004
887.1,439.77840000000015
887.2,439.7083999999998
887.3,439.6825742574257
887.4,439.6626
887.5,439.7035
887.6,439.77089999999976
887.7,439.8235
887.8,439.8558415841584
887.9,439.8342
888.0,439.83
888.1,439.88159999999993
888.2,439.8641999999999
888.3,439.8259405940594
888.4,439.87950000000006
888.5,439.84749999999997
888.6,439.8824999999999
888.7,439.8985
888.8,439.9589108910891
888.9,439.99519999999995
889.0,439.9916
889.1,439.9648
889.2,439.96
889.3,440.00158415841594
889.4,439.9601999999999
889.5,439.95
889.6,439.9251000000001
889.7,439.8037999999998
889.8,439.7635643564356
889.9,439.801
890.0,439.8182
890.1,439.82
890.2,439.8528
890.3,439.8518811881188
890.4,439.8256999999999
890.5,439.8443
890.6,439.83380000000005
890.7,439.8543000000001
890.8,439.86801980198015
890.9,439.798
891.0,439.764
891.1,439.72
891.2,439.64599999999996
891.3,439.6379207920792
891.4,439.7031999999999
891.5,439.6805000000001
891.6,439.7331999999998
891.7,439.79740000000015
891.8,439.8021782178218
891.9,439.8156
892.0,439.8668
892.1,439.94239999999974
892.2,439.9756
892.3,439.98772277227727
892.4,439.9746
892.5,440.0084999999999
892.6,440.0431
892.7,440.06540000000007
892.8,440.04712871287126
892.9,440.02479999999997
893.0,439.9439999999999
893.1,439.89720000000005
893.2,439.8519999999999
893.3,439.84000000000003
893.4,439.80250000000007
893.5,439.74500000000006
893.6,439.7225
893.7,439.6749999999998
893.8,439.6451485148514
893.9,439.6844000000001
894.0,439.72219999999993
894.1,439.71520000000004
894.2,439.73960000000005
894.3,439.75
894.4,439.7573
894.5,439.76
894.6,439.7162000000001
894.7,439.6781
894.8,439.6121782178217
894.9,439.57559999999995
895.0,439.6203999999999
895.1,439.61840000000007
895.2,439.5883999999999
895.3,439.57272871287125
895.4,439.5414851485148
895.5,439.5087
895.6,439.4716
895.7,439.48840000000007
895.8,439.4929702970297
895.9,439.4270000000001
896.0,439.414
896.1,439.39900000000006
896.2,439.3689999999999
896.3,439.3600693069307
896.4,439.36003069306935
896.5,439.3393
896.6,439.39899999999966
896.7,439.3817
896.8,439.36
896.9,439.3872
897.0,439.3660000000001
897.1,439.37039999999996
897.2,439.4071326732674
897.3,439.4200326732673
897.4,439.3932
897.5,439.40680000000003
897.6,439.35300000000024
897.7,439.35323465346545
897.8,439.37
897.9,439.3832
898.0,439.3834
898.1,439.3734
898.2,439.3896693069307
898.3,439.42606930693074
898.4,439.44
898.5,439.44649999999996
898.6,439.4759999999999
898.7,439.5096287128713
898.8,439.5327643564357
898.9,439.53999999999996
899.0,439.5336
899.1,439.5172
899.2,439.47198019801965
899.3,439.42479999999995
899.4,439.42260000000005
899.5,439.44259999999997
899.6,439.46259999999995
899.7,439.3826732673267
899.8,439.361
899.9,439.4048
900.0,439.4014
900.1,439.37772277227725
900.2,439.4251702970299
900.3,439.4539
900.4,439.43780000000004
900.5,439.3873000000002
900.6,439.36609999999996
900.7,439.3881188118812
900.8,439.43
900.9,439.45
901.0,439.486
901.1,439.5038811881188
901.2,439.52376237623776
901.3,439.52819999999997
901.4,439.55539999999996
901.5,439.6330999999998
901.6,439.7112999999999
901.7,439.7400415841584
901.8,439.7342
901.9,439.6662
902.0,439.66060000000004
902.1,439.72497227722755
902.2,439.76144257425744
902.3,439.77
902.4,439.8041999999999
902.5,439.7958000000001
902.6,439.7757
902.7,439.78
902.8,439.83600000000007
902.9,439.92480000000006
903.0,439.9712
903.1,439.9464000000001
903.2,439.9366336633664
903.3,439.928
903.4,439.8935
903.5,439.8415000000001
903.6,439.8155
903.7,439.7710356435641
903.8,439.74620000000004
903.9,439.70059999999984
904.0,439.6392
904.1,439.6408534653465
904.2,439.63391386138613
904.3,439.59880000000004
904.4,439.58000000000004
904.5,439.61709999999994
904.6,439.63404752475253
904.7,439.6095524752475
904.8,439.5791999999999
904.9,439.5548
905.0,439.5656
905.1,439.54890297029715
905.2,439.540594059406
905.3,439.5549
905.4,439.53470000000004
905.5,439.4843
905.6,439.4704
905.7,439.50014851485156
905.8,439.51
905.9,439.52500000000003
906.0,439.5250000000001
906.1,439.4700000000002
906.2,439.420099009901
906.3,439.3855
906.4,439.3551
906.5,439.35
906.6,439.35979999999995
906.7,439.3311881188117
906.8,439.3044
906.9,439.2864000000001
907.0,439.27399999999994
907.1,439.27600000000007
907.2,439.29277227722787
907.3,439.3494
907.4,439.38820000000004
907.5,439.4153
907.6,439.42409999999995
907.7,439.43534653465343
907.8,439.42999999999995
907.9,439.4116
908.0,439.42219999999986
908.1,439.4692
908.2,439.5073267326734
908.3,439.52649999999994
908.4,439.5055
908.5,439.5
908.6,439.5224999999998
908.7,439.5856435643565
908.8,439.6432
908.9,439.68199999999996
909.0,439.73199999999997
909.1,439.74240000000003
909.2,439.7067128712871
909.3,439.6812306930693
909.4,439.71730000000014
909.5,439.78
909.6,439.7714000000001
909.7,439.71699999999987
909.8,439.66851485148516
909.9,439.6758
910.0,439.64480000000003
910.1,439.6058
910.2,439.6210000000001
910.3,439.621007920792
910.4,439.56769999999995
910.5,439.52540000000016
910.6,439.49
910.7,439.5064000000001
910.8,439.5137623762376
910.9,439.466
911.0,439.45
911.1,439.48
911.2,439.488
911.3,439.5
911.4,439.50780000000003
911.5,439.5239
911.6,439.53779999999995
911.7,447.9506000000539
911.8,486.4515841585271
911.9,550.0488000000279
912.0,612.0954000000288
912.1,695.0409999998536
912.2,791.0290000000296
912.3,854.2578217821592
912.4,916.8915999998939
912.5,980.2637999999081
912.6,1042.003499999891
912.7,1091.8611000000533
912.8,1104.187128712877
912.9,1107.040800000003
913.0,1107.4660000000033
913.1,1086.2488000001842
913.2,1053.3268712871275
913.3,1043.504905940602
913.4,1029.1629999999946
913.5,1034.5449999999926
913.6,1040.3554999999947
913.7,1051.8042376238154
913.8,1064.3397623762226
913.9,1059.8316000000104
914.0,1067.1703999999988
914.1,1072.5097999999905
914.2,1059.302196039574
914.3,1031.8589148514795
914.4,1032.5698000000089
914.5,1019.6727000000087
914.6,1008.5556000000053
914.7,1000.2686940593758
914.8,990.1553702970098
914.9,979.6103999999967
915.0,971.5568000000177
915.1,962.4772000000397
915.2,957.311710891106
915.3,968.9255900990088
915.4,970.9003000000009
915.5,968.3818999999999
915.6,969.9754999999991
915.7,975.166729702999
915.8,981.3450693069365
915.9,983.5530000000012
916.0,984.5160000000002
916.1,984.7539999999977
916.2,983.6160891089007
916.3,978.8275108910888
916.4,982.2984000000037
916.5,991.2432999999982
916.6,985.5855999999993
916.7,984.1479653465284
916.8,978.4652356435583
916.9,983.4295999999512
917.0,1001.8580000000056
917.1,1001.0011999999908
917.2,1003.6018455445744
917.3,1001.1213801980963
917.4,1003.7978000000056
917.5,1006.586399999992
917.6,999.7852999999965
917.7,1004.2642079207526
917.8,1006.1312178217053
917.9,1005.5378000000395
918.0,986.7857999999859
918.1,994.5261999999996
918.2,994.089196039623
918.3,993.1314108911732
918.4,996.2449999999995
918.5,991.975
918.6,980.8474999999887
918.7,986.1454455445881
918.8,992.7721148515624
918.9,986.3876000000018
919.0,984.3032000000021
919.1,984.5727999999923
919.2,992.4642574257617
919.3,997.3370000000015
919.4,1001.4386000000081
919.5,1014.3817999999804
919.6,1021.9157999999691
919.7,1034.1396039604165
919.8,1050.279799999996
919.9,1053.4584000000082
920.0,1041.2773999999965
920.1,1046.765000000001
920.2,1044.469801980189
920.3,1044.5103000000192
920.4,1053.5770000000084
920.5,1056.799800000034
920.6,1045.5045000000064
920.7,1045.2926732673407
920.8,1053.596
920.9,1062.666
921.0,1075.662
921.1,1073.6640000000034
921.2,1070.9980198019812
921.3,1073.4745000000075
921.4,1074.4962000000287
921.5,1060.3565000000299
921.6,1046.2480000000241
921.7,1034.7937623762166
921.8,1024.1529999999939
921.9,1011.2841999999957
922.0,1001.7203999999952
922.1,990.5717326732663
922.2,977.6434415841235
922.3,968.2524000000082
922.4,970.9745000000033
922.5,969.7764999999945
922.6,972.310132673271
922.7,970.930887128714
922.8,971.4871999999955
922.9,961.2299999999648
923.0,928.9200000000003
923.1,930.4569267326677
923.2,932.2519801980262
923.3,933.8125000000022
923.4,932.4544999999983
923.5,932.3950000000096
923.6,927.4404801979979
923.7,940.8456336633699
923.8,940.9281999999778
923.9,933.3404000000633
924.0,974.0206000000043
924.1,982.1700990098368
924.2,1002.0962000000056
924.3,1003.220000000002
924.4,1000.8517999999987
924.5,1003.1277999999966
924.6,1007.5737623762373
924.7,1007.4463999999937
924.8,1004.4312000000014
924.9,1005.4084000000032
925.0,1008.5819999999792
925.1,1011.3646534654432
925.2,983.1127999999985
925.3,988.5533000000007
925.4,986.1992999999993
925.5,988.4476000000001
925.6,987.8448514851478
925.7,989.2080000000042
925.8,990.4749999999924
925.9,987.2029999999953
926.0,984.7110198019842
926.1,984.174346534627
926.2,993.8258999999997
926.3,992.1720999999993
926.4,989.7567000000015
926.5,995.8483485148516
926.6,997.5196356435647
926.7,1009.6800000000381
926.8,1023.1848000000184
926.9,1032.087599999961
927.0,1052.4047762376013
927.1,1057.689991089085
927.2,1039.8356999999935
927.3,1030.8209999999983
927.4,1029.2123000000088
927.5,1042.1717801980321
927.6,1055.0647762376336
927.7,1050.9196000001325
927.8,1090.5720000000238
927.9,1098.8727999999865
928.0,1107.5415841584313
928.1,1099.1459999999047
928.2,1125.5624999999975
928.3,1123.384999999997
928.4,1120.8024999999996
928.5,1119.862262376225
928.6,1107.2828039604171
928.7,1083.3543999998094
928.8,1029.5680000000193
928.9,1008.8860000000053
929.0,1002.8330455445653
929.1,991.9291990099309
929.2,981.7544999999891
929.3,974.886799999988
929.4,967.3327999999836
929.5,956.6564613861169
929.6,964.1842950495028
929.7,970.4710000000082
929.8,972.4396000000008
929.9,970.4729999999997
930.0,971.1539603960384
930.1,973.0029000000818
930.2,940.6588000000079
930.3,944.5626000000129
930.4,950.7157999999912
930.5,946.3966336633523
930.6,952.0600000000001
930.7,938.9499999999999
930.8,960.34
930.9,960.24
931.0,962.99
931.1,967.6830693069211
931.2,985.3718000000446
931.3,982.7185999999928
931.4,996.1539999999728
931.5,998.0620999999962
931.6,1002.2752475247353
931.7,1007.7108000000026
931.8,997.9513999999954
931.9,1000.3176000000012
932.0,998.6157999999992
932.1,1003.9651485148431
932.2,1015.9640000000361
932.3,1008.0655999999748
932.4,985.5582000000334
932.5,983.9388000000015
932.6,991.3530693069033
932.7,989.9703999999983
932.8,987.0679999999974
932.9,985.2315999999984
933.0,993.9920000000084
933.1,988.8471287128772
933.2,973.3979999999456
933.3,980.5419999999923
933.4,990.4789999999887
933.5,1005.1911534653294
933.6,993.6558712871683
933.7,1003.6336000000157
933.8,1001.546999999996
933.9,1009.3224000000116
934.0,1024.1840792078763
934.1,1050.228685148492
934.2,1048.0637999999833
934.3,1055.172099999997
934.4,1055.0325000000005
934.5,1060.132476237492
934.6,1064.9807603960173
934.7,1060.7783999999908
934.8,1124.9824000001277
934.9,1124.4083999999878
935.0,1119.36118019802
935.1,1118.6742376237626
935.2,1108.2850999999978
935.3,1115.9777999999978
935.4,1070.5028000000116
935.5,1064.3513762376272
935.6,1065.2059207920765
935.7,1064.9599999999991
935.8,1030.3149999999127
935.9,1022.5820000000078
936.0,1028.6905940594056
936.1,1022.049599999998
936.2,1013.0309999999934
936.3,1002.1064999999975
936.4,992.9322999999979
936.5,983.6668316831829
936.6,974.0404000000175
936.7,962.4959999999678
936.8,969.3344000000255
936.9,973.0559999999963
937.0,973.0266336633663
937.1,973.2918999999988
937.2,972.3568999999992
937.3,972.1055999999999
937.4,990.9516000000148
937.5,997.1810891089067
937.6,999.647799999997
937.7,1002.2562000000084
937.8,1002.5096000000001
937.9,1002.0944000000006
938.0,1001.374356435643
938.1,1005.0849999999878
938.2,1013.1295000000098
938.3,1016.0535000000021
938.4,991.2546485148727
938.5,982.3787564356467
938.6,962.5572000000207
938.7,949.4211999999587
938.8,945.7788000000004
938.9,949.3717623762432
939.0,958.7769821781952
939.1,956.4149000000147
939.2,960.3176000000091
939.3,963.7468000000047
939.4,968.3418999999994
939.5,968.2050000000006
939.6,980.1897999999933
939.7,983.7474000000005
939.8,992.2137999999954
939.9,981.6064316830474
940.0,980.718401980168
940.1,974.7791000000198
940.2,991.0595000000449
940.3,984.9267999999739
940.4,982.9434702971137
940.5,979.6844752475442
940.6,956.578
940.7,911.2899999999547
940.8,853.568
940.9,800.7803960396867
941.0,748.3322000001081
941.1,697.7242000001023
941.2,643.7541999998624
941.3,585.7084999998528
941.4,540.4124752474872
941.5,492.5129999999774
941.6,454.21980000010853
941.7,445.4830941176464
941.8,445.0615024512161
941.9,444.78750000000036
942.0,444.6125000000002
942.1,444.5050000000001
942.2,444.3674999999995
942.3,444.2408910891087
942.4,444.13599999999985
942.5,444.0434000000002
942.6,443.90900000000045
942.7,443.76661980198
942.8,443.69328613861387
942.9,443.54860000000014
943.0,443.41970000000003
943.1,443.2951000000001
943.2,443.20889999999997
943.3,443.0889504950493
943.4,442.96359999999976
943.5,442.90840000000003
943.6,442.9
943.7,442.86414257425736
943.8,442.8073712871287
943.9,442.7545
944.0,442.7329
944.1,442.6732
944.2,442.65
944.3,442.5939999999998
944.4,442.55600000000004
944.5,442.52900000000005
944.6,442.4850000000001
944.7,442.44920792079205
944.8,442.4469
944.9,442.4569
945.0,442.4669
945.1,442.41486831683187
945.2,442.410495049505
945.3,442.3927999999999
945.4,442.4276
945.5,442.4160000000001
945.6,442.38633267326736
945.7,442.38003267326735
945.8,442.3733
945.9,442.3901
946.0,442.3665
946.1,442.37686633663355
946.2,442.3699643564356
946.3,442.3402
946.4,442.3102
946.5,442.27360000000004
946.6,442.2795386138613
946.7,442.2639653465346
946.8,442.27600000000007
946.9,442.29650000000004
947.0,442.31949999999995
947.1,442.31700000000006
947.2,442.3228712871288
947.3,442.3428
947.4,442.38839999999993
947.5,442.4547999999999
947.6,442.47360000000003
947.7,442.48299009901
947.8,442.4710633663366
947.9,442.44739999999996
948.0,442.4211
948.1,442.3911000000001
948.2,442.39241287128715
948.3,442.37512475247524
948.4,442.3662
948.5,442.3328
948.6,442.2914
948.7,442.29252277227727
948.8,442.29378415841586
948.9,442.2229000000001
949.0,442.1982999999999
949.1,442.2161
949.2,442.1894999999999
949.3,442.18827722772284
949.4,442.206
949.5,442.21000000000004
949.6,442.222
949.7,442.23605940594064
949.8,442.24594059405945
949.9,442.2795
950.0,442.31179999999995
950.1,442.30230000000006
950.2,442.3075247524753
950.3,442.291
950.4,442.2642
950.5,442.2252
950.6,442.1942
950.7,442.1612871287128
950.8,442.1058
950.9,442.0857
951.0,442.0558000000001
951.1,442.01860000000005
951.2,442.00435643564356
951.3,441.9719999999999
951.4,441.9892000000001
951.5,441.9976
951.6,441.99119999999994
951.7,441.9778217821781
951.8,441.971
951.9,441.958
952.0,441.92350000000005
952.1,441.9484999999999
952.2,441.9745544554455
952.3,441.9321999999999
952.4,441.92160000000007
952.5,441.95619999999997
952.6,441.99159999999983
952.7,441.99946732673266
952.8,442.0058534653465
952.9,442.0147
953.0,442.01
953.1,441.98350000000005
953.2,441.98120000000006
953.3,442.04239999999993
953.4,442.069504950495
953.5,442.03920000000005
953.6,442.00960000000003
953.7,441.9687999999999
953.8,441.9660000000001
953.9,441.9796
954.0,441.99059405940596
954.1,441.99980000000005
954.2,441.9695999999999
954.3,441.90920000000006
954.4,441.87
954.5,441.88009900990096
954.6,441.905
954.7,441.93000000000006
954.8,441.97500000000014
954.9,442.0051980198019
955.0,441.98499702970304
955.1,441.9553000000001
955.2,441.9449
955.3,441.9304
955.4,441.93425742574254
955.5,441.9312000000001
955.6,441.90479999999997
955.7,441.8763999999998
955.8,441.8352
955.9,441.81574257425746
956.0,441.8094
956.1,441.8247
956.2,441.8441
956.3,441.86483960396043
956.4,441.8697861386138
956.5,441.8654
956.6,441.85540000000003
956.7,441.85
956.8,441.85455445544557
956.9,441.8555
957.0,441.8455
957.1,441.8085000000002
957.2,441.7835
957.3,441.80445544554453
957.4,441.8056
957.5,441.778
957.6,441.77199999999993
957.7,441.80444356435646
957.8,441.82736930693073
957.9,441.85
958.0,441.85429999999997
958.1,441.88149999999985
958.2,441.90995742574256
958.3,441.8932
958.4,441.8742
958.5,441.9094
958.6,441.9332
958.7,441.8808910891087
958.8,441.8482
958.9,441.88460000000003
959.0,441.92
959.1,441.9077811881189
959.2,441.8899405940594
959.3,441.874
959.4,441.89
959.5,441.926
959.6,441.8978415841584
959.7,441.90999999999997
959.8,441.9139
959.9,441.88879999999995
960.0,441.84779999999995
960.1,441.8793069306929
960.2,441.89099999999996
960.3,441.8752
960.4,441.8886
960.5,441.87
960.6,441.8662376237624
960.7,441.87110000000007
960.8,441.8603999999999
960.9,441.8137
961.0,441.8162267326733
961.1,441.7992000000001
961.2,441.7944
961.3,441.7875999999999
961.4,441.7336
961.5,441.7542574257426
961.6,441.7765
961.7,441.75599999999986
961.8,441.76500000000016
961.9,441.83349999999996
962.0,441.8330693069307
962.1,441.79960000000017
962.2,441.7566
962.3,441.7704000000001
962.4,441.77973663366333
962.5,441.7366326732673
962.6,441.7667
962.7,441.76
962.8,441.74350000000004
962.9,441.73613861386127
963.0,441.78360000000004
963.1,441.7923999999998
963.2,441.84000000000003
963.3,441.82719999999995
963.4,441.8126732673268
963.5,441.8338
963.6,441.8045
963.7,441.7855000000002
963.8,441.8045920792079
963.9,441.76686138613866
964.0,441.7480000000001
964.1,441.72299999999996
964.2,441.7149999999999
964.3,441.6948514851486
964.4,441.7298594059406
964.5,441.7271
964.6,441.7258
964.7,441.7371
964.8,441.7356851485148
964.9,441.7446851485149
965.0,441.73
965.1,441.73839999999996
965.2,441.76560000000006
965.3,441.79108910891097
965.4,441.79839999999996
965.5,441.7454
965.6,441.76
965.7,441.7654801980198
965.8,441.78267326732674
965.9,441.78740000000005
966.0,441.7696000000001
966.1,441.7374
966.2,441.72227722772266
966.3,441.70500000000004
966.4,441.7175
966.5,441.7175
966.6,441.7250990099012
966.7,441.68030099009894
966.8,441.668
966.9,441.6396
967.0,441.6724
967.1,441.6824
967.2,441.67604752475233
967.3,441.6138999999999
967.4,441.56
967.5,441.5645999999999
967.6,441.589108910891
967.7,441.6332000000002
967.8,441.6844
967.9,441.7088
968.0,441.7400217821782
968.1,441.7381346534654
968.2,441.73420000000004
968.3,441.76680000000016
968.4,441.8216
968.5,441.7921
968.6,441.7919207920793
968.7,441.76
968.8,441.75800000000004
968.9,441.75
969.0,441.7341584158416
969.1,441.6794999999999
969.2,441.7219
969.3,441.73950000000013
969.4,441.7723623762377
969.5,441.7492435643564
969.6,441.7792
969.7,441.7228
969.8,441.7008
969.9,441.7482178217822
970.0,441.7484999999999
970.1,441.7917
970.2,441.79319999999984
970.3,441.7548999999999
970.4,441.7333663366336
970.5,441.75
970.6,441.7643999999997
970.7,441.8368
970.8,441.8152950495049
970.9,441.7839158415842
971.0,441.753
971.1,441.7610000000001
971.2,441.7205000000002
971.3,441.77405940594065
971.4,441.7456
971.5,441.77019999999993
971.6,441.70440000000013
971.7,441.66718613861383
971.8,441.6459277227723
971.9,441.6161
972.0,441.5874
972.1,441.57
972.2,441.5674257425742
972.3,441.5512871287129
972.4,441.5539999999999
972.5,441.5147999999999
972.6,441.55719999999985
972.7,441.6076237623762
972.8,441.5944
972.9,441.6311
973.0,441.64439999999996
973.1,441.6789
973.2,441.67
973.3,441.66799999999995
973.4,441.6530000000001
973.5,441.68299999999994
973.6,441.7139801980197
973.7,441.7452297029702
973.8,441.7018
973.9,441.7155
974.0,441.6655
974.1,441.6164089108911
974.2,441.58123564356447
974.3,441.59439999999984
974.4,441.52360000000016
974.5,441.4460000000001
974.6,441.3968316831684
974.7,441.35509999999994
974.8,441.28649999999993
974.9,441.24
975.0,441.2365554455445
975.1,441.19179999999994
975.2,441.22060000000005
975.3,441.2257999999998
975.4,441.16539999999986
975.5,441.2482118811881
975.6,441.21978217821794
975.7,441.21
975.8,441.21
975.9,441.21
976.0,441.21198019801983
976.1,441.25039999999996
976.2,441.2583999999999
976.3,441.22119999999995
976.4,441.2480118811882
976.5,441.1994000000001
976.6,441.17910000000006
976.7,441.15060000000005
976.8,441.1718000000001
976.9,441.23178217821794
977.0,441.289
977.1,441.2392
977.2,441.1995999999999
977.3,441.18
977.4,441.1805940594059
977.5,441.2099
977.6,441.2003999999999
977.7,441.2396999999999
977.8,441.209800990099
977.9,441.189702970297
978.0,441.17
978.1,441.13
978.2,441.14
978.3,441.18
978.4,441.209702970297
978.5,441.21
978.6,441.21989999999994
978.7,441.23980000000006
978.8,441.2202
978.9,441.20039603960396
979.0,441.249
979.1,441.2402
979.2,441.2792
979.3,441.1822910891088
979.4,441.150897029703
979.5,441.2178999999999
979.6,441.1715000000001
979.7,441.2379000000002
979.8,441.24960396039603
979.9,441.2116
980.0,441.2196
980.1,441.2391999999999
980.2,441.24
980.3,441.2780198019801
980.4,441.3085
980.5,441.24350000000004
980.6,441.259
980.7,441.2221881188118
980.8,441.2012
980.9,441.2094
981.0,441.2475999999999
981.1,441.23120000000006
981.2,441.23
981.3,441.25789999999995
981.4,441.2507
981.5,441.2779
981.6,441.2985079207921
981.7,441.3276396039605
981.8,441.32079999999996
981.9,441.34760000000006
982.0,441.36839999999995
982.1,441.34267326732675
982.2,441.3309
982.3,441.2936
982.4,441.2536
982.5,441.2591
982.6,441.20594059405954
982.7,441.15499999999986
982.8,441.0869999999998
982.9,441.0440000000001
983.0,441.0308217821783
983.1,441.0033108910891
983.2,441.03560000000004
983.3,441.06669999999997
983.4,441.0344
983.5,440.9947524752476
983.6,441.03399999999993
983.7,441.0840000000001
983.8,441.1692000000003
983.9,441.1189227722772
984.0,441.066397029703
984.1,441.06
984.2,440.99039999999997
984.3,440.9974
984.4,440.9913
984.5,441.0074
984.6,440.96693069306934
984.7,440.96
984.8,440.95140000000004
984.9,440.9586
985.0,440.9772
985.1,441.00579999999997
985.2,441.1036633663368
985.3,441.15401485148516
985.4,441.177
985.5,441.17150000000004
985.6,441.16150000000005
985.7,441.19366336633675
985.8,441.1664
985.9,441.19359999999995
986.0,441.1916
986.1,441.2403168316831
986.2,441.19184950495037
986.3,441.1384999999999
986.4,441.13
986.5,441.15489999999994
986.6,441.15178217821784
986.7,441.1418
986.8,441.14
986.9,441.1236
987.0,441.1282
987.1,441.09752475247535
987.2,441.04139999999984
987.3,441.05430000000007
987.4,441.0924000000001
987.5,441.0275811881188
987.6,441.01800000000003
987.7,441.004
987.8,440.99199999999996
987.9,441.02200000000005
988.0,441.06960396039597
988.1,441.0484000000001
988.2,441.1032000000002
988.3,441.07259999999985
988.4,441.0676653465347
988.5,441.1013306930693
988.6,441.0788000000001
988.7,441.07
988.8,441.0778
988.9,441.0025405940595
989.0,440.9953544554455
989.1,441.0
989.2,440.9691999999999
989.3,440.92919999999987
989.4,440.9352475247525
989.5,440.8791999999999
989.6,440.9283999999998
989.7,440.95759999999996
989.8,440.95984950495045
989.9,440.9750742574257
990.0,440.98
990.1,441.0174999999999
990.2,441.09000000000026
990.3,441.13227722772285
990.4,441.1252
990.5,441.14959999999996
990.6,441.12300000000016
990.7,441.1618000000001
990.8,441.17269999999996
990.9,441.16270000000003
991.0,441.18919999999997
991.1,441.17810000000003
991.2,441.1482445544554
991.3,441.0894891089108
991.4,441.12760000000014
991.5,441.1068000000001
991.6,441.12599999999986
991.7,441.13287128712875
991.8,441.13710000000003
991.9,441.1471
992.0,441.1642
992.1,441.1697188118811
992.2,441.1840594059406
992.3,441.1619999999999
992.4,441.164
992.5,441.1420000000001
992.6,441.1162772277229
992.7,441.1031613861386
992.8,441.1069
992.9,441.04789999999997
993.0,441.0338
993.1,440.96485148514864
993.2,440.95720000000006
993.3,441.01080000000013
993.4,441.06399999999996
993.5,441.0868
993.6,441.0630693069308
993.7,440.99639999999994
993.8,440.9834
993.9,440.97659999999996
994.0,440.97663366336633
994.1,440.97339999999997
994.2,440.9435999999999
994.3,440.897
994.4,440.8338000000001
994.5,440.82319999999993
994.6,440.86299999999994
994.7,440.87346534653466
994.8,440.87
994.9,440.8960000000001
995.0,440.92299999999994
995.1,440.9105000000001
995.2,440.913
995.3,440.8813861386139
995.4,440.8728
995.5,440.88
995.6,440.86080000000004
995.7,440.86900990099014
995.8,440.8989
995.9,440.8847999999999
996.0,440.87
996.1,440.86370000000005
996.2,440.909900990099
996.3,440.94
996.4,440.98339999999996
996.5,441.0038
996.6,441.01239999999996
996.7,441.00759999999997
996.8,441.0122772277228
996.9,441.0017
997.0,440.98390000000006
997.1,440.97999999999996
997.2,440.97389999999996
997.3,440.9455999999999
997.4,440.9239
997.5,440.89584158415846
997.6,440.892
997.7,440.8579999999999
997.8,440.842
997.9,440.856
998.0,440.878
998.1,440.8544158415842
998.2,440.83577821782177
998.3,440.8341
998.4,440.84770000000003
998.5,440.8953999999999
998.6,440.88460000000015
998.7,440.85409999999996
998.8,440.8675247524753
998.9,440.8626
999.0,440.85580000000004
999.1,440.8889999999999
999.2,440.8868
999.3,440.8526
999.4,440.8629702970297
999.5,440.85720000000003
999.6,440.8741999999999
999.7,440.9057
999.8,440.90999999999997
999.9,440.8815000000001
1000.0,440.8769306930693
1000.1,440.8676000000001
1000.2,440.85
1000.3,440.8612
1000.4,440.87
1000.5,440.8756
1000.6,440.8632554455446
1000.7,440.85
1000.8,440.828
1000.9,440.8045
1001.0,440.7945
1001.1,440.78999999999996
1001.2,440.8065000000001
1001.3,440.8036633663366
1001.4,440.8278000000001
1001.5,440.8330000000001
1001.6,440.83159999999987
1001.7,440.86080000000004
1001.8,440.8808
1001.9,440.916893069307
1002.0,440.9346534653465
1002.1,440.9406
1002.2,440.9765000000001
1002.3,440.97350000000006
1002.4,440.9394
1002.5,440.9406
1002.6,440.93425742574266
1002.7,440.90959999999995
1002.8,440.9208000000001
1002.9,440.9452
1003.0,440.9708
1003.1,440.99
1003.2,440.97434851485144
1003.3,440.980497029703
1003.4,440.9796
1003.5,440.9702
1003.6,440.9749
1003.7,440.9444999999999
1003.8,440.9454495049505
1003.9,440.94480198019806
1004.0,440.9050000000001
1004.1,440.8600000000001
1004.2,440.8800000000002
1004.3,440.9149999999999
1004.4,440.90999999999997
1004.5,440.9249504950495
1004.6,440.93489999999997
1004.7,440.9596
1004.8,440.96529999999996
1004.9,440.97450000000003
1005.0,441.0
1005.1,441.0146514851485
1005.2,441.00109702970286
1005.3,440.9508
1005.4,440.9396
1005.5,440.9212000000001
1005.6,440.89959999999996
1005.7,440.90044752475245
1005.8,440.8994
1005.9,440.9194
1006.0,440.93
1006.1,440.9253
1006.2,440.92
1006.3,440.9388
1006.4,440.9740534653465
1006.5,440.9992534653465
1006.6,441.01
1006.7,441.01460000000003
1006.8,441.01079999999996
1006.9,440.9954
1007.0,440.9945544554455
1007.1,441.00016336633666
1007.2,441.0
1007.3,440.97749999999996
1007.4,440.93649999999997
1007.5,440.89300000000003
1007.6,440.8509554455446
1007.7,440.84891089108913
1007.8,440.86
1007.9,440.86
1008.0,440.84680000000003
1008.1,440.8125742574258
1008.2,440.81137227722775
1008.3,440.84851485148516
1008.4,440.90199999999993
1008.5,440.9642
1008.6,441.0036
1008.7,441.05
1008.8,441.05420000000004
1008.9,441.05168316831686
1009.0,441.03999999999996
1009.1,441.03999999999996
1009.2,441.0441
1009.3,441.06230000000005
1009.4,441.06359999999995
1009.5,441.0237623762377
1009.6,440.9840000000001
1009.7,440.932
1009.8,440.902
1009.9,440.93600000000004
1010.0,440.98
1010.1,440.9981584158416
1010.2,440.9800603960396
1010.3,440.97219999999993
1010.4,440.9561
1010.5,440.9539
1010.6,440.9678
1010.7,440.98
1010.8,440.9913386138614
1010.9,440.98339999999996
1011.0,440.92859999999996
1011.1,440.90999999999997
1011.2,440.93280000000004
1011.3,440.9511881188119
1011.4,440.93479999999994
1011.5,440.97849999999994
1011.6,441.0063
1011.7,441.0074000000001
1011.8,441.0237
1011.9,441.0041000000001
1012.0,440.9673267326732
1012.1,440.9979999999998
1012.2,441.04080000000005
1012.3,441.0564
1012.4,441.0428
1012.5,441.01560000000006
1012.6,440.99712871287124
1012.7,441.00649999999996
1012.8,441.01050000000004
1012.9,441.044
1013.0,441.077
1013.1,441.06906930693077
1013.2,441.0231346534653
1013.3,441.0066
1013.4,441.0
1013.5,441.0068
1013.6,441.01660000000004
1013.7,440.99639999999994
1013.8,440.97336633663366
1013.9,440.99979999999994
1014.0,441.0367
1014.1,441.0135
1014.2,440.99650000000014
1014.3,441.0168
1014.4,440.98673267326734
1014.5,440.98
1014.6,440.98959999999994
1014.7,441.01
1014.8,441.00359999999995
1014.9,440.974
1015.0,440.94313663366336
1015.1,440.95633663366334
1015.2,440.96999999999997
1015.3,440.97
1015.4,440.97929999999997
1015.5,440.9907
1015.6,440.9669
1015.7,440.9569306930693
1015.8,440.96800000000013
1015.9,441.01
1016.0,441.01
1016.1,441.0010000000001
1016.2,440.98900000000003
1016.3,441.01891089108915
1016.4,441.03999999999996
1016.5,441.0487
1016.6,441.0613
1016.7,441.0313
1016.8,441.0071
1016.9,440.9971287128713
1017.0,440.9928
1017.1,441.0
1017.2,440.9859999999999
1017.3,440.95840000000004
1017.4,440.97720000000004
1017.5,440.9728
1017.6,440.9772277227723
1017.7,440.97
1017.8,440.96459999999996
1017.9,440.9446
1018.0,440.9246
1018.1,440.90732673267325
1018.2,440.8972534653465
1018.3,440.8926
1018.4,440.89480000000003
1018.5,440.88259999999997
1018.6,442.22639999999296
1018.7,462.8913861387861
1018.8,526.6100000000686
1018.9,588.2875000000747
1019.0,665.3475
1019.1,766.4549999997563
1019.2,836.1886138614268
1019.3,900.8139999999411
1019.4,965.5367999999414
1019.5,1028.157599999948
1019.6,1077.7079999999771
1019.7,1100.1249504950924
1019.8,1110.457399999999
1019.9,1110.2767000000008
1020.0,1101.2190000001292
1020.1,1064.540900000039
1020.2,1053.95821782178
1020.3,1048.9334000000072
1020.4,1038.0315999999966
1020.5,1041.3384000000049
1020.6,1040.178999999985
1020.7,1066.3657425742654
1020.8,1066.5916999999852
1020.9,1062.988400000011
1021.0,1071.686499999991
1021.1,1069.620300000059
1021.2,1049.037227722757
1021.3,1039.0919999999999
1021.4,1026.788
1021.5,1015.4340000000001
1021.6,1006.9340000000091
1021.7,996.8193069306878
1021.8,986.3868999999845
1021.9,976.5435000000232
1022.0,965.3493000000216
1022.1,958.6268999999805
1022.2,966.0534653465315
1022.3,965.5152000000016
1022.4,968.834800000001
1022.5,969.5337999999979
1022.6,966.6375999999982
1022.7,972.3187128712957
1022.8,980.125099999998
1022.9,979.4372999999988
1023.0,980.1459999999987
1023.1,981.8027999999907
1023.2,987.6262376237773
1023.3,992.0099999999975
1023.4,990.1928000000028
1023.5,993.1880000000004
1023.6,994.4676000000196
1023.7,988.0263366336563
1023.8,981.2454999999743
1023.9,1000.4090000000001
1024.0,1000.6214999999975
1024.1,1002.906499999997
1024.2,1005.2649504950507
1024.3,1004.9135999999935
1024.4,1002.1976000000134
1024.5,1009.6127999999945
1024.6,1004.4609999999708
1024.7,1012.8373267326772
1024.8,1012.0757000000206
1024.9,985.2326000000035
1025.0,976.1186000000251
1025.1,944.2876999999991
1025.2,945.2825742574222
1025.3,944.4668000000007
1025.4,944.530399999997
1025.5,941.9712000000115
1025.6,937.5740000000152
1025.7,933.5240594059516
1025.8,939.0203000000015
1025.9,933.1672000000005
1026.0,936.2036999999892
1026.1,979.4956999999944
1026.2,991.3312871287148
1026.3,1034.2130000000764
1026.4,1065.5840000000217
1026.5,1077.5729999999717
1026.6,1089.19799999999
1026.7,1095.0845544554859
1026.8,1111.1212999999957
1026.9,1095.0178000000017
1027.0,1102.1633000000008
1027.1,1106.9733999999983
1027.2,1111.6761386138428
1027.3,1072.2067999999585
1027.4,1055.6444000000097
1027.5,1049.87480000002
1027.6,1041.039599999972
1027.7,1054.9764356435578
1027.8,1053.833600000012
1027.9,1070.200600000001
1028.0,1071.5285999999992
1028.1,1069.6276000000014
1028.2,1069.3397029702971
1028.3,1068.2477999999408
1028.4,1048.5504000000124
1028.5,1039.1798000000172
1028.6,1026.2644000000228
1028.7,1010.1274257425548
1028.8,1003.849999999995
1028.9,999.006999999985
1029.0,986.0054999999926
1029.1,978.0235000000201
1029.2,971.9246534653369
1029.3,963.2547999999939
1029.4,969.5532000000012
1029.5,968.2615999999983
1029.6,970.0307999999989
1029.7,971.1787128712808
1029.8,969.3884999999966
1029.9,967.8701000000228
1030.0,982.9926000000077
1030.1,980.3796000000108
1030.2,977.1714851485333
1030.3,988.9841999999999
1030.4,989.3147999999971
1030.5,995.3626000000015
1030.6,992.2295999999961
1030.7,1000.3984158415553
1030.8,993.5403000000308
1030.9,1008.2664999999694
1031.0,993.2913999999446
1031.1,1015.2775999999831
1031.2,1021.9565346534625
1031.3,1020.61
1031.4,1018.27
1031.5,1019.61
1031.6,1014.2800000000001
1031.7,1021.1700000000001
1031.8,1019.42742574257
1031.9,1011.0940000000166
1032.0,1021.0386999999794
1032.1,992.0043000000602
1032.2,986.8985999999879
1032.3,997.9164356435699
1032.4,1000.5606000000013
1032.5,997.8855999999987
1032.6,998.6825999999965
1032.7,996.7889999999991
1032.8,997.2247663365115
1032.9,996.8514594059374
1033.0,996.5587000000005
1033.1,994.4548000000034
1033.2,1001.1606000000206
1033.3,989.9290900990135
1033.4,998.8783920792176
1033.5,998.7131999999996
1033.6,1011.6979999999531
1033.7,1022.3680000000095
1033.8,1038.0739603960233
1033.9,1048.3034999999886
1034.0,1059.8104999999869
1034.1,1055.364500000006
1034.2,1039.1399999999426
1034.3,1043.001183168447
1034.4,1051.1346396039808
1034.5,1055.9357999999866
1034.6,1055.7964000000013
1034.7,1087.9180000000467
1034.8,1110.555999999988
1034.9,1114.2567821782163
1035.0,1114.9128999999996
1035.1,1118.7164999999973
1035.2,1130.6529000000482
1035.3,1130.2032306930666
1035.4,1129.1146970297011
1035.5,1113.9420000000387
1035.6,1103.5128000000273
1035.7,1063.6751999999228
1035.8,1020.9091009901006
1035.9,1007.1044217821808
1036.0,994.189900000003
1036.1,988.5237000000011
1036.2,981.8373999999988
1036.3,970.7126534653236
1036.4,962.1078415841735
1036.5,963.2059999999951
1036.6,971.6099999999792
1036.7,970.7199999999955
1036.8,970.0925445544553
1036.9,972.5408782178224
1037.0,970.2155999999993
1037.1,942.5402999999928
1037.2,931.6305999999938
1037.3,930.8854019801985
1037.4,932.6964712871261
1037.5,935.7647999999942
1037.6,937.9451999999962
1037.7,937.9875999999994
1037.8,941.6100831683207
1037.9,939.7575257425724
1038.0,942.8452000000027
1038.1,961.438599999932
1038.2,973.8144000000076
1038.3,998.7501722771987
1038.4,995.8219861386244
1038.5,1002.5817999999874
1038.6,1000.8070000000048
1038.7,1003.4576000000117
1038.8,1004.5990772277241
1038.9,1009.4783366336698
1039.0,1020.6985000000138
1039.1,1014.9990000000241
1039.2,1014.0015000000004
1039.3,992.9528168316978
1039.4,985.0235366336677
1039.5,994.0223999999895
1039.6,992.6376000000034
1039.7,996.0100000000173
1039.8,994.7901782177114
1039.9,984.4111445544158
1040.0,987.7317999999859
1040.1,984.929000000014
1040.2,987.9978000000074
1040.3,986.8030128713685
1040.4,991.8723564356615
1040.5,983.0560000000057
1040.6,986.329399999997
1040.7,994.8772000000032
1040.8,1001.1139069307942
1040.9,1021.9359297030439
1041.0,1037.3691999999783
1041.1,1049.6685999999697
1041.2,1065.7138000000348
1041.3,1064.3566029702135
1041.4,1043.1160990098792
1041.5,1057.164
1041.6,1051.778
1041.7,1059.5840000000117
1041.8,1060.901485148514
1041.9,1073.630696039586
1042.0,1096.7156999999493
1042.1,1099.9866000000052
1042.2,1099.754400000001
1042.3,1102.9171792079237
1042.4,1112.476803960401
1042.5,1118.0968000000018
1042.6,1116.213200000011
1042.7,1110.6407999999974
1042.8,1095.7319782177797
1042.9,1073.5341712871418
1043.0,1031.309400000076
1043.1,1013.0050000000152
1043.2,1003.7128999999727
1043.3,996.5639584158321
1043.4,986.0998297029596
1043.5,978.4259999999942
1043.6,970.4224000000216
1043.7,959.6171999999896
1043.8,968.0415643564254
1043.9,973.1096039603939
1044.0,974.222499999999
1044.1,973.9150000000009
1044.2,971.999999999992
1044.3,952.090049504902
1044.4,933.964091089088
1044.5,937.9419999999784
1044.6,935.7624000000214
1044.7,939.0790000000093
1044.8,944.6552475247518
1044.9,949.4124663366305
1045.0,954.981599999996
1045.1,956.2077000000004
1045.2,957.7928000000012
1045.3,976.4680831682297
1045.4,982.0155445544536
1045.5,966.3436000000311
1045.6,959.9496000000016
1045.7,959.2643999999987
1045.8,961.3640000000058
1045.9,962.3384158415843
1046.0,959.7217000000009
1046.1,959.6268999999996
1046.2,962.657000000004
1046.3,962.2887000000005
1046.4,964.1955445544495
1046.5,976.2749999999643
1046.6,980.9650000000001
1046.7,980.2429999999978
1046.8,980.2970000000012
1046.9,981.0252475247532
1047.0,980.1690999999996
1047.1,978.1589000000064
1047.2,989.2928000000039
1047.3,985.7403999999972
1047.4,978.5696039604015
1047.5,960.226000000045
1047.6,924.3964000000744
1047.7,868.91959999983
1047.8,815.1735999998643
1047.9,765.3407920791406
1048.0,712.9612999999634
1048.1,659.7868000001253
1048.2,608.9707999999661
1048.3,553.0708801979804
1048.4,505.00547326735625
1048.5,463.09000000005665
1048.6,447.19800000000373
1048.7,446.1149999999992
1048.8,445.88545346534636
1048.9,445.60798019801956
1049.0,445.3180000000005
1049.1,445.038000000001
1049.2,444.8359999999998
1049.3,444.6121584158415
1049.4,444.4046930693071
1049.5,444.14160000000027
1049.6,443.92120000000017
1049.7,443.6487999999988
1049.8,443.4345069306928
1049.9,443.26000693069284
1050.0,443.1270000000001
1050.1,442.98290000000054
1050.2,442.8317999999998
1050.3,442.70514851485143
1050.4,442.61660000000006
1050.5,442.55280000000005
1050.6,442.53
1050.7,442.50519999999995
1050.8,442.4961386138614
1050.9,442.4939
1051.0,442.4839
1051.1,442.4495000000001
1051.2,442.41169999999994
1051.3,442.38188118811877
1051.4,442.4
1051.5,442.408
1051.6,442.304
1051.7,442.2039999999999
1051.8,442.1443564356435
1051.9,442.04920000000004
1052.0,441.9351000000002
1052.1,441.8605000000001
1052.2,441.81639999999993
1052.3,441.7415841584157
1052.4,441.61879999999996
1052.5,441.4787999999999
1052.6,441.44319999999993
1052.7,441.44259999999997
1052.8,441.41277227722776
1052.9,441.3886
1053.0,441.40279999999996
1053.1,441.3687000000001
1053.2,441.31859999999995
1053.3,441.2987128712871
1053.4,441.30680000000007
1053.5,441.34800000000007
1053.6,441.37
1053.7,441.3756
1053.8,441.38554455445546
1053.9,441.3845
1054.0,441.3745
1054.1,441.37
1054.2,441.3810000000001
1054.3,441.37910891089103
1054.4,441.3592
1054.5,441.32840000000004
1054.6,441.31
1054.7,441.31
1054.8,441.3046534653465
1054.9,441.26820000000004
1055.0,441.25059999999996
1055.1,441.2547
1055.2,441.24469999999997
1055.3,441.22425742574256
1055.4,441.22560000000004
1055.5,441.2296
1055.6,441.2407999999999
1055.7,441.2391999999999
1055.8,441.21999999999997
1055.9,441.2149
1056.0,441.21
1056.1,441.1998
1056.2,441.19
1056.3,441.200099009901
1056.4,441.24
1056.5,441.27
1056.6,441.265
1056.7,441.2349999999999
1056.8,441.2149504950495
1056.9,441.2249
1057.0,441.2594
1057.1,441.2949
1057.2,441.27549999999997
1057.3,441.259702970297
1057.4,441.2460000000001
1057.5,441.2152
1057.6,441.2339999999999
1057.7,441.26
1057.8,441.2647524752475
1057.9,441.24179999999996
1058.0,441.1959
1058.1,441.15650000000005
1058.2,441.14410000000004
1058.3,441.1693069306931
1058.4,441.15240000000006
1058.5,441.12919999999997
1058.6,441.1124000000001
1058.7,441.0846
1058.8,441.07178217821775
1058.9,441.0275
1059.0,441.009
1059.1,441.02
1059.2,441.0155
1059.3,441.01445544554457
1059.4,441.0156
1059.5,441.0056
1059.6,441.03079999999994
1059.7,441.03479999999985
1059.8,441.01613861386136
1059.9,441.0629
1060.0,441.0929
1060.1,441.0799000000002
1060.2,441.0529
1060.3,441.0529702970297
1060.4,441.0342
1060.5,441.0316
1060.6,440.999
1060.7,440.97
1060.8,440.97
1060.9,440.9577
1061.0,440.94
1061.1,440.9277000000001
1061.2,440.91820000000007
1061.3,440.9259405940594
1061.4,440.916
1061.5,440.918
1061.6,440.94999999999993
1061.7,440.988
1061.8,441.0118811881189
1061.9,441.0261
1062.0,441.0083000000001
1062.1,441.0094999999999
1062.2,441.04780000000005
1062.3,441.0406930693068
1062.4,441.02520000000004
1062.5,441.03099999999995
1062.6,441.00379999999996
1062.7,440.97579999999994
1062.8,440.9237623762376
1062.9,440.9337
1063.0,440.9732999999999
1063.1,441.01150000000007
1063.2,440.98370000000006
1063.3,440.9863366336633
1063.4,441.00880000000006
1063.5,441.06719999999996
1063.6,441.1015999999998
1063.7,441.158
1063.8,441.1971287128713
1063.9,441.1855000000001
1064.0,441.1435
1064.1,441.1360000000001
1064.2,441.1170000000001
1064.3,441.13693069306936
1064.4,441.1295999999999
1064.5,441.09000000000003
1064.6,441.08660000000003
1064.7,441.0425999999998
1064.8,440.9834653465347
1064.9,441.0133
1065.0,441.01340000000005
1065.1,440.99010000000004
1065.2,440.9832000000001
1065.3,441.000198019802
1065.4,440.9928
1065.5,441.00080000000014
1065.6,440.9727999999999
1065.7,440.9968
1065.8,441.00267326732677
1065.9,441.0331
1066.0,441.04
1066.1,441.0338
1066.2,441.0262000000001
1066.3,441.0215841584158
1066.4,440.96799999999996
1066.5,440.9310000000001
1066.6,440.9249999999999
1066.7,440.95399999999995
1066.8,440.94594059405944
1066.9,440.94550000000004
1067.0,440.9245
1067.1,440.9629
1067.2,440.9816
1067.3,441.02148514851484
1067.4,441.05839999999995
1067.5,441.0856
1067.6,441.0860000000001
1067.7,441.05280000000005
1067.8,441.048910891089
1067.9,441.0173
1068.0,441.0154
1068.1,441.00300000000004
1068.2,440.9246
1068.3,440.89663366336634
1068.4,440.88599999999985
1068.5,440.95480000000003
1068.6,440.9555999999999
1068.7,441.00520000000006
1068.8,441.0122772277227
1068.9,440.99750000000006
1069.0,441.02250000000004
1069.1,441.03999999999985
1069.2,441.09500000000014
1069.3,441.160099009901
1069.4,441.12280000000004
1069.5,441.1
1069.6,441.09999999999997
1069.7,441.0880237623761
1069.8,441.06180495049506
1069.9,441.09770000000003
1070.0,441.08540000000005
1070.1,441.0608000000001
1070.2,441.03000000000003
1070.3,441.02772277227723
1070.4,441.02
1070.5,441.00020000000006
1070.6,440.93219999999997
1070.7,440.9311999999999
1070.8,440.89346534653464
1070.9,440.87420000000003
1071.0,440.89839999999987
1071.1,440.9321
1071.2,440.9252999999999
1071.3,440.8679207920792
1071.4,440.86400000000003
1071.5,440.882
1071.6,440.9
1071.7,440.946
1071.8,440.9719801980198
1071.9,440.97050000000013
1072.0,440.93569999999994
1072.1,440.95240000000007
1072.2,440.93900000000025
1072.3,441.0162376237623
1072.4,441.009
1072.5,441.0482
1072.6,441.031
1072.7,440.9846
1072.8,440.97069306930695
1072.9,441.00300000000016
1073.0,440.9217
1073.1,440.9334
1073.2,440.9397999999998
1073.3,440.8866336633663
1073.4,440.86519999999996
1073.5,440.8384
1073.6,440.84119999999973
1073.7,440.9064
1073.8,440.93049504950494
1073.9,440.88149999999996
1074.0,440.89449999999994
1074.1,440.92449999999997
1074.2,440.9515
1074.3,440.9629702970297
1074.4,440.9758
1074.5,440.94159999999994
1074.6,440.8858000000001
1074.7,440.85859999999997
1074.8,440.8583168316832
1074.9,440.91
1075.0,440.9087
1075.1,440.88570000000004
1075.2,440.7939000000001
1075.3,440.8187128712871
1075.4,440.8124
1075.5,440.83
1075.6,440.8276000000001
1075.7,440.8076
1075.8,440.7911881188119
1075.9,440.79560000000004
1076.0,440.75890000000004
1076.1,440.76099999999997
1076.2,440.8478
1076.3,440.82455445544554
1076.4,440.781
1076.5,440.79099999999994
1076.6,440.79800000000006
1076.7,440.7860000000001
1076.8,440.84
1076.9,440.84180000000003
1077.0,440.8609
1077.1,440.8673
1077.2,440.83729999999997
1077.3,440.80732673267323
1077.4,440.7839999999999
1077.5,440.83079999999995
1077.6,440.84000000000003
1077.7,440.83759999999995
1077.8,440.8052475247523
1077.9,440.7486
1078.0,440.72860000000003
1078.1,440.70860000000005
1078.2,440.69280000000003
1078.3,440.73207920792083
1078.4,440.76239999999996
1078.5,440.8006
1078.6,440.8141999999999
1078.7,440.87879999999996
1078.8,440.86297029702985
1078.9,440.909
1079.0,440.889
1079.1,440.87249999999983
1079.2,440.91749999999996
1079.3,440.86801980198015
1079.4,440.82880000000006
1079.5,440.8008
1079.6,440.8188
1079.7,440.78999999999996
1079.8,440.78762376237626
1079.9,440.72939999999994
1080.0,440.7129999999997
1080.1,440.80850000000015
1080.2,440.76120000000003
1080.3,440.800297029703
1080.4,440.81039999999996
1080.5,440.82840000000004
1080.6,440.7498
1080.7,440.74
1080.8,440.74138613861385
1080.9,440.80989999999997
1081.0,440.7993000000002
1081.1,440.72990000000004
1081.2,440.72030000000007
1081.3,440.75019801980204
1081.4,440.77
1081.5,440.79
1081.6,440.78000000000003
1081.7,440.77
1081.8,440.78000000000003
1081.9,440.770099009901
1082.0,440.7996999999999
1082.1,440.87919999999986
1082.2,440.8899
1082.3,440.89990000000006
1082.4,440.88039603960397
1082.5,440.8506
1082.6,440.83040000000005
1082.7,440.8594
1082.8,440.8404
1082.9,440.88851485148507
1083.0,440.8706
1083.1,440.8021000000001
1083.2,440.7611999999999
1083.3,440.76970000000006
1083.4,440.7892079207921
1083.5,440.80920000000003
1083.6,440.81
1083.7,440.81
1083.8,440.7908
1083.9,440.75198019801985
1084.0,440.7595
1084.1,440.7695
1084.2,440.7509999999999
1084.3,440.7595
1084.4,440.73178217821777
1084.5,440.75819999999993
1084.6,440.73180000000013
1084.7,440.73
1084.8,440.7018
1084.9,440.70930693069306
1085.0,440.7193
1085.1,440.71999999999997
1085.2,440.7293000000001
1085.3,440.7207
1085.4,440.7292079207921
1085.5,440.6932000000001
1085.6,440.67160000000007
1085.7,440.6976
1085.8,440.7092
1085.9,440.7373267326733
1086.0,440.7491
1086.1,440.7682
1086.2,440.78819999999996
1086.3,440.7809
1086.4,440.7890099009901
1086.5,440.781
1086.6,440.80699999999996
1086.7,440.819
1086.8,440.82
1086.9,440.79326732673263
1087.0,440.79
1087.1,440.78999999999996
1087.2,440.7989
1087.3,440.79110000000003
1087.4,440.8164356435643
1087.5,440.8463999999999
1087.6,440.7708000000002
1087.7,440.76
1087.8,440.76880000000006
1087.9,440.77
1088.0,440.7874
1088.1,440.7639000000001
1088.2,440.7513
1088.3,440.7674
1088.4,440.7528584158416
1088.5,440.7328
1088.6,440.7386
1088.7,440.7486
1088.8,440.7586
1088.9,440.6998000000001
1089.0,440.69
1089.1,440.69
1089.2,440.72400000000005
1089.3,440.68749999999994
1089.4,440.67158415841584
1089.5,440.66999999999996
1089.6,440.6532
1089.7,440.6416
1089.8,440.6988
1089.9,440.7100831683168
1090.0,440.7348999999999
1090.1,440.7234000000001
1090.2,440.6701999999999
1090.3,440.66830000000004
1090.4,440.6864356435644
1090.5,440.6654
1090.6,440.70919999999995
1090.7,440.69539999999995
1090.8,440.61620000000005
1090.9,440.6081188118812
1091.0,440.61809999999997
1091.1,440.62809999999996
1091.2,440.63
1091.3,440.6300801980198
1091.4,440.63
1091.5,440.654
1091.6,440.676
1091.7,440.70400000000006
1091.8,440.7337623762377
1091.9,440.73207920792083
1092.0,440.6905000000001
1092.1,440.71949999999987
1092.2,440.6983999999999
1092.3,440.7214435643565
1092.4,440.72995643564354
1092.5,440.73
1092.6,440.71440000000007
1092.7,440.7178
1092.8,440.72
1092.9,440.72
1093.0,440.72769999999997
1093.1,440.7069
1093.2,440.69229999999993
1093.3,440.69
1093.4,440.68240000000003
1093.5,440.6572
1093.6,440.63480000000004
1093.7,440.6298495049505
1093.8,440.6525742574257
1093.9,440.65250000000003
1094.0,440.65749999999997
1094.1,440.66749999999996
1094.2,440.6773514851485
1094.3,440.68002574257423
1094.4,440.70220000000006
1094.5,440.69520000000006
1094.6,440.7417999999998
1094.7,440.74527326732675
1094.8,440.6961465346535
1094.9,440.70919999999995
1095.0,440.7346
1095.1,440.76189999999997
1095.2,440.7772277227723
1095.3,440.75839999999994
1095.4,440.72119999999995
1095.5,440.7172
1095.6,440.7128
1095.7,440.71000000000004
1095.8,440.71709999999996
1095.9,440.7129
1096.0,440.71
1096.1,440.6886297029703
1096.2,440.6730594059406
1096.3,440.6910000000001
1096.4,440.6650000000001
1096.5,440.636
1096.6,440.64365346534646
1096.7,440.6223079207921
1096.8,440.61
1096.9,440.5755
1097.0,440.5393
1097.1,440.5231683168317
1097.2,440.52680000000004
1097.3,440.53
1097.4,440.60479999999995
1097.5,440.6060000000001
1097.6,440.60346534653456
1097.7,440.65020000000004
1097.8,440.69010000000003
1097.9,440.7
1098.0,440.7535336633664
1098.1,440.75360000000006
1098.2,440.7201999999999
1098.3,440.6836
1098.4,440.6634
1098.5,440.679603960396
1098.6,440.6704306930694
1098.7,440.63399999999996
1098.8,440.65900000000005
1098.9,440.69950000000006
1099.0,440.6713861386139
1099.1,440.6436
1099.2,440.6848000000003
1099.3,440.7036
1099.4,440.6936
1099.5,440.69633663366335
1099.6,440.72519999999986
1099.7,440.7463
1099.8,440.73109999999997
1099.9,440.6569999999998
1100.0,440.6574257425743
1100.1,440.68
1100.2,440.67999999999995
1100.3,440.6676
1100.4,440.71555445544544
1100.5,440.7071455445546
1100.6,440.6739
1100.7,440.6639
1100.8,440.64779999999996
1100.9,440.61566039603963
1101.0,440.54592079207924
1101.1,440.456
1101.2,440.45600000000013
1101.3,440.456
1101.4,440.4518811881188
1101.5,440.4776999999999
1101.6,440.49
1101.7,440.4427999999998
1101.8,440.43360000000007
1101.9,440.4558415841584
1102.0,440.5006
1102.1,440.55319999999995
1102.2,440.57
1102.3,440.57005742574256
1102.4,440.5815277227723
1102.5,440.5444000000001
1102.6,440.5043
1102.7,440.5114000000001
1102.8,440.50882574257423
1102.9,440.4719999999999
1103.0,440.46680000000003
1103.1,440.46880000000004
1103.2,440.4712
1103.3,440.4632554455445
1103.4,440.48308910891086
1103.5,440.52099999999996
1103.6,440.5245
1103.7,440.52
1103.8,440.5417821782179
1103.9,440.5762000000001
1104.0,440.5576000000001
1104.1,440.5515999999999
1104.2,440.5862000000001
1104.3,440.58930693069306
1104.4,440.58
1104.5,440.56940000000003
1104.6,440.53880000000004
1104.7,440.49360495049496
1104.8,440.4647524752475
1104.9,440.4496
1105.0,440.4556
1105.1,440.4596
1105.2,440.4448514851485
1105.3,440.429702970297
1105.4,440.41999999999996
1105.5,440.4047
1105.6,440.3798
1105.7,440.37
1105.8,440.39514851485154
1105.9,440.4
1106.0,440.40499999999986
1106.1,440.43
1106.2,440.43990099009903
1106.3,440.4647
1106.4,440.4751
1106.5,440.4161
1106.6,440.40899999999976
1106.7,440.47455445544557
1106.8,440.514
1106.9,440.5112000000001
1107.0,440.4896
1107.1,440.48564752475255
1107.2,440.4889049504951
1107.3,440.49119999999994
1107.4,440.4747
1107.5,440.50350000000003
1107.6,440.5393534653465
1107.7,440.5130930693067
1107.8,440.4746
1107.9,440.48
1108.0,440.4846
1108.1,440.467091089109
1108.2,440.43083663366326
1108.3,440.40649999999994
1108.4,440.408
1108.5,440.421
1108.6,440.4010891089109
1108.7,440.3811999999999
1108.8,440.37879999999996
1108.9,440.3724000000001
1109.0,440.36319999999995
1109.1,440.38435643564355
1109.2,440.40290000000005
1109.3,440.42
1109.4,440.41139999999996
1109.5,440.4086
1109.6,440.4454297029702
1109.7,440.49260000000004
1109.8,440.51
1109.9,440.5226
1110.0,440.55671683168316
1110.1,440.57180000000005
1110.2,440.56410000000005
1110.3,440.54949999999985
1110.4,440.5364
1110.5,440.5558594059406
1110.6,440.55794059405935
1110.7,440.56600000000003
1110.8,440.568
1110.9,454.188
1111.0,497.26930693064713
1111.1,555.6065999998752
1111.2,616.472500000152
1111.3,672.4996000001216
1111.4,728.0894000000484
1111.5,794.0186138613158
1111.6,856.2337999999268
1111.7,916.4722000000295
1111.8,982.8152000000314
1111.9,1052.9154000000326
1112.0,1099.9218811881167
1112.1,1105.4629999999938
1112.2,1106.8580999999915
1112.3,1109.1015000000139
1112.4,1116.232990099009
1112.5,1113.1716039604457
1112.6,1109.375599999981
1112.7,1112.9368000000006
1112.8,1109.1099999999892
1112.9,1091.3367009900562
1113.0,1073.5986138613757
1113.1,1075.3229999999965
1113.2,1078.1600000000076
1113.3,1077.262499999988
1113.4,1066.1004801980248
1113.5,1048.7033049504978
1113.6,1035.70280000004
1113.7,1023.432199999984
1113.8,1013.0473999999892
1113.9,1005.2334118811827
1114.0,996.0689089108992
1114.1,984.3656000000072
1114.2,974.1970999999785
1114.3,965.6017000000052
1114.4,964.8056643564179
1114.5,975.6108712871112
1114.6,980.6563999999945
1114.7,981.3611999999962
1114.8,978.9863999999945
1114.9,979.1075485148594
1115.0,985.825343564355
1115.1,991.2542999999994
1115.2,993.9951000000094
1115.3,997.4344999999992
1115.4,999.3249950495072
1115.5,998.4932079207841
1115.6,1002.0749999999915
1115.7,1005.4110000000053
1115.8,1006.5659999999962
1115.9,1001.4575643564137
1116.0,991.6894623762372
1116.1,981.8281000000328
1116.2,960.1802999999998
1116.3,959.4416999999999
1116.4,960.1658544554444
1116.5,962.0751445544577
1116.6,961.2547999999992
1116.7,963.4484000000184
1116.8,967.7951999999972
1116.9,967.1711207920762
1117.0,969.9375168316851
1117.1,975.9377999999923
1117.2,986.3302000000001
1117.3,989.338800000007
1117.4,998.0092039604258
1117.5,1000.7168217822582
1117.6,999.885600000002
1117.7,998.7081999999986
1117.8,997.0665999999899
1117.9,991.7023386138386
1118.0,987.0424257424816
1118.1,987.8074999999848
1118.2,990.8199999999985
1118.3,989.9800000000008
1118.4,991.1536633663382
1118.5,993.5719999999981
1118.6,997.3091999999917
1118.7,1007.126000000031
1118.8,1019.1631999999895
1118.9,1032.0962376237387
1119.0,1046.742999999979
1119.1,1062.090799999873
1119.2,1095.9198000000051
1119.3,1101.029000000018
1119.4,1110.0488118811897
1119.5,1110.2720000000018
1119.6,1109.658799999995
1119.7,1116.13819999997
1119.8,1109.3013386138616
1119.9,1110.668100990093
1120.0,1107.7305999999803
1120.1,1110.1831000000448
1120.2,1091.6210999999569
1120.3,1075.6045544554506
1120.4,1077.954
1120.5,1077.486
1120.6,1073.378000000018
1120.7,1055.23
1120.8,1042.8331683168374
1120.9,1029.9319000000203
1121.0,1019.892500000021
1121.1,1009.8971000000183
1121.2,1000.9642999999775
1121.3,992.2522772277073
1121.4,984.205799999995
1121.5,972.9653999999948
1121.6,966.0907999999949
1121.7,977.9854000000009
1121.8,979.2757425742572
1121.9,977.4463000000009
1122.0,977.4193999999954
1122.1,980.7510999999907
1122.2,985.5219999999988
1122.3,985.48455445545
1122.4,987.8840000000054
1122.5,992.9728000000002
1122.6,992.9484000000164
1122.7,990.8496000000096
1122.8,998.6491089108872
1122.9,993.9379999999926
1123.0,999.9284999999966
1123.1,1000.2095000000171
1123.2,987.1161584158353
1123.3,982.0272950495216
1123.4,961.595399999994
1123.5,958.2064000000021
1123.6,960.4624000000027
1123.7,960.2555881188314
1123.8,963.6803683169195
1123.9,965.1276000000016
1124.0,963.3859999999978
1124.1,965.5200000000034
1124.2,962.4271643564674
1124.3,972.4463366336589
1124.4,983.9968000000072
1124.5,989.9067999999784
1124.6,996.8380000000002
1124.7,996.561683168314
1124.8,994.9844891089084
1124.9,994.2548999999985
1125.0,999.4941000000013
1125.1,994.4354999999999
1125.2,994.2930108910895
1125.3,992.4131683168317
1125.4,990.849000000026
1125.5,1002.5880000000255
1125.6,993.0569999999872
1125.7,998.6870792079328
1125.8,1003.0292178216971
1125.9,1004.8416000000029
1126.0,1017.8539000000026
1126.1,1029.067899999997
1126.2,1044.7989148515016
1126.3,1056.1866851486777
1126.4,1053.2876000006386
1126.5,760.5871999993122
1126.6,1108.827599999991
1126.7,1109.674059405821
1126.8,1066.1086999999975
1126.9,1062.3807999999963
1127.0,1056.9285999999986
1127.1,1053.0798366336796
1127.2,1051.7668019803418
1127.3,1054.9528000000462
1127.4,1070.0749999999955
1127.5,1073.2223999999978
1127.6,1074.8653148514802
1127.7,1078.2030247524804
1127.8,1081.54049999997
1127.9,1055.7829999999844
1128.0,1042.115999999989
1128.1,1029.9900000000302
1128.2,1020.6800039603552
1128.3,1009.076800000003
1128.4,1005.480400000009
1128.5,995.2996000000135
1128.6,980.6447722772398
1128.7,968.5474673267148
1128.8,958.3372000000259
1128.9,974.1017000000005
1129.0,974.5570999999923
1129.1,977.0692950495031
1129.2,977.6649267326666
1129.3,976.0317999999991
1129.4,978.1191999999992
1129.5,980.2273999999958
1129.6,989.4416871287121
1129.7,991.034500000005
1129.8,993.5085000000099
1129.9,998.3101
1130.0,998.3151000000012
1130.1,997.8909891088955
1130.2,1003.9890099009899
1130.3,1007.34
1130.4,999.62
1130.5,990.0600000000001
1130.6,1013.1500000000001
1130.7,1011.3380198019756
1130.8,1014.4879970297109
1130.9,1012.1935000000046
1131.0,1012.5263999999993
1131.1,1018.8758999999868
1131.2,1019.6251584158417
1131.3,1020.5122059405944
1131.4,1018.344599999999
1131.5,1017.5943999999996
1131.6,987.974200000121
1131.7,981.6047861386071
1131.8,945.2974069305867
1131.9,943.3364000000013
1132.0,943.891999999999
1132.1,944.9381999999982
1132.2,941.750656435634
1132.3,940.4494851485136
1132.4,942.7904000000024
1132.5,939.693199999997
1132.6,939.3584000000008
1132.7,945.0623801978968
1132.8,983.915435643521
1132.9,991.1654999999938
1133.0,1034.930999999948
1133.1,1062.1004999999702
1133.2,1079.15554455448
1133.3,1091.3830000000164
1133.4,1102.9758000000159
1133.5,1113.972399999968
1133.6,1098.0014000000563
1133.7,1110.314059405993
1133.8,1097.1926000000055
1133.9,1105.2160999999933
1134.0,1073.9359000000236
1134.1,1052.087659405967
1134.2,1050.0629782178207
1134.3,1041.1879999999826
1134.4,1051.0644000000211
1134.5,1053.572399999996
1134.6,1069.3390693069236
1134.7,1071.5522148514854
1134.8,1071.7019
1134.9,1074.0759999999993
1135.0,1074.8286999999998
1135.1,1054.4545544554921
1135.2,1045.0279999999818
1135.3,1031.170999999967
1135.4,1021.1520000000173
1135.5,1010.1650000000253
1135.6,1000.6826732673271
1135.7,990.9112999999928
1135.8,981.2503999999979
1135.9,973.6217999999983
1136.0,964.1680999999978
1136.1,969.752970297018
1136.2,973.8092000000099
1136.3,975.3576000000036
1136.4,972.773200000004
1136.5,974.0191999999967
1136.6,974.7279207920772
1136.7,984.1960000000074
1136.8,985.5564999999999
1136.9,985.8371000000002
1137.0,988.7597000000023
1137.1,992.3685148514812
1137.2,993.9378000000039
1137.3,1000.8609999999943
1137.4,1001.8052000000002
1137.5,1000.481400000002
1137.6,1005.472574257407
1137.7,990.6294999999789
1137.8,1006.2355000000246
1137.9,1013.9765000000059
1138.0,1016.0301881188141
1138.1,1017.883005940593
1138.2,1018.2320000000002
1138.3,1017.4000000000002
1138.4,1018.0127999999992
1138.5,1019.5133980198007
1138.6,1021.9574445544488
1138.7,1024.0517000000032
1138.8,1001.6811999999564
1138.9,988.2651999999831
1139.0,995.9996326732419
1139.1,996.1668039603979
1139.2,992.5245999999986
1139.3,994.8849999999983
1139.4,996.6833999999994
1139.5,993.8072613861406
1139.6,984.3927663366562
1139.7,988.9391000000167
1139.8,957.0431999999155
1139.9,902.9651999998832
1140.0,840.8524534654018
1140.1,787.947762376262
1140.2,736.7339999999532
1140.3,685.248
1140.4,633.558
1140.5,582.758514851567
1140.6,531.2891000001058
1140.7,481.79109999987764
1140.8,452.86809999994097
1140.9,446.1720000000024
1141.0,445.4518811881188
1141.1,445.2240000000006
1141.2,444.9849999999999
1141.3,444.7349999999999
1141.4,444.5633089108911
1141.5,444.3603039603963
1141.6,444.2176000000002
1141.7,444.1283999999998
1141.8,444.0329999999997
1141.9,443.8956435643562
1142.0,443.7611999999999
1142.1,443.6692000000002
1142.2,443.52839999999986
1142.3,443.3911999999999
1142.4,443.27722772277235
1142.5,443.1450000000002
1142.6,443.0350000000001
1142.7,442.93499999999966
1142.8,442.8949257425743
1142.9,442.88257425742574
1143.0,442.8504000000001
1143.1,442.78820000000024
1143.2,442.7107999999999
1143.3,442.66069306930694
1143.4,442.6573
1143.5,442.6016000000001
1143.6,442.5435
1143.7,442.3620999999999
1143.8,442.26386138613856
1143.9,442.0411999999995
1144.0,441.8448000000002
1144.1,441.63440000000065
1144.2,441.4905861386136
1144.3,441.3316831683168
1144.4,441.23740000000004
1144.5,441.06380000000007
1144.6,440.92900000000003
1144.7,440.8433405940593
1144.8,440.75673267326715
1144.9,440.723
1145.0,440.706
1145.1,440.68600000000004
1145.2,440.7146534653466
1145.3,440.6817
1145.4,440.6186
1145.5,440.6207
1145.6,440.5817000000002
1145.7,440.580495049505
1145.8,440.5695999999999
1145.9,440.5736
1146.0,440.6207999999999
1146.1,440.6333346534654
1146.2,440.6367326732673
1146.3,440.63329999999996
1146.4,440.63
1146.5,440.6367
1146.6,440.64
1146.7,440.6664000000001
1146.8,440.7196
1146.9,440.7334
1147.0,440.69040000000007
1147.1,440.6438613861387
1147.2,440.64300000000003
1147.3,440.6435
1147.4,440.5944999999999
1147.5,440.56350000000003
1147.6,440.5599287128713
1147.7,440.51519999999977
1147.8,440.4772
1147.9,440.4764
1148.0,440.4544633663367
1148.1,440.46534653465335
1148.2,440.4547999999999
1148.3,440.4652000000001
1148.4,440.4863
1148.5,440.47752475247523
1148.6,440.4576
1148.7,440.46860000000004
1148.8,440.5234
1148.9,440.5253841584159
1149.0,440.5284158415841
1149.1,440.50340000000017
1149.2,440.44949999999994
1149.3,440.41779999999994
1149.4,440.4403792079208
1149.5,440.4780396039604
1149.6,440.472
1149.7,440.466
1149.8,440.446
1149.9,440.43
1150.0,440.4535999999999
1150.1,440.4994999999999
1150.2,440.52
1150.3,440.53781683168324
1150.4,440.54411683168314
1150.5,440.569
1150.6,440.65379999999976
1150.7,440.7232
1150.8,440.72265742574257
1150.9,440.71552970297023
1151.0,440.6915000000001
1151.1,440.64150000000006
1151.2,440.62570000000005
1151.3,440.60742574257415
1151.4,440.5730693069307
1151.5,440.5376
1151.6,440.52
1151.7,440.48079999999993
1151.8,440.48326732673263
1151.9,440.48800000000006
1152.0,440.4755
1152.1,440.4855
1152.2,440.46249999999986
1152.3,440.42910891089105
1152.4,440.45780000000013
1152.5,440.463
1152.6,440.4130000000001
1152.7,440.352306930693
1152.8,440.33585346534653
1152.9,440.3447
1153.0,440.3506
1153.1,440.3441
1153.2,440.3562376237625
1153.3,440.38
1153.4,440.33839999999987
1153.5,440.2792
1153.6,440.2652
1153.7,440.280297029703
1153.8,440.2696
1153.9,440.26529999999997
1154.0,440.2953
1154.1,440.27955148514854
1154.2,440.22480198019787
1154.3,440.18499999999995
1154.4,440.2
1154.5,440.23
1154.6,440.2499504950494
1154.7,440.26009900990096
1154.8,440.2304
1154.9,440.2296
1155.0,440.25
1155.1,440.259702970297
1155.2,440.29880000000014
1155.3,440.3492
1155.4,440.3891999999999
1155.5,440.40040000000005
1155.6,440.3662376237625
1155.7,440.3447
1155.8,440.38290000000006
1155.9,440.38239999999996
1156.0,440.32599306930695
1156.1,440.3052396039604
1156.2,440.30920000000003
1156.3,440.3062
1156.4,440.29
1156.5,440.27173663366347
1156.6,440.2771633663365
1156.7,440.28749999999997
1156.8,440.24199999999996
1156.9,440.22450000000003
1157.0,440.25699999999995
1157.1,440.2811336633664
1157.2,440.26097821782184
1157.3,440.25
1157.4,440.2632
1157.5,440.29319999999996
1157.6,440.3012871287129
1157.7,440.2943
1157.8,440.3043
1157.9,440.3057
1158.0,440.29991485148514
1158.1,440.27882772277235
1158.2,440.2626000000001
1158.3,440.2926
1158.4,440.3058
1158.5,440.2916415841584
1158.6,440.27174158415846
1158.7,440.2764000000001
1158.8,440.3
1158.9,440.3082
1159.0,440.32811881188115
1159.1,440.32400000000007
1159.2,440.3
1159.3,440.27599999999995
1159.4,440.224
1159.5,440.1960396039604
1159.6,440.1861
1159.7,440.15659999999986
1159.8,440.13560000000007
1159.9,440.14833861386137
1160.0,440.1338
1160.1,440.13620000000003
1160.2,440.1376
1160.3,440.1576
1160.4,440.1737623762376
1160.5,440.19109999999995
1160.6,440.2210999999999
1160.7,440.2140999999998
1160.8,440.1773633663367
1160.9,440.17193663366334
1161.0,440.11840000000007
1161.1,440.0728000000001
1161.2,440.05279999999993
1161.3,440.03283564356434
1161.4,440.0093712871287
1161.5,439.983
1161.6,439.9735
1161.7,439.9870000000001
1161.8,440.0
1161.9,440.0068
1162.0,440.054
1162.1,440.11320000000006
1162.2,440.11349900990103
1162.3,440.13683267326735
1162.4,440.1366
1162.5,440.15
1162.6,440.15
1162.7,440.1566
1162.8,440.1829346534654
1162.9,440.2036
1163.0,440.19
1163.1,440.19319999999993
1163.2,440.21267326732675
1163.3,440.2369
1163.4,440.23
1163.5,440.2269
1163.6,440.2355613861386
1163.7,440.2577920792078
1163.8,440.21499999999986
1163.9,440.16799999999995
1164.0,440.15499999999986
1164.1,440.1780594059407
1164.2,440.1413
1164.3,440.12
1164.4,440.14610000000005
1164.5,440.19259999999997
1164.6,440.1356435643565
1164.7,440.09439999999995
1164.8,440.1024000000001
1164.9,440.15440000000007
1165.0,440.13728316831686
1165.1,440.13277227722773
1165.2,440.1508
1165.3,440.1719
1165.4,440.15
1165.5,440.14997326732674
1165.6,440.16314653465344
1165.7,440.21040000000016
1165.8,440.2686000000002
1165.9,440.3292000000001
1166.0,440.2828712871286
1166.1,440.3299999999998
1166.2,440.3625
1166.3,440.36249999999995
1166.4,440.34247524752476
1166.5,440.3426495049505
1166.6,440.3152
1166.7,440.28319999999985
1166.8,440.21080000000006
1166.9,440.1571287128712
1167.0,440.2075999999996
1167.1,440.27930000000026
1167.2,440.2123
1167.3,440.2177
1167.4,440.2213861386139
1167.5,440.2556
1167.6,440.2378
1167.7,440.22559999999993
1167.8,440.2056
1167.9,440.18120891089114
1168.0,440.1353000000002
1168.1,440.0758000000001
1168.2,440.06
1168.3,440.04956237623753
1168.4,440.00184158415834
1168.5,439.976
1168.6,440.006
1168.7,440.032
1168.8,440.05782178217817
1168.9,440.1281
1169.0,440.1294999999999
1169.1,440.1624000000001
1169.2,440.1318435643564
1169.3,440.1382
1169.4,440.1372
1169.5,440.1628
1169.6,440.1318
1169.7,440.1382
1169.8,440.11785346534646
1169.9,440.0634
1170.0,440.08
1170.1,440.07320000000004
1170.2,440.05346534653484
1170.3,440.1232
1170.4,440.14160000000004
1170.5,440.1548
1170.6,440.1752316831684
1170.7,440.1529158415842
1170.8,440.16700000000003
1170.9,440.14700000000005
1171.0,440.13599999999997
1171.1,440.1685
1171.2,440.14985940594045
1171.3,440.08579999999995
1171.4,440.05719999999997
1171.5,440.0372
1171.6,440.02277227722766
1171.7,440.03479999999985
1171.8,440.00519999999995
1171.9,440.03999999999996
1172.0,440.02839009901
1172.1,439.95248712871285
1172.2,439.9688
1172.3,439.9648000000001
1172.4,440.0036
1172.5,440.03
1172.6,440.03000000000003
1172.7,440.0344
1172.8,440.06780000000003
1172.9,440.0511
1173.0,440.06653465346534
1173.1,440.1239999999999
1173.2,440.16100000000006
1173.3,440.16499999999985
1173.4,440.11800990099005
1173.5,440.09900990099015
1173.6,440.0873
1173.7,440.0627
1173.8,440.09000000000003
1173.9,440.08819108910893
1174.0,440.0713267326732
1174.1,440.0931999999999
1174.2,440.1267999999999
1174.3,440.0892
1174.4,440.08316831683163
1174.5,440.1186
1174.6,440.10069999999996
1174.7,440.11
1174.8,440.1121207920792
1174.9,440.13741386138616
1175.0,440.0982000000001
1175.1,440.0688
1175.2,440.05120000000005
1175.3,440.07118811881196
1175.4,440.0880940594059
1175.5,440.05100000000004
1175.6,440.0724999999998
1175.7,440.11799999999994
1175.8,440.0775247524752
1175.9,440.03119999999996
1176.0,440.05920000000003
1176.1,440.0408
1176.2,440.0579999999998
1176.3,440.009003960396
1176.4,439.9809
1176.5,440.01119999999986
1176.6,440.0476000000002
1176.7,439.9697089108911
1176.8,439.960405940594
1176.9,439.9898
1177.0,439.9808
1177.1,440.019
1177.2,439.97059405940604
1177.3,440.00010000000003
1177.4,440.01030000000003
1177.5,440.0395000000001
1177.6,439.99019801980194
1177.7,440.01059405940606
1177.8,440.1
1177.9,440.14
1178.0,440.15
1178.1,440.15999999999997
1178.2,440.18
1178.3,440.14039702970285
1178.4,440.1499
1178.5,440.15
1178.6,440.20939999999985
1178.7,440.24920792079206
1178.8,440.20099999999996
1178.9,440.11179999999996
1179.0,440.1394
1179.1,440.14019405940587
1179.2,440.2273148514854
1179.3,440.2785000000001
1179.4,440.2703
1179.5,440.2215000000001
1179.6,440.210396039604
1179.7,440.162
1179.8,440.1504
1179.9,440.21720000000005
1180.0,440.2104
1180.1,440.18148514851487
1180.2,440.03749999999945
1180.3,439.992
1180.4,440.0374999999999
1180.5,440.0117821782179
1180.6,440.01939999999996
1180.7,440.02
1180.8,440.0294
1180.9,440.00179999999995
1181.0,440.0372277227723
1181.1,440.09579999999994
1181.2,440.1930000000004
1181.3,440.2279
1181.4,440.20191584158425
1181.5,440.2276237623762
1181.6,440.27599999999984
1181.7,440.30760000000004
1181.8,440.28239999999994
1181.9,440.2892
1182.0,440.29910891089105
1182.1,440.1908
1182.2,440.11629999999997
1182.3,440.1373
1182.4,440.18504950495037
1182.5,440.2259999999999
1182.6,440.16700000000014
1182.7,440.0789999999998
1182.8,440.0877326732673
1182.9,440.1612871287129
1183.0,440.1878
1183.1,440.31460000000004
1183.2,440.33
1183.3,440.31246435643556
1183.4,440.2042930693071
1183.5,440.1548000000001
1183.6,440.1939999999999
1183.7,440.24400000000014
1183.8,440.2499128712871
1183.9,440.19773564356433
1184.0,440.2248
1184.1,440.21260000000007
1184.2,440.21
1184.3,440.1755445544555
1184.4,440.1528
1184.5,440.15
1184.6,440.1156000000001
1184.7,440.0412851485146
1184.8,440.0300148514852
1184.9,440.03000000000003
1185.0,439.9704999999999
1185.1,439.91750000000013
1185.2,439.833920792079
1185.3,439.83681584158415
1185.4,439.88199999999995
1185.5,439.91519999999997
1185.6,439.9284
1185.7,439.95495049504956
1185.8,439.9683
1185.9,440.01150000000007
1186.0,440.0117
1186.1,440.0182178217822
1186.2,440.0364712871287
1186.3,440.0974
1186.4,440.09360000000004
1186.5,440.0982
1186.6,440.13247524752467
1186.7,440.11569999999995
1186.8,440.0856999999999
1186.9,440.0151999999998
1187.0,440.0081
1187.1,440.0019801980198
1187.2,440.00800000000004
1187.3,439.92199999999997
1187.4,439.88399999999996
1187.5,439.86368316831675
1187.6,439.8283792079209
1187.7,439.8121
1187.8,439.85740000000015
1187.9,439.93319999999994
1188.0,439.92653465346535
1188.1,439.8887564356437
1188.2,439.8722
1188.3,439.84659999999997
1188.4,439.8946
1188.5,439.9254455445544
1188.6,439.89920000000006
1188.7,439.8977
1188.8,439.8460999999998
1188.9,439.82230000000004
1189.0,439.84294752475245
1189.1,439.82720000000006
1189.2,439.82
1189.3,439.82
1189.4,439.8048
1189.5,439.77727524752476
1189.6,439.8000495049505
1189.7,439.8025
1189.8,439.815
1189.9,439.8125
1190.0,439.89168316831655
1190.1,439.9274
1190.2,439.9596
1190.3,439.97
1190.4,439.99960000000004
1190.5,439.9879930693069
1190.6,440.00919999999996
1190.7,440.02
1190.8,440.02000000000004
1190.9,440.05621089108917
1191.0,440.01937821782195
1191.1,439.98560000000003
1191.2,439.98720000000003
1191.3,440.01160000000004
1191.4,440.04858613861387
1191.5,440.09558613861384
1191.6,440.0745
1191.7,440.03159999999997
1191.8,440.0413
1191.9,440.0148514851486
1192.0,440.0279999999999
1192.1,440.033
1192.2,440.04400000000004
1192.3,440.02199999999993
1192.4,440.0030693069307
1192.5,439.97929999999997
1192.6,439.9493000000001
1192.7,439.9883
1192.8,439.9892316831683
1192.9,439.9458415841585
1193.0,439.93679999999995
1193.1,439.91960000000006
1193.2,439.91
1193.3,439.86919999999986
1193.4,439.809603960396
1193.5,439.79
1193.6,439.77660000000003
1193.7,439.7365
1193.8,439.69989999999996
1193.9,439.70326732673266
1194.0,439.71
1194.1,439.69020000000006
1194.2,439.6601999999999
1194.3,439.6632
1194.4,439.67
1194.5,439.6505000000001
1194.6,439.6659999999999
1194.7,439.6865
1194.8,439.6835
1194.9,439.68
1195.0,439.66720000000004
1195.1,439.6792
1195.2,439.69
1195.3,439.69
1195.4,439.6773267326733
1195.5,439.65110000000004
1195.6,439.6651999999999
1195.7,439.6737
1195.8,439.65109999999993
1195.9,439.68366336633665
1196.0,439.69140000000004
1196.1,439.6614
1196.2,439.66240000000005
1196.3,439.67
1196.4,439.68227722772275
1196.5,439.6717000000001
1196.6,439.6539
1196.7,439.66220000000004
1196.8,439.65767920792075
1196.9,439.63188118811877
1197.0,439.602
1197.1,439.62
1197.2,439.6760000000001
1197.3,439.7236435643565
1197.4,439.76368118811877
1197.5,439.8094999999999
1197.6,439.82410000000004
1197.7,439.78459999999984
1197.8,439.7716831683168
1197.9,439.7742
1198.0,439.77
1198.1,439.7758
1198.2,439.73951485148507
1198.3,439.6756722772277
1198.4,439.63860000000005
1198.5,439.60720000000003
1198.6,439.5843
1198.7,439.6195049504952
1198.8,439.67235643564356
1198.9,439.66759999999994
1199.0,439.6444
1199.1,439.65119999999996
1199.2,439.7099009900992
1199.3,439.76650000000006
1199.4,439.7965
1199.5,439.788
1199.6,439.79760891089103
1199.7,439.78741782178207
1199.8,439.73839999999996
1199.9,439.73080000000004
1200.0,439.7454
1200.1,439.73374653465356
1200.2,439.69336039603957
1200.3,439.6594
1200.4,439.65
1200.5,439.6553
1200.6,439.67574257425736
1200.7,439.6952
1200.8,439.7416000000001
1200.9,439.8060000000001
1201.0,439.8352514851485
1201.1,439.86044851485144
1201.2,439.89020000000005
1201.3,439.8898
1201.4,439.8749
1201.5,439.85995148514854
1201.6,439.8350990099011
1201.7,439.815
1201.8,439.77499999999986
1201.9,439.71999999999997
1202.0,439.7148514851485
1202.1,439.7251
1202.2,439.7151
1202.3,439.7002
1202.4,439.6804425742575
1202.5,439.69895445544546
1202.6,439.73
1202.7,439.69159999999977
1202.8,439.6644
1202.9,439.6657425742575
1203.0,439.63114752475246
1203.1,439.60060000000004
1203.2,439.61350000000004
1203.3,439.6259
1203.4,439.63326732673266
1203.5,439.6462
1203.6,439.61620000000005
1203.7,439.62300000000016
1203.8,439.6867544554456
1203.9,439.73900000000003
1204.0,439.75
1204.1,439.73200000000014
1204.2,439.70550000000003
1204.3,439.6910891089109
1204.4,439.67560000000003
1204.5,439.64360000000005
1204.6,439.6363999999999
1204.7,439.68320000000006
1204.8,439.63917920792073
1204.9,439.5557
1205.0,439.5629
1205.1,439.59289999999993
1205.2,439.64010000000013
1205.3,439.67154257425744
1205.4,439.6684
1205.5,439.7136
1205.6,439.76419999999996
1205.7,439.77
1205.8,439.7823000000001
1205.9,439.82460000000003
1206.0,439.8518
1206.1,448.940092079152
1206.2,488.9607524753263
1206.3,553.006
1206.4,615.428
1206.5,673.706
1206.6,730.1708514850935
1206.7,795.580307920952
1206.8,860.5343000001635
1206.9,925.9004000000475
1207.0,991.7244999998638
1207.1,1063.678316831455
1207.2,1115.4490000000023
1207.3,1114.7837999999956
1207.4,1109.6084000000012
1207.5,1114.1314000000034
1207.6,1118.739801980198
1207.7,1114.9177999999702
1207.8,1111.48080000001
1207.9,1111.4768000000213
1208.0,1106.1161999999867
1208.1,1102.6744554455993
1208.2,1076.9235999999728
1208.3,1061.7476000000102
1208.4,1072.3172000000088
1208.5,1074.2988000000084
1208.6,1053.377722772381
1208.7,1031.5965000000274
1208.8,1031.9109999999748
1208.9,1020.2740000000083
1209.0,1011.9935000000114
1209.1,1000.9534653465586
1209.2,988.3543999999838
1209.3,977.2385999999868
1209.4,967.3891999999862
1209.5,957.380356435637
1209.6,956.5016544554348
1209.7,969.3997000000097
1209.8,972.5524999999991
1209.9,972.426400000002
1210.0,970.7766712871273
1210.1,974.6083643564384
1210.2,982.3236000000077
1210.3,985.2064
1210.4,986.2024000000011
1210.5,986.705936633673
1210.6,985.2551950495036
1210.7,988.997599999994
1210.8,990.2218999999981
1210.9,992.5057000000027
1211.0,987.7276227723069
1211.1,990.8381089109668
1211.2,980.7919999999908
1211.3,970.6449999999447
1211.4,953.4169999999995
1211.5,953.7852079207503
1211.6,954.0547712870463
1211.7,951.8974000000014
1211.8,956.8235000000004
1211.9,958.6458000000002
1212.0,957.0185881188407
1212.1,950.3403762377036
1212.2,948.3656000000034
1212.3,958.2064000000464
1212.4,981.7591999999961
1212.5,985.8985940593793
1212.6,993.0652069305986
1212.7,992.3979999999976
1212.8,989.6268999999996
1212.9,988.4218999999979
1213.0,985.0343237624026
1213.1,983.2386475248198
1213.2,985.569199999979
1213.3,978.5289999999832
1213.4,977.0325999999754
1213.5,988.0843564356601
1213.6,983.5724999999719
1213.7,992.0900000000107
1213.8,999.600000000002
1213.9,1003.5195544554574
1214.0,1014.656697029711
1214.1,1027.8635999999874
1214.2,1040.0832000000178
1214.3,1052.1227999999744
1214.4,1081.919885148439
1214.5,1106.7001712870588
1214.6,1101.540699999982
1214.7,1109.11420000002
1214.8,1118.1259999999957
1214.9,1114.1846534653378
1215.0,1109.4235999999974
1215.1,1113.8802000000003
1215.2,1113.8974000000067
1215.3,1111.1874297029685
1215.4,1089.4999881187819
1215.5,1069.5445999999743
1215.6,1076.5286000000133
1215.7,1070.2855999999801
1215.8,1059.1882415841317
1215.9,1044.2972079207918
1216.0,1036.8200000000002
1216.1,1031.0220000000083
1216.2,1021.1339999999999
1216.3,1009.0771287128753
1216.4,999.390100000021
1216.5,988.6177000000268
1216.6,975.2672000000289
1216.7,962.2700999999795
1216.8,957.7081188119043
1216.9,966.7542
1217.0,967.1368000000004
1217.1,968.3553999999997
1217.2,969.1333999999997
1217.3,969.6907920792083
1217.4,974.6476999999908
1217.5,980.435599999991
1217.6,984.9783000000016
1217.7,985.1144702970446
1217.8,990.3114851485169
1217.9,992.5184000000012
1218.0,993.8560000000003
1218.1,994.6324000000177
1218.2,992.3013504950727
1218.3,1000.6992227723588
1218.4,993.8455000000164
1218.5,979.8970000000129
1218.6,967.852000000019
1218.7,953.7515049504973
1218.8,955.1605960396113
1218.9,958.8735999999901
1219.0,952.2225999999979
1219.1,950.1035999999913
1219.2,953.7186138613959
1219.3,961.4048000000007
1219.4,960.9887999999975
1219.5,964.7162999999975
1219.6,969.2155999999923
1219.7,979.873366336661
1219.8,986.7880000000039
1219.9,988.7232000000005
1220.0,988.7208000000072
1220.1,986.0068000000085
1220.2,984.0090099009999
1220.3,988.5495000000019
1220.4,980.384500000001
1220.5,976.5323999999987
1220.6,981.5807158415687
1220.7,980.6478118810787
1220.8,984.1750000000101
1220.9,988.9050000000132
1221.0,996.0359999999863
1221.1,1002.6553465346245
1221.2,1014.3895000000028
1221.3,1026.8756000000028
1221.4,1038.2368000000015
1221.5,1046.0222000000047
1221.6,1068.0096039603977
1221.7,1101.3484000000005
1221.8,1102.7976000000367
1221.9,1116.6044000000097
1222.0,1112.5220158415596
1222.1,1121.6134821782518
1222.2,1113.0931999999978
1222.3,1109.5059999999944
1222.4,1102.4757000000059
1222.5,1109.784257425738
1222.6,1099.1678000000563
1222.7,1060.4636000000098
1222.8,1063.1833999999924
1222.9,1060.1366475247737
1223.0,1049.7279554456914
1223.1,1032.0179999999925
1223.2,1033.3149999999828
1223.3,1018.4734999999887
1223.4,1008.6966633663294
1223.5,1001.937188118815
1223.6,997.4668000000094
1223.7,987.3111999999794
1223.8,981.2992000000063
1223.9,974.0569861386264
1224.0,962.1349306930413
1224.1,971.222099999991
1224.2,974.2633000000033
1224.3,976.2850999999987
1224.4,975.482691089109
1224.5,975.5569326732679
1224.6,975.1799999999953
1224.7,985.3793999999818
1224.8,981.1381999999955
1224.9,990.9434653465323
1225.0,995.577699999998
1225.1,996.2859000000135
1225.2,990.9524000000047
1225.3,993.1075999999872
1225.4,987.079179207951
1225.5,1001.9985148514855
1225.6,1009.8399999999999
1225.7,992.4
1225.8,989.28
1225.9,965.04
1226.0,965.5845544554445
1226.1,959.6896000000122
1226.2,959.1052999999987
1226.3,966.584400000019
1226.4,968.4815999999963
1226.5,963.8636633663347
1226.6,964.1031999999987
1226.7,966.9716000000013
1226.8,959.7485999999967
1226.9,979.3862000000091
1227.0,982.6524118811838
1227.1,993.2935999999826
1227.2,993.1543999999985
1227.3,987.8437999999838
1227.4,987.2640524752478
1227.5,994.3281504950554
1227.6,992.1816000000088
1227.7,991.8687999999999
1227.8,991.5047999999996
1227.9,986.3417386139531
1228.0,937.9209603960967
1228.1,868.1310000000806
1228.2,810.2499999998049
1228.3,811.2184999999963
1228.4,815.5303960396093
1228.5,828.3483999999611
1228.6,827.5332000000055
1228.7,836.2284000000127
1228.8,854.5463207921049
1228.9,861.915664356432
1229.0,917.2406999999598
1229.1,982.2570999999554
1229.2,1072.3814000003556
1229.3,1106.7752475248121
1229.4,1106.4015999999945
1229.5,1109.2971999999918
1229.6,1109.8459999999993
1229.7,1114.7368000000097
1229.8,1104.6209900990104
1229.9,1108.5221999999987
1230.0,1115.0978999999984
1230.1,1107.919500000002
1230.2,1084.5152366336024
1230.3,1074.4879702970106
1230.4,1066.3330000000149
1230.5,1061.1820000000112
1230.6,1066.6489999999849
1230.7,1048.7307920791986
1230.8,1033.2790999999966
1230.9,1020.4448999999972
1231.0,1011.067799999998
1231.1,1000.6370999999976
1231.2,993.892079207902
1231.3,984.7535999999741
1231.4,975.9804000000111
1231.5,968.630400000013
1231.6,960.1932000000156
1231.7,973.3445544554608
1231.8,980.1641000000037
1231.9,979.1734999999986
1232.0,979.0766000000001
1232.1,979.400106930693
1232.2,985.9079861386308
1232.3,987.4545999999995
1232.4,992.0807999999929
1232.5,988.9672000000061
1232.6,993.8600930693868
1232.7,993.5118861386263
1232.8,993.5890000000004
1232.9,996.5215000000039
1233.0,994.4544999999964
1233.1,996.869801980196
1233.2,992.6810217821576
1233.3,991.5279999999999
1233.4,1012.6479999999771
1233.5,1014.8740000000018
1233.6,1014.489081188119
1233.7,1015.8742821782205
1233.8,1019.4136000000062
1233.9,1021.142400000002
1234.0,1016.9278000000116
1234.1,1024.8780722772183
1234.2,1025.8488178217817
1234.3,1018.481400000004
1234.4,997.6728000000106
1234.5,983.4952000000054
1234.6,955.6058415842249
1234.7,950.9460000000032
1234.8,952.6270000000035
1234.9,951.9698999999976
1235.0,947.1797000000092
1235.1,947.6738613861378
1235.2,945.7799999999975
1235.3,948.6179999999999
1235.4,931.1979999999999
1235.5,895.6664356435653
1235.6,868.349302970337
1235.7,823.4492999998741
1235.8,769.2087999998618
1235.9,715.2165000000585
1236.0,664.8438267327729
1236.1,614.535227722956
1236.2,562.4153999999761
1236.3,509.681599999976
1236.4,459.07779999997723
1236.5,446.21881188119085
1236.6,445.4005000000006
1236.7,445.2660999999998
1236.8,445.00359999999904
1236.9,444.7918574257426
1237.0,444.6205386138613
1237.1,444.4280000000005
1237.2,444.28879999999987
1237.3,444.1231999999998
1237.4,443.9370297029704
1237.5,443.86750000000006
1237.6,443.76250000000016
1237.7,443.64749999999964
1237.8,443.5450742574257
1237.9,443.4383425742573
1238.0,443.4026
1238.1,443.3112000000004
1238.2,443.2059999999999
1238.3,443.15801980198023
1238.4,443.1427
1238.5,443.1181
1238.6,443.0735
1238.7,442.98699999999997
1238.8,442.93108910891084
1238.9,442.8911999999999
1239.0,442.8368000000001
1239.1,442.81280000000004
1239.2,442.8099287128713
1239.3,442.80281386138614
1239.4,442.7361
1239.5,442.7029
1239.6,442.70709999999997
1239.7,442.7311594059407
1239.8,442.76808910891094
1239.9,442.766
1240.0,442.767
1240.1,442.78379207920784
1240.2,442.7761693069307
1240.3,442.7286
1240.4,442.6962
1240.5,442.6486
1240.6,442.61633663366337
1240.7,442.6032633663366
1240.8,442.6
1240.9,442.5796
1241.0,442.5292000000001
1241.1,442.44947326732705
1241.2,442.446898019802
1241.3,442.4868
1241.4,442.5067
1241.5,442.53010000000006
1241.6,442.559900990099
1241.7,442.54359999999986
1241.8,442.5234
1241.9,442.53979999999996
1242.0,442.5368
1242.1,442.56903465346517
1242.2,442.55749999999995
1242.3,442.51399999999995
1242.4,442.48049999999995
1242.5,442.47643564356434
1242.6,442.46720000000005
1242.7,442.51760000000036
1242.8,442.5564
1242.9,442.59206336633656
1243.0,442.6099267326733
1243.1,442.5722000000002
1243.2,442.56260000000003
1243.3,442.57
1243.4,442.5637623762376
1243.5,442.5662
1243.6,442.59479999999996
1243.7,442.5727999999999
1243.8,442.5128
1243.9,442.46544554455454
1244.0,442.41340000000014
1244.1,442.4143999999999
1244.2,442.3811999999998
1244.3,442.3805000000001
1244.4,442.4120792079208
1244.5,442.426
1244.6,442.4
1244.7,442.35599999999994
1244.8,442.31605940594056
1244.9,442.3058594059406
1245.0,442.31
1245.1,442.31
1245.2,442.3277000000001
1245.3,442.3224752475247
1245.4,442.2926
1245.5,442.28
1245.6,442.2568000000001
1245.7,442.2920851485149
1245.8,442.3586702970297
1245.9,442.39709999999997
1246.0,442.4441999999999
1246.1,442.46999999999997
1246.2,442.4869306930693
1246.3,442.5
1246.4,442.48879999999997
1246.5,442.4632
1246.6,442.4667999999999
1246.7,442.42455445544533
1246.8,442.347
1246.9,442.27600000000007
1247.0,442.251
1247.1,442.24350000000004
1247.2,442.23544554455447
1247.3,442.2184
1247.4,442.20540000000005
1247.5,442.23159999999996
1247.6,442.2499465346535
1247.7,442.28193960396044
1247.8,442.32059999999996
1247.9,442.35119999999995
1248.0,442.34350000000006
1248.1,442.32
1248.2,442.2991999999999
1248.3,442.3112000000001
1248.4,442.29319999999984
1248.5,442.2396
1248.6,442.2454455445544
1248.7,442.26
1248.8,442.24469999999997
1248.9,442.2045
1249.0,442.1850495049505
1249.1,442.2049999999999
1249.2,442.215
1249.3,442.19999999999993
1249.4,442.18
1249.5,442.1997029702969
1249.6,442.21530000000007
1249.7,442.1706
1249.8,442.16450000000003
1249.9,442.20945445544555
1250.0,442.2154455445545
1250.1,442.19040000000007
1250.2,442.17519999999996
1250.3,442.1604
1250.4,442.16900990099003
1250.5,442.18059999999997
1250.6,442.1653
1250.7,442.1506
1250.8,442.12115346534654
1250.9,442.07710693069316
1251.0,442.0546
1251.1,442.05080000000004
1251.2,442.03079999999994
1251.3,442.0200455445545
1251.4,442.00617326732674
1251.5,441.99899999999997
1251.6,442.01899999999995
1251.7,442.04350000000005
1251.8,442.0554108910891
1251.9,442.0367445544555
1252.0,442.0244
1252.1,442.04319999999996
1252.2,442.06
1252.3,442.0512871287129
1252.4,442.07440000000014
1252.5,442.1114
1252.6,442.1128999999999
1252.7,442.1257
1252.8,442.1157425742574
1252.9,442.1226
1253.0,442.1316
1253.1,442.1074
1253.2,442.10260000000005
1253.3,442.13663366336635
1253.4,442.1231
1253.5,442.04950000000014
1253.6,442.0241
1253.7,442.03
1253.8,442.0218811881188
1253.9,442.034
1254.0,442.05400000000003
1254.1,442.05399999999986
1254.2,442.09000000000003
1254.3,442.09000000000003
1254.4,442.1095
1254.5,442.14779999999996
1254.6,442.15610000000004
1254.7,442.1461
1254.8,442.15930693069316
1254.9,442.1672
1255.0,442.14140000000003
1255.1,442.15240000000006
1255.2,442.11719999999997
1255.3,442.0762376237624
1255.4,442.06260000000003
1255.5,442.03150000000005
1255.6,442.0
1255.7,441.9925999999999
1255.8,441.9763366336633
1255.9,441.9664
1256.0,441.9672
1256.1,441.9692000000001
1256.2,441.9464
1256.3,441.9471287128713
1256.4,441.946
1256.5,441.9409999999999
1256.6,441.9765
1256.7,441.97350000000006
1256.8,441.9834653465347
1256.9,441.9934
1257.0,441.9932
1257.1,441.9867999999999
1257.2,441.98979999999995
1257.3,441.97336633663366
1257.4,441.9998
1257.5,442.01360000000005
1257.6,441.9501
1257.7,441.93
1257.8,441.92673267326734
1257.9,441.9328
1258.0,441.96013725490195
1258.1,441.9809999999998
1258.2,442.033
1258.3,442.043
1258.4,442.05594059405945
1258.5,442.0903
1258.6,442.1342
1258.7,442.11129999999997
1258.8,442.0929
1258.9,442.1
1259.0,442.0888000000001
1259.1,442.05160000000006
1259.2,442.0187999999999
1259.3,441.9844
1259.4,441.95891089108915
1259.5,441.9219
1259.6,441.8973
1259.7,441.8954
1259.8,441.91
1259.9,441.91267326732674
1260.0,441.90960000000007
1260.1,441.88
1260.2,441.88520000000005
1260.3,441.8947999999999
1260.4,441.86970297029706
1260.5,441.835
1260.6,441.83999999999975
1260.7,441.8925
1260.8,441.86249999999995
1260.9,441.8350495049505
1261.0,441.82719999999995
1261.1,441.8548
1261.2,441.87
1261.3,441.8748
1261.4,441.91138613861375
1261.5,441.9983999999998
1261.6,442.04390000000024
1261.7,441.99
1261.8,442.0015000000001
1261.9,442.0377227722772
1262.0,442.02340000000004
1262.1,441.9956
1262.2,441.98440000000005
1262.3,441.9934
1262.4,441.95910891089113
1262.5,441.91790000000003
1262.6,441.90580000000006
1262.7,441.89
1262.8,441.8921
1262.9,441.89376237623753
1263.0,441.868
1263.1,441.86
1263.2,441.856
1263.3,441.8359801980198
1263.4,441.82189999999997
1263.5,441.8186000000002
1263.6,441.78139999999985
1263.7,441.8262
1263.8,441.81188118811883
1263.9,441.829405940594
1264.0,441.8682
1264.1,441.8654
1264.2,441.8882
1264.3,441.8943643564357
1264.4,441.9636465346535
1264.5,441.9817
1264.6,441.98320000000007
1264.7,441.9448999999999
1264.8,441.91661683168314
1264.9,441.9048
1265.0,441.9236
1265.1,441.8916
1265.2,441.8952
1265.3,441.8684158415841
1265.4,441.85533168316834
1265.5,441.83599999999996
1265.6,441.8685
1265.7,441.85999999999996
1265.8,441.8644702970297
1265.9,441.8972554455446
1266.0,441.94
1266.1,441.94
1266.2,441.93859999999995
1266.3,441.93
1266.4,441.92064158415843
1266.5,441.8613
1266.6,441.8713
1266.7,441.8852000000001
1266.8,441.91868712871286
1266.9,441.90871287128715
1267.0,441.89760000000007
1267.1,441.88479999999987
1267.2,441.92240000000004
1267.3,441.935211881188
1267.4,441.90585247524757
1267.5,441.9533
1267.6,441.9778
1267.7,441.9578
1267.8,441.93673267326733
1267.9,441.9110891089109
1268.0,441.91999999999996
1268.1,441.9269999999998
1268.2,441.98199999999986
1268.3,441.91299009900996
1268.4,441.9361297029702
1268.5,441.9018
1268.6,441.9209
1268.7,441.9327
1268.8,441.95996435643565
1268.9,441.9634732673267
1269.0,441.99840000000006
1269.1,441.9768
1269.2,441.94
1269.3,441.9400237623762
1269.4,441.93683168316835
1269.5,441.89930000000004
1269.6,441.8865000000002
1269.7,441.8414
1269.8,441.8593207920792
1269.9,441.85
1270.0,441.8506
1270.1,441.8606
1270.2,441.87
1270.3,441.87356435643585
1270.4,441.9300940594059
1270.5,441.9295
1270.6,441.9185000000001
1270.7,441.89
1270.8,441.88652475247517
1270.9,441.8187049504951
1271.0,441.7904
1271.1,441.8012
1271.2,441.8283999999999
1271.3,441.7911881188119
1271.4,441.81770792079203
1271.5,441.75149999999985
1271.6,441.8011999999999
1271.7,441.83939999999996
1271.8,441.8229762376239
1271.9,441.919902970297
1272.0,441.91880000000003
1272.1,441.86
1272.2,441.8606000000001
1272.3,441.889603960396
1272.4,441.87
1272.5,441.86950000000013
1272.6,441.81890000000027
1272.7,441.7103000000001
1272.8,441.73979999999995
1272.9,441.7204950495051
1273.0,441.73
1273.1,441.73
1273.2,441.73
1273.3,441.69
1273.4,441.70950495049493
1273.5,441.7694009900989
1273.6,441.7996999999999
1273.7,441.82970000000006
1273.8,441.81019999999995
1273.9,441.81
1274.0,441.78059603960395
1274.1,441.76040000000006
1274.2,441.809
1274.3,441.8002
1274.4,441.76079999999996
1274.5,441.78910891089106
1274.6,441.7512000000001
1274.7,441.7791000000001
1274.8,441.82850000000013
1274.9,441.8106
1275.0,441.8388118811881
1275.1,441.85919999999993
1275.2,441.8216
1275.3,441.7912
1275.4,441.7996
1275.5,441.7524752475248
1275.6,441.77849999999995
1275.7,441.7609999999999
1275.8,441.71250000000003
1275.9,441.71
1276.0,441.7382178217821
1276.1,441.7118000000001
1276.2,441.71
1276.3,441.7382
1276.4,441.76820000000004
1276.5,441.7887999999999
1276.6,441.8179207920792
1276.7,441.7920999999999
1276.8,441.78069999999997
1276.9,441.78000000000003
1277.0,441.7616762376238
1277.1,441.74160792079215
1277.2,441.7676000000001
1277.3,441.7792
1277.4,441.78
1277.5,441.81661782178213
1277.6,441.78357326732674
1277.7,441.78
1277.8,441.8164
1277.9,441.7745
1278.0,441.77
1278.1,441.81504950495037
1278.2,441.7839999999999
1278.3,441.7259999999999
1278.4,441.729
1278.5,441.67600000000016
1278.6,441.7145544554455
1278.7,441.7289
1278.8,441.6855
1278.9,441.6444
1279.0,441.6845
1279.1,441.6635643564357
1279.2,441.71280000000013
1279.3,441.72880000000004
1279.4,441.73879999999997
1279.5,441.7751999999999
1279.6,441.78
1279.7,441.72779999999995
1279.8,441.77220000000005
1279.9,441.81480000000005
1280.0,441.7939
1280.1,441.8071415841584
1280.2,441.78421386138604
1280.3,441.7542
1280.4,441.8273999999999
1280.5,441.7798000000001
1280.6,441.77008514851485
1280.7,441.7529405940594
1280.8,441.76700000000005
1280.9,441.74449999999996
1281.0,441.72299999999996
1281.1,441.71999999999997
1281.2,441.75366336633675
1281.3,441.7096
1281.4,441.6412000000001
1281.5,441.6132
1281.6,441.57640000000004
1281.7,441.5783168316832
1281.8,441.54679999999996
1281.9,441.5234
1282.0,441.5863999999998
1282.1,441.54190000000017
1282.2,441.5546534653465
1282.3,441.5846
1282.4,441.631
1282.5,441.64
1282.6,441.7056
1282.7,441.72
1282.8,441.73620000000005
1282.9,441.74
1283.0,441.69950000000006
1283.1,441.6657000000001
1283.2,441.6519801980198
1283.3,441.666
1283.4,441.654
1283.5,441.65000000000003
1283.6,441.674
1283.7,441.63231683168306
1283.8,441.62002079207923
1283.9,441.63579999999996
1284.0,441.67949999999985
1284.1,441.67420000000004
1284.2,441.6778217821782
1284.3,441.6799564356436
1284.4,441.6956
1284.5,441.7078
1284.6,441.70220000000006
1284.7,441.6688
1284.8,441.7372277227725
1284.9,441.69840000000005
1285.0,441.69539999999995
1285.1,441.72309999999993
1285.2,441.72229999999996
1285.3,441.750495049505
1285.4,441.7676
1285.5,441.72439999999995
1285.6,441.75559999999984
1285.7,441.7776
1285.8,441.75742574257424
1285.9,441.7425
1286.0,441.82999999999987
1286.1,441.80750000000006
1286.2,441.8350000000002
1286.3,441.8202970297029
1286.4,441.8470000000001
1286.5,441.8674
1286.6,441.9143999999998
1286.7,441.90779999999995
1286.8,441.9293069306931
1286.9,441.88890000000004
1287.0,441.7970000000001
1287.1,441.7481
1287.2,441.7327
1287.3,441.6720336633663
1287.4,441.65728316831684
1287.5,441.624
1287.6,441.56680000000017
1287.7,441.5139999999999
1287.8,441.5357861386139
1287.9,441.55704257425737
1288.0,441.6239
1288.1,441.6571
1288.2,441.6813000000001
1288.3,441.6825485148516
1288.4,441.687
1288.5,441.6270000000002
1288.6,441.6419999999999
1288.7,441.6039999999998
1288.8,441.5243465346534
1288.9,441.5208534653466
1289.0,441.5093
1289.1,441.4172000000003
1289.2,441.4145
1289.3,441.39549999999997
1289.4,441.4209900990098
1289.5,441.4468
1289.6,441.42280000000005
1289.7,441.40319999999997
1289.8,441.4680000000003
1289.9,441.46633663366333
1290.0,441.4567
1290.1,441.4867999999999
1290.2,441.48659999999995
1290.3,441.43309999999997
1290.4,441.4166336633663
1290.5,441.3738000000001
1290.6,441.4093999999999
1290.7,441.44660000000005
1290.8,441.4368
1290.9,441.38425742574253
1291.0,441.34700000000004
1291.1,441.3075000000002
1291.2,441.3095
1291.3,441.33950000000004
1291.4,441.3821782178218
1291.5,441.37440000000004
1291.6,441.40479999999997
1291.7,441.3979999999998
1291.8,441.3928
1291.9,441.4
1292.0,441.4440999999999
1292.1,441.4259000000002
1292.2,441.4441000000001
1292.3,441.4384999999999
1292.4,441.43247524752474
1292.5,441.4338
1292.6,441.4176
1292.7,441.4162
1292.8,441.4448
1292.9,441.4661386138614
1293.0,441.5004999999999
1293.1,441.52
1293.2,441.5444000000001
1293.3,441.51729999999986
1293.4,441.5142792079208
1293.5,441.5179603960396
1293.6,441.504
1293.7,441.49399999999997
1293.8,441.49
1293.9,441.4183564356436
1294.0,441.3640188118812
1294.1,441.30690000000016
1294.2,441.28180000000003
1294.3,441.30180000000007
1294.4,441.3218
1294.5,441.3300415841584
1294.6,441.37059999999985
1294.7,441.36519999999996
1294.8,441.37480000000005
1294.9,441.4
1295.0,441.4229702970297
1295.1,441.44
1295.2,441.4457
1295.3,441.45
1295.4,441.4158000000001
1295.5,441.39
1295.6,441.37880000000007
1295.7,441.35319999999996
1295.8,441.30639999999994
1295.9,441.3248000000001
1296.0,441.36
1296.1,441.36
1296.2,441.36550000000005
1296.3,441.359
1296.4,441.37749999999994
1296.5,441.38910891089114
1296.6,441.37460000000004
1296.7,441.3646
1296.8,441.37620000000004
1296.9,441.3846
1297.0,441.3853465346534
1297.1,441.36350000000004
1297.2,441.3347
1297.3,441.3565
1297.4,441.38530000000003
1297.5,441.4004950495049
1297.6,441.4048
1297.7,441.4260000000001
1297.8,441.46040000000005
1297.9,441.48040000000003
1298.0,441.4745544554455
1298.1,441.4855
1298.2,441.5151
1298.3,441.5047
1298.4,441.4951
1298.5,441.4798019801981
1298.6,441.4399009900991
1298.7,441.43500000000006
1298.8,441.43499999999995
1298.9,441.425
1299.0,441.45980198019794
1299.1,441.46044851485163
1299.2,441.44960000000003
1299.3,441.4945
1299.4,441.5151
1299.5,441.4856455445545
1299.6,441.49860594059396
1299.7,441.5111999999998
1299.8,441.4656
1299.9,441.45959999999997
1300.0,441.4507524752476
1300.1,441.434804950495
1300.2,441.4212
1300.3,441.36709999999994
1300.4,441.35350000000005
1300.5,441.389493069307
1300.6,441.3813861386139
1300.7,441.39680000000027
1300.8,441.4262
1300.9,441.41919999999993
1301.0,441.4254
1301.1,441.410891089109
1301.2,441.418
1301.3,441.4445
1301.4,441.42749999999995
1301.5,441.4135
1301.6,441.43445544554453
1301.7,441.44440000000003
1301.8,441.44120000000004
1301.9,441.4344
1302.0,441.4312
1302.1,441.43306930693063
1302.2,441.41989999999987
1302.3,441.3843
1302.4,441.3727999999999
1302.5,441.35429999999997
1302.6,441.3514851485149
1302.7,441.32319999999993
1302.8,441.2916
1302.9,441.2926
1303.0,441.3058
1303.1,441.29584158415844
1303.2,441.30640000000005
1303.3,441.33820000000003
1303.4,441.3582
1303.5,441.37819999999994
1303.6,441.4021782178217
1303.7,441.416
1303.8,441.43
1303.9,441.472
1304.0,441.498
1304.1,441.4822772277228
1304.2,441.46340000000015
1304.3,441.4843999999999
1304.4,441.46000000000004
1304.5,441.46389999999997
1304.6,441.4506930693071
1304.7,441.4162
1304.8,441.4024
1304.9,445.60420000000505
1305.0,476.3212000000285
1305.1,538.4150495049313
1305.2,599.6953000001823
1305.3,661.82930000008
1305.4,722.7101999999085
1305.5,782.6047999998981
1305.6,846.5640594057911
1305.7,910.7200000000589
1305.8,972.6404000000517
1305.9,1031.8884000000576
1306.0,1060.3328000000247
1306.1,1042.3413861385861
1306.2,1046.0659999999725
1306.3,1045.5020000000243
1306.4,1055.8154999999947
1306.5,1056.1215000000088
1306.6,1068.7329702969362
1306.7,1105.8038000000145
1306.8,1112.9534000000008
1306.9,1112.3991999999964
1307.0,1118.054799999996
1307.1,1131.9692079207948
1307.2,1131.1201999999998
1307.3,1132.7893999999965
1307.4,1127.066200000019
1307.5,1103.7206000000097
1307.6,1071.9858415842496
1307.7,1022.0035999999764
1307.8,1010.6219999999856
1307.9,1001.5699999999957
1308.0,991.1868000000218
1308.1,983.1510099010058
1308.2,973.4275801979811
1308.3,959.9320000000032
1308.4,956.7060999999953
1308.5,970.6921
1308.6,969.8810277227744
1308.7,969.158376237631
1308.8,970.9339999999963
1308.9,968.485999999996
1309.0,953.4800000000904
1309.1,925.7566633663354
1309.2,928.3130000000017
1309.3,934.5253000000006
1309.4,936.8749000000004
1309.5,939.0097000000006
1309.6,941.4031999999988
1309.7,942.0551485148511
1309.8,940.1011999999913
1309.9,940.1863999999715
1310.0,960.3747999999421
1310.1,983.6159999999983
1310.2,990.8287128713375
1310.3,1008.2577000000009
1310.4,1010.0296000000017
1310.5,1011.2648999999985
1310.6,1011.2165999999969
1310.7,1015.5974257425758
1310.8,1016.2527999999986
1310.9,1015.4756000000014
1311.0,1014.3016000000025
1311.1,1013.7199999999959
1311.2,1007.6508910890242
1311.3,984.6259405940838
1311.4,986.8675
1311.5,986.2325
1311.6,984.8124999999937
1311.7,985.2306188118769
1311.8,982.73007128713
1311.9,984.8123999999968
1312.0,985.0080000000094
1312.1,975.0056000000083
1312.2,970.6662336633933
1312.3,980.4038752475228
1312.4,986.184800000001
1312.5,989.7134999999721
1312.6,997.3694999999951
1312.7,1003.0261000000303
1312.8,1020.5109900990235
1312.9,1032.2979999999952
1313.0,1042.4295999999958
1313.1,1053.393799999992
1313.2,1061.1379999999194
1313.3,1040.9281188118812
1313.4,1042.1362000000036
1313.5,1056.9586999998537
1313.6,1105.5649999999712
1313.7,1115.3493000000067
1313.8,1116.8198019801891
1313.9,1112.858
1314.0,1114.418
1314.1,1113.110000000001
1314.2,1104.516
1314.3,1072.1075247524784
1314.4,1067.8016999999786
1314.5,1075.8111000000047
1314.6,1067.7099000000671
1314.7,1040.842199999996
1314.8,1036.727029702939
1314.9,1022.1063999999938
1315.0,1009.360799999997
1315.1,1002.0950000000031
1315.2,992.6483999999942
1315.3,980.7100118811873
1315.4,972.0116386138739
1315.5,964.1007000000116
1315.6,959.4150999999872
1315.7,966.6308000000097
1315.8,969.7694900990167
1315.9,971.5591009900967
1316.0,969.1735999999999
1316.1,969.0155999999885
1316.2,973.2508000000089
1316.3,981.8194811881365
1316.4,983.0510049505845
1316.5,983.1739999999905
1316.6,990.6984999999968
1316.7,993.2545000000034
1316.8,995.093499999994
1316.9,1000.4573267326689
1317.0,1005.2549999999991
1317.1,1004.443199999994
1317.2,1003.7611999999776
1317.3,988.3379999999872
1317.4,978.2136633663204
1317.5,965.391299999998
1317.6,968.3622999999982
1317.7,969.9945999999817
1317.8,964.3509000000041
1317.9,960.1035643564281
1318.0,967.1743999999983
1318.1,967.6108000000024
1318.2,967.3500000000082
1318.3,971.8020000000074
1318.4,976.3118297029822
1318.5,983.1395584158271
1318.6,984.3559999999959
1318.7,989.3487999999999
1318.8,989.4398000000001
1318.9,989.4794138613976
1319.0,988.7136831684068
1319.1,990.3370000000032
1319.2,987.8759999999734
1319.3,977.0109999999931
1319.4,975.0016237623759
1319.5,982.4362089107524
1319.6,993.8171000000011
1319.7,989.4822000000024
1319.8,999.1982000000003
1319.9,1001.4642376237659
1320.0,1016.1452831683168
1320.1,1025.7211999999652
1320.2,1043.9692000000218
1320.3,1051.9368000000181
1320.4,1062.3155999999253
1320.5,1100.1190099009896
1320.6,1100.6010999999855
1320.7,1104.0665
1320.8,1104.937000000009
1320.9,1117.0940999999998
1321.0,1116.1068316831634
1321.1,1107.553399999998
1321.2,1108.7681999999952
1321.3,1107.1433999999908
1321.4,1101.9844000000508
1321.5,1067.0265346534638
1321.6,1068.0740000000003
1321.7,1068.0115000000012
1321.8,1068.1414999999806
1321.9,1051.5679999999898
1322.0,1042.1705940593893
1322.1,1026.1564000000108
1322.2,1014.55679999998
1322.3,1008.6204000000077
1322.4,999.9996000000108
1322.5,988.4165346534727
1322.6,981.0552000000241
1322.7,972.7739999999806
1322.8,961.1194000000095
1322.9,966.9464000000012
1323.0,967.8855297029621
1323.1,970.6082792079222
1323.2,967.1224000000125
1323.3,970.1826
1323.4,970.5805999999939
1323.5,983.8639544554449
1323.6,985.0663217821736
1323.7,986.877800000018
1323.8,995.5489999999958
1323.9,993.5025000000064
1324.0,996.7635999999892
1324.1,1001.1125742574176
1324.2,1004.3699999999999
1324.3,1006.4499999999999
1324.4,1012.03
1324.5,992.43
1324.6,983.54
1324.7,958.4409900989467
1324.8,961.9619000000096
1324.9,962.9404999999981
1325.0,962.2966000000014
1325.1,965.4480999999935
1325.2,966.7738613861393
1325.3,959.1559999999964
1325.4,960.1760000000006
1325.5,966.4622000000029
1325.6,964.0518000000103
1325.7,977.1087128713257
1325.8,977.3547999999996
1325.9,992.1230999999779
1326.0,987.5166000000083
1326.1,984.4403000000048
1326.2,989.8434653465403
1326.3,985.2315999999955
1326.4,979.8459999999951
1326.5,969.5211999999905
1326.6,978.2199999999673
1326.7,979.3889108910919
1326.8,997.6984999999825
1326.9,984.0205000000175
1327.0,991.3534999999904
1327.1,991.0960000000009
1327.2,1004.2794851484363
1327.3,1016.4001128712973
1327.4,1027.3378000000148
1327.5,1039.2417999999652
1327.6,1052.4243999999578
1327.7,1092.7422534656332
1327.8,1105.5808138613909
1327.9,1109.044899999998
1328.0,1113.8906999999965
1328.1,1123.2609999999934
1328.2,1119.2531683168218
1328.3,1111.9775999999865
1328.4,1101.25999999998
1328.5,1107.2615999999823
1328.6,1113.1407999999842
1328.7,1078.1905663366347
1328.8,1075.53981980198
1328.9,1076.8393999999998
1329.0,1073.238100000001
1329.1,1058.2463000000037
1329.2,1046.2145376237333
1329.3,1030.5686831682804
1329.4,1022.8850000000123
1329.5,1012.5620000000243
1329.6,997.7650000000347
1329.7,988.4061683168276
1329.8,981.5224039603944
1329.9,968.5702999999969
1330.0,961.4618999999985
1330.1,968.432900000002
1330.2,972.4594000000025
1330.3,972.4963366336624
1330.4,975.4683999999957
1330.5,976.2143999999994
1330.6,974.3416000000038
1330.7,983.2144000000283
1330.8,988.5724752475292
1330.9,989.0669
1331.0,989.7721000000005
1331.1,991.724399999993
1331.2,996.8894000000039
1331.3,997.4735643564358
1331.4,994.8872000000041
1331.5,999.2257999999925
1331.6,997.1878000000045
1331.7,985.3091999999576
1331.8,982.0280198019777
1331.9,960.5129999999715
1332.0,958.1115000000018
1332.1,956.0805000000073
1332.2,958.5020000000037
1332.3,961.0871287128698
1332.4,960.1864000000014
1332.5,960.1835999999998
1332.6,963.2203999999967
1332.7,964.1680000000016
1332.8,965.2384356435665
1332.9,980.6621663366628
1333.0,983.8463999999999
1333.1,993.6124999999653
1333.2,994.8878999999986
1333.3,995.8028108911736
1333.4,996.1915564356628
1333.5,990.4554000000031
1333.6,987.9272000000008
1333.7,986.3379999999994
1333.8,983.8915326731634
1333.9,962.3369990098378
1334.0,917.0572000000816
1334.1,845.2424000001926
1334.2,790.3143999998982
1334.3,737.9209376236554
1334.4,689.0582376237434
1334.5,633.7439999999999
1334.6,581.854
1334.7,534.8919999999581
1334.8,486.7351287128695
1334.9,453.09650495054257
1335.0,445.7693000000027
1335.1,445.2925000000005
1335.2,445.09779999999955
1335.3,444.89417821782126
1335.4,444.64678613861366
1335.5,444.4651999999999
1335.6,444.36760000000027
1335.7,444.3188
1335.8,444.28652277227724
1335.9,444.1951405940595
1336.0,444.0391000000003
1336.1,443.9846
1336.2,443.87219999999957
1336.3,443.7326574257422
1336.4,443.60098613861373
1336.5,443.4635999999999
1336.6,443.32360000000034
1336.7,443.27479999999997
1336.8,443.1872277227723
1336.9,443.13000000000005
1337.0,443.135
1337.1,443.11750000000006
1337.2,442.9974999999995
1337.3,442.94514851485144
1337.4,442.89559999999994
1337.5,442.84300000000013
1337.6,442.81520000000006
1337.7,442.75819999999993
1337.8,442.6887128712872
1337.9,442.5970000000001
1338.0,442.4386000000001
1338.1,442.2805000000001
1338.2,442.14509999999996
1338.3,441.9799009900988
1338.4,441.7859999999996
1338.5,441.61480000000023
1338.6,441.45480000000043
1338.7,441.28039999999964
1338.8,441.08742574257417
1338.9,440.9519
1339.0,440.91999999999996
1339.1,440.87030000000004
1339.2,440.8216
1339.3,440.78188118811875
1339.4,440.76300000000003
1339.5,440.8159999999998
1339.6,440.826
1339.7,440.827
1339.8,440.81613861386137
1339.9,440.8031
1340.0,440.7931
1340.1,440.81069999999994
1340.2,440.8269
1340.3,440.85732673267336
1340.4,440.836
1340.5,440.83359999999993
1340.6,440.7992000000001
1340.7,440.81400000000014
1340.8,440.8165346534653
1340.9,440.81669999999997
1341.0,440.77309999999994
1341.1,440.77009999999996
1341.2,440.73979999999995
1341.3,440.75316831683165
1341.4,440.7634
1341.5,440.77979999999997
1341.6,440.77680000000004
1341.7,440.7634
1341.8,440.7338613861385
1341.9,440.7265
1342.0,440.7105
1342.1,440.68700000000007
1342.2,440.64756435643557
1342.3,440.60422178217823
1342.4,440.5772
1342.5,440.5572
1342.6,440.51800000000003
1342.7,440.5255366336635
1342.8,440.5210267326732
1342.9,440.5352000000001
1343.0,440.51220000000006
1343.1,440.5025999999999
1343.2,440.51
1343.3,440.5162376237624
1343.4,440.5138
1343.5,440.51
1343.6,440.51
1343.7,440.52240000000006
1343.8,440.48702970297023
1343.9,440.4661
1344.0,440.4639
1344.1,440.49659999999983
1344.2,440.4896207920791
1344.3,440.4700396039604
1344.4,440.464
1344.5,440.508
1344.6,440.522
1344.7,440.5400000000001
1344.8,440.56
1344.9,440.5895
1345.0,440.58050000000014
1345.1,440.57769999999994
1345.2,440.5898247524752
1345.3,440.5958
1345.4,440.5652
1345.5,440.5168
1345.6,440.4768000000001
1345.7,440.4716
1345.8,440.45141485148514
1345.9,440.4414
1346.0,440.46139999999997
1346.1,440.47
1346.2,440.4815693069308
1346.3,440.4844435643564
1346.4,440.4744
1346.5,440.4868
1346.6,440.51679999999993
1346.7,440.53
1346.8,440.5133663366337
1346.9,440.4945
1347.0,440.4350000000001
1347.1,440.41749999999996
1347.2,440.37949999999967
1347.3,440.33000000000004
1347.4,440.3516000000001
1347.5,440.3862
1347.6,440.38380000000006
1347.7,440.3646
1347.8,440.36
1347.9,440.38649999999996
1348.0,440.41
1348.1,440.42589999999996
1348.2,440.41355247524746
1348.3,440.41099009900995
1348.4,440.39879999999994
1348.5,440.37519999999995
1348.6,440.37480000000005
1348.7,440.3855485148515
1348.8,440.384602970297
1348.9,440.3751
1349.0,440.3902
1349.1,440.4204
1349.2,440.4451
1349.3,440.44485148514855
1349.4,440.445
1349.5,440.43500000000006
1349.6,440.4050000000001
1349.7,440.394900990099
1349.8,440.3752475247524
1349.9,440.3206
1350.0,440.2508
1350.1,440.2295999999999
1350.2,440.22069702970293
1350.3,440.189897029703
1350.4,440.1612000000001
1350.5,440.16359999999986
1350.6,440.19040000000007
1350.7,440.1848
1350.8,440.1804950495049
1350.9,440.20290000000006
1351.0,440.24
1351.1,440.23060000000004
1351.2,440.2153
1351.3,440.23326732673263
1351.4,440.2370000000001
1351.5,440.2238
1351.6,440.2354
1351.7,440.26220000000023
1351.8,440.3
1351.9,440.31350000000003
1352.0,440.33000000000004
1352.1,440.33899999999994
1352.2,440.341
1352.3,440.35673267326735
1352.4,440.3636000000001
1352.5,440.3168
1352.6,440.2912
1352.7,440.26679999999993
1352.8,440.2238613861386
1352.9,440.19860000000006
1353.0,440.2143
1353.1,440.2328999999999
1353.2,440.2285851485148
1353.3,440.2
1353.4,440.2042
1353.5,440.26039999999995
1353.6,440.309
1353.7,440.2799168316832
1353.8,440.28
1353.9,440.2964
1354.0,440.29950000000014
1354.1,440.2659
1354.2,440.2476594059405
1354.3,440.24623762376245
1354.4,440.26599999999996
1354.5,440.24
1354.6,440.21799999999996
1354.7,440.24592079207923
1354.8,440.282001980198
1354.9,440.31950000000006
1355.0,440.3694999999999
1355.1,440.4155999999999
1355.2,440.4555227722773
1355.3,440.4838
1355.4,440.49
1355.5,440.49760000000003
1355.6,440.4872000000001
1355.7,440.47276237623765
1355.8,440.49143762376235
1355.9,440.45630000000006
1356.0,440.4315000000001
1356.1,440.40739999999994
1356.2,440.40157326732657
1356.3,440.38459009901
1356.4,440.42800000000005
1356.5,440.4887999999999
1356.6,440.5543999999999
1356.7,440.5799287128713
1356.8,440.57993564356434
1356.9,440.59749999999997
1357.0,440.5985000000001
1357.1,440.533
1357.2,440.5236732673268
1357.3,440.526207920792
1357.4,440.4927999999999
1357.5,440.4264
1357.6,440.38300000000015
1357.7,440.3432336633663
1357.8,440.32663366336635
1357.9,440.32000000000005
1358.0,440.3266
1358.1,440.3367
1358.2,440.32666732673266
1358.3,440.31039999999996
1358.4,440.2836
1358.5,440.2795999999999
1358.6,440.2776000000002
1358.7,440.2266732673267
1358.8,440.2167633663366
1358.9,440.2007
1359.0,440.1738
1359.1,440.1662
1359.2,440.1738920792078
1359.3,440.1688613861387
1359.4,440.1809999999999
1359.5,440.14200000000017
1359.6,440.1119999999999
1359.7,440.1310891089108
1359.8,440.11028118811885
1359.9,440.1245
1360.0,440.1687
1360.1,440.1929
1360.2,440.20002871287124
1360.3,440.2056712871287
1360.4,440.2116000000001
1360.5,440.1872
1360.6,440.1688000000001
1360.7,440.15117227722783
1360.8,440.1743831683168
1360.9,440.14109999999994
1361.0,440.0927
1361.1,440.0946
1361.2,440.0800534653465
1361.3,440.08787326732676
1361.4,440.11779999999993
1361.5,440.14
1361.6,440.15039999999993
1361.7,440.19292277227737
1361.8,440.21477722772266
1361.9,440.18250000000006
1362.0,440.21
1362.1,440.1874999999999
1362.2,440.2223762376238
1362.3,440.245299009901
1362.4,440.18320000000006
1362.5,440.1443999999999
1362.6,440.19239999999996
1362.7,440.1951287128712
1362.8,440.18482871287125
1362.9,440.2069
1363.0,440.2231000000001
1363.1,440.2
1363.2,440.1954683168317
1363.3,440.1913089108911
1363.4,440.23879999999997
1363.5,440.28099999999995
1363.6,440.3068
1363.7,440.25777821782174
1363.8,440.2522564356435
1363.9,440.25789999999995
1364.0,440.24580000000003
1364.1,440.23419999999993
1364.2,440.2520792079208
1364.3,440.26
1364.4,440.26
1364.5,440.244
1364.6,440.16800000000006
1364.7,440.1160396039604
1364.8,440.0885999999999
1364.9,440.03999999999996
1365.0,440.04569999999995
1365.1,440.07379999999995
1365.2,440.0805940594058
1365.3,440.0436
1365.4,440.0582
1365.5,440.06260000000003
1365.6,440.13439999999997
1365.7,440.2071287128713
1365.8,440.2383
1365.9,440.23
1366.0,440.22490000000005
1366.1,440.19660000000005
1366.2,440.18
1366.3,440.1816
1366.4,440.1884
1366.5,440.1688
1366.6,440.1004000000002
1366.7,440.05158415841584
1366.8,440.06
1366.9,440.063
1367.0,440.077
1367.1,440.0659999999999
1367.2,440.10297029702974
1367.3,440.1157999999999
1367.4,440.09000000000003
1367.5,440.09700000000004
1367.6,440.13580000000013
1367.7,440.11138613861385
1367.8,440.1187
1367.9,440.1113
1368.0,440.1239
1368.1,440.1513
1368.2,440.14970297029674
1368.3,440.08600000000007
1368.4,440.1276
1368.5,440.1123999999999
1368.6,440.1264000000001
1368.7,440.1023762376238
1368.8,440.1167
1368.9,440.0922
1369.0,440.1023
1369.1,440.0422
1369.2,440.06
1369.3,440.05399999999986
1369.4,439.99899999999997
1369.5,439.9860000000001
1369.6,439.94799009901
1369.7,439.93198019801986
1369.8,439.9473
1369.9,439.9173
1370.0,439.89
1370.1,439.88909108910894
1370.2,439.8896198019803
1370.3,439.9859999999999
1370.4,439.94159999999994
1370.5,439.9647999999999
1370.6,440.01601584158425
1370.7,439.9686
1370.8,439.95070000000004
1370.9,439.9628
1371.0,439.9993
1371.1,439.9907138613861
1371.2,439.99533465346525
1371.3,439.9336000000002
1371.4,439.99119999999994
1371.5,440.0088
1371.6,439.9983524752473
1371.7,440.12981188118806
1371.8,440.1315000000001
1371.9,440.1595
1372.0,440.1495
1372.1,440.13701485148533
1372.2,440.081295049505
1372.3,440.1092
1372.4,440.0892
1372.5,440.0676000000001
1372.6,440.00801188118817
1372.7,439.95690396039583
1372.8,439.8597
1372.9,439.8487999999999
1373.0,439.81209999999976
1373.1,439.8817881188117
1373.2,439.940297029703
1373.3,439.95079999999996
1373.4,439.98900000000003
1373.5,439.9406
1373.6,439.970198019802
1373.7,439.9805000000001
1373.8,440.0301
1373.9,440.04030000000006
1374.0,440.06940000000014
1374.1,440.00980198019806
1374.2,439.99
1374.3,439.96000000000004
1374.4,439.93
1374.5,440.0
1374.6,440.01
1374.7,440.01
1374.8,440.0496000000001
1374.9,440.0005000000001
1375.0,440.0395999999999
1375.1,440.05979999999994
1375.2,440.04039603960393
1375.3,440.0204
1375.4,440.02
1375.5,439.94159999999994
1375.6,439.9008000000001
1375.7,439.83207920792063
1375.8,439.8008999999999
1375.9,439.8678999999999
1376.0,439.84090000000003
1376.1,439.80120000000005
1376.2,439.82881188118813
1376.3,439.85880000000003
1376.4,439.86
1376.5,439.9272000000001
1376.6,439.9299049504951
1376.7,439.98703960396057
1376.8,439.9805
1376.9,439.9895
1377.0,439.9615
1377.1,439.9881237623761
1377.2,439.9429881188118
1377.3,439.97760000000005
1377.4,439.96119999999996
1377.5,439.92240000000015
1377.6,439.93879999999996
1377.7,439.9306653465346
1377.8,439.9207
1377.9,439.9014
1378.0,439.92789999999997
1378.1,439.9208841584159
1378.2,439.938392079208
1378.3,439.9768000000001
1378.4,439.9708
1378.5,439.9424000000001
1378.6,439.9400910891089
1378.7,439.9673178217822
1378.8,439.9609
1378.9,439.96909999999997
1379.0,439.9427
1379.1,439.9491
1379.2,439.9139999999999
1379.3,439.90999999999997
1379.4,439.8650000000001
1379.5,439.90499999999986
1379.6,439.8471782178219
1379.7,439.79547821782177
1379.8,439.80780000000004
1379.9,439.81
1380.0,439.8011
1380.1,439.8528712871286
1380.2,439.8688
1380.3,439.78199999999975
1380.4,439.84039999999993
1380.5,439.8324
1380.6,439.8561386138613
1380.7,439.9209000000001
1380.8,439.88649999999996
1380.9,439.8974
1381.0,439.8739
1381.1,439.86138613861385
1381.2,439.81699999999984
1381.3,439.87019999999995
1381.4,439.86280000000005
1381.5,439.86
1381.6,439.8174257425744
1381.7,439.827
1381.8,439.8810000000001
1381.9,439.85599999999994
1382.0,439.89250000000004
1382.1,439.9252475247525
1382.2,439.93840000000006
1382.3,439.94
1382.4,439.9735999999999
1382.5,439.9463168316832
1382.6,439.9067663366338
1382.7,439.88339999999994
1382.8,439.8717
1382.9,439.85339999999997
1383.0,439.8085000000001
1383.1,439.80821782178214
1383.2,439.8182
1383.3,439.8282
1383.4,439.7972
1383.5,439.83099999999996
1383.6,439.88059405940584
1383.7,439.8981
1383.8,439.8675999999999
1383.9,439.91670000000016
1384.0,439.9057
1384.1,439.93207920792076
1384.2,439.8839999999999
1384.3,439.886
1384.4,439.914
1384.5,439.904
1384.6,439.87623762376245
1384.7,439.8858000000001
1384.8,439.89790000000005
1384.9,439.8842
1385.0,439.89579999999995
1385.1,439.86871287128724
1385.2,439.8756
1385.3,439.8644
1385.4,439.8288
1385.5,439.8512
1385.6,439.89089108910883
1385.7,439.86149999999986
1385.8,439.88080000000014
1385.9,439.9362
1386.0,439.93460000000005
1386.1,439.96049504950486
1386.2,439.9624
1386.3,439.9676
1386.4,439.91679999999997
1386.5,439.92280000000005
1386.6,439.91495049504954
1386.7,439.92500000000007
1386.8,439.96
1386.9,439.97
1387.0,439.94000000000005
1387.1,439.9151485148515
1387.2,439.88039999999995
1387.3,439.90700000000004
1387.4,439.94220000000007
1387.5,439.9204000000001
1387.6,439.89534653465347
1387.7,439.89
1387.8,439.8243000000001
1387.9,439.7927
1388.0,439.81919999999997
1388.1,439.85168316831675
1388.2,439.87440000000004
1388.3,439.91600000000005
1388.4,439.8939999999999
1388.5,439.89439999999996
1388.6,439.89287128712874
1388.7,439.9184
1388.8,439.9158
1388.9,439.8816
1389.0,439.86289999999997
1389.1,439.8881188118811
1389.2,439.90700000000004
1389.3,439.8679999999999
1389.4,439.85699999999997
1389.5,439.87399999999997
1389.6,439.90086138613856
1389.7,439.88239999999996
1389.8,439.8631
1389.9,439.8945
1390.0,439.8962
1390.1,439.86930000000007
1390.2,439.8123366336632
1390.3,439.8104000000001
1390.4,439.8608
1390.5,439.86640000000006
1390.6,439.8733306930692
1390.7,439.88679801980203
1390.8,439.89
1390.9,439.92350000000005
1391.0,439.9266
1391.1,439.90686534653463
1391.2,439.93300000000016
1391.3,439.9302
1391.4,439.89360000000005
1391.5,439.88
1391.6,439.85379603960405
1391.7,439.8596039603961
1391.8,439.8309999999999
1391.9,439.81
1392.0,439.79050000000007
1392.1,439.80574257425735
1392.2,439.79429306930683
1392.3,439.79280000000006
1392.4,439.78720000000004
1392.5,439.78639999999996
1392.6,439.82814653465334
1392.7,439.8436267326732
1392.8,439.84630000000004
1392.9,439.87520000000006
1393.0,439.9151999999999
1393.1,439.93611287128715
1393.2,439.9337623762376
1393.3,439.9672
1393.4,439.9528
1393.5,439.9362
1393.6,439.9214
1393.7,439.9284158415843
1393.8,439.9278
1393.9,439.88340000000005
1394.0,439.80510000000027
1394.1,439.78219999999993
1394.2,439.77188118811875
1394.3,439.76
1394.4,439.736
1394.5,439.78
1394.6,474.63800000000003
1394.7,535.8638613863498
1394.8,598.1250000001538
1394.9,678.705599999983
1395.0,766.5511999998288
1395.1,837.9001999998716
1395.2,901.9900000000848
1395.3,963.0576000000265
1395.4,1027.5822000000314
1395.5,1074.435000000014
1395.6,1093.5443999999766
1395.7,1098.1907920792084
1395.8,1099.5412000000008
1395.9,1091.5096000000249
1396.0,1062.4288000000622
1396.1,1045.6640999999997
1396.2,1041.3688118811742
1396.3,1036.094799999997
1396.4,1036.2420000000027
1396.5,1051.2600000000223
1396.6,1065.5343999999898
1396.7,1064.9310891088971
1396.8,1066.3155000000068
1396.9,1065.2390000000091
1397.0,1045.3775000000337
1397.1,1025.320500000014
1397.2,1024.288019801999
1397.3,1022.4231999999857
1397.4,1014.1091999999911
1397.5,1004.1548000000141
1397.6,993.0838000000304
1397.7,985.0590099009884
1397.8,976.5794000000069
1397.9,966.2202000000073
1398.0,966.6424999999931
1398.1,973.5110999999974
1398.2,975.7498019802002
1398.3,976.6448000000019
1398.4,975.8823999999956
1398.5,974.6984
1398.6,981.1963999999657
1398.7,985.2066336633634
1398.8,983.4376999999998
1398.9,989.1748999999975
1399.0,994.5192
1399.1,995.2755999999997
1399.2,993.7475247524605
1399.3,995.5100000000182
1399.4,999.9200000000001
1399.5,994.630000000026
1399.6,991.3099999999894
1399.7,1004.9770297029988
1399.8,1017.4898000000005
1399.9,1018.4562999999999
1400.0,1017.2286999999994
1400.1,1018.1122999999915
1400.2,1016.6562376237517
1400.3,1014.7728000000022
1400.4,1015.6380000000048
1400.5,1013.8520000000016
1400.6,1007.9380000000208
1400.7,994.6484158415573
1400.8,985.5094999999985
1400.9,965.9553999999732
1401.0,946.1394000000014
1401.1,946.542600000002
1401.2,941.9415841584007
1401.3,937.6994000000004
1401.4,940.7159999999917
1401.5,940.4450000000106
1401.6,938.1827999999944
1401.7,937.138019801964
1401.8,939.1165000000149
1401.9,963.6130000000435
1402.0,987.2649999999949
1402.1,1005.5371980196875
1402.2,1046.613912871299
1402.3,1074.8023999999998
1402.4,1080.0195999999894
1402.5,1088.6571999999956
1402.6,1097.6024079207791
1402.7,1103.3745564356302
1402.8,1104.690700000015
1402.9,1107.0082999999886
1403.0,1107.652899999996
1403.1,1103.0652574258174
1403.2,1075.5976514851263
1403.3,1054.8694000000032
1403.4,1051.4797999999992
1403.5,1050.007400000003
1403.6,1050.5921999999953
1403.7,1055.3242574257324
1403.8,1061.2021000000386
1403.9,1071.5250999999996
1404.0,1067.4674058823696
1404.1,1066.615121568609
1404.2,1061.6949514850487
1404.3,1040.5493287127886
1404.4,1032.076599999999
1404.5,1026.0859999999946
1404.6,1015.6464000000104
1404.7,1007.9341702970204
1404.8,999.7838653465219
1404.9,990.1450000000135
1405.0,980.7903000000172
1405.1,970.8535000000134
1405.2,966.4264257425793
1405.3,971.3030415841661
1405.4,976.053599999997
1405.5,973.5732000000008
1405.6,973.1847999999966
1405.7,973.0737227722739
1405.8,974.5399851485292
1405.9,981.1699999999951
1406.0,982.7105000000042
1406.1,980.7254999999985
1406.2,981.2539653465321
1406.3,985.6546811881389
1406.4,992.8935999999898
1406.5,988.3473999999998
1406.6,990.0693999999908
1406.7,995.4676277227793
1406.8,995.3937465346646
1406.9,987.7159999999869
1407.0,1002.2200999999966
1407.1,1005.3058000000005
1407.2,1005.5862188118866
1407.3,1008.0728633663366
1407.4,1008.0491999999979
1407.5,1006.2723999999806
1407.6,1009.6016000000126
1407.7,1007.1096000000038
1407.8,1009.0729702970318
1407.9,1007.620600000002
1408.0,996.4068000000038
1408.1,988.6271999999972
1408.2,997.4488000000042
1408.3,997.1900990098989
1408.4,995.7520000000045
1408.5,996.9380000000167
1408.6,990.9060000000068
1408.7,988.9670000000011
1408.8,990.5159405940661
1408.9,990.4583999999977
1409.0,988.1643000000037
1409.1,995.9023000000154
1409.2,988.3263000000019
1409.3,993.5389108910902
1409.4,994.6803999999796
1409.5,1006.0759999999783
1409.6,1018.3507999999762
1409.7,1033.241600000053
1409.8,1050.4647524752722
1409.9,1059.6840000000022
1410.0,1058.6557999999916
1410.1,1049.055100000001
1410.2,1049.2074000000039
1410.3,1054.849801980199
1410.4,1059.462599999998
1410.5,1059.6934000000047
1410.6,1051.1016000000318
1410.7,1036.9525742574297
1410.8,1046.0078217820867
1410.9,1044.9524999999935
1411.0,1046.1025
1411.1,1065.2449999999612
1411.2,1072.8324999999684
1411.3,1070.8129623761458
1411.4,1072.226800000005
1411.5,1062.9472000000196
1411.6,1045.588400000004
1411.7,1039.1603999999668
1411.8,1026.6670297029737
1411.9,1015.879899999994
1412.0,1005.3388000000278
1412.1,995.4135000000341
1412.2,983.2999999999777
1412.3,969.6734653465207
1412.4,959.3116000000014
1412.5,958.4103999999967
1412.6,965.508199999997
1412.7,969.648999999989
1412.8,966.5881188118811
1412.9,961.3693999999783
1413.0,941.3939000000511
1413.1,925.6290999999957
1413.2,926.778399999998
1413.3,926.5294059405979
1413.4,928.088
1413.5,928.554
1413.6,935.4820000000047
1413.7,933.616
1413.8,941.7100990099034
1413.9,940.1767999999637
1414.0,959.1925999999498
1414.1,981.1295999999777
1414.2,992.7467000000372
1414.3,1005.4513861386207
1414.4,1007.6039999999988
1414.5,1005.5700000000005
1414.6,1006.5933999999995
1414.7,1007.8998000000009
1414.8,1010.4587128712876
1414.9,1012.7228000000147
1415.0,1005.1047000000001
1415.1,1005.0673999999997
1415.2,1000.9404999999251
1415.3,981.7683168317118
1415.4,992.1952000000067
1415.5,997.7947999999992
1415.6,993.1428000000251
1415.7,986.5795999999958
1415.8,983.5366336633697
1415.9,987.5275000000058
1416.0,983.7394999999956
1416.1,986.8385000000019
1416.2,985.9455000000087
1416.3,987.8543564356476
1416.4,984.1046000000074
1416.5,989.0256000000015
1416.6,992.1729999999683
1416.7,1003.3214000000252
1416.8,1020.5734653465449
1416.9,1029.9116999999944
1417.0,1037.9912999999947
1417.1,1048.4712999999815
1417.2,1066.665948514718
1417.3,1032.7039089108869
1417.4,1042.7227999999961
1417.5,1040.213599999996
1417.6,1043.0323999999664
1417.7,1054.9771524752632
1417.8,1066.9966445543964
1417.9,1098.5885999999985
1418.0,1104.6065999999992
1418.1,1109.0196999999946
1418.2,1117.9968999999949
1418.3,1137.9249504950494
1418.4,1134.9359999999983
1418.5,1133.5120000000152
1418.6,1124.1800000000756
1418.7,1094.5010000000045
1418.8,1089.5377227721372
1418.9,1027.1782999999982
1419.0,1018.8970999999977
1419.1,1009.0196000000019
1419.2,998.3686999999974
1419.3,987.0870297029699
1419.4,978.6724000000163
1419.5,969.4592000000217
1419.6,959.7819999999688
1419.7,975.7760000000073
1419.8,977.9502970296932
1419.9,974.1252999999979
1420.0,971.1827000000003
1420.1,970.9569000000438
1420.2,958.3899999999802
1420.3,931.5038613861393
1420.4,932.7013999999983
1420.5,934.1325999999929
1420.6,938.7102000000073
1420.7,934.1290000000228
1420.8,940.175742574223
1420.9,929.5235000000005
1421.0,930.1875000000039
1421.1,935.05399999995
1421.2,950.4361683168614
1421.3,977.988827722774
1421.4,978.3547999999772
1421.5,1002.3560000000026
1421.6,999.4224000000045
1421.7,994.9004712871478
1421.8,1000.1330306930702
1421.9,998.700499999999
1422.0,998.2439999999829
1422.1,1003.7983000000071
1422.2,1001.4289999999974
1422.3,999.983465346545
1422.4,1006.0344000000136
1422.5,977.0579999999953
1422.6,987.2871999999992
1422.7,989.0876099009856
1422.8,987.9892980198018
1422.9,987.9249000000029
1423.0,989.3489000000127
1423.1,984.3424999999869
1423.2,989.5481900990115
1423.3,990.2068316831374
1423.4,974.97
1423.5,927.03
1423.6,858.1400000000001
1423.7,798.29
1423.8,750.3280198019781
1423.9,698.0824514852543
1424.0,649.6737000000991
1424.1,599.9078000001018
1424.2,547.533999999869
1424.3,487.15450198004874
1424.4,451.59614257423993
1424.5,445.7939999999976
1424.6,445.42540000000105
1424.7,445.2043999999999
1424.8,445.0827881188117
1424.9,444.86656435643596
1425.0,444.70480000000026
1425.1,444.49630000000036
1425.2,444.3541999999996
1425.3,444.2342722772275
1425.4,444.1723722772277
1425.5,444.0643999999999
1425.6,443.9160000000005
1425.7,443.7755999999999
1425.8,443.66544554455453
1425.9,443.4985000000002
1426.0,443.44250000000005
1426.1,443.34500000000014
1426.2,443.3114999999999
1426.3,443.21594059405925
1426.4,443.1629999999999
1426.5,443.0754000000003
1426.6,443.1075999999999
1426.7,443.0253999999999
1426.8,443.0106930693069
1426.9,442.9914
1427.0,442.9807
1427.1,442.9149000000001
1427.2,442.95650000000023
1427.3,442.8955445544553
1427.4,442.87159999999994
1427.5,442.81480000000016
1427.6,442.80080000000004
1427.7,442.7631999999999
1427.8,442.8146534653465
1427.9,442.7563
1428.0,442.7864
1428.1,442.79
1428.2,442.8355
1428.3,442.7409009900988
1428.4,442.7929999999999
1428.5,442.78200000000004
1428.6,442.78
1428.7,442.7533564356436
1428.8,442.7232891089109
1428.9,442.7289
1429.0,442.7567
1429.1,442.671
1429.2,442.6778881188119
1429.3,442.6800118811881
1429.4,442.69759999999997
1429.5,442.66480000000007
1429.6,442.6776
1429.7,442.6888
1429.8,442.7248772277228
1429.9,442.6603999999999
1430.0,442.6761
1430.1,442.66260000000005
1430.2,442.6251138613861
1430.3,442.58557227722775
1430.4,442.55420000000004
1430.5,442.5414
1430.6,442.60879999999986
1430.7,442.5168851485145
1430.8,442.5255445544555
1430.9,442.547
1431.0,442.61800000000005
1431.1,442.55350000000027
1431.2,442.5147524752474
1431.3,442.5099841584158
1431.4,442.5352
1431.5,442.5652
1431.6,442.5112000000001
1431.7,442.56728316831715
1431.8,442.5966336633664
1431.9,442.5418999999999
1432.0,442.5051000000001
1432.1,442.5248999999999
1432.2,442.57947128712874
1432.3,442.54071089108913
1432.4,442.5628
1432.5,442.4716000000001
1432.6,442.50739999999996
1432.7,442.47104356435636
1432.8,442.46000000000004
1432.9,442.40329999999983
1433.0,442.44669999999985
1433.1,442.38710000000026
1433.2,442.41868019801996
1433.3,442.3979405940594
1433.4,442.39
1433.5,442.318
1433.6,442.316
1433.7,442.2880792079207
1433.8,442.32750396039614
1433.9,442.3479
1434.0,442.3658
1434.1,442.3384000000001
1434.2,442.3774000000002
1434.3,442.37435643564356
1434.4,442.4012
1434.5,442.37879999999996
1434.6,442.36220000000003
1434.7,442.36
1434.8,442.36
1434.9,442.3292
1435.0,442.32
1435.1,442.3123
1435.2,442.3023762376238
1435.3,442.30762376237624
1435.4,442.31
1435.5,442.31
1435.6,442.3783999999998
1435.7,442.3395762376236
1435.8,442.32752475247526
1435.9,442.31500000000005
1436.0,442.3399999999999
1436.1,442.28250000000014
1436.2,442.267202970297
1436.3,442.23292277227716
1436.4,442.2126
1436.5,442.22479999999996
1436.6,442.1856000000002
1436.7,442.16267326732674
1436.8,442.16729999999995
1436.9,442.1043000000001
1437.0,442.1165
1437.1,442.13
1437.2,442.2167326732676
1437.3,442.21399999999994
1437.4,442.2
1437.5,442.1424000000001
1437.6,442.1559999999999
1437.7,442.12722772277226
1437.8,442.14549999999997
1437.9,442.1458
1438.0,442.1684
1438.1,442.1658
1438.2,442.16702970297035
1438.3,442.1489999999999
1438.4,442.1889999999999
1438.5,442.196
1438.6,442.20399999999995
1438.7,442.22386138613865
1438.8,442.23
1438.9,442.2093
1439.0,442.2138
1439.1,442.22
1439.2,442.2131683168317
1439.3,442.1827999999999
1439.4,442.17679999999996
1439.5,442.1392000000001
1439.6,442.1539999999999
1439.7,442.17673267326734
1439.8,442.16659999999996
1439.9,442.1734
1440.0,442.1733
1440.1,442.1164000000002
1440.2,442.09000000000003
1440.3,442.05039999999997
1440.4,442.04979999999995
1440.5,442.0534
1440.6,442.0698
1440.7,442.0407920792078
1440.8,442.0720000000001
1440.9,442.1
1441.0,442.1259999999999
1441.1,442.14649999999995
1441.2,442.1693425742575
1441.3,442.19280000000003
1441.4,442.2064
1441.5,442.21000000000004
1441.6,442.24180990099
1441.7,442.2537
1441.8,442.2815000000001
1441.9,442.23699999999985
1442.0,442.2440999999999
1442.1,442.2070623762379
1442.2,442.18243762376244
1442.3,442.1838
1442.4,442.1676
1442.5,442.15380000000005
1442.6,442.1562613861387
1442.7,442.09251386138584
1442.8,442.05
1442.9,442.05
1443.0,442.0926999999998
1443.1,442.1079811881188
1443.2,442.112
1443.3,442.11400000000003
1443.4,442.15200000000004
1443.5,442.15
1443.6,442.148
1443.7,442.1243970297028
1443.8,442.1413000000002
1443.9,442.13460000000003
1444.0,442.1335999999999
1444.1,442.1029168316834
1444.2,442.1048415841584
1444.3,442.07199999999995
1444.4,442.0358
1444.5,442.0342
1444.6,442.03000000000003
1444.7,442.02991485148516
1444.8,442.03
1444.9,441.9958000000001
1445.0,441.96430000000004
1445.1,441.9713435643564
1445.2,442.00830495049513
1445.3,442.0244
1445.4,442.0368
1445.5,442.02199999999993
1445.6,442.0224554455445
1445.7,442.0178663366336
1445.8,442.02750000000003
1445.9,442.0445
1446.0,442.06199999999995
1446.1,442.04155445544563
1446.2,442.0263366336634
1446.3,442.01839999999993
1446.4,442.0432000000001
1446.5,442.08
1446.6,442.09079999999994
1446.7,442.06257425742575
1446.8,442.0512
1446.9,442.04350000000005
1447.0,442.0253
1447.1,442.0247
1447.2,442.030495049505
1447.3,442.0191999999999
1447.4,442.0
1447.5,441.9792
1447.6,441.96000000000004
1447.7,441.980594059406
1447.8,442.0102
1447.9,442.0149
1448.0,442.0304
1448.1,441.9837
1448.2,441.95029702970317
1448.3,441.94039603960385
1448.4,441.9147
1448.5,441.9251
1448.6,441.9640999999998
1448.7,441.9904
1448.8,441.979702970297
1448.9,441.98040000000003
1449.0,441.96999999999997
1449.1,442.0083999999999
1449.2,442.0404
1449.3,442.0490099009902
1449.4,442.0747
1449.5,442.0612
1449.6,442.01650000000006
1449.7,441.99
1449.8,442.0039603960396
1449.9,441.99700000000007
1450.0,441.97
1450.1,441.9562000000001
1450.2,441.9308
1450.3,441.9382178217823
1450.4,441.96450000000004
1450.5,441.9655
1450.6,441.97349999999994
1450.7,441.972
1450.8,441.94554455445547
1450.9,441.9312
1451.0,441.94199999999995
1451.1,441.95240000000007
1451.2,441.9520000000001
1451.3,441.9451485148515
1451.4,441.8741999999999
1451.5,441.8486
1451.6,441.9072999999997
1451.7,441.9484999999999
1451.8,441.9412871287129
1451.9,441.991
1452.0,442.02
1452.1,442.03679999999997
1452.2,442.05159999999995
1452.3,442.03584158415845
1452.4,442.05460000000005
1452.5,442.0736000000001
1452.6,442.0336000000001
1452.7,442.01
1452.8,442.0221782178218
1452.9,442.0
1453.0,441.924
1453.1,441.896
1453.2,441.922
1453.3,441.97
1453.4,441.97
1453.5,441.96610000000004
1453.6,441.96389999999997
1453.7,441.9856000000001
1453.8,441.9906930693069
1453.9,441.9714
1454.0,442.02040000000005
1454.1,442.0472000000001
1454.2,441.98339999999996
1454.3,441.94
1454.4,441.9363
1454.5,441.94109999999995
1454.6,441.94520000000006
1454.7,441.9014999999998
1454.8,441.8773267326733
1454.9,441.8936
1455.0,441.8928
1455.1,441.87640000000005
1455.2,441.90240000000006
1455.3,441.95643564356436
1455.4,441.957
1455.5,441.963
1455.6,441.97099999999995
1455.7,442.00299999999993
1455.8,442.0073267326734
1455.9,442.0195999999999
1456.0,441.9902
1456.1,442.01339999999993
1456.2,442.0063999999999
1456.3,441.98
1456.4,441.98
1456.5,441.96020000000004
1456.6,441.93319999999994
1456.7,441.9467999999999
1456.8,441.9069306930693
1456.9,441.8768
1457.0,441.9051999999997
1457.1,441.95440000000025
1457.2,441.90006336633667
1457.3,441.8936633663366
1457.4,441.8738
1457.5,441.86
1457.6,441.86
1457.7,441.8475999999999
1457.8,441.8292079207921
1457.9,441.85
1458.0,441.81700000000023
1458.1,441.73400000000004
1458.2,441.7350000000001
1458.3,441.7551485148514
1458.4,441.7374
1458.5,441.7858
1458.6,441.8058
1458.7,441.8171
1458.8,441.82148514851485
1458.9,441.8416000000001
1459.0,441.82559999999995
1459.1,441.8567999999999
1459.2,441.89439999999996
1459.3,441.89663366336646
1459.4,441.9427
1459.5,441.93379999999996
1459.6,441.91159999999996
1459.7,441.95379999999994
1459.8,441.90465346534654
1459.9,441.88480000000004
1460.0,441.88039999999995
1460.1,441.8944000000001
1460.2,441.86300000000017
1460.3,441.9025742574257
1460.4,441.9125
1460.5,441.92
1460.6,441.9150000000001
1460.7,441.90500000000003
1460.8,441.92990099009904
1460.9,441.9624
1461.0,441.97479999999996
1461.1,441.97800000000007
1461.2,441.9376
1461.3,441.9252475247525
1461.4,441.89619999999996
1461.5,441.8431000000001
1461.6,441.8108000000001
1461.7,441.79610000000014
1461.8,441.8386138613861
1461.9,441.7978
1462.0,441.779
1462.1,441.74
1462.2,441.74440000000004
1462.3,441.7665346534653
1462.4,441.79420000000005
1462.5,441.7995000000001
1462.6,441.7579
1462.7,441.75
1462.8,441.75415841584163
1462.9,441.76800000000003
1463.0,441.758
1463.1,441.754
1463.2,441.75800000000004
1463.3,441.700099009901
1463.4,441.65240000000006
1463.5,441.63329999999985
1463.6,441.6975999999999
1463.7,441.73190000000005
1463.8,441.74376237623767
1463.9,441.7708
1464.0,441.8182
1464.1,441.8082
1464.2,441.8144
1464.3,441.8889108910891
1464.4,441.92830000000004
1464.5,441.91999999999996
1464.6,441.9132000000001
1464.7,441.87659999999994
1464.8,441.8549504950494
1464.9,441.8316
1465.0,441.83680000000004
1465.1,441.8184
1465.2,441.80039999999997
1465.3,441.7531683168317
1465.4,441.767
1465.5,441.7634999999999
1465.6,441.837
1465.7,441.82450000000006
1465.8,441.84554455445544
1465.9,441.81859999999995
1466.0,441.80159999999995
1466.1,441.7527999999999
1466.2,441.77001386138613
1466.3,441.7690445544555
1466.4,441.76
1466.5,441.7613
1466.6,441.7674
1466.7,441.7513
1466.8,441.7587128712871
1466.9,441.75120000000004
1467.0,441.76599999999985
1467.1,441.8135999999999
1467.2,441.8388
1467.3,441.83475247524757
1467.4,441.8634
1467.5,441.8045
1467.6,441.7578
1467.7,441.7410891089109
1467.8,441.7478217821782
1467.9,441.72299999999984
1468.0,441.6580000000001
1468.1,441.64199999999994
1468.2,441.6500396039602
1468.3,441.5593702970298
1468.4,441.5527
1468.5,441.5836
1468.6,441.6227
1468.7,441.6553465346535
1468.8,441.70938217821777
1468.9,441.70799999999986
1469.0,441.8024
1469.1,441.8316
1469.2,441.8468316831682
1469.3,441.81350000000003
1469.4,441.8565
1469.5,441.81280000000004
1469.6,441.84720000000016
1469.7,441.8093069306931
1469.8,441.7987999999999
1469.9,441.77460000000013
1470.0,441.68280000000016
1470.1,441.5658000000001
1470.2,441.49465346534623
1470.3,441.4095
1470.4,441.39499999999987
1470.5,441.29199999999986
1470.6,441.1365049504953
1470.7,441.0686297029704
1470.8,441.04800000000006
1470.9,440.99840000000006
1471.0,440.95880000000005
1471.1,440.93159603960396
1471.2,440.9703
1471.3,440.9781999999999
1471.4,440.91849999999994
1471.5,440.8703
1471.6,440.88148217821765
1471.7,440.92859999999973
1471.8,440.86
1471.9,440.86099999999993
1472.0,440.90900000000005
1472.1,440.86019801980194
1472.2,440.869803960396
1472.3,440.8699
1472.4,440.86030000000005
1472.5,440.89
1472.6,440.88940099009915
1472.7,440.83059405940605
1472.8,440.91
1472.9,440.91999999999996
1473.0,440.94
1473.1,440.98
1473.2,440.93
1473.3,440.84089405940574
1473.4,440.86969999999997
1473.5,440.84030000000007
1473.6,440.85979999999995
1473.7,440.879603960396
1473.8,440.89960594059403
1473.9,440.80199999999996
1474.0,440.81960000000004
1474.1,440.76120000000026
1474.2,440.77959999999996
1474.3,440.7994059405941
1474.4,440.7515000000001
1474.5,440.73060000000004
1474.6,440.75909999999993
1474.7,440.7406
1474.8,440.7207920792079
1474.9,440.6816
1475.0,440.72800000000007
1475.1,440.7683999999999
1475.2,440.8180000000001
1475.3,440.8105049504951
1475.4,440.93349999999987
1475.5,440.96849999999995
1475.6,440.9605
1475.7,440.9504999999999
1475.8,440.9688059405941
1475.9,441.0358000000001
1476.0,440.99300000000017
1476.1,440.94300000000015
1476.2,440.97732079207935
1476.3,440.9893069306931
1476.4,441.01789999999994
1476.5,441.01070000000004
1476.6,441.03790000000004
1476.7,441.0122841584158
1476.8,440.9456158415841
1476.9,440.90319999999997
1477.0,440.88160000000005
1477.1,440.82480000000015
1477.2,440.7562376237624
1477.3,440.7045178217822
1477.4,440.6909
1477.5,440.65360000000004
1477.6,440.6227
1477.7,440.61080990099015
1477.8,440.63700000000006
1477.9,440.5950000000001
1478.0,440.6349999999999
1478.1,440.64
1478.2,440.6133564356436
1478.3,440.6367435643565
1478.4,440.5955
1478.5,440.4654
1478.6,440.4678
1478.7,440.3812643564355
1478.8,440.3435762376237
1478.9,440.3488
1479.0,440.4027999999999
1479.1,440.40999999999997
1479.2,440.4363128712872
1479.3,440.41387425742573
1479.4,440.47960000000006
1479.5,440.59440000000006
1479.6,440.64479999999986
1479.7,440.70220000000006
1479.8,440.83059405940577
1479.9,440.8070000000001
1480.0,440.8429999999999
1480.1,440.8156
1480.2,440.81860000000006
1480.3,440.8029702970297
1480.4,440.8085
1480.5,440.75049999999993
1480.6,440.7485
1480.7,440.7074999999999
1480.8,440.74207920792077
1480.9,440.73316831683167
1481.0,440.73
1481.1,440.71320000000003
1481.2,440.71840000000003
1481.3,440.7031168316832
1481.4,440.7582346534654
1481.5,440.77
1481.6,440.8031999999999
1481.7,440.79339999999996
1481.8,440.76509999999996
1481.9,440.73534653465344
1482.0,440.7546
1482.1,440.7108
1482.2,440.7574
1482.3,440.7618
1482.4,440.7275247524752
1482.5,440.68760000000003
1482.6,440.66380000000004
1482.7,440.6681
1482.8,440.71860000000015
1482.9,440.73818019801985
1483.0,440.82003960396037
1483.1,440.856
1483.2,440.89200000000005
1483.3,440.892
1483.4,440.89792079207916
1483.5,440.8921
1483.6,440.8979
1483.7,440.8525999999998
1483.8,440.85580000000004
1483.9,440.84435643564353
1484.0,440.7854
1484.1,440.74660000000006
1484.2,440.71659999999997
1484.3,440.7022
1484.4,440.7
1484.5,440.6461000000001
1484.6,440.65309999999994
1484.7,440.64459999999997
1484.8,440.62459999999993
1484.9,440.5437623762375
1485.0,440.5884000000001
1485.1,440.5720000000001
1485.2,440.6056000000001
1485.3,440.5439999999999
1485.4,440.5425742574257
1485.5,440.5425
1485.6,440.5849999999999
1485.7,440.6075000000001
1485.8,440.6549257425743
1485.9,440.6997287128713
1486.0,440.7026
1486.1,440.67040000000014
1486.2,440.63039999999995
1486.3,440.64234653465354
1486.4,440.6865801980198
1486.5,440.6927
1486.6,440.7265
1486.7,440.68889999999993
1486.8,440.69912772277223
1486.9,440.68108910891084
1487.0,440.67719999999997
1487.1,440.7087999999999
1487.2,440.74160000000006
1487.3,440.7356712871287
1487.4,440.78700099009905
1487.5,440.7461
1487.6,440.6916
1487.7,440.6160999999999
1487.8,440.6393485148516
1487.9,440.63902970297033
1488.0,440.64399999999995
1488.1,440.67099999999994
1488.2,440.7080000000001
1488.3,440.72
1488.4,440.7337693069307
1488.5,440.7538
1488.6,440.7806999999999
1488.7,440.8107
1488.8,440.83359504950505
1488.9,440.8058732673268
1489.0,440.79
1489.1,440.72880000000015
1489.2,440.74760000000015
1489.3,440.74959999999993
1489.4,440.74683069306934
1489.5,440.7835
1489.6,440.82679999999993
1489.7,440.86010000000005
1489.8,440.91013366336637
1489.9,440.9167663366337
1490.0,440.93639999999994
1490.1,440.9566
1490.2,440.9401999999999
1490.3,440.91039603960394
1490.4,440.92600000000004
1490.5,440.9140000000001
1490.6,440.9389999999998
1490.7,440.8884999999999
1490.8,440.8371287128713
1490.9,440.8236
1491.0,440.83919999999995
1491.1,440.81160000000006
1491.2,440.8028000000001
1491.3,440.80366336633665
1491.4,440.81890000000004
1491.5,440.7796000000001
1491.6,440.72480000000013
1491.7,440.67849999999993
1491.8,440.7223762376238
1491.9,440.7538
1492.0,440.76239999999996
1492.1,440.9187999999999
1492.2,480.9008000000819
1492.3,543.1638613862045
1492.4,603.031499999957
1492.5,664.0846999998442
1492.6,712.1355999999025
1492.7,774.0438000001567
1492.8,835.0200000000413
1492.9,901.062
1493.0,965.876
1493.1,1026.942
1493.2,1080.9224554456314
1493.3,1100.708514851487
1493.4,1103.0784999999994
1493.5,1101.6501000000094
1493.6,1107.9963999999713
1493.7,1110.2566999999854
1493.8,1107.1723762376223
1493.9,1108.7374000000016
1494.0,1104.6403999999957
1494.1,1107.258399999975
1494.2,1088.2709999999813
1494.3,1070.7371287128717
1494.4,1072.646099999994
1494.5,1074.8028999999983
1494.6,1063.808600000032
1494.7,1048.5822999999657
1494.8,1035.1302970296763
1494.9,1021.5663999999886
1495.0,1012.0751999999936
1495.1,1004.6984000000125
1495.2,994.8371999999894
1495.3,984.3639603960416
1495.4,974.6810000000111
1495.5,966.1880000000084
1495.6,963.6099999999984
1495.7,966.8305000000161
1495.8,970.3059405940651
1495.9,969.6795999999956
1496.0,966.4952000000035
1496.1,967.0039999999885
1496.2,973.4768000000122
1496.3,977.7243564356437
1496.4,980.4257999999967
1496.5,985.7256999999961
1496.6,990.1383999999978
1496.7,990.8425999999977
1496.8,991.8999009901011
1496.9,996.067600000009
1497.0,998.7843999999996
1497.1,1001.5063999999876
1497.2,995.1667999999702
1497.3,984.0258415841536
1497.4,969.3420118811932
1497.5,957.9503000000001
1497.6,959.1581999999994
1497.7,959.8004999999971
1497.8,960.2254821782203
1497.9,962.735099009901
1498.0,962.6400000000067
1498.1,959.9900000000052
1498.2,959.8450000000047
1498.3,956.382227722803
1498.4,963.9700039604328
1498.5,978.768600000001
1498.6,984.5304999999852
1498.7,989.9176000000008
1498.8,988.6054999999986
1498.9,986.7231683168297
1499.0,987.8992000000003
1499.1,987.3724000000016
1499.2,987.990400000006
1499.3,985.2523999999955
1499.4,985.5923762376177
1499.5,994.4840000000056
1499.6,995.5118000000102
1499.7,997.1703000000078
1499.8,1001.5444999999975
1499.9,1007.2742574257381
1500.0,1020.436199999987
1500.1,1031.1895999999833
1500.2,1044.6778000000475
1500.3,1054.7870000000048
1500.4,1080.7957425742459
1500.5,1104.4570000000092
1500.6,1101.800499999978
1500.7,1107.2555000000048
1500.8,1112.0800000000063
1500.9,1114.5496039603959
1501.0,1111.6164000000044
1501.1,1107.415600000003
1501.2,1101.9335999999864
1501.3,1101.2927999999915
1501.4,1090.7778217821717
1501.5,1070.5615
1501.6,1069.6139000000067
1501.7,1068.8790000000022
1501.8,1062.9549999999754
1501.9,1048.6108910890996
1502.0,1034.3550000000073
1502.1,1022.7544000000023
1502.2,1015.4449999999778
1502.3,1004.9808000000048
1502.4,994.9433663366455
1502.5,986.7072000000176
1502.6,979.0286000000214
1502.7,969.791599999979
1502.8,964.4004386138627
1502.9,970.354514851485
1503.0,977.018
1503.1,974.5020000000059
1503.2,973.972
1503.3,975.296970297028
1503.4,978.4032772277308
1503.5,988.1416999999835
1503.6,992.6071000000022
1503.7,990.5727999999913
1503.8,988.1680801980185
1503.9,988.2593544554461
1504.0,990.0064000000011
1504.1,993.4339999999933
1504.2,998.327400000002
1504.3,1001.6764019801975
1504.4,995.0543752475585
1504.5,988.0976999999725
1504.6,997.8892000000045
1504.7,999.5077000000272
1504.8,1006.724059405949
1504.9,1009.6128000000011
1505.0,1007.4948000000059
1505.1,1004.1515999999816
1505.2,1009.7336000000059
1505.3,1013.7930693069306
1505.4,1014.7689999999961
1505.5,1011.6620000000171
1505.6,994.5555000000237
1505.7,970.7629999999003
1505.8,946.4195049504538
1505.9,937.0032000000026
1506.0,938.7825999999998
1506.1,941.287799999985
1506.2,944.621600000001
1506.3,944.160693069305
1506.4,942.1613000000002
1506.5,942.6259999999985
1506.6,943.7964000000006
1506.7,949.0177000000418
1506.8,971.0836633663407
1506.9,996.9524000000055
1507.0,1023.9039999998577
1507.1,1061.153599999985
1507.2,1069.3979247525008
1507.3,1083.4855168316994
1507.4,1097.155899999997
1507.5,1106.5769999999995
1507.6,1106.767300000001
1507.7,1102.1619386138386
1507.8,1098.1118712871312
1507.9,1103.097000000006
1508.0,1091.747000000121
1508.1,1057.9199999999742
1508.2,1061.3586534652807
1508.3,1051.38619405932
1508.4,1050.4287999999979
1508.5,1047.2475000000027
1508.6,1062.8747999999725
1508.7,1077.9694712871703
1508.8,1074.2593861387197
1508.9,1081.6480000000004
1509.0,1079.1124000000157
1509.1,1064.7976000000524
1509.2,1043.4429346534605
1509.3,1038.746069306922
1509.4,1027.0172999999918
1509.5,1015.6390999999934
1509.6,1005.8098000000056
1509.7,994.9246029702801
1509.8,983.4434336633495
1509.9,974.5278000000143
1510.0,966.6474000000006
1510.1,967.8637999999917
1510.2,972.9588970297089
1510.3,975.4627227722813
1510.4,977.8399999999987
1510.5,976.375
1510.6,977.4624999999621
1510.7,986.4088118811895
1510.8,988.5227247524742
1510.9,989.2796000000006
1511.0,989.2919999999979
1511.1,992.6671999999938
1511.2,999.3152237623642
1511.3,1004.1533435642554
1511.4,1004.3865000000003
1511.5,1004.3684000000057
1511.6,999.5297000000432
1511.7,989.1103000000057
1511.8,996.6243564356669
1511.9,1012.9571999999994
1512.0,1014.1511999999996
1512.1,1016.1253999999975
1512.2,1018.6505999999745
1512.3,1014.1081188118819
1512.4,1021.2582000000016
1512.5,1022.9994999999926
1512.6,1025.5168999999978
1512.7,1024.974699999988
1512.8,1013.8444554454946
1512.9,985.728
1513.0,969.6619999999999
1513.1,960.0740000000106
1513.2,949.7
1513.3,944.1966336633685
1513.4,940.8342999999899
1513.5,944.5446000000034
1513.6,943.4564999999973
1513.7,944.6127000000008
1513.8,943.5951485148371
1513.9,940.2820000000056
1514.0,957.1802000000171
1514.1,989.3447999999969
1514.2,1006.9748000000271
1514.3,1057.7477227722782
1514.4,1067.66689999998
1514.5,1080.556499999977
1514.6,1093.8436999999878
1514.7,1103.1367000000519
1514.8,1115.4078217821434
1514.9,1103.6107999999963
1515.0,1102.4368000000022
1515.1,1111.3464000000454
1515.2,1094.4767999999635
1515.3,1060.620792079207
1515.4,1057.9160000000109
1515.5,1050.313499999996
1515.6,1051.6240000000125
1515.7,1042.137999999998
1515.8,1046.6184158415583
1515.9,1073.5521999999798
1516.0,1063.003200000011
1516.1,1076.710199999989
1516.2,1079.7146000000005
1516.3,1076.820297029678
1516.4,1054.8975000000096
1516.5,1040.2432000000117
1516.6,1024.0246000000059
1516.7,1015.486199999973
1516.8,1006.7992079207963
1516.9,995.2239999999849
1517.0,983.7300000000253
1517.1,974.4944000000248
1517.2,964.7202732673038
1517.3,953.4460554455399
1517.4,967.2264999999989
1517.5,971.4646000000007
1517.6,968.7777999999994
1517.7,969.8743999999996
1517.8,972.5405940594063
1517.9,979.2539999999956
1518.0,977.3709999999926
1518.1,980.8049999999896
1518.2,985.036049504964
1518.3,986.4865415842551
1518.4,989.1118000000012
1518.5,993.7205000000001
1518.6,993.8456000000007
1518.7,991.395700000001
1518.8,994.354455445544
1518.9,980.2552000000078
1519.0,978.5427999999487
1519.1,1004.2324000000049
1519.2,1001.8708000000047
1519.3,1003.5137623762384
1519.4,1004.0133000000022
1519.5,1006.8847999999995
1519.6,1005.6983999999957
1519.7,1007.0886069306878
1519.8,1011.757833663252
1519.9,1012.4004000000016
1520.0,1009.3624000000443
1520.1,979.4115999999873
1520.2,988.3732712871374
1520.3,990.7746386138535
1520.4,988.3475000000009
1520.5,989.1455000000016
1520.6,990.6880000000056
1520.7,988.5590396039476
1520.8,978.2467287128824
1520.9,988.0316000000117
1521.0,973.7352000000423
1521.1,926.3920000000643
1521.2,856.4343287126909
1521.3,804.340563366376
1521.4,753.3763999999242
1521.5,701.3206000001477
1521.6,651.1021000001713
1521.7,593.3610851484327
1521.8,541.9648495048854
1521.9,498.0718000000211
1522.0,452.4678000000028
1522.1,446.4612000000004
1522.2,445.5370178217816
1522.3,445.3841495049504
1522.4,445.04709999999943
1522.5,444.75860000000034
1522.6,444.6189000000003
1522.7,444.50891089108893
1522.8,444.4
1522.9,444.3
1523.0,444.15
1523.1,444.05
1523.2,443.88
1523.3,443.72158415841545
1523.4,443.6408000000001
1523.5,443.60040000000004
1523.6,443.45150000000035
1523.7,443.4104980198019
1523.8,443.3217861386138
1523.9,443.2612
1524.0,443.14239999999995
1524.1,443.1693999999999
1524.2,443.1697089108912
1524.3,443.2185178217823
1524.4,443.2103
1524.5,443.1906
1524.6,443.17060000000004
1524.7,443.11228019801973
1524.8,443.01398811881177
1524.9,443.0196
1525.0,442.94319999999993
1525.1,442.90160000000014
1525.2,442.82396039603935
1525.3,442.78200000000004
1525.4,442.7515
1525.5,442.70250000000004
1525.6,442.6240000000001
1525.7,442.6294059405941
1525.8,442.6582000000001
1525.9,442.61299999999994
1526.0,442.63819999999987
1526.1,442.64939999999996
1526.2,442.56623762376205
1526.3,442.6065
1526.4,442.6286
1526.5,442.70439999999996
1526.6,442.70070000000004
1526.7,442.7092079207921
1526.8,442.6824
1526.9,442.6708
1527.0,442.7159999999999
1527.1,442.65560000000016
1527.2,442.65
1527.3,442.6318
1527.4,442.5754
1527.5,442.5973
1527.6,442.5545
1527.7,442.5045
1527.8,442.51801980198024
1527.9,442.53799999999995
1528.0,442.47700000000015
1528.1,442.5059999999999
1528.2,442.528
1528.3,442.5389
1528.4,442.5311
1528.5,442.4588
1528.6,442.51230000000004
1528.7,442.5376237623763
1528.8,442.46078811881165
1528.9,442.5027999999999
1529.0,442.49240000000003
1529.1,442.50759999999997
1529.2,442.52707722772277
1529.3,442.5126
1529.4,442.4926
1529.5,442.49
1529.6,442.4465000000002
1529.7,442.40563069306916
1529.8,442.4086
1529.9,442.40139999999997
1530.0,442.4344
1530.1,442.38840000000005
1530.2,442.41431485148524
1530.3,442.41151485148515
1530.4,442.41
1530.5,442.40999999999997
1530.6,442.4185
1530.7,442.5041584158419
1530.8,442.52
1530.9,442.46960000000007
1531.0,442.40960000000007
1531.1,442.41679999999997
1531.2,442.38673267326726
1531.3,442.38
1531.4,442.36339999999996
1531.5,442.37659999999994
1531.6,442.3468000000001
1531.7,442.3153465346535
1531.8,442.33459999999997
1531.9,442.4056
1532.0,442.4282
1532.1,442.4874
1532.2,442.4918811881188
1532.3,442.53860000000014
1532.4,442.55
1532.5,442.57429999999994
1532.6,442.56380000000007
1532.7,442.5920792079208
1532.8,442.568
1532.9,442.544
1533.0,442.49247524752485
1533.1,442.4326000000001
1533.2,442.4121
1533.3,442.39419999999996
1533.4,442.3584000000001
1533.5,442.3265346534654
1533.6,442.3433999999999
1533.7,442.2954
1533.8,442.2566
1533.9,442.22659999999996
1534.0,442.22
1534.1,442.23575445544543
1534.2,442.21685445544546
1534.3,442.2023
1534.4,442.18460000000005
1534.5,442.18769999999995
1534.6,442.16690000000006
1534.7,442.1677
1534.8,442.200495049505
1534.9,442.2328
1535.0,442.20199999999994
1535.1,442.2127999999999
1535.2,442.17439999999993
1535.3,442.19040000000007
1535.4,442.2151247524753
1535.5,442.2425247524752
1535.6,442.2275
1535.7,442.23500000000007
1535.8,442.24
1535.9,442.255
1536.0,442.2673227722772
1536.1,442.2626
1536.2,442.2748
1536.3,442.2726
1536.4,442.2476534653465
1536.5,442.21080000000006
1536.6,442.2
1536.7,442.1781
1536.8,442.19919999999996
1536.9,442.2098554455446
1537.0,442.22445544554455
1537.1,442.2443999999999
1537.2,442.27880000000005
1537.3,442.34040000000016
1537.4,442.3528712871287
1537.5,442.3642
1537.6,442.37
1537.7,442.34869999999995
1537.8,442.3045
1537.9,442.28297029702975
1538.0,442.273
1538.1,442.29099999999994
1538.2,442.293
1538.3,442.21299999999974
1538.4,442.2077227722773
1538.5,442.2338
1538.6,442.26069999999993
1538.7,442.2493
1538.8,442.267395049505
1538.9,442.2664
1539.0,442.24640000000005
1539.1,442.2264
1539.2,442.1995999999999
1539.3,442.21013069306935
1539.4,442.199703960396
1539.5,442.12969999999996
1539.6,442.1200999999999
1539.7,442.0965
1539.8,442.1065346534653
1539.9,442.1068
1540.0,442.09999999999997
1540.1,442.1329999999999
1540.2,442.1632000000001
1540.3,442.17653465346535
1540.4,442.21900000000005
1540.5,442.24
1540.6,442.24649999999997
1540.7,442.2695
1540.8,442.27356435643566
1540.9,442.27639999999997
1541.0,442.2928
1541.1,442.28720000000004
1541.2,442.28
1541.3,442.28
1541.4,442.26739999999995
1541.5,442.3103999999999
1541.6,442.30850000000015
1541.7,442.30260000000004
1541.8,442.3224752475248
1541.9,442.3176
1542.0,442.31
1542.1,442.31
1542.2,442.2852
1542.3,442.28227722772283
1542.4,442.25340000000006
1542.5,442.21780000000007
1542.6,442.22219999999993
1542.7,442.21779999999995
1542.8,442.2159792079208
1542.9,442.1838811881188
1543.0,442.15999999999997
1543.1,442.148
1543.2,442.1700000000001
1543.3,442.1603564356435
1543.4,442.1576188118812
1543.5,442.18179999999995
1543.6,442.19
1543.7,442.17819999999995
1543.8,442.15825841584154
1543.9,442.1326831683168
1544.0,442.1316
1544.1,442.1516
1544.2,442.1368
1544.3,442.1430277227723
1544.4,442.1714425742574
1544.5,442.15150000000006
1544.6,442.1243
1544.7,442.1428000000001
1544.8,442.15435643564354
1544.9,442.1330693069307
1545.0,442.12559999999996
1545.1,442.13559999999995
1545.2,442.15680000000003
1545.3,442.17
1545.4,442.1422772277228
1545.5,442.10900000000004
1545.6,442.111
1545.7,442.1034999999999
1545.8,442.11750000000006
1545.9,442.16178217821783
1546.0,442.2016
1546.1,442.2254
1546.2,442.23
1546.3,442.2083999999999
1546.4,442.2113861386139
1546.5,442.2247
1546.6,442.1988
1546.7,442.1906
1546.8,442.1947
1546.9,442.1952475247525
1547.0,442.1948
1547.1,442.19
1547.2,442.1848
1547.3,442.1748
1547.4,442.1545544554455
1547.5,442.1502
1547.6,442.1651
1547.7,442.17510000000004
1547.8,442.1902
1547.9,442.2
1548.0,442.21
1548.1,442.2000000000001
1548.2,442.18
1548.3,442.17499999999995
1548.4,442.1850495049505
1548.5,442.1902504950495
1548.6,442.19469999999995
1548.7,442.1855
1548.8,442.1453
1548.9,442.14455445544553
1549.0,442.14054257425744
1549.1,442.10080000000005
1549.2,442.0655999999999
1549.3,442.0692
1549.4,442.08035247524754
1549.5,442.05109504950497
1549.6,442.01590000000004
1549.7,442.0282
1549.8,442.0506
1549.9,442.01654653465346
1550.0,441.9946534653465
1550.1,442.01839999999993
1550.2,442.0169999999998
1550.3,441.99
1550.4,441.99
1550.5,442.0036633663366
1550.6,442.04249999999985
1550.7,442.0655
1550.8,442.08250000000004
1550.9,442.1145
1551.0,442.0977227722772
1551.1,442.07439999999997
1551.2,442.1064000000001
1551.3,442.14
1551.4,442.1444
1551.5,442.15435643564354
1551.6,442.1299000000002
1551.7,442.0857
1551.8,442.0757
1551.9,442.0398999999999
1552.0,442.03831683168323
1552.1,442.07320000000004
1552.2,442.05
1552.3,442.0332
1552.4,442.01
1552.5,442.01
1552.6,442.03459999999984
1552.7,442.05769999999995
1552.8,442.0276999999999
1552.9,442.01
1553.0,442.0181188118812
1553.1,442.01800000000003
1553.2,442.008
1553.3,442.024
1553.4,442.042
1553.5,442.0481188118812
1553.6,442.0222
1553.7,442.0061
1553.8,442.0195000000001
1553.9,442.0461
1554.0,442.03999999999996
1554.1,442.0476
1554.2,442.0638
1554.3,442.0624
1554.4,442.0386
1554.5,442.01255049504954
1554.6,442.00363762376236
1554.7,442.02480000000014
1554.8,442.0351999999999
1554.9,442.0063
1555.0,442.0110633663366
1555.1,442.0156633663368
1555.2,442.0008
1555.3,442.01279999999997
1555.4,442.0072
1555.5,442.01636435643564
1555.6,442.01006435643563
1555.7,441.98199999999974
1555.8,441.9510000000001
1555.9,441.99
1556.0,442.0109653465346
1556.1,442.0464693069307
1556.2,442.03999999999996
1556.3,442.0366
1556.4,442.0436000000001
1556.5,442.053
1556.6,442.0099009900991
1556.7,441.99660000000006
1556.8,442.0199
1556.9,442.0235
1557.0,441.99
1557.1,441.97693069306933
1557.2,441.96600000000007
1557.3,441.97119999999984
1557.4,441.9068
1557.5,441.9095999999999
1557.6,441.95851485148495
1557.7,442.01379999999995
1557.8,441.9814
1557.9,441.94
1558.0,441.9431
1558.1,441.940792079208
1558.2,441.91399999999993
1558.3,441.8909999999999
1558.4,441.88500000000005
1558.5,441.8900000000002
1558.6,441.82297029702966
1558.7,441.8387
1558.8,441.8687
1558.9,441.8987
1559.0,441.9113
1559.1,441.91009900990093
1559.2,441.96
1559.3,441.9572
1559.4,441.9611999999999
1559.5,441.98440000000005
1559.6,441.9672277227723
1559.7,441.9627
1559.8,441.96999999999997
1559.9,441.96459999999996
1560.0,441.9419
1560.1,441.9119801980198
1560.2,441.8847999999999
1560.3,441.8569999999999
1560.4,441.8044000000001
1560.5,441.7807999999999
1560.6,441.8322772277228
1560.7,441.82000000000005
1560.8,441.8349999999999
1560.9,441.7925
1561.0,441.77750000000003
1561.1,441.69514851485167
1561.2,441.64759999999995
1561.3,441.65439999999995
1561.4,441.7167999999999
1561.5,441.76520000000005
1561.6,441.7404237623763
1561.7,441.70041881188104
1561.8,441.6723
1561.9,441.68
1562.0,441.69379999999984
1562.1,441.74683168316824
1562.2,441.76339999999993
1562.3,441.751
1562.4,441.7658
1562.5,441.6866
1562.6,441.71659999999997
1562.7,441.7592910891092
1562.8,441.8384000000001
1562.9,441.87630000000007
1563.0,441.89790000000005
1563.1,441.9066752475245
1563.2,441.98023762376243
1563.3,442.028
1563.4,442.064
1563.5,442.08
1563.6,442.0740594059406
1563.7,442.04983960396044
1563.8,442.0481
1563.9,442.03620000000006
1564.0,442.01430000000005
1564.1,441.99186237623763
1564.2,441.9928
1564.3,441.9564
1564.4,441.9364
1564.5,441.91099999999994
1564.6,441.87721782178215
1564.7,441.9101643564356
1564.8,441.89469999999983
1564.9,441.82679999999993
1565.0,441.8481000000001
1565.1,441.7781000000001
1565.2,441.7216831683169
1565.3,441.7316
1565.4,441.7416
1565.5,441.75
1565.6,441.74360000000013
1565.7,441.71158415841586
1565.8,441.71400000000006
1565.9,441.683
1566.0,441.7
1566.1,441.703
1566.2,441.7139999999999
1566.3,441.68445544554453
1566.4,441.7029999999999
1566.5,441.6698
1566.6,441.73419999999993
1566.7,441.7586
1566.8,441.75
1566.9,441.74584158415837
1567.0,441.72389999999996
1567.1,441.75649999999996
1567.2,441.79869999999994
1567.3,441.78999999999996
1567.4,441.7835
1567.5,441.74257425742576
1567.6,441.7588
1567.7,441.7451999999999
1567.8,441.71360000000004
1567.9,441.7412
1568.0,441.7535999999999
1568.1,441.77762376237627
1568.2,441.7655
1568.3,441.8144
1568.4,441.8522
1568.5,441.8755
1568.6,441.9243564356436
1568.7,441.9630000000001
1568.8,441.99
1568.9,441.9940000000001
1569.0,442.0250000000001
1569.1,441.98198019801976
1569.2,441.9991
1569.3,441.9909
1569.4,441.9955
1569.5,441.95180000000005
1569.6,441.9637178217822
1569.7,441.90240000000006
1569.8,441.9227999999998
1569.9,441.8447999999999
1570.0,441.89680000000004
1570.1,441.86237623762366
1570.2,441.8886920792079
1570.3,441.86929999999995
1570.4,441.86
1570.5,441.86069999999995
1570.6,441.86306930693104
1570.7,441.76819999999987
1570.8,441.74180000000007
1570.9,441.7694
1571.0,441.75880000000006
1571.1,441.7405940594059
1571.2,441.7485
1571.3,441.72100000000006
1571.4,441.7385
1571.5,441.71200000000005
1571.6,441.7509999999999
1571.7,441.77417029702985
1571.8,441.8604
1571.9,441.8688000000001
1572.0,441.8404
1572.1,441.85119999999995
1572.2,441.88
1572.3,441.8794
1572.4,441.85789999999986
1572.5,441.7920999999998
1572.6,441.85970000000003
1572.7,441.849405940594
1572.8,441.8288
1572.9,441.7716
1573.0,441.8496
1573.1,441.829
1573.2,441.78
1573.3,441.7801
1573.4,441.79030000000006
1573.5,441.82009999999997
1573.6,441.8291000000002
1573.7,441.74
1573.8,441.74
1573.9,441.81
1574.0,441.8
1574.1,441.84000000000003
1574.2,441.85
1574.3,441.81039603960386
1574.4,441.7704000000001
1574.5,441.75020000000006
1574.6,441.75989999999996
1574.7,441.8095000000001
1574.8,441.7805940594059
1574.9,441.7408
1575.0,441.75960000000003
1575.1,441.75020000000006
1575.2,441.82840000000004
1575.3,441.839702970297
1575.4,441.87879999999996
1575.5,441.88969999999995
1575.6,441.9384999999999
1575.7,441.90119999999985
1575.8,441.88059999999996
1575.9,441.8607920792079
1576.0,441.8216
1576.1,441.7432000000003
1576.2,441.66319999999996
1576.3,441.65999999999997
1576.4,441.6312
1576.5,441.5634653465347
1576.6,441.5505
1576.7,441.53099999999995
1576.8,441.568
1576.9,441.55100000000004
1577.0,441.6069999999999
1577.1,441.63849999999996
1577.2,441.6776237623763
1577.3,441.6612
1577.4,441.66940000000005
1577.5,441.68879999999996
1577.6,441.6618000000001
1577.7,441.6976000000001
1577.8,441.7
1577.9,441.7
1578.0,441.7
1578.1,441.6447524752477
1578.2,441.63079999999997
1578.3,441.63
1578.4,441.6392
1578.5,441.64919999999995
1578.6,441.66839999999996
1578.7,441.67
1578.8,441.66089999999997
1578.9,441.6509
1579.0,441.5681
1579.1,441.5691
1579.2,441.63370000000003
1579.3,441.65819999999997
1579.4,441.68703960396033
1579.5,441.69
1579.6,441.69899999999996
1579.7,441.7
1579.8,441.691
1579.9,441.672
1580.0,441.6967326732673
1580.1,441.6644
1580.2,441.63329999999996
1580.3,441.5855
1580.4,441.5533
1580.5,441.5589
1580.6,441.52448811881186
1580.7,441.52
1580.8,441.5112
1580.9,441.4748000000001
1581.0,441.5227999999999
1581.1,441.55639999999994
1581.2,441.5777742574258
1581.3,441.5887
1581.4,441.6074
1581.5,441.5752
1581.6,441.5613000000001
1581.7,441.55129999999997
1581.8,441.5674
1581.9,441.60454158415837
1582.0,441.54975841584167
1582.1,441.54
1582.2,441.53139999999996
1582.3,441.53
1582.4,441.5128
1582.5,441.5101702970297
1582.6,441.46744059405955
1582.7,441.50250000000005
1582.8,441.45899999999995
1582.9,441.45
1583.0,441.48400000000004
1583.1,441.4984158415841
1583.2,441.4915841584158
1583.3,441.49
1583.4,441.5068
1583.5,441.5184
1583.6,441.55359999999996
1583.7,441.5181663366335
1583.8,441.568184158416
1583.9,441.60490000000004
1584.0,441.60170000000005
1584.1,441.6
1584.2,441.6
1584.3,441.624406930693
1584.4,441.6300178217822
1584.5,441.6382
1584.6,441.6728
1584.7,441.7292
1584.8,441.699
1584.9,441.70640000000003
1585.0,441.71811881188114
1585.1,441.6957000000001
1585.2,441.7062000000001
1585.3,441.72620000000006
1585.4,441.6894999999999
1585.5,441.66380000000004
1585.6,441.69248019801967
1585.7,441.62788118811875
1585.8,441.61
1585.9,441.61800000000005
1586.0,441.572
1586.1,441.552
1586.2,441.55
1586.3,441.55
1586.4,441.55789999999996
1586.5,441.57579999999996
1586.6,441.54050000000007
1586.7,441.55370000000005
1586.8,441.55999999999995
1586.9,441.5521782178218
1587.0,441.56562178217825
1587.1,441.57779999999997
1587.2,441.5566
1587.3,441.5032
1587.4,441.51340000000005
1587.5,441.52
1587.6,441.5045544554456
1587.7,441.5231000000001
1587.8,441.53770000000003
1587.9,441.55539999999996
1588.0,441.59849999999994
1588.1,441.6484999999999
1588.2,441.637204950495
1588.3,441.61477623762374
1588.4,441.58719999999994
1588.5,441.5724
1588.6,441.57
1588.7,441.53959999999995
1588.8,441.53000000000003
1588.9,441.5074504950495
1589.0,441.45500000000004
1589.1,441.40250000000003
1589.2,441.4275000000002
1589.3,441.46250000000003
1589.4,441.53007425742567
1589.5,441.54257425742577
1589.6,441.5474
1589.7,441.6388000000002
1589.8,484.20520000007843
1589.9,546.7246000000878
1590.0,609.4738613861302
1590.1,670.7853999999584
1590.2,721.7133000000258
1590.3,785.3409999999525
1590.4,844.5070999999623
1590.5,904.9574257424395
1590.6,972.0423999998119
1590.7,1035.8216000001123
1590.8,1045.5023999999808
1590.9,1042.3815999999997
1591.0,1038.7770297029685
1591.1,1046.920799999997
1591.2,1050.198099999999
1591.3,1052.985899999999
1591.4,1085.46999999999
1591.5,1109.407227722746
1591.6,1111.5820000000083
1591.7,1111.0220000000018
1591.8,1083.5229999999099
1591.9,1069.7500000000025
1592.0,1067.630099009902
1592.1,1066.7533000000012
1592.2,1053.1166999999957
1592.3,1040.7778999999978
1592.4,1025.884999999996
1592.5,1011.1620792079366
1592.6,1004.1980000000071
1592.7,997.727599999979
1592.8,989.2315999999757
1592.9,982.956000000002
1593.0,974.035049504952
1593.1,964.9022000000198
1593.2,967.7981000000059
1593.3,973.3404000000029
1593.4,975.7787000000011
1593.5,974.8439603960411
1593.6,974.6411999999989
1593.7,974.728599999999
1593.8,981.0188000000016
1593.9,981.835784158334
1594.0,985.7567920791458
1594.1,992.1054999999814
1594.2,992.4209999999971
1594.3,991.3064999999995
1594.4,998.0990000000121
1594.5,1001.6562376237624
1594.6,1001.8927999999995
1594.7,1007.5072000000309
1594.8,998.3551999999861
1594.9,990.5108000000014
1595.0,975.2209900990607
1595.1,968.2623999999927
1595.2,964.8896999999893
1595.3,963.4725000000028
1595.4,962.7654999999966
1595.5,968.0953465346565
1595.6,968.6776000000024
1595.7,969.0578000000047
1595.8,972.2455999999986
1595.9,971.7032000000012
1596.0,980.4112871286861
1596.1,989.655399999987
1596.2,998.3334000000224
1596.3,1002.5206999999997
1596.4,999.962900000003
1596.5,999.1995049504937
1596.6,997.494
1596.7,996.8300000000025
1596.8,991.9
1596.9,992.908
1597.0,990.8576237623867
1597.1,992.0145999999838
1597.2,992.6857999999891
1597.3,995.6572000000201
1597.4,997.7959000000004
1597.5,1006.682871287119
1597.6,1019.662599999977
1597.7,1031.716000000006
1597.8,1041.7608000000034
1597.9,1053.3314000000064
1598.0,1087.0808910890746
1598.1,1099.1071000000238
1598.2,1096.734100000021
1598.3,1106.030100000004
1598.4,1115.022099999988
1598.5,1117.6787128712872
1598.6,1113.6852000000104
1598.7,1108.2567999999958
1598.8,1107.6752000000024
1598.9,1112.4452000000058
1599.0,1092.720297029712
1599.1,1072.669500000004
1599.2,1071.8710000000049
1599.3,1072.9005000000006
1599.4,1064.8270000000173
1599.5,1051.1961435643839
1599.6,1038.075924752519
1599.7,1024.7647999999824
1599.8,1012.6785999999843
1599.9,1003.2665999999895
1600.0,993.8861821782151
1600.1,983.7472900990167
1600.2,973.016599999983
1600.3,964.1834000000042
1600.4,964.9010999999953
1600.5,970.0445594059341
1600.6,971.3382851485172
1600.7,969.3543999999945
1600.8,970.0892000000076
1600.9,971.1479999999966
1601.0,975.8031999999941
1601.1,981.9908910891058
1601.2,984.3770000000053
1601.3,987.6583999999991
1601.4,989.4329
1601.5,987.6827000000008
1601.6,989.55386138613
1601.7,993.2450000000014
1601.8,991.104999999989
1601.9,993.9150000000001
1602.0,988.9050000000467
1602.1,979.3875247524704
1602.2,965.2392999999931
1602.3,950.6608000000006
1602.4,949.9641999999992
1602.5,950.351500000001
1602.6,954.8938613861351
1602.7,956.3999999999945
1602.8,956.7952000000016
1602.9,961.3643999999886
1603.0,963.305200000005
1603.1,961.8747524752475
1603.2,970.2883000000122
1603.3,981.0813000000019
1603.4,989.0554000000094
1603.5,995.031099999998
1603.6,994.9525742574249
1603.7,995.6669999999934
1603.8,990.0887999999894
1603.9,987.5677999999918
1604.0,987.6190000000092
1604.1,982.8633663366389
1604.2,980.7404999999978
1604.3,978.6144999999974
1604.4,981.2060000000098
1604.5,989.6654999999924
1604.6,992.2407920792177
1604.7,996.3784000000244
1604.8,1009.6631999999897
1604.9,1020.0059999999917
1605.0,1031.7651999999864
1605.1,1043.5688118811743
1605.2,1070.950800000085
1605.3,1100.4608999999962
1605.4,1098.7659999999987
1605.5,1097.5618000000006
1605.6,1102.777326732646
1605.7,1112.1706000000052
1605.8,1110.6106000000032
1605.9,1107.8875999999987
1606.0,1111.0415999999987
1606.1,1112.9238613861382
1606.2,1099.4336999999316
1606.3,1076.8481999999858
1606.4,1074.5135000000007
1606.5,1078.7568999999899
1606.6,1079.0997029703137
1606.7,1069.382
1606.8,1054.942
1606.9,1043.394
1607.0,1030.674
1607.1,1020.2247524752526
1607.2,1012.9477999999775
1607.3,1002.0372999999652
1607.4,988.684499999991
1607.5,977.5800000000185
1607.6,968.1398019802268
1607.7,966.8266000000059
1607.8,975.8990000000013
1607.9,977.8524000000004
1608.0,977.2363999999985
1608.1,974.0435643564366
1608.2,976.6110000000364
1608.3,985.1296000000026
1608.4,986.1033000000015
1608.5,985.9443999999982
1608.6,987.3936633663319
1608.7,990.9768000000058
1608.8,994.5523999999987
1608.9,995.0432000000036
1609.0,998.5963999999979
1609.1,1000.0751485148547
1609.2,993.3434999999421
1609.3,981.5789999999961
1609.4,970.5240000000315
1609.5,952.3540000000004
1609.6,953.0452475247475
1609.7,955.2354000000017
1609.8,956.1238000000001
1609.9,956.2516000000004
1610.0,957.7393999999993
1610.1,959.804950495053
1610.2,959.8460000000076
1610.3,963.5673999999967
1610.4,971.9938999999893
1610.5,982.2339287128722
1610.6,985.4803485148354
1610.7,994.1800000000028
1610.8,994.329599999995
1610.9,992.9984000000006
1611.0,992.807200000011
1611.1,991.5396039603871
1611.2,991.54319999997
1611.3,984.2361000000002
1611.4,980.8057000000022
1611.5,978.9636999999966
1611.6,988.9199009901006
1611.7,990.115000000019
1611.8,997.6430000000128
1611.9,1004.2520000000081
1612.0,1013.13499999998
1612.1,1024.3481188118321
1612.2,1040.6240000000034
1612.3,1053.2201000000018
1612.4,1070.7382000000093
1612.5,1104.192400000003
1612.6,1111.3880198019833
1612.7,1108.012800000026
1612.8,1114.691999999999
1612.9,1114.6743999999971
1613.0,1112.9104752475469
1613.1,1104.1341366337892
1613.2,1103.2242000000037
1613.3,1106.907599999999
1613.4,1101.1705999999876
1613.5,1082.2836999999859
1613.6,1065.632178217821
1613.7,1064.5204000000383
1613.8,1073.9890000000044
1613.9,1070.2968000000278
1614.0,1051.828000000018
1614.1,1038.5796039604213
1614.2,1026.3124999999898
1614.3,1017.41749999999
1614.4,1008.3049999999887
1614.5,998.344430693063
1614.6,988.3457425742665
1614.7,978.7115999999747
1614.8,968.0408000000119
1614.9,961.3423999999877
1615.0,972.3367485148473
1615.1,974.4912099009925
1615.2,973.471399999997
1615.3,972.5875000000036
1615.4,976.1531000000043
1615.5,982.358999999999
1615.6,983.423465346526
1615.7,986.9694000000101
1615.8,989.4144000000002
1615.9,989.1851999999997
1616.0,991.4379999999965
1616.1,996.3213861386191
1616.2,992.9375000000118
1616.3,998.611900000011
1616.4,999.3377999999816
1616.5,985.002120792089
1616.6,976.8185940594238
1616.7,959.468
1616.8,957.0920000000001
1616.9,956.2819999999999
1617.0,955.8603960396239
1617.1,959.1583524753285
1617.2,959.3948999999918
1617.3,957.2392000000044
1617.4,956.7443000000287
1617.5,948.6824257425387
1617.6,965.6484356435273
1617.7,978.7886000000018
1617.8,974.1219999999805
1617.9,938.6647999999998
1618.0,938.3812000000006
1618.1,939.6386138613863
1618.2,940.4363000000012
1618.3,939.9558999999897
1618.4,936.2288999999982
1618.5,935.7481495049641
1618.6,927.0226297029886
1618.7,911.2103999999562
1618.8,868.0683999999854
1618.9,847.2087999999578
1619.0,799.342851485138
1619.1,744.4852425744143
1619.2,695.2049999998605
1619.3,643.0520000000661
1619.4,586.9480000000508
1619.5,540.0749405941272
1619.6,483.88522376243384
1619.7,450.06039999999365
1619.8,446.03359999999964
1619.9,445.7791999999997
1620.0,445.55372475247503
1620.1,445.3072108910894
1620.2,445.1274999999992
1620.3,444.8892000000001
1620.4,444.73570000000007
1620.5,444.61666435643576
1620.6,444.44241584158436
1620.7,444.3007999999997
1620.8,444.1443999999998
1620.9,444.01199999999983
1621.0,443.86693069306955
1621.1,443.7601000000001
1621.2,443.6657
1621.3,443.539
1621.4,443.4379
1621.5,443.3334653465347
1621.6,443.27600000000007
1621.7,443.23299999999983
1621.8,443.171
1621.9,443.16899999999976
1622.0,443.07099009900986
1622.1,443.07640000000004
1622.2,443.04089999999997
1622.3,443.0473
1622.4,443.02
1622.5,443.0110891089109
1622.6,442.92159999999996
1622.7,442.94160000000005
1622.8,442.95439999999985
1622.9,442.89239999999995
1623.0,442.92
1623.1,442.92069999999995
1623.2,442.9265
1623.3,442.8786
1623.4,442.8572
1623.5,442.8213861386139
1623.6,442.8394
1623.7,442.82759999999985
1623.8,442.79060000000004
1623.9,442.7970237623763
1624.0,442.75
1624.1,442.74650000000025
1624.2,442.68100000000004
1624.3,442.70150000000007
1624.4,442.7314851485149
1624.5,442.7610851485149
1624.6,442.7796
1624.7,442.77080000000007
1624.8,442.79159999999996
1624.9,442.8311960396039
1625.0,442.85919603960406
1625.1,442.8294000000001
1625.2,442.81120000000004
1625.3,442.84789999999987
1625.4,442.77969702970296
1625.5,442.7678178217824
1625.6,442.6904
1625.7,442.7095999999999
1625.8,442.69
1625.9,442.68940000000003
1626.0,442.65920792079214
1626.1,442.6203999999999
1626.2,442.65959999999995
1626.3,442.61929999999984
1626.4,442.55010000000004
1626.5,442.5604950495048
1626.6,442.61
1626.7,442.61
1626.8,442.56
1626.9,442.56
1627.0,442.590099009901
1627.1,442.64940396039594
1627.2,442.5905999999999
1627.3,442.59990000000005
1627.4,442.61979999999994
1627.5,442.669205940594
1627.6,442.6013900990102
1627.7,442.5608
1627.8,442.5992
1627.9,442.6098
1628.0,442.57079999999996
1628.1,442.5408910891089
1628.2,442.54970000000003
1628.3,442.5791000000001
1628.4,442.4927000000001
1628.5,442.4706
1628.6,442.479603960396
1628.7,442.4896
1628.8,442.4323999999999
1628.9,442.43960000000004
1629.0,442.39199999999994
1629.1,442.38049504950493
1629.2,442.31349999999975
1629.3,442.31
1629.4,442.32899999999995
1629.5,442.36799999999994
1629.6,442.3417821782179
1629.7,442.35880000000003
1629.8,442.40700000000004
1629.9,442.38179999999994
1630.0,442.36101386138625
1630.1,442.4158346534653
1630.2,442.4479000000001
1630.3,442.45
1630.4,442.4128
1630.5,442.42869207920796
1630.6,442.4391920792079
1630.7,442.45840000000004
1630.8,442.39559999999983
1630.9,442.39
1631.0,442.3808910891089
1631.1,442.3436089108911
1631.2,442.3309
1631.3,442.3118
1631.4,442.31
1631.5,442.28297029702975
1631.6,442.2350000000001
1631.7,442.22099999999995
1631.8,442.21999999999997
1631.9,442.2649999999999
1632.0,442.2789108910891
1632.1,442.2533
1632.2,442.25
1632.3,442.2411
1632.4,442.2845
1632.5,442.3252475247524
1632.6,442.33
1632.7,442.3564000000001
1632.8,442.36
1632.9,442.33360000000005
1633.0,442.33871287128716
1633.1,442.3660999999999
1633.2,442.3352
1633.3,442.3474
1633.4,442.35
1633.5,442.37584158415837
1633.6,442.3886
1633.7,442.3814
1633.8,442.3628
1633.9,442.3514
1634.0,442.35
1634.1,442.31600000000014
1634.2,442.34400000000005
1634.3,442.3585
1634.4,442.3089999999999
1634.5,442.3168316831683
1634.6,442.2528000000001
1634.7,442.24
1634.8,442.2484
1634.9,442.2668
1635.0,442.2367326732674
1635.1,442.2880999999998
1635.2,442.3
1635.3,442.30830000000003
1635.4,442.31
1635.5,442.2771287128713
1635.6,442.28639999999996
1635.7,442.2654
1635.8,442.22720000000004
1635.9,442.16260000000005
1636.0,442.1581188118812
1636.1,442.1681
1636.2,442.1294999999999
1636.3,442.18480000000017
1636.4,442.15156039603954
1636.5,442.1640594059406
1636.6,442.154
1636.7,442.19000000000005
1636.8,442.224
1636.9,442.302
1637.0,442.35168316831675
1637.1,442.3284000000001
1637.2,442.2883999999999
1637.3,442.29580000000004
1637.4,442.3316
1637.5,442.34
1637.6,442.3166000000001
1637.7,442.2788
1637.8,442.2778
1637.9,442.2878
1638.0,442.2745544554456
1638.1,442.27
1638.2,442.23149999999987
1638.3,442.2045999999999
1638.4,442.14610000000005
1638.5,442.1376237623762
1638.6,442.14
1638.7,442.1476
1638.8,442.1652
1638.9,442.1472
1639.0,442.1400495049505
1639.1,442.155
1639.2,442.19000000000017
1639.3,442.2375
1639.4,442.28007425742567
1639.5,442.2973742574257
1639.6,442.31479999999993
1639.7,442.3274
1639.8,442.3078
1639.9,442.27794653465344
1640.0,442.2626198019802
1640.1,442.2527
1640.2,442.2354
1640.3,442.21540000000005
1640.4,442.2246
1640.5,442.19386138613874
1640.6,442.17280000000005
1640.7,442.1195999999999
1640.8,442.11440000000005
1640.9,442.1344
1641.0,442.17564356435645
1641.1,442.1758
1641.2,442.2197000000001
1641.3,442.2684
1641.4,442.2374
1641.5,442.23405940594057
1641.6,442.21900000000005
1641.7,442.23800000000006
1641.8,442.25700000000006
1641.9,442.25300000000004
1642.0,442.20841584158416
1642.1,442.17620000000005
1642.2,442.14930000000004
1642.3,442.1331
1642.4,442.1852
1642.5,442.1895049504951
1642.6,442.16640000000007
1642.7,442.1736000000001
1642.8,442.17319999999995
1642.9,442.21079999999995
1643.0,442.2165346534654
1643.1,442.1899000000001
1643.2,442.15319999999997
1643.3,442.11990000000003
1643.4,442.0698
1643.5,442.05
1643.6,442.0368
1643.7,441.98379999999975
1643.8,441.9336
1643.9,441.89360000000005
1644.0,441.8930693069306
1644.1,441.9129999999999
1644.2,441.91999999999996
1644.3,441.9395
1644.4,441.93049999999994
1644.5,441.91356435643564
1644.6,441.91
1644.7,441.9420000000002
1644.8,441.98560000000003
1644.9,442.0
1645.0,442.05069306930676
1645.1,442.08
1645.2,442.08000000000004
1645.3,442.1178000000001
1645.4,442.1021999999999
1645.5,442.12366336633664
1645.6,442.1748
1645.7,442.2024
1645.8,442.2038
1645.9,442.1566
1646.0,442.13
1646.1,442.09340000000014
1646.2,442.07000000000005
1646.3,442.0455999999999
1646.4,442.09099999999995
1646.5,442.1058415841585
1646.6,442.01800000000003
1646.7,441.96399999999994
1646.8,441.966
1646.9,441.994
1647.0,441.9921782178218
1647.1,441.9976999999999
1647.2,441.9922999999999
1647.3,441.98
1647.4,441.9623
1647.5,441.9266336633664
1647.6,441.9273999999999
1647.7,441.9922
1647.8,442.02419999999995
1647.9,441.9968
1648.0,441.97425742574256
1648.1,441.99279999999993
1648.2,442.01570000000004
1648.3,442.0656
1648.4,442.09430000000003
1648.5,442.11257425742576
1648.6,442.14119999999997
1648.7,442.0995999999999
1648.8,442.07680000000005
1648.9,442.06199999999995
1649.0,442.02891089108914
1649.1,442.02
1649.2,442.0089999999999
1649.3,441.97249999999997
1649.4,441.972
1649.5,441.98455445544556
1649.6,441.9746
1649.7,441.99700000000007
1649.8,442.0146
1649.9,442.0262000000001
1650.0,442.0453465346535
1650.1,442.04470000000003
1650.2,442.06120000000004
1650.3,442.08
1650.4,442.08
1650.5,442.10099009900983
1650.6,442.08880000000016
1650.7,442.04439999999994
1650.8,442.02479999999997
1650.9,442.02520000000004
1651.0,442.03
1651.1,442.0402
1651.2,442.0244999999999
1651.3,442.0204
1651.4,442.0349
1651.5,442.01485148514854
1651.6,441.995
1651.7,442.00000000000006
1651.8,442.0350000000001
1651.9,442.055
1652.0,442.0351485148515
1652.1,442.02979999999997
1652.2,442.0302
1652.3,442.02
1652.4,442.0004
1652.5,442.0139603960396
1652.6,442.03560000000004
1652.7,442.05840000000023
1652.8,442.07599999999996
1652.9,442.05
1653.0,442.06425742574254
1653.1,442.0471000000001
1653.2,442.0194
1653.3,442.0112
1653.4,441.9665
1653.5,441.9260396039604
1653.6,441.8962
1653.7,441.8477999999998
1653.8,441.8238
1653.9,441.84
1654.0,441.84000000000003
1654.1,441.85799999999983
1654.2,441.8755
1654.3,441.87
1654.4,441.89700000000005
1654.5,441.9478217821782
1654.6,441.97
1654.7,441.9964000000001
1654.8,442.01680000000005
1654.9,441.9956
1655.0,441.9725742574258
1655.1,441.9457
1655.2,441.94860000000006
1655.3,441.9557
1655.4,441.9414
1655.5,441.9172277227723
1655.6,441.921
1655.7,441.9373999999999
1655.8,441.9242
1655.9,441.9258
1656.0,441.9407920792079
1656.1,441.95770000000005
1656.2,441.92769999999996
1656.3,441.9264000000001
1656.4,441.9705
1656.5,441.96346534653475
1656.6,441.8900000000001
1656.7,441.876
1656.8,441.896
1656.9,441.902
1657.0,441.91603960396037
1657.1,441.90610000000004
1657.2,441.90780000000007
1657.3,441.92780000000005
1657.4,441.92833861386134
1657.5,441.9098158415842
1657.6,441.9365999999999
1657.7,441.98380000000003
1657.8,441.9862
1657.9,441.9724
1658.0,441.96752475247524
1658.1,441.97260000000006
1658.2,441.9451999999999
1658.3,441.87189999999987
1658.4,441.7493000000002
1658.5,441.67633663366337
1658.6,441.63760000000036
1658.7,441.56919999999997
1658.8,441.5608
1658.9,441.56919999999997
1659.0,441.55
1659.1,441.56749999999994
1659.2,441.60350000000005
1659.3,441.65550000000025
1659.4,441.7959999999998
1659.5,441.9277227722771
1659.6,441.9901999999999
1659.7,442.01680000000005
1659.8,442.0232
1659.9,442.01340000000005
1660.0,442.01663366336635
1660.1,441.9968
1660.2,441.96999999999997
1660.3,441.9502
1660.4,441.88360000000006
1660.5,441.83000000000004
1660.6,441.8332
1660.7,441.8336
1660.8,441.8168
1660.9,441.80039999999997
1661.0,441.77049504950503
1661.1,441.7655
1661.2,441.80620000000005
1661.3,441.8231
1661.4,441.8486
1661.5,441.89
1661.6,441.893
1661.7,441.90600000000006
1661.8,441.93800000000016
1661.9,441.974
1662.0,441.97485148514846
1662.1,442.01
1662.2,442.01
1662.3,442.0013
1662.4,441.9944712871287
1662.5,442.0131287128714
1662.6,441.94760000000014
1662.7,441.8984000000001
1662.8,441.8975999999999
1662.9,441.84554455445544
1663.0,441.8575168316831
1663.1,441.8284000000001
1663.2,441.7916000000001
1663.3,441.8527
1663.4,441.8413405940594
1663.5,441.8030732673267
1663.6,441.8452
1663.7,441.83659999999975
1663.8,441.79080000000016
1663.9,441.8577227722772
1664.0,441.88
1664.1,441.8924999999998
1664.2,441.8924999999998
1664.3,441.7950000000001
1664.4,441.84000000000003
1664.5,441.8328
1664.6,441.8124
1664.7,441.82720000000006
1664.8,441.8476
1664.9,441.8186138613862
1665.0,441.7546
1665.1,441.7768999999999
1665.2,441.80460000000005
1665.3,441.81539999999995
1665.4,441.7954455445544
1665.5,441.7844
1665.6,441.7978
1665.7,441.79220000000004
1665.8,441.8
1665.9,441.8043564356435
1666.0,441.8158000000001
1666.1,441.7895000000001
1666.2,441.75840000000005
1666.3,441.7921
1666.4,441.8
1666.5,441.79400000000004
1666.6,441.766
1666.7,441.744
1666.8,441.7220198019802
1666.9,441.7281801980198
1667.0,441.7238
1667.1,441.74379999999996
1667.2,441.76380000000006
1667.3,441.7742435643564
1667.4,441.7519623762376
1667.5,441.76
1667.6,441.77439999999996
1667.7,441.84
1667.8,441.84
1667.9,441.83821782178217
1668.0,441.82490000000007
1668.1,441.7881000000001
1668.2,441.73
1668.3,441.7334
1668.4,441.75336633663363
1668.5,441.77160000000003
1668.6,441.7672000000003
1668.7,441.6984
1668.8,441.6947524752475
1668.9,441.7248366336634
1669.0,441.76199999999994
1669.1,441.8404999999999
1669.2,441.89249999999987
1669.3,441.8515
1669.4,441.85851485148515
1669.5,441.8514
1669.6,441.8586
1669.7,441.85
1669.8,441.84299999999996
1669.9,441.79029702970286
1670.0,441.7326
1670.1,441.7474
1670.2,441.73520000000013
1670.3,441.7648386138614
1670.4,441.7336
1670.5,441.7564000000001
1670.6,441.73119999999994
1670.7,441.73879999999997
1670.8,441.7359524752476
1670.9,441.78228811881195
1671.0,441.7967
1671.1,441.7678
1671.2,441.74670000000003
1671.3,441.72
1671.4,441.72535643564356
1671.5,441.77499999999986
1671.6,441.8229999999999
1671.7,441.8459999999999
1671.8,441.81100000000004
1671.9,441.8239603960397
1672.0,441.8627
1672.1,441.8846
1672.2,441.8318
1672.3,441.8491
1672.4,441.8366178217822
1672.5,441.79520000000014
1672.6,441.7439999999999
1672.7,441.7867999999999
1672.8,441.75160000000005
1672.9,441.7676237623763
1673.0,441.7393
1673.1,441.7327999999998
1673.2,441.77700000000004
1673.3,441.8665
1673.4,441.82
1673.5,441.82179999999994
1673.6,441.85119999999995
1673.7,441.8657999999998
1673.8,441.8030000000001
1673.9,441.84643564356446
1674.0,441.7895
1674.1,441.7785000000001
1674.2,441.75
1674.3,441.74749999999995
1674.4,441.7034653465347
1674.5,441.76720000000006
1674.6,441.6976000000001
1674.7,441.64080000000007
1674.8,441.65839207920794
1674.9,441.6181158415842
1675.0,441.5723999999998
1675.1,441.6482000000002
1675.2,441.5903
1675.3,441.5993910891089
1675.4,441.579297029703
1675.5,441.5398
1675.6,441.53259999999995
1675.7,441.6593999999999
1675.8,441.630601980198
1675.9,441.6610960396041
1676.0,441.7499
1676.1,441.7393000000002
1676.2,441.67060000000015
1676.3,441.72960594059396
1676.4,441.69
1676.5,441.71000000000004
1676.6,441.68
1676.7,441.67
1676.8,441.67
1676.9,441.66999999999996
1677.0,441.5809000000002
1677.1,441.59979999999996
1677.2,441.5901
1677.3,441.6494000000001
1677.4,441.6107920792079
1677.5,441.6884
1677.6,441.6606000000001
1677.7,441.67960000000005
1677.8,441.6312910891088
1677.9,441.678505940594
1678.0,441.6315000000001
1678.1,441.62030000000004
1678.2,441.6394
1678.3,441.639903960396
1678.4,441.62079603960393
1678.5,441.64880000000005
1678.6,441.6883999999999
1678.7,441.69960000000003
1678.8,441.690495049505
1678.9,441.7185148514851
1679.0,441.758
1679.1,441.7695
1679.2,441.7129999999998
1679.3,441.7195
1679.4,441.6823999999999
1679.5,441.6518000000001
1679.6,441.58420000000024
1679.7,441.6646000000001
1679.8,441.63277227722773
1679.9,441.5649000000001
1680.0,441.5879
1680.1,441.59
1680.2,441.5713999999999
1680.3,441.60683168316837
1680.4,441.69280000000015
1680.5,441.6908
1680.6,441.69
1680.7,441.59799999999984
1680.8,441.6719801980198
1680.9,441.7164
1681.0,441.72
1681.1,441.7655
1681.2,441.7973
1681.3,441.7639603960395
1681.4,441.6790000000002
1681.5,441.679
1681.6,441.7159999999999
1681.7,441.7290891089109
1681.8,441.70326732673266
1681.9,441.7
1682.0,441.6911
1682.1,441.7256
1682.2,441.7298237623763
1682.3,441.73881188118816
1682.4,441.73120000000006
1682.5,441.73879999999997
1682.6,441.66080000000017
1682.7,441.7026257425744
1682.8,441.71000000000004
1682.9,441.64039999999994
1683.0,441.6474
1683.1,441.6326
1683.2,441.6041584158415
1683.3,441.6344554455445
1683.4,441.62280000000004
1683.5,441.64579999999995
1683.6,441.7445999999999
1683.7,441.7685148514852
1683.8,441.7104999999999
1683.9,441.7765000000001
1684.0,441.77299999999997
1684.1,441.77
1684.2,441.72792079207903
1684.3,441.6948
1684.4,441.6984
1684.5,441.7252
1684.6,441.67960000000005
1684.7,441.69495049504957
1684.8,441.6501999999999
1684.9,441.6483
1685.0,441.6417
1685.1,441.62340000000006
1685.2,441.6282178217822
1685.3,441.6546
1685.4,441.6354
1685.5,441.6054811881188
1685.6,441.60001881188117
1685.7,441.55139999999983
1685.8,441.53189999999995
1685.9,441.4975999999999
1686.0,441.54653960396035
1686.1,441.544
1686.2,441.54
1686.3,466.05199999999996
1686.4,523.412
1686.5,585.9648712871273
1686.6,647.1367792078216
1686.7,698.6479000001225
1686.8,763.0629000001713
1686.9,827.9072999999303
1687.0,894.1630999998632
1687.1,959.0672277225375
1687.2,1021.8318000000284
1687.3,1056.272400000012
1687.4,1050.7709999999934
1687.5,1049.332800000001
1687.6,1044.6634653465421
1687.7,1055.0827000000459
1687.8,1055.8394999999891
1687.9,1058.0414999999978
1688.0,1044.6434000000295
1688.1,1048.2453465346211
1688.2,1047.5231999999962
1688.3,1044.4223999999974
1688.4,1065.6632000000263
1688.5,1066.013599999992
1688.6,1058.1534653465394
1688.7,1051.667499999979
1688.8,1045.3925
1688.9,1042.2500000000023
1689.0,1031.0200000000164
1689.1,1018.0118811881523
1689.2,1007.3917999999865
1689.3,1000.1923999999915
1689.4,992.2577999999883
1689.5,981.3080000000235
1689.6,971.8291089109027
1689.7,965.0077999999967
1689.8,959.5686000000035
1689.9,966.5941999999922
1690.0,973.4767999999964
1690.1,976.2649504950454
1690.2,976.1519999999983
1690.3,974.3951999999961
1690.4,982.6372000000223
1690.5,988.3861900990112
1690.6,988.70207029703
1690.7,991.4959000000047
1690.8,991.6608000000003
1690.9,994.429199999999
1691.0,992.4219801980275
1691.1,1000.8266732672948
1691.2,1007.2490000000072
1691.3,994.626999999956
1691.4,989.8039999999987
1691.5,991.4567326732663
1691.6,1006.5869376237007
1691.7,1014.5890000000005
1691.8,1016.4958000000005
1691.9,1014.1412999999991
1692.0,1014.5373059405911
1692.1,1016.3091049504925
1692.2,1010.7043999999756
1692.3,1008.9108000000042
1692.4,1016.5295999999962
1692.5,1013.413738613796
1692.6,991.0048237624416
1692.7,989.0030000000074
1692.8,991.9969999999993
1692.9,993.4554000000019
1693.0,992.1072752475941
1693.1,992.6956970297332
1693.2,989.0589999999783
1693.3,988.1754000000003
1693.4,983.4288000000113
1693.5,983.9133306930624
1693.6,993.3175445544239
1693.7,989.0474999999853
1693.8,988.1900000000063
1693.9,992.8995000000048
1694.0,1000.0047524752459
1694.1,1010.4159999999896
1694.2,1025.1696000000607
1694.3,1040.4784000000107
1694.4,1048.9967999999953
1694.5,1067.5306930692493
1694.6,1058.9919000000855
1694.7,1052.0963000000095
1694.8,1050.0674999999892
1694.9,1052.95219603954
1695.0,1059.2275702969841
1695.1,1062.430599999999
1695.2,1096.5650000000685
1695.3,1116.0848000000008
1695.4,1117.2411386138565
1695.5,1118.6727960396024
1695.6,1132.4663999999443
1695.7,1135.6194999999814
1695.8,1134.3897000000077
1695.9,1141.24128712872
1696.0,1122.2759999999998
1696.1,1102.4740000000002
1696.2,1057.1739999998724
1696.3,1023.41
1696.4,1015.2258415841674
1696.5,1005.4804000000235
1696.6,994.0758000000234
1696.7,984.1648999999777
1696.8,976.0241999999809
1696.9,965.0839603960223
1697.0,969.600400000008
1697.1,980.4321999999867
1697.2,982.0561999999993
1697.3,979.5994000000021
1697.4,977.5672019802
1697.5,971.0792000000166
1697.6,948.5951000000503
1697.7,936.2056000000061
1697.8,938.5446960396085
1697.9,939.2454257425736
1698.0,940.0176000000018
1698.1,941.3783999999985
1698.2,945.3988000000058
1698.3,946.1039801980206
1698.4,948.4882326732588
1698.5,954.3579999999948
1698.6,974.0759999999634
1698.7,987.9524999999963
1698.8,1002.1724603961009
1698.9,1013.4612732673241
1699.0,1012.9015999999993
1699.1,1011.43280000001
1699.2,1012.1030000000054
1699.3,1009.3051920792054
1699.4,1010.1443346534589
1699.5,1018.6369999999946
1699.6,1012.1687000000131
1699.7,1009.8021000000183
1699.8,1001.7674316831517
1699.9,995.6758534653457
1700.0,998.9924000000026
1700.1,993.6964000000154
1700.2,993.2216000000078
1700.3,996.3440673267909
1700.4,993.9369227723279
1700.5,994.1930999999985
1700.6,992.8329000000022
1700.7,983.6432999999817
1700.8,990.6881188119046
1700.9,998.035
1701.0,997.8699999999828
1701.1,1007.6249999999729
1701.2,1011.4539108910793
1701.3,1016.2650376237798
1701.4,1029.0485000000026
1701.5,1038.7287000000017
1701.6,1049.754399999971
1701.7,1063.6702683169094
1701.8,1050.6690891089756
1701.9,1040.3839999999582
1702.0,1051.8084000000022
1702.1,1048.6656000000096
1702.2,1050.6297029703142
1702.3,1056.7935000000014
1702.4,1082.2213000000354
1702.5,1107.1178999999963
1702.6,1104.526699999999
1702.7,1103.9425742574222
1702.8,1085.4751999999587
1702.9,1063.8102000000035
1703.0,1062.7947999999988
1703.1,1068.8853702969475
1703.2,1065.5583217820877
1703.3,1049.2444999999898
1703.4,1037.8874999999837
1703.5,1025.0820000000099
1703.6,1014.8245099010119
1703.7,1004.4437148514664
1703.8,994.3664000000073
1703.9,986.4792000000072
1704.0,978.2456000000079
1704.1,969.496839603976
1704.2,968.5759267326877
1704.3,973.1816999999971
1704.4,972.9842000000032
1704.5,973.9610000000001
1704.6,974.1346811881174
1704.7,974.541027722772
1704.8,978.4079999999958
1704.9,984.2421999999997
1705.0,984.6356000000002
1705.1,986.76191287128
1705.2,990.7766415841622
1705.3,991.6503999999989
1705.4,993.0379000000008
1705.5,997.0064999999909
1705.6,997.7189108911009
1705.7,997.362
1705.8,993.866
1705.9,982.0279999999999
1706.0,968.658
1706.1,955.8650495049478
1706.2,958.1910000000023
1706.3,957.6323999999929
1706.4,956.8126000000017
1706.5,959.7141999999922
1706.6,963.8927722772141
1706.7,967.8238000000011
1706.8,966.6021999999966
1706.9,964.0954000000024
1707.0,975.3801504950591
1707.1,991.0007376237604
1707.2,1000.2088000000392
1707.3,1008.1910999999988
1707.4,1006.877000000003
1707.5,1005.1546732673289
1707.6,1002.2011247524883
1707.7,997.2791999999965
1707.8,996.7644000000048
1707.9,1000.4812000000009
1708.0,1000.8870772276748
1708.1,1001.7105891088195
1708.2,998.5104999999483
1708.3,991.9715000000173
1708.4,996.7365000000045
1708.5,999.7750495049207
1708.6,1012.7421999999783
1708.7,1021.9726000000189
1708.8,1034.4958000000133
1708.9,1046.5210633663587
1709.0,1067.5643960395566
1709.1,1095.705099999986
1709.2,1107.050599999983
1709.3,1102.9791999999984
1709.4,1108.807541584115
1709.5,1115.5605782178432
1709.6,1105.218800000042
1709.7,1098.3880000000206
1709.8,1103.1799999999832
1709.9,1101.7406930693246
1710.0,1100.8664000000083
1710.1,1070.6025000000036
1710.2,1061.944400000024
1710.3,1070.1706188119304
1710.4,1071.7394752476132
1710.5,1054.4090000000574
1710.6,1036.4050000000025
1710.7,1031.562999999969
1710.8,1019.3833069306784
1710.9,1010.2430346534627
1711.0,1000.5812999999982
1711.1,992.2787000000097
1711.2,982.8533999999976
1711.3,973.9081702970316
1711.4,970.5521188118789
1711.5,974.5247999999788
1711.6,982.8360000000005
1711.7,982.1047999999951
1711.8,980.3002297029666
1711.9,978.526876237623
1712.0,979.6013000000062
1712.1,987.4817999999976
1712.2,991.8299000000029
1712.3,994.0012178217816
1712.4,990.1452079207974
1712.5,988.9087999999906
1712.6,993.9610000000002
1712.7,995.5478000000207
1712.8,999.3811881188016
1712.9,999.5850000000139
1713.0,1004.6875
1713.1,992.2325
1713.2,985.432499999969
1713.3,965.26495049505
1713.4,965.7424000000012
1713.5,965.872799999996
1713.6,969.9131999999975
1713.7,970.1091999999805
1713.8,966.1263366336609
1713.9,973.4139000000033
1714.0,974.5852000000436
1714.1,964.8575999999789
1714.2,974.6799405940969
1714.3,989.1730871287139
1714.4,992.1407999999947
1714.5,1001.1056000000002
1714.6,1001.4523999999984
1714.7,1003.6573465346178
1714.8,1000.2892960394938
1714.9,994.5664000000031
1715.0,997.2278999999951
1715.1,998.8587999999993
1715.2,990.2516831682487
1715.3,945.8820000000001
1715.4,890.47
1715.5,829.81
1715.6,775.6240000000496
1715.7,722.443564356412
1715.8,674.2114999999179
1715.9,623.6074000001074
1716.0,571.0294000001079
1716.1,518.7678801981228
1716.2,472.4343881187533
1716.3,447.7465999999995
1716.4,446.78039999999993
1716.5,446.5747999999999
1716.6,446.41517821782185
1716.7,446.1665960396034
1716.8,445.9208999999995
1716.9,445.6824000000004
1717.0,445.40750000000037
1717.1,445.15792079207966
1717.2,444.9131999999998
1717.3,444.6783999999998
1717.4,444.42799999999977
1717.5,444.2138376237623
1717.6,443.94382673267364
1717.7,443.7804999999997
1717.8,443.65050000000014
1717.9,443.5265000000001
1718.0,443.4381188118813
1718.1,443.35600000000034
1718.2,443.2629999999999
1718.3,443.21299999999997
1718.4,443.16582772277224
1718.5,443.13454158415834
1718.6,443.0935
1718.7,443.0343999999996
1718.8,442.93
1718.9,442.9235643564357
1719.0,442.88
1719.1,442.87640000000005
1719.2,442.84639999999996
1719.3,442.82
1719.4,442.8140594059405
1719.5,442.77110000000005
1719.6,442.7822
1719.7,442.79780000000005
1719.8,442.78110000000004
1719.9,442.78482178217814
1720.0,442.73900000000003
1720.1,442.72800000000007
1720.2,442.71400000000006
1720.3,442.7470297029702
1720.4,442.72180000000003
1720.5,442.7409
1720.6,442.75
1720.7,442.7518089108911
1720.8,442.7718732673267
1720.9,442.7884
1721.0,442.77239999999995
1721.1,442.7984
1721.2,442.7824000000001
1721.3,442.80850792079207
1721.4,442.7879
1721.5,442.75579999999997
1721.6,442.6965000000002
1721.7,442.64584158415835
1721.8,442.5912000000001
1721.9,442.60880000000003
1722.0,442.59
1722.1,442.58700000000005
1722.2,442.5395
1722.3,442.5305
1722.4,442.54150000000004
1722.5,442.5705
1722.6,442.579495049505
1722.7,442.57198019801984
1722.8,442.61039999999997
1722.9,442.6196
1723.0,442.6096
1723.1,442.59801980198023
1723.2,442.55060000000003
1723.3,442.5678999999999
1723.4,442.4994
1723.5,442.4806
1723.6,442.5008910891088
1723.7,442.52879999999976
1723.8,442.4694
1723.9,442.4404
1724.0,442.459998019802
1724.1,442.4606940594059
1724.2,442.50020000000006
1724.3,442.5203
1724.4,442.55030000000005
1724.5,442.5796039603961
1724.6,442.53999999999996
1724.7,442.55
1724.8,442.58
1724.9,442.58
1725.0,442.54999999999995
1725.1,442.530198019802
1725.2,442.52009999999996
1725.3,442.51009999999997
1725.4,442.50010000000003
1725.5,442.50989999999996
1725.6,442.5002
1725.7,442.4706
1725.8,442.4602
1725.9,442.4698
1726.0,442.49930297029704
1726.1,442.49999702970297
1726.2,442.54850000000016
1726.3,442.5694000000001
1726.4,442.55060000000003
1726.5,442.5884158415842
1726.6,442.59959999999995
1726.7,442.5904
1726.8,442.62840000000006
1726.9,442.64920000000006
1727.0,442.62148514851486
1727.1,442.65799999999996
1727.2,442.65049999999997
1727.3,442.6215
1727.4,442.5913118811882
1727.5,442.4959524752478
1727.6,442.48060000000004
1727.7,442.52700000000004
1727.8,442.43599999999986
1727.9,442.38346534653465
1728.0,442.3056
1728.1,442.3
1728.2,442.2720999999999
1728.3,442.2886
1728.4,442.33603960396044
1728.5,442.3767999999999
1728.6,442.37080000000003
1728.7,442.30559999999986
1728.8,442.30920000000003
1728.9,442.3646445544555
1729.0,442.3973
1729.1,442.3818
1729.2,442.3254
1729.3,442.3019801980198
1729.4,442.2639801980199
1729.5,442.251
1729.6,442.232
1729.7,442.24800000000005
1729.8,442.25
1729.9,442.2678
1730.0,442.27
1730.1,442.27
1730.2,442.31450000000007
1730.3,442.32
1730.4,442.34639999999996
1730.5,442.3939999999999
1730.6,442.3736
1730.7,442.4137386138615
1730.8,442.38518712871286
1730.9,442.3887
1731.0,442.3290999999999
1731.1,442.34609999999986
1731.2,442.3241584158415
1731.3,442.32
1731.4,442.32
1731.5,442.31140000000005
1731.6,442.34439999999995
1731.7,442.298910891089
1731.8,442.29
1731.9,442.26449999999994
1732.0,442.243
1732.1,442.20616831683174
1732.2,442.1747683168316
1732.3,442.2288
1732.4,442.2484
1732.5,442.2164
1732.6,442.18480000000005
1732.7,442.22981683168325
1732.8,442.22339999999997
1732.9,442.24490000000003
1733.0,442.2831999999999
1733.1,442.3475247524752
1733.2,442.3354
1733.3,442.3054
1733.4,442.2508
1733.5,442.2809188118812
1733.6,442.30625643564355
1733.7,442.30189999999993
1733.8,442.3081
1733.9,442.3424000000001
1734.0,442.33371980198024
1734.1,442.2979801980198
1734.2,442.30600000000004
1734.3,442.302
1734.4,442.26800000000003
1734.5,442.2916831683168
1734.6,442.27630000000005
1734.7,442.27
1734.8,442.2621
1734.9,442.22855643564355
1735.0,442.21213465346534
1735.1,442.20220000000006
1735.2,442.15319999999997
1735.3,442.1634
1735.4,442.16992277227723
1735.5,442.1623
1735.6,442.16
1735.7,442.2062000000002
1735.8,442.2354
1735.9,442.26287128712875
1736.0,442.2624
1736.1,442.2751999999999
1736.2,442.2572
1736.3,442.25007524752476
1736.4,442.2425
1736.5,442.21000000000004
1736.6,442.1775
1736.7,442.17
1736.8,442.1402970297029
1736.9,442.1226
1737.0,442.0830000000001
1737.1,442.0848
1737.2,442.1048
1737.3,442.1319801980198
1737.4,442.1765
1737.5,442.20459999999997
1737.6,442.1954
1737.7,442.1755445544554
1737.8,442.1410613861386
1737.9,442.15880000000004
1738.0,442.1628
1738.1,442.1815999999999
1738.2,442.19
1738.3,442.2113
1738.4,442.17740000000003
1738.5,442.1884
1738.6,442.2070297029703
1738.7,442.203
1738.8,442.21400000000006
1738.9,442.199
1739.0,442.20399999999995
1739.1,442.2240693069307
1739.2,442.2230386138614
1739.3,442.22
1739.4,442.2407
1739.5,442.2224
1739.6,442.16217821782186
1739.7,442.12639999999993
1739.8,442.11319999999995
1739.9,442.1168
1740.0,442.0927326732674
1740.1,442.0530693069308
1740.2,442.0534
1740.3,442.01309999999995
1740.4,442.0101
1740.5,442.0067326732673
1740.6,442.0066
1740.7,442.02320000000003
1740.8,442.0102
1740.9,442.0198
1741.0,442.08227722772256
1741.1,442.09050000000013
1741.2,442.10600000000005
1741.3,442.1135
1741.4,442.12300000000005
1741.5,442.14923564356434
1741.6,442.1472
1741.7,442.1720000000002
1741.8,442.2092
1741.9,442.1756435643564
1742.0,442.0996000000001
1742.1,442.0888999999999
1742.2,442.0684999999999
1742.3,442.04369999999994
1742.4,442.03368712871287
1742.5,442.0114
1742.6,442.04339999999996
1742.7,442.04519999999997
1742.8,442.0608158415842
1742.9,442.0737841584159
1743.0,442.10659999999984
1743.1,442.12390000000005
1743.2,442.1383000000001
1743.3,442.13792079207917
1743.4,442.166
1743.5,442.196
1743.6,442.182
1743.7,442.164
1743.8,442.1660217821782
1743.9,442.1936
1744.0,442.1746000000001
1744.1,442.13230000000004
1744.2,442.1198831683168
1744.3,442.12008316831685
1744.4,442.1142
1744.5,442.0926
1744.6,442.05680000000007
1744.7,442.0859405940596
1744.8,442.0915
1744.9,442.00730000000016
1745.0,441.9941999999999
1745.1,442.0255871287128
1745.2,442.0188435643564
1745.3,442.03240000000005
1745.4,442.05
1745.5,442.08360000000005
1745.6,442.1321782178218
1745.7,442.1389999999999
1745.8,442.14650000000006
1745.9,442.20399999999995
1746.0,442.25649999999996
1746.1,442.25910891089114
1746.2,442.2554
1746.3,442.2654
1746.4,442.27
1746.5,442.24834653465354
1746.6,442.23525346534655
1746.7,442.2081999999999
1746.8,442.1694
1746.9,442.14410000000004
1747.0,442.1142574257426
1747.1,442.0844000000001
1747.2,442.0960000000001
1747.3,442.10439999999994
1747.4,442.0951485148515
1747.5,442.06405742574253
1747.6,442.0402
1747.7,442.05
1747.8,442.0653
1747.9,442.08504950495046
1748.0,442.09504950495045
1748.1,442.1349999999998
1748.2,442.1549999999999
1748.3,442.10999999999984
1748.4,442.08
1748.5,442.10450000000003
1748.6,442.1349
1748.7,442.1351
1748.8,442.1202485148515
1748.9,442.10989702970295
1749.0,442.1243999999999
1749.1,442.1064000000001
1749.2,442.07
1749.3,442.0985148514852
1749.4,442.1394
1749.5,442.12179999999995
1749.6,442.0947
1749.7,442.10935346534654
1749.8,442.1295207920791
1749.9,442.12620000000004
1750.0,442.10080000000005
1750.1,442.0946
1750.2,442.11375445544564
1750.3,442.1253366336633
1750.4,442.12
1750.5,442.1245
1750.6,442.14799999999985
1750.7,442.16554455445544
1750.8,442.16
1750.9,442.1644
1751.0,442.18319999999994
1751.1,442.1824871287129
1751.2,442.1773128712872
1751.3,442.17849999999993
1751.4,442.1457
1751.5,442.1529
1751.6,442.1487128712872
1751.7,442.1073999999999
1751.8,442.1068
1751.9,442.10900000000004
1752.0,442.0799584158416
1752.1,442.06770000000006
1752.2,442.03359999999986
1752.3,442.00179999999995
1752.4,441.9982
1752.5,441.961287128713
1752.6,441.9179999999999
1752.7,441.956
1752.8,441.954
1752.9,441.9520792079208
1753.0,441.9362207920792
1753.1,441.92220000000003
1753.2,441.9412000000002
1753.3,441.99780000000004
1753.4,441.9905772277227
1753.5,441.9483544554456
1753.6,441.9034000000001
1753.7,441.86
1753.8,441.86760000000004
1753.9,441.8649504950495
1754.0,441.8474
1754.1,441.85260000000005
1754.2,441.8363
1754.3,441.82626336633666
1754.4,441.85259009900994
1754.5,441.9136
1754.6,441.91280000000006
1754.7,441.87839999999994
1754.8,441.8685148514852
1754.9,441.91650000000004
1755.0,441.89250000000004
1755.1,441.86699999999996
1755.2,441.87649999999996
1755.3,441.8561386138613
1755.4,441.83000000000004
1755.5,441.8266
1755.6,441.8301999999999
1755.7,441.87029900990103
1755.8,441.9033336633663
1755.9,441.8999
1756.0,441.9398
1756.1,441.9701
1756.2,441.9532673267327
1756.3,441.96
1756.4,441.9664
1756.5,441.9832
1756.6,441.9804000000001
1756.7,441.93169009900976
1756.8,441.8762
1756.9,441.8745
1757.0,441.84000000000003
1757.1,441.82772277227724
1757.2,441.8150000000001
1757.3,441.85
1757.4,441.85
1757.5,441.84400000000005
1757.6,441.83891089108903
1757.7,441.8687
1757.8,441.8813
1757.9,441.8658
1758.0,441.86268613861387
1758.1,441.82567128712867
1758.2,441.83719999999994
1758.3,441.8159999999999
1758.4,441.79399999999987
1758.5,441.8216831683169
1758.6,441.80539999999996
1758.7,441.8281
1758.8,441.85540000000003
1758.9,441.86468019801976
1759.0,441.8632930693069
1759.1,441.89220000000006
1759.2,441.85699999999986
1759.3,441.8226
1759.4,441.82487722772277
1759.5,441.8074257425743
1759.6,441.79999999999995
1759.7,441.79499999999996
1759.8,441.7674999999999
1759.9,441.73247524752475
1760.0,441.7352
1760.1,441.7248
1760.2,441.7592000000002
1760.3,441.81762376237623
1760.4,441.80532376237625
1760.5,441.7968999999999
1760.6,441.8314999999999
1760.7,441.85849999999994
1760.8,441.81316831683165
1760.9,441.80539999999996
1761.0,441.86220000000003
1761.1,441.8722
1761.2,441.8866000000001
1761.3,441.90774356435645
1761.4,441.9
1761.5,441.9
1761.6,441.8937000000001
1761.7,441.8783376237625
1761.8,441.9201584158416
1761.9,441.95
1762.0,441.916
1762.1,441.94999999999993
1762.2,441.9860396039604
1762.3,441.97380000000004
1762.4,441.9919
1762.5,442.0
1762.6,442.0
1762.7,441.99296237623764
1762.8,441.9492
1762.9,441.9036
1763.0,441.9164
1763.1,441.8857425742574
1763.2,441.8217
1763.3,441.8283
1763.4,441.8166
1763.5,441.8067663366336
1763.6,441.83823366336634
1763.7,441.8268
1763.8,441.81640000000004
1763.9,441.8532
1764.0,441.87
1764.1,441.86400000000003
1764.2,441.8360000000001
1764.3,441.86250000000007
1764.4,441.82
1764.5,441.80960396039615
1764.6,441.75559999999984
1764.7,441.79560000000004
1764.8,441.83
1764.9,441.8230415841583
1765.0,441.78684455445546
1765.1,441.8287
1765.2,441.8252000000001
1765.3,441.8678
1765.4,441.91742574257427
1765.5,441.9
1765.6,441.90119999999996
1765.7,441.90759999999995
1765.8,441.8912237623762
1765.9,441.9010118811881
1766.0,441.9089
1766.1,441.8967
1766.2,441.86890000000005
1766.3,441.8567326732673
1766.4,441.828
1766.5,441.81299999999993
1766.6,441.84
1766.7,441.8409702970297
1766.8,441.8509
1766.9,441.8582
1767.0,441.8463
1767.1,441.9118
1767.2,441.9308910891089
1767.3,441.93919999999997
1767.4,441.9323999999999
1767.5,441.9560000000001
1767.6,441.91238415841576
1767.7,441.93920792079206
1767.8,441.9307
1767.9,441.94140000000004
1768.0,441.95439999999996
1768.1,441.8834653465344
1768.2,441.9336930693071
1768.3,441.99
1768.4,441.99119999999994
1768.5,442.0106
1768.6,442.0194059405941
1768.7,442.0079999999999
1768.8,441.9695
1768.9,441.95849999999996
1769.0,441.93349009901
1769.1,441.9962099009902
1769.2,441.90999999999997
1769.3,441.9131999999999
1769.4,441.99119999999994
1769.5,442.0188118811882
1769.6,441.98940000000005
1769.7,441.97090000000003
1769.8,442.0006
1769.9,442.0187970297029
1770.0,441.9796
1770.1,441.9592
1770.2,441.91859999999974
1770.3,441.84900000000005
1770.4,441.7982198019802
1770.5,441.7094019801981
1770.6,441.66029999999995
1770.7,441.6892999999999
1770.8,441.61979999999994
1770.9,441.60029702970303
1771.0,441.63
1771.1,441.61
1771.2,441.64
1771.3,441.67
1771.4,441.600099009901
1771.5,441.6594019801979
1771.6,441.66
1771.7,441.66
1771.8,441.6897000000001
1771.9,441.67039603960393
1772.0,441.6308
1772.1,441.6691999999998
1772.2,441.60139999999996
1772.3,441.6293029702971
1772.4,441.649402970297
1772.5,441.6597
1772.6,441.6697
1772.7,441.64089999999993
1772.8,441.639807920792
1772.9,441.6592
1773.0,441.65999999999997
1773.1,441.5736000000003
1773.2,441.53159999999997
1773.3,441.520495049505
1773.4,441.50100000000003
1773.5,441.52849999999995
1773.6,441.5015
1773.7,441.5
1773.8,441.5282178217822
1773.9,441.50179999999995
1774.0,441.5375999999999
1774.1,441.6245999999997
1774.2,441.68640000000005
1774.3,441.70861386138614
1774.4,441.7193
1774.5,441.7107
1774.6,441.75649999999996
1774.7,441.74139999999994
1774.8,441.69396039603953
1774.9,441.71760000000006
1775.0,441.7108
1775.1,441.7192
1775.2,441.6739999999999
1775.3,441.65178217821784
1775.4,441.65909999999997
1775.5,441.66909999999996
1775.6,441.6427
1775.7,441.6855
1775.8,441.70801980198024
1775.9,441.73699999999997
1776.0,441.7849999999999
1776.1,441.77200000000005
1776.2,441.77
1776.3,441.78782178217824
1776.4,441.7633
1776.5,441.76
1776.6,441.7333
1776.7,441.7033
1776.8,441.64712871287117
1776.9,441.66639999999995
1777.0,441.60840000000013
1777.1,441.6
1777.2,441.6436514851486
1777.3,441.65871287128715
1777.4,441.6687
1777.5,441.60909999999996
1777.6,441.6173999999999
1777.7,441.66350000000006
1777.8,441.68725544554457
1777.9,441.66420000000005
1778.0,441.67719999999997
1778.1,441.6972
1778.2,441.6312851485146
1778.3,441.5944851485148
1778.4,441.573
1778.5,441.62950000000006
1778.6,441.6315000000001
1778.7,441.6466633663367
1778.8,441.61633663366337
1778.9,441.6268
1779.0,441.6468
1779.1,441.62480000000005
1779.2,441.6367168316832
1779.3,441.64835049504956
1779.4,441.67490000000004
1779.5,441.63850000000014
1779.6,441.63829999999996
1779.7,441.6400821782179
1779.8,441.6317821782178
1779.9,441.6382
1780.0,441.5908
1780.1,441.5718
1780.2,441.58623762376243
1780.3,441.6224000000001
1780.4,441.5813999999999
1780.5,441.57809999999995
1780.6,441.58
1780.7,441.6043801980199
1780.8,441.6260396039604
1780.9,441.59000000000003
1781.0,441.604
1781.1,441.618
1781.2,441.6119207920792
1781.3,441.6099376237624
1781.4,441.6415999999999
1781.5,441.7131999999998
1781.6,441.6826000000001
1781.7,441.6858000000001
1781.8,441.6821782178218
1781.9,441.6956
1782.0,441.6766
1782.1,441.66220000000004
1782.2,441.6678
1782.3,441.66227722772277
1782.4,441.6138
1782.5,441.53070000000014
1782.6,441.5638999999999
1782.7,441.6108000000001
1782.8,441.6123762376237
1782.9,441.61760000000004
1783.0,441.6124
1783.1,441.6327999999999
1783.2,441.61719999999997
1783.3,441.647699009901
1783.4,441.667599009901
1783.5,441.69999999999993
1783.6,441.7025
1783.7,441.70750000000004
1783.8,441.69507425742574
1783.9,441.70480000000003
1784.0,441.7395999999999
1784.1,441.79439999999977
1784.2,441.78039999999993
1784.3,480.5608000000715
1784.4,536.0842574257349
1784.5,594.4545999999598
1784.6,676.5425999999381
1784.7,754.9643000000403
1784.8,831.706699999947
1784.9,896.6906930693747
1785.0,963.9095999998983
1785.1,1023.4355999998486
1785.2,1069.2532000000765
1785.3,1094.2924000000335
1785.4,1090.104257425738
1785.5,1089.492399999999
1785.6,1088.1814000000008
1785.7,1064.8685999999657
1785.8,1049.958000000002
1785.9,1046.2162376237657
1786.0,1045.8149999999996
1786.1,1044.8820000000032
1786.2,1055.188000000035
1786.3,1067.7070000000256
1786.4,1072.326732673269
1786.5,1070.6895999999992
1786.6,1069.1304000000023
1786.7,1058.4371999999967
1786.8,1038.521699999995
1786.9,1029.5006930693107
1787.0,1019.7792000000233
1787.1,1009.6688000000161
1787.2,999.1559999999691
1787.3,989.1139999999742
1787.4,980.4801346534546
1787.5,972.9349217821735
1787.6,963.4915000000249
1787.7,963.4471000000035
1787.8,970.7613000000057
1787.9,972.2882445544564
1788.0,970.5769940594081
1788.1,970.7459999999985
1788.2,971.8262000000034
1788.3,976.3876000000012
1788.4,981.2282277227737
1788.5,983.3453960396021
1788.6,984.2204999999974
1788.7,984.2819999999997
1788.8,988.5575000000076
1788.9,994.0088514851477
1789.0,994.433813861388
1789.1,996.3339999999963
1789.2,1001.3300000000199
1789.3,992.2955999999875
1789.4,996.884760396051
1789.5,1005.6141772277178
1789.6,1008.2265999999946
1789.7,1009.9521000000027
1789.8,1012.1198000000039
1789.9,1012.7806198019802
1790.0,1013.4421247524747
1790.1,1013.8408000000001
1790.2,1014.0900000000006
1790.3,1014.0568000000002
1790.4,1003.2753980198313
1790.5,987.4910386138986
1790.6,960.7753000000857
1790.7,943.3778999999864
1790.8,935.1513999999811
1790.9,932.5875693068575
1791.0,934.1276831682634
1791.1,932.218
1791.2,929.6479999999971
1791.3,932.182
1791.4,933.6363564357068
1791.5,934.0827405940978
1791.6,954.3038999999321
1791.7,978.0503000000431
1791.8,989.9870000000208
1791.9,1003.6724732674206
1792.0,1017.117770297088
1792.1,1030.7845999999654
1792.2,1042.8730000000041
1792.3,1054.8214000000064
1792.4,1064.266140594062
1792.5,1055.8789999999776
1792.6,1045.0631000000083
1792.7,1050.1873000000382
1792.8,1058.3520000000017
1792.9,1059.6150168316844
1793.0,1054.9477900990032
1793.1,1050.1756000000046
1793.2,1053.7468000000079
1793.3,1057.2199999999996
1793.4,1056.211287128713
1793.5,1067.2005643564114
1793.6,1074.9720000000036
1793.7,1073.720500000001
1793.8,1075.2350000000022
1793.9,1069.3644356435611
1794.0,1054.4152613861572
1794.1,1040.8812000000341
1794.2,1028.5627999999813
1794.3,1015.1743999999821
1794.4,1005.6173267326715
1794.5,997.6681000000062
1794.6,988.8568000000057
1794.7,977.4434999999795
1794.8,966.912700000005
1794.9,965.1931683168337
1795.0,968.7763999999978
1795.1,970.4748000000008
1795.2,970.2043999999996
1795.3,970.4756000000015
1795.4,969.81514851485
1795.5,973.6747999999977
1795.6,981.5278999999985
1795.7,986.4511000000073
1795.8,987.8783000000001
1795.9,990.6705940593981
1796.0,992.4800000000057
1796.1,992.319999999995
1796.2,991.8099999999928
1796.3,995.8850000000258
1796.4,1000.6590099009878
1796.5,993.5561999999971
1796.6,990.6381999999857
1796.7,999.5969000000024
1796.8,1007.5306000000012
1796.9,1009.2396079207933
1797.0,1009.9298851485089
1797.1,1012.1331999999979
1797.2,1014.8648000000123
1797.3,1018.2756000000012
1797.4,1018.9550376237629
1797.5,1018.072537623762
1797.6,1015.6161000000063
1797.7,999.58069999998
1797.8,988.5797000000066
1797.9,995.0160396039626
1798.0,997.2369920792075
1798.1,996.3516000000049
1798.2,990.2861999999712
1798.3,989.7064000000103
1798.4,994.4602000000009
1798.5,993.6782178217843
1798.6,992.4480000000053
1798.7,996.328500000012
1798.8,997.2599999999877
1798.9,993.5250000000055
1799.0,996.1930000000001
1799.1,1001.8095049504662
1799.2,1014.0364000000194
1799.3,1025.1423999999906
1799.4,1036.610799999988
1799.5,1048.6159999999904
1799.6,1059.2387722771628
1799.7,1051.7843475246298
1799.8,1040.3896000000234
1799.9,1044.995999999986
1800.0,1042.2546999999981
1800.1,1050.5288999999639
1800.2,1061.0156970297087
1800.3,1082.2282574257247
1800.4,1108.4055999999964
1800.5,1113.851399999999
1800.6,1113.757400000001
1800.7,1119.8962000000395
1800.8,1129.9217821782172
1800.9,1128.9588999999999
1801.0,1127.1132000000086
1801.1,1116.0318000000552
1801.2,1095.5082999999622
1801.3,1057.7452999998654
1801.4,1014.7863366336509
1801.5,1005.288
1801.6,997.014000000015
1801.7,988.584
1801.8,980.5379999999999
1801.9,972.0640000000001
1802.0,960.4494059406044
1802.1,959.5987999999634
1802.2,972.0315000000096
1802.3,973.7598999999959
1802.4,972.228399999999
1802.5,972.2717900990076
1802.6,969.8546811881322
1802.7,951.9983999999862
1802.8,934.1728000000012
1802.9,937.439600000002
1803.0,942.3156000000026
1803.1,944.0580198019817
1803.2,942.7684000000128
1803.3,947.4473000000066
1803.4,951.1684999999984
1803.5,951.3638000000019
1803.6,952.3200999999924
1803.7,966.5208910891758
1803.8,984.5943999999967
1803.9,991.2020000000227
1804.0,1006.2844000000017
1804.1,1005.8871999999882
1804.2,1008.7360000000019
1804.3,1009.7805940594058
1804.4,1009.3204999999998
1804.5,1010.3274999999973
1804.6,1012.549999999998
1804.7,1010.6714999999704
1804.8,1008.2020000000166
1804.9,1002.857227722781
1805.0,985.6799999999978
1805.1,992.5324000000099
1805.2,988.0459999999903
1805.3,983.9108000000023
1805.4,985.7688000000032
1805.5,985.5225742574223
1805.6,983.960399999996
1805.7,987.6854999999985
1805.8,985.4053000000038
1805.9,974.8719000000141
1806.0,938.2853663367147
1806.1,874.2814495050267
1806.2,826.8111999999321
1806.3,804.1656000000156
1806.4,812.0320000000023
1806.5,819.7259999999712
1806.6,826.6211881188135
1806.7,830.9893000000467
1806.8,846.5759999999966
1806.9,865.4198999999935
1807.0,905.1922999999852
1807.1,968.0375118811371
1807.2,1020.2543663367219
1807.3,1046.725999999987
1807.4,1041.314999999996
1807.5,1042.3749999999677
1807.6,1053.5375049504855
1807.7,1057.0077643564387
1807.8,1068.1661000000076
1807.9,1097.2043000000037
1808.0,1110.356600000001
1808.1,1113.8786999999988
1808.2,1113.8261386138588
1808.3,1117.5052000000292
1808.4,1131.7880000000011
1808.5,1129.79120000001
1808.6,1118.5744000000473
1808.7,1100.2418415841614
1808.8,1089.654697029664
1808.9,1047.0817366336737
1809.0,1013.3682356435825
1809.1,1003.874628712903
1809.2,994.4899999999891
1809.3,985.1349999999899
1809.4,976.507499999991
1809.5,969.0275
1809.6,966.7196039603705
1809.7,974.1792000000054
1809.8,976.2447999999982
1809.9,977.4848000000011
1810.0,976.4252000000006
1810.1,976.1890415841575
1810.2,978.4402613861505
1810.3,984.9600000000049
1810.4,988.523500000003
1810.5,992.956899999997
1810.6,992.4405940594195
1810.7,990.1691227723077
1810.8,997.7610000000002
1810.9,996.959000000001
1811.0,996.5105999999976
1811.1,1001.3115999999986
1811.2,999.5745544553744
1811.3,984.3243000000018
1811.4,979.4968999999716
1811.5,958.3366000000065
1811.6,956.1515000000022
1811.7,956.0889792079254
1811.8,959.295603960396
1811.9,962.778
1812.0,962.8779999999999
1812.1,965.5259999999943
1812.2,970.407346534653
1812.3,970.0675801980218
1812.4,974.323299999965
1812.5,988.2316999999991
1812.6,991.4128999999696
1812.7,1002.1428999999823
1812.8,997.7676237623916
1812.9,1003.6213999999999
1813.0,1002.5791999999979
1813.1,998.7932000000001
1813.2,998.5637999999999
1813.3,996.5563366336625
1813.4,982.3870000000492
1813.5,947.879600000083
1813.6,893.7094000001022
1813.7,830.9267999998345
1813.8,774.9104475246293
1813.9,719.1548554456051
1814.0,667.5727999999921
1814.1,622.74480000019
1814.2,570.7039999999536
1814.3,518.0039999999444
1814.4,463.46257425741396
1814.5,446.22000000000116
1814.6,445.33850000000024
1814.7,445.13299999999947
1814.8,444.94850000000025
1814.9,444.7432673267328
1815.0,444.56059999999985
1815.1,444.34640000000076
1815.2,444.10639999999967
1815.3,443.87619999999976
1815.4,443.6939603960393
1815.5,443.4349000000002
1815.6,443.1662000000002
1815.7,442.90879999999925
1815.8,442.6714000000002
1815.9,442.44887722772296
1816.0,442.2231801980199
1816.1,442.0980000000003
1816.2,441.9979999999998
1816.3,441.9027999999999
1816.4,441.8452
1816.5,441.8052475247526
1816.6,441.7667
1816.7,441.7378
1816.8,441.709
1816.9,441.6211
1817.0,441.6212871287129
1817.1,441.5450000000001
1817.2,441.49399999999986
1817.3,441.4369999999999
1817.4,441.4039999999999
1817.5,441.3480099009902
1817.6,441.3251396039605
1817.7,441.2809
1817.8,441.2909
1817.9,441.2982
1818.0,441.27730891089107
1818.1,441.2535643564356
1818.2,441.2948000000002
1818.3,441.3492
1818.4,441.34000000000003
1818.5,441.3392
1818.6,441.3284158415842
1818.7,441.3121
1818.8,441.34000000000003
1818.9,441.34
1819.0,441.34000000000003
1819.1,441.3420792079207
1819.2,441.36699999999985
1819.3,441.32
1819.4,441.32
1819.5,441.32359999999994
1819.6,441.38118811881185
1819.7,441.39928217821785
1819.8,441.37899999999996
1819.9,441.36
1820.0,441.3620000000001
1820.1,441.40049999999997
1820.2,441.41049504950496
1820.3,441.41880000000003
1820.4,441.39
1820.5,441.3908
1820.6,441.40880000000004
1820.7,441.379603960396
1820.8,441.37120000000004
1820.9,441.40909999999997
1821.0,441.38
1821.1,441.3773000000003
1821.2,441.2891118811881
1821.3,441.26079405940595
1821.4,441.28920000000005
1821.5,441.249
1821.6,441.2002
1821.7,441.209605940594
1821.8,441.1889118811882
1821.9,441.14
1822.0,441.13930000000016
1822.1,441.07049999999987
1822.2,441.1194999999999
1822.3,441.069900990099
1822.4,441.06
1822.5,441.02
1822.6,441.06
1822.7,441.0
1822.8,440.97
1822.9,441.00960396039596
1823.0,441.01
1823.1,441.0594999999999
1823.2,441.01049999999987
1823.3,441.06940000000014
1823.4,441.07
1823.5,441.1190059405941
1823.6,441.0710000000002
1823.7,441.13860000000005
1823.8,441.189
1823.9,441.1704
1824.0,441.14089108910895
1824.1,441.10120000000006
1824.2,441.1485000000001
1824.3,441.1888000000001
1824.4,441.1609
1824.5,441.15039603960395
1824.6,441.15000000000003
1824.7,441.11159999999995
1824.8,441.0523999999999
1824.9,441.0308
1825.0,441.0490099009901
1825.1,441.0880099009901
1825.2,441.0329999999998
1825.3,441.03000000000003
1825.4,441.0205
1825.5,441.0105
1825.6,441.0382178217821
1825.7,441.0306
1825.8,441.0676000000001
1825.9,441.0794
1826.0,441.04240000000016
1826.1,440.983786138614
1826.2,441.0079000000001
1826.3,440.9728
1826.4,440.97929999999997
1826.5,441.0079
1826.6,440.98200792079206
1826.7,440.99840000000006
1826.8,440.9908
1826.9,440.99
1827.0,441.00839999999994
1827.1,441.0283999999999
1827.2,441.05732673267323
1827.3,441.0509
1827.4,441.04089999999997
1827.5,441.0127
1827.6,441.01
1827.7,440.95594059405926
1827.8,440.941
1827.9,440.8770000000001
1828.0,440.91499999999985
1828.1,440.8660000000001
1828.2,440.8330891089108
1828.3,440.8211
1828.4,440.7933
1828.5,440.7722
1828.6,440.7522
1828.7,440.7410118811881
1828.8,440.76642376237635
1828.9,440.80519999999996
1829.0,440.79240000000004
1829.1,440.86039999999986
1829.2,440.85239999999993
1829.3,440.85
1829.4,440.88480000000004
1829.5,440.91610000000003
1829.6,440.92
1829.7,440.9809
1829.8,441.058910891089
1829.9,441.04420000000005
1830.0,441.0314
1830.1,440.9784000000001
1830.2,440.97860000000003
1830.3,440.97148514851483
1830.4,440.9615
1830.5,440.92599999999993
1830.6,440.92
1830.7,440.8945
1830.8,440.80525247524747
1830.9,440.7647683168317
1831.0,440.76
1831.1,440.81039999999996
1831.2,440.81159999999994
1831.3,440.86015049504954
1831.4,440.84508316831676
1831.5,440.7653000000002
1831.6,440.74170000000004
1831.7,440.70679999999993
1831.8,440.7166
1831.9,440.7446534653465
1832.0,440.7582
1832.1,440.7682
1832.2,440.7454
1832.3,440.68260000000004
1832.4,440.629405940594
1832.5,440.65239999999994
1832.6,440.67619999999994
1832.7,440.73670000000016
1832.8,440.75
1832.9,440.74173960396035
1833.0,440.77207920792085
1833.1,440.77200000000005
1833.2,440.81000000000006
1833.3,440.844
1833.4,440.89
1833.5,440.9079
1833.6,440.89420000000007
1833.7,440.8504999999999
1833.8,440.7925999999999
1833.9,440.8037
1834.0,440.7943564356436
1834.1,440.82899999999984
1834.2,440.75419999999997
1834.3,440.7144
1834.4,440.7256
1834.5,440.75316831683165
1834.6,440.73690000000005
1834.7,440.7531000000001
1834.8,440.74459999999993
1834.9,440.7631
1835.0,440.739504950495
1835.1,440.74519999999995
1835.2,440.78040000000004
1835.3,440.82040000000006
1835.4,440.84520000000003
1835.5,440.87264950495046
1835.6,440.902599009901
1835.7,440.9775000000003
1835.8,441.03
1835.9,441.1074999999999
1836.0,441.1674999999999
1836.1,441.2171029702969
1836.2,441.1929999999999
1836.3,441.15779999999995
1836.4,441.1648
1836.5,441.1626
1836.6,441.10871287128725
1836.7,441.03159999999997
1836.8,440.98080000000004
1836.9,440.9846
1837.0,440.9827
1837.1,440.98
1837.2,440.9728
1837.3,440.9556
1837.4,440.89959999999985
1837.5,440.87280000000004
1837.6,440.8772712871287
1837.7,440.92975742574265
1837.8,440.92870000000005
1837.9,440.9413
1838.0,440.89320000000004
1838.1,440.86297029702973
1838.2,440.8670297029703
1838.3,440.89800000000014
1838.4,440.896
1838.5,440.9179999999999
1838.6,440.93
1838.7,440.8884158415841
1838.8,440.8769
1838.9,440.84549999999996
1839.0,440.8438
1839.1,440.79480000000024
1839.2,440.77
1839.3,440.7495999999999
1839.4,440.7332
1839.5,440.73
1839.6,440.7164
1839.7,440.7032
1839.8,440.6798673267327
1839.9,440.71690000000007
1840.0,440.6796999999999
1840.1,440.7035999999998
1840.2,440.73683267326726
1840.3,440.72673267326735
1840.4,440.72659999999996
1840.5,440.69700000000006
1840.6,440.6668
1840.7,440.7194000000003
1840.8,440.76306930693073
1840.9,440.73099999999994
1841.0,440.7165
1841.1,440.71350000000007
1841.2,440.68399999999997
1841.3,440.69574257425745
1841.4,440.65880000000004
1841.5,440.64919999999995
1841.6,440.6536
1841.7,440.6115999999998
1841.8,440.50128712871253
1841.9,440.50670000000014
1842.0,440.52110000000005
1842.1,440.52259999999995
1842.2,440.5741000000001
1842.3,440.61247524752474
1842.4,440.60771287128716
1842.5,440.6248
1842.6,440.6524
1842.7,440.69720000000007
1842.8,440.76327722772277
1842.9,440.7716227722773
1843.0,440.75390000000004
1843.1,440.75
1843.2,440.7194999999999
1843.3,440.7
1843.4,440.7
1843.5,440.718
1843.6,440.706
1843.7,440.6539999999999
1843.8,440.618
1843.9,440.6159405940594
1844.0,440.63179999999994
1844.1,440.6576999999999
1844.2,440.68180000000007
1844.3,440.69590000000005
1844.4,440.70601683168314
1844.5,440.71588316831685
1844.6,440.7431999999999
1844.7,440.83540000000005
1844.8,440.90160000000003
1844.9,440.90999999999997
1845.0,440.8927722772277
1845.1,440.89709999999997
1845.2,440.9043
1845.3,440.9057
1845.4,440.89860000000004
1845.5,440.8785435643565
1845.6,440.85302574257435
1845.7,440.81199999999995
1845.8,440.74519999999995
1845.9,440.7268
1846.0,440.7288
1846.1,440.7366336633663
1846.2,440.7389999999999
1846.3,440.719
1846.4,440.67150000000004
1846.5,440.651
1846.6,440.61638118811896
1846.7,440.58535445544555
1846.8,440.59
1846.9,440.5575999999999
1847.0,440.5354
1847.1,440.5454534653465
1847.2,440.523406930693
1847.3,440.4841
1847.4,440.4806
1847.5,440.49
1847.6,440.50059999999996
1847.7,440.50475247524747
1847.8,440.4948
1847.9,440.5056000000001
1848.0,440.5096
1848.1,440.51559999999995
1848.2,440.5814851485149
1848.3,440.681
1848.4,440.66880000000003
1848.5,440.6508
1848.6,440.68489999999997
1848.7,440.71549801980217
1848.8,440.7499504950495
1848.9,440.78499999999997
1849.0,440.80000000000007
1849.1,440.7650000000001
1849.2,440.75
1849.3,440.73019801980195
1849.4,440.71000000000004
1849.5,440.7051
1849.6,440.6902
1849.7,440.6898
1849.8,440.6902
1849.9,440.67029702970297
1850.0,440.6791999999999
1850.1,440.7048
1850.2,440.65239999999966
1850.3,440.5946574257426
1850.4,440.613995049505
1850.5,440.6441
1850.6,440.65060000000005
1850.7,440.6447
1850.8,440.6124
1850.9,440.54673267326734
1851.0,440.5337999999999
1851.1,440.5821999999999
1851.2,440.61539999999997
1851.3,440.61920000000003
1851.4,440.59356435643565
1851.5,440.56821782178207
1851.6,440.6304999999997
1851.7,440.6439999999999
1851.8,440.5865
1851.9,440.59232178217826
1852.0,440.6067445544555
1852.1,440.5592000000001
1852.2,440.52880000000005
1852.3,440.53560000000004
1852.4,440.5342693069307
1852.5,440.53983069306935
1852.6,440.50130000000024
1852.7,440.48440000000016
1852.8,440.5084999999999
1852.9,440.4971574257426
1853.0,440.5156851485148
1853.1,440.5394
1853.2,440.5673999999999
1853.3,440.57099999999997
1853.4,440.58320000000003
1853.5,440.5559584158416
1853.6,440.55819999999994
1853.7,440.58230000000003
1853.8,440.5959
1853.9,440.62280000000004
1854.0,440.6253465346536
1854.1,440.56399999999996
1854.2,440.542
1854.3,440.51599999999996
1854.4,440.548
1854.5,440.56792079207924
1854.6,440.58389999999997
1854.7,440.5939
1854.8,440.6
1854.9,440.61560000000003
1855.0,440.64
1855.1,440.66279999999995
1855.2,440.6924
1855.3,440.68
1855.4,440.66859999999997
1855.5,440.6650495049505
1855.6,440.6678000000001
1855.7,440.63
1855.8,440.63
1855.9,440.6263
1856.0,440.6273267326732
1856.1,440.6328000000001
1856.2,440.6308
1856.3,440.64279999999997
1856.4,440.6228
1856.5,440.6206930693069
1856.6,440.6085000000001
1856.7,440.56750000000017
1856.8,440.5824999999999
1856.9,440.53950000000003
1857.0,440.5096039603961
1857.1,440.48320000000007
1857.2,440.4495999999999
1857.3,440.4168
1857.4,440.43680000000006
1857.5,440.44326732673267
1857.6,440.44649999999996
1857.7,440.48330000000004
1857.8,440.4933
1857.9,440.50329999999997
1858.0,440.4936633663367
1858.1,440.45680000000004
1858.2,440.45640000000003
1858.3,440.46359999999993
1858.4,440.43399999999997
1858.5,440.40633663366333
1858.6,440.4293
1858.7,440.4531
1858.8,440.4631
1858.9,440.4731
1859.0,440.4830693069307
1859.1,440.49
1859.2,440.4749999999999
1859.3,440.47900000000027
1859.4,440.573
1859.5,440.56514851485156
1859.6,440.4952000000001
1859.7,440.40999999999997
1859.8,440.4042
1859.9,440.3929
1860.0,440.4
1860.1,440.40559999999994
1860.2,440.4172
1860.3,440.41560000000004
1860.4,440.4188000000001
1860.5,440.4121782178217
1860.6,440.47540000000004
1860.7,440.4927
1860.8,440.5
1860.9,440.4973
1861.0,440.49534653465344
1861.1,440.5229999999999
1861.2,440.56260000000003
1861.3,440.5674
1861.4,440.5548
1861.5,440.5426
1861.6,440.5452227722773
1861.7,440.5425000000001
1861.8,440.5775
1861.9,440.58000000000004
1862.0,440.5901732673267
1862.1,440.53
1862.2,440.51799999999986
1862.3,440.48479999999995
1862.4,440.49760000000003
1862.5,440.49719999999996
1862.6,440.51977128712866
1862.7,440.51309999999995
1862.8,440.48079999999993
1862.9,440.4569
1863.0,440.4823
1863.1,440.499108910891
1863.2,440.52559999999994
1863.3,440.5144
1863.4,440.5234
1863.5,440.5
1863.6,440.5021782178218
1863.7,440.5184000000001
1863.8,440.5458
1863.9,440.53
1864.0,440.52790000000005
1864.1,440.5096039603962
1864.2,440.46799999999996
1864.3,440.458
1864.4,440.446
1864.5,440.422
1864.6,440.3781188118812
1864.7,440.3376000000001
1864.8,440.3585999999999
1864.9,440.30620000000005
1865.0,440.28999999999996
1865.1,440.2881564356436
1865.2,440.27435643564354
1865.3,440.2554
1865.4,440.26919999999996
1865.5,440.23620000000005
1865.6,440.31183564356434
1865.7,440.31854653465336
1865.8,440.31
1865.9,440.31339999999994
1866.0,440.33
1866.1,440.3334
1866.2,440.36514851485174
1866.3,440.4480000000001
1866.4,440.48839999999996
1866.5,440.4784
1866.6,440.46999999999997
1866.7,440.46524752475244
1866.8,440.44449999999995
1866.9,440.4789999999999
1867.0,440.52400000000006
1867.1,440.49
1867.2,440.4885148514851
1867.3,440.4715999999999
1867.4,440.4270000000001
1867.5,440.4686
1867.6,440.4530000000002
1867.7,440.41
1867.8,440.40999999999997
1867.9,440.41
1868.0,440.4164999999999
1868.1,440.4613
1868.2,440.467412871287
1868.3,440.45
1868.4,440.4379999999999
1868.5,440.3559999999999
1868.6,440.40239999999994
1868.7,440.4152356435643
1868.8,440.3765237623762
1868.9,440.3522
1869.0,440.3623
1869.1,440.3011
1869.2,440.3100108910891
1869.3,440.31126732673266
1869.4,440.32400000000007
1869.5,440.361
1869.6,440.3650000000001
1869.7,440.31899999999996
1869.8,440.30801980198015
1869.9,440.29
1870.0,440.29
1870.1,440.28909999999996
1870.2,440.27819999999997
1870.3,440.2617821782178
1870.4,440.28
1870.5,440.27840000000003
1870.6,440.26159999999993
1870.7,440.28240000000005
1870.8,440.31
1870.9,440.31
1871.0,440.31280000000004
1871.1,440.3513999999999
1871.2,440.37280000000004
1871.3,440.40790693069306
1871.4,440.38101386138607
1871.5,440.4012
1871.6,440.41820000000007
1871.7,440.39
1871.8,440.39118811881195
1871.9,440.41150000000005
1872.0,440.43749999999994
1872.1,440.3914999999999
1872.2,440.4169999999999
1872.3,440.361
1872.4,440.3792
1872.5,440.36119999999994
1872.6,440.39079999999996
1872.7,440.41040000000004
1872.8,440.41840396039606
1872.9,440.37969999999996
1873.0,440.37
1873.1,440.36940000000004
1873.2,440.34849999999994
1873.3,440.300597029703
1873.4,440.319805940594
1873.5,440.31960000000004
1873.6,440.2986
1873.7,440.24360000000274
1873.8,442.17099999997134
1873.9,505.1887128712567
1874.0,566.6200999998474
1874.1,627.6634999998391
1874.2,691.726300000073
1874.3,727.6437000001317
1874.4,792.0446534654833
1874.5,859.51
1874.6,923.87
1874.7,988.94
1874.8,1049.47
1874.9,1097.49
1875.0,1105.5890099009737
1875.1,1105.6205
1875.2,1107.7980000000055
1875.3,1129.9069000000559
1875.4,1132.0802999999962
1875.5,1111.6922772277144
1875.6,1106.7622000000183
1875.7,1109.6590000000015
1875.8,1107.867799999999
1875.9,1081.0465999999876
1876.0,1062.7532673267604
1876.1,1079.9221999999709
1876.2,1068.1994999999627
1876.3,1050.8255999999483
1876.4,1031.0455000000288
1876.5,1038.8726732673338
1876.6,1022.7944000000591
1876.7,1011.1371999999895
1876.8,1003.355199999993
1876.9,991.0691999999887
1877.0,978.6412871287257
1877.1,971.4270000000079
1877.2,965.54149999998
1877.3,971.7099999999938
1877.4,971.4610000000007
1877.5,973.0948514851431
1877.6,975.2115999999933
1877.7,972.2849999999956
1877.8,975.4646000000048
1877.9,986.1140000000152
1878.0,987.3389742574253
1878.1,990.0583722772258
1878.2,990.7715000000021
1878.3,991.3586999999998
1878.4,985.2248000000045
1878.5,988.7376376237514
1878.6,1000.046352475215
1878.7,994.4127999999871
1878.8,1001.9820000000162
1878.9,988.3379999999717
1879.0,973.4360158415848
1879.1,953.5541554455492
1879.2,950.1274999999997
1879.3,954.201499999999
1879.4,949.7424000000011
1879.5,950.7552831683133
1879.6,958.1109603960215
1879.7,957.2539999999958
1879.8,958.1410000000027
1879.9,952.1940000000122
1880.0,961.7989801979936
1880.1,980.8509999999991
1880.2,994.4409000000093
1880.3,995.8411
1880.4,1003.084600000002
1880.5,1005.1459000000002
1880.6,1005.5896039603955
1880.7,1003.4299999999932
1880.8,1002.1003999999969
1880.9,993.7320000000118
1881.0,994.994799999995
1881.1,1001.1053465346298
1881.2,1004.8745000000023
1881.3,990.5895999999885
1881.4,994.5496000000048
1881.5,983.1830158415742
1881.6,996.579085148496
1881.7,1009.8574000000401
1881.8,1023.7975999999898
1881.9,1028.850199999995
1882.0,1050.6607999999662
1882.1,1102.0345544552724
1882.2,1110.6790000000003
1882.3,1112.6255000000024
1882.4,1110.2569999999964
1882.5,1126.2020000000218
1882.6,1131.7678217821763
1882.7,1104.306399999879
1882.8,1120.5595999999953
1882.9,1105.6524000000206
1883.0,1108.2375999999933
1883.1,1077.250495049605
1883.2,1064.929999999989
1883.3,1063.9309000000003
1883.4,1070.236500000012
1883.5,1037.8137000000888
1883.6,1029.3403960396056
1883.7,1025.0311999999983
1883.8,1015.9600000000046
1883.9,1009.3548000000027
1884.0,1000.0180000000046
1884.1,990.7550495049697
1884.2,982.8334999999844
1884.3,973.0531999999789
1884.4,960.416099999973
1884.5,967.0710999999815
1884.6,972.7166336633641
1884.7,974.3640000000009
1884.8,973.12
1884.9,972.424
1885.0,972.4279999999999
1885.1,979.6103960395894
1885.2,981.766500000001
1885.3,992.5287000000338
1885.4,988.9552000000087
1885.5,987.0683000000005
1885.6,989.9990039603821
1885.7,990.2835207920789
1885.8,992.0956000000011
1885.9,994.3894000000012
1886.0,997.7738000000018
1886.1,990.1554198019926
1886.2,982.4568950494851
1886.3,961.888699999927
1886.4,948.5485000000053
1886.5,949.2244999999939
1886.6,949.5911267326753
1886.7,943.0838336633587
1886.8,951.5756000000126
1886.9,952.9519999999977
1887.0,948.5019999999954
1887.1,955.5975524752406
1887.2,963.1900742574478
1887.3,975.4225
1887.4,981.8624999999956
1887.5,993.8849999999832
1887.6,997.3424752476051
1887.7,994.7269722772486
1887.8,994.7676000000017
1887.9,993.2029999999966
1888.0,986.4868000000163
1888.1,981.5515168315991
1888.2,987.2070118811586
1888.3,984.4870000000049
1888.4,985.5994999999972
1888.5,983.7562000000028
1888.6,991.070178217814
1888.7,999.0508673267374
1888.8,996.6439999999891
1888.9,1010.7972000000401
1889.0,1026.341599999981
1889.1,1041.4660158415409
1889.2,1051.9676465346565
1889.3,1088.692999999989
1889.4,1107.5492999999985
1889.5,1113.7402999999986
1889.6,1104.8739000000032
1889.7,1119.790297029781
1889.8,1119.1349999999716
1889.9,1112.5560000000037
1890.0,1109.2290000000069
1890.1,1101.1310000000233
1890.2,1068.0054455445177
1890.3,1069.3556000000049
1890.4,1074.4150999999995
1890.5,1072.7501999999995
1890.6,1067.4041000000207
1890.7,1044.0491089108318
1890.8,1032.4039999999927
1890.9,1030.6016000000004
1891.0,1021.9320000000221
1891.1,1013.7828000000114
1891.2,1005.5961386138491
1891.3,996.6168999999938
1891.4,989.0536999999954
1891.5,979.878999999993
1891.6,971.1803000000186
1891.7,970.7126732673341
1891.8,978.3076000000018
1891.9,980.9868000000014
1892.0,980.5542000000002
1892.1,979.9226000000011
1892.2,977.8491089108861
1892.3,982.090500000009
1892.4,988.5330000000063
1892.5,990.6494999999996
1892.6,990.0020000000038
1892.7,986.7783168316712
1892.8,997.2676000000138
1892.9,1000.2484000000054
1893.0,997.6044000000007
1893.1,998.4335999999984
1893.2,1000.1562376237664
1893.3,995.4349999999864
1893.4,1003.8820000000294
1893.5,1014.8920999999916
1893.6,1020.2075999999867
1893.7,1020.0523762376228
1893.8,1019.7125999999994
1893.9,1021.2339999999992
1894.0,1021.3964000000003
1894.1,1016.9026000000031
1894.2,1008.713168316806
1894.3,1017.3251000000408
1894.4,1009.0043000000192
1894.5,992.8945000000239
1894.6,971.3031000000732
1894.7,953.333069306922
1894.8,951.38
1894.9,950.228
1895.0,946.53
1895.1,944.274
1895.2,947.3109900990305
1895.3,948.9608999999963
1895.4,948.0432000000001
1895.5,948.679599999997
1895.6,964.9698999999456
1895.7,988.6847524752759
1895.8,1003.8842000000047
1895.9,1040.1552000000252
1896.0,1068.2238000000038
1896.1,1077.5587999999786
1896.2,1083.4055445544611
1896.3,1095.9788000000071
1896.4,1108.6766999999884
1896.5,1105.0484000000188
1896.6,1105.5487999999843
1896.7,1103.617227722753
1896.8,1102.1472000000053
1896.9,1077.5083999999558
1897.0,1052.451999999994
1897.1,1045.2244000000128
1897.2,1043.373564356442
1897.3,1040.9064999999937
1897.4,1040.5109999999945
1897.5,1050.1324999999847
1897.6,1060.1899999999919
1897.7,1059.4601980197854
1897.8,1055.6053999999986
1897.9,1051.942399999992
1898.0,1045.1546000000083
1898.1,1035.2956000000377
1898.2,1023.5097029702939
1898.3,1013.1664000000063
1898.4,1007.2105000000022
1898.5,1000.9653000000062
1898.6,992.6696000000053
1898.7,985.2240594059205
1898.8,976.8567999999829
1898.9,966.5627999999797
1899.0,969.6435999999912
1899.1,979.2507999999904
1899.2,980.8315841584157
1899.3,980.4752000000001
1899.4,980.0921000000002
1899.5,983.3108999999984
1899.6,987.2743999999997
1899.7,986.2530693069195
1899.8,988.300000000017
1899.9,994.995
1900.0,997.1600000000036
1900.1,998.8249999999888
1900.2,1005.260198019812
1900.3,1008.5702999999996
1900.4,1007.1970999999998
1900.5,999.6611999999968
1900.6,993.1900999999971
1900.7,1007.4710891089507
1900.8,1019.4295999999973
1900.9,1020.4447999999863
1901.0,1022.6220000000066
1901.1,1020.1452000000023
1901.2,1013.9391089108708
1901.3,1013.9106000000088
1901.4,1019.2060999999977
1901.5,1019.0039000000023
1901.6,1023.9906999999902
1901.7,1011.3454455444906
1901.8,986.2851999999849
1901.9,966.6460000000359
1902.0,950.1728000000065
1902.1,945.8082000000052
1902.2,946.3405940594187
1902.3,949.7065000000007
1902.4,950.3755000000009
1902.5,945.5990000000106
1902.6,942.6184999999743
1902.7,936.3877227722719
1902.8,903.8736000000406
1902.9,869.9220000000186
1903.0,837.3852000000436
1903.1,786.1564000000504
1903.2,733.8244554454117
1903.3,684.1178999999181
1903.4,632.3382999999169
1903.5,579.8946000000192
1903.6,523.2231000001827
1903.7,471.6016831682894
1903.8,447.99380000000167
1903.9,445.8244000000001
1904.0,445.6192000000001
1904.1,445.3624000000001
1904.2,445.08356435643475
1904.3,444.82569999999953
1904.4,444.6572
1904.5,444.5649000000003
1904.6,444.45900000000023
1904.7,444.37158415841577
1904.8,444.298
1904.9,444.19399999999996
1905.0,444.074
1905.1,443.9999207920793
1905.2,443.91851485148504
1905.3,443.78539999999964
1905.4,443.6570999999999
1905.5,443.5627000000001
1905.6,443.4849386138616
1905.7,443.3992930693068
1905.8,443.32719999999995
1905.9,443.2862
1906.0,443.25719999999995
1906.1,443.20867524752475
1906.2,443.19394950495047
1906.3,443.18519999999995
1906.4,443.17109999999997
1906.5,443.15670000000017
1906.6,443.07780000000014
1906.7,443.03260990099005
1906.8,442.99839999999995
1906.9,442.93839999999994
1907.0,442.8892000000001
1907.1,442.85560000000015
1907.2,442.8370643564357
1907.3,442.83949999999993
1907.4,442.7885000000001
1907.5,442.72300000000007
1907.6,442.72049999999996
1907.7,442.7192079207919
1907.8,442.69360000000006
1907.9,442.7302000000001
1908.0,442.7534
1908.1,442.75320000000005
1908.2,442.729900990099
1908.3,442.7034
1908.4,442.71309999999994
1908.5,442.7633
1908.6,442.7568
1908.7,442.7528712871289
1908.8,442.79679999999996
1908.9,442.80600000000004
1909.0,442.83360000000005
1909.1,442.83919999999983
1909.2,442.87379999999996
1909.3,442.86310000000003
1909.4,442.85760000000005
1909.5,442.8486
1909.6,442.8807
1909.7,442.8569306930693
1909.8,442.847
1909.9,442.84000000000003
1910.0,442.8280000000001
1910.1,442.79100000000005
1910.2,442.76702970297026
1910.3,442.7513
1910.4,442.7271
1910.5,442.7142
1910.6,442.6942
1910.7,442.6828712871287
1910.8,442.69
1910.9,442.6928
1911.0,442.68880000000007
1911.1,442.6683999999999
1911.2,442.678910891089
1911.3,442.6581
1911.4,442.6692
1911.5,442.64
1911.6,442.6427
1911.7,442.65801980198023
1911.8,442.66179999999986
1911.9,442.6126
1912.0,442.60960000000006
1912.1,442.5981999999999
1912.2,442.6319801980196
1912.3,442.5925000000001
1912.4,442.64250000000004
1912.5,442.6875
1912.6,442.68750000000034
1912.7,442.6224752475248
1912.8,442.62760000000003
1912.9,442.62239999999997
1913.0,442.61080000000004
1913.1,442.55
1913.2,442.5523762376238
1913.3,442.54849999999993
1913.4,442.4985
1913.5,442.45540000000005
1913.6,442.44
1913.7,442.4559405940595
1913.8,442.5078
1913.9,442.4868
1914.0,442.4444
1914.1,442.4556
1914.2,442.4443564356436
1914.3,442.47260000000017
1914.4,442.5179
1914.5,442.5121
1914.6,442.5095000000001
1914.7,442.46999999999997
1914.8,442.466
1914.9,442.464
1915.0,442.51
1915.1,442.468
1915.2,442.44811881188116
1915.3,442.3981
1915.4,442.3824000000001
1915.5,442.3443000000001
1915.6,442.3086000000001
1915.7,442.2656435643565
1915.8,442.28099999999995
1915.9,442.24
1916.0,442.2346
1916.1,442.22259999999994
1916.2,442.28356435643565
1916.3,442.29999999999995
1916.4,442.3
1916.5,442.3034
1916.6,442.3149000000001
1916.7,442.301782178218
1916.8,442.352
1916.9,442.3148
1917.0,442.3384
1917.1,442.32680000000005
1917.2,442.3004950495049
1917.3,442.2485
1917.4,442.243
1917.5,442.257
1917.6,442.24749999999995
1917.7,442.2959405940595
1917.8,442.32439999999997
1917.9,442.29420000000005
1918.0,442.32280000000003
1918.1,442.34000000000003
1918.2,442.34415841584166
1918.3,442.37129999999996
1918.4,442.37350000000004
1918.5,442.3261
1918.6,442.29870000000005
1918.7,442.2835643564355
1918.8,442.23879999999997
1918.9,442.2252
1919.0,442.19
1919.1,442.1923999999999
1919.2,442.20049504950487
1919.3,442.13439999999997
1919.4,442.17330000000004
1919.5,442.2011
1919.6,442.21
1919.7,442.2165346534654
1919.8,442.269
1919.9,442.26200000000006
1920.0,442.27700000000004
1920.1,442.24800000000005
1920.2,442.22801980198017
1920.3,442.2073
1920.4,442.1791
1920.5,442.1727
1920.6,442.1964
1920.7,442.1608910891089
1920.8,442.16439999999983
1920.9,442.0992
1921.0,442.0892
1921.1,442.0831999999999
1921.2,442.12316831683177
1921.3,442.16420000000005
1921.4,442.2165
1921.5,442.1714
1921.6,442.19
1921.7,442.1906930693069
1921.8,442.2012000000001
1921.9,442.22299999999996
1922.0,442.2688
1922.1,442.2488
1922.2,442.23178217821794
1922.3,442.26050000000004
1922.4,442.2740000000001
1922.5,442.35400000000004
1922.6,442.4260000000003
1922.7,442.35445544554466
1922.8,442.4404
1922.9,442.4504
1923.0,442.46079999999995
1923.1,442.48119999999994
1923.2,442.505247524752
1923.3,442.39
1923.4,442.38729999999987
1923.5,442.29790000000025
1923.6,442.23
1923.7,442.22881188118805
1923.8,442.1902
1923.9,442.20000000000005
1924.0,442.1998
1924.1,442.1902
1924.2,442.20019801980203
1924.3,442.2108000000002
1924.4,442.2895999999999
1924.5,442.2502999999999
1924.6,442.2804999999999
1924.7,442.33059405940605
1924.8,442.39
1924.9,442.35
1925.0,442.39
1925.1,442.34000000000003
1925.2,442.39
1925.3,442.38009900990096
1925.4,442.38989999999995
1925.5,442.44939999999986
1925.6,442.44010000000003
1925.7,442.42019999999997
1925.8,442.410198019802
1925.9,442.3708
1926.0,442.3504
1926.1,442.35979999999995
1926.2,442.3894
1926.3,442.38029702970294
1926.4,442.32180000000005
1926.5,442.23270000000014
1926.6,442.2784999999999
1926.7,442.23149999999987
1926.8,442.23960396039604
1926.9,442.2208
1927.0,442.2872000000001
1927.1,442.2036000000003
1927.2,442.2576
1927.3,442.1839603960397
1927.4,442.1705
1927.5,442.19849999999997
1927.6,442.219
1927.7,442.21049999999997
1927.8,442.2854356435644
1927.9,442.233605940594
1928.0,442.23
1928.1,442.20180000000005
1928.2,442.21880000000004
1928.3,442.2388
1928.4,442.25862772277225
1928.5,442.2879
1928.6,442.2714
1928.7,442.27
1928.8,442.2145683168316
1928.9,442.2008237623762
1929.0,442.2367999999999
1929.1,442.2675999999999
1929.2,442.29760000000005
1929.3,442.29089108910887
1929.4,442.2535910891089
1929.5,442.1863
1929.6,442.2073
1929.7,442.1918
1929.8,442.23522970297034
1929.9,442.22193069306934
1930.0,442.23799999999994
1930.1,442.1500000000002
1930.2,442.1670000000001
1930.3,442.1967326732673
1930.4,442.22672178217823
1930.5,442.2567
1930.6,442.26
1930.7,442.22439999999995
1930.8,442.2555118811881
1930.9,442.20717623762386
1931.0,442.2088
1931.1,442.17480000000006
1931.2,442.17
1931.3,442.09986138613846
1931.4,442.09871287128715
1931.5,442.11740000000003
1931.6,442.13739999999996
1931.7,442.1226
1931.8,442.09389999999996
1931.9,442.0900138613861
1932.0,442.1157999999999
1932.1,442.1458
1932.2,442.18440000000015
1932.3,442.14700000000005
1932.4,442.1825891089109
1932.5,442.1219999999999
1932.6,442.1185
1932.7,442.10299999999995
1932.8,442.12550000000005
1932.9,442.13
1933.0,442.1636
1933.1,442.06920000000014
1933.2,442.09200000000016
1933.3,442.1
1933.4,442.1665346534654
1933.5,442.1634
1933.6,442.20979999999986
1933.7,442.19509999999997
1933.8,442.1734
1933.9,442.14534653465347
1934.0,442.1236
1934.1,442.14459999999997
1934.2,442.1418
1934.3,442.099
1934.4,442.0412871287128
1934.5,441.91660000000024
1934.6,441.8576000000001
1934.7,441.7365999999997
1934.8,441.68569999999994
1934.9,441.5837623762376
1935.0,441.488
1935.1,441.334
1935.2,441.2199999999999
1935.3,441.13599999999997
1935.4,441.15960396039594
1935.5,441.14630000000005
1935.6,441.0531000000002
1935.7,440.9746999999998
1935.8,440.9679
1935.9,440.97
1936.0,441.009
1936.1,441.0511999999999
1936.2,441.0444
1936.3,441.0166
1936.4,440.9713861386139
1936.5,441.02159999999986
1936.6,441.11699999999985
1936.7,441.1631000000001
1936.8,441.2239000000002
1936.9,441.2323762376238
1937.0,441.2224
1937.1,441.2124
1937.2,441.24800000000005
1937.3,441.2372
1937.4,441.2450495049505
1937.5,441.21250000000003
1937.6,441.2449999999999
1937.7,441.2449999999999
1937.8,441.24
1937.9,441.21029702970293
1938.0,441.16300000000007
1938.1,441.1943999999998
1938.2,441.23960000000005
1938.3,441.2426
1938.4,441.2253465346535
1938.5,441.2346
1938.6,441.18160000000006
1938.7,441.16729999999995
1938.8,441.1554
1938.9,441.1572277227723
1939.0,441.21039999999994
1939.1,441.2084000000001
1939.2,441.1351999999998
1939.3,441.13880000000006
1939.4,441.17138613861385
1939.5,441.1587
1939.6,441.1571
1939.7,441.1387
1939.8,441.1513
1939.9,441.15999999999997
1940.0,441.2019999999999
1940.1,441.1780000000001
1940.2,441.2160000000002
1940.3,441.233
1940.4,441.1814851485148
1940.5,441.1255
1940.6,441.12379999999996
1940.7,441.17140000000006
1940.8,441.21070000000003
1940.9,441.22
1941.0,441.17240000000015
1941.1,441.1636
1941.2,441.16319999999996
1941.3,441.15319999999997
1941.4,441.2374920792081
1941.5,441.3269
1941.6,441.32990000000007
1941.7,441.32
1941.8,441.3066
1941.9,441.32653465346533
1942.0,441.34659999999997
1942.1,441.33020000000005
1942.2,441.3001999999999
1942.3,441.3032
1942.4,441.2838613861386
1942.5,441.21800000000013
1942.6,441.2159999999999
1942.7,441.2235
1942.8,441.2005
1942.9,441.14495049504956
1943.0,441.14559999999994
1943.1,441.1472
1943.2,441.1464
1943.3,441.16920000000005
1943.4,441.18
1943.5,441.1863
1943.6,441.1648000000001
1943.7,441.13739999999996
1943.8,441.1741000000001
1943.9,441.15633663366333
1944.0,441.0928
1944.1,441.0762
1944.2,441.0738
1944.3,441.02660000000003
1944.4,440.98772277227727
1944.5,440.9495000000001
1944.6,440.93
1944.7,440.91169999999994
1944.8,440.84509999999983
1944.9,440.8462376237624
1945.0,440.894
1945.1,440.916
1945.2,440.932
1945.3,440.964
1945.4,440.9978217821782
1945.5,441.01
1945.6,441.03949999999986
1945.7,441.06
1945.8,441.06590000000006
1945.9,441.0816831683169
1946.0,441.1016
1946.1,441.1505999999998
1946.2,441.151
1946.3,441.1184
1946.4,441.1042574257426
1946.5,441.1
1946.6,441.10569999999996
1946.7,441.14990000000023
1946.8,441.1912306930694
1946.9,441.17186930693066
1947.0,441.1668000000001
1947.1,441.12960000000015
1947.2,441.0788
1947.3,441.06434455445543
1947.4,441.0711782178218
1947.5,441.08000000000004
1947.6,441.08
1947.7,441.05249999999984
1947.8,441.0355
1947.9,441.0345544554456
1948.0,441.0354
1948.1,441.04
1948.2,441.0724000000001
1948.3,441.08919999999995
1948.4,441.11742574257426
1948.5,441.1394
1948.6,441.14059999999995
1948.7,441.15
1948.8,441.15
1948.9,441.1447524752475
1949.0,441.14
1949.1,441.1192000000001
1949.2,441.14160000000015
1949.3,441.1748
1949.4,441.1288118811881
1949.5,441.0849
1949.6,441.0698
1949.7,441.06510000000003
1949.8,441.1006
1949.9,441.1098019801981
1950.0,441.08000000000004
1950.1,441.075
1950.2,441.0549999999999
1950.3,441.025
1950.4,441.0447524752476
1950.5,441.0308
1950.6,441.00469999999996
1950.7,441.0102
1950.8,441.0098
1950.9,441.0054455445545
1951.0,440.98040000000003
1951.1,440.97
1951.2,440.99400000000014
1951.3,441.0008
1951.4,441.01801980198013
1951.5,441.06
1951.6,441.07409999999993
1951.7,441.0947
1951.8,441.08119999999997
1951.9,441.07861386138615
1952.0,441.09080000000006
1952.1,441.0524000000001
1952.2,441.0430000000002
1952.3,441.0608
1952.4,441.0363366336634
1952.5,441.00200000000007
1952.6,440.9979999999999
1952.7,440.9839999999999
1952.8,440.958
1952.9,440.9577227722772
1953.0,440.9695999999999
1953.1,441.0507999999999
1953.2,441.08119999999997
1953.3,441.07439999999997
1953.4,441.0974257425743
1953.5,441.1114
1953.6,441.0914
1953.7,441.0843
1953.8,441.09
1953.9,441.09851485148516
1954.0,441.1184
1954.1,441.0964
1954.2,441.05420000000004
1954.3,441.0432
1954.4,441.0366336633663
1954.5,441.0436000000001
1954.6,441.0527999999998
1954.7,441.0917999999999
1954.8,441.1005000000001
1954.9,441.10970297029695
1955.0,441.06
1955.1,441.042
1955.2,441.08799999999997
1955.3,441.094
1955.4,441.020198019802
1955.5,440.9978
1955.6,440.9944000000001
1955.7,440.97780000000006
1955.8,440.99
1955.9,440.95910891089096
1956.0,440.9442
1956.1,440.99620000000004
1956.2,440.99760000000003
1956.3,441.01
1956.4,441.02128712871286
1956.5,441.0289
1956.6,441.0137
1956.7,440.9977999999998
1956.8,440.9822000000001
1956.9,441.0126732673267
1957.0,440.9748000000001
1957.1,440.9012000000003
1957.2,440.86800000000005
1957.3,440.91080000000005
1957.4,440.9371287128713
1957.5,440.95349999999996
1957.6,440.9844999999999
1957.7,441.0194999999999
1957.8,440.9789999999999
1957.9,440.91920792079213
1958.0,440.8732
1958.1,440.86
1958.2,440.85319999999996
1958.3,440.8298
1958.4,440.799900990099
1958.5,440.75360000000006
1958.6,440.7
1958.7,440.70990000000006
1958.8,440.74649999999997
1958.9,440.8028712871286
1959.0,440.8723999999998
1959.1,440.9168
1959.2,440.9004
1959.3,440.8703999999999
1959.4,440.85633663366343
1959.5,440.8793
1959.6,440.89070000000004
1959.7,440.8637999999999
1959.8,440.8717
1959.9,440.91386138613865
1960.0,440.90899999999993
1960.1,440.927
1960.2,440.93200000000013
1960.3,440.96000000000004
1960.4,440.97485148514863
1960.5,441.0013
1960.6,441.00319999999994
1960.7,441.05129999999997
1960.8,441.0213
1960.9,440.9942574257426
1961.0,440.98279999999994
1961.1,440.99
1961.2,441.0152000000003
1961.3,441.0828277227723
1961.4,441.07919999999996
1961.5,441.0392
1961.6,441.0046
1961.7,440.9819
1961.8,440.98953960396045
1961.9,441.0855267326732
1962.0,441.1274
1962.1,441.1070000000001
1962.2,441.0621999999999
1962.3,441.0374257425742
1962.4,441.0301485148515
1962.5,441.0375
1962.6,441.0699999999998
1962.7,441.0899999999999
1962.8,441.0625
1962.9,441.0452475247524
1963.0,440.9772
1963.1,441.00239999999997
1963.2,441.01
1963.3,441.0052
1963.4,440.9852475247525
1963.5,440.9608000000001
1963.6,442.2156999999835
1963.7,461.41020000010303
1963.8,525.6258000000994
1963.9,588.4218049505305
1964.0,651.9847207919322
1964.1,709.790799999981
1964.2,756.6360000002019
1964.3,821.6389999999709
1964.4,883.874851485098
1964.5,942.4926999998303
1964.6,1008.2458999998555
1964.7,1052.051999999982
1964.8,1043.0314999999798
1964.9,1037.02564356437
1965.0,1043.044
1965.1,1044.0359999999819
1965.2,1062.008
1965.3,1069.808
1965.4,1064.5259405940662
1965.5,1050.9794999999979
1965.6,1051.5184000000033
1965.7,1050.9690000000103
1965.8,1054.417300000001
1965.9,1053.419306930706
1966.0,1046.3847999999991
1966.1,1044.5292000000002
1966.2,1042.093599999995
1966.3,1031.7273999999966
1966.4,1024.4596039603955
1966.5,1017.747600000017
1966.6,1008.224400000006
1966.7,1003.8371999999769
1966.8,995.6656999999786
1966.9,986.1227722772375
1967.0,978.0591999999988
1967.1,970.8260000000379
1967.2,962.7460000000037
1967.3,967.0236000000046
1967.4,971.7152475247536
1967.5,973.0825000000023
1967.6,971.7134999999972
1967.7,974.5935000000138
1967.8,981.5548465346202
1967.9,996.4397247523641
1968.0,994.5809999999968
1968.1,991.762599999979
1968.2,998.1020000000066
1968.3,995.9355168316346
1968.4,956.1265831683204
1968.5,952.4675999999948
1968.6,959.4025999999978
1968.7,964.7405000000682
1968.8,983.174971287128
1968.9,987.6149148514469
1969.0,1003.5140000000001
1969.1,1003.3596000000025
1969.2,1001.7315999999876
1969.3,996.1157108911062
1969.4,998.7234811882097
1969.5,997.4308999999984
1969.6,1003.4021000000029
1969.7,999.9323
1969.8,999.5675108910898
1969.9,995.3012772277302
1970.0,981.4529999999764
1970.1,991.9449999999729
1970.2,1003.1770000000108
1970.3,1006.7772673267277
1970.4,1000.4215356436573
1970.5,999.7328000000007
1970.6,1002.0444000000007
1970.7,998.2502999999992
1970.8,995.3809217821862
1970.9,997.2398138614965
1971.0,998.3959999999872
1971.1,1003.6820000000251
1971.2,991.3648000000146
1971.3,995.3710772277013
1971.4,986.2492178219019
1971.5,1003.141500000003
1971.6,1012.0884999999398
1971.7,1027.2423000000067
1971.8,1037.5842574257513
1971.9,1052.1628000000178
1972.0,1040.5223999999844
1972.1,1050.8936000000108
1972.2,1043.8788000000238
1972.3,1052.2234653466016
1972.4,1072.532999999989
1972.5,1065.3790000000383
1972.6,1105.6044999999765
1972.7,1112.8180000000152
1972.8,1125.2991089108868
1972.9,1121.1316000000027
1973.0,1118.7843999999886
1973.1,1130.697999999999
1973.2,1131.8888000000034
1973.3,1131.3201980198323
1973.4,1094.9379999999994
1973.5,1093.381500000115
1973.6,1054.6700000000917
1973.7,1024.4100999999898
1973.8,1017.9364356435474
1973.9,1006.8464000000045
1974.0,997.1792000000041
1974.1,988.2112000000025
1974.2,982.6665999999573
1974.3,972.350990099007
1974.4,979.3584000000058
1974.5,982.1825999999968
1974.6,983.3594000000176
1974.7,976.3493039603918
1974.8,974.2784158415839
1974.9,977.6
1975.0,947.88
1975.1,946.4000000000001
1975.2,939.64
1975.3,941.462475247529
1975.4,947.5882970296907
1975.5,944.3533000000068
1975.6,950.9925999999862
1975.7,955.8318000000121
1975.8,956.9382217821787
1975.9,956.6464217821781
1976.0,988.0980000000146
1976.1,992.0425999999866
1976.2,1010.2400000000083
1976.3,1004.7688118811709
1976.4,1008.8385999999936
1976.5,997.8053000000183
1976.6,1002.387599999992
1976.7,957.6968999998634
1976.8,952.228316831679
1976.9,960.7768000000083
1977.0,963.7032000000024
1977.1,965.2787999999947
1977.2,989.618400000023
1977.3,992.7496633663343
1977.4,1016.6004999999717
1977.5,1015.9500000000023
1977.6,1011.575000000005
1977.7,1016.2900000000177
1977.8,1012.7970297029644
1977.9,1014.5246000000028
1978.0,1011.2096000000106
1978.1,1010.0500000000031
1978.2,1014.0594554455507
1978.3,1022.9102069306881
1978.4,999.5560000000177
1978.5,1007.3475999999929
1978.6,991.776400000012
1978.7,998.9732217820958
1978.8,1011.5451603960553
1978.9,1026.3884000000273
1979.0,1041.3531999999645
1979.1,1052.4215999999706
1979.2,1104.8255960395097
1979.3,1110.5518693069196
1979.4,1104.4875000000015
1979.5,1105.8000999999995
1979.6,1116.5004999999974
1979.7,1131.4484039604345
1979.8,1126.5539306930532
1979.9,1128.0809999999954
1980.0,1126.665000000004
1980.1,1127.8119999999967
1980.2,1088.3867326732475
1980.3,1071.437099999997
1980.4,1077.398200000002
1980.5,1077.5457
1980.6,1062.4979999999962
1980.7,1046.6391089108442
1980.8,1032.0779999999606
1980.9,1020.9868000000135
1981.0,1010.7604000000184
1981.1,999.9920000000197
1981.2,991.1010891089028
1981.3,981.8367999999936
1981.4,972.4767999999934
1981.5,962.1771999999928
1981.6,960.4807000000013
1981.7,974.9960396040078
1981.8,976.9530000000003
1981.9,976.4686000000006
1982.0,976.984799999999
1982.1,976.9527029702975
1982.2,982.7609405940673
1982.3,995.6390000000158
1982.4,993.0294999999937
1982.5,989.6414999999965
1982.6,993.3385891089082
1982.7,1000.7559207921079
1982.8,995.7368000000014
1982.9,1002.0915999999918
1983.0,999.817200000004
1983.1,1001.1388910891025
1983.2,994.8933999999873
1983.3,992.8410999999987
1983.4,964.8949999999467
1983.5,957.4238000000047
1983.6,956.4770277227728
1983.7,956.8420178217824
1983.8,952.9238000000022
1983.9,960.8959999999951
1984.0,964.0945999999992
1984.1,962.5351485148562
1984.2,956.5613683168176
1984.3,957.7710000000063
1984.4,981.7285000000591
1984.5,989.2187999999959
1984.6,1005.8499009900892
1984.7,1008.4479999999985
1984.8,1008.7479999999999
1984.9,1003.1100000000001
1985.0,1005.5799999999999
1985.1,1006.187722772278
1985.2,1003.4513999999916
1985.3,1001.5175999999962
1985.4,994.1116000000097
1985.5,1007.1214999999613
1985.6,995.9370297030401
1985.7,996.1036000000026
1985.8,989.8207999999956
1985.9,995.9758000000047
1986.0,1004.2302000000034
1986.1,1015.2445544554321
1986.2,1028.3180000000395
1986.3,1041.9413000000404
1986.4,1075.7744999999782
1986.5,1094.072199999981
1986.6,1098.4390851485082
1986.7,1100.682800000002
1986.8,1107.3252000000073
1986.9,1120.7108000000137
1987.0,1115.1361069305979
1987.1,1118.847475247489
1987.2,1114.9649999999724
1987.3,1113.435
1987.4,1096.7925000000255
1987.5,1076.634950495101
1987.6,1065.7808198020052
1987.7,1064.768600000002
1987.8,1063.6721999999972
1987.9,1049.7881999999754
1988.0,1034.3699643564378
1988.1,1021.4220118811967
1988.2,1010.7580999999946
1988.3,1004.9110000000028
1988.4,998.6108000000048
1988.5,987.1260396039887
1988.6,979.504400000015
1988.7,971.8859999999845
1988.8,959.2959999999741
1988.9,965.7096000000263
1989.0,971.8387128712882
1989.1,974.0431999999995
1989.2,971.5114999999953
1989.3,970.8179999999999
1989.4,975.5939999999986
1989.5,980.1283168316769
1989.6,981.8409999999981
1989.7,981.4389999999979
1989.8,984.1910000000099
1989.9,988.5209999999961
1990.0,992.4744554455425
1990.1,989.8688000000159
1990.2,987.963
1990.3,987.6560999999999
1990.4,987.8153000000001
1990.5,986.1947524752504
1990.6,967.7304000000472
1990.7,951.2463999999673
1990.8,947.7264000000014
1990.9,956.1848871287078
1991.0,962.9858663366329
1991.1,967.0096999999909
1991.2,967.0671999999988
1991.3,969.2740000000028
1991.4,959.6678207920902
1991.5,959.9840019801859
1991.6,978.5827999999678
1991.7,989.4578000000138
1991.8,1000.0314000000026
1991.9,1009.9593544553616
1992.0,1008.0757227722444
1992.1,1004.8875000000036
1992.2,1004.2404999999995
1992.3,1005.7020000000028
1992.4,1005.3126683168974
1992.5,1001.7058415841999
1992.6,990.223200000014
1992.7,952.5555999998173
1992.8,886.7487999999457
1992.9,822.818019801941
1993.0,770.9195000000616
1993.1,721.1268000001496
1993.2,665.7617999999075
1993.3,617.0906999999313
1993.4,567.9371287128547
1993.5,515.7196000000235
1993.6,468.13960000002044
1993.7,448.19939999999406
1993.8,446.32220000000007
1993.9,446.1026732673272
1994.0,445.8636000000006
1994.1,445.6724000000004
1994.2,445.57949999999994
1994.3,445.4681980198016
1994.4,445.30736633663355
1994.5,445.168
1994.6,445.072
1994.7,444.9859999999998
1994.8,444.8961782178218
1994.9,444.7946940594061
1995.0,444.72050000000013
1995.1,444.67050000000006
1995.2,444.5732999999997
1995.3,444.44990099009885
1995.4,444.3536
1995.5,444.2852
1995.6,444.2310000000001
1995.7,444.19259999999997
1995.8,444.16277227722776
1995.9,444.16139999999996
1996.0,444.14720000000005
1996.1,444.13
1996.2,444.10155643564343
1996.3,444.04622574257417
1996.4,444.0088
1996.5,444.0
1996.6,443.9384000000002
1996.7,443.92332277227734
1996.8,443.90599999999995
1996.9,443.87
1997.0,443.8370000000001
1997.1,443.7605000000001
1997.2,443.72539108910894
1997.3,443.72464554455445
1997.4,443.69839999999994
1997.5,443.70699999999994
1997.6,443.73539999999997
1997.7,443.70257425742574
1997.8,443.6753
1997.9,443.7012
1998.0,443.7147
1998.1,443.7629999999999
1998.2,443.78900990099
1998.3,443.8064000000001
1998.4,443.85040000000004
1998.5,443.8496
1998.6,443.8036000000002
1998.7,443.800891089109
1998.8,443.8045
1998.9,443.7698
1999.0,443.7345
1999.1,443.7151504950495
1999.2,443.73019801980206
1999.3,443.72999999999996
1999.4,443.695
1999.5,443.67
1999.6,443.6999504950494
1999.7,443.7349
1999.8,443.7351
1999.9,443.7104
2000.0,443.7292
2000.1,443.7699514851485
2000.2,443.76029702970294
2000.3,443.726
2000.4,443.72399999999993
2000.5,443.7212000000001
2000.6,443.6708000000001
2000.7,443.6548
2000.8,443.61780495049504
2000.9,443.5229999999999
2001.0,443.41829999999993
2001.1,443.2895000000002
2001.2,443.168118811881
2001.3,443.0509999999998
2001.4,442.9332000000001
2001.5,442.8578000000001
2001.6,442.7785544554456
2001.7,442.6662920792076
2001.8,442.581
2001.9,442.561
2002.0,442.55
2002.1,442.54100000000005
2002.2,442.54771089108914
2002.3,442.5436000000001
2002.4,442.49240000000003
2002.5,442.4612
2002.6,442.46742574257416
2002.7,442.4986
2002.8,442.5358000000001
2002.9,442.54849999999993
2003.0,442.5413297029703
2003.1,442.5490574257426
2003.2,442.5242
2003.3,442.551
2003.4,442.60519999999997
2003.5,442.6067326732674
2003.6,442.5559
2003.7,442.5376999999999
2003.8,442.4830999999998
2003.9,442.43
2004.0,442.4340594059406
2004.1,442.41200000000015
2004.2,442.354
2004.3,442.302
2004.4,442.272
2004.5,442.25477920792093
2004.6,442.21559999999994
2004.7,442.24390000000005
2004.8,442.27340000000015
2004.9,442.3061386138614
2005.0,442.3038
2005.1,442.3062
2005.2,442.33420000000007
2005.3,442.3672376237624
2005.4,442.3600366336633
2005.5,442.4210999999999
2005.6,442.4252000000001
2005.7,442.3963
2005.8,442.39
2005.9,442.37168316831685
2006.0,442.322
2006.1,442.27200000000016
2006.2,442.2578217821783
2006.3,442.2865
2006.4,442.2485000000001
2006.5,442.1690000000001
2006.6,442.12653465346534
2006.7,442.10299999999995
2006.8,442.0933333333334
2006.9,442.1304
2007.0,442.12914653465333
2007.1,442.1731
2007.2,442.1769
2007.3,442.1514
2007.4,442.13169999999997
2007.5,442.18309999999997
2007.6,442.2054158415841
2007.7,442.2490000000001
2007.8,442.27600000000007
2007.9,442.29600000000005
2008.0,442.3070297029703
2008.1,442.2971
2008.2,442.3016
2008.3,442.32419999999996
2008.4,442.31571386138614
2008.5,442.31585742574265
2008.6,442.2911999999999
2008.7,442.3087999999999
2008.8,442.2828
2008.9,442.26200000000017
2009.0,442.20386138613856
2009.1,442.2292
2009.2,442.2108
2009.3,442.2292
2009.4,442.2054267326733
2009.5,442.20930693069306
2009.6,442.18
2009.7,442.18
2009.8,442.18
2009.9,442.1928712871287
2010.0,442.21750000000003
2010.1,442.17500000000007
2010.2,442.16
2010.3,442.1475247524752
2010.4,442.1221504950495
2010.5,442.1648
2010.6,442.18719999999996
2010.7,442.19799999999987
2010.8,442.1790099009901
2010.9,442.2285
2011.0,442.21069999999975
2011.1,442.2708000000001
2011.2,442.24
2011.3,442.23316831683167
2011.4,442.2254
2011.5,442.2712
2011.6,442.2444
2011.7,442.24690891089085
2011.8,442.20210000000003
2011.9,442.20369999999997
2012.0,442.16740000000016
2012.1,442.12
2012.2,442.13663366336647
2012.3,442.204
2012.4,442.212
2012.5,442.178
2012.6,442.18399999999997
2012.7,442.2320792079208
2012.8,442.2019
2012.9,442.2081
2013.0,442.20189999999997
2013.1,442.2081188118812
2013.2,442.18707524752466
2013.3,442.1246
2013.4,442.11260000000004
2013.5,442.16279999999995
2013.6,442.12465346534657
2013.7,442.0931999999999
2013.8,442.07360000000017
2013.9,442.13660000000004
2014.0,442.12
2014.1,442.1085504950497
2014.2,442.05960000000005
2014.3,442.10679999999996
2014.4,442.0932
2014.5,442.10841584158413
2014.6,442.097
2014.7,442.07849999999996
2014.8,442.06250000000006
2014.9,442.02451485148515
2015.0,442.0558554455445
2015.1,442.09699999999987
2015.2,442.13579999999996
2015.3,442.1072
2015.4,442.0886
2015.5,442.06804158415844
2015.6,441.9978
2015.7,442.0434999999998
2015.8,442.00649999999996
2015.9,442.0435643564357
2016.0,442.0035999999999
2016.1,442.03119999999996
2016.2,442.03759999999994
2016.3,442.0188118811881
2016.4,442.0123762376238
2016.5,442.03549999999996
2016.6,442.08000000000004
2016.7,442.0789
2016.8,442.0678217821782
2016.9,442.04199999999986
2017.0,441.9620000000002
2017.1,441.889
2017.2,441.87699999999995
2017.3,441.8480198019802
2017.4,441.82370000000003
2017.5,441.76
2017.6,441.7627
2017.7,441.7935465346535
2017.8,441.8291089108911
2017.9,441.8216
2018.0,441.8455999999999
2018.1,441.9139999999999
2018.2,441.96320000000014
2018.3,442.0016762376238
2018.4,442.0235
2018.5,442.0693
2018.6,442.05580000000026
2018.7,441.9972277227722
2018.8,441.9618000000001
2018.9,441.9912
2019.0,442.0141999999999
2019.1,442.0776000000001
2019.2,442.039
2019.3,442.018
2019.4,441.9825000000001
2019.5,442.0295
2019.6,442.02049009900986
2019.7,442.03070495049514
2019.8,442.0484
2019.9,442.00840000000005
2020.0,441.9688
2020.1,441.9407920792079
2020.2,441.9597
2020.3,441.9484999999999
2020.4,441.8975999999999
2020.5,441.8194029702971
2020.6,441.80110297029705
2020.7,441.8591999999999
2020.8,441.82099999999997
2020.9,441.8712
2021.0,441.93
2021.1,441.92980000000006
2021.2,441.9104000000001
2021.3,441.9501
2021.4,441.96070000000014
2021.5,442.0301980198019
2021.6,442.05
2021.7,442.03
2021.8,442.0
2021.9,441.99
2022.0,441.9308910891091
2022.1,441.9596980198019
2022.2,441.9005999999998
2022.3,441.8207999999998
2022.4,441.87939999999986
2022.5,441.88980198019806
2022.6,441.8704000000001
2022.7,441.88960000000003
2022.8,441.8998
2022.9,441.9196
2023.0,441.92970297029706
2023.1,441.9203
2023.2,441.9685000000001
2023.3,442.0379000000002
2023.4,442.078703960396
2023.5,442.07039603960396
2023.6,442.0987999999999
2023.7,442.11920000000003
2023.8,442.1392
2023.9,442.14950495049504
2024.0,442.14050000000003
2024.1,442.1305
2024.2,442.18700000000024
2024.3,442.12350000000004
2024.4,442.03534653465334
2024.5,442.03
2024.6,441.99240000000015
2024.7,441.99
2024.8,442.0365346534653
2024.9,442.0492792079208
2025.0,441.98490000000004
2025.1,442.02649999999994
2025.2,441.9927999999998
2025.3,442.01762376237633
2025.4,442.02920000000006
2025.5,442.0575999999999
2025.6,442.0232000000001
2025.7,442.01079999999996
2025.8,441.96446435643566
2025.9,441.9418
2026.0,441.9764
2026.1,441.9709
2026.2,441.9341405940593
2026.3,441.97499009901003
2026.4,441.9440000000001
2026.5,441.86800000000017
2026.6,441.9319999999998
2026.7,441.94
2026.8,441.9222
2026.9,441.91999999999996
2027.0,441.9022
2027.1,441.8733
2027.2,441.88761188118815
2027.3,441.8459999999999
2027.4,441.88399999999996
2027.5,441.88120000000004
2027.6,441.8888871287129
2027.7,441.91611287128717
2027.8,441.8939
2027.9,441.91610000000003
2028.0,441.92
2028.1,441.90277227722777
2028.2,441.9258000000001
2028.3,441.94719999999995
2028.4,441.97579999999994
2028.5,441.97157029702964
2028.6,441.96151485148516
2028.7,441.9855
2028.8,442.007
2028.9,442.02700000000004
2029.0,442.0131683168317
2029.1,442.0268
2029.2,442.0131999999999
2029.3,442.0268
2029.4,441.9628000000001
2029.5,441.9915841584157
2029.6,441.9834000000001
2029.7,441.9717
2029.8,441.9783
2029.9,441.92206435643556
2030.0,441.8853643564356
2030.1,441.88
2030.2,441.88820000000004
2030.3,441.8654
2030.4,441.8437623762376
2030.5,441.8481
2030.6,441.8662
2030.7,441.8619
2030.8,441.8358603960396
2030.9,441.8379801980198
2031.0,441.87199999999996
2031.1,441.904
2031.2,441.894
2031.3,441.8741584158415
2031.4,441.92529999999994
2031.5,441.92420000000004
2031.6,441.9594999999999
2031.7,441.97790000000003
2031.8,441.97217821782175
2031.9,442.00120000000004
2032.0,441.9944
2032.1,442.0367999999998
2032.2,442.0656
2032.3,442.04685445544544
2032.4,441.9630000000001
2032.5,441.90150000000006
2032.6,441.87460000000004
2032.7,441.83188118811876
2032.8,441.8428
2032.9,441.80439999999993
2033.0,441.7672
2033.1,441.74480000000005
2033.2,441.75504950495053
2033.3,441.78249999999997
2033.4,441.8125
2033.5,441.85749999999996
2033.6,441.8551485148515
2033.7,441.87965148514854
2033.8,441.89
2033.9,441.88259999999997
2034.0,441.8948
2034.1,441.90732673267325
2034.2,441.8954
2034.3,441.90459999999996
2034.4,441.90270000000004
2034.5,441.92905544554446
2034.6,441.93268910891095
2034.7,441.8939999999999
2034.8,441.8944
2034.9,441.9360000000001
2035.0,441.9286138613861
2035.1,441.92
2035.2,441.92
2035.3,441.9058
2035.4,441.8716
2035.5,441.81079207920806
2035.6,441.79699999999997
2035.7,441.78599999999994
2035.8,441.78700000000003
2035.9,441.7691386138614
2036.0,441.7738613861386
2036.1,441.8006999999999
2036.2,441.77549999999997
2036.3,441.7462
2036.4,441.7263366336634
2036.5,441.7539999999999
2036.6,441.74960000000004
2036.7,441.7468
2036.8,441.75013465346535
2036.9,441.7701326732673
2037.0,441.72639999999996
2037.1,441.70669999999996
2037.2,441.6966
2037.3,441.7166673267327
2037.4,441.7564673267326
2037.5,441.7436000000001
2037.6,441.7695999999999
2037.7,441.77019999999993
2037.8,441.7338613861385
2037.9,441.7004999999999
2038.0,441.7224999999999
2038.1,441.73350000000005
2038.2,441.74306435643564
2038.3,441.76287128712875
2038.4,441.77
2038.5,441.80199999999996
2038.6,441.82640000000004
2038.7,441.84248316831685
2038.8,441.86281980198027
2038.9,441.89520000000005
2039.0,441.9163
2039.1,441.9451999999999
2039.2,441.9602495049505
2039.3,441.9723623762376
2039.4,441.9861386138614
2039.5,441.95340000000016
2039.6,441.8995000000001
2039.7,441.88
2039.8,441.88610000000006
2039.9,441.86560000000003
2040.0,441.78966435643576
2040.1,441.7199207920792
2040.2,441.688
2040.3,441.7088461538462
2040.4,441.7188
2040.5,441.6988
2040.6,441.7179999999999
2040.7,441.7344
2040.8,441.6743326732673
2040.9,441.63
2041.0,441.6355
2041.1,441.6455
2041.2,441.6445
2041.3,441.64
2041.4,441.64549999999997
2041.5,441.6501821782178
2041.6,441.61760000000015
2041.7,441.59540000000004
2041.8,441.62160000000006
2041.9,441.6562
2042.0,441.6806930693069
2042.1,441.7006
2042.2,441.7365000000001
2042.3,441.70700000000005
2042.4,441.654804950495
2042.5,441.7123999999999
2042.6,441.78039999999993
2042.7,441.7639999999999
2042.8,441.7504
2042.9,441.7342574257425
2043.0,441.7355
2043.1,441.7753
2043.2,441.7644999999999
2043.3,441.7655
2043.4,441.7848514851486
2043.5,441.7650000000001
2043.6,441.75
2043.7,441.7900000000002
2043.8,441.8349504950495
2043.9,441.8302
2044.0,441.80039999999997
2044.1,441.80939999999987
2044.2,441.8449
2044.3,441.87425742574254
2044.4,441.9
2044.5,441.9287999999999
2044.6,441.9408000000001
2044.7,441.9103999999999
2044.8,441.8575425742573
2044.9,441.8288
2045.0,441.87350000000004
2045.1,441.88120000000004
2045.2,441.8274257425741
2045.3,441.81300000000005
2045.4,441.8308
2045.5,441.8016000000001
2045.6,441.7936178217821
2045.7,441.8098910891089
2045.8,441.81
2045.9,441.819
2046.0,441.8165
2046.1,441.80891089108906
2046.2,441.7935999999999
2046.3,441.75120000000004
2046.4,441.7048000000001
2046.5,441.6775128712871
2046.6,441.7002257425743
2046.7,441.6914
2046.8,441.70150000000007
2046.9,441.7601000000001
2047.0,441.80425742574255
2047.1,441.81
2047.2,441.81840000000005
2047.3,441.8384
2047.4,441.8668
2047.5,441.87752475247527
2047.6,441.8477000000001
2047.7,441.8300405940594
2047.8,441.81011881188124
2047.9,441.744
2048.0,441.658
2048.1,441.61799999999994
2048.2,441.626
2048.3,441.6081188118811
2048.4,441.56269999999995
2048.5,441.53559999999993
2048.6,441.5522000000001
2048.7,441.5439
2048.8,441.5695000000001
2048.9,441.6154455445545
2049.0,441.64
2049.1,441.6058000000001
2049.2,441.531
2049.3,441.51896237623765
2049.4,441.5574623762376
2049.5,441.56260000000003
2049.6,441.55
2049.7,441.55
2049.8,441.55740000000003
2049.9,441.53702970297036
2050.0,441.4944
2050.1,441.5307999999999
2050.2,441.5464
2050.3,441.52199999999993
2050.4,441.4792
2050.5,441.46356435643565
2050.6,441.463
2050.7,441.4570000000001
2050.8,441.4489999999999
2050.9,441.42049999999995
2051.0,441.4607920792078
2051.1,441.4796000000002
2051.2,441.45700000000005
2051.3,441.4968
2051.4,441.50319999999994
2051.5,441.50013267326733
2051.6,441.5134
2051.7,441.4867999999999
2051.8,441.4765
2051.9,441.5067
2052.0,441.5099
2052.1,441.5397346534653
2052.2,441.5632
2052.3,441.57
2052.4,441.5924
2052.5,441.6368
2052.6,441.65217821782164
2052.7,441.7093000000001
2052.8,441.73
2052.9,441.7176
2053.0,441.68690000000004
2053.1,441.6585148514852
2053.2,441.62800000000016
2053.3,441.664
2053.4,441.647
2053.5,441.634
2053.6,441.6348514851484
2053.7,441.6468
2053.8,441.5842
2053.9,441.58450000000005
2054.0,441.6113
2054.1,441.5929
2054.2,441.60272871287134
2054.3,441.59599999999995
2054.4,441.56559999999996
2054.5,441.58559999999994
2054.6,441.58888316831695
2054.7,441.5597831683168
2054.8,441.5681
2054.9,441.57649999999995
2055.0,441.55890000000005
2055.1,441.6019
2055.2,441.57472673267324
2055.3,441.56520000000006
2055.4,441.58779999999996
2055.5,441.60220000000004
2055.6,441.58522574257427
2055.7,441.605
2055.8,441.625
2055.9,441.6375
2056.0,441.63
2056.1,441.62007425742587
2056.2,441.5876752475247
2056.3,441.58
2056.4,441.5752
2056.5,441.5624
2056.6,441.56280000000004
2056.7,441.5304950495048
2056.8,441.5
2056.9,441.51380000000006
2057.0,441.5623
2057.1,441.56540000000007
2057.2,441.55683168316835
2057.3,441.5844
2057.4,441.60659999999996
2057.5,441.619
2057.6,441.5954
2057.7,441.64564356435636
2057.8,441.63210000000004
2057.9,441.62949999999995
2058.0,441.5879
2058.1,441.5779
2058.2,441.57
2058.3,441.56168316831673
2058.4,441.52599999999995
2058.5,441.51
2058.6,441.49800000000005
2058.7,441.456
2058.8,441.4819801980198
2058.9,441.49569999999994
2059.0,441.51430000000005
2059.1,445.4039999999578
2059.2,473.7940000001541
2059.3,535.5621782179539
2059.4,597.7458000000277
2059.5,665.4750000000452
2059.6,759.1989999999751
2059.7,825.8590000000264
2059.8,885.9064831683252
2059.9,953.1997544553456
2060.0,1012.6740999999001
2060.1,1069.0494999999596
2060.2,1089.5425999999904
2060.3,1087.6721643564717
2060.4,1092.525936633794
2060.5,1091.310799999993
2060.6,1058.7008000000087
2060.7,1056.1259999999968
2060.8,1052.6499722772064
2060.9,1051.1605544553383
2061.0,1053.8610000000085
2061.1,1050.7524999999755
2061.2,1069.4870000000076
2061.3,1071.5515000000023
2061.4,1070.0471287128703
2061.5,1071.709400000003
2061.6,1071.991000000076
2061.7,1049.650199999982
2061.8,1036.5605999999818
2061.9,1023.7902970296922
2062.0,1013.7378000000068
2062.1,1004.0630000000053
2062.2,995.9744999999695
2062.3,986.7870000000055
2062.4,978.1697029703084
2062.5,966.0424000000339
2062.6,956.9439999999571
2062.7,970.7275999999996
2062.8,970.1887999999954
2062.9,967.8635762376222
2063.0,967.0718069306931
2063.1,968.1428999999968
2063.2,972.3392999999994
2063.3,975.0847999999991
2063.4,979.0254999999974
2063.5,984.4071782178232
2063.6,984.3409999999886
2063.7,989.0540000000046
2063.8,990.9160000000006
2063.9,990.9005049504899
2064.0,990.0506495049543
2064.1,1003.1645000000026
2064.2,989.7679999999982
2064.3,985.041500000006
2064.4,1009.5978000000014
2064.5,1015.5264356435645
2064.6,1016.5763999999963
2064.7,1017.9171999999805
2064.8,1011.5580000000067
2064.9,1014.3567999999959
2065.0,1016.4787128712849
2065.1,1017.4743000000019
2065.2,1017.0931000000008
2065.3,1016.2845999999801
2065.4,988.0543999999898
2065.5,972.0949504950346
2065.6,946.326599999995
2065.7,949.7722000000028
2065.8,950.4417999999928
2065.9,948.1229999999999
2066.0,947.7994970297186
2066.1,942.0446485149293
2066.2,945.2584999999965
2066.3,942.1759999999954
2066.4,938.9525000000149
2066.5,952.9840000000297
2066.6,984.6894059405507
2066.7,999.4988000001857
2066.8,1051.338799999994
2066.9,1058.0607999999938
2067.0,1065.0167999999896
2067.1,1076.620792079192
2067.2,1092.5422000000203
2067.3,1104.444299999976
2067.4,1089.567799999993
2067.5,1084.8515000000116
2067.6,1081.585841584104
2067.7,1099.2139999998287
2067.8,1057.1626000000024
2067.9,1051.9016000000001
2068.0,1051.9971999999996
2068.1,1052.855247524752
2068.2,1053.600399999998
2068.3,1052.8181000000345
2068.4,1069.4808000000044
2068.5,1071.5422999999994
2068.6,1071.747221782184
2068.7,1069.4724752475252
2068.8,1073.21
2068.9,1049.88
2069.0,1041.11
2069.1,1026.22
2069.2,1014.4647524752186
2069.3,1006.6774782178024
2069.4,996.9178000000196
2069.5,987.8803000000185
2069.6,976.6228000000232
2069.7,969.6888999999828
2069.8,957.6713861386079
2069.9,969.2390000000055
2070.0,968.0981999999995
2070.1,970.9511999999881
2070.2,972.9406000000009
2070.3,971.8544554455412
2070.4,973.6435999999973
2070.5,981.7509999999868
2070.6,979.2646000000044
2070.7,998.3181000000584
2070.8,1000.7635643564375
2070.9,1004.9104000000038
2071.0,1006.040000000001
2071.1,1008.604799999991
2071.2,1011.9260000000029
2071.3,1002.8870574257523
2071.4,1003.8539999999982
2071.5,989.2430000000176
2071.6,999.1764999999872
2071.7,999.3694999999987
2071.8,1002.883905940471
2071.9,1002.4414712871201
2072.0,1005.62419999999
2072.1,1009.3173999999881
2072.2,1007.4343999999969
2072.3,1005.2507999999971
2072.4,1004.3661386138618
2072.5,1005.2771999999992
2072.6,986.1176000000141
2072.7,1004.1721000000812
2072.8,1005.0820000000002
2072.9,1000.9608910891018
2073.0,999.092000000004
2073.1,998.582800000001
2073.2,1000.0956000000031
2073.3,988.2607999999764
2073.4,997.368784158522
2073.5,986.5396118811979
2073.6,1002.7527999999957
2073.7,989.1273999999969
2073.8,994.7261999999981
2073.9,1002.4287108910875
2074.0,995.1825544554555
2074.1,1003.7459999999762
2074.2,1019.9460000000383
2074.3,1028.5330000000174
2074.4,1038.8140693070472
2074.5,1046.7185851485297
2074.6,1047.0427
2074.7,1042.9749999999967
2074.8,1039.2314999999992
2074.9,1049.3587000000027
2075.0,1068.3278217821469
2075.1,1063.942800000014
2075.2,1116.6120000001663
2075.3,1117.3815999999797
2075.4,1127.0235999999848
2075.5,1117.1942574257378
2075.6,1131.5814999999395
2075.7,1141.418500000006
2075.8,1124.9820999999863
2075.9,1131.7647000000075
2076.0,1113.8060396039846
2076.1,1100.7312000000159
2076.2,1039.6409999997798
2076.3,1015.0476000000126
2076.4,1003.3492000000147
2076.5,995.1473267326674
2076.6,987.3330000000213
2076.7,977.7959999999888
2076.8,965.1849999999849
2076.9,954.1334999999879
2077.0,967.2942475247412
2077.1,969.9036158415843
2077.2,969.9036000000002
2077.3,970.7079999999999
2077.4,971.9939999999988
2077.5,968.1260198019929
2077.6,943.9020475248358
2077.7,932.4450999999874
2077.8,933.0305000000037
2077.9,934.1604000000015
2078.0,931.645700000007
2078.1,938.6439603960314
2078.2,935.728999999998
2078.3,935.6483999999995
2078.4,944.3287999999952
2078.5,947.0673999999996
2078.6,973.0615841583492
2078.7,980.4980000000037
2078.8,992.4878000000294
2078.9,995.8923000000017
2079.0,994.6811000000027
2079.1,1003.2936584158363
2079.2,994.9158217821663
2079.3,997.3340000000001
2079.4,992.896
2079.5,1007.966
2079.6,1014.212930693065
2079.7,1005.5586623762085
2079.8,987.0492999999492
2079.9,991.2408999999882
2080.0,1006.8488999999654
2080.1,1009.334986138617
2080.2,1010.3253643564371
2080.3,1004.8065999999966
2080.4,1006.2310000000018
2080.5,1003.589999999998
2080.6,1007.3345999999813
2080.7,1001.6808910890876
2080.8,1001.5527000000073
2080.9,1008.6749999999954
2081.0,998.2792000000256
2081.1,1000.9578999999868
2081.2,1000.7482178217783
2081.3,1009.0580000000107
2081.4,1012.0268000000002
2081.5,1030.2340000000218
2081.6,1047.2103999999624
2081.7,1050.9311128713823
2081.8,1091.0041336633994
2081.9,1105.4974999999984
2082.0,1107.792499999997
2082.1,1108.1975000000002
2082.2,1114.8082920791878
2082.3,1116.355504950493
2082.4,1112.4109999999935
2082.5,1111.0390000000004
2082.6,1108.9798000000087
2082.7,1102.3093366335736
2082.8,1075.0340564356445
2082.9,1065.5632
2083.0,1063.468700000002
2083.1,1065.2284999999974
2083.2,1049.8448613861963
2083.3,1037.948443564383
2083.4,1025.4683999999738
2083.5,1016.1924000000106
2083.6,1008.3152000000221
2083.7,1001.1035999999875
2083.8,992.3364356435609
2083.9,982.4871000000022
2084.0,975.7915000000012
2084.1,969.1706000000017
2084.2,972.4108000000083
2084.3,977.4410891089171
2084.4,979.5739999999988
2084.5,977.6180000000077
2084.6,974.6920000000063
2084.7,977.3490000000112
2084.8,987.8499009901101
2084.9,992.8060000000003
2085.0,993.4056
2085.1,998.4341999999791
2085.2,996.6096999999986
2085.3,997.1809524752542
2085.4,1003.4917465346507
2085.5,1009.9723999999892
2085.6,1011.142400000002
2085.7,1012.5340000000069
2085.8,998.4435920791782
2085.9,985.6824999999944
2086.0,967.1479999999839
2086.1,961.3967999999928
2086.2,962.3128999999999
2086.3,963.4224000000012
2086.4,964.7727722772269
2086.5,965.8959999999985
2086.6,958.561200000016
2086.7,957.494000000014
2086.8,962.831200000001
2086.9,967.0840594059415
2087.0,977.8774999999732
2087.1,983.8654999999957
2087.2,986.7735000000043
2087.3,989.1595000000018
2087.4,987.117128712872
2087.5,982.5788000000043
2087.6,987.0223999999912
2087.7,984.9063999999682
2087.8,982.5088000000009
2087.9,987.5012475246631
2088.0,961.4392198020323
2088.1,907.2890000001764
2088.2,845.1886999998989
2088.3,791.7901999999244
2088.4,741.9611504949692
2088.5,690.7297702970143
2088.6,639.3920000000234
2088.7,588.1903999999349
2088.8,536.2672000000239
2088.9,478.0405128713161
2089.0,449.4933663366485
2089.1,446.01330000000115
2089.2,445.7445999999997
2089.3,445.5374999999995
2089.4,445.32410000000016
2089.5,445.1594059405942
2089.6,445.03999999999996
2089.7,444.8019999999994
2089.8,444.484
2089.9,444.264
2090.0,444.00396039604
2090.1,443.71660000000054
2090.2,443.4388999999993
2090.3,443.21379999999954
2090.4,442.9571000000001
2090.5,442.73653465346547
2090.6,442.52500000000055
2090.7,442.39099999999996
2090.8,442.37
2090.9,442.29459999999995
2091.0,442.1996871287129
2091.1,442.1640445544554
2091.2,442.0630999999995
2091.3,441.93299999999994
2091.4,441.8672000000001
2091.5,441.8158000000001
2091.6,441.7335643564359
2091.7,441.65079999999995
2091.8,441.5583999999999
2091.9,441.5156
2092.0,441.4695999999999
2092.1,441.4189108910891
2092.2,441.4045
2092.3,441.4715000000001
2092.4,441.48050000000006
2092.5,441.45099999999996
2092.6,441.4436633663367
2092.7,441.4083999999999
2092.8,441.37919999999997
2092.9,441.3429999999999
2093.0,441.3038
2093.1,441.3113861386138
2093.2,441.30879999999996
2093.3,441.2635000000001
2093.4,441.21880000000004
2093.5,441.2159
2093.6,441.2037099009902
2093.7,441.2060000000001
2093.8,441.21959999999996
2093.9,441.21520000000004
2094.0,441.2044
2094.1,441.1900514851485
2094.2,441.1951
2094.3,441.2102
2094.4,441.2098
2094.5,441.2051
2094.6,441.22519900990096
2094.7,441.24504950495054
2094.8,441.2299999999999
2094.9,441.235
2095.0,441.23000000000013
2095.1,441.2
2095.2,441.18019801980194
2095.3,441.1943
2095.4,441.1957
2095.5,441.1453
2095.6,441.0859000000002
2095.7,441.0254455445544
2095.8,440.97159999999997
2095.9,440.92040000000003
2096.0,440.9291999999999
2096.1,440.9356
2096.2,440.92475247524754
2096.3,440.91119999999995
2096.4,440.88059999999996
2096.5,440.89820000000003
2096.6,440.9394
2096.7,440.9873673267328
2096.8,441.03914653465347
2096.9,441.06379999999996
2097.0,441.0524000000001
2097.1,441.0383999999999
2097.2,441.0372277227722
2097.3,441.0324455445545
2097.4,441.0645
2097.5,441.0745
2097.6,441.07550000000003
2097.7,441.0700891089109
2097.8,441.06994455445545
2097.9,441.0656
2098.0,441.08199999999994
2098.1,441.11
2098.2,441.07479999999987
2098.3,441.03871287128715
2098.4,441.0457
2098.5,441.04
2098.6,441.0228000000001
2098.7,441.0
2098.8,440.9828851485148
2098.9,440.98111485148513
2099.0,440.97220000000004
2099.1,440.9284
2099.2,440.94840000000005
2099.3,440.96407524752476
2099.4,440.9370247524753
2099.5,440.89
2099.6,440.86950000000013
2099.7,440.86870000000016
2099.8,440.8731811881186
2099.9,440.8077623762376
2100.0,440.786
2100.1,440.79599999999994
2100.2,440.808
2100.3,440.774
2100.4,440.75
2100.5,440.76559999999995
2100.6,440.7705000000001
2100.7,440.74390000000005
2100.8,440.7695000000001
2100.9,440.8231683168318
2101.0,440.8562
2101.1,440.8576
2101.2,440.87760000000003
2101.3,440.9166000000001
2101.4,440.96000000000004
2101.5,440.9674
2101.6,440.97260000000006
2101.7,440.92669999999976
2101.8,440.85149999999993
2101.9,440.8089366336634
2102.0,440.7791366336634
2102.1,440.7707999999999
2102.2,440.7575999999999
2102.3,440.6928
2102.4,440.6692712871287
2102.5,440.6500643564357
2102.6,440.66049999999996
2102.7,440.7080000000003
2102.8,440.76700000000005
2102.9,440.7835
2103.0,440.7934653465346
2103.1,440.80679999999995
2103.2,440.8098
2103.3,440.79
2103.4,440.77979999999997
2103.5,440.7667326732673
2103.6,440.75690000000003
2103.7,440.70669999999996
2103.8,440.69010000000003
2103.9,440.6667
2104.0,440.6534653465347
2104.1,440.64
2104.2,440.64
2104.3,440.66880000000015
2104.4,440.7204
2104.5,440.7031683168317
2104.6,440.7193
2104.7,440.75550000000015
2104.8,440.7714
2104.9,440.7269
2105.0,440.7261693069307
2105.1,440.7550693069306
2105.2,440.76899999999983
2105.3,440.7109999999999
2105.4,440.696
2105.5,440.71894059405935
2105.6,440.7195594059407
2105.7,440.6758
2105.8,440.6784
2105.9,440.6761
2106.0,440.7255
2106.1,440.6813148514851
2106.2,440.6712000000001
2106.3,440.7224000000001
2106.4,440.77160000000003
2106.5,440.75839999999994
2106.6,440.78
2106.7,440.78540000000004
2106.8,440.81890000000004
2106.9,440.8619
2107.0,440.8373
2107.1,440.8380198019802
2107.2,440.8417999999998
2107.3,440.7926
2107.4,440.8
2107.5,440.80519999999996
2107.6,440.8174257425743
2107.7,440.79499999999996
2107.8,440.75
2107.9,440.75750000000005
2108.0,440.78
2108.1,440.7774752475248
2108.2,440.75792475247516
2108.3,440.7152
2108.4,440.6952
2108.5,440.68240000000003
2108.6,440.69002376237626
2108.7,440.69007623762377
2108.8,440.6807999999999
2108.9,440.65229999999997
2109.0,440.66229999999996
2109.1,440.66082277227736
2109.2,440.64138613861394
2109.3,440.67560000000003
2109.4,440.65999999999997
2109.5,440.6688
2109.6,440.7
2109.7,440.69782178217815
2109.8,440.69
2109.9,440.69840000000005
2110.0,440.72580000000005
2110.1,440.71839999999986
2110.2,440.73544554455435
2110.3,440.688
2110.4,440.714
2110.5,440.68
2110.6,440.62800000000004
2110.7,440.5780198019802
2110.8,440.56809999999996
2110.9,440.5505000000001
2111.0,440.5024000000001
2111.1,440.46810000000005
2111.2,440.46564356435647
2111.3,440.4864
2111.4,440.47360000000003
2111.5,440.4954
2111.6,440.5272
2111.7,440.5582178217822
2111.8,440.55680000000007
2111.9,440.6018999999999
2112.0,440.6566
2112.1,440.64
2112.2,440.64003366336635
2112.3,440.6483326732674
2112.4,440.68359999999996
2112.5,440.65
2112.6,440.6404000000002
2112.7,440.59476831683173
2112.8,440.6076633663366
2112.9,440.53400000000005
2113.0,440.50149999999996
2113.1,440.51
2113.2,440.5039999999999
2113.3,440.4670297029703
2113.4,440.45700000000005
2113.5,440.5028
2113.6,440.52
2113.7,440.52560000000005
2113.8,440.56
2113.9,440.56
2114.0,440.5677999999999
2114.1,440.6226
2114.2,440.63609999999994
2114.3,440.61257425742576
2114.4,440.62879999999996
2114.5,440.61280000000016
2114.6,440.5647999999999
2114.7,440.59399999999994
2114.8,440.5488118811881
2114.9,440.5389
2115.0,440.53000000000003
2115.1,440.52560000000005
2115.2,440.4944
2115.3,440.5311
2115.4,440.538
2115.5,440.52099999999996
2115.6,440.53099999999995
2115.7,440.53799999999995
2115.8,440.52199009900994
2115.9,440.5409
2116.0,440.5464
2116.1,440.5109
2116.2,440.5191
2116.3,440.51
2116.4,440.51079999999996
2116.5,440.5176
2116.6,440.4931999999999
2116.7,440.5316
2116.8,440.5540000000001
2116.9,440.6015841584158
2117.0,440.62350000000004
2117.1,440.6686000000001
2117.2,440.65350000000007
2117.3,440.7
2117.4,440.70485148514854
2117.5,440.7706
2117.6,440.77880000000005
2117.7,440.76
2117.8,440.75879999999995
2117.9,440.74
2118.0,440.73699999999997
2118.1,440.6809999999999
2118.2,440.70050000000003
2118.3,440.70849999999996
2118.4,440.67702970297023
2118.5,440.6192
2118.6,440.5992
2118.7,440.58080000000007
2118.8,440.59760000000006
2118.9,440.5423841584158
2119.0,440.59960396039605
2119.1,440.59119999999984
2119.2,440.62909999999994
2119.3,440.6006
2119.4,440.62177623762386
2119.5,440.6793029702971
2119.6,440.6508
2119.7,440.6889999999998
2119.8,440.6398
2119.9,440.6292
2120.0,440.58970396039604
2120.1,440.5797000000001
2120.2,440.5496999999999
2120.3,440.5201
2120.4,440.52979999999997
2120.5,440.51
2120.6,440.51
2120.7,440.49
2120.8,440.53
2120.9,440.56
2121.0,440.56
2121.1,440.58970297029697
2121.2,440.6494000000001
2121.3,440.6103999999999
2121.4,440.5803000000001
2121.5,440.58989999999994
2121.6,440.570396039604
2121.7,440.5994
2121.8,440.51179999999994
2121.9,440.5296
2122.0,440.5594
2122.1,440.540594059406
2122.2,440.4817999999998
2122.3,440.44119999999987
2122.4,440.48849999999993
2122.5,440.49
2122.6,440.461188118812
2122.7,440.44079999999997
2122.8,440.4592
2122.9,440.46
2123.0,440.44079999999997
2123.1,440.43068514851484
2123.2,440.43950495049506
2123.3,440.48749999999995
2123.4,440.4330000000001
2123.5,440.46799999999996
2123.6,440.49859405940595
2123.7,440.4717821782178
2123.8,440.4606
2123.9,440.50700000000006
2124.0,440.5381999999999
2124.1,440.5587999999999
2124.2,440.5693069306931
2124.3,440.5421
2124.4,440.56789999999995
2124.5,440.5886
2124.6,440.5807
2124.7,440.61683168316836
2124.8,440.64760000000007
2124.9,440.6592
2125.0,440.6875999999999
2125.1,440.63480000000015
2125.2,440.63
2125.3,440.6118
2125.4,440.5827
2125.5,440.5618
2125.6,440.54179999999997
2125.7,440.54
2125.8,440.4949999999999
2125.9,440.481
2126.0,440.41700000000014
2126.1,440.43699999999995
2126.2,440.4667326732673
2126.3,440.49670000000003
2126.4,440.50890000000004
2126.5,440.51
2126.6,440.5278
2126.7,440.53
2126.8,440.55640000000005
2126.9,440.5688
2127.0,440.57
2127.1,440.55240000000003
2127.2,440.50617425742564
2127.3,440.4477742574257
2127.4,440.4226
2127.5,440.42528504672896
2127.6,440.41360747663555
2127.7,440.378
2127.8,440.3384207920791
2127.9,440.3537
2128.0,440.37579999999997
2128.1,440.37210000000005
2128.2,440.432887128713
2128.3,440.48122178217824
2128.4,440.46659999999997
2128.5,440.46
2128.6,440.46
2128.7,440.4522
2128.8,440.48089108910904
2128.9,440.4438
2129.0,440.43
2129.1,440.42999999999995
2129.2,440.40689999999995
2129.3,440.369504950495
2129.4,440.38280000000003
2129.5,440.4052
2129.6,440.3492000000002
2129.7,440.3604
2129.8,440.33237623762375
2129.9,440.32
2130.0,440.32
2130.1,440.34999999999997
2130.2,440.36
2130.3,440.3897029702971
2130.4,440.4074
2130.5,440.4026
2130.6,440.4221999999999
2130.7,440.4448
2130.8,440.45732673267327
2130.9,440.4892
2131.0,440.5
2131.1,440.4562
2131.2,440.4546
2131.3,440.48168316831686
2131.4,440.4539999999999
2131.5,440.47599999999994
2131.6,440.4684000000001
2131.7,440.4888000000001
2131.8,440.4857425742574
2131.9,440.4445
2132.0,440.43
2132.1,440.4371
2132.2,440.4045
2132.3,440.3829702970297
2132.4,440.38
2132.5,440.38
2132.6,440.36600000000004
2132.7,440.3880000000001
2132.8,440.35148514851477
2132.9,440.3852
2133.0,440.3893
2133.1,440.38689999999997
2133.2,440.3762
2133.3,440.328804950495
2133.4,440.2964
2133.5,440.29679999999996
2133.6,440.2796000000001
2133.7,440.27680000000004
2133.8,440.2936000000001
2133.9,440.31343267326736
2134.0,440.27309999999994
2134.1,440.27009999999996
2134.2,440.30010000000004
2134.3,440.336600990099
2134.4,440.30376633663377
2134.5,440.30639999999994
2134.6,440.3266
2134.7,440.3696000000002
2134.8,440.33772277227706
2134.9,440.32300000000004
2135.0,440.33
2135.1,440.2975000000002
2135.2,440.267
2135.3,440.2535643564356
2135.4,440.23720000000003
2135.5,440.25559999999996
2135.6,440.23160000000007
2135.7,440.23560000000015
2135.8,440.25
2135.9,440.26890000000003
2136.0,440.26740000000007
2136.1,440.32929999999965
2136.2,440.3258999999999
2136.3,440.34366336633667
2136.4,440.40099999999995
2136.5,440.4014
2136.6,440.3652
2136.7,440.3314
2136.8,440.3077227722772
2136.9,440.32439999999997
2137.0,440.3156000000001
2137.1,440.3243999999999
2137.2,440.34616039603964
2137.3,440.38011881188123
2137.4,440.346
2137.5,440.34
2137.6,440.372
2137.7,440.35617821782165
2137.8,440.3221782178217
2137.9,440.3454
2138.0,440.35230000000007
2138.1,440.34000000000003
2138.2,440.30489207920783
2138.3,440.3031584158416
2138.4,440.32
2138.5,440.3258
2138.6,440.26620000000025
2138.7,440.25434059405956
2138.8,440.2743425742574
2138.9,440.2472000000001
2139.0,440.20720000000006
2139.1,440.19
2139.2,440.21280000000013
2139.3,440.2188435643564
2139.4,440.21
2139.5,440.2268
2139.6,440.25679999999994
2139.7,440.31995643564375
2139.8,440.3379108910891
2139.9,440.342
2140.0,440.3655
2140.1,440.381
2140.2,440.3409900990097
2140.3,440.3054
2140.4,440.25599999999986
2140.5,440.2423999999999
2140.6,440.25380000000007
2140.7,440.2560396039604
2140.8,440.2488
2140.9,440.25649999999996
2141.0,440.25350000000003
2141.1,440.2406
2141.2,440.2342574257425
2141.3,440.2460000000001
2141.4,440.3012000000001
2141.5,440.35079999999994
2141.6,440.37
2141.7,440.3648514851485
2141.8,440.3549
2141.9,440.3806
2142.0,440.4049
2142.1,440.4254495049505
2142.2,440.4299009900989
2142.3,440.4200000000001
2142.4,440.37
2142.5,440.30000000000007
2142.6,440.2651485148516
2142.7,440.2498
2142.8,440.25509999999997
2142.9,440.25980000000004
2143.0,440.2504
2143.1,440.23979999999995
2143.2,440.2499485148515
2143.3,440.2884
2143.4,440.3252
2143.5,440.35359999999986
2143.6,440.37564752475254
2143.7,440.36934752475247
2143.8,440.34239999999994
2143.9,440.3
2144.0,440.2953
2144.1,440.29
2144.2,440.26239999999984
2144.3,440.207
2144.4,440.1616
2144.5,440.14459999999997
2144.6,440.1317821782179
2144.7,440.0829999999999
2144.8,440.0545
2144.9,440.069
2145.0,440.07550000000003
2145.1,440.0744554455445
2145.2,440.04039999999986
2145.3,440.0032
2145.4,439.9936000000001
2145.5,439.95120000000003
2145.6,439.93128712871294
2145.7,439.9329
2145.8,439.91989999999987
2145.9,439.88
2146.0,439.8628
2146.1,439.86117227722764
2146.2,439.87319999999994
2146.3,439.871
2146.4,439.9084
2146.5,439.94104158415837
2146.6,439.95770000000005
2146.7,439.9605000000001
2146.8,439.9612999999999
2146.9,439.93640000000005
2147.0,439.9559811881188
2147.1,439.9500594059406
2147.2,439.954
2147.3,439.984
2147.4,440.004
2147.5,440.00376237623755
2147.6,440.0440207920792
2147.7,440.0968000000003
2147.8,440.18560000000014
2147.9,440.2334000000001
2148.0,440.2815841584158
2148.1,440.3076
2148.2,440.33140000000003
2148.3,440.33099999999996
2148.4,440.31140000000005
2148.5,440.34128712871285
2148.6,440.34890000000007
2148.7,440.3188999999999
2148.8,440.27779999999996
2148.9,440.24739999999997
2149.0,440.2123762376241
2149.1,440.1479999999998
2149.2,440.1584
2149.3,440.14160000000004
2149.4,440.144106930693
2149.5,440.08687128712864
2149.6,440.08950000000004
2149.7,440.0735
2149.8,440.073
2149.9,440.06346534653466
2150.0,440.0769960396039
2150.1,440.0967999999999
2150.2,440.10319999999996
2150.3,440.1104000000001
2150.4,440.1329999999999
2150.5,440.11346534653467
2150.6,440.1268
2150.7,440.1132000000001
2150.8,440.1301
2150.9,440.11
2151.0,440.1034653465347
2151.1,440.09319999999997
2151.2,440.0839999999999
2151.3,440.05
2151.4,440.04679999999996
2151.5,440.0558415841583
2151.6,440.09000000000003
2151.7,440.09000000000003
2151.8,440.0745
2151.9,440.0555
2152.0,440.08386138613866
2152.1,440.073
2152.2,440.07399999999996
2152.3,440.0690000000001
2152.4,440.087
2152.5,440.0829108910891
2152.6,440.06680000000006
2152.7,440.02160000000003
2152.8,440.0384
2152.9,440.0332
2153.0,440.0784
2153.1,440.06127128712865
2153.2,440.0787999999999
2153.3,440.0640000000001
2153.4,440.1
2153.5,440.1056554455445
2153.6,440.1308722772277
2153.7,440.15459999999996
2153.8,440.1373
2153.9,440.1273
2154.0,440.12005346534653
2154.1,440.1227465346535
2154.2,440.1221999999999
2154.3,440.0974
2154.4,440.08480000000003
2154.5,440.0725227722772
2154.6,440.05992574257453
2154.7,440.01500000000004
2154.8,440.0575
2154.9,440.05
2155.0,440.0474257425743
2155.1,440.0448752475247
2155.2,440.05279999999993
2155.3,440.04679999999996
2155.4,440.09760000000006
2155.5,440.68519999999774
2155.6,457.4507247523874
2155.7,518.6911000000932
2155.8,577.7280000000965
2155.9,639.0870000000349
2156.0,696.4961267325684
2156.1,738.8235465345009
2156.2,803.2172000001972
2156.3,866.4447999999721
2156.4,928.0883999999714
2156.5,990.4236831682887
2156.6,1047.5946950493753
2156.7,1085.2507000000114
2156.8,1090.5217000000077
2156.9,1093.298399999999
2157.0,1095.744932673229
2157.1,1108.9143762376084
2157.2,1111.984
2157.3,1108.518
2157.4,1113.272
2157.5,1113.74
2157.6,1110.821584158432
2157.7,1078.6356000000005
2157.8,1078.7178999999992
2157.9,1077.8961000000036
2158.0,1074.146256435688
2158.1,1059.8511722773844
2158.2,1039.8989999999985
2158.3,1034.724199999993
2158.4,1020.4959999999958
2158.5,1011.4330297029695
2158.6,1003.0594415841742
2158.7,993.2498999999777
2158.8,984.6777999999701
2158.9,971.7828000000145
2159.0,965.8518069306739
2159.1,974.553556435633
2159.2,976.9636000000006
2159.3,977.3759999999988
2159.4,976.6548000000014
2159.5,977.1588356435615
2159.6,974.1021534653386
2159.7,980.4665000000031
2159.8,982.1179999999947
2159.9,985.863000000002
2160.0,984.6545445544525
2160.1,986.2486297029737
2160.2,986.6934000000134
2160.3,994.3417999999923
2160.4,991.1660000000163
2160.5,1001.759009900993
2160.6,1001.690300000012
2160.7,988.9117000000658
2160.8,1006.960699999997
2160.9,1011.0048999999988
2161.0,1012.7506930693053
2161.1,1014.4003999999995
2161.2,1014.4707999999988
2161.3,1014.0328000000022
2161.4,1015.0511999999997
2161.5,1015.1631683168251
2161.6,1017.7359999999987
2161.7,1017.3956000000038
2161.8,1001.1422000000041
2161.9,982.0906039604085
2162.0,957.4092079208872
2162.1,955.5479999999965
2162.2,956.6449999999926
2162.3,953.8990000000041
2162.4,955.9475445544514
2162.5,959.4039089107819
2162.6,954.1418000000007
2162.7,950.7927000000007
2162.8,953.6175000000002
2162.9,956.6631683168329
2163.0,981.530399999984
2163.1,990.9631999999714
2163.2,1008.8220000001136
2163.3,1047.887200000022
2163.4,1057.420198019783
2163.5,1069.133300000004
2163.6,1080.1328999999673
2163.7,1088.6729000000064
2163.8,1096.2171999999878
2163.9,1080.4636633663445
2164.0,1094.4379999999949
2164.1,1097.9368000000018
2164.2,1094.6119999998846
2164.3,1060.4179999999965
2164.4,1058.8949504950576
2164.5,1052.9845000000064
2164.6,1059.7569999999846
2164.7,1064.1460000000015
2164.8,1066.5700000000222
2164.9,1084.9142574257369
2165.0,1079.711199999998
2165.1,1081.9055999999998
2165.2,1081.7795999999776
2165.3,1074.831390099024
2165.4,1057.5563990098856
2165.5,1046.5029000000343
2165.6,1034.8870000000388
2165.7,1021.879999999984
2165.8,1011.8614950494887
2165.9,1001.248906930697
2166.0,990.8022000000063
2166.1,977.0014000000043
2166.2,967.5713999999622
2166.3,958.5432673267284
2166.4,969.1164000000033
2166.5,970.7507999999973
2166.6,971.7865000000083
2166.7,968.4668999999994
2166.8,968.2476237623939
2166.9,977.01
2167.0,980.7899999999998
2167.1,983.51
2167.2,986.72
2167.3,993.47
2167.4,983.9353465346728
2167.5,992.9380999999812
2167.6,997.4849999999908
2167.7,991.995899999986
2167.8,998.4344000000165
2167.9,982.5717821782099
2168.0,989.8548000000035
2168.1,1004.2199999999419
2168.2,1004.2061999999999
2168.3,1004.060471287003
2168.4,1005.1653366336578
2168.5,1006.9944999999971
2168.6,1007.7968999999987
2168.7,1009.3429000000046
2168.8,1012.0979326732701
2168.9,1015.5796000000033
2169.0,1007.9151999999926
2169.1,981.0364000000957
2169.2,966.0771999999869
2169.3,954.6444910891983
2169.4,949.8470297029803
2169.5,950.446499999999
2169.6,948.8465000000019
2169.7,951.5530000000101
2169.8,948.8217821782132
2169.9,950.0876000000021
2170.0,939.210200000034
2170.1,948.3611999999666
2170.2,968.1942000000279
2170.3,990.369900990087
2170.4,998.1516999999955
2170.5,1047.9471999999637
2170.6,1060.0671999999938
2170.7,1074.2594000000563
2170.8,1083.8157425742756
2170.9,1102.720000000036
2171.0,1110.914799999983
2171.1,1095.2612000000481
2171.2,1101.940170296929
2171.3,1096.26762970296
2171.4,1106.9694999999972
2171.5,1066.4211000000105
2171.6,1062.3364
2171.7,1046.0046891088666
2171.8,1046.9459900990169
2171.9,1050.8229999999928
2172.0,1047.1070000000104
2172.1,1072.2279999999353
2172.2,1072.894227722771
2172.3,1076.2877584158425
2172.4,1074.9421999999997
2172.5,1074.542
2172.6,1056.1859999999954
2172.7,1041.565742574216
2172.8,1027.3863999999612
2172.9,1017.7072000000114
2173.0,1009.4744000000148
2173.1,996.7960000000242
2173.2,987.7330693069226
2173.3,980.0179999999947
2173.4,969.1467999999923
2173.5,956.8384999999914
2173.6,967.8844435643424
2173.7,972.7423386138718
2173.8,972.9334000000002
2173.9,971.1270000000027
2174.0,973.4543999999958
2174.1,989.2903485147956
2174.2,994.8953217821821
2174.3,997.0335000000023
2174.4,1000.6265000000044
2174.5,1002.2725000000014
2174.6,999.674524752477
2174.7,1004.7443683168559
2174.8,1002.7188000000007
2174.9,1010.5551999999909
2175.0,1012.4791999999998
2175.1,992.0805940594695
2175.2,987.94
2175.3,1001.6267000000263
2175.4,1003.1766999999976
2175.5,1003.3681999999989
2175.6,1000.5508910891122
2175.7,1002.5768000000012
2175.8,1001.7004000000009
2175.9,997.4686000000022
2176.0,1005.802199999995
2176.1,1005.3518811881252
2176.2,1005.954500000003
2176.3,986.2148999999495
2176.4,972.8205999999781
2176.5,954.0917544553718
2176.6,949.1032277227473
2176.7,954.952000000007
2176.8,954.776
2176.9,951.494
2177.0,993.6378217822596
2177.1,1000.5992039604257
2177.2,995.5730999999871
2177.3,1006.7371000000387
2177.4,993.376300000023
2177.5,993.6530693069301
2177.6,995.8335999999964
2177.7,994.1923999999989
2177.8,1002.9342000000054
2177.9,1015.7907049505009
2178.0,1025.0432683168224
2178.1,1042.2506999999682
2178.2,1060.4205000000522
2178.3,1052.6142999999545
2178.4,1050.9753306931893
2178.5,1047.0962613861682
2178.6,1052.565599999977
2178.7,1066.489600000014
2178.8,1067.2587999999964
2178.9,1065.6299722772283
2179.0,1065.617153465346
2179.1,1058.6100000000106
2179.2,1055.1774999999952
2179.3,1067.3075
2179.4,1061.2670297029606
2179.5,1062.2217999999878
2179.6,1063.3708000000017
2179.7,1071.6560000000156
2179.8,1055.2763999999643
2179.9,1037.0869306930713
2180.0,1024.447400000008
2180.1,1014.7108000000062
2180.2,1007.4519999999964
2180.3,997.8689019801866
2180.4,980.7453465346181
2180.5,974.9764000000006
2180.6,960.8444000000532
2180.7,966.9532000000293
2180.8,971.4067999999999
2180.9,974.9894702970286
2181.0,974.2377000000007
2181.1,973.5358999999999
2181.2,966.1436999999885
2181.3,941.5856465346072
2181.4,931.6529405940605
2181.5,935.1119999999876
2181.6,932.3680000000141
2181.7,934.4310000000128
2181.8,930.9565643564292
2181.9,938.6199227722805
2182.0,939.7503999999989
2182.1,938.3534999999996
2182.2,947.1354000000028
2182.3,973.6865346535287
2182.4,982.9560000000007
2182.5,992.484799999973
2182.6,998.1511999999976
2182.7,997.2335999999946
2182.8,997.2867326732687
2182.9,997.4793
2183.0,1002.1603000000049
2183.1,1004.7411999999991
2183.2,1004.5250663365504
2183.3,1000.3633584157935
2183.4,1001.0585999999944
2183.5,990.0358000000258
2183.6,997.0971999999721
2183.7,1006.6764059406703
2183.8,1002.359504950518
2183.9,999.6220000000005
2184.0,1002.2989999999929
2184.1,1003.6694999999999
2184.2,1001.9745544554384
2184.3,996.3643999999947
2184.4,990.4952000000047
2184.5,956.8620000000451
2184.6,895.2132000000622
2184.7,830.4700990097542
2184.8,775.4675999999197
2184.9,724.1685999999175
2185.0,672.7225000000652
2185.1,617.0310000001723
2185.2,567.5528712871147
2185.3,519.7634000000227
2185.4,470.69520000002206
2185.5,448.6664000000026
2185.6,446.09180000000026
2185.7,445.7249504950489
2185.8,445.51189999999957
2185.9,445.3080000000001
2186.0,445.1019000000005
2186.1,444.93466039603993
2186.2,444.81360396039594
2186.3,444.698
2186.4,444.548
2186.5,444.42600000000004
2186.6,444.306
2186.7,444.18461287128673
2186.8,444.05739999999963
2186.9,443.9646
2187.0,443.86330000000027
2187.1,443.7512336633666
2187.2,443.65179207920784
2187.3,443.5578
2187.4,443.491
2187.5,443.45259999999996
2187.6,443.41702970297035
2187.7,443.38859999999994
2187.8,443.38
2187.9,443.3515000000001
2188.0,443.3072000000001
2188.1,443.26178217821797
2188.2,443.212
2188.3,443.1844
2188.4,443.1688
2188.5,443.15999999999997
2188.6,443.15999999999997
2188.7,443.1489999999999
2188.8,443.118
2188.9,443.111
2189.0,443.1146089108911
2189.1,443.10455445544557
2189.2,443.10540000000003
2189.3,443.1046
2189.4,443.0729999999999
2189.5,443.03396039603956
2189.6,443.0253
2189.7,443.03000000000003
2189.8,443.03000000000003
2189.9,443.0353
2190.0,443.0452475247525
2190.1,443.0863999999998
2190.2,443.09919999999994
2190.3,443.0696
2190.4,443.0651485148515
2190.5,443.0751
2190.6,443.0647
2190.7,443.03979999999996
2190.8,443.0249
2190.9,443.0251
2191.0,443.01480198019806
2191.1,442.9800000000001
2191.2,442.94999999999993
2191.3,442.94
2191.4,442.9053465346534
2191.5,442.87
2191.6,442.8210000000002
2191.7,442.7161
2191.8,442.63059999999996
2191.9,442.58059405940594
2192.0,442.53600000000006
2192.1,442.4956000000001
2192.2,442.48
2192.3,442.4704
2192.4,442.4885148514851
2192.5,442.56700000000006
2192.6,442.6294
2192.7,442.7011000000001
2192.8,442.79350000000005
2192.9,442.8153465346535
2193.0,442.84679999999986
2193.1,442.9175999999999
2193.2,442.94079999999997
2193.3,442.9390633663367
2193.4,442.91833663366333
2193.5,442.86650000000003
2193.6,442.8455
2193.7,442.84450000000004
2193.8,442.8274554455445
2193.9,442.8178217821782
2194.0,442.8356
2194.1,442.80800000000005
2194.2,442.74919999999986
2194.3,442.7317821782178
2194.4,442.7557
2194.5,442.77149999999995
2194.6,442.7828000000001
2194.7,442.76860000000005
2194.8,442.78425742574257
2194.9,442.7984
2195.0,442.789
2195.1,442.76419999999996
2195.2,442.7910000000001
2195.3,442.82820000000004
2195.4,442.84000000000003
2195.5,442.84000000000003
2195.6,442.8195000000001
2195.7,442.7737217821782
2195.8,442.738
2195.9,442.708
2196.0,442.702
2196.1,442.71999999999997
2196.2,442.72
2196.3,442.6887999999998
2196.4,442.64390000000003
2196.5,442.65000000000003
2196.6,442.65000000000003
2196.7,442.66930693069315
2196.8,442.6962
2196.9,442.69
2197.0,442.6748
2197.1,442.6689999999999
2197.2,442.6887752475247
2197.3,442.66999999999996
2197.4,442.67
2197.5,442.66630000000004
2197.6,442.6671801980197
2197.7,442.67646336633663
2197.8,442.6411999999999
2197.9,442.60440000000006
2198.0,442.61560000000003
2198.1,442.5720000000002
2198.2,442.54
2198.3,442.5435
2198.4,442.543
2198.5,442.53
2198.6,442.5194653465347
2198.7,442.4897346534653
2198.8,442.4768
2198.9,442.4866
2199.0,442.4834
2199.1,442.4865326732674
2199.2,442.46343366336623
2199.3,442.4267
2199.4,442.4134
2199.5,442.3967
2199.6,442.399801980198
2199.7,442.41679999999997
2199.8,442.40039999999993
2199.9,442.3832
2200.0,442.3932
2200.1,442.4221782178216
2200.2,442.47620000000006
2200.3,442.4931
2200.4,442.51239999999996
2200.5,442.56458514851477
2200.6,442.61379207920794
2200.7,442.603
2200.8,442.61
2200.9,442.613
2201.0,442.61702970297034
2201.1,442.6071
2201.2,442.6087
2201.3,442.63
2201.4,442.6213
2201.5,442.59138613861387
2201.6,442.56440000000003
2201.7,442.55
2201.8,442.5556
2201.9,442.56717227722777
2202.0,442.5517554455446
2202.1,442.52729999999997
2202.2,442.51189999999997
2202.3,442.49
2202.4,442.47660693069304
2202.5,442.43747326732677
2202.6,442.4377999999999
2202.7,442.4652000000001
2202.8,442.47479999999996
2202.9,442.4522772277228
2203.0,442.4525
2203.1,442.51750000000004
2203.2,442.49499999999995
2203.3,442.45750000000004
2203.4,442.48247524752475
2203.5,442.4996
2203.6,442.52520000000004
2203.7,442.51960000000014
2203.8,442.5523524752475
2203.9,442.5672811881187
2204.0,442.5808000000001
2204.1,442.5477
2204.2,442.54
2204.3,442.5422772277228
2204.4,442.539
2204.5,442.5132
2204.6,442.54900000000004
2204.7,442.49459999999976
2204.8,442.42693069306927
2204.9,442.35479999999984
2205.0,442.25790000000006
2205.1,442.25
2205.2,442.2520792079208
2205.3,442.27039603960407
2205.4,442.306
2205.5,442.286
2205.6,442.25800000000004
2205.7,442.2100198019802
2205.8,442.21958019801986
2205.9,442.2846999999997
2206.0,442.3881
2206.1,442.36860000000013
2206.2,442.32
2206.3,442.32
2206.4,442.3218
2206.5,442.3228
2206.6,442.3008
2206.7,442.36960396039615
2206.8,442.4531999999999
2206.9,442.4217
2207.0,442.43339999999995
2207.1,442.45168316831683
2207.2,442.4550336633663
2207.3,442.43
2207.4,442.42519999999996
2207.5,442.4048
2207.6,442.4252316831684
2207.7,442.3923316831682
2207.8,442.34700000000004
2207.9,442.327
2208.0,442.31
2208.1,442.3055445544555
2208.2,442.27579999999995
2208.3,442.24719999999996
2208.4,442.2370000000001
2208.5,442.2842138613862
2208.6,442.31407227722764
2208.7,442.3439000000001
2208.8,442.37649999999996
2208.9,442.4174
2209.0,442.38837722772286
2209.1,442.3188356435643
2209.2,442.3824
2209.3,442.41200000000015
2209.4,442.4903999999999
2209.5,442.41765940594064
2209.6,442.39634752475257
2209.7,442.3733
2209.8,442.389
2209.9,442.30879999999996
2210.0,442.38435643564355
2210.1,442.4140000000001
2210.2,442.359
2210.3,442.3439999999999
2210.4,442.2869999999999
2210.5,442.2639603960395
2210.6,442.2946
2210.7,442.2391
2210.8,442.2309
2210.9,442.2409
2211.0,442.25070891089103
2211.1,442.2632
2211.2,442.2967999999999
2211.3,442.2567999999999
2211.4,442.2231683168316
2211.5,442.2622841584158
2211.6,442.2886000000001
2211.7,442.2679
2211.8,442.2393
2211.9,442.2272277227723
2212.0,442.18760000000003
2212.1,442.1541999999999
2212.2,442.2230000000002
2212.3,442.272382178218
2212.4,442.307905940594
2212.5,442.2705
2212.6,442.27800000000013
2212.7,442.2420000000001
2212.8,442.2819801980198
2212.9,442.32179009900995
2213.0,442.35920000000004
2213.1,442.34079999999994
2213.2,442.35839999999985
2213.3,442.31881188118814
2213.4,442.28939999999994
2213.5,442.2694000000001
2213.6,442.2508999999999
2213.7,442.2781999999999
2213.8,442.219702970297
2213.9,442.20980000000003
2214.0,442.1998
2214.1,442.18940000000003
2214.2,442.15960594059396
2214.3,442.14039207920786
2214.4,442.1403000000001
2214.5,442.1704999999999
2214.6,442.2197000000001
2214.7,442.1904990099011
2214.8,442.239900990099
2214.9,442.24
2215.0,442.22
2215.1,442.17
2215.2,442.19
2215.3,442.1999009900991
2215.4,442.21979999999996
2215.5,442.22
2215.6,442.20020000000005
2215.7,442.2198000000001
2215.8,442.249403960396
2215.9,442.28920000000005
2216.0,442.2508
2216.1,442.2597999999999
2216.2,442.27940594059413
2216.3,442.2314940594058
2216.4,442.2494
2216.5,442.22090000000003
2216.6,442.2297
2216.7,442.1339603960395
2216.8,442.13
2216.9,442.1108
2217.0,442.11
2217.1,442.1291999999999
2217.2,442.13950495049505
2217.3,442.12100000000004
2217.4,442.1295
2217.5,442.149
2217.6,442.168905940594
2217.7,442.1700118811881
2217.8,442.22640000000007
2217.9,442.23
2218.0,442.3239999999997
2218.1,442.31138613861384
2218.2,442.32860000000005
2218.3,442.36719999999997
2218.4,442.37
2218.5,442.3793
2218.6,442.38920792079205
2218.7,442.39
2218.8,442.39
2218.9,442.33479999999986
2219.0,442.2567643564357
2219.1,442.2408821782178
2219.2,442.2582
2219.3,442.2145
2219.4,442.2009
2219.5,442.1909900990099
2219.6,442.18100000000004
2219.7,442.20700000000005
2219.8,442.20099999999996
2219.9,442.20000000000005
2220.0,442.24455445544555
2220.1,442.2322
2220.2,442.12319999999994
2220.3,442.021
2220.4,442.0368762376238
2220.5,442.04882376237623
2220.6,442.05
2220.7,442.0412
2220.8,442.03999999999996
2220.9,442.0224871287129
2221.0,441.9677613861386
2221.1,441.96869999999996
2221.2,442.0135
2221.3,442.08090000000004
2221.4,442.09000000000003
2221.5,442.0642
2221.6,441.9998000000001
2221.7,441.9297999999998
2221.8,441.93719999999996
2221.9,441.94851485148513
2222.0,442.00950000000006
2222.1,442.0454999999999
2222.2,442.08400000000006
2222.3,442.07308415841584
2222.4,442.1204633663366
2222.5,442.1132
2222.6,442.13519999999994
2222.7,442.1568000000001
2222.8,442.1601663366336
2222.9,442.1101495049504
2223.0,442.13319999999993
2223.1,442.0902000000002
2223.2,442.0634
2223.3,442.07643564356437
2223.4,442.0554
2223.5,442.0172
2223.6,442.0346
2223.7,442.07263762376243
2223.8,442.0962752475248
2223.9,442.1648000000002
2224.0,442.1557
2224.1,442.16619999999995
2224.2,442.1864405940595
2224.3,442.142
2224.4,442.13800000000003
2224.5,442.132
2224.6,442.13800000000003
2224.7,442.14
2224.8,442.1242
2224.9,442.1121
2225.0,442.1257999999999
2225.1,442.12210000000005
2225.2,442.1434653465347
2225.3,442.23580000000004
2225.4,442.26779999999997
2225.5,442.2778
2225.6,442.2956772277227
2225.7,442.25370891089096
2225.8,442.23229999999995
2225.9,442.2069
2226.0,442.1923
2226.1,442.18237623762377
2226.2,442.1648
2226.3,442.12199999999996
2226.4,442.09479999999996
2226.5,442.09
2226.6,442.0674504950495
2226.7,442.0750000000001
2226.8,442.0725
2226.9,442.07
2227.0,442.1147029702969
2227.1,442.1448257425742
2227.2,442.1648
2227.3,442.14779999999996
2227.4,442.16960000000006
2227.5,442.15801980198023
2227.6,442.1719
2227.7,442.1508
2227.8,442.1473
2227.9,442.1790554455446
2228.0,442.1683168316832
2228.1,442.1312000000001
2228.2,442.1344
2228.3,442.10399999999987
2228.4,442.0830138613862
2228.5,442.1084574257426
2228.6,442.1058
2228.7,442.1426
2228.8,442.1884
2228.9,442.1789108910892
2229.0,442.15600000000006
2229.1,442.14300000000003
2229.2,442.1189999999999
2229.3,442.1308613861387
2229.4,442.13996930693065
2229.5,442.1676
2229.6,442.2006999999999
2229.7,442.18240000000003
2229.8,442.14916336633667
2229.9,442.1263366336634
2230.0,442.1268
2230.1,442.1707999999999
2230.2,442.14919999999984
2230.3,442.1772633663368
2230.4,442.19316930693066
2230.5,442.2034
2230.6,442.1899000000001
2230.7,442.18670000000003
2230.8,442.2231683168317
2230.9,442.2532
2231.0,442.2402000000001
2231.1,442.2432
2231.2,442.27613861386146
2231.3,442.26406930693065
2231.4,442.27600000000007
2231.5,442.2705
2231.6,442.2729999999999
2231.7,442.28
2231.8,442.2670217821783
2231.9,442.20240000000007
2232.0,442.19559999999996
2232.1,442.2036
2232.2,442.19366336633664
2232.3,442.1837
2232.4,442.1674
2232.5,442.17889999999994
2232.6,442.152387128713
2232.7,442.0926871287128
2232.8,442.03900000000004
2232.9,442.051
2233.0,442.05140000000006
2233.1,442.0338613861386
2233.2,442.0298455445544
2233.3,442.03
2233.4,442.0117
2233.5,442.01219999999995
2233.6,442.0260396039604
2233.7,442.05400000000003
2233.8,442.08799999999997
2233.9,442.11199999999997
2234.0,442.12
2234.1,442.16158415841574
2234.2,442.2136000000001
2234.3,442.2122999999999
2234.4,442.21180000000004
2234.5,442.19073366336636
2234.6,442.15840000000003
2234.7,442.1558
2234.8,442.131
2234.9,442.11580000000004
2235.0,442.1257425742574
2235.1,442.10720000000003
2235.2,442.05579999999986
2235.3,442.03
2235.4,442.05844356435637
2235.5,442.06888712871284
2235.6,442.04320000000007
2235.7,442.0356
2235.8,442.04560000000004
2235.9,442.06120000000004
2236.0,442.0589554455446
2236.1,442.0829999999999
2236.2,442.1265000000001
2236.3,442.1345
2236.4,442.1082178217822
2236.5,442.1008
2236.6,442.0938000000001
2236.7,442.0908
2236.8,442.08936039603964
2236.9,442.0694465346535
2237.0,442.06
2237.1,442.0335
2237.2,441.99409999999995
2237.3,442.0062376237624
2237.4,442.04560000000004
2237.5,442.0756
2237.6,442.1211999999998
2237.7,442.13439999999997
2237.8,442.109702970297
2237.9,442.0796
2238.0,442.0294
2238.1,442.0102
2238.2,442.00475049504945
2238.3,441.93980198019784
2238.4,441.895
2238.5,441.8650000000001
2238.6,441.81500000000005
2238.7,441.81485148514855
2238.8,441.83
2238.9,441.8349
2239.0,441.8596
2239.1,441.87020000000007
2239.2,441.8745544554456
2239.3,441.91400000000004
2239.4,441.9112000000001
2239.5,441.8848
2239.6,441.88985742574255
2239.7,441.8946475247525
2239.8,441.8953
2239.9,441.88530000000003
2240.0,441.89880000000005
2240.1,441.94326732673267
2240.2,441.9423999999998
2240.3,441.90999999999997
2240.4,441.90999999999997
2240.5,441.9328633663365
2240.6,441.9646089108911
2240.7,441.9475
2240.8,441.92
2240.9,441.91549999999995
2241.0,441.90999999999997
2241.1,441.90565544554454
2241.2,441.9
2241.3,441.9
2241.4,441.8912
2241.5,441.8625742574258
2241.6,441.83140000000003
2241.7,441.8501000000001
2241.8,441.89430000000004
2241.9,441.90004257425744
2242.0,441.85765544554454
2242.1,441.7958
2242.2,441.78159999999997
2242.3,441.7616
2242.4,441.7458415841584
2242.5,441.76459999999986
2242.6,441.80409999999995
2242.7,441.80589999999995
2242.8,441.7836405940593
2242.9,441.7722376237624
2243.0,441.806
2243.1,441.83399999999995
2243.2,441.832
2243.3,441.8399207920792
2243.4,441.8619584158416
2243.5,441.8344000000001
2243.6,441.7944000000001
2243.7,441.78170000000006
2243.8,441.80386138613864
2243.9,441.8062
2244.0,441.7772
2244.1,441.74379999999996
2244.2,441.7575623762376
2244.3,441.77376237623764
2244.4,441.7910999999999
2244.5,441.82109999999994
2244.6,441.82890000000003
2244.7,441.82099009901
2244.8,441.81839999999994
2244.9,441.7944
2245.0,441.83799999999997
2245.1,441.8735643564356
2245.2,441.87287128712865
2245.3,441.8565
2245.4,441.85
2245.5,441.8535
2245.6,441.85643069306934
2245.7,441.8568
2245.8,441.86659999999995
2245.9,441.8668
2246.0,441.863
2246.1,441.82663366336635
2246.2,441.8365000000001
2246.3,441.8733
2246.4,441.8602
2246.5,441.8134
2246.6,441.81300198019795
2246.7,441.84000000000003
2246.8,441.83039999999994
2246.9,441.81960000000004
2247.0,441.8240000000001
2247.1,441.80267326732667
2247.2,441.83
2247.3,441.8362
2247.4,441.8469
2247.5,441.85859999999997
2247.6,441.8938613861386
2247.7,441.88300000000004
2247.8,441.8960000000001
2247.9,441.916
2248.0,441.93299999999994
2248.1,441.94
2248.2,441.9284
2248.3,441.89419999999996
2248.4,441.88870000000003
2248.5,441.91290000000004
2248.6,441.91138613861386
2248.7,441.89
2248.8,441.88439999999997
2248.9,441.86160000000007
2249.0,441.82880000000006
2249.1,441.7861386138615
2249.2,441.7635
2249.3,441.8054
2249.4,441.80379999999997
2249.5,441.7627
2249.6,441.77
2249.7,441.7621999999999
2249.8,441.73479999999995
2249.9,441.7148
