t,pwr
0.0,78.29
0.1,306.7140155246372
0.2,306.7458415841584
0.3,306.6812
0.4,306.70439999999996
0.5,306.7358
0.6,306.6798
0.7,306.6442
0.8,306.6314
0.9,306.6128
1.0,306.5842
1.1,306.53742574257427
1.2,306.5385
1.3,306.557
1.4,306.5685
1.5,306.502
1.6,306.54949999999997
1.7,306.594
1.8,306.549
1.9,306.54
2.0,306.5988
2.1,306.6352
2.2,306.6316
2.3,306.5964
2.4,306.5648
2.5,306.6272
2.6,306.6148
2.7,306.61856633663365
2.8,306.6116495049505
2.9,306.6681
3.0,306.68
3.1,306.597
3.2,306.5551
3.3,306.5998
3.4,306.6017
3.5,306.6
3.6,306.6492
3.7,306.6764
3.8,306.6964
3.9,306.6508
4.0,306.64
4.1,306.7056
4.2,306.7364
4.3,306.7319623762376
4.4,306.7299811881188
4.5,306.7138
4.6,306.6857
4.7,306.66380000000004
4.8,306.65999999999997
4.9,306.62760000000003
5.0,306.6524
5.1,306.619900990099
5.2,306.602
5.3,306.616
5.4,306.604
5.5,306.528
5.6,306.454
5.7,306.472
5.8,306.488
5.9,306.514
6.0,306.49623762376234
6.1,306.4979
6.2,306.5316
6.3,306.56370000000004
6.4,306.57
6.5,306.6095
6.6,306.6832
6.7,306.67629999999997
6.8,306.6463
6.9,306.6712871287129
7.0,306.6956
7.1,306.7468
7.2,306.721
7.3,306.7022
7.4,306.70000000000005
7.5,306.661
7.6,306.65
7.7,306.6731683168317
7.8,306.68
7.9,306.6415
8.0,306.6146
8.1,306.6254
8.2,306.6454
8.3,306.5961
8.4,306.5415
8.5,306.5683475247525
8.6,306.55715247524756
8.7,306.50440000000003
8.8,306.4596
8.9,306.4424
9.0,306.4628
9.1,306.50800000000004
9.2,306.4516
9.3,306.4756
9.4,306.55772277227726
9.5,306.51250000000005
9.6,306.5125
9.7,306.5425
9.8,306.5875
9.9,306.6225
10.0,306.6075
10.1,306.5625
10.2,306.6093316831683
10.3,306.61522574257424
10.4,306.5878
10.5,306.55780000000004
10.6,306.5796
10.7,306.5604
10.8,306.49080000000004
10.9,306.4922
11.0,306.5074
11.1,306.53930693069304
11.2,306.5427
11.3,306.50350000000003
11.4,306.51919999999996
11.5,306.5884
11.6,306.5662
11.7,306.5865
11.8,306.6365
11.9,306.65
12.0,306.63554455445546
12.1,306.6228
12.2,306.656
12.3,306.67719999999997
12.4,306.644
12.5,306.6444
12.6,306.6572
12.7,306.7176
12.8,306.7328
12.9,306.69435643564356
13.0,306.7084
13.1,306.7058
13.2,306.6858
13.3,306.65160000000003
13.4,306.6826
13.5,306.7
13.6,306.6503
13.7,306.61594059405945
13.8,306.582
13.9,306.619
14.0,306.689
14.1,306.633
14.2,306.6
14.3,306.635
14.4,306.64300000000003
14.5,306.633
14.6,306.6507920792079
14.7,306.66
14.8,306.68760000000003
14.9,306.6172
15.0,306.55240000000003
15.1,306.5883
15.2,306.61
15.3,306.60310000000004
15.4,306.6344316831683
15.5,306.6773584158416
15.6,306.7104
15.7,306.7064
15.8,306.6796
15.9,306.7584
16.0,306.7388
16.1,306.67600000000004
16.2,306.6396
16.3,306.5963366336634
16.4,306.5599
16.5,306.5031
16.6,306.4532
16.7,306.4869
16.8,306.5502
16.9,306.5164
17.0,306.50326732673267
17.1,306.5826
17.2,306.587
17.3,306.5634
17.4,306.5666
17.5,306.58979999999997
17.6,306.5934
17.7,306.5504
17.8,306.4842574257426
17.9,306.49899999999997
18.0,306.52
18.1,306.4355
18.2,306.377
18.3,306.409
18.4,306.4235
18.5,306.41999999999996
18.6,306.40700000000004
18.7,306.40643564356435
18.8,306.4356
18.9,306.45
19.0,306.4884
19.1,306.54200000000003
19.2,306.6048
19.3,306.60440000000006
19.4,306.58360000000005
19.5,306.6056
19.6,306.6073267326733
19.7,306.5937
19.8,306.5648
19.9,306.55
20.0,306.5059
20.1,306.4359
20.2,306.4289
20.3,306.4841
20.4,306.5163
20.5,306.4763366336634
20.6,306.4376
20.7,306.4486
20.8,306.491
20.9,306.4852
21.0,306.5072
21.1,306.5672
21.2,306.5652
21.3,306.5252
21.4,306.5038613861386
21.5,306.4939
21.6,306.5327
21.7,306.5356
21.8,306.4834
21.9,306.4905
22.0,306.5161
22.1,306.4834
22.2,306.4722
22.3,306.4860396039604
22.4,306.466
22.5,306.462
22.6,306.416
22.7,306.422
22.8,306.462
22.9,306.44
23.0,306.384
23.1,306.3659405940594
23.2,306.4113
23.3,306.4518
23.4,306.46
23.5,306.4718
23.6,306.5213
23.7,306.54409999999996
23.8,306.53409999999997
23.9,306.5417415841584
24.0,306.5677326732673
24.1,306.59159999999997
24.2,306.5536
24.3,306.5142
24.4,306.539
24.5,306.61220000000003
24.6,306.6442
24.7,306.63419999999996
24.8,306.6242
24.9,306.6029
25.0,306.5615
25.1,306.5856
25.2,306.6314
25.3,306.64570000000003
25.4,306.6557
25.5,306.5973
25.6,306.55
25.7,306.55
25.8,306.5276
25.9,306.5324
26.0,306.5836
26.1,306.6044
26.2,306.572
26.3,306.5276
26.4,306.5324
26.5,306.56114455445544
26.6,306.5477326732673
26.7,306.4915
26.8,306.44899999999996
26.9,306.429
27.0,306.4035
27.1,306.379
27.2,306.39750000000004
27.3,306.4091633663366
27.4,306.39459999999997
27.5,306.37919999999997
27.6,306.4132
27.7,306.4932
27.8,306.5192
27.9,306.5046
28.0,306.5162
28.1,306.56239999999997
28.2,306.59534653465346
28.3,306.5788
28.4,306.5494
28.5,306.5559
28.6,306.5488
28.7,306.5088
28.8,306.5218
28.9,306.55
29.0,306.5447524752475
29.1,306.5348
29.2,306.53
29.3,306.51959999999997
29.4,306.4996
29.5,306.464
29.6,306.4608
29.7,306.5008
29.8,306.52
29.9,306.49964851485146
30.0,306.48
30.1,306.5004
30.2,306.55060000000003
30.3,306.5851
30.4,306.6053
30.5,306.6251
30.6,306.6606
30.7,306.66980198019803
30.8,306.605
30.9,306.585
31.0,306.62
31.1,306.585
31.2,306.515
31.3,306.515
31.4,306.54499999999996
31.5,306.56000000000006
31.6,306.5650495049505
31.7,306.55510000000004
31.8,306.5892
31.9,306.62510000000003
32.0,306.5906
32.1,306.56
32.2,306.5796
32.3,306.5804
32.4,306.5355
32.5,306.51970297029703
32.6,306.5108
32.7,306.5044
32.8,306.4912
32.9,306.412
33.0,306.40319999999997
33.1,306.4692
33.2,306.4468
33.3,306.4192
33.4,306.46376237623764
33.5,306.4806
33.6,306.4794
33.7,306.4994
33.8,306.5241
33.9,306.6011
34.0,306.6277
34.1,306.5706930693069
34.2,306.58299999999997
34.3,306.6146
34.4,306.5878
34.5,306.5822
34.6,306.6154
34.7,306.6008
34.8,306.57620000000003
34.9,306.54178217821783
35.0,306.529
35.1,306.531
35.2,306.4885
35.3,306.4455
35.4,306.44449999999995
35.5,306.44100000000003
35.6,306.421
35.7,306.4009554455445
35.8,306.3810891089109
35.9,306.3876
36.0,306.4012
36.1,306.4076
36.2,306.4652
36.3,306.5188
36.4,306.5476
36.5,306.592
36.6,306.62
36.7,306.6286
36.8,306.6529
36.9,306.6442
37.0,306.6358
37.1,306.6786
37.2,306.6642
37.3,306.63
37.4,306.6214851485148
37.5,306.60159999999996
37.6,306.5858
37.7,306.5674
37.8,306.57099999999997
37.9,306.6252
38.0,306.618
38.1,306.5726
38.2,306.6026
38.3,306.6491089108911
38.4,306.6572
38.5,306.6059
38.6,306.6041
38.7,306.6223
38.8,306.6154
38.9,306.5677
39.0,306.55
39.1,306.5869
39.2,306.60752475247523
39.3,306.56399999999996
39.4,306.594
39.5,306.63
39.6,306.642
39.7,306.632
39.8,306.582
39.9,306.57
40.0,306.57
40.1,306.5383168316832
40.2,306.5212
40.3,306.5466
40.4,306.5373
40.5,306.5722
40.6,306.56780000000003
40.7,306.59950000000003
40.8,306.6495
40.9,306.67625445544553
41.0,306.67373861386136
41.1,306.6952
41.2,306.7048
41.3,306.6762
41.4,306.6434
41.5,306.6
41.6,306.6114
41.7,306.60339999999997
41.8,306.5411881188119
41.9,306.5211
42.0,306.5178
42.1,306.4615
42.2,306.4448
42.3,306.4663
42.4,306.4711
42.5,306.4789
42.6,306.47479999999996
42.7,306.49633663366336
42.8,306.5044
42.9,306.53
43.0,306.548
43.1,306.5872
43.2,306.5928
43.3,306.5836
43.4,306.5936
43.5,306.6216
43.6,306.67069306930694
43.7,306.683
43.8,306.656
43.9,306.63349999999997
44.0,306.64
44.1,306.6365
44.2,306.64750000000004
44.3,306.6835
44.4,306.6660693069307
44.5,306.6132
44.6,306.56600000000003
44.7,306.5442
44.8,306.647
44.9,306.6664
45.0,306.64
45.1,306.64
45.2,306.619801980198
45.3,306.5932
45.4,306.5969
45.5,306.55989999999997
45.6,306.6229
45.7,306.6638
45.8,306.57000000000005
45.9,306.57660000000004
46.0,306.5933
46.1,306.609801980198
46.2,306.63
46.3,306.6236
46.4,306.6388
46.5,306.68719999999996
46.6,306.62800000000004
46.7,306.576
46.8,306.61
46.9,306.60040000000004
47.0,306.570495049505
47.1,306.55
47.2,306.5314
47.3,306.4962
47.4,306.4914
47.5,306.47479999999996
47.6,306.5145
47.7,306.4677227722772
47.8,306.428
47.9,306.424
48.0,306.477
48.1,306.488
48.2,306.545
48.3,306.586
48.4,306.6148514851485
48.5,306.6268
48.6,306.5816
48.7,306.6245
48.8,306.6629
48.9,306.6526
49.0,306.61289999999997
49.1,306.59415841584155
49.2,306.5328
49.3,306.5484
49.4,306.5532
49.5,306.5072
49.6,306.5056
49.7,306.50879999999995
49.8,306.45759999999996
49.9,306.41940594059406
50.0,306.4781
50.1,306.5054
50.2,306.5146
50.3,306.4973
50.4,306.4954
50.5,306.5316
50.6,306.58735346534655
50.7,306.5851267326733
50.8,306.613
50.9,306.65
51.0,306.62919999999997
51.1,306.5674
51.2,306.573
51.3,306.6074
51.4,306.5819801980198
51.5,306.515
51.6,306.47749999999996
51.7,306.5075
51.8,306.51
51.9,306.455
52.0,306.47247524752476
52.1,306.47520000000003
52.2,306.45279999999997
52.3,306.4324
52.4,306.4592
52.5,306.5176
52.6,306.51480000000004
52.7,306.52520000000004
52.8,306.51000000000005
52.9,306.5146
53.0,306.5231
53.1,306.4908
53.2,306.4922
53.3,306.6138
53.4,306.64160000000004
53.5,306.58002277227723
53.6,306.59107722772274
53.7,306.6278
53.8,306.609
53.9,306.559
54.0,306.5134
54.1,306.49
54.2,306.47039603960394
54.3,306.39790000000005
54.4,306.3942
54.5,306.41
54.6,306.3974
54.7,306.35
54.8,306.3584
54.9,306.4108336633663
55.0,306.49023762376237
55.1,306.486
55.2,306.48
55.3,306.52799999999996
55.4,306.56600000000003
55.5,306.584
55.6,306.56600000000003
55.7,306.58595940594057
55.8,306.5757
55.9,306.5886
56.0,306.5305
56.1,306.49379999999996
56.2,306.50435643564356
56.3,306.47419405940593
56.4,306.4464
56.5,306.4228
56.6,306.4008
56.7,306.45
56.8,306.4446
56.9,306.4362
57.0,306.52960396039606
57.1,306.60810000000004
57.2,306.55
57.3,306.5602
57.4,306.6066
57.5,306.59
57.6,306.5849
57.7,306.5650495049505
57.8,306.59159999999997
57.9,306.5872
58.0,306.52
58.1,306.52160000000003
58.2,306.5236
58.3,306.482
58.4,306.44
58.5,306.4447524752475
58.6,306.473
58.7,306.47799999999995
58.8,306.404
58.9,306.3805
59.0,306.4355
59.1,306.4115
59.2,306.423
59.3,306.4444554455446
59.4,306.4742
59.5,306.4944
59.6,306.46
59.7,306.4698
59.8,306.537
59.9,306.573
60.0,306.53138613861387
60.1,306.54650000000004
60.2,306.5861
60.3,306.5626
60.4,306.57219999999995
60.5,306.5161
60.6,306.4964099009901
60.7,306.54008712871286
60.8,306.53159999999997
60.9,306.4772
61.0,306.5312
61.1,306.53999999999996
61.2,306.5424
61.3,306.56
61.4,306.5633
61.5,306.59110000000004
61.6,306.589
61.7,306.5
61.8,306.5044
61.9,306.5312
62.0,306.4567326732673
62.1,306.42900000000003
62.2,306.427
62.3,306.486
62.4,306.449
62.5,306.443
62.6,306.478
62.7,306.5490099009901
62.8,306.5382
62.9,306.5272
63.0,306.60360000000003
63.1,306.6373
63.2,306.6019
63.3,306.5182178217822
63.4,306.504
63.5,306.5492
63.6,306.5408
63.7,306.5508
63.8,306.5584
63.9,306.5368
64.0,306.5016
64.1,306.5207920792079
64.2,306.53
64.3,306.5251
64.4,306.4607
64.5,306.47069999999997
64.6,306.4814
64.7,306.49722772277227
64.8,306.45939999999996
64.9,306.4518
65.0,306.4776
65.1,306.4388
65.2,306.423
65.3,306.4736
65.4,306.5306
65.5,306.53821782178215
65.6,306.5095
65.7,306.4995
65.8,306.4915
65.9,306.51649999999995
66.0,306.448
66.1,306.4134653465346
66.2,306.48040000000003
66.3,306.4908
66.4,306.50800000000004
66.5,306.4644
66.6,306.5712
66.7,306.5988
66.8,306.56841584158417
66.9,306.531596039604
67.0,306.5812
67.1,306.62
67.2,306.6185
67.3,306.5691
67.4,306.5406
67.5,306.5579118811881
67.6,306.4888
67.7,306.43080000000003
67.8,306.4716
67.9,306.5488
68.0,306.4902
68.1,306.4988
68.2,306.44020396039605
68.3,306.45069603960394
68.4,306.4995
68.5,306.45
68.6,306.4507
68.7,306.5196
68.8,306.4796
68.9,306.44049504950493
69.0,306.49
69.1,306.48
69.2,306.51
69.3,306.48
69.4,306.45
69.5,306.53000000000003
69.6,306.54
69.7,306.54
69.8,306.5697
69.9,306.6096
70.0,306.58029999999997
70.1,306.5899
70.2,306.5702
70.3,306.5601
70.4,306.60920594059405
70.5,306.51199405940594
70.6,306.52959999999996
70.7,306.5496
70.8,306.5598
70.9,306.4914
71.0,306.5488
71.1,306.599
71.2,306.6291089108911
71.3,306.5912
71.4,306.58029999999997
71.5,306.5703
71.6,306.5797
71.7,306.4248
71.8,306.4394
71.9,306.48801980198016
72.0,306.43240000000003
72.1,306.3916
72.2,306.3996
72.3,306.496
72.4,306.5576
72.5,306.54099009900995
72.6,306.4735
72.7,306.64099999999996
72.8,306.574
72.9,306.51300000000003
73.0,306.5005
73.1,306.4715
73.2,306.49850000000004
73.3,306.4247524752475
73.4,306.3918
73.5,306.3712
73.6,306.4452
73.7,306.3748
73.8,306.41700000000003
73.9,306.48580000000004
74.0,306.54584158415844
74.1,306.5779
74.2,306.5986
74.3,306.5907
74.4,306.6551
74.5,306.6228
74.6,306.5735
74.7,306.680495049505
74.8,306.63480000000004
74.9,306.5748
75.0,306.4964
75.1,306.4808
75.2,306.4892
75.3,306.5084
75.4,306.4463089108911
75.5,306.4673
75.6,306.5155
75.7,306.4381
75.8,306.43
75.9,306.3936
76.0,306.4172099009901
76.1,306.4560099009901
76.2,306.451
76.3,306.423
76.4,306.41999999999996
76.5,306.402
76.6,306.355
76.7,306.4212871287129
76.8,306.48339999999996
76.9,306.5078
77.0,306.4922
77.1,306.47220000000004
77.2,306.4522
77.3,306.45889999999997
77.4,306.43330000000003
77.5,306.43
77.6,306.4652
77.7,306.4524
77.8,306.3972
77.9,306.38120000000004
78.0,306.40639999999996
78.1,306.41871287128714
78.2,306.42
78.3,306.42
78.4,306.4896
78.5,306.49129999999997
78.6,306.5074
78.7,306.51
78.8,306.5358
78.9,306.5228
79.0,306.52
79.1,306.49420000000003
79.2,306.5158
79.3,306.57134455445544
79.4,306.49497029702974
79.5,306.4715
79.6,306.4615
79.7,306.443
79.8,306.423
79.9,306.437
80.0,306.4230841584158
80.1,306.3779683168317
80.2,306.3616
80.3,306.276
80.4,306.3356
80.5,306.4088
80.6,306.4287326732673
80.7,306.4216326732673
80.8,306.42
80.9,306.4117
81.0,306.4183
81.1,306.4615
81.2,306.51980000000003
81.3,306.5549
81.4,306.5271287128713
81.5,306.4626
81.6,306.4664
81.7,306.5028
81.8,306.51
81.9,306.4854
82.0,306.4882
82.1,306.4982
82.2,306.45128712871286
82.3,306.4157
82.4,306.45050000000003
82.5,306.4762
82.6,306.4557
82.7,306.4338
82.8,306.4861386138614
82.9,306.508
83.0,306.51800000000003
83.1,306.48
83.2,306.534
83.3,306.56600000000003
83.4,306.52247524752477
83.5,306.5021207920792
83.6,306.5079
83.7,306.4468
83.8,306.4221
83.9,306.4279
84.0,306.4142
84.1,306.4649871287129
84.2,306.4644
84.3,306.4132
84.4,306.43899999999996
84.5,306.4344
84.6,306.47679999999997
84.7,306.50559999999996
84.8,306.549
84.9,306.6063366336634
85.0,306.6046
85.1,306.523
85.2,306.4769
85.3,306.5624
85.4,306.59
85.5,306.6362
85.6,306.6346762376238
85.7,306.66042376237624
85.8,306.62440000000004
85.9,306.5644
86.0,306.5804
86.1,306.6508
86.2,306.6776
86.3,306.6268
86.4,306.579900990099
86.5,306.54
86.6,306.5075
86.7,306.4775
86.8,306.47749999999996
86.9,306.4875
87.0,306.53499999999997
87.1,306.5125
87.2,306.5222772277228
87.3,306.5892
87.4,306.61
87.5,306.6174
87.6,306.6644
87.7,306.6578
87.8,306.687
87.9,306.69267326732677
88.0,306.6535
88.1,306.65459999999996
88.2,306.6819
88.3,306.617
88.4,306.6119
88.5,306.693
88.6,306.7127
88.7,306.73168316831686
88.8,306.6968
88.9,306.6728
89.0,306.6556
89.1,306.61400000000003
89.2,306.60720000000003
89.3,306.6172
89.4,306.6272
89.5,306.53019801980196
89.6,306.49
89.7,306.5326
89.8,306.5571
89.9,306.5742
90.0,306.6084
90.1,306.6481891089109
90.2,306.6950594059406
90.3,306.689
90.4,306.70799999999997
90.5,306.734
90.6,306.733
90.7,306.72299999999996
90.8,306.706
90.9,306.67920792079207
91.0,306.6769
91.1,306.6317
91.2,306.5962
91.3,306.5969
91.4,306.6207
91.5,306.6093
91.6,306.6273267326733
91.7,306.6128
91.8,306.6476
91.9,306.64279999999997
92.0,306.562
92.1,306.57079999999996
92.2,306.6104
92.3,306.62673267326727
92.4,306.5764
92.5,306.5701
92.6,306.5733
92.7,306.6035
92.8,306.5932
92.9,306.5532
93.0,306.6137
93.1,306.61683168316836
93.2,306.5736
93.3,306.5666
93.4,306.5964
93.5,306.6298
93.6,306.6268
93.7,306.62
93.8,306.62653465346534
93.9,306.6495
94.0,306.608
94.1,306.58
94.2,306.619
94.3,306.64
94.4,306.6335
94.5,306.6557425742574
94.6,306.6378574257426
94.7,306.6456
94.8,306.6472
94.9,306.6528
95.0,306.6984
95.1,306.7328
95.2,306.7147168316832
95.3,306.6810267326733
95.4,306.6511
95.5,306.6463
95.6,306.6311
95.7,306.6074
95.8,306.60630000000003
95.9,306.6351376237624
96.0,306.5693623762376
96.1,306.4952
96.2,306.4862
96.3,306.49
96.4,306.459
96.5,306.4834
96.6,306.54069306930694
96.7,306.5722
96.8,306.6044
96.9,306.5834
97.0,306.6332
97.1,306.7349
97.2,306.8005
97.3,306.82
97.4,306.85019801980195
97.5,306.852
97.6,306.834
97.7,306.806
97.8,306.82
97.9,306.86400000000003
98.0,306.82059405940595
98.1,306.7681188118812
98.2,306.7423
98.3,306.7477
98.4,306.7246
98.5,306.6764
98.6,306.65409999999997
98.7,306.6734247524752
98.8,306.6610415841584
98.9,306.6168
99.0,306.5942
99.1,306.59000000000003
99.2,306.5842
99.3,306.59159999999997
99.4,306.59425742574257
99.5,306.6013574257426
99.6,306.59860000000003
99.7,306.5444
99.8,306.5328
99.9,306.57280000000003
100.0,306.6014
100.1,306.5930693069307
100.2,306.58000000000004
100.3,306.6136
100.4,306.668
100.5,306.65639999999996
100.6,306.6356
100.7,306.7016
100.8,306.7276
100.9,306.67118811881187
101.0,306.6675
101.1,306.712
101.2,306.741
101.3,306.7005
101.4,306.638
101.5,306.6255
101.6,306.63
101.7,306.5706
101.8,306.5308
101.9,306.56143960396037
102.0,306.58525346534657
102.1,306.5635
102.2,306.55060000000003
102.3,306.59180000000003
102.4,306.6359
102.5,306.6553
102.6,306.6547
102.7,306.6921376237624
102.8,306.7196
102.9,306.6996
103.0,306.6848
103.1,306.6696
103.2,306.6704
103.3,306.6748
103.4,306.6648
103.5,306.6960396039604
103.6,306.73
103.7,306.6943
103.8,306.6702
103.9,306.7412
104.0,306.8
104.1,306.80510000000004
104.2,306.8049504950495
104.3,306.78
104.4,306.77
104.5,306.745
104.6,306.71
104.7,306.765
104.8,306.81
104.9,306.7356435643564
105.0,306.6651
105.1,306.6502
105.2,306.6743
105.3,306.7149
105.4,306.7102
105.5,306.70475445544554
105.6,306.72925148514855
105.7,306.702
105.8,306.6548
105.9,306.6648
106.0,306.67
106.1,306.6796
106.2,306.6516
106.3,306.61
106.4,306.6006
106.5,306.5947
106.6,306.6
106.7,306.6
106.8,306.6094
106.9,306.6106
107.0,306.6046534653466
107.1,306.61
107.2,306.6284
107.3,306.673
107.4,306.6862
107.5,306.6838
107.6,306.7184
107.7,306.7262
107.8,306.7145544554455
107.9,306.72
108.0,306.72
108.1,306.7335
108.2,306.7455
108.3,306.71299999999997
108.4,306.689
108.5,306.7
108.6,306.656
108.7,306.6044
108.8,306.6144
108.9,306.6288
109.0,306.6444
109.1,306.6544
109.2,306.6512
109.3,306.66585643564355
109.4,306.6613
109.5,306.6444
109.6,306.7287
109.7,306.77570000000003
109.8,306.75710000000004
109.9,306.7314
110.0,306.71148514851484
110.1,306.7252
110.2,306.74739999999997
110.3,306.7426
110.4,306.78520000000003
110.5,306.79060000000004
110.6,306.7206
110.7,306.68831683168315
110.8,306.6917415841584
110.9,306.7128
111.0,306.7723
111.1,306.749
111.2,306.6941
111.3,306.67949999999996
111.4,306.63786237623765
111.5,306.6239405940594
111.6,306.662
111.7,306.69
111.8,306.656
111.9,306.634
112.0,306.622
112.1,306.62415841584163
112.2,306.6039
112.3,306.6178
112.4,306.6417
112.5,306.66
112.6,306.6327
112.7,306.5978
112.8,306.62544554455445
112.9,306.6614
113.0,306.6724
113.1,306.6486
113.2,306.6528
113.3,306.6938
113.4,306.69631287128715
113.5,306.6900623762376
113.6,306.7011
113.7,306.7274
113.8,306.7141
113.9,306.6626
114.0,306.65369999999996
114.1,306.6893069306931
114.2,306.722
114.3,306.672
114.4,306.6472
114.5,306.6492
114.6,306.63
114.7,306.6156
114.8,306.59712871287127
114.9,306.6205
115.0,306.64
115.1,306.598
115.2,306.534
115.3,306.567
115.4,306.5555
115.5,306.53425742574257
115.6,306.5834
115.7,306.5866
115.8,306.5596
115.9,306.4996
116.0,306.4396
116.1,306.44759999999997
116.2,306.54
116.3,306.5301
116.4,306.5265
116.5,306.5699
116.6,306.5867
116.7,307.96930000000015
116.8,312.56209999999993
116.9,318.84620000000024
117.0,327.05435643564374
117.1,336.3875999999993
117.2,348.81919999999974
117.3,363.64479999999975
117.4,378.9676000000012
117.5,394.00039999999973
117.6,408.68447128712813
117.7,422.62024356435677
117.8,434.1150999999994
117.9,442.65860000000055
118.0,449.97280000000023
118.1,456.2841999999998
118.2,458.73336633663376
118.3,459.825
118.4,459.735
118.5,459.779
118.6,459.803
118.7,459.807
118.8,459.770297029703
118.9,459.7145
119.0,459.7529
119.1,459.7542
119.2,459.74
119.3,459.7458
119.4,459.92240000000004
119.5,460.3228712871287
119.6,460.3412
119.7,460.3756
119.8,460.4264
119.9,460.5116
120.0,460.4676
120.1,460.4268
120.2,460.4810891089109
120.3,460.5154
120.4,460.37879999999996
120.5,459.9808
120.6,460.09639999999996
120.7,460.3192
120.8,460.2711
120.9,460.25509999999997
121.0,460.3794059405941
121.1,460.447
121.2,460.4204
121.3,460.45
121.4,460.59560000000005
121.5,461.01
121.6,460.9606772277228
121.7,460.8326485148515
121.8,460.92249999999996
121.9,461.06
122.0,461.0
122.1,461.01750000000004
122.2,461.07
122.3,461.07
122.4,460.9428
122.5,460.5304
122.6,460.63439999999997
122.7,461.0744
122.8,461.09360000000004
122.9,461.01
123.0,461.0051762376238
123.1,460.98310000000004
123.2,460.9554
123.3,461.05039999999997
123.4,461.4177
123.5,461.4077
123.6,461.23670000000004
123.7,460.6717821782178
123.8,460.61
123.9,460.6056
124.0,460.579
124.1,460.5444
124.2,460.6392
124.3,460.8562
124.4,460.63
124.5,460.63653465346533
124.6,460.6768
124.7,460.75469999999996
124.8,460.8247
124.9,460.8842
125.0,460.9168
125.1,460.9841376237624
125.2,460.9171485148515
125.3,460.572
125.4,460.464
125.5,460.528
125.6,460.73199999999997
125.7,460.7780396039604
125.8,460.7695188118812
125.9,460.7719
126.0,460.77430000000004
126.1,460.7519
126.2,460.7695
126.3,460.91069999999996
126.4,461.34376237623763
126.5,461.35468118811883
126.6,461.2742
126.7,461.02
126.8,461.002
126.9,460.9722
127.0,461.2298
127.1,461.3289108910891
127.2,461.3683
127.3,461.27500000000003
127.4,460.85659999999996
127.5,460.8502
127.6,460.8932
127.7,460.8515
127.8,460.8217821782178
127.9,460.8224
128.0,460.5088
128.1,460.4388
128.2,460.47279999999995
128.3,460.9584
128.4,460.95320000000004
128.5,460.9652
128.6,460.93524752475247
128.7,460.919
128.8,460.964
128.9,460.924
129.0,460.8915
129.1,460.906
129.2,460.916
129.3,460.77549999999997
129.4,460.74399999999997
129.5,460.72039603960394
129.6,460.7842
129.7,460.8058
129.8,460.78139999999996
129.9,460.7942
130.0,460.84520000000003
130.1,461.0098
130.2,461.028
130.3,460.7727722772277
130.4,460.81600000000003
130.5,460.99
130.6,460.9939
130.7,461.02520000000004
130.8,461.0587
130.9,461.04089999999997
131.0,460.954
131.1,460.7761
131.2,460.74099009900993
131.3,460.71840000000003
131.4,460.97360000000003
131.5,460.7824
131.6,460.8012
131.7,460.798
131.8,460.7136
131.9,460.746
132.0,460.8344118811881
132.1,461.1521237623762
132.2,461.08889999999997
132.3,461.0392999999999
132.4,460.71659999999997
132.5,460.7625619047619
132.6,460.7387619047619
132.7,461.07599999999996
132.8,461.1712
132.9,461.1996
133.0,461.3272
133.1,460.97180000000003
133.2,461.0054
133.3,461.0894059405941
133.4,461.0785
133.5,461.05150000000003
133.6,461.0645
133.7,460.76300000000003
133.8,460.6295
133.9,460.6135
134.0,460.49
134.1,460.491504950495
134.2,460.53176633663367
134.3,460.7496
134.4,460.74920000000003
134.5,460.97159999999997
134.6,461.01919999999996
134.7,461.2392
134.8,461.21879603960394
134.9,461.189903960396
135.0,461.19059999999996
135.1,461.20910000000003
135.2,461.17040000000003
135.3,460.8576
135.4,460.7725
135.5,460.5315
135.6,460.57198019801984
135.7,460.3173999999999
135.8,460.6818
135.9,460.7694
136.0,460.74
136.1,460.7412
136.2,460.79920792079207
136.3,460.7608
136.4,460.84
136.5,460.84350000000006
136.6,461.1912
136.7,461.30800000000005
136.8,461.1081
136.9,460.920099009901
137.0,460.93
137.1,460.88
137.2,460.90999999999997
137.3,461.25
137.4,461.2
137.5,461.3
137.6,461.279603960396
137.7,460.7779957184908
137.8,460.80591351351353
137.9,460.76599999999996
138.0,460.9184
138.1,460.984
138.2,460.9724
138.3,460.78702970297024
138.4,460.7426
138.5,460.68780000000004
138.6,460.6713
138.7,460.6178
138.8,460.60130000000004
138.9,460.6087
139.0,460.54970297029706
139.1,460.9871999999999
139.2,461.06
139.3,460.9826
139.4,460.9614
139.5,460.95140000000004
139.6,460.9842297029703
139.7,461.03251485148513
139.8,461.5415000000001
139.9,461.681
140.0,461.724
140.1,461.18600000000004
140.2,461.0985
140.3,461.0410891089109
140.4,461.0972
140.5,461.1268
140.6,461.39039999999994
140.7,461.4064
140.8,460.88759999999996
140.9,460.7564
141.0,460.791500990099
141.1,460.7751
141.2,460.7617
141.3,461.0339
141.4,461.0734
141.5,461.01189999999997
141.6,460.7759
141.7,460.7217
141.8,460.71178217821785
141.9,461.17025148514847
142.0,461.3028
142.1,461.392
142.2,461.4346
142.3,461.1858
142.4,461.1218
142.5,461.161
142.6,461.1862376237624
142.7,461.20619999999997
142.8,461.2019
142.9,460.97815575221233
143.0,460.856
143.1,460.79240000000004
143.2,460.77
143.3,460.838
143.4,461.3120000000001
143.5,461.52673267326736
143.6,461.4965
143.7,461.5403
143.8,461.37569999999994
143.9,461.1929
144.0,461.1098
144.1,461.2575
144.2,461.3333663366337
144.3,461.4959762376238
144.4,461.25659999999993
144.5,461.1098
144.6,461.14639999999997
144.7,461.1666
144.8,461.17
144.9,461.2228
145.0,461.2957425742574
145.1,461.307
145.2,461.2545
145.3,461.1
145.4,461.0885
145.5,460.94449999999995
145.6,460.85
145.7,460.9980198019802
145.8,461.1184
145.9,461.15279999999996
146.0,461.10880000000003
146.1,460.9264
146.2,460.8336
146.3,460.9964
146.4,461.01959999999997
146.5,461.1067326732673
146.6,461.2367
146.7,461.0684
146.8,460.93739999999997
146.9,460.92369999999994
147.0,460.92629999999997
147.1,460.9489
147.2,460.96623762376237
147.3,460.95759999999996
147.4,460.9686
147.5,460.8622
147.6,460.7652
147.7,460.688
147.8,460.6748
147.9,461.04321584158424
148.0,461.388795049505
148.1,461.4578
148.2,461.51099999999997
148.3,461.36699999999996
148.4,461.18899999999996
148.5,461.4001
148.6,461.621
148.7,461.73851485148515
148.8,461.772
148.9,461.388
149.0,461.068
149.1,461.026
149.2,461.0
149.3,460.98
149.4,460.98
149.5,460.9623
149.6,460.7022
149.7,460.4474
149.8,460.3841
149.9,460.42719999999997
150.0,460.63524752475246
150.1,460.731
150.2,460.7332
150.3,460.7730862745098
150.4,460.7450274509804
150.5,460.7044
150.6,460.6888
150.7,460.67999999999995
150.8,460.68
150.9,461.04960000000005
151.0,461.1514851485148
151.1,461.044
151.2,461.0965
151.3,461.055
151.4,461.0375
151.5,461.0765
151.6,461.1065
151.7,461.2343564356435
151.8,461.3354
151.9,460.989
152.0,460.6846
152.1,460.6584
152.2,460.62919999999997
152.3,460.6578
152.4,460.6846534653465
152.5,460.6323
152.6,460.9186
152.7,461.0987
152.8,460.99469999999997
152.9,460.96349999999995
153.0,460.95266610169494
153.1,460.9869745762712
153.2,461.01
153.3,461.0065
153.4,461.1575
153.5,461.53718811881186
153.6,461.4782831683168
153.7,461.0532
153.8,461.023
153.9,461.0002
154.0,461.037
154.1,461.0292
154.2,460.94986534653464
154.3,461.1013524752476
154.4,461.4066
154.5,461.20880000000005
154.6,460.8592
154.7,461.02
154.8,461.08930000000004
154.9,461.22999999999996
155.0,461.2172
155.1,461.19
155.2,461.1964
155.3,461.066
155.4,460.7472
155.5,460.7232
155.6,460.6691366336634
155.7,460.5431
155.8,460.69880000000006
155.9,460.98969999999997
156.0,460.91859999999997
156.1,460.96930000000003
156.2,460.9621
156.3,460.90306930693066
156.4,460.916
156.5,460.93
156.6,460.93
156.7,460.993
156.8,460.999
156.9,460.682
157.0,460.67138613861385
157.1,460.5887
157.2,460.6187
157.3,460.6429
157.4,460.65
157.5,460.6587
157.6,460.8888
157.7,461.3623
157.8,461.26138613861383
157.9,461.2484
158.0,461.2784
158.1,461.33169411764703
158.2,461.4244647058824
158.3,461.49
158.4,461.4873
158.5,461.45730000000003
158.6,461.3697000000001
158.7,460.7510891089109
158.8,460.6592
158.9,460.6468
159.0,460.63
159.1,460.8528
159.2,460.7644
159.3,460.70238415841584
159.4,460.7278079207921
159.5,460.6993
159.6,460.69
159.7,460.69
159.8,460.6935
159.9,460.747
160.0,460.84558613861384
160.1,460.90460792079205
160.2,460.7088
160.3,460.6876
160.4,460.6542
160.5,460.7194
160.6,460.70939999999996
160.7,460.6988
160.8,460.69366336633664
160.9,460.913
161.0,460.962
161.1,460.81149999999997
161.2,460.8405
161.3,460.8575
161.4,460.9995198019802
161.5,460.9941702970297
161.6,461.0804
161.7,461.08720000000005
161.8,461.01279999999997
161.9,460.83759999999995
162.0,460.776
162.1,460.6763801980198
162.2,460.5945603960396
162.3,460.70669999999996
162.4,460.5988
162.5,460.5585
162.6,460.5097
162.7,460.5
162.8,460.4985
162.9,460.44970297029704
163.0,460.4492
163.1,460.9012
163.2,460.9572690265487
163.3,460.82186772240334
163.4,460.7839395518499
163.5,460.7976
163.6,460.76480000000004
163.7,460.7512
163.8,460.7852
163.9,460.7988
164.0,461.0202613861386
164.1,460.7711623762376
164.2,460.6604
164.3,460.7805
164.4,460.8696
164.5,460.9235
164.6,460.99029702970296
164.7,461.0344
164.8,460.9884
164.9,461.0058
165.0,460.7778
165.1,460.697
165.2,460.66420000000005
165.3,460.5482851485148
165.4,461.0068019801981
165.5,461.1155
165.6,461.103
165.7,460.99800000000005
165.8,461.06500000000005
165.9,461.063
166.0,461.043
166.1,461.02316831683163
166.2,461.02
166.3,461.4064000000001
166.4,461.4548
166.5,460.8451999999999
166.6,460.75519999999995
166.7,460.8431683168317
166.8,460.82678316831687
166.9,460.7785
167.0,460.8447
167.1,460.9098
167.2,461.06109999999995
167.3,460.77459999999996
167.4,460.71000000000004
167.5,460.79200000000003
167.6,460.769
167.7,460.8502
167.8,460.82079999999996
167.9,460.81
168.0,460.7608
168.1,460.7256435643564
168.2,460.558
168.3,460.55240000000003
168.4,460.53601153846154
168.5,460.45303818953323
168.6,460.468
168.7,460.62440000000004
168.8,461.50600000000003
168.9,462.0892
169.0,462.5016
169.1,462.97232475247523
169.2,463.42106435643564
169.3,463.8375000000001
169.4,464.35249999999996
169.5,464.8425
169.6,465.9874999999999
169.7,466.48749999999995
169.8,466.08235148514837
169.9,465.96707722772277
170.0,465.9726
170.1,465.9404
170.2,465.9078
170.3,465.9
170.4,466.49940000000015
170.5,467.30199999999996
170.6,466.81396039603976
170.7,467.0709999999999
170.8,467.3111
170.9,467.54900000000004
171.0,468.3673000000001
171.1,468.6765
171.2,468.74109999999996
171.3,468.71663366336634
171.4,468.14559999999994
171.5,467.246
171.6,467.016
171.7,466.5548000000001
171.8,466.63640000000004
171.9,467.064
172.0,466.44398019801974
172.1,466.07178514851483
172.2,466.0258
172.3,466.02
172.4,466.0413
172.5,466.1139
172.6,466.1329
172.7,466.1229
172.8,466.71752475247524
172.9,466.15100000000007
173.0,465.751
173.1,465.793
173.2,465.848
173.3,465.86699999999996
173.4,465.8631386138614
173.5,465.8393017196456
173.6,466.4911578947367
173.7,467.27699999999993
173.8,467.2175
173.9,467.19550000000004
174.0,467.6141584158416
174.1,467.8694
174.2,468.4437999999999
174.3,469.0088
174.4,469.0992
174.5,469.1116
174.6,468.19579999999996
174.7,467.2814673267327
174.8,467.0845534653465
174.9,466.6979
175.0,466.52009999999996
175.1,466.67949999999996
175.2,466.2518000000001
175.3,465.8206
175.4,465.85623762376235
175.5,465.854
175.6,465.804
175.7,465.8008
175.8,465.8096
175.9,466.34599999999995
176.0,466.7668
176.1,466.4222772277228
176.2,466.1496
176.3,466.1402
176.4,466.0633
176.5,465.9902
176.6,466.01529999999997
176.7,466.0249
176.8,466.9318396039607
176.9,467.373811881188
177.0,467.06
177.1,467.43999999999994
177.2,467.66499999999996
177.3,467.9900000000001
177.4,468.59000000000003
177.5,468.82
177.6,468.809900990099
177.7,468.8396
177.8,468.0808999999999
177.9,467.1083
178.0,466.9106
178.1,466.53210000000007
178.2,466.58649999999983
178.3,466.73376237623756
178.4,466.19
178.5,465.90119999999996
178.6,465.86846722689074
178.7,465.86483277310924
178.8,465.84839999999997
178.9,465.8113287128713
179.0,466.0438534653465
179.1,466.7152
179.2,466.54200000000003
179.3,465.91880000000003
179.4,465.9012
179.5,465.9524
179.6,465.9989108910891
179.7,465.9701445544555
179.8,465.9862
179.9,466.41610000000014
180.0,467.2629000000001
180.1,466.79479999999995
180.2,467.0807
180.3,467.3854
180.4,467.6940594059408
180.5,468.5104
180.6,468.5686
180.7,468.6396
180.8,468.5996
180.9,468.18519999999984
181.0,467.0848
181.1,467.02320000000003
181.2,466.84881188118817
181.3,466.865
181.4,467.03499999999997
181.5,466.2875
181.6,466.15500000000003
181.7,466.135
181.8,466.12
181.9,466.1296
182.0,466.15279999999996
182.1,466.3364
182.2,466.9924
182.3,466.7744
182.4,466.0648
182.5,466.0491089108911
182.6,465.9454
182.7,465.9139
182.8,465.8669
182.9,465.8739
183.0,465.8246
183.1,465.6777247524753
183.2,465.0701366336634
183.3,464.9304000000001
183.4,465.4044000000001
183.5,466.21320000000003
183.6,466.2644
183.7,466.2942485981308
183.8,466.43217757009353
183.9,466.85450000000003
184.0,467.0545
184.1,467.1819999999999
184.2,467.88326732673255
184.3,468.5788
184.4,468.32659999999987
184.5,467.2
184.6,467.1888
184.7,467.11440000000005
184.8,467.0481188118812
184.9,466.8058
185.0,466.5048
185.1,466.4167
185.2,465.9326000000002
185.3,465.08259999999996
185.4,465.1988
185.5,465.8599871287129
185.6,465.87097425742576
185.7,465.9584
185.8,466.00559999999996
185.9,465.9048
186.0,465.946
186.1,465.9828
186.2,466.13554455445546
186.3,467.6545
186.4,467.52860000000004
186.5,466.8953
186.6,467.1682
186.7,467.7156
186.8,467.7504000000001
186.9,468.40651881188114
187.0,469.0996435643564
187.1,469.01800000000003
187.2,468.92600000000016
187.3,467.444
187.4,467.38800000000003
187.5,467.345
187.6,467.0583168316832
187.7,466.49432970297033
187.8,466.3841999999999
187.9,465.74529999999993
188.0,464.9909
188.1,464.9982
188.2,464.9755
188.3,464.9326732673267
188.4,464.9590178217822
188.5,464.97880000000004
188.6,465.35879999999986
188.7,465.92
188.8,465.92485203252033
188.9,465.98455284552847
189.0,466.03278048780487
189.1,466.0485
189.2,466.0585
189.3,466.0515
189.4,466.0585
189.5,466.0347524752475
189.6,465.73600000000005
189.7,466.06639999999993
189.8,466.1652
189.9,466.1112
190.0,466.058
190.1,466.05
190.2,466.0915
190.3,466.0668
190.4,466.7323
190.5,467.0111
190.6,467.0317
190.7,466.1917000000002
190.8,465.97891089108913
190.9,466.0192
191.0,466.0628
191.1,466.07820000000004
191.2,466.99839999999995
191.3,467.6182
191.4,467.3328
191.5,467.4536198019802
191.6,467.5081940594059
191.7,468.6277999999999
191.8,468.9062
191.9,468.8614
192.0,468.8257
192.1,468.8362
192.2,468.1650534653466
192.3,467.37522772277214
192.4,467.092
192.5,467.284
192.6,467.332
192.7,466.30600000000015
192.8,465.94599999999997
192.9,465.95168316831683
193.0,465.9757584158416
193.1,465.9405
193.2,465.94579999999996
193.3,466.7163000000001
193.4,467.0622
193.5,466.34159999999986
193.6,466.1321782178218
193.7,466.0754
193.8,466.1458
193.9,466.1232
194.0,466.09723636363634
194.1,467.35127272727254
194.2,467.9676
194.3,467.46639999999985
194.4,467.44440000000003
194.5,467.516
194.6,467.5476
194.7,467.56326732673267
194.8,468.29700000000014
194.9,468.88110000000006
195.0,469.0235
195.1,467.86080000000015
195.2,467.18620000000004
195.3,467.1266
195.4,466.69544554455445
195.5,466.51300000000003
195.6,466.53
195.7,466.497
195.8,466.546
195.9,466.2632
196.0,466.0802
196.1,466.0174613861386
196.2,466.02246534653466
196.3,466.053
196.4,466.047
196.5,466.5795
196.6,466.8375
196.7,466.83299999999997
196.8,466.24148514851487
196.9,465.8396
197.0,465.8192
197.1,465.8748
197.2,466.64879999999994
197.3,467.4476
197.4,467.78159999999997
197.5,467.658
197.6,467.6830693069307
197.7,468.52859999999987
197.8,468.9926
197.9,469.0
198.0,468.9748
198.1,469.023
198.2,468.3355000000001
198.3,467.5419801980197
198.4,467.2952
198.5,467.4784
198.6,467.44500000000005
198.7,466.62460000000016
198.8,466.18
198.9,466.18
199.0,466.1617
199.1,466.336681981982
199.2,466.7129729729729
199.3,466.985
199.4,466.84999999999997
199.5,466.33851485148506
199.6,465.9947
199.7,466.0296
199.8,466.09900000000005
199.9,466.86540000000014
200.0,467.6639
200.1,467.64160000000004
200.2,467.4775247524753
200.3,468.02360000000004
200.4,468.7532
200.5,468.824
200.6,468.7828
200.7,468.6716
200.8,468.5004
200.9,467.7564356435643
201.0,467.419
201.1,467.6866
201.2,467.65459999999996
201.3,467.1107999999998
201.4,466.3618
201.5,466.3253465346535
201.6,466.3062534653465
201.7,466.3222
201.8,466.61300000000006
201.9,467.0664
202.0,467.0016
202.1,466.3775247524753
202.2,465.98
202.3,465.953
202.4,465.9245
202.5,465.93
202.6,465.9435
202.7,466.5269999999999
202.8,466.98831683168305
202.9,466.79240000000004
203.0,467.04200000000003
203.1,467.3024
203.2,467.82479999999987
203.3,468.37080000000003
203.4,468.4144
203.5,468.42
203.6,468.41560000000004
203.7,467.92643564356456
203.8,467.2097
203.9,467.27490000000006
204.0,467.6447
204.1,467.7885
204.2,467.6208074074075
204.3,467.4095
204.4,467.80649999999997
204.5,468.63599999999997
204.6,468.7225
204.7,468.69346534653465
204.8,468.6796
204.9,468.5006
205.0,467.89680000000004
205.1,467.2432
205.2,467.3184
205.3,467.5138
205.4,467.19280000000003
205.5,466.39500000000004
205.6,466.23
205.7,466.23990000000003
205.8,466.3821000000001
205.9,466.80820000000006
206.0,467.1502
206.1,467.1232
206.2,466.8365000000001
206.3,466.1703
206.4,466.109901980198
206.5,466.4269980198019
206.6,467.12159999999994
206.7,467.194
206.8,467.04159999999996
206.9,466.60759999999993
207.0,466.236
207.1,466.2732
207.2,466.264
207.3,466.54144554455456
207.4,467.21006831683167
207.5,466.91549999999995
207.6,466.2104
207.7,466.1
207.8,466.1217
207.9,466.2909
208.0,466.89790000000005
208.1,467.6624
208.2,467.898712871287
208.3,468.14799999999997
208.4,467.92400000000004
208.5,468.595
208.6,468.599
208.7,468.681
208.8,468.657
208.9,468.746
209.0,468.748
209.1,468.23
209.2,468.0212
209.3,467.46268048780485
209.4,467.1762406504065
209.5,466.3194
209.6,466.3646
209.7,467.2295405940594
209.8,467.3794059405941
209.9,467.372
210.0,467.35450000000003
210.1,466.299
210.2,466.30699999999996
210.3,466.8800000000003
210.4,468.034
210.5,468.327
210.6,468.80188118811884
210.7,468.1095999999999
210.8,469.0592
210.9,469.03919999999994
211.0,469.0168
211.1,468.9432
211.2,469.0168
211.3,468.86999999999966
211.4,467.2096000000001
211.5,467.66495049504954
211.6,467.2982
211.7,467.2040000000002
211.8,466.03909999999996
211.9,466.01059999999995
212.0,466.0303
212.1,466.0594999999999
212.2,466.70079999999996
212.3,467.0508910891089
212.4,467.06899999999996
212.5,466.52239999999995
212.6,466.14880000000005
212.7,466.1041999999999
212.8,466.8166000000001
212.9,467.63340000000005
213.0,467.81000000000006
213.1,468.2922000000001
213.2,467.92168316831675
213.3,468.5009
213.4,468.5904
213.5,468.6293
213.6,468.5612
213.7,468.6767000000001
213.8,468.33829999999995
213.9,467.1865
214.0,467.8238
214.1,467.2106930693069
214.2,467.28000000000003
214.3,466.17
214.4,465.98
214.5,466.02
214.6,466.9
214.7,466.87
214.8,466.84000000000003
214.9,466.9
215.0,466.1146534653466
215.1,466.06049801980197
215.2,467.02029999999996
215.3,467.55470000000014
215.4,468.24309999999997
215.5,468.3589
215.6,468.2412
215.7,468.9627
215.8,469.0096
215.9,468.9707920792079
216.0,468.9406
216.1,468.9694
216.2,467.9900000000001
216.3,467.76419999999996
216.4,467.53459999999995
216.5,467.4614
216.6,467.01900000000006
216.7,466.0104000000001
216.8,465.95118811881184
216.9,465.93059999999997
217.0,465.9494
217.1,466.7356999999999
217.2,466.69210000000004
217.3,466.46689999999995
217.4,466.00409999999994
217.5,465.9512
217.6,465.95
217.7,465.9692079207921
217.8,466.3828000000001
217.9,467.6576000000001
218.0,468.1804
218.1,467.6624000000001
218.2,468.4943999999998
218.3,469.6724000000001
218.4,469.76800000000003
218.5,470.3844
218.6,470.68564356435644
218.7,471.68799999999976
218.8,471.4835
218.9,470.26349999999996
219.0,469.7155
219.1,469.5
219.2,468.97700000000015
219.3,467.42049999999995
219.4,467.86823762376235
219.5,467.44866336633663
219.6,467.23042016806727
219.7,466.2426470588236
219.8,465.9525
219.9,465.9275
220.0,466.68499999999995
220.1,466.9775
220.2,467.05
220.3,467.0325
220.4,466.70500000000004
220.5,466.3698019801981
220.6,466.66739999999993
220.7,467.2883999999999
220.8,467.47479999999996
220.9,467.5022
221.0,466.7626
221.1,466.4778
221.2,466.47
221.3,467.1286000000001
221.4,467.41128712871284
221.5,467.4081
221.6,467.07880000000006
221.7,466.4198000000001
221.8,466.2273
221.9,466.6826000000001
222.0,467.33180000000004
222.1,467.4735
222.2,467.4819
222.3,466.8684158415841
222.4,466.5076
222.5,466.4528
222.6,466.378
222.7,467.4011999999998
222.8,467.9108
222.9,467.64759999999995
223.0,467.45799999999997
223.1,467.466
223.2,468.3639603960394
223.3,468.7626
223.4,468.8368
223.5,468.8316
223.6,468.962
223.7,468.48040000000015
223.8,468.3097
223.9,468.4081
224.0,468.04949999999997
224.1,467.8407920792079
224.2,466.987
224.3,466.476
224.4,466.96999999999997
224.5,467.36400000000003
224.6,467.44399999999996
224.7,467.4662352941176
224.8,466.9118117647057
224.9,466.4047
225.0,467.14479999999986
225.1,468.0416831683168
225.2,468.6399999999999
225.3,469.36000000000007
225.4,469.525
225.5,469.445
225.6,469.47
225.7,469.435
225.8,469.38
225.9,469.355
226.0,468.6373267326731
226.1,468.1741999999999
226.2,468.11720000000014
226.3,467.4462
226.4,466.79189999999994
226.5,466.3959
226.6,466.6097
226.7,467.05639999999994
226.8,467.2694
226.9,467.3048514851485
227.0,467.2812
227.1,466.90919999999994
227.2,466.45360000000005
227.3,467.0128
227.4,467.8016
227.5,468.1924
227.6,468.424
227.7,468.62415841584163
227.8,469.007
227.9,469.05060000000003
228.0,469.0588
228.1,469.0706
228.2,469.05060000000003
228.3,468.7391999999999
228.4,468.55821782178214
228.5,468.5008
228.6,468.1372
228.7,467.4788000000001
228.8,466.751
228.9,466.6562
229.0,467.0954
229.1,467.6072277227723
229.2,467.598
229.3,467.52099999999996
229.4,466.90049999999997
229.5,466.2675
229.6,466.24899999999997
229.7,466.54349999999994
229.8,467.44361344537833
229.9,468.24118151260507
230.0,468.1802
230.1,468.01
230.2,468.2413999999999
230.3,468.92829108910894
230.4,469.02787128712873
230.5,469.085
230.6,469.0875
230.7,469.0375
230.8,468.5474999999999
230.9,467.3525000000001
231.0,467.76024752475246
231.1,467.5152
231.2,467.3176
231.3,466.68
231.4,466.4924
231.5,466.5048
231.6,466.7
231.7,467.2916
231.8,467.3623762376238
231.9,467.232
232.0,466.6343
232.1,466.1915
232.2,466.2369
232.3,466.4877000000002
232.4,467.3684158415841
232.5,467.803
232.6,467.9376
232.7,467.95820000000003
232.8,468.04980000000023
232.9,468.9176
233.0,468.98644752475246
233.1,469.01210000000003
233.2,469.00530000000003
233.3,468.7651999999998
233.4,467.9187999999999
233.5,467.3437
233.6,467.16460000000006
233.7,466.569603960396
233.8,466.472
233.9,466.218
234.0,466.12800000000004
234.1,466.118
234.2,466.12
234.3,466.168
234.4,466.1841584158416
234.5,466.1199198019802
234.6,466.3176
234.7,467.1733
234.8,467.07419999999996
234.9,466.4119
235.0,466.4181
235.1,466.41940594059406
235.2,466.4654
235.3,466.4792
235.4,466.66040000000004
235.5,467.791
235.6,467.98179999999996
235.7,467.2888
235.8,467.8371287128713
235.9,468.01789999999994
236.0,468.82329999999996
236.1,469.2215
236.2,469.1664
236.3,469.10339999999997
236.4,468.9245
236.5,467.8856396039604
236.6,467.4588
236.7,467.29920000000004
236.8,466.94600000000025
236.9,467.7835999999999
237.0,467.20520000000005
237.1,466.5548
237.2,466.5752
237.3,466.5531683168317
237.4,466.55649999999997
237.5,466.489
237.6,466.70649999999983
237.7,467.644
237.8,467.4404999999998
237.9,466.4785
238.0,466.47445544554455
238.1,466.50559999999996
238.2,466.519
238.3,466.3886
238.4,466.3856
238.5,466.41859999999997
238.6,466.46683168316827
238.7,466.86289999999997
238.8,467.1617
238.9,467.31930000000006
239.0,467.84090000000003
239.1,467.9594
239.2,469.2002999999999
239.3,469.4622772277228
239.4,469.40880000000004
239.5,469.4012
239.6,469.2396
239.7,467.942
239.8,467.59
239.9,467.596
240.0,467.6590099009901
240.1,467.67460000000005
240.2,466.6259
240.3,466.3434
240.4,466.2944
240.5,466.3278
240.6,466.3078217821782
240.7,466.2910891089109
240.8,466.301
240.9,466.34000000000003
241.0,466.593
241.1,466.436
241.2,466.401
241.3,466.4189108910891
241.4,466.4982
241.5,466.4737
241.6,466.41089999999997
241.7,466.5342999999998
241.8,467.71430000000004
241.9,467.8870999999999
242.0,467.17851485148515
242.1,467.47479999999996
242.2,467.61319999999984
242.3,468.5844
242.4,468.7516
242.5,468.7796
242.6,468.89001584158416
242.7,468.7958514851488
242.8,467.60179999999997
242.9,467.3635
243.0,467.3813
243.1,467.04830000000004
243.2,467.6369524752477
243.3,466.9027623762376
243.4,466.4876
243.5,466.447
243.6,466.4018
243.7,466.4312
243.8,466.4572
243.9,466.6282
244.0,467.53101188118814
244.1,467.3500891089109
244.2,466.6245
244.3,466.70599999999996
244.4,466.627
244.5,466.571
244.6,466.628
244.7,467.3995
244.8,468.335
244.9,468.2271287128713
245.0,467.97720000000004
245.1,467.9591999999999
245.2,469.144
245.3,469.24
245.4,469.2424
245.5,469.2996
245.6,469.284
245.7,469.07600000000014
245.8,467.53841584158414
245.9,467.50480000000005
246.0,467.6594
246.1,467.61360000000013
246.2,466.74770000000007
246.3,466.3503
246.4,466.3588
246.5,466.3176
246.6,466.2578930693069
246.7,466.84829108910884
246.8,467.24
246.9,467.22439999999995
247.0,466.4566
247.1,466.291
247.2,466.34
247.3,466.3402
247.4,466.351
247.5,466.4277227722773
247.6,467.7976
247.7,467.5549000000001
247.8,467.05780000000004
247.9,467.8304
248.0,467.87770000000006
248.1,468.6456
248.2,469.19910000000004
248.3,469.1101
248.4,469.120396039604
248.5,469.15999999999997
248.6,468.13
248.7,467.39
248.8,467.42
248.9,467.56
249.0,467.51
249.1,466.77
249.2,466.28999999999996
249.3,466.28
249.4,466.28
249.5,466.28
249.6,466.2701
249.7,466.9927
249.8,468.07910000000027
249.9,467.3079
250.0,467.7356
250.1,467.74
250.2,467.91849405940593
250.3,468.9588910891091
250.4,468.98
250.5,469.0094
250.6,468.9904
250.7,468.8234
250.8,467.31079999999974
250.9,467.28
251.0,466.74100000000004
251.1,466.58445544554456
251.2,466.4248
251.3,465.48879999999986
251.4,466.40090000000015
251.5,466.33299999999997
251.6,466.31059999999997
251.7,466.3585
251.8,466.3794
251.9,466.3412
252.0,466.33039603960395
252.1,466.3588
252.2,467.0991999999999
252.3,467.2452
252.4,466.3091999999999
252.5,466.366
252.6,466.40840000000003
252.7,466.38120000000004
252.8,466.3512950495049
252.9,466.39750990099014
253.0,466.4855
253.1,467.16450000000003
253.2,466.44950000000017
253.3,466.239
253.4,466.2015
253.5,466.257
253.6,466.16499999999996
253.7,466.17881188118815
253.8,466.18
253.9,466.368
254.0,467.2072
254.1,466.6114
254.2,467.2092
254.3,467.2876
254.4,467.619
254.5,468.1852
254.6,468.27584158415846
254.7,468.3637
254.8,468.32349999999997
254.9,468.2549
255.0,467.33860000000004
255.1,467.2607
255.2,466.57180000000005
255.3,467.54300000000023
255.4,467.46236039603957
255.5,466.7505069306931
255.6,466.72679999999997
255.7,466.7024
255.8,466.74600000000004
255.9,466.75
256.0,466.7316
256.1,467.5488000000002
256.2,467.7303999999999
256.3,466.6742574257427
256.4,466.4972
256.5,466.5446
256.6,466.4771999999999
256.7,466.4518
256.8,466.45
256.9,466.9686999999999
257.0,467.7297999999999
257.1,466.99019009900957
257.2,467.4506336633664
257.3,467.555
257.4,467.7219999999999
257.5,468.7390000000001
257.6,468.82300000000004
257.7,468.82
257.8,468.793
257.9,468.63700000000006
258.0,467.5417821782181
258.1,467.3744
258.2,466.88940000000014
258.3,467.2572000000001
258.4,467.6303999999999
258.5,466.6198000000003
258.6,466.45439999999996
258.7,466.4411
258.8,466.48405940594057
258.9,466.49
259.0,466.4724
259.1,466.8308
259.2,467.3816
259.3,467.2828
259.4,466.43280000000004
259.5,466.3112
259.6,466.2924
259.7,466.31613861386137
259.8,466.3287
259.9,466.84329999999983
260.0,467.5832673267326
260.1,467.54465148514845
260.2,467.60508910891093
260.3,467.586
260.4,468.08999999999975
260.5,468.9535000000001
260.6,469.0985
260.7,469.0745
260.8,469.0955
260.9,468.93000000000006
261.0,467.88168316831707
261.1,467.6816
261.2,467.01640000000015
261.3,467.53680000000026
261.4,467.3912000000001
261.5,466.4496000000002
261.6,466.322
261.7,466.3972
261.8,466.4268
261.9,466.38009900990096
262.0,466.37829999999997
262.1,466.86140000000006
262.2,467.3003
262.3,466.84709999999995
262.4,466.491
262.5,466.4649
262.6,466.47
262.7,466.3704
262.8,466.3253465346535
262.9,466.37739999999997
263.0,467.73480000000035
263.1,467.7921999999999
263.2,467.60880000000003
263.3,467.9162000000001
263.4,468.10479999999995
263.5,468.72860000000014
263.6,469.27820000000014
263.7,469.39435643564354
263.8,469.4486
263.9,468.52040000000017
264.0,467.7087
264.1,467.5781
264.2,467.59619999999995
264.3,467.7215
264.4,467.64470000000006
264.5,466.8260396039602
264.6,466.50199999999995
264.7,466.422
264.8,466.42600000000004
264.9,466.45399999999995
265.0,467.1400000000001
265.1,467.48600000000005
265.2,466.9380000000003
265.3,466.534
265.4,466.42247524752474
265.5,466.4021
265.6,466.3368
265.7,466.35159999999996
265.8,466.3284
265.9,467.0072999999998
266.0,467.1426
266.1,467.09049999999996
266.2,467.5280316831683
266.3,467.69695247524754
266.4,468.15459999999973
266.5,468.7792
266.6,468.959
266.7,468.9856
266.8,469.029
266.9,468.4628000000003
267.0,467.70719999999994
267.1,467.4164356435643
267.2,466.9642000000001
267.3,467.54070000000024
267.4,467.7038
267.5,467.2511000000001
267.6,467.4126000000001
267.7,467.5077
267.8,468.1029000000002
267.9,468.68749009900984
268.0,468.7112237623762
268.1,468.6952
268.2,468.776
268.3,468.07039999999995
268.4,467.39160000000004
268.5,467.2348
268.6,466.8804
268.7,467.2666336633661
268.8,467.16749999999996
268.9,466.64500000000015
269.0,466.5375
269.1,466.5725
269.2,466.5058168316832
269.3,466.4429485148515
269.4,466.66679999999997
269.5,467.1422
269.6,467.30219999999997
269.7,466.88820000000004
269.8,466.37
269.9,466.2252
270.0,466.1980198019802
270.1,466.1462
270.2,466.5753
270.3,467.0101000000001
270.4,466.8764000000001
270.5,466.3739
270.6,466.2127
270.7,466.2389108910891
270.8,466.25
270.9,466.2716
271.0,466.2224
271.1,466.61760000000015
271.2,466.6576
271.3,466.2859999999999
271.4,466.16712871287126
271.5,466.1771
271.6,466.15160000000003
271.7,466.1542
271.8,466.51500000000004
271.9,467.11439999999993
272.0,467.53430000000003
272.1,467.7143564356436
272.2,467.5470000000001
272.3,467.8590000000001
272.4,468.3519999999999
272.5,468.43399999999997
272.6,468.445
272.7,468.467
272.8,468.10960396039604
272.9,467.5084000000001
273.0,467.2341
273.1,467.1862
273.2,467.1386
273.3,466.78880000000004
273.4,466.28120000000007
273.5,466.1404950495049
273.6,466.16360000000003
273.7,466.1428
273.8,466.4904
273.9,466.8979999999999
274.0,466.88079999999997
274.1,466.5071999999999
274.2,466.26480000000004
274.3,466.2133
274.4,466.21000000000004
274.5,466.2435
274.6,466.9300000000003
274.7,467.60839999999996
274.8,467.6539603960396
274.9,467.70219999999995
275.0,467.8722
275.1,468.53720000000015
275.2,469.015
275.3,469.1264
275.4,469.18613465346533
275.5,469.170896039604
275.6,468.5389999999998
275.7,467.8200000000001
275.8,467.66200000000003
275.9,467.6705
276.0,467.582
276.1,467.0122772277228
276.2,466.50880000000006
276.3,466.3452
276.4,466.2944
276.5,466.28
276.6,466.33119999999997
276.7,466.91679999999985
276.8,467.18691089108904
276.9,466.81873762376256
277.0,466.5507
277.1,466.49109999999996
277.2,466.48
277.3,466.5052
277.4,467.1688999999997
277.5,467.9709772277228
277.6,468.2880871287129
277.7,468.1316
277.8,467.8922
277.9,468.4027999999998
278.0,469.0824
278.1,469.2614
278.2,469.23741584158415
278.3,469.1995
278.4,468.57610000000034
278.5,467.8179
278.6,467.8484000000001
278.7,467.9346
278.8,467.81899999999996
278.9,467.2615000000003
279.0,466.55554455445554
279.1,466.352
279.2,466.392
279.3,466.43
279.4,467.1219999999999
279.5,467.67199999999997
279.6,467.4219999999999
279.7,466.99019801980194
279.8,466.83410000000003
279.9,466.8595
280.0,466.9154
280.1,467.24090000000007
280.2,468.0399999999999
280.3,468.5327752475248
280.4,468.23023366336645
280.5,468.0222
280.6,468.10060000000004
280.7,468.64619999999985
280.8,469.28100000000006
280.9,469.4816
281.0,469.4842
281.1,469.12970297029676
281.2,468.36839999999995
281.3,467.8646
281.4,467.7643
281.5,467.7885
281.6,467.79859999999996
281.7,467.3608069306932
281.8,466.6859603960395
281.9,466.41999999999996
282.0,466.4424
282.1,466.4432
282.2,466.7547999999998
282.3,467.0828
282.4,467.0056000000001
282.5,466.62831683168326
282.6,466.3935
282.7,466.38
282.8,466.391
282.9,466.5979999999999
283.0,467.27149999999995
283.1,467.8825000000001
283.2,467.93653465346534
283.3,467.93640000000005
283.4,468.15039999999993
283.5,468.9827999999999
283.6,469.74660000000006
283.7,470.015
283.8,470.3136534653466
283.9,470.273993069307
284.0,470.14239999999995
284.1,470.16409999999996
284.2,470.01220000000006
284.3,469.67269999999996
284.4,469.2786000000001
284.5,468.4036534653467
284.6,467.6332594059406
284.7,467.61439999999993
284.8,467.7356
284.9,467.75
285.0,467.33919999999995
285.1,466.6948
285.2,466.9807089108907
285.3,467.6086643564357
285.4,467.7453
285.5,467.7498
285.6,467.75530000000003
285.7,467.89239999999995
285.8,468.0151
285.9,467.96445544554456
286.0,467.905
286.1,467.9
286.2,467.395
286.3,467.045
286.4,467.3599999999999
286.5,467.56
286.6,467.635
286.7,467.3630693069306
286.8,466.80499999999984
286.9,466.92239999999975
287.0,467.4521
287.1,467.6
287.2,467.5706
287.3,467.2900999999999
287.4,466.8634000000001
287.5,467.0296039603959
287.6,467.6156000000001
287.7,468.2535999999999
287.8,468.8864000000001
287.9,469.05240000000003
288.0,468.9372
288.1,468.9136
288.2,468.95950495049505
288.3,469.0029
288.4,468.9977
288.5,468.9688
288.6,468.9289
288.7,468.48400000000015
288.8,467.90983267326726
288.9,467.351782178218
289.0,466.9414
289.1,467.50520000000046
289.2,468.0686
289.3,468.02
289.4,468.01544554455444
289.5,467.4699999999999
289.6,467.26900000000035
289.7,468.1315000000001
289.8,468.73850000000004
289.9,469.1725742574256
290.0,469.8472
290.1,469.9475999999996
290.2,469.2832
290.3,469.2912
290.4,469.30609504950496
290.5,469.66023168316826
290.6,469.7402999999998
290.7,468.9331
290.8,468.2278
290.9,467.7910000000001
291.0,467.08680000000004
291.1,466.67240000000015
291.2,467.11960396039603
291.3,467.1832
291.4,467.1726
291.5,466.9086000000001
291.6,466.56620000000004
291.7,467.1297999999998
291.8,468.1392000000002
291.9,468.8003960396038
292.0,469.3272999999999
292.1,469.43909999999994
292.2,469.03520000000003
292.3,468.87
292.4,469.1569999999999
292.5,469.64789999999994
292.6,469.63736534653464
292.7,469.0136237623764
292.8,468.174
292.9,467.918
293.0,467.7219999999999
293.1,467.398
293.2,467.65999999999985
293.3,468.37200000000007
293.4,468.8377227722772
293.5,469.3363
293.6,470.06170000000003
293.7,470.0839
293.8,469.9652
293.9,469.8401999999999
294.0,469.9617
294.1,469.9915841584159
294.2,469.8162
294.3,469.54179999999997
294.4,469.3706000000002
294.5,468.52779999999996
294.6,467.71779999999995
294.7,468.1852
294.8,469.4560396039605
294.9,470.13909999999987
295.0,470.4285
295.1,470.47850000000005
295.2,470.4841
295.3,470.08109999999976
295.4,469.4443564356436
295.5,469.3784
295.6,469.358
295.7,468.8320000000001
295.8,467.5771999999999
295.9,466.9876
296.0,466.66306930693065
296.1,466.4525
296.2,466.4165
296.3,466.39599999999996
296.4,466.356
296.5,466.6345000000002
296.6,467.27000000000004
296.7,467.4277227722772
296.8,467.45279999999997
296.9,467.1212000000001
297.0,466.5562
297.1,466.4998
297.2,466.9559999999998
297.3,467.9742910891089
297.4,468.22019603960393
297.5,468.3334
297.6,468.17809999999986
297.7,468.1111000000001
297.8,468.78110000000004
297.9,469.2367633663366
298.0,469.2500673267327
298.1,469.2628
298.2,468.9220000000001
298.3,467.97999999999985
298.4,467.61440000000005
298.5,467.3296
298.6,467.12289900990135
298.7,467.53458910891095
298.8,466.8651
298.9,466.2921
299.0,466.2269
299.1,466.18589999999995
299.2,466.0976
299.3,466.0793
299.4,466.33326732673225
299.5,466.836
299.6,466.4949999999998
299.7,465.809
299.8,465.772
299.9,465.803
300.0,465.78617821782177
300.1,466.0967881188121
300.2,467.0438
300.3,467.1942
300.4,467.1771
300.5,467.1816
300.6,467.355
300.7,467.9576485148514
300.8,468.58435643564354
300.9,468.59200000000004
301.0,468.5536
301.1,468.32919999999984
301.2,467.4320000000001
301.3,467.16880000000003
301.4,466.94253069306956
301.5,466.64255148514854
301.6,467.1181999999999
301.7,466.58920000000023
301.8,465.8192
301.9,465.8116
302.0,465.8889
302.1,465.9186138613861
302.2,466.0966
302.3,466.8428
302.4,467.0422
302.5,466.8094
302.6,466.2022
302.7,466.1644
302.8,466.146
302.9,466.2019801980198
303.0,466.2899999999999
303.1,466.88250000000016
303.2,467.24250000000006
303.3,466.82000000000005
303.4,466.965
303.5,467.1074999999999
303.6,467.71118811881206
303.7,468.12199999999996
303.8,468.148
303.9,468.1076
304.0,467.992
304.1,467.44839999999994
304.2,466.8004
304.3,466.61879999999996
304.4,466.3657425742574
304.5,466.9519999999999
304.6,466.36349999999993
304.7,465.9331
304.8,465.8985
304.9,465.8692
305.0,465.9
305.1,465.8703960396039
305.2,466.03619999999984
305.3,466.9756
305.4,466.73780000000016
305.5,465.9302
305.6,465.87760000000003
305.7,465.9488
305.8,465.98653465346536
305.9,466.09819999999985
306.0,466.6547000000001
306.1,467.51470000000006
306.2,467.4713
306.3,467.09790000000004
306.4,467.3482999999996
306.5,468.40524752475255
306.6,468.70199999999994
306.7,468.592
306.8,468.602
306.9,468.5520000000001
307.0,468.0980000000001
307.1,467.202
307.2,467.201702970297
307.3,467.36650099009904
307.4,467.3376
307.5,466.4593
307.6,466.0338
307.7,466.0557
307.8,466.0648
307.9,465.981
308.0,465.9988
308.1,466.5197029702971
308.2,466.86360000000013
308.3,466.37099999999987
308.4,465.9164
308.5,465.90000000000003
308.6,465.9036
308.7,465.9164
308.8,466.0458000000002
308.9,466.8287999999998
309.0,467.3557425742574
309.1,467.2356
309.2,466.9649
309.3,467.03520000000003
309.4,467.6257999999999
309.5,468.2315
309.6,468.1883
309.7,468.19870000000003
309.8,468.190693069307
309.9,467.56080000000026
310.0,466.8396
310.1,466.7779999999999
310.2,466.3883999999996
310.3,467.3531999999999
310.4,466.81560000000025
310.5,466.10519999999997
310.6,466.0879207920792
310.7,466.11650000000003
310.8,466.0355
310.9,466.25599999999974
311.0,467.653
311.1,467.7720000000003
311.2,468.2780000000001
311.3,467.9669207920791
311.4,468.5381148514851
311.5,468.6486
311.6,468.64140000000003
311.7,468.6472
311.8,468.6328
311.9,468.43440000000066
312.0,467.1002
312.1,467.07603960396045
312.2,467.2350000000001
312.3,466.6699999999997
312.4,465.7961
312.5,465.7674
312.6,465.74739999999997
312.7,465.73
312.8,465.7351356435644
312.9,465.92527524752467
313.0,467.0424
313.1,466.95799999999997
313.2,466.2064
313.3,466.18240000000003
313.4,466.194
313.5,466.15840000000003
313.6,466.31148514851486
313.7,467.0097999999999
313.8,467.1733
313.9,467.0482000000004
314.0,465.8189
314.1,465.8133
314.2,465.8279
314.3,465.8759405940597
314.4,467.11199999999997
314.5,467.53099999999995
314.6,467.8659999999998
314.7,467.562
314.8,467.67499999999995
314.9,468.539
315.0,468.62
315.1,468.6173
315.2,468.5972
315.3,468.5745999999999
315.4,467.55060000000026
315.5,466.99140000000006
315.6,467.3920712871287
315.7,467.19288712871287
315.8,466.94319999999965
315.9,466.0496
316.0,465.9356
316.1,465.9992
316.2,465.9892
316.3,466.0720000000004
316.4,467.1339603960396
316.5,467.152
316.6,466.7324
316.7,466.0986
316.8,466.0812982905983
316.9,466.1009401709402
317.0,466.2444358974359
317.1,467.074277227723
317.2,467.65966336633653
317.3,467.83570000000003
317.4,467.3783000000001
317.5,467.3111
317.6,468.2623000000003
317.7,468.558
317.8,468.6512
317.9,468.65999999999997
318.0,468.5544
318.1,467.8536
318.2,467.1616
318.3,467.6344
318.4,467.20840000000004
318.5,467.1053227722772
318.6,466.28142772277204
318.7,465.8816000000001
318.8,465.7617
318.9,465.71520000000004
319.0,466.5191000000002
319.1,466.6313
319.2,466.67302772277225
319.3,466.0694000000001
319.4,465.8324
319.5,465.7842
319.6,465.74559999999997
319.7,466.75479999999993
319.8,467.1160118811881
319.9,467.7625495049502
320.0,467.1644999999999
320.1,467.86450000000013
320.2,468.32450000000006
320.3,468.43100000000004
320.4,468.46549999999996
320.5,468.5119108910891
320.6,468.486304950495
320.7,467.62320000000017
320.8,467.32559999999995
320.9,467.49319999999994
321.0,467.3788
321.1,466.65279999999973
321.2,466.0076000000001
321.3,465.9016831683168
321.4,465.8585
321.5,465.8998
321.6,466.7815000000001
321.7,466.9434
321.8,466.7491
321.9,466.0875
322.0,465.9268
322.1,465.94126646577706
322.2,466.28999999999985
322.3,467.1096000000001
322.4,467.4336
322.5,467.39239999999995
322.6,467.2679999999999
322.7,467.8999999999997
322.8,468.45564356435636
322.9,468.53650000000005
323.0,468.53340000000003
323.1,468.5199
323.2,468.37600000000003
323.3,467.5797000000001
323.4,467.2736
323.5,467.33980198019805
323.6,467.24119999999994
323.7,466.57280000000003
323.8,465.89699999999993
323.9,465.743
324.0,465.793
324.1,465.79679999999996
324.2,466.33119999999997
324.3,466.740693069307
324.4,466.7255
324.5,466.3550000000001
324.6,466.1475
324.7,466.1365
324.8,466.11400000000003
324.9,466.7629999999998
325.0,467.4031683168317
325.1,467.848
325.2,467.6772000000001
325.3,467.9252
325.4,468.46439999999996
325.5,468.63
325.6,468.59159999999997
325.7,468.57
325.8,468.5319801980198
325.9,467.86740000000026
326.0,467.4963
326.1,467.8717000000002
326.2,467.9451000000001
326.3,467.7025
326.4,467.33910000000014
326.5,467.585507920792
326.6,468.2538950495053
326.7,468.4728
326.8,468.4934
326.9,468.5138
327.0,468.2124
327.1,467.5288782608694
327.2,466.98964347826086
327.3,467.00980000000004
327.4,467.1947
327.5,466.9273999999999
327.6,466.2721999999999
327.7,465.8658534653465
327.8,465.85
327.9,466.02019999999993
328.0,466.427
328.1,466.72060000000005
328.2,466.7708
328.3,466.4425999999999
328.4,465.9320000000001
328.5,466.029603960396
328.6,466.6145000000002
328.7,467.004
328.8,467.07
328.9,466.8945000000001
329.0,466.4865
329.1,466.40300000000013
329.2,466.7949504950496
329.3,467.0676
329.4,467.09439999999995
329.5,466.8624
329.6,466.29159999999985
329.7,466.1964
329.8,466.85851485148527
329.9,467.49489999999986
330.0,467.8432
330.1,468.1907000000001
330.2,468.5044
330.3,468.5457
330.4,468.5099
330.5,468.4614
330.6,468.4627722772277
330.7,468.63539999999995
330.8,468.5769999999999
330.9,467.8682000000003
331.0,467.4268
331.1,466.9249999999997
331.2,466.1667742574258
331.3,466.49081089108927
331.4,467.0528
331.5,467.09590000000003
331.6,467.0777
331.7,466.6664000000001
331.8,466.0390277227723
331.9,466.4726138613859
332.0,467.286
332.1,467.55600000000004
332.2,468.0421196581196
332.3,468.35693162393164
332.4,468.4363000000001
332.5,468.2854
332.6,468.2907
332.7,468.3462
332.8,468.3138
332.9,468.2598019801982
333.0,467.9024
333.1,467.72339999999974
333.2,467.24840000000006
333.3,466.7682
333.4,465.85540000000003
333.5,466.13
333.6,466.9077782178218
333.7,466.90015643564357
333.8,466.9105
333.9,466.75260000000037
334.0,466.0226
334.1,466.10150000000004
334.2,466.4531000000001
334.3,467.351
334.4,467.5485148514849
334.5,467.8320000000001
334.6,467.3900000000004
334.7,468.32
334.8,468.36
334.9,468.3540396039604
335.0,468.3148
335.1,468.2443
335.2,468.144
335.3,467.83140000000003
335.4,467.76980000000003
335.5,467.27340000000004
335.6,466.9361386138613
335.7,465.9682
335.8,466.06620000000015
335.9,466.63099999999986
336.0,467.0198
336.1,467.12080000000003
336.2,467.0314000000002
336.3,466.36077425742565
336.4,466.1978217821782
336.5,466.53159999999986
336.6,467.7804
336.7,467.98369999999994
336.8,468.5631
336.9,468.9013
337.0,468.8015
337.1,468.7448514851485
337.2,468.6716
337.3,468.6876307692308
337.4,468.74470769230766
337.5,468.7268
337.6,467.9484
337.7,467.7270297029703
337.8,467.2358
337.9,466.9102000000004
338.0,465.8567
338.1,465.9477000000002
338.2,466.91099999999994
338.3,466.9934
338.4,466.93673267326733
338.5,466.83900000000006
338.6,466.19599999999997
338.7,466.151
338.8,466.2439999999999
338.9,467.82599999999996
339.0,468.0369999999999
339.1,468.59940594059384
339.2,468.2867000000001
339.3,468.8654
339.4,468.92179999999996
339.5,468.9382
339.6,468.911
339.7,468.8308
339.8,468.7815999999998
339.9,467.1675247524753
340.0,466.9824000000001
340.1,466.29359999999986
340.2,465.9044000000002
340.3,464.9192
340.4,464.8996
340.5,464.7625742574258
340.6,464.53409999999997
340.7,464.1557
340.8,463.66919999999993
340.9,463.24879999999996
341.0,463.0699
341.1,462.6448
341.2,462.2732673267326
341.3,461.75119999999987
341.4,461.28200000000004
341.5,460.98500000000007
341.6,460.74699999999996
341.7,460.6982
341.8,460.67416435643565
341.9,460.72708910891095
342.0,460.5095
342.1,460.498
342.2,460.461
342.3,460.484
342.4,460.5595
342.5,460.5450396039604
342.6,460.4528
342.7,460.5192
342.8,460.49559999999997
342.9,460.38840000000005
343.0,460.35159999999996
343.1,460.3884
343.2,460.3504
343.3,460.3592079207921
343.4,460.34
343.5,460.34090000000003
343.6,460.36879999999996
343.7,460.3282
343.8,460.2709
343.9,460.3012
344.0,460.34059405940593
344.1,460.3592
344.2,460.3204
344.3,460.34
344.4,460.3402
344.5,460.35
344.6,460.3498
344.7,460.3411881188119
344.8,460.3998
344.9,460.3798
345.0,460.3601
345.1,460.37030000000004
345.2,460.39959999999996
345.3,460.3601
345.4,460.369702970297
345.5,460.34000000000003
345.6,460.35
345.7,460.44
345.8,460.46
345.9,460.43
346.0,460.5
346.1,460.5
346.2,460.46019801980196
346.3,460.42039801980195
346.4,460.40020000000004
346.5,460.3802
346.6,460.4196
346.7,460.321
346.8,460.2804
346.9,460.3388118811881
347.0,460.3694059405941
347.1,460.3112
347.2,460.2708
347.3,460.2994
347.4,460.31960000000004
347.5,460.37879999999996
347.6,460.31139999999994
347.7,460.34861782178217
347.8,460.349997029703
347.9,460.3597
348.0,460.2824
348.1,460.2994
348.2,460.3679
348.3,460.3894
348.4,460.40939999999995
348.5,460.3712
348.6,460.379603960396
348.7,460.39919999999995
348.8,460.352
348.9,460.3404
349.0,460.388
349.1,460.39959999999996
349.2,460.3328
349.3,460.29150495049504
349.4,460.25198514851485
349.5,460.25
349.6,460.2595
349.7,460.241
349.8,460.2875
349.9,460.3565
350.0,460.3695
350.1,460.3041584158416
350.2,460.3564
350.3,460.3882
350.4,460.3806
350.5,460.3894
350.6,460.3618
350.7,460.3972277227723
350.8,460.3907
350.9,460.3435
351.0,460.3307
351.1,460.3951
351.2,460.3442
351.3,460.3214
351.4,460.31990792079205
351.5,460.3200079207921
351.6,460.3384
351.7,460.2848
351.8,460.2616
351.9,460.26919999999996
352.0,460.2884
352.1,460.2626732673267
352.2,460.2600178217822
352.3,460.26
352.4,460.3146
352.5,460.3473
352.6,460.3318
352.7,460.4119
352.8,460.3929702970297
352.9,460.39
353.0,460.345
353.1,460.349
353.2,460.377
353.3,460.389
353.4,460.372
353.5,460.3610891089109
353.6,460.36
353.7,460.3422
353.8,460.36670000000004
353.9,460.3344
354.0,460.3834
354.1,460.3544
354.2,460.32356435643567
354.3,460.3112
354.4,460.3716
354.5,460.4064
354.6,460.366
354.7,460.3248
354.8,460.3376
354.9,460.41920000000005
355.0,460.36029702970296
355.1,460.33259999999996
355.2,460.33
355.3,460.33000000000004
355.4,460.31260000000003
355.5,460.2665
355.6,460.26
355.7,460.3461386138614
355.8,460.3514
355.9,460.3156
356.0,460.3186
356.1,460.3544
356.2,460.3428
356.3,460.297
356.4,460.2814851485149
356.5,460.314
356.6,460.32
356.7,460.303
356.8,460.2915
356.9,460.3155
357.0,460.3455
357.1,460.34158415841586
357.2,460.34839999999997
357.3,460.3836
357.4,460.4236
357.5,460.39639999999997
357.6,460.3564
357.7,460.34159999999997
357.8,460.3483
357.9,460.3666
358.0,460.32849999999996
358.1,460.3532
358.2,460.4264
358.3,460.40712871287127
358.4,460.4
358.5,460.40000000000003
358.6,460.4574
358.7,460.4782
358.8,460.4472
358.9,460.4482
359.0,460.4581188118812
359.1,460.4681
359.2,460.4295
359.3,460.3714
359.4,460.3924
359.5,460.3757
359.6,460.3538
359.7,460.3981188118812
359.8,460.458
359.9,460.462
360.0,460.46000000000004
360.1,460.428
360.2,460.44399999999996
360.3,460.466
360.4,460.4702376237624
360.5,460.45415841584156
360.6,460.4816
360.7,460.4426
360.8,460.4063
360.9,460.40790000000004
361.0,460.4653
361.1,460.4642
361.2,460.47564356435646
361.3,460.44100000000003
361.4,460.38320000000004
361.5,460.409
361.6,460.4044
361.7,460.3922
361.8,460.4056
361.9,460.37100000000004
362.0,460.35227722772277
362.1,460.3808
362.2,460.3669
362.3,460.3831
362.4,460.4131
362.5,460.3815
362.6,460.41597128712874
362.7,460.4223762376238
362.8,460.3972
362.9,460.4204
363.0,460.39959999999996
363.1,460.3824
363.2,460.38
363.3,460.42507326732675
363.4,460.410099009901
363.5,460.4075
363.6,460.41
363.7,460.4175
363.8,460.39
363.9,460.38
364.0,460.3798514851485
364.1,460.39472277227725
364.2,460.4074
364.3,460.35080000000005
364.4,460.3596
364.5,460.3996
364.6,460.373
364.7,460.3304
364.8,460.3713603960396
364.9,460.4119
365.0,460.41270000000003
365.1,460.3881
365.2,460.35810000000004
365.3,460.37190000000004
365.4,460.3727
365.5,460.32663366336635
365.6,460.2884
365.7,460.3088
365.8,460.284
365.9,460.2556
366.0,460.322
366.1,460.3716
366.2,460.41564356435646
366.3,460.4158
366.4,460.36740000000003
366.5,460.3855
366.6,460.45680000000004
366.7,460.4232
366.8,460.4284
366.9,460.48969999999997
367.0,460.4609702970297
367.1,460.41200000000003
367.2,460.34400000000005
367.3,460.306
367.4,460.356
367.5,460.38
367.6,460.34527722772276
367.7,460.3369
367.8,460.3469
367.9,460.31550000000004
368.0,460.2931
368.1,460.34520000000003
368.2,460.36310000000003
368.3,460.3255
368.4,460.30330495049503
368.5,460.2931366336634
368.6,460.324
368.7,460.3536
368.8,460.2988
368.9,460.27
369.0,460.27
369.1,460.2294693069307
369.2,460.24356534653464
369.3,460.2801
369.4,460.3101
369.5,460.3535
369.6,460.3365
369.7,460.3066
369.8,460.33980198019805
369.9,460.3666
370.0,460.3964
370.1,460.3836
370.2,460.3766
370.3,460.3932
370.4,460.35380000000004
370.5,460.3039267326733
370.6,460.3159306930693
370.7,460.34950000000003
370.8,460.3405
370.9,460.278
371.0,460.24350000000004
371.1,460.2205
371.2,460.2295
371.3,460.22069306930695
371.4,460.24199999999996
371.5,460.3112
371.6,460.3208
371.7,460.3036
371.8,460.3704
371.9,460.42920000000004
372.0,460.4336
372.1,460.43
372.2,460.4426732673267
372.3,460.4374
372.4,460.41740000000004
372.5,460.3974
372.6,460.4152
372.7,460.4552
372.8,460.4574
372.9,460.3996
373.0,460.38228811881186
373.1,460.3900376237624
373.2,460.3714
373.3,460.3538
373.4,460.3686
373.5,460.3428
373.6,460.351
373.7,460.339
373.8,460.27660000000003
373.9,460.2929702970297
374.0,460.3505
374.1,460.3517
374.2,460.3522
374.3,460.3539
374.4,460.3683
374.5,460.3739
374.6,460.3456
374.7,460.3239
374.8,460.3683168316832
374.9,460.406
375.0,460.428
375.1,460.45799999999997
375.2,460.5
375.3,460.532
375.4,460.528
375.5,460.55
375.6,460.5521782178218
375.7,460.56949999999995
375.8,460.5428
375.9,460.4982
376.0,460.49
376.1,460.4959
376.2,460.44100000000003
376.3,460.3764
376.4,460.3541
376.5,460.36168316831686
376.6,460.3642
376.7,460.3426
376.8,460.37059999999997
376.9,460.429
377.0,460.4384
377.1,460.40099999999995
377.2,460.4206
377.3,460.48445544554454
377.4,460.48720000000003
377.5,460.4529
377.6,460.42289999999997
377.7,460.4271
377.8,460.4229
377.9,460.3644
378.0,460.3528
378.1,460.4042
378.2,460.43
378.3,460.3908
378.4,460.3824
378.5,460.4112
378.6,460.4312
378.7,460.4176
378.8,460.4336
378.9,460.4656
379.0,460.4754891089109
379.1,460.4636782178218
379.2,460.45
379.3,460.472
379.4,460.49
379.5,460.47900000000004
379.6,460.481
379.7,460.501
379.8,460.51
379.9,460.51
380.0,460.4776
380.1,460.4392
380.2,460.4408
380.3,460.45540000000005
380.4,460.43300000000005
380.5,460.3992
380.6,460.39
380.7,460.37919999999997
380.8,460.37534653465343
380.9,460.3641
381.0,460.3659
381.1,460.3906
381.2,460.4
381.3,460.3682
381.4,460.37710000000004
381.5,460.42060000000004
381.6,460.3929
381.7,460.3599524752475
381.8,460.3496
381.9,460.35040000000004
382.0,460.36
382.1,460.3496
382.2,460.36080000000004
382.3,460.38
382.4,460.36440000000005
382.5,460.37085148514853
382.6,460.4104485148515
382.7,460.4402
382.8,460.4551
382.9,460.43960000000004
383.0,460.4149
383.1,460.4304
383.2,460.42960000000005
383.3,460.420099009901
383.4,460.40500000000003
383.5,460.38
383.6,460.39500000000004
383.7,460.37
383.8,460.325
383.9,460.35499999999996
384.0,460.375
384.1,460.3551485148515
384.2,460.3204485148515
384.3,460.2949
384.4,460.3196
384.5,460.32529999999997
384.6,460.3002
384.7,460.2851
384.8,460.2849
384.9,460.2754455445545
385.0,460.24059405940596
385.1,460.2392
385.2,460.2648
385.3,460.2988
385.4,460.3108
385.5,460.26120000000003
385.6,460.2828
385.7,460.3592
385.8,460.37515247524755
385.9,460.3841524752475
386.0,460.4329
386.1,460.4606
386.2,460.45
386.3,460.42650000000003
386.4,460.4
386.5,460.4235
386.6,460.42650000000003
386.7,460.4
386.8,460.41380000000004
386.9,460.4438
387.0,460.46000000000004
387.1,460.4324
387.2,460.40459999999996
387.3,460.4284
387.4,460.4638
387.5,460.4616
387.6,460.4536633663366
387.7,460.4475
387.8,460.42449999999997
387.9,460.4075
388.0,460.3845
388.1,460.3765
388.2,460.3825
388.3,460.3875
388.4,460.3555
388.5,460.35
388.6,460.3588
388.7,460.3436
388.8,460.3188
388.9,460.3344
389.0,460.3269306930693
389.1,460.29715643564356
389.2,460.27570000000003
389.3,460.27430000000004
389.4,460.2628
389.5,460.24
389.6,460.21871287128715
389.7,460.2278
389.8,460.2926
389.9,460.2932
390.0,460.3078
390.1,460.3516831683168
390.2,460.3605
390.3,460.39
390.4,460.3818
390.5,460.3741
390.6,460.38
390.7,460.372
390.8,460.34
390.9,460.318
391.0,460.310198019802
391.1,460.30730000000005
391.2,460.3149
391.3,460.26
391.4,460.28729999999996
391.5,460.31455445544555
391.6,460.29
391.7,460.2976
391.8,460.3176
391.9,460.3224752475248
392.0,460.31
392.1,460.29519999999997
392.2,460.28110000000004
392.3,460.3111
392.4,460.3263
392.5,460.3235900990099
392.6,460.34092673267327
392.7,460.3636
392.8,460.3628
392.9,460.3428
393.0,460.35851485148515
393.1,460.4345
393.2,460.4835
393.3,460.476
393.4,460.43600000000004
393.5,460.43100000000004
393.6,460.4805
393.7,460.4861386138614
393.8,460.4668
393.9,460.4902
394.0,460.493
394.1,460.4396
394.2,460.410099009901
394.3,460.4729
394.4,460.5468
394.5,460.4936
394.6,460.4367
394.7,460.4432
394.8,460.4732673267327
394.9,460.4832
395.0,460.48040000000003
395.1,460.4792
395.2,460.5232
395.3,460.5108
395.4,460.4796
395.5,460.5096
395.6,460.5331683168317
395.7,460.5369
395.8,460.5176
395.9,460.4869
396.0,460.4831
396.1,460.49
396.2,460.4839227722772
396.3,460.458
396.4,460.418
396.5,460.387
396.6,460.389
396.7,460.386
396.8,460.336
396.9,460.3678514851485
397.0,460.4015811881188
397.1,460.3742
397.2,460.3484
397.3,460.32
397.4,460.3345
397.5,460.3584
397.6,460.3358
397.7,460.3668
397.8,460.4296
397.9,460.4716
398.0,460.4528
398.1,460.4684
398.2,460.64119999999986
398.3,461.74247524752525
398.4,463.6162
398.5,463.6654
398.6,464.1255000000006
398.7,465.9860999999995
398.8,467.8383
398.9,469.91861386138527
399.0,485.28660000000184
399.1,530.7936000000121
399.2,592.2470000000026
399.3,646.5406000000021
399.4,696.6865999999761
399.5,759.8525366336663
399.6,820.3021039604027
399.7,879.7424999999912
399.8,940.3125000000164
399.9,995.4924999999864
400.0,1036.0424999999973
400.1,1048.2549999999974
400.2,1041.9908910891086
400.3,1045.6064000000008
400.4,1053.6904
400.5,1043.5048000000022
400.6,1004.3771999999996
400.7,999.8360000000002
400.8,995.3146336633621
400.9,998.0672742574116
401.0,1005.7137000000015
401.1,1014.3338000000019
401.2,1022.4111999999996
401.3,1020.6541999999977
401.4,1013.4864999999975
401.5,1028.0818811881259
401.6,1053.642400000007
401.7,1066.4807999999998
401.8,1066.7286
401.9,1067.1254000000001
402.0,1066.1082178217825
402.1,1063.2126999999994
402.2,1067.9791000000032
402.3,1089.8123999999987
402.4,1081.807699999998
402.5,1086.5141000000003
402.6,1087.2599009900982
402.7,1084.9959999999992
402.8,1088.8899999999962
402.9,1081.1319999999985
403.0,1087.7539999999995
403.1,1092.1340000000005
403.2,1087.1587128712927
403.3,1063.247700000001
403.4,1068.0263
403.5,1061.6716000000001
403.6,1062.1221999999993
403.7,1058.1881
403.8,1058.013366336634
403.9,1061.8609999999983
404.0,1067.3609999999992
404.1,1069.0379999999984
404.2,1064.585599999999
404.3,1067.389199999999
404.4,1063.7587128712871
404.5,1063.9098000000001
404.6,1063.8337000000001
404.7,1070.0318000000009
404.8,1061.3976
404.9,1060.8684000000003
405.0,1057.0242
405.1,1055.9420792079209
405.2,1053.5404
405.3,1052.2187999999992
405.4,1048.3147999999987
405.5,1052.0480000000007
405.6,1055.6895999999995
405.7,1054.0392079207911
405.8,1055.2765000000004
405.9,1047.8385000000028
406.0,1029.7685000000024
406.1,1005.1619999999992
406.2,999.2160000000048
406.3,974.5001930693071
406.4,970.5468079207994
406.5,955.6168
406.6,953.9613999999985
406.7,944.6813999999994
406.8,938.4428000000003
406.9,941.1302000000036
407.0,938.2508811881221
407.1,966.8202178217833
407.2,973.8205999999959
407.3,992.8068000000004
407.4,994.7400999999985
407.5,1000.2058999999992
407.6,1001.7924999999966
407.7,993.3463188118795
407.8,998.7467960396039
407.9,994.2311999999998
408.0,1001.5588
408.1,1001.8328
408.2,1001.0808
408.3,1003.1739999999998
408.4,996.7789386138614
408.5,995.3721237623761
408.6,995.5740000000005
408.7,997.7726999999999
408.8,997.733299999999
408.9,993.7271287128701
409.0,996.6540000000002
409.1,992.6930000000019
409.2,996.5089999999998
409.3,996.8240000000003
409.4,992.2119999999993
409.5,996.7322772277234
409.6,991.3314000000006
409.7,994.3881999999999
409.8,993.5077000000001
409.9,993.9108000000003
410.0,992.8957999999997
410.1,991.1374059405948
410.2,994.797801980199
410.3,989.5228000000022
410.4,994.3744000000027
410.5,984.6827999999954
410.6,1010.8635999999971
410.7,1003.0372000000008
410.8,999.265346534657
410.9,1007.4854999999998
411.0,1001.9769000000002
411.1,1005.6357999999983
411.2,985.1805000000005
411.3,999.4131000000011
411.4,1012.5660999999994
411.5,998.1279019801982
411.6,1000.8274019801962
411.7,995.2377999999993
411.8,997.8288000000005
411.9,999.7181999999998
412.0,1000.5403999999983
412.1,1005.9731999999976
412.2,997.7855900990096
412.3,998.3221683168321
412.4,988.8644999999998
412.5,994.1349999999998
412.6,998.6115
412.7,995.7674999999995
412.8,1005.4040000000005
412.9,991.2222772277224
413.0,998.2159999999992
413.1,994.5960000000003
413.2,996.6123999999982
413.3,1001.1411999999997
413.4,999.2535999999977
413.5,1004.5727999999975
413.6,992.0217821782182
413.7,995.1397999999969
413.8,1015.8269000000015
413.9,1005.4465999999996
414.0,1007.5640000000003
414.1,1006.4906000000012
414.2,1009.4461386138612
414.3,1010.1743999999994
414.4,1004.1217999999976
414.5,1009.0851999999999
414.6,1007.9232000000004
414.7,1009.9281999999973
414.8,980.6900990099023
414.9,993.0642000000003
415.0,992.5411999999988
415.1,997.6111000000001
415.2,997.6287000000021
415.3,988.6822772277258
415.4,997.9100000000001
415.5,988.3199999999999
415.6,1000.64
415.7,1001.07
415.8,1005.82
415.9,1005.62
416.0,1000.2140594059392
416.1,1002.3776000000005
416.2,995.1829000000023
416.3,999.6244000000011
416.4,1002.6399999999991
416.5,1003.1254000000001
416.6,1001.1892079207912
416.7,995.4562000000005
416.8,996.5159999999998
416.9,990.7188000000006
417.0,995.0001999999996
417.1,983.7023999999946
417.2,978.5308000000003
417.3,992.0820792079227
417.4,973.934200000008
417.5,993.4099000000027
417.6,985.2029999999986
417.7,1000.2463000000021
417.8,997.4413999999995
417.9,991.2238138613786
418.0,1003.7011128712842
418.1,998.4407999999978
418.2,1002.1743999999992
418.3,993.0183999999965
418.4,1005.3019999999977
418.5,1003.0652000000005
418.6,1007.5503960396043
418.7,1005.3294999999999
418.8,1000.4784999999997
418.9,1005.4645
419.0,994.6225544554447
419.1,1007.8846594059446
419.2,1006.4476000000006
419.3,1008.3586000000006
419.4,1008.4524
419.5,1004.859199999999
419.6,1006.0682000000004
419.7,996.1643564356441
419.8,1008.9886999999995
419.9,1007.1921000000002
420.0,1008.5330999999999
420.1,1007.0597
420.2,1015.6819999999993
420.3,1016.7451485148515
420.4,1014.056800000001
420.5,1025.8720000000021
420.6,1029.9284000000007
420.7,1046.3267999999937
420.8,1042.697599999999
420.9,1046.0687999999984
421.0,1044.9792831683162
421.1,1044.1684623762374
421.2,1038.7583000000009
421.3,1044.2268999999992
421.4,1046.9584999999995
421.5,1053.212399999999
421.6,1053.2639999999997
421.7,1051.2717000000002
421.8,1059.1258415841592
421.9,1063.2229999999984
422.0,1072.3730000000005
422.1,1072.4139999999998
422.2,1064.5699999999995
422.3,1081.9890000000023
422.4,1087.70910891089
422.5,1081.4583000000016
422.6,1067.7872999999959
422.7,1065.5325000000003
422.8,1064.2484999999997
422.9,1060.4866000000009
423.0,1062.5072386138613
423.1,1061.581314851485
423.2,1063.0996
423.3,1060.9364
423.4,1056.4564000000003
423.5,1052.3611999999998
423.6,1056.1304
423.7,1061.7024752475227
423.8,1068.6257000000014
423.9,1072.603699999999
424.0,1058.974699999997
424.1,1065.4830000000027
424.2,1067.7443999999996
424.3,1070.9263000000005
424.4,1068.4685148514855
424.5,1068.4386
424.6,1067.2629999999995
424.7,1063.5512000000003
424.8,1062.0684
424.9,1055.117400000001
425.0,1060.549405940595
425.1,1065.5405000000007
425.2,1066.6535000000001
425.3,1063.0324999999993
425.4,1067.8454999999974
425.5,1072.6435000000004
425.6,1073.048
425.7,1071.232673267327
425.8,1059.8119999999958
425.9,1054.5752000000007
426.0,1054.8536
426.1,1055.6416000000004
426.2,1055.1384000000003
426.3,1056.7185465346536
426.4,1054.104998019802
426.5,1049.9890999999998
426.6,1050.2328000000002
426.7,1051.7165
426.8,1052.9594000000002
426.9,1058.804
427.0,1059.2203960396037
427.1,1046.0875999999948
427.2,1043.2564
427.3,1032.8951999999972
427.4,1033.793399999999
427.5,1035.2198
427.6,1022.641584158415
427.7,1019.1635000000001
427.8,1007.2707
427.9,1003.2140000000003
428.0,997.5721000000001
428.1,1001.0423
428.2,1000.6110000000003
428.3,999.9933663366337
428.4,1002.3619999999991
428.5,991.8499999999984
428.6,997.5900000000024
428.7,994.7280000000022
428.8,995.1040000000003
428.9,997.3659999999993
429.0,996.4071089108911
429.1,999.9283801980216
429.2,990.7374000000013
429.3,996.2517999999989
429.4,994.9798000000011
429.5,997.7176999999995
429.6,1000.1357000000005
429.7,998.8040574257425
429.8,999.6411841584161
429.9,994.4096000000031
430.0,997.3774000000001
430.1,994.5805999999992
430.2,994.327
430.3,993.5737999999998
430.4,987.3743564356455
430.5,992.5522999999982
430.6,985.9728999999973
430.7,987.9406999999989
430.8,988.2758999999996
430.9,986.590099009901
431.0,985.3848
431.1,982.5559999999998
431.2,989.8795999999991
431.3,987.5403999999996
431.4,988.9020792079195
431.5,990.8425000000002
431.6,988.9424999999992
431.7,993.3149999999981
431.8,995.5975000000001
431.9,1004.4632673267314
432.0,1003.5924000000002
432.1,1005.8190000000019
432.2,1007.1984
432.3,1000.2692000000005
432.4,1005.7675999999981
432.5,1004.5889108910885
432.6,1005.4687000000006
432.7,999.1759999999996
432.8,998.7054000000005
432.9,1000.2618999999996
433.0,1001.0576495049502
433.1,1007.0424594059427
433.2,1005.2004000000007
433.3,1003.8692000000001
433.4,999.174800000001
433.5,997.5619999999999
433.6,1000.8465346534655
433.7,1003.5357999999999
433.8,1005.3383000000001
433.9,1001.3741000000003
434.0,999.0813999999999
434.1,993.5825742574237
434.2,993.7969999999993
434.3,997.1390000000006
434.4,996.3910000000005
434.5,1000.6480000000013
434.6,1015.6840000000063
434.7,1021.5218811881189
434.8,1021.0527999999999
434.9,1018.3029000000006
435.0,1021.0609000000001
435.1,1018.0182999999972
435.2,1023.0774257425721
435.3,1029.6432000000004
435.4,1029.147200000001
435.5,1032.9668000000006
435.6,1013.9871999999922
435.7,1004.398506930693
435.8,1003.5850326732674
435.9,1006.5806999999985
436.0,1008.1928
436.1,1006.5118999999993
436.2,1005.8373
436.3,1000.7323762376232
436.4,998.2882
436.5,994.3738000000001
436.6,994.3362000000005
436.7,998.8581999999999
436.8,999.0989999999996
436.9,998.7639603960395
437.0,993.5955000000014
437.1,995.7955000000015
437.2,998.1600000000001
437.3,999.4060000000004
437.4,1001.9083168316831
437.5,997.1575999999994
437.6,998.1420000000005
437.7,992.9800000000016
437.8,993.1412871287143
437.9,991.8244000000016
438.0,989.8435000000001
438.1,998.7922000000042
438.2,1001.4867000000011
438.3,1000.2520792079207
438.4,993.1508000000027
438.5,999.0987999999996
438.6,999.6195999999968
438.7,996.5732
438.8,1007.9433663366358
438.9,1006.0694000000051
439.0,1003.3091999999999
439.1,996.3964999999969
439.2,997.2598999999999
439.3,998.468099999999
439.4,1005.9734653465314
439.5,1011.3700000000001
439.6,1010.2639999999998
439.7,1011.7739999999998
439.8,1005.5439999999971
439.9,1006.3914851485151
440.0,1006.6670999999992
440.1,1010.8296000000015
440.2,1012.7057000000005
440.3,1009.5463999999997
440.4,1009.9487663366334
440.5,1003.1195861386104
440.6,1002.3090000000029
440.7,1001.3980000000015
440.8,1006.1490000000017
440.9,981.5582000000106
441.0,935.4939603960426
441.1,883.1377999999784
441.2,827.9559999999983
441.3,777.4456999999983
441.4,721.1287000000128
441.5,670.4183999999985
441.6,615.8077999999772
441.7,565.5375999999986
441.8,513.5598019801878
441.9,478.6664000000043
442.0,469.6895999999999
442.1,467.15479999999974
442.2,466.5372000000001
442.3,466.1684
442.4,465.87693069306937
442.5,465.57750000000004
442.6,465.18349999999987
442.7,464.8745
442.8,464.659
442.9,464.4335000000001
443.0,464.25300000000004
443.1,464.1409900990099
443.2,464.0622
443.3,464.0246
443.4,464.0092
443.5,463.97299999999996
443.6,463.9662
443.7,463.9424673267327
443.8,463.88861386138615
443.9,463.8011
444.0,463.7188
444.1,463.6682
444.2,463.6824
444.3,463.7094
444.4,463.67900990099014
444.5,463.6912
444.6,463.7096
444.7,463.726
444.8,463.7448
444.9,463.7452
445.0,463.71885148514855
445.1,463.6593514851485
445.2,463.53310000000005
445.3,463.44
445.4,463.4298
445.5,463.369
445.6,463.3047
445.7,463.24920000000003
445.8,463.1947
445.9,463.17
446.0,463.15500000000003
446.1,463.175
446.2,463.23
446.3,463.24
446.4,463.20000000000005
446.5,463.18990099009903
446.6,463.1853
446.7,463.19939999999997
446.8,463.2055
446.9,463.14570000000003
447.0,463.1247
447.1,463.091
447.2,463.0302
447.3,463.0248514851485
447.4,463.0252
447.5,463.0632
447.6,463.06679999999994
447.7,462.996
447.8,462.97
447.9,462.9937623762376
448.0,462.9918
448.1,462.9741
448.2,462.99469999999997
448.3,463.0282
448.4,463.0553
448.5,462.9983
448.6,462.9353
448.7,462.9488
448.8,462.97
448.9,462.97
449.0,462.9516
449.1,462.9162
449.2,462.9
449.3,462.8908
449.4,462.8616
449.5,462.8768
449.6,462.93366336633665
449.7,462.95
449.8,462.959
449.9,462.961
450.0,462.959
450.1,462.9925
450.2,462.9934336633663
450.3,462.938
450.4,462.91880000000003
450.5,462.8948
450.6,462.8456
450.7,462.82257425742574
450.8,462.7742
450.9,462.76149999999996
451.0,462.7771
451.1,462.7299
451.2,462.6814
451.3,462.67851485148515
451.4,462.6984
451.5,462.7184
451.6,462.73
451.7,462.7048
451.8,462.6616831683168
451.9,462.6664
452.0,462.6531
452.1,462.5713
452.2,462.5587
452.3,462.6123
452.4,462.589405940594
452.5,462.522
452.6,462.48199999999997
452.7,462.47999999999996
452.8,462.544
452.9,462.4985148514852
453.0,462.4629
453.1,462.5573
453.2,462.58050000000003
453.3,462.5305
453.4,462.5234
453.5,462.56
453.6,462.5714
453.7,462.58619999999996
453.8,462.57620000000003
453.9,462.6345999999999
454.0,462.709900990099
454.1,462.6674
454.2,462.6948
454.3,462.7348
454.4,462.7822
454.5,462.82
454.6,462.7906930693069
454.7,462.75079999999997
454.8,462.7844
454.9,462.7956
455.0,462.76279999999997
455.1,462.7536
455.2,462.7564
455.3,462.76800000000003
455.4,462.77504950495046
455.5,462.69849999999997
455.6,462.675
455.7,462.747
455.8,462.753
455.9,462.7225
456.0,462.7177227722773
456.1,462.78700000000003
456.2,462.8506
456.3,462.89300000000003
456.4,462.843
456.5,462.844
456.6,462.90663366336634
456.7,462.8769
456.8,462.8267
456.9,462.79690000000005
457.0,462.7467
457.1,462.7334
457.2,462.6936
457.3,462.65306930693066
457.4,462.696
457.5,462.714
457.6,462.6672
457.7,462.6304
457.8,462.6228
457.9,462.6692
458.0,462.71320000000003
458.1,462.6978217821782
458.2,462.6593
458.3,462.6862
458.4,462.7031
458.5,462.7193
458.6,462.74303861386136
458.7,462.7377920792079
458.8,462.701
458.9,462.677
459.0,462.64
459.1,462.576
459.2,462.602
459.3,462.60623762376235
459.4,462.5529
459.5,462.5426
459.6,462.4942
459.7,462.4858
459.8,462.5029
459.9,462.5041712871287
460.0,462.52934257425744
460.1,462.6384
460.2,462.646
460.3,462.624
460.4,462.6432
460.5,462.59439999999995
460.6,462.6021782178218
460.7,462.65999999999997
460.8,462.6546
460.9,462.6481
461.0,462.6349
461.1,462.53729999999996
461.2,462.557
461.3,462.6246534653465
461.4,462.6178
461.5,462.6244
461.6,462.5722
461.7,462.5578
461.8,462.5878
461.9,462.62029702970295
462.0,462.655
462.1,462.6725
462.2,462.6675
462.3,462.62
462.4,462.5875
462.5,462.572599009901
462.6,462.5501504950495
462.7,462.5548
462.8,462.5556
462.9,462.51
463.0,462.5268
463.1,462.5847524752475
463.2,462.59770000000003
463.3,462.5992
463.4,462.6415
463.5,462.6915
463.6,462.7185
463.7,462.6777227722772
463.8,462.68760000000003
463.9,462.77639999999997
464.0,462.8524
464.1,462.7856
464.2,462.76779999999997
464.3,462.76
464.4,462.75564356435643
464.5,462.74
464.6,462.74
464.7,462.74
464.8,462.7316
464.9,462.6748
465.0,462.5737
465.1,462.56249603960396
465.2,462.6080792079208
465.3,462.59799999999996
465.4,462.592
465.5,462.592
465.6,462.5540198019802
465.7,462.5433
465.8,462.5905
465.9,462.55760000000004
466.0,462.5843
466.1,462.5676
466.2,462.6037623762376
466.3,462.61656237623765
466.4,462.5982
466.5,462.599
466.6,462.6346
466.7,462.6082
466.8,462.60900000000004
466.9,462.65354653465346
467.0,462.6649
467.1,462.6417
467.2,462.6432
467.3,462.61
467.4,462.6117
467.5,462.6234
467.6,462.63831683168314
467.7,462.638
467.8,462.6816
467.9,462.682
468.0,462.64
468.1,462.64639999999997
468.2,462.67523168316836
468.3,462.65642079207925
468.4,462.6825
468.5,462.64300000000003
468.6,462.654
468.7,462.6125
468.8,462.567
468.9,462.55742574257425
469.0,462.5972
469.1,462.58
469.2,462.58140000000003
469.3,462.5858
469.4,462.5614
469.5,462.5575247524753
469.6,462.4735861386139
469.7,462.4287
469.8,462.4161
469.9,462.39779999999996
470.0,462.45128712871286
470.1,462.4516
470.2,462.396
470.3,462.44960000000003
470.4,462.5152
470.5,462.4823762376237
470.6,462.5055
470.7,462.5555
470.8,462.5989
470.9,462.5801
471.0,462.4978
471.1,462.482
471.2,462.50699999999995
471.3,462.56
471.4,462.471
471.5,462.486
471.6,462.5390099009901
471.7,462.52639999999997
471.8,462.4927
471.9,462.52
472.0,462.5263
472.1,462.58732673267326
472.2,462.5576
472.3,462.53240000000005
472.4,462.5592
472.5,462.5468
472.6,462.5068316831683
472.7,462.4707
472.8,462.4814
472.9,462.5014
473.0,462.51509999999996
473.1,462.45000693069306
473.2,462.45170693069304
473.3,462.48
473.4,462.48359999999997
473.5,462.5382
473.6,462.5082
473.7,462.4788
473.8,462.46178217821785
473.9,462.487
474.0,462.429
474.1,462.41249999999997
474.2,462.4609900990099
474.3,462.4772
474.4,462.4112
474.5,462.43839999999994
474.6,462.4008
474.7,462.42316831683166
474.8,462.49940000000004
474.9,462.4809
475.0,462.5118
475.1,462.57
475.2,462.5685
475.3,462.5191
475.4,462.4891089108911
475.5,462.4606
475.6,462.489
475.7,462.43879999999996
475.8,462.3802
475.9,462.39059999999995
476.0,462.41960396039605
476.1,462.3995
476.2,462.3499
476.3,462.33979999999997
476.4,462.3201
476.5,462.3298
476.6,462.310396039604
476.7,462.35
476.8,462.39
476.9,462.45
477.0,462.40999999999997
477.1,462.43
477.2,462.47
477.3,462.47990099009905
477.4,462.50969999999995
477.5,462.48029999999994
477.6,462.4602
477.7,462.469801980198
477.8,462.4602
477.9,462.4796
478.0,462.53821782178215
478.1,462.5109
478.2,462.4906
478.3,462.49
478.4,462.4708
478.5,462.4892
478.6,462.5188
478.7,462.4439603960396
478.8,462.4305
478.9,462.4395
479.0,462.3835643564356
479.1,462.3894
479.2,462.4182
479.3,462.3918
479.4,462.3620792079208
479.5,462.33209999999997
479.6,462.3114
479.7,462.3836633663366
479.8,462.4268
479.9,462.36560000000003
480.0,462.3232
480.1,462.3473267326733
480.2,462.35
480.3,462.3682
480.4,462.3790099009901
480.5,462.398
480.6,462.436
480.7,462.4221782178218
480.8,462.4289
480.9,462.4656
481.0,462.5582069306931
481.1,462.6052
481.2,462.6628
481.3,462.6612871287129
481.4,462.60780000000005
481.5,462.5652
481.6,462.5165
481.7,462.4841584158416
481.8,462.4198
481.9,462.3498
482.0,462.2712
482.1,462.20039603960396
482.2,462.1305
482.3,462.0945
482.4,462.16666831683165
482.5,462.2220633663366
482.6,462.2552
482.7,462.2852
482.8,462.28999999999996
482.9,462.3066
483.0,462.2851
483.1,462.2634
483.2,462.26
483.3,462.2026
483.4,462.0916
483.5,461.9969306930693
483.6,461.9719
483.7,461.9295
483.8,461.9038
483.9,461.8919
484.0,461.8579801980198
484.1,461.82599999999996
484.2,461.836
484.3,461.81600000000003
484.4,461.842
484.5,461.874
484.6,461.8323960396039
484.7,461.7963
484.8,461.81370000000004
484.9,461.8595
485.0,461.87
485.1,461.81524752475246
485.2,461.761
485.3,461.7812
485.4,461.7744
485.5,461.7232
485.6,461.7177227722772
485.7,461.7816
485.8,461.72299999999996
485.9,461.7308
486.0,461.74
486.1,461.7552
486.2,461.76
486.3,461.8132
486.4,461.7773267326733
486.5,461.79
486.6,461.7925
486.7,461.76
486.8,461.765
486.9,461.7925
487.0,461.8075
487.1,461.8025
487.2,461.77750000000003
487.3,461.7328712871287
487.4,461.7348
487.5,461.7326
487.6,461.73
487.7,461.7448
487.8,461.7944
487.9,461.7878
488.0,461.7578
488.1,461.7574
488.2,461.77465346534655
488.3,461.8019
488.4,461.8173
488.5,461.8492
488.6,461.86
488.7,461.8672
488.8,461.8268
488.9,461.8316
489.0,461.7758415841584
489.1,461.7783712871287
489.2,461.80420000000004
489.3,461.7958
489.4,461.80420000000004
489.5,461.81
489.6,461.8521782178218
489.7,461.863
489.8,461.825
489.9,461.824
490.0,461.872
490.1,461.897
490.2,461.858
490.3,461.84000000000003
490.4,461.8331
490.5,461.7748
490.6,461.7086
490.7,461.6762
490.8,461.71102178217825
490.9,461.73
491.0,461.7096
491.1,461.6456
491.2,461.688
491.3,461.6930693069307
491.4,461.6532
491.5,461.6467
491.6,461.6902
491.7,461.71
491.8,461.7301
491.9,461.7467
492.0,461.7232
492.1,461.75690000000003
492.2,461.77336633663367
492.3,461.7765326732673
492.4,461.7866
492.5,461.8032
492.6,461.82320000000004
492.7,461.7904
492.8,461.7436
492.9,461.73653465346536
493.0,461.80499999999995
493.1,461.8335
493.2,461.7845
493.3,461.76
493.4,461.7792
493.5,461.7964
493.6,461.7872
493.7,461.79267326732673
493.8,461.80629999999996
493.9,461.81
494.0,461.7785
494.1,461.77871287128715
494.2,461.8272
494.3,461.8314
494.4,461.75800000000004
494.5,472.5637999999996
494.6,517.8341584158493
494.7,578.2846999999997
494.8,637.3839000000128
494.9,694.3059999999804
495.0,750.1379207920676
495.1,805.6140000000125
495.2,863.0999999999933
495.3,923.3320000000139
495.4,983.9479207920809
495.5,1032.343100000005
495.6,1048.3847
495.7,1046.9477000000002
495.8,1044.0311881188109
495.9,1043.5507999999998
496.0,1056.4410000000025
496.1,1065.8200000000006
496.2,1065.5451485148517
496.3,1062.7557
496.4,1066.266899999998
496.5,1071.5080198019805
496.6,1073.1036000000004
496.7,1073.4748
496.8,1073.3216
496.9,1078.6160396039588
497.0,1065.9470000000017
497.1,1053.8695000000007
497.2,1056.8514999999998
497.3,1060.372574257426
497.4,1060.3730000000014
497.5,1058.038
497.6,1044.6419999999957
497.7,1035.6400514851478
497.8,1036.9126297029702
497.9,1037.5445999999997
498.0,1038.2198
498.1,1041.969196039595
498.2,1045.7233861386048
498.3,1045.3139999999999
498.4,1043.3276000000005
498.5,1043.5115841584166
498.6,1052.0100000000048
498.7,1059.329
498.8,1059.0917
498.9,1058.5521999999999
499.0,1058.670099009901
499.1,1057.5749999999994
499.2,1056.19
499.3,1061.995
499.4,1067.1790099009909
499.5,1067.0439999999999
499.6,1067.6737999999998
499.7,1062.2713000000006
499.8,1061.323069306934
499.9,1066.4396
500.0,1067.4735999999998
500.1,1069.3120000000004
500.2,1070.9687128712872
500.3,1064.854099999998
500.4,1056.6134000000004
500.5,1058.753200000001
500.6,1060.1917821782167
500.7,1056.3412000000005
500.8,1054.5424
500.9,1054.3904
501.0,1056.017128712871
501.1,1056.3344999999988
501.2,1053.5955
501.3,1052.462
501.4,1051.613762376238
501.5,1048.7708
501.6,1044.4635999999991
501.7,1041.1204
501.8,1038.8032673267328
501.9,1034.2458000000038
502.0,1026.3889000000001
502.1,1019.7765999999979
502.2,1013.3831683168316
502.3,1012.3661999999997
502.4,1005.8566000000052
502.5,998.7013999999996
502.6,997.9046534653448
502.7,995.8317999999997
502.8,995.5809999999994
502.9,992.4030000000002
503.0,990.4253425742575
503.1,990.0787920792086
503.2,994.0899999999993
503.3,992.8699999999992
503.4,988.4357425742576
503.5,990.9507000000001
503.6,995.2415
503.7,998.5000999999982
503.8,1004.1724752475245
503.9,1003.0322000000016
504.0,1002.7594000000001
504.1,1005.720799999999
504.2,1003.7237623762377
504.3,1006.3358000000014
504.4,1009.0340000000006
504.5,1008.6436999999999
504.6,1006.8182653465317
504.7,1001.1494099009902
504.8,997.4911999999989
504.9,992.7559999999999
505.0,995.088396039604
505.1,995.9708762376232
505.2,994.0600000000002
505.3,990.7089999999987
505.4,987.7258415841561
505.5,994.2278000000002
505.6,997.9358000000003
505.7,1000.9885999999989
505.8,1005.9918811881187
505.9,1007.8747999999987
506.0,1007.7982999999992
506.1,1006.2811000000039
506.2,1015.7579455445543
506.3,1016.4140435643577
506.4,1017.5760000000014
506.5,1014.5355999999998
506.6,1017.6140000000017
506.7,1013.9705940594099
506.8,1000.9265999999999
506.9,1005.7610000000008
507.0,1003.4735000000001
507.1,1003.2111960396044
507.2,1004.3853762376256
507.3,999.8100000000022
507.4,1003.9340000000027
507.5,998.2775247524755
507.6,998.0367000000001
507.7,998.6519000000001
507.8,997.8547
507.9,995.1960396039607
508.0,991.1008000000008
508.1,992.5239999999989
508.2,987.0943999999992
508.3,990.0716831683173
508.4,992.1968
508.5,993.4677999999999
508.6,993.8773999999953
508.7,987.1149504950484
508.8,992.9313999999998
508.9,993.6847999999973
509.0,992.2441999999988
509.1,975.0672277227734
509.2,982.3400000000003
509.3,978.6299999999974
509.4,974.5199999999966
509.5,977.9275247524802
509.6,966.580800000002
509.7,981.5704000000004
509.8,977.0672000000008
509.9,983.1960396039605
510.0,984.1167000000012
510.1,989.4522000000003
510.2,989.7269000000015
510.3,988.8077227722812
510.4,1000.1822000000006
510.5,998.1885999999998
510.6,1004.5714851485141
510.7,1003.8135000000002
510.8,1006.3756000000004
510.9,1006.9636000000033
511.0,1002.3233663366359
511.1,1012.7839999999976
511.2,1007.2879999999998
511.3,1008.2579999999989
511.4,1005.1010891089114
511.5,1004.5638
511.6,1009.7622999999993
511.7,1004.3288
511.8,1003.696534653465
511.9,999.1266
512.0,998.6384000000005
512.1,996.2609999999991
512.2,994.9094059405966
512.3,998.6592000000132
512.4,983.1247999999966
512.5,986.7737999999928
512.6,977.5454455445641
512.7,992.1987999999969
512.8,987.6564000000023
512.9,984.9288792079154
513.0,995.021603960398
513.1,992.6295
513.2,999.8579999999889
513.3,992.6782178217798
513.4,1006.8285999999997
513.5,1004.0000000000006
513.6,1010.2582
513.7,1008.5089108910888
513.8,1005.5085999999972
513.9,1007.4171999999959
514.0,997.6363000000047
514.1,1010.6653465346521
514.2,1007.9916000000021
514.3,1011.2088000000011
514.4,1009.0728712871305
514.5,1006.5985999999991
514.6,1007.4649000000023
514.7,999.737800000011
514.8,1011.5244000000021
514.9,1006.8941584158397
515.0,1012.1550000000003
515.1,1009.4510000000005
515.2,1006.064
515.3,1007.2840000000017
515.4,996.075742574256
515.5,1011.0401000000002
515.6,1013.9147000000016
515.7,1025.1831999999995
515.8,1022.0573267326624
515.9,1032.4043999999978
516.0,1034.918799999998
516.1,1031.074800000004
516.2,1040.8769306930676
516.3,1037.4100999999935
516.4,1048.8671000000008
516.5,1046.4920000000066
516.6,1033.0081267326725
516.7,1030.0296455445389
516.8,1005.6614000000036
516.9,994.4295999999983
517.0,1000.1569306930674
517.1,1006.7594999999999
517.2,1010.2245
517.3,1018.3865000000001
517.4,1016.4471287128714
517.5,1013.8132000000022
517.6,1025.7204000000004
517.7,1027.9748000000027
517.8,1042.095940594046
517.9,1055.948999999997
518.0,1060.1842000000008
518.1,1062.2314999999996
518.2,1061.3180198019804
518.3,1061.7779999999952
518.4,1071.9869999999878
518.5,1096.9587999999972
518.6,1103.2864000000006
518.7,1104.1828712871318
518.8,1108.822899999999
518.9,1113.0626000000002
519.0,1112.3136000000004
519.1,1110.7100990099007
519.2,1112.72
519.3,1112.8
519.4,1103.74
519.5,1063.44
519.6,1063.459801980198
519.7,1060.3117999999993
519.8,1066.853599999994
519.9,1066.3359
520.0,1064.0853465346522
520.1,1072.556200000004
520.2,1068.751199999998
520.3,1062.915556435646
520.4,1062.5266297029705
520.5,1068.2817999999975
520.6,1071.263300000002
520.7,1071.4082
520.8,1063.2274257425759
520.9,1072.288399999998
521.0,1063.4448000000016
521.1,1055.5912000000014
521.2,1053.2459405940592
521.3,1058.1465
521.4,1056.4339999999997
521.5,1057.679
521.6,1055.8785
521.7,1057.7082178217827
521.8,1056.8806000000009
521.9,1058.1830000000004
522.0,1057.6589999999999
522.1,1057.714
522.2,1053.4481188118789
522.3,1050.3586000000018
522.4,1045.239600000003
522.5,1038.824999999997
522.6,1038.0545366336632
522.7,1023.7327247524634
522.8,1019.8680000000011
522.9,1011.2598019801993
523.0,1007.5644000000004
523.1,1007.6895
523.2,996.1274999999883
523.3,996.5542999999998
523.4,994.6557425742573
523.5,998.0840000000004
523.6,992.2979999999992
523.7,997.3129702970318
523.8,996.3368000000014
523.9,994.5190999999995
524.0,995.3257000000003
524.1,986.3171019801923
524.2,994.0658693069367
524.3,989.1652000000038
524.4,992.8443999999972
524.5,990.7231999999985
524.6,988.7206930693073
524.7,993.0910000000035
524.8,985.8717000000029
524.9,989.444851485148
525.0,984.3534000000004
525.1,985.5671999999998
525.2,987.2185999999999
525.3,986.4593069306942
525.4,994.654
525.5,985.997999999998
525.6,992.7355000000016
525.7,989.2325742574235
525.8,993.0107999999959
525.9,996.211599999998
526.0,992.0131999999987
526.1,997.9414851485199
526.2,995.4189999999969
526.3,999.1019999999974
526.4,997.1731000000016
526.5,995.7928712871291
526.6,1000.9089999999983
526.7,992.9105999999923
526.8,1000.0429999999972
526.9,994.1503960396044
527.0,1001.0436999999998
527.1,1003.2601000000001
527.2,1004.5278316831688
527.3,1005.2980396039599
527.4,1002.0260000000001
527.5,1008.388000000002
527.6,995.0692079207843
527.7,1001.3305000000062
527.8,1001.8459000000018
527.9,1002.476599999999
528.0,1002.651386138614
528.1,999.4119999999982
528.2,1003.2602000000043
528.3,1000.0526000000026
528.4,1002.3224752475237
528.5,1003.3392
528.6,1003.0374000000002
528.7,1007.1234000000036
528.8,1003.8338613861387
528.9,1007.4360000000001
529.0,1003.1527999999996
529.1,1002.9416000000001
529.2,1002.8805940594058
529.3,1002.4575000000002
529.4,1004.39
529.5,1001.7224999999987
529.6,1003.077500000001
529.7,998.4346534653432
529.8,1002.2453999999952
529.9,1014.4471999999914
530.0,1013.1015999999984
530.1,1017.7044000000044
530.2,1022.6921782178243
530.3,1015.5240000000042
530.4,1017.3033999999975
530.5,1018.9632
530.6,1018.0075722772285
530.7,1023.7614138613918
530.8,1019.9624000000013
530.9,1001.3168000000031
531.0,997.1887999999997
531.1,1001.7398019801981
531.2,997.7416999999992
531.3,1005.3050999999969
531.4,1005.8948999999994
531.5,1006.5732000000003
531.6,1008.0737623762379
531.7,1008.6370000000002
531.8,1014.842999999993
531.9,1011.344059405946
532.0,1009.2955000000002
532.1,1003.4075999999949
532.2,1001.1130000000004
532.3,1001.2070297029704
532.4,1000.2320000000005
532.5,1002.8327999999985
532.6,997.4395999999954
532.7,995.6236633663386
532.8,992.3671000000005
532.9,993.8737999999996
533.0,996.0858999999998
533.1,996.970198019802
533.2,999.8178000000006
533.3,1000.6448
533.4,1004.6504000000009
533.5,1003.5334653465331
533.6,1003.2425000000009
533.7,1009.6395000000034
533.8,1011.9905000000008
533.9,1015.6973267326696
534.0,1012.068399999998
534.1,1008.9456000000002
534.2,1002.9955999999939
534.3,1005.9836633663332
534.4,1007.5128000000009
534.5,1004.8981000000005
534.6,1007.3419000000024
534.7,1003.9754455445518
534.8,1006.4853999999959
534.9,1005.1154000000002
535.0,1009.7225999999998
535.1,1013.3797801980198
535.2,1013.1709405940594
535.3,1012.0841000000021
535.4,1005.6424000000021
535.5,1007.492900000002
535.6,1006.9013861386115
535.7,1009.9940000000043
535.8,1011.6220000000026
535.9,1008.7700000000016
536.0,1009.4717821782164
536.1,1001.8007999999967
536.2,959.2969999999573
536.3,899.337500000026
536.4,855.260800000015
536.5,805.7188118812064
536.6,753.0278000000096
536.7,698.9487999999731
536.8,642.824800000011
536.9,593.1109900990131
537.0,535.7377999999977
537.1,490.20499999999896
537.2,475.32299999999987
537.3,473.84750000000014
537.4,472.3629702970293
537.5,468.6455999999987
537.6,466.3975999999999
537.7,466.1467999999999
537.8,466.05
537.9,466.00050000000005
538.0,465.9215
538.1,465.8955
538.2,465.8889455445544
538.3,465.87455445544555
538.4,465.8862
538.5,465.87300000000005
538.6,465.85540000000003
538.7,465.84396039603956
538.8,465.7982
538.9,465.73290000000003
539.0,465.63702970297027
539.1,465.5592
539.2,465.5088
539.3,465.4336633663367
539.4,465.3441
539.5,465.30510000000004
539.6,465.2847524752475
539.7,465.2049999999999
539.8,465.11
539.9,465.0452475247525
540.0,465.0298
540.1,465.0204
540.2,464.97059999999993
540.3,464.891
540.4,464.86449999999996
540.5,464.8560396039604
540.6,464.80559999999997
540.7,464.7852
540.8,464.7848
540.9,464.7613425742574
541.0,464.734804950495
541.1,464.7353
541.2,464.7253
541.3,464.7479207920791
541.4,464.7524
541.5,464.7384
541.6,464.72798217821776
541.7,464.69005445544553
541.8,464.6585
541.9,464.6245
542.0,464.5715
542.1,464.48217821782174
542.2,464.4512
542.3,464.41360000000003
542.4,464.35386138613865
542.5,464.2897871287129
542.6,464.2414
542.7,464.22569999999996
542.8,464.22425742574256
542.9,464.2048
543.0,464.212
543.1,464.2658
543.2,464.2475247524752
543.3,464.21360000000004
543.4,464.18589999999995
543.5,464.20050000000003
543.6,464.2054
543.7,464.1454
543.8,464.11
543.9,464.15
544.0,464.19
544.1,464.1599207920792
544.2,464.13245841584154
544.3,464.0978
544.4,464.12559999999996
544.5,464.1422
544.6,464.1184158415842
544.7,464.0962
544.8,464.0824
544.9,464.0662
545.0,464.0828
545.1,464.08613861386135
545.2,464.03
545.3,464.01520000000005
545.4,463.9789
545.5,463.9378
545.6,463.8853465346534
545.7,463.87440000000004
545.8,463.8892
545.9,463.8448000000001
546.0,463.7892
546.1,463.77712871287133
546.2,463.783
546.3,463.7455
546.4,463.7
546.5,463.714
546.6,463.72960396039605
546.7,463.72700000000003
546.8,463.76
546.9,463.7498
547.0,463.73
547.1,463.7201
547.2,463.7
547.3,463.7066
547.4,463.71019801980196
547.5,463.6868
547.6,463.6864
547.7,463.6744
547.8,463.6168
547.9,463.626
548.0,463.6696
548.1,463.69313663366336
548.2,463.6843633663366
548.3,463.6562
548.4,463.67
548.5,463.6669
548.6,463.68455445544555
548.7,463.75200000000007
548.8,463.786
548.9,463.8
549.0,463.770297029703
549.1,463.6942
549.2,463.70029999999997
549.3,463.7674
549.4,463.8157425742574
549.5,463.816
549.6,463.7828
549.7,463.7984
549.8,463.81719999999996
549.9,463.80445544554453
550.0,463.80890000000005
550.1,463.86
550.2,463.8519
550.3,463.83
550.4,463.8404
550.5,463.8804
550.6,463.88919999999996
550.7,463.8092
550.8,463.7422
550.9,463.73287128712866
551.0,463.7525
551.1,463.6925
551.2,463.6675
551.3,463.65999999999997
551.4,463.672
551.5,463.70759999999996
551.6,463.7024
551.7,463.7218811881188
551.8,463.7806999999999
551.9,463.83849999999995
552.0,463.8023
552.1,463.8284
552.2,463.8991089108911
552.3,463.92552277227725
552.4,463.89240000000007
552.5,463.8256
552.6,463.8188
552.7,463.8630693069307
552.8,463.889
552.9,463.8079
553.0,463.7937
553.1,463.77
553.2,463.75999999999993
553.3,463.71799999999996
553.4,463.722
553.5,463.77
553.6,463.77
553.7,463.75289999999995
553.8,463.70279999999997
553.9,463.7905940594059
554.0,463.7644
554.1,463.80659999999995
554.2,463.6928712871287
554.3,463.6617
554.4,463.6734
554.5,463.6917
554.6,463.6966336633663
554.7,463.68800000000005
554.8,463.7252
554.9,463.6984
555.0,463.6884475247525
555.1,463.68758415841586
555.2,463.74800000000016
555.3,463.83950000000004
555.4,463.7695
555.5,463.701
555.6,463.6529702970297
555.7,463.66859999999997
555.8,463.6698
555.9,463.7314
556.0,463.7372277227723
556.1,463.7239
556.2,463.73569999999995
556.3,463.64257425742574
556.4,463.65999999999997
556.5,463.66479999999996
556.6,463.7012
556.7,463.7016831683168
556.8,463.6345
556.9,463.59439999999995
557.0,463.63879999999995
557.1,463.7056
557.2,463.6710891089109
557.3,463.683
557.4,463.719
557.5,463.799
557.6,463.7909900990099
557.7,463.8009
557.8,463.81359999999995
557.9,463.8446
558.0,463.78465346534654
558.1,463.7316
558.2,463.7516
558.3,463.77239999999995
558.4,463.79920792079207
558.5,463.78790000000004
558.6,463.76
558.7,463.76140000000004
558.8,463.77584158415846
558.9,463.7182
559.0,463.68940000000003
559.1,463.6806
559.2,463.69360000000006
559.3,463.7464356435644
559.4,463.688
559.5,463.65149999999994
559.6,463.6795
559.7,463.67049504950495
559.8,463.68
559.9,463.68240000000003
560.0,463.73879999999997
560.1,463.7108
560.2,463.72841584158414
560.3,463.68940000000003
560.4,463.6715
560.5,463.72089108910893
560.6,463.74799999999993
560.7,463.64919999999995
560.8,463.61
560.9,463.60980198019803
561.0,463.6008
561.1,463.6799
561.2,463.6702
561.3,463.6908910891089
561.4,463.78
561.5,463.77
561.6,463.71
561.7,463.73
561.8,463.769603960396
561.9,463.77
562.0,463.7205
562.1,463.6507
562.2,463.64019801980197
562.3,463.60080000000005
562.4,463.63919999999996
562.5,463.5616
562.6,463.5891089108911
562.7,463.5997
562.8,463.6679
562.9,463.67969999999997
563.0,463.67039603960393
563.1,463.72759999999994
563.2,463.778
563.3,463.7512
563.4,463.7116
563.5,463.75752475247526
563.6,463.7695
563.7,463.72249999999997
563.8,463.625
563.9,463.6011881188119
564.0,463.5906
564.1,463.543
564.2,463.5682
564.3,463.53277227722776
564.4,463.62299999999993
564.5,463.55559999999997
564.6,463.6147316831684
564.7,463.5647920792079
564.8,463.5416
564.9,463.5492
565.0,463.54999999999995
565.1,463.5682178217822
565.2,463.50629999999995
565.3,463.4636
565.4,463.4327
565.5,463.3759405940594
565.6,463.361
565.7,463.369
565.8,463.424
565.9,463.421
566.0,463.4020891089109
566.1,463.4356653465347
566.2,463.4578
566.3,463.46000000000004
566.4,463.4688118811881
566.5,463.46119999999996
566.6,463.46000000000004
566.7,463.416
566.8,463.3665227722772
566.9,463.32518712871286
567.0,463.3461
567.1,463.3152
567.2,463.33610000000004
567.3,463.3574
567.4,463.36
567.5,463.40306930693066
567.6,463.3928
567.7,463.3642
567.8,463.3772
567.9,463.439603960396
568.0,463.45
568.1,463.433
568.2,463.39599999999996
568.3,463.3731683168317
568.4,463.3532
568.5,463.2996
568.6,463.3236
568.7,463.35495049504954
568.8,463.3683
568.9,463.3866
569.0,463.42319999999995
569.1,463.40509999999995
569.2,463.45752475247525
569.3,463.4372
569.4,463.389
569.5,463.4128
569.6,463.4197564356436
569.7,463.42810000000003
569.8,463.41380000000004
569.9,463.4019
570.0,463.3838
570.1,463.4281188118812
570.2,463.432
570.3,463.406
570.4,463.384
570.5,463.39584158415846
570.6,463.4158
570.7,463.3725999999999
570.8,463.3837
570.9,463.3979
571.0,463.43910891089104
571.1,463.3642
571.2,463.3478
571.3,463.35
571.4,463.37324554455444
571.5,463.3337089108911
571.6,463.3123
571.7,463.33310000000006
571.8,463.30920000000003
571.9,463.377
572.0,463.34610000000004
572.1,463.3528712871287
572.2,463.3904
572.3,463.4
572.4,463.3924
572.5,463.4432
572.6,463.4448
572.7,463.44
572.8,463.42495049504953
572.9,463.36
573.0,463.37
573.1,463.3725
573.2,463.34
573.3,463.3225
573.4,463.3422772277228
573.5,463.3426
573.6,463.34000000000003
573.7,463.2956
573.8,463.317
573.9,463.33696893203887
574.0,463.3328155339806
574.1,463.3087
574.2,463.2645
574.3,463.2640594059406
574.4,463.24199999999996
574.5,463.23
574.6,463.202
574.7,463.2593069306931
574.8,463.30379999999997
574.9,463.33759999999995
575.0,463.3431
575.1,463.38099009901
575.2,463.3456316831683
575.3,463.3132
575.4,463.26920000000007
575.5,463.2092
575.6,463.20339801980197
575.7,463.17656534653463
575.8,463.1533
575.9,463.1835
576.0,463.2201
576.1,463.22336633663366
576.2,463.253
576.3,463.2832
576.4,463.3164
576.5,463.3564
576.6,463.3634
576.7,463.34039603960395
576.8,463.27150000000006
576.9,463.188
577.0,463.1015
577.1,463.0378217821782
577.2,462.93679999999995
577.3,462.86440000000005
577.4,462.8628
577.5,462.84465346534654
577.6,462.83
577.7,462.77959999999996
577.8,462.78779999999995
577.9,462.8037623762376
578.0,462.8248
578.1,462.8524
578.2,462.87227722772275
578.3,462.8861
578.4,462.8351
578.5,462.7878
578.6,462.7983
578.7,462.87710000000004
578.8,462.9079207920792
578.9,462.90000000000003
579.0,462.846
579.1,462.7981188118812
579.2,462.83130000000006
579.3,462.8482
579.4,462.84590000000003
579.5,462.85
579.6,462.8441
579.7,462.79910891089105
579.8,462.75840000000005
579.9,462.7442
580.0,462.72839999999997
580.1,462.72
580.2,462.7029
580.3,462.6729
580.4,462.6942
580.5,462.7314
580.6,462.7174257425743
580.7,462.7056
580.8,462.7156
580.9,462.7424
581.0,462.7710891089109
581.1,462.769
581.2,462.7545
581.3,462.73900000000003
581.4,462.741
581.5,462.73366336633666
581.6,462.7578
581.7,462.7792
581.8,462.8132
581.9,462.8122
582.0,462.7962
582.1,462.8153465346535
582.2,462.82
582.3,462.8094
582.4,462.7841
582.5,462.75950495049506
582.6,462.7396
582.7,462.73519999999996
582.8,462.68800000000005
582.9,462.6452
583.0,462.6708
583.1,462.679702970297
583.2,462.6598
583.3,462.63980000000004
583.4,462.63509999999997
583.5,462.6604
583.6,462.6341
583.7,462.56449999999995
583.8,462.5854455445544
583.9,462.63
584.0,462.61
584.1,462.585
584.2,477.8500000000173
584.3,523.6100990098736
584.4,583.9041999999804
584.5,643.4792999999803
584.6,702.3143000000132
584.7,759.8223524752937
584.8,818.0720396039478
584.9,877.9567999999946
585.0,938.6879999999945
585.1,998.2331999999949
585.2,1041.2302970297037
585.3,1053.407500000002
585.4,1050.4294
585.5,1047.8419999999994
585.6,1043.969702970296
585.7,1046.5378000000037
585.8,1052.0347999999994
585.9,1051.6268000000005
586.0,1050.5854
586.1,1053.5470000000025
586.2,1058.4330000000011
586.3,1062.9037623762338
586.4,1068.5119999999974
586.5,1071.9915
586.6,1069.6519999999955
586.7,1066.4575000000011
586.8,1065.7001089108926
586.9,1064.2139920792074
587.0,1067.1135999999988
587.1,1067.856799999999
587.2,1064.366534653463
587.3,1056.8354000000004
587.4,1049.0095
587.5,1051.2117999999998
587.6,1054.2162
587.7,1058.2667326732678
587.8,1063.4349999999993
587.9,1062.6103999999991
588.0,1060.2884000000001
588.1,1061.6778000000004
588.2,1065.212800000001
588.3,1068.4316831683159
588.4,1069.0715
588.5,1067.8151999999986
588.6,1066.646700000001
588.7,1066.663499999999
588.8,1065.7941584158407
588.9,1068.3299999999983
589.0,1071.374
589.1,1069.3439999999946
589.2,1063.4599999999982
589.3,1061.621584158416
589.4,1064.1957999999984
589.5,1069.6490999999994
589.6,1072.1519000000005
589.7,1073.233564356435
589.8,1073.2394
589.9,1073.8754000000001
590.0,1066.7475999999997
590.1,1056.4984
590.2,1058.7747524752476
590.3,1057.185800000005
590.4,1054.1971999999992
590.5,1055.2392
590.6,1054.3372999999992
590.7,1054.0582000000009
590.8,1055.5668316831702
590.9,1054.0851999999998
591.0,1054.0272000000002
591.1,1052.105599999998
591.2,1048.9727999999993
591.3,1047.7398019801983
591.4,1044.3895000000032
591.5,1039.243
591.6,1035.0035
591.7,1025.8069999999987
591.8,1020.3876237623801
591.9,1012.0780000000002
592.0,1011.1794000000002
592.1,1006.5602000000017
592.2,1000.3937623762372
592.3,1001.8202000000027
592.4,1000.4695000000004
592.5,999.6364999999992
592.6,993.9071000000004
592.7,996.8922772277227
592.8,995.7152000000016
592.9,995.8539999999979
593.0,994.9503999999961
593.1,989.0256000000024
593.2,991.4509069306896
593.3,987.0271712871261
593.4,989.4265000000017
593.5,985.8170000000013
593.6,984.1750000000036
593.7,986.1682752475197
593.8,983.5959108910859
593.9,987.323000000004
594.0,982.1339999999968
594.1,989.4290099009895
594.2,991.2068999999999
594.3,992.8555999999994
594.4,995.2906000000007
594.5,992.8158999999988
594.6,998.651287128713
594.7,994.5596000000002
594.8,996.3519999999976
594.9,999.0556000000001
595.0,999.069801980198
595.1,995.8945999999962
595.2,991.3205000000039
595.3,997.8498000000025
595.4,995.8041584158408
595.5,997.871799999999
595.6,999.1427999999953
595.7,996.7502000000078
595.8,1005.0204752475239
595.9,1003.6754950494935
596.0,1009.8924999999998
596.1,1010.415
596.2,1010.0399999999984
596.3,1004.202500000005
596.4,993.6213861386116
596.5,999.7624000000003
596.6,995.6323999999997
596.7,999.7783999999992
596.8,996.4210297029703
596.9,994.3174108910895
597.0,993.8595999999982
597.1,989.7340000000027
597.2,998.5498999999985
597.3,994.1888118811816
597.4,999.5342000000009
597.5,997.6947999999992
597.6,996.8620000000008
597.7,997.5385999999982
597.8,995.8129999999948
597.9,999.2896000000052
598.0,992.2300415841619
598.1,997.8645128712856
598.2,995.5037
598.3,995.8243999999992
598.4,995.5938613861416
598.5,992.0499999999975
598.6,999.448
598.7,996.6760000000181
598.8,1013.9359999999984
598.9,1020.5809900990091
599.0,1024.0647
599.1,1025.2106
599.2,1032.7617999999995
599.3,1031.6905000000002
599.4,1021.9734653465314
599.5,975.4070000000031
599.6,985.0693999999996
599.7,986.9720792079262
599.8,1002.1024999999998
599.9,1002.0448000000007
600.0,1001.1529000000012
600.1,1001.5294059405892
600.2,994.6156000000043
600.3,998.8840000000017
600.4,995.9435999999981
600.5,999.4820000000002
600.6,997.3611999999954
600.7,993.2431683168378
600.8,998.9245000000012
600.9,993.5534999999988
601.0,999.2995000000003
601.1,997.5464999999999
601.2,996.7037326732678
601.3,996.1426851485157
601.4,991.8114000000008
601.5,1000.8867999999995
601.6,996.8072000000005
601.7,1001.7613999999983
601.8,995.0593782178216
601.9,993.3344643564355
602.0,991.1342999999966
602.1,983.0432000000033
602.2,990.9037999999966
602.3,983.3773999999905
602.4,994.264699999997
602.5,986.2965811881202
602.6,990.3537069306938
602.7,991.7075999999981
602.8,989.832799999994
602.9,997.7248000000053
603.0,991.636376237617
603.1,1003.568747524746
603.2,994.9873000000034
603.3,998.7177000000006
603.4,996.9010000000003
603.5,996.8235643564333
603.6,1002.2550000000006
603.7,1000.078
603.8,1013.3440000000008
603.9,1007.0889999999995
604.0,1011.5320000000005
604.1,1006.9311881188121
604.2,1006.2442000000005
604.3,1009.9528000000028
604.4,1008.1526000000014
604.5,1017.6860999999992
604.6,1012.1128712871295
604.7,1016.8567999999968
604.8,1008.4764000000029
604.9,1005.7071999999948
605.0,1012.047599999997
605.1,1005.3888000000034
605.2,1013.6507999999994
605.3,1013.2067326732584
605.4,1023.717500000002
605.5,1020.8676999999959
605.6,1029.5451000000016
605.7,1032.3701000000008
605.8,1034.1414851485115
605.9,1040.1036
606.0,1041.640999999995
606.1,1057.3120000000006
606.2,1054.9110000000032
606.3,1058.4313861386142
606.4,1056.8365000000001
606.5,1056.985499999999
606.6,1072.0555
606.7,1074.9065
606.8,1076.5603960396038
606.9,1077.0536000000013
607.0,1084.3468000000012
607.1,1090.2728
607.2,1090.3400000000001
607.3,1090.2268000000024
607.4,1087.3093940594056
607.5,1082.1809178217823
607.6,1065.2695
607.7,1065.9015
607.8,1066.0088118811868
607.9,1067.9681999999991
608.0,1069.7314000000026
608.1,1065.136600000024
608.2,1100.6723999999977
608.3,1097.3236000000009
608.4,1095.660396039601
608.5,1101.6390999999994
608.6,1103.5961999999986
608.7,1110.2232000000065
608.8,1117.2773000000045
608.9,1098.2892999999979
609.0,1107.1517821782172
609.1,1109.33
609.2,1071.94
609.3,1069.45
609.4,1063.93
609.5,1060.4299999999998
609.6,1069.02
609.7,1066.4160396039597
609.8,1059.2818000000063
609.9,1062.0612000000006
610.0,1062.9513000000002
610.1,1060.7522999999994
610.2,1065.7388118811905
610.3,1062.3708000000024
610.4,1067.1117999999967
610.5,1070.9144000000017
610.6,1052.9775999999913
610.7,1063.8266336633747
610.8,1061.929300000001
610.9,1057.6211000000017
611.0,1061.5639999999983
611.1,1059.5753999999986
611.2,1060.864158415843
611.3,1056.9168000000009
611.4,1056.1356
611.5,1058.5963999999994
611.6,1054.2648000000008
611.7,1058.091089108911
611.8,1056.0104999999999
611.9,1051.7004999999997
612.0,1049.8365
612.1,1043.2709999999997
612.2,1035.1324752475225
612.3,1034.7246
612.4,1023.5063999999973
612.5,1023.8898000000003
612.6,1010.4709999999957
612.7,1006.8745999999992
612.8,1003.0152000000033
612.9,994.9342574257478
613.0,996.7215000000012
613.1,990.2876999999962
613.2,998.699400000005
613.3,993.1576000000041
613.4,998.3815999999963
613.5,996.689599999999
613.6,996.4563366336632
613.7,997.0204000000006
613.8,995.3680000000007
613.9,1001.0527999999977
614.0,993.5928000000032
614.1,996.883600000003
614.2,993.272724752471
614.3,995.0654881188116
614.4,994.461
614.5,985.3164000000012
614.6,997.9698999999982
614.7,991.8024999999925
614.8,995.4006999999995
614.9,992.0501663366333
615.0,988.3015247524747
615.1,996.4800000000012
615.2,992.2099999999994
615.3,994.726
615.4,989.4269999999992
615.5,990.7710000000002
615.6,989.1721782178212
615.7,986.6626999999992
615.8,991.6932999999954
615.9,983.4499999999977
616.0,990.7872000000035
616.1,987.8399801980174
616.2,992.0453148514882
616.3,994.4939999999989
616.4,986.7056000000049
616.5,995.378000000005
616.6,987.6050495049525
616.7,995.9431000000075
616.8,1000.7742999999989
616.9,1004.8991999999987
617.0,1007.0146999999995
617.1,1003.1325742574262
617.2,1007.7073999999997
617.3,990.190400000005
617.4,997.4941999999993
617.5,998.9741584158415
617.6,997.4014999999997
617.7,997.844
617.8,991.3635643564415
617.9,997.1591999999939
618.0,990.965199999998
618.1,999.8872000000049
618.2,1001.3391999999998
618.3,1000.8407920792081
618.4,1000.3948000000003
618.5,992.4350000000047
618.6,1000.2322000000052
618.7,997.5087128712823
618.8,1001.1493999999985
618.9,1001.0138000000004
619.0,999.0134000000005
619.1,999.1739603960395
619.2,993.6300000000001
619.3,998.6341999999983
619.4,996.4183
619.5,1002.7577168316847
619.6,973.410732673258
619.7,971.9380000000017
619.8,969.8720000000042
619.9,975.704
620.0,980.2060000000008
620.1,975.3258415841556
620.2,987.8825000000083
620.3,975.5098000000137
620.4,986.2755108910762
620.5,981.0156554455502
620.6,1000.4750000000129
620.7,1001.159799999995
620.8,1001.1209999999992
620.9,999.488019801981
621.0,1004.6472999999986
621.1,998.315800000002
621.2,1003.0556000000063
621.3,1002.6413000000006
621.4,1001.4873000000001
621.5,1001.5086
621.6,1000.2179000000003
621.7,1005.7360396039603
621.8,999.7748000000024
621.9,1002.2424000000003
622.0,996.9675999999996
622.1,990.3639999999998
622.2,995.1616000000004
622.3,990.5209425742598
622.4,998.5042574257454
622.5,994.7849999999974
622.6,996.9550000000017
622.7,994.9499999999987
622.8,990.2475000000039
622.9,990.6149999999999
623.0,987.3799999999985
623.1,994.7700000000033
623.2,980.4143316831615
623.3,986.4792336633558
623.4,983.6166000000057
623.5,984.7960000000011
623.6,989.9846000000027
623.7,988.1113999999977
623.8,995.9091999999926
623.9,989.8740000000076
624.0,996.0332000000028
624.1,990.748417821776
624.2,996.1042415841664
624.3,1000.0870999999995
624.4,999.3496000000006
624.5,1004.797299999997
624.6,1001.5652999999966
624.7,1013.2648000000144
624.8,1010.9643000000038
624.9,1011.5906999999983
625.0,1013.0125722772276
625.1,1012.2929803642359
625.2,1014.1831915887859
625.3,1010.4635000000055
625.4,1016.8595
625.5,1016.1294999999965
625.6,1017.6345000000027
625.7,1012.8842574257365
625.8,1003.9884000000038
625.9,972.3560000000226
626.0,923.8127999999886
626.1,872.7311999999672
626.2,814.1623999999601
626.3,765.2428000000206
626.4,709.2160000000322
626.5,656.3795999999895
626.6,603.6535643563913
626.7,551.2128999999561
626.8,502.01310000001274
626.9,473.3919000000044
627.0,466.84130000000016
627.1,466.4268999999998
627.2,466.1198999999998
627.3,465.8121000000001
627.4,465.48210000000006
627.5,465.22277227722776
627.6,465.0656
627.7,464.9952
627.8,464.89940000000007
627.9,464.7632
628.0,464.69759999999997
628.1,464.65279999999996
628.2,464.5928
628.3,464.50800000000004
628.4,464.45772277227724
628.5,464.41339999999997
628.6,464.37170000000003
628.7,464.3112
628.8,464.24340000000007
628.9,464.2078
629.0,464.13289999999995
629.1,464.09000000000003
629.2,464.0960396039604
629.3,464.05800000000005
629.4,464.00600000000003
629.5,464.044
629.6,464.044
629.7,463.996
629.8,464.00399999999996
629.9,464.0198811881188
630.0,464.0317188118812
630.1,464.0164
630.2,463.97457256637165
630.3,463.94875803369814
630.4,463.959
630.5,463.943
630.6,463.90549999999996
630.7,463.8684999999999
630.8,463.821
630.9,463.828
631.0,463.8366782178218
631.1,463.8024554455445
631.2,463.7844
631.3,463.7812
631.4,463.7392
631.5,463.6869306930693
631.6,463.6356
631.7,463.62010000000004
631.8,463.66859999999997
631.9,463.68
632.0,463.659
632.1,463.58799999999997
632.2,463.5426
632.3,463.5766336633663
632.4,463.5754
632.5,463.5195
632.6,463.5187
632.7,463.5478217821782
632.8,463.502
632.9,463.444
633.0,463.44399999999996
633.1,463.504
633.2,463.51199999999994
633.3,463.4541584158416
633.4,463.4456
633.5,463.4973
633.6,463.5245544554455
633.7,463.481
633.8,463.4424
633.9,463.4452
634.0,463.45871287128716
634.1,463.4067
634.2,463.3389
634.3,463.3274
634.4,463.3437
634.5,463.3426
634.6,463.3226732673267
634.7,463.32800000000003
634.8,463.3636
634.9,463.3592
635.0,463.322
635.1,463.30800000000005
635.2,463.3542574257426
635.3,463.394
635.4,463.40250000000003
635.5,463.3455
635.6,463.3
635.7,463.2930693069307
635.8,463.28000000000003
635.9,463.28000000000003
636.0,463.297
636.1,463.3164
636.2,463.3036
636.3,463.313
636.4,463.2732
636.5,463.2838
636.6,463.3636633663366
636.7,463.4333
636.8,463.41030000000006
636.9,463.3566
637.0,463.36673267326734
637.1,463.3536
637.2,463.3144
637.3,463.23760000000004
637.4,463.199504950495
637.5,463.2138
637.6,463.17519999999996
637.7,463.1107
637.8,463.10227722772277
637.9,463.118
638.0,463.102
638.1,463.1270297029703
638.2,463.1229
638.3,463.16189999999995
638.4,463.24
638.5,463.2226
638.6,463.1627722772277
638.7,463.1368
638.8,463.1995999999999
638.9,463.2389108910891
639.0,463.1908831683168
639.1,463.1346
639.2,463.1335
639.3,463.16999999999996
639.4,463.16465346534653
639.5,463.1604
639.6,463.16399999999993
639.7,463.0771287128713
639.8,463.02250000000004
639.9,462.96750000000003
640.0,462.96000000000004
640.1,462.969900990099
640.2,462.9832
640.3,462.918
640.4,462.8776
640.5,462.87712871287124
640.6,462.9207
640.7,462.9831
640.8,462.9554
640.9,462.9536633663366
641.0,462.99559999999997
641.1,462.96459999999996
641.2,462.93420000000003
641.3,463.03306930693066
641.4,463.08
641.5,463.0863
641.6,463.1099792079208
641.7,463.1119207920792
641.8,463.134
641.9,463.198
642.0,463.23
642.1,463.2319801980198
642.2,463.2362
642.3,463.2162
642.4,463.1943
642.5,463.1662376237624
642.6,463.15
642.7,463.159
642.8,463.19465346534656
642.9,463.17339999999996
643.0,463.2053000000001
643.1,463.28510000000006
643.2,463.30831683168316
643.3,463.2936
643.4,463.26
643.5,463.2584
643.6,463.2404950495049
643.7,463.19
643.8,463.18100000000004
643.9,463.124
644.0,463.08554455445545
644.1,463.0558
644.2,463.0216
644.3,462.96579999999994
644.4,462.94280000000003
644.5,462.9613861386139
644.6,462.9687
644.7,462.9574
644.8,462.94
644.9,462.9484
645.0,463.004
645.1,462.9612
645.2,462.97356435643565
645.3,463.0022
645.4,463.0222
645.5,463.0334653465346
645.6,462.982
645.7,463.018
645.8,463.177
645.9,463.15
646.0,463.1529702970297
646.1,463.1755
646.2,463.1255
646.3,463.07820000000004
646.4,463.0537623762376
646.5,462.994
646.6,463.03999999999996
646.7,463.02959999999996
646.8,462.90999999999997
646.9,462.91069999999996
647.0,462.9235
647.1,462.97142079207924
647.2,462.98741386138613
647.3,462.9488
647.4,462.936
647.5,463.0294
647.6,463.01460000000003
647.7,462.9335643564357
647.8,462.9915
647.9,463.018
648.0,462.97950000000003
648.1,462.96503465346535
648.2,462.87440000000004
648.3,462.98119999999994
648.4,463.01
648.5,463.00919999999996
648.6,462.9911881188119
648.7,463.0197
648.8,463.0097
648.9,463.00059999999996
649.0,463.0191
649.1,462.9918
649.2,463.0517821782179
649.3,463.1100910891089
649.4,463.09900000000005
649.5,463.049
649.6,463.0022000000001
649.7,463.11
649.8,463.1098
649.9,463.0889
650.0,462.980400990099
650.1,463.01970297029703
650.2,462.98
650.3,462.87
650.4,462.89
650.5,462.87
650.6,462.93
650.7,462.8705940594059
650.8,462.8403
650.9,462.8598
651.0,462.9293
651.1,462.86138613861385
651.2,462.811
651.3,462.83939999999996
651.4,462.8694
651.5,462.8311881188119
651.6,462.78149999999994
651.7,462.8091
651.8,462.81
651.9,462.8294
652.0,462.79158415841584
652.1,462.76120000000003
652.2,462.73119999999994
652.3,462.73
652.4,462.711
652.5,462.767
652.6,462.7985
652.7,462.8470297029703
652.8,462.8594
652.9,462.7942
653.0,462.79
653.1,462.8644554455446
653.2,462.963
653.3,462.9886
653.4,462.9528
653.5,462.93158415841583
653.6,462.96680000000003
653.7,462.9792
653.8,462.96178217821785
653.9,462.9327
654.0,462.92089999999996
654.1,462.8836
654.2,462.88
654.3,462.853
654.4,462.877
654.5,462.97
654.6,462.9533564356435
654.7,462.92325643564357
654.8,462.91999999999996
654.9,463.009
655.0,463.0111
655.1,462.96594059405936
655.2,462.9424
655.3,462.9488
655.4,462.9764
655.5,462.88398415841584
655.6,462.94832574257424
655.7,462.90779999999995
655.8,462.9435
655.9,462.88910000000004
656.0,462.88
656.1,462.91441386138615
656.2,463.02320000000003
656.3,462.9884
656.4,462.95445544554457
656.5,462.95
656.6,462.933
656.7,463.0065
656.8,462.98600000000005
656.9,462.9547524752476
657.0,462.9752
657.1,463.02200000000005
657.2,463.0048
657.3,462.9833663366337
657.4,463.0132
657.5,463.0034
657.6,462.9917
657.7,462.9489108910891
657.8,462.9728
657.9,463.01279999999997
658.0,463.0364
658.1,462.9588118811881
658.2,462.9076
658.3,462.9081
658.4,462.9586
658.5,462.89709999999997
658.6,462.88
658.7,462.84
658.8,462.79800000000006
658.9,462.758
659.0,462.75
659.1,462.75
659.2,462.7816
659.3,462.7979
659.4,462.75260000000003
659.5,462.8025742574257
659.6,462.82
659.7,462.82
659.8,462.86679999999996
659.9,462.88772277227724
660.0,462.9131
660.1,462.94309999999996
660.2,462.95000000000005
660.3,462.9652
660.4,462.9776
660.5,462.94960000000003
660.6,462.94759999999997
660.7,462.91230099009897
660.8,462.86245049504953
660.9,462.805
661.0,462.7975
661.1,462.78499999999997
661.2,462.77257425742573
661.3,462.71080000000006
661.4,462.7122
661.5,462.81620000000004
661.6,462.8722
661.7,462.92396039603966
661.8,462.99839999999995
661.9,463.10029999999995
662.0,463.1227
662.1,463.12730000000005
662.2,463.16613861386145
662.3,463.2376
662.4,463.224
662.5,463.1524
662.6,463.1231564356435
662.7,463.09881485148514
662.8,463.0758
662.9,463.0842
663.0,463.1673267326733
663.1,463.25600000000003
663.2,463.31500000000005
663.3,463.31600000000003
663.4,463.31
663.5,463.3030693069307
663.6,463.23789999999997
663.7,463.1893
663.8,463.09720000000004
663.9,462.98410000000007
664.0,462.8948
664.1,462.82169999999996
664.2,462.75900990099007
664.3,462.6992
664.4,462.6664
664.5,462.69399999999996
664.6,462.6828
664.7,462.63599999999997
664.8,462.62
664.9,462.64019801980197
665.0,462.6701
665.1,462.63980000000004
665.2,462.6133
665.3,462.6167
665.4,462.6066
665.5,462.5732
665.6,462.579900990099
665.7,462.6098
665.8,462.6332
665.9,462.6268
666.0,462.6002
666.1,462.6226732673267
666.2,462.653
666.3,462.6665
666.4,462.65700000000004
666.5,462.6695
666.6,462.693
666.7,462.71930693069305
666.8,462.7172
666.9,462.74199999999996
667.0,462.7664
667.1,462.73159999999996
667.2,462.678
667.3,462.62160000000006
667.4,462.56800000000004
667.5,462.5183168316832
667.6,462.44329999999997
667.7,462.3848
667.8,462.3322
667.9,462.2848
668.0,462.23220000000003
668.1,462.1912871287129
668.2,462.149
668.3,462.1362
668.4,462.171
668.5,462.19
668.6,462.1714
668.7,462.1352
668.8,462.0893069306931
668.9,462.06996138613863
669.0,462.0761
669.1,462.1105
669.2,462.1605
669.3,462.16170000000005
669.4,462.10772277227727
669.5,462.092
669.6,462.06999999999994
669.7,462.062
669.8,462.07
669.9,462.07
670.0,462.058
670.1,462.04999999999995
670.2,462.03229999999996
670.3,462.02
670.4,462.0377
670.5,462.04999999999995
670.6,462.07899999999995
670.7,462.08259999999996
670.8,462.0932
670.9,462.11
671.0,462.1157425742574
671.1,462.1029
671.2,462.0843
671.3,462.0914
671.4,462.1057
671.5,462.11564356435645
671.6,462.1143564356436
671.7,462.1044
671.8,462.08320000000003
671.9,462.1092
672.0,462.11199999999997
672.1,462.1012
672.2,462.11
672.3,462.10434455445545
672.4,462.07241089108913
672.5,462.02250000000004
672.6,462.0165
672.7,462.0355
672.8,462.062
672.9,462.058
673.0,462.051
673.1,462.06
673.2,462.04371782178214
673.3,462.0191544554456
673.4,462.01
673.5,462.03159999999997
673.6,462.0338
673.7,462.0254
673.8,461.9868
673.9,461.9824
674.0,462.00465346534656
674.1,462.0106
674.2,462.0306
674.3,462.0135
674.4,461.9635
674.5,461.91880000000003
674.6,461.87350000000004
674.7,461.8288
674.8,461.8524
674.9,461.85851485148515
675.0,461.804
675.1,461.7644
675.2,461.724
675.3,470.65439999999217
675.4,511.0872000000056
675.5,571.2695049505076
675.6,628.7793000000186
675.7,686.3466000000193
675.8,744.0528999999542
675.9,800.1390999999874
676.0,856.538500000019
676.1,914.1038613861647
676.2,972.0550000000329
676.3,1021.5199999999768
676.4,1040.8450000000014
676.5,1036.85
676.6,1034.824801980199
676.7,1036.675647524754
676.8,1042.285399999997
676.9,1047.6097999999997
677.0,1049.9968999999987
677.1,1054.0029000000009
677.2,1057.1545000000017
677.3,1061.4819811881166
677.4,1066.6746138613853
677.5,1067.1680000000003
677.6,1069.0199999999995
677.7,1069.602399999997
677.8,1063.9668000000004
677.9,1062.4579999999999
678.0,1065.6523999999995
678.1,1069.1395999999997
678.2,1070.004930693069
678.3,1068.3888584158415
678.4,1063.0838999999987
678.5,1060.0375000000004
678.6,1060.0914999999995
678.7,1058.7928000000002
678.8,1061.0009999999984
678.9,1065.476000000001
679.0,1068.3197
679.1,1065.3609900990084
679.2,1060.4291999999984
679.3,1056.6792000000025
679.4,1062.0357999999965
679.5,1067.9401999999977
679.6,1066.9700000000016
679.7,1066.842399999998
679.8,1062.1334000000027
679.9,1061.7696039603939
680.0,1064.4365
680.1,1066.6230000000019
680.2,1067.6954999999991
680.3,1064.1950000000031
680.4,1062.2464999999984
680.5,1065.3666386138377
680.6,1065.9042257425453
680.7,1065.5008000000018
680.8,1066.1628000000003
680.9,1064.5796000000007
681.0,1064.3247999999994
681.1,1058.7287999999965
681.2,1051.9168000000036
681.3,1055.6879999999992
681.4,1055.776633663367
681.5,1053.4711
681.6,1053.2067
681.7,1054.4791000000016
681.8,1055.7390772277226
681.9,1056.036754455446
682.0,1056.8971999999997
682.1,1055.1243999999997
682.2,1055.6452000000008
682.3,1055.883000000002
682.4,1046.9809900990053
682.5,1042.2348000000047
682.6,1047.365199999999
682.7,1039.566599999993
682.8,1031.9076999999972
682.9,1028.825700000003
683.0,1021.4505000000005
683.1,1017.6993999999953
683.2,1009.6157425742551
683.3,1007.2139999999997
683.4,1007.8819999999996
683.5,1005.86
683.6,1000.0759999999966
683.7,999.466000000004
683.8,1001.9680000000012
683.9,1000.0488118811883
684.0,999.6940999999999
684.1,999.1079999999997
684.2,998.4507000000011
684.3,996.6908000000014
684.4,997.4945900990085
684.5,1003.2221564356435
684.6,1000.7518000000001
684.7,1001.9584000000011
684.8,1001.5164
684.9,1004.1798000000003
685.0,1009.1689108910879
685.1,1003.2154000000006
685.2,1004.7474
685.3,1005.4555999999984
685.4,1004.7678000000024
685.5,1000.9287999999995
685.6,1001.48683168317
685.7,1002.3971999999973
685.8,998.0512000000016
685.9,995.8904000000013
686.0,993.8144000000007
686.1,995.7032000000049
686.2,998.170891089103
686.3,994.2959999999968
686.4,998.0140000000017
686.5,995.3862376237623
686.6,997.2095999999992
686.7,997.8961999999983
686.8,997.0683999999981
686.9,1000.5156000000022
687.0,995.7483168316821
687.1,1003.7602999999999
687.2,1002.2478999999998
687.3,1001.7324999999978
687.4,1000.5838613861371
687.5,999.8804000000061
687.6,1006.4251999999935
687.7,995.6480000000031
687.8,1001.1860000000027
687.9,999.3651999999995
688.0,1000.3312000000002
688.1,998.8980198019779
688.2,996.6256000000031
688.3,997.6736000000054
688.4,994.4149999999938
688.5,1000.6409900990117
688.6,997.4010000000001
688.7,995.1949999999999
688.8,992.7240000000028
688.9,990.0369999999966
689.0,995.2690000000019
689.1,993.7866633663341
689.2,998.558980198019
689.3,993.3979000000006
689.4,990.0335999999999
689.5,989.8842000000005
689.6,989.057599999999
689.7,994.7521782178218
689.8,996.1531999999905
689.9,1009.4492000000016
690.0,1016.3879999999992
690.1,1014.502800000001
690.2,1017.4707999999991
690.3,1015.2955445544479
690.4,1022.1138999999985
690.5,1024.4148999999995
690.6,1024.0220000000006
690.7,1024.7066999999993
690.8,1021.3527049504972
690.9,1008.31329504952
691.0,989.2243999999995
691.1,991.3620000000017
691.2,992.1353999999972
691.3,991.4735999999942
691.4,996.5573267326785
691.5,990.0324999999976
691.6,994.5025
691.7,990.3600000000013
691.8,992.1849999999993
691.9,992.9157425742586
692.0,990.9443999999995
692.1,995.1796000000005
692.2,989.2548000000012
692.3,991.4936000000002
692.4,986.4304
692.5,989.3579999999997
692.6,992.1836633663368
692.7,990.778000000002
692.8,996.481800000005
692.9,992.5573000000014
693.0,997.086499999999
693.1,993.1614000000003
693.2,995.8387000000014
693.3,1001.4672623762388
693.4,1002.4951128712889
693.5,1005.2227999999918
693.6,994.7436000000082
693.7,1006.7991999999948
693.8,999.1097999999943
693.9,1005.3306930693071
694.0,1004.8525000000002
694.1,1006.3537000000068
694.2,1009.4524999999848
694.3,994.617399999993
694.4,1003.9756000000054
694.5,995.4224752475234
694.6,998.448
694.7,1000.3399999999981
694.8,1000.6959999999978
694.9,1007.4360000000015
695.0,1004.469999999997
695.1,1012.7769306930713
695.2,1004.1778000000007
695.3,1006.7851
695.4,1004.9725
695.5,1004.9018000000001
695.6,1010.4832999999999
695.7,1004.5338000000024
695.8,1011.5449504950489
695.9,1004.0954000000012
696.0,1007.2699999999993
696.1,1003.3591999999979
696.2,997.9848000000017
696.3,1004.4793999999968
696.4,1010.5280000000029
696.5,1019.4483168316821
696.6,1018.5832000000054
696.7,1027.1478999999983
696.8,1025.7059999999956
696.9,1031.4774999999997
697.0,1032.516500000001
697.1,1036.6219801980262
697.2,1046.2967999999973
697.3,1043.6663999999992
697.4,1044.3848000000025
697.5,1039.4111999999996
697.6,1042.5628712871373
697.7,1051.2799999999934
697.8,1045.7384999999997
697.9,1047.1485
698.0,1050.3569999999968
698.1,1066.2085148514857
698.2,1065.0914000000025
698.3,1073.2941999999996
698.4,1070.8522000000014
698.5,1088.1222000000005
698.6,1089.8089108910872
698.7,1071.3233999999975
698.8,1064.124800000002
698.9,1062.0936000000013
699.0,1066.1076999999998
699.1,1065.6804950495055
699.2,1066.1095999999961
699.3,1057.76480000001
699.4,1042.8723999999997
699.5,1042.813600000001
699.6,1040.4899999999993
699.7,1038.8691999999976
699.8,1035.7052950495017
699.9,1041.3029980197996
700.0,1046.610600000002
700.1,1041.2312000000009
700.2,1038.025700000003
700.3,1043.404257425737
700.4,1059.4229999999998
700.5,1061.6369999999995
700.6,1065.832
700.7,1065.751
700.8,1072.5950000000005
700.9,1068.6139603960403
701.0,1062.1233999999997
701.1,1060.6903000000002
701.2,1062.4035000000001
701.3,1064.4796019801968
701.4,1065.8567287128699
701.5,1067.3739999999987
701.6,1064.2760000000003
701.7,1065.2228000000005
701.8,1066.1151999999995
701.9,1066.2074257425793
702.0,1059.4765000000027
702.1,1053.9179000000006
702.2,1054.7576999999994
702.3,1054.0965999999987
702.4,1056.2638000000004
702.5,1055.5307920792088
702.6,1054.0187999999996
702.7,1055.2509999999977
702.8,1052.989799999999
702.9,1056.795799999999
703.0,1059.8744554455452
703.1,1057.451
703.2,1054.774
703.3,1046.6045000000001
703.4,1040.7824108910897
703.5,1025.9496514851494
703.6,1028.040799999998
703.7,1016.4287999999985
703.8,1007.9924000000001
703.9,1007.3181188118789
704.0,995.3617999999997
704.1,994.2066999999965
704.2,986.6304000000041
704.3,996.0361999999996
704.4,996.5135000000009
704.5,995.0022772277227
704.6,994.6679999999973
704.7,990.9298000000092
704.8,1004.4634000000042
704.9,995.9463999999966
705.0,1002.6150000000004
705.1,1001.8122772277206
705.2,998.4659000000006
705.3,998.9733000000018
705.4,991.5271999999965
705.5,1006.015700000002
705.6,997.6978999999994
705.7,1000.4402970297012
705.8,998.47
705.9,999.8000000000001
706.0,999.7800000000001
706.1,990.1500000000001
706.2,1000.1200000000001
706.3,994.9516831683216
706.4,994.4347
706.5,998.6870000000009
706.6,992.8097999999985
706.7,998.7098000000015
706.8,987.664356435651
706.9,993.0063999999962
707.0,993.8942000000004
707.1,991.5677999999989
707.2,986.0907999999973
707.3,996.3136633663322
707.4,973.0687000000103
707.5,988.0539999999932
707.6,981.8760999999954
707.7,994.4449000000095
707.8,994.508183168304
707.9,993.3911564356433
708.0,1000.8955999999987
708.1,993.6356000000014
708.2,1003.5248000000096
708.3,995.0988000000016
708.4,1003.0088118811886
708.5,1005.0265
708.6,1007.5705000000002
708.7,1004.1754999999998
708.8,994.0149999999999
708.9,1004.6335000000007
709.0,998.0759999999996
709.1,998.8099009900993
709.2,1001.7564000000008
709.3,1005.6999999999966
709.4,1005.2443999999998
709.5,990.9401999999955
709.6,998.6734396039651
709.7,992.4459485148476
709.8,995.2593999999979
709.9,994.2080000000008
710.0,992.1290999999991
710.1,998.7783000000038
710.2,988.5949999999939
710.3,997.4030693069268
710.4,991.5048000000027
710.5,995.943199999998
710.6,995.4047999999992
710.7,986.2579999999923
710.8,973.6388000000047
710.9,969.1303960396045
711.0,979.9829999999986
711.1,969.1872000000016
711.2,978.8299000000109
711.3,973.029500000001
711.4,989.0543564356452
711.5,991.1780000000001
711.6,978.4839999999983
711.7,997.1040000000027
711.8,1003.236
711.9,1009.8260000000007
712.0,1004.9941584158396
712.1,1007.8355000000015
712.2,1005.831399999999
712.3,1006.7047999999988
712.4,1001.3497999999986
712.5,991.9286138613805
712.6,1002.3396000000077
712.7,996.404799999995
712.8,1001.4255999999963
712.9,1000.2964000000011
713.0,998.1555999999991
713.1,999.0413861386136
713.2,990.1619999999929
713.3,1001.0160999999957
713.4,997.5243000000019
713.5,1003.3854999999977
713.6,999.1427722772283
713.7,995.9522000000002
713.8,998.4853999999991
713.9,992.9228000000005
714.0,1004.177799999999
714.1,988.2390000000014
714.2,1001.1181999999988
714.3,1000.5309900990136
714.4,1001.2465
714.5,1004.3430000000005
714.6,1003.2944999999996
714.7,1005.9655445544568
714.8,1000.9760000000048
714.9,1007.841199999993
715.0,1005.4187999999988
715.1,1006.1988000000007
715.2,999.7951999999968
715.3,993.0768000000047
715.4,1000.1489108910841
715.5,993.9880000000046
715.6,1001.6694000000051
715.7,996.5979999999945
715.8,998.9713999999979
715.9,999.9472277227721
716.0,993.7252000000019
716.1,998.770599999998
716.2,991.4469999999927
716.3,1001.0673999999965
716.4,993.9548514851492
716.5,996.5233
716.6,994.4181000000001
716.7,993.2873999999999
716.8,993.9289999999997
716.9,990.0500000000002
717.0,998.1864356435664
717.1,976.7339999999933
717.2,934.9539999999897
717.3,879.1340000000533
717.4,832.556
717.5,774.887999999986
717.6,725.2019999999893
717.7,675.6340594059196
717.8,621.2271000000372
717.9,572.8271000000312
718.0,517.2636999999868
718.1,477.0254455445313
718.2,467.4315999999984
718.3,466.7350000000001
718.4,466.4928000000001
718.5,466.2840000000001
718.6,466.0605999999999
718.7,465.89415841584145
718.8,465.7753
718.9,465.6576
719.0,465.4991
719.1,465.3913861386139
719.2,465.2712
719.3,465.1716
719.4,465.0588
719.5,464.92359999999996
719.6,464.74559999999997
719.7,464.6468
719.8,464.5472277227724
719.9,464.4525
720.0,464.30999999999995
720.1,464.23249999999996
720.2,464.19
720.3,464.2025
720.4,464.14316831683175
720.5,464.1126
720.6,464.14700000000005
720.7,464.1452
720.8,464.1474
720.9,464.120693069307
721.0,464.15379999999993
721.1,464.1992
721.2,464.2027
721.3,464.10510000000005
721.4,464.0555445544554
721.5,464.014
721.6,463.9784
721.7,463.9412
721.8,463.894
721.9,463.8657425742574
722.0,463.8813
722.1,463.8261
722.2,463.75739999999996
722.3,463.7684
722.4,463.7729
722.5,463.77
722.6,463.749
722.7,463.733
722.8,463.716
722.9,463.696
723.0,463.6776
723.1,463.6266
723.2,463.6186
723.3,463.6484158415841
723.4,463.6783
723.5,463.6656
723.6,463.65
723.7,463.6561
723.8,463.6844
723.9,463.67584158415843
724.0,463.65999999999997
724.1,463.666
724.2,463.676
724.3,463.686
724.4,463.6120000000001
724.5,463.5481188118812
724.6,463.5518
724.7,463.5069
724.8,463.5054
724.9,463.5241
725.0,463.5082
725.1,463.5
725.2,463.4942
725.3,463.4494
725.4,463.4258
725.5,463.46479999999997
725.6,463.49
725.7,463.50148514851486
725.8,463.44730000000004
725.9,463.4171
726.0,463.4243
726.1,463.3915
726.2,463.30227722772275
726.3,463.2668
726.4,463.3024
726.5,463.32
726.6,463.3032
726.7,463.262
726.8,463.2454891089109
726.9,463.24454455445544
727.0,463.25100000000003
727.1,463.24899999999997
727.2,463.3115000000001
727.3,463.37
727.4,463.33188118811887
727.5,463.27840000000003
727.6,463.2654
727.7,463.2862
727.8,463.28380000000004
727.9,463.27000000000004
728.0,463.2594
728.1,463.2288
728.2,463.22049504950496
728.3,463.24559999999997
728.4,463.26
728.5,463.2392
728.6,463.2252
728.7,463.2248
728.8,463.2148
728.9,463.21000000000004
729.0,463.2253
729.1,463.26550000000003
729.2,463.29
729.3,463.23390000000006
729.4,463.1953
729.5,463.220099009901
729.6,463.235
729.7,463.235
729.8,463.21000000000004
729.9,463.185
730.0,463.2
730.1,463.195
730.2,463.160099009901
730.3,463.1598
730.4,463.1749
730.5,463.15060000000005
730.6,463.1151485148515
730.7,463.1196
730.8,463.154
730.9,463.20856237623764
731.0,463.25399504950497
731.1,463.2982
731.2,463.3112
731.3,463.28999999999996
731.4,463.2993069306931
731.5,463.31460000000004
731.6,463.2924
731.7,463.27380000000005
731.8,463.2992
731.9,463.26900990099017
732.0,463.1885
732.1,463.1139999999999
732.2,463.079
732.3,463.072
732.4,463.0185
732.5,462.97554455445544
732.6,462.9744
732.7,462.9624
732.8,462.92240000000004
732.9,462.9264
733.0,462.98199999999997
733.1,462.9924
733.2,462.9743564356436
733.3,462.9628
733.4,462.9658
733.5,463.0086
733.6,463.0286
733.7,463.04859999999996
733.8,463.081201980198
733.9,463.1011405940594
734.0,463.09839999999997
734.1,463.0848
734.2,463.0374
734.3,463.0494
734.4,463.0858
734.5,463.06760792079206
734.6,463.05
734.7,463.0582
734.8,463.0536
734.9,463.03409999999997
735.0,463.03999999999996
735.1,463.06460000000004
735.2,463.1123
735.3,463.1340594059406
735.4,463.124
735.5,463.124
735.6,463.144
735.7,463.116
735.8,463.106
735.9,463.08000000000004
736.0,463.0143564356436
736.1,462.9678
736.2,462.96049999999997
736.3,462.9261
736.4,462.92
736.5,462.93158415841583
736.6,462.9386
736.7,462.92
736.8,462.92
736.9,462.9276
737.0,462.9588118811881
737.1,462.9641
737.2,462.9089
737.3,462.89
737.4,462.8826
737.5,462.8478
737.6,462.81
737.7,462.8028
737.8,462.77920000000006
737.9,462.75280000000004
738.0,462.7328
738.1,462.73800000000006
738.2,462.7916
738.3,462.8228712871287
738.4,462.8135
738.5,462.8305
738.6,462.836
738.7,462.82400000000007
738.8,462.8603960396039
738.9,462.8766
739.0,462.87
739.1,462.87
739.2,462.86659999999995
739.3,462.8668
739.4,462.8868
739.5,462.9067326732673
739.6,462.9101
739.7,462.8867
739.8,462.8866
739.9,462.9
740.0,462.9066
740.1,462.9134653465347
740.2,462.8904
740.3,462.8764
740.4,462.8932
740.5,462.8968
740.6,462.87399999999997
740.7,462.8304
740.8,462.7973267326733
740.9,462.7824
741.0,462.81
741.1,462.8069
741.2,462.8124
741.3,462.8338
741.4,462.82613861386136
741.5,462.843
741.6,462.85900000000004
741.7,462.889
741.8,462.913
741.9,462.908
742.0,462.871
742.1,462.856
742.2,462.87891089108916
742.3,462.8913
742.4,462.87
742.5,462.87
742.6,462.8671
742.7,462.8571
742.8,462.8356435643564
742.9,462.7916
743.0,462.7812
743.1,462.81280000000004
743.2,462.8312
743.3,462.8628
743.4,462.8588
743.5,462.83
743.6,462.8327
743.7,462.82379999999995
743.8,462.79349999999994
743.9,462.84619999999995
744.0,462.8981
744.1,462.91189999999995
744.2,462.87109999999996
744.3,462.82
744.4,462.8226732673267
744.5,462.8222
744.6,462.7948
744.7,462.7826
744.8,462.7642574257426
744.9,462.69
745.0,462.6975
745.1,462.71750000000003
745.2,462.7025
745.3,462.6925
745.4,462.7225742574258
745.5,462.7072
745.6,462.73720000000003
745.7,462.7576
745.8,462.75239999999997
745.9,462.76
746.0,462.7623
746.1,462.7677
746.2,462.76
746.3,462.74390000000005
746.4,462.6969
746.5,462.7154
746.6,462.7091089108911
746.7,462.7378
746.8,462.7366
746.9,462.7556
747.0,462.7356
747.1,462.72
747.2,462.7244
747.3,462.73344356435643
747.4,462.7016782178218
747.5,462.6595
747.6,462.6263
747.7,462.64369999999997
747.8,462.60740000000004
747.9,462.58099999999996
748.0,462.65376237623764
748.1,462.63
748.2,462.62199999999996
748.3,462.592
748.4,462.59400000000005
748.5,462.57
748.6,462.56407920792077
748.7,462.5538613861387
748.8,462.6119
748.9,462.6143
749.0,462.59569999999997
749.1,462.6124
749.2,462.58950000000004
749.3,462.6318811881188
749.4,462.6436
749.5,462.66
749.6,462.6708
749.7,462.7056
749.8,462.6472
749.9,462.68
750.0,462.6728
750.1,462.64
750.2,462.6366
750.3,462.6217
750.4,462.6317
750.5,462.64340000000004
750.6,462.65663366336634
750.7,462.6336
750.8,462.59200000000004
750.9,462.5532
751.0,462.5732
751.1,462.5931683168317
751.2,462.6039999999999
751.3,462.5745
751.4,462.60450000000003
751.5,462.633
751.6,462.647
751.7,462.6345
751.8,462.65999999999997
751.9,462.6628
752.0,462.673
752.1,462.6286
752.2,462.6326
752.3,462.70439999999996
752.4,462.6714
752.5,462.66884158415843
752.6,462.60381386138613
752.7,462.6352
752.8,462.67909999999995
752.9,462.7348
753.0,462.6987
753.1,462.6835643564356
753.2,462.6243999999999
753.3,462.50640000000004
753.4,462.46440000000007
753.5,462.35
753.6,462.3560118811881
753.7,462.40347623762375
753.8,462.4223
753.9,462.3644
754.0,462.4164999999999
754.1,462.5621
754.2,462.6556
754.3,462.6167108910891
754.4,462.592
754.5,462.61199999999997
754.6,462.613
754.7,462.45099999999996
754.8,462.36800000000005
754.9,462.3440594059406
755.0,462.27379999999994
755.1,462.0965
755.2,461.96090000000004
755.3,461.9762999999999
755.4,462.0382
755.5,462.01279999999997
755.6,461.9409
755.7,461.9491
755.8,461.94
755.9,461.93760000000003
756.0,461.9076
756.1,461.8816
756.2,461.9032
756.3,461.9384
756.4,461.9192079207921
756.5,461.9107
756.6,461.9221
756.7,461.95210000000003
756.8,461.97720000000004
756.9,461.9435
757.0,461.9907
757.1,462.00280000000004
757.2,462.0358
757.3,461.9772277227723
757.4,461.94239999999996
757.5,461.98359999999997
757.6,462.0406
757.7,462.0476
757.8,462.0136
757.9,462.0658
758.0,462.0
758.1,461.9982
758.2,461.9705940594059
758.3,461.9825
758.4,462.0265
758.5,461.9565
758.6,461.888
758.7,461.8525
758.8,461.899
758.9,461.88250000000005
759.0,461.92455445544556
759.1,461.8208
759.2,461.8388
759.3,461.8088
759.4,461.7812
759.5,461.81237623762377
759.6,461.86969999999997
759.7,461.8618
759.8,461.91999999999996
759.9,461.9191
760.0,461.8909
760.1,461.9203
760.2,461.93
760.3,461.93207920792076
760.4,461.9996
760.5,461.9806
760.6,462.0102
760.7,462.01899999999995
760.8,461.9696
760.9,461.9506
761.0,461.98019801980195
761.1,461.9897
761.2,461.9601
761.3,461.9699
761.4,461.9598
761.5,461.94010000000003
761.6,461.949900990099
761.7,461.94
761.8,461.89
761.9,461.98
762.0,461.99
762.1,461.95029702970294
762.2,461.959901980198
762.3,461.96
762.4,461.9996
762.5,461.98019999999997
762.6,461.9206
762.7,461.9596
762.8,461.97950594059404
762.9,461.891794059406
763.0,461.841
763.1,461.889
763.2,461.9096
763.3,461.90999999999997
763.4,461.8808910891089
763.5,461.8897
763.6,461.93850000000003
763.7,461.91089999999997
763.8,461.8715841584158
763.9,461.8988
764.0,461.8904
764.1,461.8804
764.2,461.832
764.3,461.7628
764.4,461.76959999999997
764.5,461.7796
764.6,461.80851485148514
764.7,461.75300000000004
764.8,461.7595
764.9,461.779
765.0,461.77049999999997
765.1,461.7794059405941
765.2,461.7988
765.3,461.85639999999995
765.4,461.8976
765.5,461.8624
765.6,461.86
765.7,461.88820000000004
765.8,461.89
765.9,461.85277227722776
766.0,461.8128
766.1,461.75419999999997
766.2,461.7314
766.3,461.73929999999996
766.4,461.65630000000004
766.5,461.6035
766.6,461.5907920792079
766.7,461.52559999999994
766.8,461.42800000000005
766.9,461.35623762376235
767.0,483.35379999999697
767.1,547.1642999999915
767.2,606.3130000000531
767.3,669.1265999999921
767.4,721.9397999999935
767.5,781.6276999999924
767.6,838.831881188124
767.7,899.915000000007
767.8,961.357
767.9,1022.454000000007
768.0,1057.6030000000037
768.1,1048.3919999999985
768.2,1041.4569999999994
768.3,1040.4746534653468
768.4,1040.074
768.5,1046.5003000000027
768.6,1054.0195000000026
768.7,1052.6160999999993
768.8,1054.7763533980558
768.9,1054.9993250190405
769.0,1062.5295000000015
769.1,1067.8550000000007
769.2,1072.4615000000008
769.3,1077.7144999999948
769.4,1079.744
769.5,1070.3124999999982
769.6,1069.173861386139
769.7,1068.4147999999996
769.8,1070.9967999999976
769.9,1069.1428000000021
770.0,1069.8492
770.1,1098.621600000014
770.2,1103.1359999999995
770.3,1104.127599999999
770.4,1106.237920792078
770.5,1109.4668999999983
770.6,1112.8139000000015
770.7,1106.0344999999943
770.8,1110.5806999999963
770.9,1103.7607000000048
771.0,1102.5866336633662
771.1,1073.9818000000087
771.2,1065.269199999998
771.3,1060.2136000000014
771.4,1056.7272000000007
771.5,1057.5083999999997
771.6,1058.8659999999998
771.7,1066.5948000000062
771.8,1069.1655445544554
771.9,1065.1356
772.0,1072.0537
772.1,1073.5374
772.2,1074.781287128713
772.3,1073.0380000000023
772.4,1074.8319999999999
772.5,1079.178000000001
772.6,1078.3679999999997
772.7,1064.6309900990032
772.8,1057.9642000000026
772.9,1055.3188000000016
773.0,1054.445
773.1,1053.9370999999999
773.2,1055.0032673267337
773.3,1056.6091999999994
773.4,1060.1835999999983
773.5,1055.2400000000032
773.6,1053.5822
773.7,1054.3754455445555
773.8,1053.5782000000004
773.9,1060.515699999998
774.0,1056.0811000000017
774.1,1047.8114000000014
774.2,1044.4900999999986
774.3,1032.664000000003
774.4,1030.7537999999997
774.5,1022.9434653465348
774.6,1021.7760000000001
774.7,1021.1103999999999
774.8,1010.1580000000031
774.9,999.5063999999996
775.0,992.9485148514839
775.1,998.0825000000025
775.2,993.4199999999973
775.3,997.8899999999923
775.4,996.135
775.5,992.6924999999992
775.6,992.6796287128718
775.7,989.5674910891065
775.8,995.1757999999944
775.9,993.2606000000035
776.0,996.5674000000015
776.1,996.1509999999985
776.2,994.7439999999996
776.3,995.733564356435
776.4,993.6031000000013
776.5,999.4827999999965
776.6,996.6736999999966
776.7,997.4959000000028
776.8,996.7342000000009
776.9,995.9532
777.0,996.6399999999996
777.1,989.4785999999954
777.2,994.7889108910992
777.3,994.5320000000006
777.4,995.0803999999996
777.5,994.2232000000004
777.6,991.7596000000003
777.7,991.9832000000008
777.8,986.3884000000011
777.9,990.4851999999988
778.0,991.0196039603959
778.1,991.3944000000001
778.2,990.3718999999998
778.3,987.0904000000008
778.4,994.1224000000012
778.5,991.5824999999992
778.6,991.8241000000003
778.7,993.7586782178222
778.8,1000.3417920792008
778.9,998.044
779.0,993.2459999999986
779.1,1003.2790000000055
779.2,997.8219999999949
779.3,999.1069999999936
779.4,998.1439603960428
779.5,993.348699999999
779.6,996.4309000000038
779.7,992.2423999999946
779.8,996.3261999999944
779.9,992.7546000000054
780.0,994.8177000000017
780.1,994.9926732673243
780.2,991.3203999999968
780.3,995.9795999999973
780.4,991.2832000000035
780.5,996.191999999996
780.6,992.843199999995
780.7,994.8601980198099
780.8,995.8283000000001
780.9,995.7905999999998
781.0,1000.2736999999995
781.1,993.915000000001
781.2,998.5335000000089
781.3,994.5119000000009
781.4,995.4913861386145
781.5,971.3597999999936
781.6,965.797200000002
781.7,966.8651999999993
781.8,964.8506000000001
781.9,969.8904000000014
782.0,963.0331999999977
782.1,970.0226732673324
782.2,966.5314999999939
782.3,974.8934999999844
782.4,976.1949999999999
782.5,992.1410000000118
782.6,999.151999999998
782.7,998.2310000000007
782.8,998.57
782.9,996.789212871287
783.0,1000.5000079207964
783.1,999.2967999999962
783.2,1004.1112000000069
783.3,1007.6004000000004
783.4,1005.5908000000014
783.5,1005.1532000000002
783.6,1001.2843999999958
783.7,1003.4932000000045
783.8,1000.502392079211
783.9,1001.4013356435628
784.0,999.6242000000017
784.1,996.5299999999995
784.2,995.0196999999985
784.3,993.7389000000003
784.4,999.0499999999977
784.5,1000.6853000000007
784.6,1003.8255445544546
784.7,1005.9169999999999
784.8,1002.892400000002
784.9,1007.0613999999998
785.0,1007.4918000000002
785.1,1012.4257999999998
785.2,1008.6413861386122
785.3,1007.2028999999945
785.4,1008.9998000000002
785.5,1006.6852999999993
785.6,1009.5641000000015
785.7,1007.2057999999981
785.8,1007.3671999999949
785.9,1000.3700000000033
786.0,997.7270297029721
786.1,999.5179999999998
786.2,997.8219999999988
786.3,1001.9239999999943
786.4,1000.4360000000055
786.5,1005.3340000000001
786.6,1004.7420198019757
786.7,1004.6526594059444
786.8,1005.7370000000012
786.9,1002.7302000000014
787.0,1003.4808999999984
787.1,999.5037999999979
787.2,1002.489600000008
787.3,1003.3804000000029
787.4,1005.0776683168285
787.5,1005.7190237623774
787.6,1002.4234000000006
787.7,1004.7806000000028
787.8,1000.6890000000024
787.9,1002.2715999999978
788.0,1008.5846990099005
788.1,1018.3227089108901
788.2,1023.4558
788.3,1025.7448999999974
788.4,1026.3217
788.5,1026.7968
788.6,1029.3813
788.7,1030.9241
788.8,1038.921584158403
788.9,1045.7391999999995
789.0,1043.2079999999985
789.1,1037.7171999999987
789.2,1035.292
789.3,1037.5007999999964
789.4,1043.6575999999982
789.5,1052.1620792079245
789.6,1060.5765000000042
789.7,1064.4465000000005
789.8,1065.1479999999995
789.9,1061.5025000000046
790.0,1062.662
790.1,1069.11168316832
790.2,1053.3467999999748
790.3,1055.6551999999872
790.4,1067.6048000000023
790.5,1066.7575999999985
790.6,1069.6144000000004
790.7,1070.5919999999999
790.8,1072.4194059405932
790.9,1097.2721999999935
791.0,1115.0581000000006
791.1,1110.8616000000004
791.2,1109.6327
791.3,1113.418599999999
791.4,1118.1093999999996
791.5,1117.080396039604
791.6,1117.6308000000004
791.7,1119.7436
791.8,1119.0848
791.9,1092.1483999999955
792.0,1064.7915841584147
792.1,1065.050639603962
792.2,1066.6277999999993
792.3,1063.3827000000035
792.4,1062.2738999999997
792.5,1063.2051
792.6,1061.853399999999
792.7,1062.243200000001
792.8,1064.6196999999988
792.9,1064.956237623763
793.0,1062.925
793.1,1066.2800000000057
793.2,1071.335
793.3,1070.6800000000007
793.4,1068.350000000002
793.5,1058.78
793.6,1056.170000000006
793.7,1060.2673267326716
793.8,1057.476300000001
793.9,1057.0559999999994
794.0,1057.2020000000007
794.1,1055.6046999999999
794.2,1054.2916999999986
794.3,1055.4097999999988
794.4,1058.5079207920787
794.5,1058.1704000000002
794.6,1056.624
794.7,1055.0947999999985
794.8,1048.014800000001
794.9,1042.362
795.0,1040.1414851485147
795.1,1031.7823999999982
795.2,1026.1696000000002
795.3,1018.9807000000078
795.4,1010.7536000000002
795.5,1006.0582999999981
795.6,997.6753999999994
795.7,993.5940999999993
795.8,993.0814851485118
795.9,995.8391999999994
796.0,993.7375999999973
796.1,993.9184000000032
796.2,992.0577999999946
796.3,988.7241999999931
796.4,992.5777227722789
796.5,992.559
796.6,992.4514999999976
796.7,987.7384999999964
796.8,988.4224999999958
796.9,989.0470000000047
797.0,987.199
797.1,991.1165000000003
797.2,990.5324999999989
797.3,988.8214851485156
797.4,984.2116000000022
797.5,985.0915999999966
797.6,989.5783999999986
797.7,988.1676000000036
797.8,990.6931999999999
797.9,989.1692000000011
798.0,989.9139603960385
798.1,988.3610000000004
798.2,986.135900000005
798.3,989.4657000000002
798.4,987.2544999999998
798.5,989.2889
798.6,988.5189
798.7,989.7269000000018
798.8,989.0505000000004
798.9,989.6664356435651
799.0,995.1983999999998
799.1,995.0626000000002
799.2,997.5584000000009
799.3,1000.9317999999992
799.4,1003.4820000000007
799.5,1005.5784
799.6,1004.9995049504946
799.7,1007.2573000000034
799.8,1009.6049000000035
799.9,1005.8602000000004
800.0,1003.2724999999983
800.1,1003.0895000000022
800.2,1002.9595999999967
800.3,1001.542499999995
800.4,1003.8024752475276
800.5,1001.254
800.6,1001.0999999999988
800.7,997.8239999999963
800.8,996.9239999999974
800.9,997.660000000003
801.0,995.9639999999999
801.1,998.1736633663339
801.2,994.1594999999954
801.3,992.7740999999992
801.4,992.8535000000014
801.5,992.470499999998
801.6,994.8099999999982
801.7,992.0614851485204
801.8,994.443
801.9,992.1463999999999
802.0,991.9920000000001
802.1,990.4361999999999
802.2,992.9028000000088
802.3,1008.9098000000002
802.4,1019.2908000000002
802.5,1022.5292118811872
802.6,1014.7464584158402
802.7,1016.2718000000037
802.8,1018.9270000000147
802.9,1014.9843999999918
803.0,1026.3038
803.1,1028.3082000000015
803.2,1029.7429999999986
803.3,1012.2136633663657
803.4,990.228399999997
803.5,992.9780000000001
803.6,995.5756000000042
803.7,1002.0016000000014
803.8,1001.7624000000036
803.9,1000.2956514851452
804.0,1001.7283267326761
804.1,1000.1025000000001
804.2,1005.2219999999993
804.3,1003.3375000000015
804.4,1001.9534999999987
804.5,1000.343500000004
804.6,996.6672772277225
804.7,1000.1315960395997
804.8,998.482599999999
804.9,1001.5508000000005
805.0,996.868600000001
805.1,993.9867999999991
805.2,994.9507999999983
805.3,994.109405940593
805.4,1001.2644999999997
805.5,998.2048
805.6,998.0618
805.7,993.4925999999988
805.8,987.5136999999919
805.9,991.5661999999991
806.0,992.7293069306974
806.1,1006.395999999995
806.2,995.7388000000002
806.3,998.8663999999931
806.4,1003.5848000000017
806.5,1005.7192000000043
806.6,1009.5506811881125
806.7,1003.6403485148589
806.8,1013.3278000000062
806.9,1008.3032999999957
807.0,1012.9898000000003
807.1,1010.2862465346502
807.2,1008.4304158415883
807.3,1009.7180000000037
807.4,1007.0309999999947
807.5,1015.518000000003
807.6,1011.6709999999999
807.7,1016.3254455445525
807.8,1012.9730000000006
807.9,1010.3124999999993
808.0,1011.876100000001
808.1,1008.5432999999987
808.2,1014.3366752475223
808.3,1008.5332633663363
808.4,1013.1367999999995
808.5,1008.921999999999
808.6,989.7715999999931
808.7,938.8496039603856
808.8,888.3231000000369
808.9,836.918200000027
809.0,780.8478999999822
809.1,730.2752999999776
809.2,673.941683168296
809.3,623.9770000000299
809.4,568.2556000000271
809.5,517.1996000000111
809.6,477.5910891089013
809.7,466.84499999999963
809.8,466.4650000000001
809.9,466.2225000000001
810.0,466.02801980198024
810.1,465.8292
810.2,465.66639999999995
810.3,465.5336
810.4,465.4379762376238
810.5,465.37393762376234
810.6,465.24859999999995
810.7,465.0893
810.8,464.9995049504951
810.9,464.908
811.0,464.7837999999999
811.1,464.5935999999999
811.2,464.4735999999999
811.3,464.3733564356436
811.4,464.34556534653467
811.5,464.3111
811.6,464.23789999999997
811.7,464.2342
811.8,464.24789999999996
811.9,464.2254455445545
812.0,464.178
812.1,464.214
812.2,464.21199999999993
812.3,464.1360396039604
812.4,464.1067
812.5,464.0481
812.6,464.0324
812.7,463.98871287128713
812.8,463.93280000000004
812.9,463.88919999999996
813.0,463.8256
813.1,463.7528
813.2,463.7002
813.3,463.58148514851496
813.4,463.4347
813.5,463.33959999999996
813.6,463.2264
813.7,463.1344999999999
813.8,462.9947000000001
813.9,462.90316831683174
814.0,462.8136
814.1,462.76719999999995
814.2,462.70480000000003
814.3,462.7252475247525
814.4,462.69849999999997
814.5,462.69
814.6,462.68100000000004
814.7,462.6345
814.8,462.6659405940594
814.9,462.7028
815.0,462.7116
815.1,462.64599999999996
815.2,462.553
815.3,462.51
815.4,462.496
815.5,462.4030693069307
815.6,462.3574
815.7,462.33349999999996
815.8,462.2835
815.9,462.2322
816.0,462.1748514851485
816.1,462.14480000000003
816.2,462.18
816.3,462.1716
816.4,462.1076118811881
816.5,462.09347623762375
816.6,462.1134
816.7,462.0622
816.8,462.08549999999997
816.9,462.1321782178218
817.0,462.154
817.1,462.19100000000003
817.2,462.20000000000005
817.3,462.1969396039604
817.4,462.17900000000003
817.5,462.2673
817.6,462.2373
817.7,462.20732673267327
817.8,462.1752000000001
817.9,462.1208
818.0,462.1252
818.1,462.0628237623762
818.2,461.9796316831683
818.3,461.9723
818.4,461.8686
818.5,461.85
818.6,461.8518
818.7,461.87699999999995
818.8,461.8288
818.9,461.807
819.0,461.7582
819.1,461.72821782178215
819.2,461.69849999999997
819.3,461.675
819.4,461.7675
819.5,461.7160396039604
819.6,461.6392
819.7,461.6236
819.8,461.712
819.9,461.7628
820.0,461.83198019801983
820.1,461.882892079208
820.2,461.97240000000005
820.3,462.0506
820.4,462.07179999999994
820.5,462.1318
820.6,462.18881188118814
820.7,462.1514000000001
820.8,462.22
820.9,462.2196
821.0,462.20039603960396
821.1,462.22049999999996
821.2,462.2701
821.3,462.28069999999997
821.4,462.35
821.5,462.35
821.6,462.45000000000005
821.7,462.49
821.8,462.42
821.9,462.42
822.0,462.4596
822.1,462.4699
822.2,462.35119999999995
822.3,462.38920792079205
822.4,462.3312000000001
822.5,462.2908
822.6,462.23119999999994
822.7,462.2202
822.8,462.30732673267323
822.9,462.30999999999995
823.0,462.2712
823.1,462.25059999999996
823.2,462.3460396039605
823.3,462.35
823.4,462.35
823.5,462.4364
823.6,462.5072
823.7,462.51950495049505
823.8,462.46299999999997
823.9,462.46000000000004
824.0,462.45050000000003
824.1,462.53465346534654
824.2,462.62460000000004
824.3,462.63
824.4,462.60179999999997
824.5,462.5906
824.6,462.5993069306931
824.7,462.6372
824.8,462.6028
824.9,462.63719999999995
825.0,462.6123762376238
825.1,462.61920000000003
825.2,462.48199999999986
825.3,462.4973267326733
825.4,462.47270000000003
825.5,462.4973
825.6,462.4545
825.7,462.4773
825.8,462.4349405940594
825.9,462.421
826.0,462.492
826.1,462.5
826.2,462.46435643564354
826.3,462.4422
826.4,462.4578
826.5,462.4424643564356
826.6,462.38717623762375
826.7,462.38
826.8,462.424
826.9,462.44759999999997
827.0,462.4151485148515
827.1,462.4187
827.2,462.4287
827.3,462.4126
827.4,462.4358415841584
827.5,462.4228
827.6,462.4458
827.7,462.493
827.8,462.5172
827.9,462.5370297029703
828.0,462.5145
828.1,462.5865
828.2,462.6085
828.3,462.66891089108907
828.4,462.6464
828.5,462.6148
828.6,462.6184
828.7,462.5784158415841
828.8,462.57
828.9,462.52020000000005
829.0,462.5764
829.1,462.5651
829.2,462.54356435643564
829.3,462.49080000000004
829.4,462.4636
829.5,462.4928
829.6,462.4837623762376
829.7,462.4476
829.8,462.3995
829.9,462.471
830.0,462.49
830.1,462.482
830.2,462.448
830.3,462.44
830.4,462.5112871287128
830.5,462.53790000000004
830.6,462.5084
830.7,462.57900000000006
830.8,462.63128712871287
830.9,462.64
831.0,462.6244
831.1,462.56539999999995
831.2,462.6040594059407
831.3,462.6123
831.4,462.5484
831.5,462.5071287128713
831.6,462.5
831.7,462.4696
831.8,462.4144
831.9,462.32437623762377
832.0,462.3525495049505
832.1,462.4
832.2,462.395
832.3,462.405
832.4,462.425
832.5,462.85000000000014
832.6,462.5890099009898
832.7,462.4204
832.8,462.45439999999996
832.9,462.54326732673263
833.0,462.5408
833.1,462.53
833.2,462.50809999999996
833.3,462.4854
833.4,462.42217821782185
833.5,462.4432
833.6,462.3952
833.7,462.40600000000006
833.8,462.4344
833.9,462.4257425742574
834.0,462.3845
834.1,462.40549999999996
834.2,462.4484
834.3,462.4881188118811
834.4,462.521
834.5,462.551
834.6,462.64400000000006
834.7,462.645
834.8,462.644
834.9,462.6153465346535
835.0,462.6345
835.1,462.6155
835.2,462.5793
835.3,462.5153465346535
835.4,462.4832
835.5,462.5072
835.6,462.43839999999994
835.7,462.4
835.8,462.4
835.9,462.4335
836.0,462.45
836.1,462.43009900990097
836.2,462.3935326732673
836.3,462.3734
836.4,462.3436
836.5,462.27118811881184
836.6,462.29850000000005
836.7,462.343
836.8,462.3435
836.9,462.33356435643566
837.0,462.3172
837.1,462.2908
837.2,462.29920000000004
837.3,462.2593069306931
837.4,462.23
837.5,462.25519999999995
837.6,462.22589999999997
837.7,462.2062376237624
837.8,462.2224
837.9,462.2176
838.0,462.2348
838.1,462.3058
838.2,462.3215841584158
838.3,462.34659999999997
838.4,462.40659999999997
838.5,462.4422
838.6,462.4561
838.7,462.4905
838.8,462.5222
838.9,462.5541584158416
839.0,462.552
839.1,462.49199999999996
839.2,462.45399999999995
839.3,462.41400000000004
839.4,462.4018811881188
839.5,462.39820000000003
839.6,462.3841
839.7,462.3741
839.8,462.3757247524752
839.9,462.3219168316832
840.0,462.2742
840.1,462.2468
840.2,462.2416
840.3,462.2729702970297
840.4,462.29
840.5,462.2615
840.6,462.2571
840.7,462.2643
840.8,462.2317821782178
840.9,462.2156
841.0,462.2592
841.1,462.29
841.2,462.3068
841.3,462.31440000000003
841.4,462.2989108910891
841.5,462.30100000000004
841.6,462.31550000000004
841.7,462.2925
841.8,462.27549999999997
841.9,462.2965
842.0,462.2935
842.1,462.2527722772277
842.2,462.2354
842.3,462.21840000000003
842.4,462.19460000000004
842.5,462.1475069306931
842.6,462.1206
842.7,462.1141
842.8,462.1159
842.9,462.1247
843.0,462.1094
843.1,462.1209900990099
843.2,462.1452
843.3,462.1864
843.4,462.21479999999997
843.5,462.2464
843.6,462.28520000000003
843.7,462.30029702970296
843.8,462.3049
843.9,462.3
844.0,462.2898
844.1,462.3153465346535
844.2,462.34000000000003
844.3,462.34499999999997
844.4,462.38
844.5,462.43
844.6,462.49
844.7,462.5249504950495
844.8,462.53
844.9,462.47610000000003
845.0,462.42
845.1,462.3759
845.2,462.29569999999995
845.3,462.2161910891089
845.4,462.16045148514854
845.5,462.1356
845.6,462.0864
845.7,462.0164
845.8,462.0136
845.9,462.11653465346535
846.0,462.2135
846.1,462.2776
846.2,462.3388
846.3,462.34590000000003
846.4,462.2924
846.5,462.2453
846.6,462.22138613861387
846.7,462.1724
846.8,462.1032
846.9,461.98640000000006
847.0,461.8771821782178
847.1,461.8273910891089
847.2,461.8
847.3,461.7955
847.4,461.79
847.5,461.79449999999997
847.6,461.8
847.7,461.7955
847.8,461.73207920792083
847.9,461.682
848.0,461.7144
848.1,461.68919999999997
848.2,461.62799999999993
848.3,461.61742574257426
848.4,461.6529
848.5,461.68719999999996
848.6,461.7057
848.7,461.6785
848.8,461.6672
848.9,461.68574257425746
849.0,461.6716
849.1,461.6558
849.2,461.6752
849.3,461.7184
849.4,461.73
849.5,461.6970831683168
849.6,461.6418
849.7,461.6546
849.8,461.6736
849.9,461.6540188118812
850.0,461.6718811881188
850.1,461.698
850.2,461.706
850.3,461.68800000000005
850.4,461.658
850.5,461.656
850.6,461.69972277227725
850.7,461.71446039603956
850.8,461.69
850.9,461.7134
851.0,461.73830000000004
851.1,461.7083
851.2,461.6861
851.3,461.67227722772276
851.4,461.6752
851.5,461.6848
851.6,461.6372
851.7,461.5924
851.8,461.5952
851.9,461.6124
852.0,461.6038
852.1,461.5986
852.2,461.58000000000004
852.3,461.58369999999996
852.4,461.5826
852.5,461.5589
852.6,461.5363
852.7,461.5337
852.8,461.5585
852.9,461.57890000000003
853.0,461.5490099009901
853.1,461.5372
853.2,461.56080000000003
853.3,461.58356435643566
853.4,461.5795
853.5,461.5775
853.6,461.617
853.7,461.63
853.8,461.6195
853.9,461.593
854.0,461.6045
854.1,461.6638613861386
854.2,461.6832
854.3,461.6734
854.4,461.6766
854.5,461.6734
854.6,461.6596
854.7,461.60990099009905
854.8,461.5999
854.9,461.63980000000004
855.0,461.6536
855.1,461.5901
855.2,461.57653465346533
855.3,461.58040000000005
855.4,461.5664
855.5,461.5768
855.6,461.5796
855.7,461.61920000000003
855.8,461.66319999999996
855.9,461.66366336633666
856.0,461.6562
856.1,461.68240000000003
856.2,461.7007
856.3,461.68929999999995
856.4,461.7162
856.5,461.7238
856.6,461.7069306930693
856.7,461.688
856.8,461.654
856.9,461.652
857.0,461.692
857.1,461.72
857.2,461.72
857.3,461.6992079207921
857.4,461.6471
857.5,461.64
857.6,461.64869999999996
857.7,461.65840000000003
857.8,461.6358
857.9,461.6442574257426
858.0,461.6132
858.1,461.56719999999996
858.2,461.5712
858.3,461.59720000000004
858.4,461.5927722772277
858.5,461.5920445544554
858.6,461.5619
858.7,461.5427
858.8,461.5635
858.9,461.5919801980198
859.0,461.57
859.1,471.4344000000233
859.2,515.7834000000385
859.3,577.6193999999688
859.4,634.5283782177962
859.5,685.7867079207657
859.6,743.485
859.7,801.5325000000504
859.8,860.9749999999829
859.9,919.2374999999854
860.0,974.4674999999812
860.1,1028.9624999999999
860.2,1041.3524999999931
860.3,1034.3300000000013
860.4,1032.054999999999
860.5,1036.3863366336618
860.6,1042.9487999999997
860.7,1046.5427999999986
860.8,1040.9964
860.9,1039.5819999999999
861.0,1041.0203999999997
861.1,1048.3063999999997
861.2,1053.5256000000018
861.3,1061.7461386138614
861.4,1067.1292999999987
861.5,1064.4254000000024
861.6,1070.4943999999973
861.7,1061.7723000000015
861.8,1067.9928999999997
861.9,1068.2505
862.0,1068.1283168316827
862.1,1067.4732000000013
862.2,1066.331199999993
862.3,1053.503200000001
862.4,1052.5977999999996
862.5,1053.328613861386
862.6,1055.1078000000061
862.7,1057.5614999999848
862.8,1041.6708999999953
862.9,1049.3842000000009
863.0,1048.3071999999995
863.1,1051.3832000000039
863.2,1056.7606930693094
863.3,1058.7940000000008
863.4,1056.0180000000003
863.5,1053.9500000000014
863.6,1049.8819999999998
863.7,1051.9620000000007
863.8,1053.6519999999987
863.9,1059.3011881188113
864.0,1061.4007
864.1,1056.9218
864.2,1052.3788000000031
864.3,1063.4108910891089
864.4,1064.6006000000011
864.5,1067.076399999998
864.6,1062.5030000000022
864.7,1067.8744554455416
864.8,1059.1528
864.9,1058.3774000000017
865.0,1055.0427999999995
865.1,1054.0647
865.2,1053.638217821781
865.3,1051.5720000000008
865.4,1049.7524000000003
865.5,1049.975999999999
865.6,1053.274455445542
865.7,1049.5514999999953
865.8,1045.8294999999996
865.9,1048.3304999999993
866.0,1050.9844554455449
866.1,1048.8377999999998
866.2,1046.2028000000003
866.3,1045.8647999999994
866.4,1037.7887128712866
866.5,1032.181699999996
866.6,1020.1047000000001
866.7,1018.9907999999969
866.8,1010.4686138613858
866.9,1010.4960000000011
867.0,1007.4252000000051
867.1,997.8344000000016
867.2,999.5871999999965
867.3,994.8027722772235
867.4,1000.3523000000031
867.5,993.1566999999972
867.6,1000.0421000000003
867.7,998.4656000000007
867.8,999.2078000000004
867.9,997.8336000000014
868.0,994.6045544554439
868.1,998.3780000000007
868.2,992.777
868.3,997.5550000000002
868.4,996.7750000000003
868.5,994.5059999999997
868.6,996.4600990099017
868.7,990.5346000000008
868.8,995.3541000000059
868.9,989.7400990099015
869.0,993.1524000000011
869.1,995.5295999999981
869.2,991.0588000000012
869.3,993.1408000000075
869.4,985.014399999993
869.5,994.5635999999998
869.6,994.270000000001
869.7,997.1252000000004
869.8,997.9324752475275
869.9,994.8895999999977
870.0,998.2435000000041
870.1,990.4905000000049
870.2,997.9866999999992
870.3,996.9009999999998
870.4,996.6578000000039
870.5,989.6638613861389
870.6,989.5555999999976
870.7,999.3525999999955
870.8,994.7345999999982
870.9,1000.0470000000012
871.0,996.5753999999984
871.1,1001.330800000002
871.2,994.1135643564443
871.3,1003.6995
871.4,1003.5300000000009
871.5,989.8129999999999
871.6,992.735
871.7,993.051
871.8,993.7939603960394
871.9,996.3927999999983
872.0,988.1948000000018
872.1,996.8419999999983
872.2,988.5032
872.3,988.9123999999979
872.4,990.9759405940587
872.5,987.5142000000038
872.6,996.099499999996
872.7,987.3522000000045
872.8,997.5099000000063
872.9,989.1338257425733
873.0,990.273168316832
873.1,990.9935999999989
873.2,989.3594000000049
873.3,996.4236000000062
873.4,984.0699999999949
873.5,994.2038000000035
873.6,986.762400000007
873.7,997.3414851485205
873.8,1005.7355000000023
873.9,996.5286999999964
874.0,1011.2826999999992
874.1,1014.4716000000011
874.2,1009.7550495049572
874.3,1017.26
874.4,1005.2
874.5,1007.97
874.6,1014.4816831683183
874.7,1020.9850138613878
874.8,1005.1704000000144
874.9,1010.1580000000012
875.0,1007.5864999999993
875.1,999.630099999998
875.2,1005.2547524752503
875.3,995.5700000000066
875.4,1002.0731999999955
875.5,1000.308799999999
875.6,998.8195999999991
875.7,997.0919801980185
875.8,985.1381000000052
875.9,995.4496999999953
876.0,986.535900000004
876.1,998.1422000000084
876.2,1000.47881188119
876.3,1000.0032000000001
876.4,1002.2359999999995
876.5,987.2419366336627
876.6,1002.4488366336643
876.7,996.6019999999996
876.8,1009.2365
876.9,1006.5664999999998
877.0,1006.01
877.1,1006.9400000000003
877.2,990.2115999999946
877.3,1006.9247999999841
877.4,1004.1213999999991
877.5,1010.4876000000021
877.6,1007.7697485148374
877.7,993.1009653465259
877.8,1008.4351999999894
877.9,984.3275000000164
878.0,1007.3147188118924
878.1,996.429334653455
878.2,1006.6184000000094
878.3,1001.6108000000023
878.4,997.8608000000013
878.5,1001.1863999999987
878.6,992.2817821782193
878.7,1007.9693000000166
878.8,997.4160000000016
878.9,1006.9115999999985
879.0,1001.9640000000009
879.1,1001.8431999999998
879.2,1005.2506930693072
879.3,997.6909999999999
879.4,1007.5110000000013
879.5,997.0277128712854
879.6,1004.7457524752508
879.7,1002.1030999999984
879.8,1001.8446999999999
879.9,1001.4382178217825
880.0,993.565599999996
880.1,996.2488000000026
880.2,997.9656000000009
880.3,1013.0195999999908
880.4,1011.758800000002
880.5,1025.9127722772223
880.6,1023.9462000000015
880.7,1025.992200000002
880.8,1032.158099999998
880.9,1033.2181188118811
881.0,1043.9569999999992
881.1,1051.7199999999996
881.2,1052.3732
881.3,1048.501600000001
881.4,1041.7912000000006
881.5,1041.7196039603962
881.6,1041.268
881.7,1047.4670000000012
881.8,1053.7479999999941
881.9,1056.6575
882.0,1059.2401980198028
882.1,1062.2808000000014
882.2,1056.3119999999967
882.3,1065.8487999999907
882.4,1070.8774257425725
882.5,1065.2218000000037
882.6,1064.8696000000007
882.7,1063.259475247523
882.8,1064.6817188118807
882.9,1063.6450000000004
883.0,1066.314799999999
883.1,1065.3874000000003
883.2,1059.8926732673272
883.3,1061.988599999999
883.4,1055.3809000000003
883.5,1050.3614000000002
883.6,1050.592475247525
883.7,1055.9200000000014
883.8,1057.9259999999992
883.9,1056.846
884.0,1051.9301584158393
884.1,1054.4641009901013
884.2,1063.2257000000045
884.3,1066.1668999999993
884.4,1069.022799999998
884.5,1072.0821782178202
884.6,1072.6464
884.7,1069.4453999999973
884.8,1071.0303999999987
884.9,1070.9032000000004
885.0,1073.7197999999983
885.1,1073.2980198019804
885.2,1073.7131000000008
885.3,1072.3330000000005
885.4,1071.2340000000002
885.5,1071.3503
885.6,1072.4310891089108
885.7,1071.9876
885.8,1062.5160000000028
885.9,1058.1028
886.0,1058.2684
886.1,1059.493366336634
886.2,1060.7375000000004
886.3,1056.577500000005
886.4,1054.1225
886.5,1051.054999999999
886.6,1052.2400000000007
886.7,1053.8336138613868
886.8,1056.3750059405922
886.9,1056.168400000001
887.0,1050.0849999999982
887.1,1034.5797999999904
887.2,1032.0082000000016
887.3,1028.5092118811906
887.4,1027.0519594059406
887.5,1027.3600999999999
887.6,1014.4075999999918
887.7,1005.645299999996
887.8,995.5687000000045
887.9,994.482399999999
888.0,989.9164000000027
888.1,998.2539603960367
888.2,1004.5788000000023
888.3,1007.6527999999996
888.4,1008.3316000000001
888.5,1003.4748000000009
888.6,1003.7267999999996
888.7,1004.4203999999999
888.8,1009.5971999999989
888.9,1008.4363366336634
889.0,1004.1608999999996
889.1,1001.5483999999998
889.2,990.5287999999985
889.3,992.181399999998
889.4,992.6246534653458
889.5,993.3650000000007
889.6,993.6759999999998
889.7,990.6989999999987
889.8,991.8699999999973
889.9,991.28
890.0,996.4910000000029
890.1,999.2764356435646
890.2,999.9765000000004
890.3,1001.550999999999
890.4,997.7033000000035
890.5,995.5650999999999
890.6,993.2367999999981
890.7,999.292500000006
890.8,1004.1121999999987
890.9,1000.7093851485173
891.0,1003.7338851485126
891.1,996.3291999999935
891.2,998.448000000008
891.3,1000.2808000000006
891.4,1000.7343999999996
891.5,1008.6661386138597
891.6,1005.3690000000008
891.7,1004.0470000000021
891.8,995.9982000000011
891.9,1004.6954999999984
892.0,1001.3913000000011
892.1,1003.2900999999993
892.2,1012.7427722772284
892.3,1005.6234000000036
892.4,1001.4324000000003
892.5,996.4129999999986
892.6,998.5494000000011
892.7,1002.0078000000002
892.8,1001.551683168318
892.9,998.2555
893.0,988.0624999999948
893.1,991.801000000005
893.2,990.2134999999962
893.3,993.2054999999928
893.4,996.7069999999999
893.5,994.0284158415818
893.6,994.3468000000018
893.7,986.387999999991
893.8,989.3683999999937
893.9,987.7012000000047
894.0,992.1304000000027
894.1,995.9019801980189
894.2,993.1411999999967
894.3,993.6714999999991
894.4,990.5286000000017
894.5,992.2724999999983
894.6,977.2874999999874
894.7,961.8868722772515
894.8,965.664500990114
894.9,962.4506000000002
895.0,961.6537999999999
895.1,966.1743999999999
895.2,964.0594000000001
895.3,968.0954455445444
895.4,963.2509000000033
895.5,980.111900000008
895.6,996.2656000000006
895.7,1000.0774257425759
895.8,998.3940000000038
895.9,997.6759999999982
896.0,1000.1779999999999
896.1,1002.1658415841595
896.2,1003.745000000001
896.3,997.634000000005
896.4,999.644699999995
896.5,1001.890569306932
896.6,1000.7518712871286
896.7,1001.1816
896.8,999.2296000000008
896.9,998.3319999999999
897.0,992.8926000000021
897.1,992.5079999999987
897.2,993.0691089108914
897.3,994.3255999999977
897.4,997.5531000000001
897.5,996.8636999999999
897.6,996.1676237623764
897.7,990.5651999999973
897.8,992.2547999999902
897.9,996.1760000000004
898.0,1000.1616000000022
898.1,1003.4851999999997
898.2,1000.7524752475231
898.3,1004.9164999999931
898.4,1002.6860000000082
898.5,1004.1425544554455
898.6,1013.9076534653509
898.7,1015.5487999999978
898.8,1014.0054000000001
898.9,1012.2248000000011
899.0,1011.6235999999996
899.1,1005.8949999999974
899.2,1005.8738000000075
899.3,1007.4738000000021
899.4,1006.4841841584147
899.5,1007.843014851485
899.6,1005.0881000000007
899.7,1006.3824000000031
899.8,1003.1751000000017
899.9,1003.5650999999983
900.0,1004.9107000000012
900.1,1004.6902999999991
900.2,1008.4655000000006
900.3,1006.7749792079214
900.4,1008.6219049504948
900.5,1005.7747999999989
900.6,1005.126400000001
900.7,1005.9403999999993
900.8,1007.1283999999956
900.9,985.0623999999953
901.0,932.8559999999951
901.1,881.1552475247418
901.2,829.4189999999825
901.3,776.5740000000425
901.4,719.348300000014
901.5,669.000299999987
901.6,619.5801999999806
901.7,567.6946534653263
901.8,514.2450000000351
901.9,475.2600000000092
902.0,467.04499999999996
902.1,466.77999999999986
902.2,466.5549999999999
902.3,466.34500000000014
902.4,466.1550000000001
902.5,465.961089108911
902.6,465.8108
902.7,465.73569999999995
902.8,465.70489999999995
902.9,465.69568811881186
903.0,465.7044118811881
903.1,465.7396
903.2,465.71639999999996
903.3,465.6512
903.4,465.63439999999997
903.5,465.6692
903.6,465.6761099009901
903.7,465.6694
903.8,465.68
903.9,465.66589999999997
904.0,465.6171
904.1,465.58
904.2,465.5846
904.3,465.6038
904.4,465.5878
904.5,465.53159999999997
904.6,465.50544554455445
904.7,465.48199999999997
904.8,465.451
904.9,465.431
905.0,465.3885
905.1,465.35450000000003
905.2,465.34663366336633
905.3,465.2948
905.4,465.21040000000005
905.5,465.11160000000007
905.6,465.0148
905.7,464.948
905.8,464.87160000000006
905.9,464.76160000000004
906.0,464.7
906.1,464.6699
906.2,464.6042
906.3,464.5485
906.4,464.5243
906.5,464.52570000000003
906.6,464.5028
906.7,464.4628
906.8,464.4442574257426
906.9,464.4542
907.0,464.4642
907.1,464.4616
907.2,464.4332
907.3,464.4142
907.4,464.4242
907.5,464.4048
907.6,464.3784
907.7,464.3858
907.8,464.38008316831684
907.9,464.3882584158416
908.0,464.3918
908.1,464.38
908.2,464.3759
908.3,464.34950000000003
908.4,464.2995
908.5,464.2659
908.6,464.2436
908.7,464.22
908.8,464.2323
908.9,464.2336405940594
909.0,464.1815841584158
909.1,464.148
909.2,464.156
909.3,464.162
909.4,464.176
909.5,464.166
909.6,464.164
909.7,464.1940000000001
909.8,464.2100792079208
909.9,464.1639772277228
910.0,464.16729999999995
910.1,464.21389999999997
910.2,464.2005
910.3,464.17
910.4,464.1778
910.5,464.20169999999996
910.6,464.2122
910.7,464.1844
910.8,464.1638613861386
910.9,464.16999999999996
911.0,464.1624
911.1,464.15
911.2,464.15
911.3,464.13890000000004
911.4,464.1274
911.5,464.1474
911.6,464.14149999999995
911.7,464.1174
911.8,464.16329999999994
911.9,464.2016831683169
912.0,464.17
912.1,464.17719999999997
912.2,464.17199999999997
912.3,464.1544
912.4,464.1692
912.5,464.1464
912.6,464.14352871287133
912.7,464.15343564356436
912.8,464.139
912.9,464.086
913.0,464.053
913.1,464.04
913.2,464.0434653465347
913.3,464.033
913.4,463.9966
913.5,463.9866
913.6,463.99019999999996
913.7,464.020099009901
913.8,464.01676732673275
913.9,463.97990000000004
914.0,464.0066
914.1,464.0134
914.2,463.9901
914.3,463.99287128712865
914.4,464.03679999999997
914.5,464.0364
914.6,464.0404
914.7,464.0136
914.8,464.01599999999996
914.9,464.05633663366336
915.0,464.0359
915.1,463.96
915.2,463.96
915.3,463.9538
915.4,463.9462
915.5,463.9445
915.6,463.9100920792079
915.7,463.9038613861386
915.8,463.902
915.9,463.942
916.0,463.973
916.1,463.968
916.2,463.95485148514854
916.3,464.0045
916.4,464.0197
916.5,463.9787
916.6,464.0145
916.7,464.03564356435646
916.8,463.9832
916.9,463.9344
917.0,463.9228
917.1,463.9608
917.2,464.0316
917.3,463.9904
917.4,463.9456
917.5,463.95722772277225
917.6,463.93379999999996
917.7,463.8873
917.8,463.8827
917.9,463.88730000000004
918.0,463.8798534653465
918.1,463.86439999999993
918.2,463.8174
918.3,463.8152
918.4,463.8404
918.5,463.87
918.6,463.86740000000003
918.7,463.86260000000004
918.8,463.8777227722772
918.9,463.90999999999997
919.0,463.92
919.1,463.855
919.2,463.8325
919.3,463.81
919.4,463.795
919.5,463.73267326732673
919.6,463.68982574257427
919.7,463.732
919.8,463.7484
919.9,463.6824
920.0,463.702
920.1,463.74
920.2,463.7492
920.3,463.78
920.4,463.7777
920.5,463.7631
920.6,463.7492
920.7,463.77079999999995
920.8,463.7423
920.9,463.74316831683166
921.0,463.7244
921.1,463.74660000000006
921.2,463.7546
921.3,463.7022
921.4,463.72979999999995
921.5,463.8022
921.6,463.8056
921.7,463.79
921.8,463.8026
921.9,463.8521
922.0,463.8537
922.1,463.81319999999994
922.2,463.7541584158416
922.3,463.772
922.4,463.778
922.5,463.764
922.6,463.74
922.7,463.7362
922.8,463.70480000000003
922.9,463.63620000000003
923.0,463.6162
923.1,463.6171
923.2,463.69190000000003
923.3,463.7037623762376
923.4,463.7038
923.5,463.648
923.6,463.7228
923.7,463.6918
923.8,463.7
923.9,463.69643564356437
924.0,463.68680000000006
924.1,463.7149
924.2,463.68489999999997
924.3,463.66339999999997
924.4,463.6902
924.5,463.7332
924.6,463.71700000000004
924.7,463.8016831683168
924.8,463.818
924.9,463.868
925.0,463.90680000000003
925.1,463.8836
925.2,463.8468
925.3,463.8332
925.4,463.8420792079208
925.5,463.7925
925.6,463.7305
925.7,463.62750000000005
925.8,463.65798514851485
925.9,463.5908891089109
926.0,463.5986
926.1,463.5984
926.2,463.6528
926.3,463.6839168316832
926.4,463.7728584158416
926.5,463.7991
926.6,463.87170000000003
926.7,463.9474
926.8,463.9274257425743
926.9,463.9076
927.0,463.88280000000003
927.1,463.8264
927.2,463.7988118811881
927.3,463.7746000000001
927.4,463.6478
927.5,463.6289
927.6,463.61673267326734
927.7,463.59299999999996
927.8,463.615
927.9,463.56899999999996
928.0,463.5649504950495
928.1,463.6127
928.2,463.6319
928.3,463.5482
928.4,463.53
928.5,463.5292
928.6,463.5168
928.7,463.48240000000004
928.8,463.5116
928.9,463.5331683168316
929.0,463.5679
929.1,463.54350000000005
929.2,463.5928
929.3,463.6328
929.4,463.6727722772277
929.5,463.71119999999996
929.6,463.7324
929.7,463.7682
929.8,463.7388
929.9,463.7182178217822
930.0,463.6895
930.1,463.6805
930.2,463.692
930.3,463.728
930.4,463.6880198019802
930.5,463.64639999999997
930.6,463.55920000000003
930.7,463.5412
930.8,463.56640000000004
930.9,463.482
931.0,463.5316
931.1,463.5696
931.2,463.55603960396036
931.3,463.46000000000004
931.4,463.4609
931.5,463.4936000000001
931.6,463.6085
931.7,463.55940594059405
931.8,463.54099999999994
931.9,463.59000000000003
932.0,463.5894
932.1,463.5594
932.2,463.5317821782179
932.3,463.6202
932.4,463.6402
932.5,463.6594
932.6,463.6
932.7,463.6001
932.8,463.6102
932.9,463.6294059405941
933.0,463.57
933.1,463.6
933.2,463.64
933.3,463.63
933.4,463.61
933.5,463.580297029703
933.6,463.6493
933.7,463.6599
933.8,463.6798
933.9,463.6305
934.0,463.6399
934.1,463.5907940594059
934.2,463.648796039604
934.3,463.65
934.4,463.57160000000005
934.5,463.5994
934.6,463.56118811881186
934.7,463.56
934.8,463.48240000000004
934.9,463.5285
935.0,463.52039603960395
935.1,463.5776
935.2,463.4839999999999
935.3,463.5184
935.4,463.616
935.5,463.65840000000003
935.6,463.6409900990099
935.7,463.6305
935.8,463.668
935.9,463.6795
936.0,463.6705
936.1,463.68899999999996
936.2,463.709
936.3,463.7575
936.4,463.7129702970297
936.5,463.6724
936.6,463.7264
936.7,463.7394
936.8,463.71180000000004
936.9,463.76640000000003
937.0,463.6955445544554
937.1,463.6341861386138
937.2,463.5928
937.3,463.51560000000006
937.4,463.4542
937.5,463.39419999999996
937.6,463.4086
937.7,463.45603960396045
937.8,463.36800000000005
937.9,463.40599999999995
938.0,463.4652
938.1,463.55280000000005
938.2,463.5784
938.3,463.5892
938.4,463.57178217821786
938.5,463.5336
938.6,463.439
938.7,463.27529999999985
938.8,463.2327
938.9,463.1845
939.0,463.1169306930693
939.1,462.993
939.2,462.91700000000003
939.3,462.892
939.4,462.863
939.5,462.887
939.6,462.8632673267327
939.7,462.8867
939.8,462.9967999999999
939.9,462.9655
940.0,462.9422
940.1,462.9667
940.2,463.0316831683169
940.3,463.0576
940.4,463.0688
940.5,463.0172
940.6,463.0452
940.7,463.05
940.8,462.97080000000005
940.9,462.9861386138614
941.0,462.9813
941.1,462.99739999999997
941.2,463.07830000000007
941.3,463.04650000000004
941.4,462.98831683168316
941.5,463.00582772277227
941.6,462.9842
941.7,462.9542
941.8,462.91560000000004
941.9,462.953
942.0,462.96860000000004
942.1,462.9614
942.2,462.8833663366337
942.3,462.8785
942.4,462.897
942.5,462.9085
942.6,462.90999999999997
942.7,462.927
942.8,462.9385
942.9,462.957
943.0,462.99366336633665
943.1,462.9916
943.2,462.9732
943.3,463.0455999999999
943.4,463.00960000000003
943.5,462.9832
943.6,462.9548
943.7,462.95
943.8,462.9752
943.9,462.96320000000003
944.0,462.91009900990105
944.1,462.9415
944.2,462.97490000000005
944.3,462.92190000000005
944.4,462.8851
944.5,462.8966
944.6,462.9328712871287
944.7,462.89079999999996
944.8,462.839
944.9,462.83000000000004
945.0,462.8464
945.1,462.8254
945.2,462.81196237623766
945.3,462.76948118811885
945.4,462.76
945.5,462.7762
945.6,462.7719801980198
945.7,462.7700396039604
945.8,462.80199999999996
945.9,462.81
946.0,462.85
946.1,462.812
946.2,462.784
946.3,462.8275247524752
946.4,462.8637
946.5,462.8305
946.6,462.82
946.7,462.90690000000006
946.8,462.93
946.9,462.9143564356436
947.0,462.88660000000004
947.1,462.88779999999997
947.2,462.9134
947.3,462.9122
947.4,462.86366336633665
947.5,462.8731
947.6,462.8646
947.7,462.79839999999996
947.8,462.98789999999997
947.9,508.5107999999886
948.0,563.6853999999896
948.1,620.8233663366331
948.2,680.6792000000028
948.3,738.461999999987
948.4,798.0568000000028
948.5,861.785200000003
948.6,920.4016831683297
948.7,969.4975000000134
948.8,1024.1899999999512
948.9,1046.085
949.0,1052.9811881188145
949.1,1055.1290000000004
949.2,1054.2029999999993
949.3,1054.4215999999994
949.4,1055.5427999999993
949.5,1057.9041584158404
949.6,1053.0508999999965
949.7,1058.688800000008
949.8,1063.7883999999988
949.9,1072.6499999999978
950.0,1075.6004
950.1,1080.4027999999992
950.2,1084.8820000000026
950.3,1074.1133663366331
950.4,1062.781199999999
950.5,1057.9670999999996
950.6,1058.5413000000003
950.7,1060.0227722772283
950.8,1061.0579999999993
950.9,1058.281
951.0,1065.062000000004
951.1,1060.843861386133
951.2,1054.7834999999977
951.3,1048.4288000000042
951.4,1053.582699999994
951.5,1062.5898019801948
951.6,1067.4472000000014
951.7,1061.5911999999917
951.8,1053.6473267326744
951.9,1055.8790999999994
952.0,1058.234
952.1,1058.9298
952.2,1060.6065346534656
952.3,1063.6165999999994
952.4,1062.0709999999995
952.5,1058.8185999999996
952.6,1060.4773267326746
952.7,1062.9325000000006
952.8,1064.4719999999988
952.9,1061.979019801983
953.0,1056.662926732672
953.1,1056.613200000002
953.2,1063.909600000006
953.3,1068.0199999999995
953.4,1069.951485148514
953.5,1069.5874000000006
953.6,1061.8973999999948
953.7,1055.6464999999969
953.8,1054.6756435643563
953.9,1054.3888
954.0,1058.5391999999997
954.1,1058.9536000000003
954.2,1055.796633663366
954.3,1055.5844999999988
954.4,1057.6688999999994
954.5,1062.232900000001
954.6,1063.6361386138608
954.7,1061.2919999999986
954.8,1055.6620000000053
954.9,1045.1300000000085
955.0,1037.78
955.1,1030.2043564356377
955.2,1025.3660999999993
955.3,1024.1148000000005
955.4,1012.0909000000086
955.5,1004.5439603960394
955.6,999.321000000002
955.7,993.941199999999
955.8,991.7900000000004
955.9,994.1313861386136
956.0,996.0226
956.1,995.7897
956.2,999.6442574257437
956.3,998.730800000006
956.4,997.3371999999994
956.5,995.8559999999986
956.6,996.0897029702988
956.7,998.6535000000007
956.8,998.1185000000013
956.9,998.4434999999986
957.0,995.0915
957.1,994.3272277227755
957.2,995.2189999999981
957.3,993.3736000000005
957.4,998.4883999999959
957.5,999.3526000000028
957.6,998.1286138613852
957.7,996.7940999999972
957.8,999.8588999999984
957.9,1005.6623999999998
958.0,1006.9308910891089
958.1,1006.5695999999998
958.2,1000.3635999999991
958.3,1000.3295999999958
958.4,1001.356831683167
958.5,996.4363999999989
958.6,997.0391000000016
958.7,996.7774999999983
958.8,996.8265999999962
958.9,992.9597029703053
959.0,1010.0600000000002
959.1,1035.1850000000024
959.2,1044.7975742574363
959.3,1046.7068207920831
959.4,1042.2953999999988
959.5,1044.7214999999997
959.6,1045.620408910891
959.7,1047.1740514851494
959.8,1042.5532000000012
959.9,1047.6819999999977
960.0,1024.983069306929
960.1,990.2011000000014
960.2,990.1284999999984
960.3,988.4815999999962
960.4,992.758316831683
960.5,992.1607999999997
960.6,993.3718000000015
960.7,989.6573900990038
960.8,989.2510099009826
960.9,991.5355000000063
961.0,988.722
961.1,992.672871287127
961.2,990.4399999999982
961.3,991.4539999999987
961.4,988.4632000000036
961.5,987.3335999999962
961.6,989.5681188118834
961.7,986.6414000000045
961.8,991.6033
961.9,989.4962
962.0,990.5814999999998
962.1,989.9045544554449
962.2,989.9218000000027
962.3,983.4256000000154
962.4,965.0910000000007
962.5,964.1320792079188
962.6,966.4295000000067
962.7,970.6989999999951
962.8,968.2130999999931
962.9,973.2769000000004
963.0,968.1149504950442
963.1,968.646000000011
963.2,975.4439999999952
963.3,976.7784158415791
963.4,989.9112227722746
963.5,996.8221000000002
963.6,995.1803376237615
963.7,992.9004079207914
963.8,993.1534
963.9,990.8881999999998
964.0,987.2528712871294
964.1,987.9814999999982
964.2,985.5269000000014
964.3,988.7546000000004
964.4,990.5231683168273
964.5,996.0055999999988
964.6,995.9251999999951
964.7,992.5652000000041
964.8,994.0404950495108
964.9,989.6204999999972
965.0,994.0890000000003
965.1,994.591
965.2,997.0650495049522
965.3,995.6684000000013
965.4,992.9771999999987
965.5,994.3728000000019
965.6,988.8204950495045
965.7,996.3786000000009
965.8,1000.0204000000068
965.9,996.4212000000008
966.0,1002.6153465346533
966.1,1003.081200000001
966.2,1000.215599999995
966.3,991.7239603960346
966.4,998.4204999999962
966.5,1003.0794999999999
966.6,1003.3435
966.7,1001.2418811881147
966.8,998.2839999999983
966.9,998.9040000000034
967.0,994.4697920792049
967.1,999.5152336633673
967.2,1000.6330000000028
967.3,1009.0965999999999
967.4,1009.8801999999998
967.5,1010.6159405940595
967.6,1007.3415999999987
967.7,1002.4484000000009
967.8,1006.5832000000022
967.9,1007.0360396039624
968.0,1013.3958999999986
968.1,1011.0968000000006
968.2,1012.1753999999996
968.3,1008.8936633663433
968.4,1003.0143999999977
968.5,1004.8466000000013
968.6,1003.9860000000076
968.7,1012.970198019801
968.8,1012.2924999999996
968.9,1012.4400000000007
969.0,1010.0600000000002
969.1,1011.2112871287127
969.2,1016.4868554455469
969.3,1022.6367999999992
969.4,1034.3327999999997
969.5,1039.0138970297028
969.6,1040.6981079207922
969.7,1037.1891000000003
969.8,1037.8945000000006
969.9,1038.2696712871298
970.0,1043.0015386138627
970.1,1048.4610000000023
970.2,1052.411
970.3,1051.9330000000016
970.4,1050.6097029702955
970.5,1052.8011999999997
970.6,1054.779500000002
970.7,1059.5925742574343
970.8,1070.9779999999978
970.9,1067.1560000000131
971.0,1019.5380000000017
971.1,1024.1862376237527
971.2,1066.7482999999997
971.3,1065.5064
971.4,1065.5376
971.5,1065.9587999999999
971.6,1060.2227722772275
971.7,1062.9134000000067
971.8,1088.1213999999873
971.9,1103.9894000000006
972.0,1107.3418811881204
972.1,1110.9388999999967
972.2,1105.1420792079205
972.3,1105.252399999998
972.4,1108.6652000000013
972.5,1105.6928000000007
972.6,1105.6148000000098
972.7,1113.534059405926
972.8,1090.1291980198139
972.9,1061.1109999999987
973.0,1067.0835
973.1,1066.999
973.2,1064.5387128712896
973.3,1066.5027999999998
973.4,1064.8141999999998
973.5,1062.3285999999998
973.6,1063.645445544555
973.7,1069.3868000000004
973.8,1070.7116999999992
973.9,1071.3167999999991
974.0,1069.061188118812
974.1,1069.4204000000004
974.2,1070.3700000000017
974.3,1072.1703445544592
974.4,1064.9754306930724
974.5,1057.0370000000005
974.6,1055.7623000000003
974.7,1054.703267326732
974.8,1053.7140000000002
974.9,1052.574
975.0,1051.7849999999999
975.1,1052.4055445544554
975.2,1051.6003999999996
975.3,1048.6499999999983
975.4,1050.8867000000007
975.5,1055.2577227722775
975.6,1056.1515999999967
975.7,1048.0124000000005
975.8,1048.5720000000083
975.9,1038.3792000000037
976.0,1032.2264356435592
976.1,1019.7392000000009
976.2,1020.9043999999976
976.3,1016.4786000000048
976.4,1007.5860000000039
976.5,1000.6176237623783
976.6,997.0103999999999
976.7,997.304399999993
976.8,989.8471999999986
976.9,994.7541999999995
977.0,996.2721782178216
977.1,997.3164999999997
977.2,1004.098
977.3,997.4384158415837
977.4,1004.9091999999983
977.5,996.1716000000008
977.6,1000.0968000000003
977.7,1001.197821782178
977.8,1000.6390000000004
977.9,999.6645000000068
978.0,990.4292000000045
978.1,1000.5088118811847
978.2,992.595799999999
978.3,990.9483999999993
978.4,992.3300000000004
978.5,992.0371999999956
978.6,1001.5552475247476
978.7,994.4315000000038
978.8,998.5074000000008
978.9,995.3085999999994
979.0,998.1655999999995
979.1,1000.6374188118826
979.2,994.3738613861381
979.3,999.82
979.4,992.79
979.5,996.9
979.6,996.32
979.7,992.76
979.8,1002.63
979.9,996.51
980.0,1005.0644554455465
980.1,1004.5163999999997
980.2,1007.0147000000006
980.3,1011.2375999999961
980.4,1012.6462000000004
980.5,1015.6888118811896
980.6,1003.7939999999942
980.7,1020.1806000000082
980.8,1016.247200000003
980.9,1004.3216000000081
981.0,1003.5997999999997
981.1,1000.5127999999985
981.2,1008.4258415841642
981.3,998.5141000000044
981.4,995.9496000000009
981.5,989.9824000000026
981.6,993.0010000000023
981.7,997.1352000000029
981.8,989.9321782178233
981.9,998.6059999999984
982.0,988.400800000002
982.1,989.3903999999998
982.2,987.395599999998
982.3,989.5467999999996
982.4,996.7055999999986
982.5,992.836831683168
982.6,1001.2270000000005
982.7,990.0994999999994
982.8,993.2139999999999
982.9,989.9519999999998
983.0,992.7815
983.1,1001.11376237624
983.2,1009.0842000000025
983.3,1018.649799999992
983.4,1018.0925999999997
983.5,1013.0661999999984
983.6,1017.2526000000014
983.7,1017.5776000000001
983.8,1019.9581999999979
983.9,1005.0605999999964
984.0,1022.1740594059505
984.1,1024.4221000000007
984.2,997.0549999999844
984.3,993.1021000000013
984.4,989.6771000000022
984.5,998.7672000000046
984.6,989.9291207920735
984.7,996.8327485148577
984.8,996.1560000000006
984.9,999.8671999999985
985.0,1003.0427999999988
985.1,996.4359999999949
985.2,1010.5416000000124
985.3,1004.8096000000028
985.4,1006.7023999999989
985.5,1010.6364356435638
985.6,1011.5005
985.7,1013.3245000000019
985.8,1009.2594000000006
985.9,1008.5336633663367
986.0,1002.4969999999992
986.1,1003.5670000000002
986.2,1002.761
986.3,1000.2886138613883
986.4,1002.7145000000007
986.5,991.8893999999955
986.6,993.206700000001
986.7,986.957524752471
986.8,989.4051999999979
986.9,998.8271999999945
987.0,1001.6692000000008
987.1,1007.4313861386127
987.2,1000.4286999999938
987.3,1006.3852999999974
987.4,1003.7351000000012
987.5,1006.6427722772273
987.6,1005.6778
987.7,1005.0774
987.8,1006.3357999999996
987.9,999.0078000000008
988.0,1001.6843999999996
988.1,996.0700990098999
988.2,1006.0810000000022
988.3,1008.7964999999991
988.4,1006.1948514851509
988.5,1007.1668000000005
988.6,999.7555999999963
988.7,1003.5064000000025
988.8,997.0148514851533
988.9,1006.1820999999939
989.0,1009.3576999999995
989.1,1007.0450999999987
989.2,1007.7003000000009
989.3,999.8373099009948
989.4,1003.0170891089092
989.5,972.8034000000097
989.6,931.4426000000105
989.7,877.0397999999609
989.8,824.3392079207949
989.9,771.4342000000006
990.0,711.2477000000007
990.1,666.9623000000005
990.2,610.5776237623654
990.3,564.3400000000389
990.4,510.246
990.5,477.4279999999939
990.6,467.6379999999987
990.7,466.30029702970285
990.8,466.0346000000002
990.9,465.79830000000015
991.0,465.55249999999995
991.1,465.3748514851484
991.2,465.27759999999995
991.3,465.18980000000005
991.4,465.1622
991.5,465.13660000000004
991.6,465.0832
991.7,465.05455445544555
991.8,465.0346
991.9,464.9761
992.0,464.94460000000004
992.1,464.8938
992.2,464.78089108910893
992.3,464.7576
992.4,464.63079999999997
992.5,464.552300990099
992.6,464.46490099009895
992.7,464.38
992.8,464.33000000000004
992.9,464.32
993.0,464.2975742574257
993.1,464.20841980198014
993.2,464.22440000000006
993.3,464.21040000000005
993.4,464.2222
993.5,464.22267326732674
993.6,464.26380000000006
993.7,464.30920000000003
993.8,464.2908
993.9,464.24386138613863
994.0,464.23720000000003
994.1,464.2328
994.2,464.18679999999995
994.3,464.19145742574256
994.4,464.1644425742574
994.5,464.1003
994.6,464.0729
994.7,464.07
994.8,464.0345
994.9,463.9987
995.0,464.0040594059406
995.1,463.989
995.2,463.952
995.3,463.92600000000004
995.4,463.9271386138614
995.5,463.90930000000003
995.6,463.85859999999997
995.7,463.8331
995.8,463.84393663366336
995.9,463.84310495049505
996.0,463.83320000000003
996.1,463.8028
996.2,463.76279999999997
996.3,463.7704
996.4,463.78
996.5,463.7934653465346
996.6,463.8134
996.7,463.7999
996.8,463.823300990099
996.9,463.8136
997.0,463.7736
997.1,463.7732
997.2,463.7404
997.3,463.7330693069307
997.4,463.714
997.5,463.66749999999996
997.6,463.62399999999997
997.7,463.6555
997.8,463.6412574257426
997.9,463.61367128712874
998.0,463.6164
998.1,463.6072
998.2,463.5809900990099
998.3,463.56370000000004
998.4,463.5789
998.5,463.5648
998.6,463.5063366336634
998.7,463.4862
998.8,463.4838
998.9,463.4676
999.0,463.44759999999997
999.1,463.4582316831683
999.2,463.48227722772276
999.3,463.4656
999.4,463.4683
999.5,463.48597920792076
999.6,463.49003960396044
999.7,463.472
999.8,463.448
999.9,463.46999999999997
1000.0,463.49
1000.1,463.4782
1000.2,463.4464
1000.3,463.4359
1000.4,463.44
1000.5,463.46320000000003
1000.6,463.45680000000004
1000.7,463.4226
1000.8,463.4274
1000.9,463.44574257425745
1001.0,463.4272
1001.1,463.3815
1001.2,463.3885
1001.3,463.4043564356436
1001.4,463.3944
1001.5,463.3284
1001.6,463.3136
1001.7,463.3568
1001.8,463.33673267326736
1001.9,463.2825
1002.0,463.282
1002.1,463.31633663366335
1002.2,463.2976
1002.3,463.2754
1002.4,463.2746
1002.5,463.29699999999997
1002.6,463.3253465346535
1002.7,463.3194
1002.8,463.2994
1002.9,463.2582
1003.0,463.23
1003.1,463.26640000000003
1003.2,463.31039999999996
1003.3,463.32
1003.4,463.34574257425743
1003.5,463.3445
1003.6,463.2894
1003.7,463.23449999999997
1003.8,463.2504970297029
1003.9,463.29495049504953
1004.0,463.305
1004.1,463.2699999999999
1004.2,463.26000000000005
1004.3,463.3345544554455
1004.4,463.3653
1004.5,463.35490000000004
1004.6,463.3649
1004.7,463.3748514851485
1004.8,463.38
1004.9,463.38480000000004
1005.0,463.3996
1005.1,463.3909900990099
1005.2,463.3465
1005.3,463.2918
1005.4,463.2318
1005.5,463.1906
1005.6,463.1567326732673
1005.7,463.13
1005.8,463.0748000000001
1005.9,463.0146
1006.0,463.0017821782178
1006.1,462.971
1006.2,462.933
1006.3,462.891
1006.4,462.84850000000006
1006.5,462.79200000000003
1006.6,462.77445544554456
1006.7,462.75359999999995
1006.8,462.7332
1006.9,462.71479999999997
1007.0,462.67871287128713
1007.1,462.6814
1007.2,462.65279999999996
1007.3,462.6085
1007.4,462.6058
1007.5,462.6443
1007.6,462.6159405940594
1007.7,462.55740000000003
1007.8,462.5484
1007.9,462.5768
1008.0,462.60839999999996
1008.1,462.6326
1008.2,462.65840000000003
1008.3,462.65752475247524
1008.4,462.6154
1008.5,462.58000000000004
1008.6,462.6005
1008.7,462.6382
1008.8,462.6215841584159
1008.9,462.596
1009.0,462.632
1009.1,462.638
1009.2,462.62
1009.3,462.628
1009.4,462.6400396039604
1009.5,462.6319584158416
1009.6,462.6356
1009.7,462.6678
1009.8,462.69169999999997
1009.9,462.7061772277228
1010.0,462.7039227722772
1010.1,462.71000000000004
1010.2,462.7138
1010.3,462.7504
1010.4,462.8076
1010.5,462.8314
1010.6,462.81990099009903
1010.7,462.77369999999996
1010.8,462.7726
1010.9,462.7563
1011.0,462.71669999999995
1011.1,462.66732673267325
1011.2,462.6764
1011.3,462.6628
1011.4,462.67159999999996
1011.5,462.69217821782183
1011.6,462.688
1011.7,462.75750000000005
1011.8,462.804
1011.9,462.8195
1012.0,462.807
1012.1,462.78188118811886
1012.2,462.72360000000003
1012.3,462.7398
1012.4,462.68600000000004
1012.5,462.6233663366337
1012.6,462.6234
1012.7,462.6067
1012.8,462.6033
1012.9,462.6034653465347
1013.0,462.59
1013.1,462.61560000000003
1013.2,462.6604
1013.3,462.63996831683164
1013.4,462.64613168316833
1013.5,462.6662
1013.6,462.6769
1013.7,462.64829999999995
1013.8,462.5907
1013.9,462.59169999999995
1014.0,462.6369306930693
1014.1,462.62699999999995
1014.2,462.614
1014.3,462.615
1014.4,462.6619702970297
1014.5,462.6812297029703
1014.6,462.6658
1014.7,462.6945
1014.8,462.74739999999997
1014.9,462.7726
1015.0,462.7184
1015.1,462.6817425742574
1015.2,462.6684
1015.3,462.67600000000004
1015.4,462.6176
1015.5,462.5572
1015.6,462.5612
1015.7,462.5872277227723
1015.8,462.53410000000014
1015.9,462.4262
1016.0,462.4860396039604
1016.1,462.5222
1016.2,462.49219999999997
1016.3,462.4726
1016.4,462.46700000000004
1016.5,462.4351485148515
1016.6,462.45
1016.7,462.43249999999995
1016.8,462.405
1016.9,462.48
1017.0,462.48
1017.1,462.48
1017.2,462.4848
1017.3,462.4928
1017.4,462.4916
1017.5,462.5696
1017.6,462.59049504950497
1017.7,462.5577
1017.8,462.5592
1017.9,462.567
1018.0,462.4854
1018.1,462.4792
1018.2,462.5236633663367
1018.3,462.5722
1018.4,462.5624
1018.5,462.5022
1018.6,462.51660000000004
1018.7,462.5488
1018.8,462.5625742574258
1018.9,462.5021
1019.0,462.5016
1019.1,462.4679
1019.2,462.46000000000004
1019.3,462.43270000000007
1019.4,462.34469999999993
1019.5,462.4042
1019.6,462.4242
1019.7,462.4421
1019.8,462.44168316831684
1019.9,462.416
1020.0,462.45
1020.1,462.48199999999997
1020.2,462.458
1020.3,462.498
1020.4,462.55199999999996
1020.5,462.622
1020.6,462.54405940594063
1020.7,462.5143
1020.8,462.4995
1020.9,462.54
1021.0,462.54
1021.1,462.5419
1021.2,462.5595
1021.3,462.6
1021.4,462.57529999999997
1021.5,462.4738
1021.6,462.5032623762376
1021.7,462.5654
1021.8,462.5918
1021.9,462.58019999999993
1022.0,462.50260000000003
1022.1,462.5635643564356
1022.2,462.57149999999996
1022.3,462.5249
1022.4,462.5084158415841
1022.5,462.55
1022.6,462.54679999999996
1022.7,462.52199999999993
1022.8,462.48158415841584
1022.9,462.5035
1023.0,462.58
1023.1,462.5725
1023.2,462.52549999999997
1023.3,462.49405940594056
1023.4,462.4586
1023.5,462.4486
1023.6,462.4414
1023.7,462.44861386138615
1023.8,462.4374
1023.9,462.41610000000003
1024.0,462.38349999999997
1024.1,462.34779999999995
1024.2,462.4039
1024.3,462.44039999999995
1024.4,462.5035514851485
1024.5,462.45511287128716
1024.6,462.42
1024.7,462.43799999999993
1024.8,462.5712
1024.9,462.5812
1025.0,462.602
1025.1,462.6888
1025.2,462.6740594059406
1025.3,462.6179
1025.4,462.51229999999987
1025.5,462.4456
1025.6,462.40450000000004
1025.7,462.34801980198023
1025.8,462.23900000000003
1025.9,462.135
1026.0,462.089
1026.1,462.091
1026.2,462.193
1026.3,462.2338613861386
1026.4,462.369
1026.5,462.46900000000005
1026.6,462.5555
1026.7,462.5091
1026.8,462.4928
1026.9,462.41554455445544
1027.0,462.3588
1027.1,462.21960000000024
1027.2,462.09839999999997
1027.3,462.0695999999999
1027.4,461.94199999999995
1027.5,461.8428712871287
1027.6,461.7614
1027.7,461.7779
1027.8,461.7542
1027.9,461.8107
1028.0,461.8249
1028.1,461.89209999999997
1028.2,461.9165346534653
1028.3,461.8706
1028.4,461.87639999999993
1028.5,461.8194
1028.6,461.8106
1028.7,461.82356435643567
1028.8,461.87800000000004
1028.9,461.8395
1029.0,461.828
1029.1,461.791
1029.2,461.8085
1029.3,461.77750000000003
1029.4,461.7325000000001
1029.5,461.78297029702975
1029.6,461.8390099009901
1029.7,461.82
1029.8,461.82319999999993
1029.9,461.9008
1030.0,461.92000792079205
1030.1,461.920203960396
1030.2,461.93090000000007
1030.3,461.96029999999996
1030.4,461.97120000000007
1030.5,462.00700000000006
1030.6,461.90880000000004
1030.7,461.87120000000004
1030.8,461.9091148514852
1030.9,461.88109108910896
1031.0,461.9194
1031.1,461.89099999999996
1031.2,461.93960000000004
1031.3,461.9194
1031.4,461.8896
1031.5,461.869801980198
1031.6,461.86030396039604
1031.7,461.9103
1031.8,461.93940000000003
1031.9,461.88020000000006
1032.0,461.9001
1032.1,461.90970000000004
1032.2,461.87989999999996
1032.3,461.8695
1032.4,461.81980198019795
1032.5,461.8
1032.6,461.85
1032.7,461.87
1032.8,461.8
1032.9,461.85
1033.0,461.87
1033.1,461.83000000000004
1033.2,461.7804940594059
1033.3,461.7701
1033.4,461.8294
1033.5,461.8894
1033.6,461.86030000000005
1033.7,461.83029999999997
1033.8,461.8894
1033.9,461.8504
1034.0,461.8401
1034.1,461.77140000000014
1034.2,461.7798
1034.3,461.83880000000005
1034.4,461.8204
1034.5,461.8396
1034.6,461.859405940594
1034.7,461.86
1034.8,461.8212000000001
1034.9,461.82
1035.0,461.82
1035.1,461.86799999999994
1035.2,461.85079999999994
1035.3,461.84040000000005
1035.4,461.82079999999996
1035.5,461.8008
1035.6,461.8096
1035.7,461.8484
1035.8,461.87851485148514
1035.9,461.88
1036.0,461.91799999999995
1036.1,461.92949999999996
1036.2,461.91099999999994
1036.3,461.8815
1036.4,461.9085
1036.5,461.9288118811881
1036.6,461.9488
1036.7,461.92179999999996
1036.8,461.92
1036.9,461.92940000000004
1037.0,461.9112
1037.1,461.85415841584165
1037.2,461.9244
1037.3,461.9393
1037.4,461.90279999999996
1037.5,461.89070000000004
1037.6,461.8063000000001
1037.7,461.8279
1037.8,461.82079207920793
1037.9,461.82
1038.0,461.7556
1038.1,461.80519999999996
1038.2,461.81
1038.3,461.78240000000005
1038.4,461.7708
1038.5,461.78821782178215
1038.6,461.8264
1038.7,461.8209
1038.8,461.8109
1038.9,461.8282
1039.0,461.8755
1039.1,461.8709
1039.2,461.8429702970297
1039.3,461.80400000000003
1039.4,461.88100000000003
1039.5,461.87199999999996
1039.6,461.798
1039.7,461.8167326732673
1039.8,461.7844
1039.9,461.7444
1040.0,461.7133
1040.1,511.58559999989933
1040.2,568.435500000013
1040.3,626.4446000000132
1040.4,683.2318000000271
1040.5,742.0404950495303
1040.6,801.6659999999076
1040.7,862.879600000028
1040.8,920.9380000000261
1040.9,976.28520000004
1041.0,1031.2623801980453
1041.1,1039.9013861386109
1041.2,1041.574600000001
1041.3,1042.6847999999986
1041.4,1048.1261386138667
1041.5,1054.1056000000053
1041.6,1057.8553999999963
1041.7,1059.1298000000008
1041.8,1066.1141999999918
1041.9,1068.9670297029725
1042.0,1071.9134999999976
1042.1,1078.9334999999912
1042.2,1083.2690000000043
1042.3,1075.9443564356488
1042.4,1085.3884000000176
1042.5,1074.7608000000082
1042.6,1065.3344000000075
1042.7,1060.9893069306943
1042.8,1060.3136
1042.9,1063.2631000000056
1043.0,1063.1894000000002
1043.1,1063.4234999999999
1043.2,1048.1201000000056
1043.3,1047.368699999998
1043.4,1042.7978217821674
1043.5,1039.7156
1043.6,1043.2159999999978
1043.7,1044.0636
1043.8,1050.4170297029682
1043.9,1051.9143000000001
1044.0,1042.7022000000027
1044.1,1048.5508999999977
1044.2,1060.0698019802028
1044.3,1060.114
1044.4,1057.8739999999991
1044.5,1061.0839999999998
1044.6,1061.8367326732687
1044.7,1062.239593069307
1044.8,1071.8558000000028
1044.9,1072.7130999999983
1045.0,1074.5294000000006
1045.1,1073.4639603960425
1045.2,1073.3198000000002
1045.3,1072.9497999999999
1045.4,1080.7214000000097
1045.5,1083.5987128712877
1045.6,1081.7187000000029
1045.7,1078.8823999999981
1045.8,1064.1598000000195
1045.9,1058.5816999999988
1046.0,1058.4857000000002
1046.1,1057.4712000000015
1046.2,1055.4170297029684
1046.3,1056.0807999999986
1046.4,1056.3383999999999
1046.5,1054.6972277227735
1046.6,1055.6849999999977
1046.7,1057.8625000000025
1046.8,1057.7075000000007
1046.9,1059.638316831687
1047.0,1060.6046
1047.1,1050.3348000000128
1047.2,1046.3374000000001
1047.3,1041.237200000006
1047.4,1032.8593069306794
1047.5,1030.0677
1047.6,1022.0606000000074
1047.7,1020.4566999999998
1047.8,1010.4019801980272
1047.9,1003.9119999999995
1048.0,997.8624000000032
1048.1,996.0383999999999
1048.2,998.3464000000006
1048.3,995.8552475247538
1048.4,997.3684000000017
1048.5,993.4138000000016
1048.6,993.7481999999991
1048.7,990.1214851485109
1048.8,992.0899999999999
1048.9,994.2740000000003
1049.0,991.529
1049.1,996.7540594059274
1049.2,992.2193999999977
1049.3,993.4440000000016
1049.4,995.3795999999999
1049.5,993.7928712871279
1049.6,994.7595999999974
1049.7,993.8159999999987
1049.8,997.4879999999929
1049.9,994.5437623762332
1050.0,994.3412000000023
1050.1,995.5839999999998
1050.2,994.825899999999
1050.3,996.6489108910869
1050.4,993.8463999999947
1050.5,998.1493999999943
1050.6,996.2737623762471
1050.7,995.8120000000039
1050.8,997.0040000000001
1050.9,995.7289999999978
1051.0,1000.6076930693052
1051.1,995.4989623762492
1051.2,997.539599999999
1051.3,999.1616000000031
1051.4,994.5672277227643
1051.5,1001.092400000002
1051.6,1002.6843000000038
1051.7,1008.880000000002
1051.8,1010.4464356435672
1051.9,1013.2702000000032
1052.0,1016.5843999999997
1052.1,1017.0741999999998
1052.2,1020.9315841584191
1052.3,1014.3113000000034
1052.4,1012.1646000000038
1052.5,1010.4362000000015
1052.6,1010.4388282464558
1052.7,1012.659
1052.8,1010.144
1052.9,1007.1086138613836
1053.0,1001.928321782176
1053.1,1001.50649999999
1053.2,1007.6524999999981
1053.3,1002.7408999999998
1053.4,1001.8758415841576
1053.5,997.0383999999963
1053.6,993.8787999999979
1053.7,993.2835643564301
1053.8,992.7026999999975
1053.9,999.917499999995
1054.0,996.7559999999994
1054.1,998.4209900990128
1054.2,994.5283999999933
1054.3,993.2988000000009
1054.4,995.8983999999912
1054.5,995.1208000000014
1054.6,1009.2667999999835
1054.7,1016.1745544554452
1054.8,1017.1884999999917
1054.9,1022.1745000000008
1055.0,1022.9635000000003
1055.1,1023.8824999999991
1055.2,1024.7060000000004
1055.3,1025.8304999999984
1055.4,1026.3822772277213
1055.5,1026.0100000000007
1055.6,1017.1398000000255
1055.7,1000.7684000000037
1055.8,1001.2858000000097
1055.9,993.852574257425
1056.0,993.7394999999985
1056.1,994.0844000000022
1056.2,995.4108000000091
1056.3,997.6865000000103
1056.4,991.0459000000085
1056.5,995.5246534653509
1056.6,991.8299999999982
1056.7,996.101600000006
1056.8,999.4720000000004
1056.9,999.9384000000036
1057.0,999.8379207920821
1057.1,997.318099999992
1057.2,1001.1502000000015
1057.3,997.8840999999991
1057.4,1000.9277000000009
1057.5,1000.1810000000008
1057.6,999.678415841578
1057.7,1001.8299999999999
1057.8,997.2819999999999
1057.9,996.4719999999714
1058.0,987.4554455445552
1058.1,994.6752000000017
1058.2,992.3039000000005
1058.3,996.3018999999961
1058.4,999.9743999999978
1058.5,996.7289000000028
1058.6,1002.2543000000048
1058.7,999.4443564356488
1058.8,1009.5448000000019
1058.9,1002.2204000000002
1059.0,1003.4932000000016
1059.1,1004.7576000000007
1059.2,1002.7712000000018
1059.3,1002.3477227722786
1059.4,995.7471000000053
1059.5,1000.3477999999998
1059.6,1000.2002999999843
1059.7,1008.1139000000018
1059.8,1008.7335643564351
1059.9,1006.7616000000052
1060.0,1008.7737999999974
1060.1,1003.1909999999968
1060.2,1004.0381999999969
1060.3,1004.5659405940639
1060.4,1014.2500000000039
1060.5,1015.4549999999971
1060.6,1012.6374999999949
1060.7,1013.7131435643513
1060.8,1007.3669148514826
1060.9,1007.071199999993
1061.0,1004.677199999985
1061.1,1017.9527999999974
1061.2,1021.6262376237676
1061.3,1025.4777000000022
1061.4,1022.1985999999955
1061.5,1022.1631999999905
1061.6,1032.4943564356452
1061.7,1033.3105999999962
1061.8,1040.0122000000001
1061.9,1040.9038000000078
1062.0,1043.1078000000048
1062.1,1034.5767326732687
1062.2,1034.1149999999993
1062.3,1038.3898999999983
1062.4,1046.470507920813
1062.5,1053.6922970297142
1062.6,1047.2779999999987
1062.7,1048.2839999999999
1062.8,1046.4339999999934
1062.9,1058.9545544554458
1063.0,1062.9928000000004
1063.1,1065.767699999998
1063.2,1074.8833000000013
1063.3,1079.2031930693101
1063.4,1074.5655683168286
1063.5,1063.479
1063.6,1065.2525999999907
1063.7,1068.6579207920772
1063.8,1065.0352999999996
1063.9,1067.1785000000116
1064.0,1085.1244000000067
1064.1,1104.403099999993
1064.2,1108.2836633663371
1064.3,1109.0548000000022
1064.4,1108.3624000000032
1064.5,1110.8515999999988
1064.6,1109.0016831683165
1064.7,1109.3905000000013
1064.8,1111.2549999999953
1064.9,1112.2064999999807
1065.0,1092.6103960395749
1065.1,1062.5098000000003
1065.2,1062.0223999999992
1065.3,1061.785799999997
1065.4,1064.8218000000004
1065.5,1065.429799999998
1065.6,1067.349999999999
1065.7,1068.3851000000018
1065.8,1069.2040000000015
1065.9,1067.7502000000045
1066.0,1070.5545287128743
1066.1,1069.2801742574334
1066.2,1071.8632000000043
1066.3,1063.0488000000012
1066.4,1061.9708910891268
1066.5,1071.3542000000014
1066.6,1065.2376000000042
1066.7,1057.2314000000003
1066.8,1056.4356435643551
1066.9,1058.732
1067.0,1055.661
1067.1,1058.1699999999992
1067.2,1061.184
1067.3,1060.712
1067.4,1060.602871287129
1067.5,1063.960399999999
1067.6,1059.7786999999998
1067.7,1057.7208999999984
1067.8,1050.9812871287127
1067.9,1047.0059999999994
1068.0,1044.2875999999947
1068.1,1026.9303999999966
1068.2,1027.2255999999918
1068.3,1010.5620792079202
1068.4,1008.197699999996
1068.5,1001.9632999999944
1068.6,992.1024999999956
1068.7,994.2878217821753
1068.8,989.8095999999881
1068.9,997.4051999999917
1069.0,989.2144000000044
1069.1,994.1798000000098
1069.2,987.738200000004
1069.3,992.4201999999998
1069.4,992.3144554455405
1069.5,988.4880000000078
1069.6,995.3775000000066
1069.7,990.112000000006
1069.8,995.486500000004
1069.9,992.1895049504951
1070.0,992.3387999999964
1070.1,995.8484000000069
1070.2,988.986400000012
1070.3,997.7916000000051
1070.4,992.6244554455545
1070.5,1000.1855000000014
1070.6,998.0835000000004
1070.7,997.5536000000002
1070.8,997.450198019807
1070.9,990.6188000000309
1071.0,1007.5182000000043
1071.1,998.1863999999983
1071.2,1001.4208000000003
1071.3,1000.4178000000015
1071.4,997.461881188127
1071.5,1001.921400000002
1071.6,993.2350999999978
1071.7,1001.5885000000015
1071.8,994.5484158415832
1071.9,998.3900000000001
1072.0,1000.22
1072.1,993.39
1072.2,1003.63
1072.3,995.04
1072.4,1008.5600000000001
1072.5,1009.9461386138616
1072.6,1010.1084999999997
1072.7,1011.1495000000002
1072.8,1015.2376237623781
1072.9,1019.7790000000022
1073.0,1015.7833999999981
1073.1,1015.072800000001
1073.2,1010.757799999998
1073.3,1011.2776970297012
1073.4,1011.5716534653467
1073.5,1005.0712999999953
1073.6,1012.6881999999878
1073.7,1005.8877999999952
1073.8,1006.3422772277219
1073.9,1003.5763999999974
1074.0,996.8743999999938
1074.1,1001.8319999999931
1074.2,998.833999999997
1074.3,1006.3934019801899
1074.4,1000.5588712871213
1074.5,996.553500000004
1074.6,999.3049999999964
1074.7,998.2154999999984
1074.8,1001.902499999996
1074.9,995.9344999999926
1075.0,1002.7302970296971
1075.1,996.9102000000061
1075.2,995.5887999999987
1075.3,999.6001999999967
1075.4,1006.082800000009
1075.5,965.0730000000342
1075.6,1015.7680198019406
1075.7,1017.7777000000011
1075.8,1021.4243999999971
1075.9,1022.295900000001
1076.0,1030.7378999999953
1076.1,1034.4575999999977
1076.2,1036.3174999999992
1076.3,1037.8119801980192
1076.4,1017.1011999999588
1076.5,1014.6828000000002
1076.6,1011.4652000000016
1076.7,1015.9371999999986
1076.8,1007.5824000000043
1076.9,1007.3118811881188
1077.0,1007.3782
1077.1,1005.1778000000005
1077.2,1006.1339
1077.3,999.9164000000017
1077.4,1005.7782999999997
1077.5,997.893300000002
1077.6,995.1849504950496
1077.7,997.3470000000004
1077.8,995.0719999999999
1077.9,1005.0230000000026
1078.0,990.977
1078.1,996.049
1078.2,988.5841584158375
1078.3,990.1699000000007
1078.4,992.359000000001
1078.5,989.3948999999991
1078.6,998.6208999999806
1078.7,988.186599999997
1078.8,997.1630000000026
1078.9,992.4755445544507
1079.0,996.2196000000024
1079.1,1001.952799999991
1079.2,1008.6516000000031
1079.3,1008.4331683168332
1079.4,1007.8101999999997
1079.5,1015.4743000000061
1079.6,1011.9407000000069
1079.7,1006.0460999999959
1079.8,1010.5073999999923
1079.9,1007.1295049504909
1080.0,1015.060000000009
1080.1,1007.7310000000106
1080.2,1009.3974000000032
1080.3,1002.8726079208004
1080.4,1003.3882425742595
1080.5,1008.2954999999956
1080.6,1009.0504999999999
1080.7,1011.4030000000032
1080.8,1004.552500000007
1080.9,1009.4835000000083
1081.0,1003.7545000000064
1081.1,1004.4183168316811
1081.2,1006.576000000003
1081.3,1005.6852000000008
1081.4,1014.5388000000146
1081.5,1006.7024000000063
1081.6,1009.567199999995
1081.7,978.0443999999474
1081.8,935.9096000000233
1081.9,878.260792079114
1082.0,832.5307000000126
1082.1,779.4623000000377
1082.2,726.5797000000155
1082.3,670.1027000000391
1082.4,608.3272999999002
1082.5,565.0676000000116
1082.6,508.8390000000407
1082.7,476.32108910891327
1082.8,467.2798000000023
1082.9,466.09759999999943
1083.0,465.8104
1083.1,465.50580000000014
1083.2,465.1876
1083.3,464.9332000000001
1083.4,464.80069306930693
1083.5,464.68280000000004
1083.6,464.56280000000004
1083.7,464.46709999999996
1083.8,464.4257
1083.9,464.4605
1084.0,464.40520000000004
1084.1,464.24564356435644
1084.2,464.12999999999994
1084.3,464.014
1084.4,463.9182376237623
1084.5,463.82879603960396
1084.6,463.7468000000001
1084.7,463.7063
1084.8,463.67629999999997
1084.9,463.62306930693063
1085.0,463.53979999999996
1085.1,463.54339999999996
1085.2,463.5812
1085.3,463.59
1085.4,463.57439999999997
1085.5,463.5388
1085.6,463.56089108910885
1085.7,463.5546
1085.8,463.55769999999995
1085.9,463.51379999999995
1086.0,463.53850000000006
1086.1,463.49610000000007
1086.2,463.44165247524745
1086.3,463.41475247524755
1086.4,463.37199999999996
1086.5,463.38280000000003
1086.6,463.32920000000007
1086.7,463.272300990099
1086.8,463.2224752475248
1086.9,463.1875
1087.0,463.195
1087.1,463.1700000000001
1087.2,463.12999999999994
1087.3,463.1348514851485
1087.4,463.1474
1087.5,463.1204
1087.6,463.1248
1087.7,463.13
1087.8,463.1078
1087.9,463.0926
1088.0,463.0678
1088.1,463.0819801980198
1088.2,463.1046
1088.3,463.09540000000004
1088.4,463.0973
1088.5,463.0708
1088.6,462.9870000000001
1088.7,462.9166336633663
1088.8,462.94319999999993
1088.9,462.9888
1089.0,462.94960000000003
1089.1,462.9228
1089.2,462.9056
1089.3,462.8280000000001
1089.4,462.81411485148516
1089.5,462.8413
1089.6,462.8926
1089.7,462.9313
1089.8,462.94
1089.9,462.9190514851485
1090.0,462.95208910891085
1090.1,462.963
1090.2,462.974
1090.3,463.043
1090.4,463.02099999999996
1090.5,463.0
1090.6,463.0138613861386
1090.7,463.02
1090.8,462.99929999999995
1090.9,462.94859999999994
1091.0,462.8886
1091.1,462.8907
1091.2,462.9138
1091.3,462.88584158415847
1091.4,462.8904
1091.5,462.866
1091.6,462.82280000000003
1091.7,462.77599999999995
1091.8,462.7736
1091.9,462.814
1092.0,462.86400000000003
1092.1,462.83960396039606
1092.2,462.79319999999996
1092.3,462.78
1092.4,462.80010000000004
1092.5,462.7899
1092.6,462.7599
1092.7,462.71019801980196
1092.8,462.7032
1092.9,462.67699999999996
1093.0,462.6204
1093.1,462.61979999999994
1093.2,462.6564
1093.3,462.6898
1093.4,462.595314851485
1093.5,462.5724653465346
1093.6,462.6289999999999
1093.7,462.6890000000001
1093.8,462.6905
1093.9,462.66049999999996
1094.0,462.6565
1094.1,462.64700000000005
1094.2,462.64643564356436
1094.3,462.65
1094.4,462.7332000000002
1094.5,462.75440000000003
1094.6,462.75919999999996
1094.7,462.7573267326733
1094.8,462.7248
1094.9,462.72890000000007
1095.0,462.7652
1095.1,462.7926
1095.2,462.7811
1095.3,462.7511
1095.4,462.72128712871285
1095.5,462.6976
1095.6,462.64660000000003
1095.7,462.62
1095.8,462.63239999999996
1095.9,462.61519999999996
1096.0,462.58772277227723
1096.1,462.5922
1096.2,462.5878
1096.3,462.5556
1096.4,462.5461
1096.5,462.51376237623765
1096.6,462.48400000000004
1096.7,462.51
1096.8,462.5120594059406
1096.9,462.47639999999996
1097.0,462.4364
1097.1,462.42
1097.2,462.4318
1097.3,462.4282
1097.4,462.44360000000006
1097.5,462.46000000000004
1097.6,462.4658
1097.7,462.4468
1097.8,462.44739999999996
1097.9,462.4774
1098.0,462.49
1098.1,462.5187128712871
1098.2,462.51149999999996
1098.3,462.5071
1098.4,462.50289999999995
1098.5,462.49
1098.6,462.51257425742574
1098.7,462.5637742574258
1098.8,462.60679999999996
1098.9,462.6256
1099.0,462.64119999999997
1099.1,462.63891089108915
1099.2,462.59149999999994
1099.3,462.549
1099.4,462.54
1099.5,462.5345544554456
1099.6,462.53
1099.7,462.4976
1099.8,462.49159999999995
1099.9,462.49379999999996
1100.0,462.44759999999997
1100.1,462.4306930693069
1100.2,462.48240000000004
1100.3,462.5147
1100.4,462.52590000000004
1100.5,462.50300495049504
1100.6,462.4700475247525
1100.7,462.47520000000003
1100.8,462.4592
1100.9,462.4452
1101.0,462.4757425742574
1101.1,462.44390000000004
1101.2,462.35939999999994
1101.3,462.3096
1101.4,462.26959999999997
1101.5,462.3112
1101.6,462.38514851485144
1101.7,462.385
1101.8,462.355
1101.9,462.32499999999993
1102.0,462.32
1102.1,462.34999999999997
1102.2,462.375
1102.3,462.39
1102.4,462.40000000000003
1102.5,462.3657
1102.6,462.3202
1102.7,462.3390603960396
1102.8,462.3748514851485
1102.9,462.3992
1103.0,462.39119999999997
1103.1,462.3408
1103.2,462.3580198019803
1103.3,462.43289999999996
1103.4,462.4841
1103.5,462.47180000000003
1103.6,462.44
1103.7,462.44
1103.8,462.46349999999995
1103.9,462.48534653465344
1104.0,462.457
1104.1,462.46679999999986
1104.2,462.4872732673267
1104.3,462.44189108910894
1104.4,462.4245
1104.5,462.466
1104.6,462.5233663366336
1104.7,462.52239999999995
1104.8,462.4604000000001
1104.9,462.4056
1105.0,462.422
1105.1,462.4456
1105.2,462.4444
1105.3,462.43240000000003
1105.4,462.39257425742574
1105.5,462.3528
1105.6,462.33
1105.7,462.3257
1105.8,462.3286
1105.9,462.37870000000004
1106.0,462.4044554455446
1106.1,462.37
1106.2,462.35319999999996
1106.3,462.3594
1106.4,462.4042
1106.5,462.3892079207921
1106.6,462.34360000000004
1106.7,462.32
1106.8,462.32410000000004
1106.9,462.2848999999999
1107.0,462.2281188118812
1107.1,462.21600000000007
1107.2,462.176
1107.3,462.1620792079208
1107.4,462.1539
1107.5,462.12879999999996
1107.6,462.0878
1107.7,462.1078
1107.8,462.10830000000004
1107.9,462.09000000000003
1108.0,462.0977613861386
1108.1,462.1366
1108.2,462.18
1108.3,462.14200000000005
1108.4,462.0876
1108.5,462.133899009901
1108.6,462.1972752475247
1108.7,462.2174
1108.8,462.22630000000004
1108.9,462.1943564356435
1109.0,462.18240000000003
1109.1,462.2220000000001
1109.2,462.19
1109.3,462.226
1109.4,462.29
1109.5,462.2935
1109.6,462.2755000000001
1109.7,462.23
1109.8,462.2403960396039
1109.9,462.2906000000001
1110.0,462.3057999999999
1110.1,462.23359999999997
1110.2,462.23980198019797
1110.3,462.2
1110.4,462.1967
1110.5,462.19
1110.6,462.19326732673267
1110.7,462.1936
1110.8,462.19919999999996
1110.9,462.1983999999999
1111.0,462.11
1111.1,462.0852000000001
1111.2,462.03
1111.3,462.0238
1111.4,462.01
1111.5,462.03148514851483
1111.6,462.092
1111.7,462.111
1111.8,462.08705940594064
1111.9,462.1004405940595
1112.0,462.1413
1112.1,462.16349999999994
1112.2,462.26419999999996
1112.3,462.2529
1112.4,462.26861386138614
1112.5,462.29
1112.6,462.27320000000003
1112.7,462.2105108910891
1112.8,462.16007227722775
1112.9,462.17080000000004
1113.0,462.2108
1113.1,462.2265000000001
1113.2,462.1819801980198
1113.3,462.17560000000003
1113.4,462.2278
1113.5,462.23699999999997
1113.6,462.21029702970293
1113.7,462.26250000000005
1113.8,462.3325
1113.9,462.335
1114.0,462.3125
1114.1,462.29002475247523
1114.2,462.2972752475248
1114.3,462.3056
1114.4,462.24799999999993
1114.5,462.21719999999993
1114.6,462.2328
1114.7,462.1907999999999
1114.8,462.1347762376237
1114.9,462.15667128712875
1115.0,462.1823
1115.1,462.1946
1115.2,462.19849999999997
1115.3,462.1714999999999
1115.4,462.2122772277228
1115.5,462.19140000000004
1115.6,462.0856
1115.7,462.08539999999994
1115.8,462.1378217821782
1115.9,462.13
1116.0,462.1153
1116.1,462.05584158415843
1116.2,462.038
1116.3,462.024
1116.4,461.996
1116.5,462.0
1116.6,462.0780198019802
1116.7,462.0605
1116.8,462.0257
1116.9,462.05
1117.0,462.0671
1117.1,462.1495
1117.2,462.2052
1117.3,462.25100000000003
1117.4,462.1831683168317
1117.5,462.2346
1117.6,462.21899999999994
1117.7,462.251
1117.8,462.2028
1117.9,462.18440000000004
1118.0,462.259
1118.1,462.31079999999986
1118.2,462.36
1118.3,462.3549
1118.4,462.32489999999996
1118.5,462.2932
1118.6,462.2413000000002
1118.7,462.15336633663367
1118.8,462.1604000000001
1118.9,462.0907999999999
1119.0,461.99480000000005
1119.1,462.01520000000005
1119.2,462.0060000000001
1119.3,462.0963524752475
1119.4,462.14033168316837
1119.5,462.1925
1119.6,462.15899999999993
1119.7,462.2115
1119.8,462.2125000000001
1119.9,462.1685
1120.0,462.1449999999999
1120.1,462.0555445544555
1120.2,462.0075999999998
1120.3,461.8504000000001
1120.4,461.7103999999998
1120.5,461.5886
1120.6,461.5758
1120.7,461.5401999999999
1120.8,461.4814
1120.9,461.4872
1121.0,461.47839999999997
1121.1,461.52720000000005
1121.2,461.50722772277226
1121.3,461.4913
1121.4,461.5104000000001
1121.5,461.58389999999997
1121.6,461.6048
1121.7,461.57
1121.8,461.5676
1121.9,461.5488
1122.0,461.5376
1122.1,461.5188
1122.2,461.51599999999996
1122.3,461.5588118811881
1122.4,461.5433999999999
1122.5,461.4856
1122.6,461.45439999999996
1122.7,461.4933
1122.8,461.52
1122.9,461.5167544554455
1123.0,461.4888217821782
1123.1,461.477
1123.2,461.447
1123.3,461.421
1123.4,461.433
1123.5,461.4590099009901
1123.6,461.4482
1123.7,461.4264
1123.8,461.3837
1123.9,461.3254
1124.0,461.3773
1124.1,461.3518
1124.2,461.3691
1124.3,461.3573
1124.4,461.3282178217821
1124.5,461.3108
1124.6,461.32319999999993
1124.7,461.3592
1124.8,461.3564
1124.9,461.4332
1125.0,461.4692
1125.1,461.46
1125.2,461.46158415841586
1125.3,461.47929999999997
1125.4,461.47350000000006
1125.5,461.5193
1125.6,461.50790000000006
1125.7,461.4855653465347
1125.8,461.5595861386139
1125.9,461.54819999999995
1126.0,461.52
1126.1,461.5229999999999
1126.2,461.57
1126.3,461.57179999999994
1126.4,461.59819999999996
1126.5,461.57059405940595
1126.6,461.58
1126.7,461.578
1126.8,461.53900000000004
1126.9,461.5195
1127.0,461.511
1127.1,461.5309900990099
1127.2,461.5467999999999
1127.3,461.46760000000006
1127.4,461.4111920792079
1127.5,461.4413801980198
1127.6,461.4682
1127.7,461.4109
1127.8,461.4406
1127.9,461.46000000000004
1128.0,461.4609
1128.1,461.4882178217822
1128.2,461.4304
1128.3,461.45079999999996
1128.4,461.4898
1128.5,461.4796
1128.6,461.46000000000004
1128.7,461.4606
1128.8,461.4898
1128.9,461.48019405940596
1129.0,461.489601980198
1129.1,461.4607
1129.2,461.5301
1129.3,461.53959999999995
1129.4,461.49989999999997
1129.5,461.48990000000003
1129.6,461.4798
1129.7,461.459801980198
1129.8,461.44
1129.9,461.41999999999996
1130.0,461.41
1130.1,461.42
1130.2,461.42
1130.3,461.35
1130.4,461.37
1130.5,461.4
1130.6,461.38019801980204
1130.7,461.4097
1130.8,461.4199
1130.9,461.4398
1131.0,461.4004
1131.1,461.4395999999999
1131.2,461.4103
1131.3,461.43969999999996
1131.4,461.4697
1131.5,461.46019801980196
1131.6,461.4404
1131.7,461.4302
1131.8,461.4202
1131.9,461.4004
1132.0,461.4196
1132.1,461.34160000000014
1132.2,461.40860000000004
1132.3,461.3904
1132.4,461.42842376237627
1132.5,471.88927623763095
1132.6,529.0325999999108
1132.7,586.5553000000392
1132.8,643.7542999999129
1132.9,703.1171000000405
1133.0,763.9633000000415
1133.1,822.3381188118065
1133.2,878.6700000000511
1133.3,935.3327999999278
1133.4,992.9728000000525
1133.5,1042.6656000000448
1133.6,1041.9328000000037
1133.7,1042.6755405940603
1133.8,1043.7746188118801
1133.9,1042.4904999999985
1134.0,1051.8914999999897
1134.1,1055.3919999999964
1134.2,1055.8255000000004
1134.3,1058.7944999999968
1134.4,1063.9539603960466
1134.5,1068.8383999999962
1134.6,1075.484399999994
1134.7,1078.7570000000042
1134.8,1078.0940000000005
1134.9,1077.2597999999987
1135.0,1056.3326000000172
1135.1,1056.7217821782165
1135.2,1060.9605999999976
1135.3,1060.5539000000006
1135.4,1059.2630999999978
1135.5,1057.356500000001
1135.6,1087.1287999999781
1135.7,1085.4850495049516
1135.8,1088.3975999999984
1135.9,1089.4344000000015
1136.0,1091.3215999999993
1136.1,1091.9123999999997
1136.2,1093.7899999999995
1136.3,1100.9007366336616
1136.4,1100.4157524752475
1136.5,1100.0725
1136.6,1068.018000000008
1136.7,1064.0037
1136.8,1068.442699999999
1136.9,1066.7242
1137.0,1065.1268000000005
1137.1,1058.7565000000016
1137.2,1071.3304950495078
1137.3,1073.5900000000001
1137.4,1072.8249999999998
1137.5,1067.456
1137.6,1067.572
1137.7,1068.4330000000004
1137.8,1075.320329702972
1137.9,1074.210899999999
1138.0,1073.5695
1138.1,1077.7207999999914
1138.2,1062.4958999999958
1138.3,1055.4769999999985
1138.4,1056.790200000001
1138.5,1058.4807000000005
1138.6,1059.0389108910886
1138.7,1058.2099999999996
1138.8,1057.5971999999997
1138.9,1055.6467999999984
1139.0,1055.381287128713
1139.1,1053.474700000003
1139.2,1051.1541999999984
1139.3,1052.0592999999983
1139.4,1049.1601999999975
1139.5,1038.9907999999923
1139.6,1034.7734000000041
1139.7,1032.1762999999983
1139.8,1021.7631683168441
1139.9,1022.1438000000021
1140.0,1011.8833999999888
1140.1,1011.4757999999985
1140.2,1003.8725999999917
1140.3,997.5862000000061
1140.4,994.1039999999971
1140.5,996.0882178217797
1140.6,996.6204999999999
1140.7,994.438499999997
1140.8,998.5464999999957
1140.9,990.0324999999875
1141.0,995.0879999999936
1141.1,994.2130000000027
1141.2,992.7024999999984
1141.3,993.4257425742567
1141.4,987.6359999999902
1141.5,996.5715999999935
1141.6,991.3248000000077
1141.7,995.7056000000093
1141.8,994.9604000000012
1141.9,993.7027999999985
1142.0,994.694356435643
1142.1,992.8467000000019
1142.2,1000.0144999999973
1142.3,995.3616000000052
1142.4,996.5883000000048
1142.5,996.0293000000004
1142.6,994.8970000000007
1142.7,997.664799999999
1142.8,992.5421782178252
1142.9,996.6956000000118
1143.0,993.3864000000002
1143.1,992.9165999999998
1143.2,992.1690000000001
1143.3,989.2084000000016
1143.4,997.1117623762399
1143.5,987.4582495049541
1143.6,992.4735999999979
1143.7,983.3063999999972
1143.8,987.2990999999981
1143.9,991.4725000000007
1144.0,979.4621000000036
1144.1,989.0349504950489
1144.2,983.1619999999949
1144.3,996.456
1144.4,994.8679999999969
1144.5,991.356
1144.6,993.9319999999999
1144.7,995.6140000000006
1144.8,1003.216
1144.9,997.2545346534608
1145.0,1006.238946534656
1145.1,1002.8769000000124
1145.2,1000.8644999999998
1145.3,1002.3026000000004
1145.4,1001.485499999999
1145.5,1002.2028000000003
1145.6,995.1725000000146
1145.7,1001.3117000000025
1145.8,998.358678947374
1145.9,994.7552368421029
1146.0,995.2619999999994
1146.1,993.4320000000041
1146.2,998.9002970297012
1146.3,993.4212000000131
1146.4,994.0732000000125
1146.5,993.3664000000006
1146.6,991.1263366336634
1146.7,994.5005000000007
1146.8,993.6072000000031
1146.9,998.9508000000177
1147.0,1015.9170297029767
1147.1,1023.1330000000004
1147.2,1027.5654000000031
1147.3,1030.0398000000002
1147.4,1029.5592
1147.5,1031.5441999999985
1147.6,1031.8170000000007
1147.7,1036.5840000000037
1147.8,1035.7464356435664
1147.9,1038.8618000000063
1148.0,1020.5600000000082
1148.1,1008.2096999999994
1148.2,1006.5998999999971
1148.3,1001.848300000001
1148.4,999.5988999999996
1148.5,996.9661000000008
1148.6,1001.5401980197873
1148.7,1002.62
1148.8,1005.328
1148.9,1003.5679999999926
1149.0,995.808
1149.1,996.1119999999925
1149.2,992.5219801980186
1149.3,999.1328000000041
1149.4,999.9722999999873
1149.5,998.2879000000011
1149.6,997.5261386138659
1149.7,991.7751999999971
1149.8,993.2481999999937
1149.9,990.6955999999957
1150.0,994.6862000000062
1150.1,993.5083168316918
1150.2,990.6527000000028
1150.3,985.1525000000079
1150.4,981.9215000000027
1150.5,987.3820000000045
1150.6,988.6981000000017
1150.7,993.8428000000075
1150.8,990.2826732673336
1150.9,991.4972000000124
1151.0,994.1636000000021
1151.1,994.8539999999919
1151.2,1002.0110059405948
1151.3,1002.0562475247518
1151.4,1006.9205000000154
1151.5,1007.6155000000011
1151.6,1006.4604999999932
1151.7,1006.0922772277227
1151.8,1004.753399999998
1151.9,1008.0272000000057
1152.0,1008.4055999999996
1152.1,1012.9813999999901
1152.2,1012.1188118811851
1152.3,1010.0368999999961
1152.4,1007.4617999999841
1152.5,1003.8023000000007
1152.6,1006.6238999999975
1152.7,1007.6356999999996
1152.8,1010.7036049504906
1152.9,1008.9258534653416
1153.0,1006.4719999999982
1153.1,1004.8988000000031
1153.2,1001.7288000000001
1153.3,1000.399009900991
1153.4,1005.9654000000121
1153.5,1015.4457999999987
1153.6,1015.783000000001
1153.7,1017.8864000000076
1153.8,1020.4625000000008
1153.9,1023.7201000000084
1154.0,1030.8492079207915
1154.1,1038.4899999999882
1154.2,1044.485
1154.3,1047.2849999999999
1154.4,1045.1799999999907
1154.5,1041.585
1154.6,1041.260000000002
1154.7,1047.895049504952
1154.8,1058.332999999995
1154.9,1059.387799999999
1155.0,1060.9635000000017
1155.1,1065.3400999999988
1155.2,1068.6921000000011
1155.3,1068.8518000000047
1155.4,1068.3398019801996
1155.5,1075.793600000005
1155.6,1083.695199999997
1155.7,1083.7119999999975
1155.8,1072.4440000000113
1155.9,1064.7228000000014
1156.0,1065.524399999999
1156.1,1063.364158415843
1156.2,1063.3226000000018
1156.3,1066.2832999999987
1156.4,1061.4999999999905
1156.5,1055.6685999999986
1156.6,1050.6892079208135
1156.7,1046.5854000000072
1156.8,1048.8576000000005
1156.9,1049.8134000000066
1157.0,1053.865
1157.1,1057.6615999999892
1157.2,1060.3131999999969
1157.3,1053.101386138614
1157.4,1051.2270000000112
1157.5,1058.2970000000003
1157.6,1059.878000000001
1157.7,1059.458
1157.8,1060.3459999999982
1157.9,1061.506138613862
1158.0,1060.4359999999988
1158.1,1060.3939999999966
1158.2,1060.7547999999986
1158.3,1060.5951999999957
1158.4,1065.3504000000064
1158.5,1068.4088000000004
1158.6,1068.204554455447
1158.7,1067.0150999999996
1158.8,1067.999799999998
1158.9,1068.7183999999986
1159.0,1065.7516831683192
1159.1,1059.4446000000044
1159.2,1055.904200000004
1159.3,1058.8097999999998
1159.4,1056.8747999999953
1159.5,1054.3303999999991
1159.6,1055.5094
1159.7,1054.704752475245
1159.8,1052.3392000000003
1159.9,1052.9028000000044
1160.0,1054.3301000000006
1160.1,1053.4775999999986
1160.2,1053.4108000000006
1160.3,1049.7608910891097
1160.4,1045.2579999999966
1160.5,1038.442
1160.6,1032.0419999999963
1160.7,1030.99
1160.8,1023.314
1160.9,1019.512
1161.0,1014.3167326732664
1161.1,1003.8006574257474
1161.2,994.7047999999971
1161.3,991.2755999999927
1161.4,994.488299999998
1161.5,989.6469000000004
1161.6,989.7983673267339
1161.7,989.1551821782189
1161.8,990.7653999999998
1161.9,987.5825999999956
1162.0,984.4988000000035
1162.1,986.9084000000025
1162.2,985.486600000003
1162.3,989.0394000000005
1162.4,986.5195049504927
1162.5,986.147599999999
1162.6,989.5529000000029
1162.7,989.4101000000019
1162.8,990.3974000000003
1162.9,990.465148514854
1163.0,992.1999999999998
1163.1,991.1680000000002
1163.2,992.1344000000028
1163.3,991.3655999999993
1163.4,988.8512000000059
1163.5,991.4807920792072
1163.6,989.2964999999984
1163.7,990.5815000000005
1163.8,987.5170000000122
1163.9,983.5340000000099
1164.0,986.9589999999978
1164.1,985.8649999999903
1164.2,990.6759999999992
1164.3,988.4628712871314
1164.4,987.2592000000019
1164.5,988.2992000000002
1164.6,991.2971999999926
1164.7,995.3141999999975
1164.8,994.4225999999956
1164.9,1000.3599009901044
1165.0,1005.7461999999998
1165.1,1006.2425999999991
1165.2,1006.4725999999985
1165.3,1007.6988999999949
1165.4,1012.0555999999985
1165.5,1010.9860999999999
1165.6,1009.9989108910911
1165.7,1007.5187999999993
1165.8,1008.0747999999985
1165.9,1006.2675999999865
1166.0,1001.7139999999945
1166.1,1008.0704000000026
1166.2,1005.0559168316859
1166.3,1007.0738623762373
1166.4,1007.4236999999977
1166.5,1005.3000000000006
1166.6,999.6216000000109
1166.7,994.6000999999977
1166.8,999.1422772277239
1166.9,995.2030000000049
1167.0,998.0640000000001
1167.1,997.3170000000054
1167.2,993.185
1167.3,993.3861386138673
1167.4,989.5814000000024
1167.5,996.0566999999992
1167.6,994.6733999999981
1167.7,998.8666000000009
1167.8,1005.2137999999943
1167.9,1015.2747524752482
1168.0,1015.6759999999979
1168.1,1014.0547999999989
1168.2,1018.1755999999998
1168.3,1018.8183999999993
1168.4,1022.358019801982
1168.5,1025.8672000000001
1168.6,1027.123900000007
1168.7,1024.1681000000008
1168.8,1017.8054999999982
1168.9,997.773499999998
1169.0,993.1737999999993
1169.1,989.4792079207756
1169.2,995.1555999999919
1169.3,990.0246000000018
1169.4,993.1943999999963
1169.5,988.564999999998
1169.6,987.0053999999839
1169.7,994.0129702970271
1169.8,991.1049999999907
1169.9,995.1149999999903
1170.0,989.6825000000022
1170.1,992.6649999999993
1170.2,993.0749999999999
1170.3,994.1799999999943
1170.4,996.6978712871235
1170.5,994.9663683168358
1170.6,999.8628000000064
1170.7,994.5992000000003
1170.8,995.3515999999981
1170.9,996.1935999999973
1171.0,996.2731999999908
1171.1,1000.3553465346665
1171.2,993.9936000000248
1171.3,1009.7535000000065
1171.4,1003.899600000007
1171.5,1010.4425999999954
1171.6,1015.8497029702955
1171.7,1017.9207999999978
1171.8,1019.3290000000045
1171.9,1013.2984000000108
1172.0,1018.5440000000024
1172.1,1012.8524000000068
1172.2,1005.8560000000032
1172.3,999.1318217821813
1172.4,996.4414316831849
1172.5,1002.281700000004
1172.6,991.0450999999921
1172.7,998.3861000000018
1172.8,993.232099999999
1172.9,996.1458999999982
1173.0,994.8771000000003
1173.1,994.9163366336596
1173.2,995.8699999999999
1173.3,984.3759999999926
1173.4,995.0840000000001
1173.5,987.938
1173.6,993.7220000000018
1173.7,989.5759999999999
1173.8,986.818613861383
1173.9,991.0587999999976
1174.0,985.938700000004
1174.1,993.8647000000069
1174.2,959.1704950494947
1174.3,917.0111999999972
1174.4,858.3919999999766
1174.5,806.8243999999977
1174.6,755.9444000000881
1174.7,707.4001999999776
1174.8,656.7457999999974
1174.9,601.491485148493
1175.0,554.8099999999826
1175.1,500.2759000000521
1175.2,471.97779999999545
1175.3,466.42789999999997
1175.4,466.2740999999998
1175.5,465.9955999999999
1175.6,465.6926000000003
1175.7,465.47429999999986
1175.8,465.2897831683168
1175.9,465.22021782178206
1176.0,465.0895999999999
1176.1,464.91080000000017
1176.2,464.80039999999997
1176.3,464.75
1176.4,464.7275999999999
1176.5,464.5783168316831
1176.6,464.3965000000001
1176.7,464.3109999999999
1176.8,464.2345000000002
1176.9,464.06899999999985
1177.0,463.9455
1177.1,463.91554455445544
1177.2,463.8886
1177.3,463.85900000000015
1177.4,463.72439999999995
1177.5,463.6914
1177.6,463.7
1177.7,463.69301386138613
1177.8,463.64635841584163
1177.9,463.6265000000001
1178.0,463.6687
1178.1,463.6587
1178.2,463.63959999999986
1178.3,463.56613861386137
1178.4,463.5472000000001
1178.5,463.5928
1178.6,463.53400000000005
1178.7,463.4852
1178.8,463.4536
1178.9,463.4727999999999
1179.0,463.41168316831687
1179.1,463.3412000000001
1179.2,463.2733
1179.3,463.2967
1179.4,463.26449999999994
1179.5,463.2222
1179.6,463.2378
1179.7,463.2189108910891
1179.8,463.211
1179.9,463.219
1180.0,463.205
1180.1,463.164
1180.2,463.196
1180.3,463.15700000000004
1180.4,463.1309900990099
1180.5,463.1391
1180.6,463.1336
1180.7,463.16369999999995
1180.8,463.0901
1180.9,462.9944732673267
1181.0,463.0423089108911
1181.1,463.06840000000005
1181.2,463.0476
1181.3,463.0224
1181.4,463.04359999999997
1181.5,462.9676
1181.6,462.9423762376237
1181.7,462.96860000000004
1181.8,462.9507
1181.9,462.95649999999995
1182.0,462.9114
1182.1,462.93139999999994
1182.2,462.94579999999996
1182.3,462.8907
1182.4,462.9048514851486
1182.5,462.96819999999997
1182.6,462.93700000000007
1182.7,462.8924
1182.8,462.92820000000006
1182.9,462.90240000000006
1183.0,462.93918811881184
1183.1,462.919
1183.2,462.899
1183.3,462.8805
1183.4,462.8895
1183.5,462.88250000000005
1183.6,462.9285148514852
1183.7,462.89959999999996
1183.8,462.89
1183.9,462.8875999999999
1184.0,462.83119999999997
1184.1,462.85760000000005
1184.2,462.8028000000001
1184.3,462.87
1184.4,462.8684999999999
1184.5,462.8185000000001
1184.6,462.7729999999999
1184.7,462.8693999999999
1184.8,462.85029999999995
1184.9,462.86
1185.0,462.8603
1185.1,462.869702970297
1185.2,462.8594
1185.3,462.82880000000006
1185.4,462.77080000000007
1185.5,462.81039999999996
1185.6,462.82840000000004
1185.7,462.7484158415842
1185.8,462.6698
1185.9,462.64969999999994
1186.0,462.62059999999997
1186.1,462.6796039603961
1186.2,462.64
1186.3,462.63
1186.4,462.65
1186.5,462.64
1186.6,462.63
1186.7,462.59
1186.8,462.63
1186.9,462.67
1187.0,462.689801980198
1187.1,462.62070000000017
1187.2,462.6695
1187.3,462.769
1187.4,462.75039603960397
1187.5,462.75
1187.6,462.7598
1187.7,462.76
1187.8,462.7502
1187.9,462.7304
1188.0,462.73970297029706
1188.1,462.71090000000004
1188.2,462.6906
1188.3,462.69
1188.4,462.6706
1188.5,462.64118811881184
1188.6,462.6688
1188.7,462.66999999999996
1188.8,462.6028000000001
1188.9,462.6095049504951
1189.0,462.6764999999999
1189.1,462.71799999999996
1189.2,462.6629999999999
1189.3,462.61250000000007
1189.4,462.56249999999994
1189.5,462.57881188118813
1189.6,462.5894
1189.7,462.5994
1189.8,462.63759999999996
1189.9,462.63059999999996
1190.0,462.5555445544555
1190.1,462.5593
1190.2,462.6158
1190.3,462.6572
1190.4,462.7152475247526
1190.5,462.7568
1190.6,462.76
1190.7,462.76919999999996
1190.8,462.7976
1190.9,462.8
1191.0,462.7727
1191.1,462.7427
1191.2,462.7946
1191.3,462.7545
1191.4,462.7049504950495
1191.5,462.646
1191.6,462.60400000000004
1191.7,462.627
1191.8,462.594
1191.9,462.59000000000003
1192.0,462.6167
1192.1,462.6822999999999
1192.2,462.6722
1192.3,462.6522
1192.4,462.6147524752475
1192.5,462.6012
1192.6,462.5824
1192.7,462.5976
1192.8,462.53839999999997
1192.9,462.55613861386144
1193.0,462.5861
1193.1,462.53780000000006
1193.2,462.53000000000003
1193.3,462.50390000000004
1193.4,462.5172277227723
1193.5,462.52
1193.6,462.48560000000003
1193.7,462.4714
1193.8,462.4614
1193.9,462.5792079207922
1194.0,462.583
1194.1,462.597
1194.2,462.6
1194.3,462.6255
1194.4,462.6385
1194.5,462.66549999999995
1194.6,462.6279207920793
1194.7,462.6284
1194.8,462.6216
1194.9,462.5443999999999
1195.0,462.50480000000005
1195.1,462.4832
1195.2,462.4550495049505
1195.3,462.4168000000001
1195.4,462.27719999999977
1195.5,462.1836
1195.6,462.21149999999994
1195.7,462.2610891089109
1195.8,462.2454
1195.9,462.25640000000004
1196.0,462.2682
1196.1,462.29459999999995
1196.2,462.2918811881188
1196.3,462.29800594059407
1196.4,462.36480000000006
1196.5,462.4448
1196.6,462.4033
1196.7,462.4060396039604
1196.8,462.43399999999997
1196.9,462.448
1197.0,462.434
1197.1,462.422
1197.2,462.3962376237624
1197.3,462.4058
1197.4,462.43370000000004
1197.5,462.40049999999997
1197.6,462.42949999999996
1197.7,462.4243564356436
1197.8,462.4122
1197.9,462.4022
1198.0,462.3766
1198.1,462.35440000000006
1198.2,462.4202
1198.3,462.44780000000003
1198.4,462.44227722772274
1198.5,462.48620000000005
1198.6,462.5077
1198.7,462.51
1198.8,462.5023
1198.9,462.5
1199.0,462.5076
1199.1,462.5176
1199.2,462.48199999999997
1199.3,462.4168000000001
1199.4,462.42280000000005
1199.5,462.4526495049505
1199.6,462.45252475247526
1199.7,462.4124999999999
1199.8,462.37
1199.9,462.3675
1200.0,462.3775
1200.1,462.3425000000001
1200.2,462.270594059406
1200.3,462.25739999999996
1200.4,462.2526
1200.5,462.25
1200.6,462.2722
1200.7,462.30219999999997
1200.8,462.36179999999996
1200.9,462.4166336633664
1201.0,462.4008
1201.1,462.3973
1201.2,462.4511
1201.3,462.47
1201.4,462.44809999999995
1201.5,462.4327
1201.6,462.42277227722775
1201.7,462.41999999999996
1201.8,462.3984
1201.9,462.318
1202.0,462.2972
1202.1,462.3
1202.2,462.3071
1202.3,462.31
1202.4,462.3526
1202.5,462.3416
1202.6,462.3868
1202.7,462.42420000000004
1202.8,462.4510891089109
1202.9,462.46000000000004
1203.0,462.446
1203.1,462.4749999999999
1203.2,462.49
1203.3,462.469
1203.4,462.4253465346534
1203.5,462.4307
1203.6,462.4331
1203.7,462.39549999999997
1203.8,462.4076
1203.9,462.42
1204.0,462.3721782178218
1204.1,462.35
1204.2,462.3364
1204.3,462.3368
1204.4,462.33320000000003
1204.5,462.27613861386135
1204.6,462.2232
1204.7,462.18319999999994
1204.8,462.0963000000001
1204.9,462.03319999999997
1205.0,462.02
1205.1,461.9800653465347
1205.2,461.90703168316827
1205.3,461.80740000000003
1205.4,461.75019999999995
1205.5,461.7664
1205.6,461.79979999999995
1205.7,461.8034
1205.8,461.78020000000004
1205.9,461.8423386138615
1206.0,461.90613861386134
1206.1,461.95249999999993
1206.2,461.97
1206.3,462.00899999999996
1206.4,462.03650000000005
1206.5,462.0205
1206.6,461.9649504950496
1206.7,461.90160000000003
1206.8,461.8864
1206.9,461.87719999999996
1207.0,461.838
1207.1,461.79440000000005
1207.2,461.7992
1207.3,461.7844
1207.4,461.75099009900987
1207.5,461.7274
1207.6,461.71999999999997
1207.7,461.7263
1207.8,461.76779999999997
1207.9,461.7588118811881
1208.0,461.71520000000004
1208.1,461.7496
1208.2,461.7676
1208.3,461.77239999999995
1208.4,461.79240000000004
1208.5,461.8
1208.6,461.77520000000004
1208.7,461.7848
1208.8,461.8
1208.9,461.7939
1209.0,461.7961
1209.1,461.8061
1209.2,461.8527
1209.3,461.84950000000003
1209.4,461.8362207920792
1209.5,461.852
1209.6,461.84800000000007
1209.7,461.828
1209.8,461.856
1209.9,461.874
1210.0,461.88800000000003
1210.1,461.894
1210.2,461.89
1210.3,461.8959
1210.4,461.8882
1210.5,461.82099999999997
1210.6,461.76230000000004
1210.7,461.70869999999996
1210.8,461.6387
1210.9,461.5985504950495
1211.0,461.5902910891089
1211.1,461.56100000000004
1211.2,461.53999999999996
1211.3,461.5863999999999
1211.4,461.660198019802
1211.5,461.7128
1211.6,461.71290000000005
1211.7,461.7171
1211.8,461.73
1211.9,461.6904950495049
1212.0,461.632
1212.1,461.5932
1212.2,461.5071999999999
1212.3,461.38840000000005
1212.4,461.2727999999999
1212.5,461.1867881188119
1212.6,461.19304455445535
1212.7,461.198
1212.8,461.158
1212.9,461.15650000000005
1213.0,461.16999999999996
1213.1,461.1318811881189
1213.2,461.11080000000004
1213.3,461.13079999999997
1213.4,461.1616000000001
1213.5,461.1746
1213.6,461.14300000000003
1213.7,461.13614653465345
1213.8,461.1871930693069
1213.9,461.20939999999996
1214.0,461.1894
1214.1,461.17470000000003
1214.2,461.1753
1214.3,461.20649999999995
1214.4,461.25104257425744
1214.5,461.27520000000004
1214.6,461.2904
1214.7,461.2948
1214.8,461.2692
1214.9,461.2345544554455
1215.0,461.2353
1215.1,461.25509999999997
1215.2,461.2498
1215.3,461.24
1215.4,461.17499999999984
1215.5,461.12
1215.6,461.135
1215.7,461.14
1215.8,461.14
1215.9,461.15500000000003
1216.0,461.17
1216.1,461.1847
1216.2,461.1951
1216.3,461.17040000000003
1216.4,461.1745
1216.5,461.234202970297
1216.6,461.255497029703
1216.7,461.21119999999996
1216.8,461.1752
1216.9,461.17
1217.0,461.16534257425747
1217.1,461.15065247524757
1217.2,461.13530000000003
1217.3,461.1441
1217.4,461.16470000000004
1217.5,461.13710000000003
1217.6,461.1047
1217.7,461.1146534653465
1217.8,461.1293069306931
1217.9,461.16300000000007
1218.0,461.1762
1218.1,461.16
1218.2,461.1326732673267
1218.3,461.091
1218.4,461.05749999999995
1218.5,461.03
1218.6,461.05249999999995
1218.7,461.08445544554456
1218.8,461.05908910891094
1218.9,461.0112
1219.0,461.0
1219.1,460.99564356435644
1219.2,460.9901128712871
1219.3,460.9943
1219.4,461.0
1219.5,461.029801980198
1219.6,461.028
1219.7,460.96999999999997
1219.8,460.9658
1219.9,460.9724752475248
1220.0,461.02279999999996
1220.1,461.0618
1220.2,461.0705
1220.3,461.1123
1220.4,461.1138435643564
1220.5,461.0777623762376
1220.6,461.07599999999996
1220.7,461.124
1220.8,461.168
1220.9,461.18800000000005
1221.0,461.15999999999997
1221.1,461.10384158415843
1221.2,461.1256
1221.3,461.1188000000001
1221.4,461.0778
1221.5,461.1056
1221.6,461.11440000000005
1221.7,461.0627
1221.8,461.0122
1221.9,460.9961386138614
1222.0,461.0128
1222.1,461.031
1222.2,460.9886
1222.3,460.9624
1222.4,460.95376237623765
1222.5,460.96000000000004
1222.6,460.9711
1222.7,460.9640999999999
1222.8,460.9348
1222.9,460.95267326732676
1223.0,460.94
1223.1,460.94
1223.2,460.94
1223.3,460.9472
1223.4,460.96720000000005
1223.5,460.98720000000003
1223.6,460.9964
1223.7,461.0185861386139
1223.8,461.07
1223.9,461.063
1224.0,461.057
1224.1,461.0665
1224.2,461.07050000000004
1224.3,461.09000000000003
1224.4,461.0725
1224.5,461.0157425742574
1224.6,460.97339999999997
1224.7,460.97319999999996
1224.8,460.9634
1224.9,460.9870000000001
1225.0,460.9996
1225.1,469.76599999997643
1225.2,506.872500990134
1225.3,565.4134178217342
1225.4,623.435800000049
1225.5,681.2139999999612
1225.6,738.0700999999611
1225.7,795.1688000000482
1225.8,853.6738999999585
1225.9,914.0699009901539
1226.0,972.5495999999744
1226.1,1021.1751999999852
1226.2,1043.3624000000007
1226.3,1043.2380000000007
1226.4,1042.0123999999994
1226.5,1043.3743999999976
1226.6,1048.4355999999977
1226.7,1053.6906930693142
1226.8,1058.4483999999998
1226.9,1057.3634999999904
1227.0,1053.744399999999
1227.1,1059.9032999999904
1227.2,1067.0163
1227.3,1067.913465346534
1227.4,1068.7729999999915
1227.5,1067.56
1227.6,1069.863000000008
1227.7,1060.345
1227.8,1058.1894059405922
1227.9,1061.498200000001
1228.0,1064.7911000000006
1228.1,1066.1718000000005
1228.2,1061.8628999999976
1228.3,1052.9580000000017
1228.4,1051.678100000001
1228.5,1056.4190227722786
1228.6,1059.8207881188118
1228.7,1062.5840000000035
1228.8,1067.3760000000004
1228.9,1065.0283999999988
1229.0,1060.3967999999954
1229.1,1053.0572
1229.2,1057.8210891089198
1229.3,1069.4904999999999
1229.4,1066.5000999999977
1229.5,1062.9707999999996
1229.6,1059.5346000000031
1229.7,1058.9929702970321
1229.8,1063.2660000000021
1229.9,1069.9960000000065
1230.0,1074.2749999999987
1230.1,1071.4742574257427
1230.2,1071.6400000000006
1230.3,1074.994999999988
1230.4,1081.5949999999941
1230.5,1077.1749999999988
1230.6,1076.053564356434
1230.7,1077.4924000000008
1230.8,1077.6792000000023
1230.9,1070.7063999999825
1231.0,1053.8236000000024
1231.1,1051.7176000000006
1231.2,1051.8480198019822
1231.3,1052.8959000000018
1231.4,1051.7991000000045
1231.5,1056.2772999999963
1231.6,1059.526400000003
1231.7,1056.2045544554455
1231.8,1056.154
1231.9,1056.082800000001
1232.0,1056.0154000000014
1232.1,1053.6266000000003
1232.2,1052.9564000000005
1232.3,1048.5277227722834
1232.4,1035.297199999991
1232.5,1028.052700000003
1232.6,1018.6354999999968
1232.7,1020.0544000000023
1232.8,1010.1442574257479
1232.9,1003.204
1233.0,999.9459999999999
1233.1,993.1499999999992
1233.2,993.7139999999999
1233.3,991.7039999999959
1233.4,997.696633663366
1233.5,992.9714000000005
1233.6,994.8109999999999
1233.7,995.1789999999995
1233.8,994.1909999999995
1233.9,995.3087999999984
1234.0,991.8697029702955
1234.1,998.5622000000112
1234.2,993.47
1234.3,994.3448000000003
1234.4,997.3849999999976
1234.5,994.9844000000005
1234.6,1001.2588000000243
1234.7,991.9881188118858
1234.8,999.2396999999992
1234.9,997.0202999999996
1235.0,996.2090999999991
1235.1,992.5500000000128
1235.2,988.1082178217865
1235.3,997.5940000000116
1235.4,991.1060000000041
1235.5,994.7667999999993
1235.6,993.2744000000037
1235.7,991.0752000000002
1235.8,990.0115564356539
1235.9,985.3263415841732
1236.0,995.5774999999958
1236.1,991.6409999999967
1236.2,994.1386485148514
1236.3,992.1164475247656
1236.4,981.1116000000093
1236.5,987.1760000000106
1236.6,979.5952475247374
1236.7,992.4155999999793
1236.8,980.6747999999891
1236.9,994.5027999999994
1237.0,994.1602999999998
1237.1,995.0735643564309
1237.2,998.7088000000027
1237.3,994.8575999999946
1237.4,1004.0283999999823
1237.5,994.6635999999975
1237.6,999.5955445544563
1237.7,997.8945000000011
1237.8,993.4495
1237.9,992.5849999999792
1238.0,983.8671287128684
1238.1,995.2090000000024
1238.2,986.223
1238.3,991.663000000001
1238.4,987.507017699115
1238.5,985.3718584070787
1238.6,975.8823008849705
1238.7,990.6105940594199
1238.8,979.6812000000153
1238.9,989.5008000000097
1239.0,983.7426574257474
1239.1,982.1480841584176
1239.2,981.8994999999999
1239.3,977.5865000000047
1239.4,992.7975000000184
1239.5,983.5780000000108
1239.6,995.5975247524631
1239.7,957.6995999999439
1239.8,971.8867999999864
1239.9,959.20719999998
1240.0,976.584799999985
1240.1,967.475148514859
1240.2,963.6968000000016
1240.3,977.2618999999899
1240.4,969.4091999999848
1240.5,982.2714999999923
1240.6,968.4286000000109
1240.7,994.3543999999847
1240.8,990.1838613861418
1240.9,990.4228000000016
1241.0,993.406399999999
1241.1,992.6940000000004
1241.2,999.5927999999979
1241.3,994.6248000000028
1241.4,1000.7640000000131
1241.5,999.5000000000005
1241.6,1000.2235643564353
1241.7,1005.9064999999998
1241.8,1001.6552000000012
1241.9,1008.8113861386156
1242.0,1006.158
1242.1,1007.1560000000001
1242.2,1007.7240000000002
1242.3,1000.615
1242.4,999.442
1242.5,992.7310000000001
1242.6,998.425
1242.7,994.1719999999987
1242.8,998.0041584158424
1242.9,997.4986999999993
1243.0,994.3261999999992
1243.1,987.1059000000138
1243.2,978.2410999999979
1243.3,995.4772000000046
1243.4,993.8851999999979
1243.5,1003.9832000000027
1243.6,995.6869000000194
1243.7,999.231980198022
1243.8,1003.2140000000018
1243.9,995.1515999999929
1244.0,1013.0068000000099
1244.1,1008.5776000000124
1244.2,1010.8672000000016
1244.3,1003.9795999999961
1244.4,1004.5483168316849
1244.5,1004.4145999999997
1244.6,999.0878000000079
1244.7,1011.8633000000106
1244.8,1006.1557000000115
1244.9,1011.1857000000049
1245.0,1004.0301980197938
1245.1,996.8648000000072
1245.2,1002.6954000000071
1245.3,997.7800000000072
1245.4,1009.0120000000129
1245.5,1005.323999999994
1245.6,1007.6083108910852
1245.7,1002.6387673267257
1245.8,1001.5015000000002
1245.9,1001.1809999999996
1246.0,993.505500000007
1246.1,1004.6464999999833
1246.2,1009.7315000000038
1246.3,1019.5645841584072
1246.4,1014.2911643564249
1246.5,1021.994799999994
1246.6,1026.1963999999973
1246.7,1025.7543999999984
1246.8,1034.4923999999942
1246.9,1041.8852000000093
1247.0,1054.6551485148468
1247.1,1053.6668000000027
1247.2,1053.3949999999998
1247.3,1050.1019000000028
1247.4,1050.2071287128729
1247.5,1061.0645999999992
1247.6,1064.5743999999995
1247.7,1066.064059405941
1247.8,1067.6702999999998
1247.9,1068.4984000000002
1248.0,1072.4431999999988
1248.1,1070.7480000000007
1248.2,1078.7051485148556
1248.3,1081.5
1248.4,1082.0140000000001
1248.5,1063.788
1248.6,1063.0119801980122
1248.7,1066.9251000000008
1248.8,1069.7698000000005
1248.9,1070.32
1249.0,1065.5878217821758
1249.1,1091.1643999999546
1249.2,1100.239800000001
1249.3,1093.0939999999955
1249.4,1094.1034000000038
1249.5,1097.9092079207944
1249.6,1103.851999999993
1249.7,1106.1169000000007
1249.8,1102.5901000000051
1249.9,1102.1256435643572
1250.0,1102.4972000000002
1250.1,1073.6472000000313
1250.2,1060.0055999999945
1250.3,1062.3122772277197
1250.4,1059.2124999999935
1250.5,1057.1400000000006
1250.6,1051.1550000000088
1250.7,1060.7950000000176
1250.8,1067.6797029702955
1250.9,1066.7911999999963
1251.0,1066.9535999999996
1251.1,1063.246600000005
1251.2,1071.452673267325
1251.3,1077.142699999998
1251.4,1080.643700000006
1251.5,1079.8515000000002
1251.6,1078.3797000000009
1251.7,1064.2757000000013
1251.8,1058.228300000001
1251.9,1058.1474257425743
1252.0,1057.3788000000006
1252.1,1057.5079999999998
1252.2,1054.6083999999992
1252.3,1055.284851485148
1252.4,1056.9701000000007
1252.5,1058.1380999999997
1252.6,1058.7014
1252.7,1053.2548999999967
1252.8,1051.4047524752475
1252.9,1050.662999999999
1253.0,1042.143
1253.1,1040.6837623762335
1253.2,1036.9707999999985
1253.3,1028.103499999998
1253.4,1024.2150999999988
1253.5,1016.5949999999976
1253.6,1011.9668316831707
1253.7,1006.1143999999965
1253.8,1000.3008000000054
1253.9,995.6123999999979
1254.0,997.469207920795
1254.1,998.0080000000014
1254.2,992.0797999999944
1254.3,997.2053999999903
1254.4,994.1188999999929
1254.5,996.3160425742519
1254.6,997.5333029702997
1254.7,996.7528000000001
1254.8,996.0474000000007
1254.9,995.2673999999995
1255.0,997.290799999998
1255.1,993.3691089109004
1255.2,997.0110000000111
1255.3,997.5665000000015
1255.4,995.2109999999985
1255.5,994.7957425742574
1255.6,988.9348000000084
1255.7,995.4283999999986
1255.8,995.4742732673333
1255.9,995.0844900990171
1256.0,996.1592999999999
1256.1,993.2344000000029
1256.2,993.8709000000006
1256.3,989.3327722772328
1256.4,993.6358000000051
1256.5,995.9028000000018
1256.6,995.4263999999991
1256.7,998.3758415841605
1256.8,996.2698000000014
1256.9,997.8186000000042
1257.0,994.8432000000021
1257.1,996.7418999999979
1257.2,992.3375999999915
1257.3,992.8320792079198
1257.4,995.095999999998
1257.5,993.876
1257.6,994.8419999999974
1257.7,989.348
1257.8,996.308
1257.9,999.6539999999939
1258.0,1000.056
1258.1,1002.9598019801964
1258.2,998.469599999998
1258.3,999.0310000000017
1258.4,996.231399999989
1258.5,999.0283000000027
1258.6,999.2827000000084
1258.7,997.3469000000005
1258.8,997.4278999999997
1258.9,995.7599999999974
1259.0,995.9350000000009
1259.1,990.609000000009
1259.2,995.9118000000077
1259.3,1001.0044000000029
1259.4,999.9174000000003
1259.5,1001.2884000000009
1259.6,1000.2814000000027
1259.7,1003.4808910891135
1259.8,999.0025000000085
1259.9,1001.6742000000103
1260.0,1009.4724000000017
1260.1,1010.8176999999996
1260.2,1008.8341999999973
1260.3,1003.8893069306957
1260.4,1002.528000000002
1260.5,1019.3563999999897
1260.6,1028.3868000000084
1260.7,1027.7500000000034
1260.8,1029.9039999999995
1260.9,1025.3043564356344
1261.0,1024.8704999999993
1261.1,1024.2855000000072
1261.2,1022.9115000000031
1261.3,1023.931
1261.4,1020.4489999999932
1261.5,998.220500000004
1261.6,989.4384999999852
1261.7,993.0219801980197
1261.8,990.9866000000002
1261.9,991.0304000000003
1262.0,984.7023999999984
1262.1,985.8249999999889
1262.2,985.8835643564328
1262.3,988.100199999991
1262.4,992.1439999999933
1262.5,990.4403000000002
1262.6,990.3673000000003
1262.7,984.8058999999962
1262.8,986.3342762376159
1262.9,986.3646059405886
1263.0,988.5243999999939
1263.1,993.0820000000018
1263.2,992.5828000000017
1263.3,994.5467999999994
1263.4,988.9759999999924
1263.5,988.6356435643529
1263.6,986.5851000000032
1263.7,986.9567000000125
1263.8,993.0942000000005
1263.9,989.7393999999955
1264.0,987.1376
1264.1,982.287200000002
1264.2,986.5715841584333
1264.3,990.315
1264.4,998.0800000000288
1264.5,1006.69
1264.6,1011.3149999999802
1264.7,1014.99
1264.8,1007.415
1264.9,1009.0827722772383
1265.0,1008.6957999999978
1265.1,1008.3865999999919
1265.2,1011.1507999999991
1265.3,1008.6878000000006
1265.4,1005.8497999999988
1265.5,998.2825999999977
1265.6,1001.5220999999847
1265.7,1005.7633999999979
1265.8,1006.4579207920707
1265.9,1009.5139999999974
1266.0,1006.2331999999998
1266.1,1005.6836000000003
1266.2,1001.4135999999962
1266.3,1000.6011999999953
1266.4,999.1035999999949
1266.5,998.4692000000049
1266.6,999.6400000000058
1266.7,995.4763366336642
1266.8,978.4663000000145
1266.9,930.3786999999592
1267.0,875.0537000000195
1267.1,819.9791000000963
1267.2,769.5670999999734
1267.3,723.6915000000207
1267.4,672.2564999999665
1267.5,618.4830000000229
1267.6,565.5400000000683
1267.7,515.3171999999498
1267.8,477.40560000000244
1267.9,467.2773999999988
1268.0,466.5332
1268.1,466.3888000000003
1268.2,466.18259999999987
1268.3,465.99260000000004
1268.4,465.85779999999994
1268.5,465.8336633663366
1268.6,465.80950000000007
1268.7,465.7285
1268.8,465.68100000000004
1268.9,465.6384999999999
1269.0,465.5685
1269.1,465.48950000000013
1269.2,465.3459455445544
1269.3,465.13704554455467
1269.4,464.9451999999998
1269.5,464.78399999999993
1269.6,464.6252000000002
1269.7,464.46399999999994
1269.8,464.34514851485153
1269.9,464.26129999999995
1270.0,464.17560000000003
1270.1,464.08316831683175
1270.2,464.04100000000005
1270.3,464.07
1270.4,464.05319999999995
1270.5,464.0092079207921
1270.6,463.96770000000004
1270.7,463.9459
1270.8,463.9236
1270.9,463.8878217821782
1271.0,463.858
1271.1,463.832
1271.2,463.808
1271.3,463.774
1271.4,463.72999999999996
1271.5,463.6841584158416
1271.6,463.6639
1271.7,463.6778
1271.8,463.67440000000005
1271.9,463.65
1272.0,463.6538613861386
1272.1,463.6524
1272.2,463.61339999999996
1272.3,463.5548
1272.4,463.52623762376237
1272.5,463.50149999999996
1272.6,463.4589
1272.7,463.44
1272.8,463.4473633663366
1272.9,463.4381465346534
1273.0,463.38919999999996
1273.1,463.37719999999996
1273.2,463.37919999999997
1273.3,463.3456
1273.4,463.34812871287136
1273.5,463.4035
1273.6,463.43449999999996
1273.7,463.4625
1273.8,463.42653465346535
1273.9,463.4234
1274.0,463.4334
1274.1,463.4434
1274.2,463.45686732673266
1274.3,463.4833326732673
1274.4,463.50669999999997
1274.5,463.5066
1274.6,463.4936
1274.7,463.4433
1274.8,463.46306930693066
1274.9,463.49960000000004
1275.0,463.5008
1275.1,463.45360000000005
1275.2,463.44640000000004
1275.3,463.476
1275.4,463.5036
1275.5,463.4964
1275.6,463.5036633663367
1275.7,463.5055
1275.8,463.5214
1275.9,463.4582999999999
1276.0,463.4037079207921
1276.1,463.3987920792079
1276.2,463.408
1276.3,463.35
1276.4,463.28600000000006
1276.5,463.312
1276.6,463.319
1276.7,463.252
1276.8,463.2278217821782
1276.9,463.27
1277.0,463.2758
1277.1,463.2958
1277.2,463.3071
1277.3,463.2971
1277.4,463.2957425742574
1277.5,463.3156
1277.6,463.3048
1277.7,463.23720000000003
1277.8,463.216
1277.9,463.1772277227723
1278.0,463.1646
1278.1,463.12570000000017
1278.2,463.0654
1278.3,463.0854
1278.4,463.09198019801977
1278.5,463.0544
1278.6,463.0281999999999
1278.7,463.0852
1278.8,463.1078
1278.9,463.11699999999996
1279.0,463.05425742574255
1279.1,462.98249999999996
1279.2,462.97249999999997
1279.3,462.915
1279.4,462.9200000000001
1279.5,462.9702495049505
1279.6,462.9424
1279.7,462.9596
1279.8,462.9876
1279.9,462.9776
1280.0,463.0011999999999
1280.1,463.109504950495
1280.2,463.14920000000006
1280.3,463.18
1280.4,463.1615999999999
1280.5,463.09999999999997
1280.6,463.09540000000004
1280.7,463.0686366336633
1280.8,463.0343227722772
1280.9,463.05
1281.0,463.03900000000004
1281.1,462.9956
1281.2,462.9734
1281.3,462.95
1281.4,462.95871287128716
1281.5,462.9963
1281.6,463.0158
1281.7,462.99580000000003
1281.8,462.9779
1281.9,462.9637623762376
1282.0,462.93
1282.1,462.892
1282.2,462.90999999999997
1282.3,462.954
1282.4,462.960099009901
1282.5,462.9143
1282.6,462.89
1282.7,462.89189999999996
1282.8,462.9019
1282.9,462.9062
1283.0,462.9033
1283.1,462.9694059405941
1283.2,463.019
1283.3,463.051
1283.4,463.0172
1283.5,463.0464
1283.6,463.0336
1283.7,463.0446
1283.8,463.01099999999997
1283.9,462.97180000000003
1284.0,462.98534653465344
1284.1,463.01509999999996
1284.2,463.02639999999997
1284.3,462.9651
1284.4,462.9866
1284.5,462.9717
1284.6,462.98
1284.7,462.9749504950495
1284.8,462.94520000000006
1284.9,462.9216
1285.0,462.9316
1285.1,462.9336633663367
1285.2,462.8985
1285.3,462.89599999999996
1285.4,462.92249999999996
1285.5,462.8755
1285.6,462.8455445544555
1285.7,462.82700000000006
1285.8,462.87839999999994
1285.9,462.93280000000004
1286.0,462.9486
1286.1,462.93580000000003
1286.2,462.9184000000001
1286.3,462.96584158415845
1286.4,462.9308999999999
1286.5,462.8687
1286.6,462.8626
1286.7,462.88650000000007
1286.8,462.92999999999995
1286.9,462.9274
1287.0,462.9048
1287.1,462.87772277227714
1287.2,462.918
1287.3,462.8264
1287.4,462.8036000000001
1287.5,462.83
1287.6,462.8333
1287.7,462.85450000000003
1287.8,462.8089108910891
1287.9,462.806
1288.0,462.86600000000004
1288.1,462.91700000000003
1288.2,462.8850495049505
1288.3,462.84270000000004
1288.4,462.8763
1288.5,462.9418
1288.6,462.95550000000003
1288.7,462.90639999999996
1288.8,462.8727
1288.9,462.9
1289.0,462.89465346534655
1289.1,462.84159999999997
1289.2,462.8592
1289.3,462.8516
1289.4,462.86519999999996
1289.5,462.81080000000003
1289.6,462.82079999999996
1289.7,462.84267326732686
1289.8,462.9857999999999
1289.9,462.92439999999993
1290.0,462.85
1290.1,462.85
1290.2,462.85347227722775
1290.3,462.89889306930695
1290.4,462.88120000000004
1290.5,462.8988
1290.6,462.8847999999999
1290.7,462.9564356435643
1290.8,462.89650000000006
1290.9,462.831
1291.0,462.85049504950496
1291.1,462.85880000000003
1291.2,462.8279999999999
1291.3,462.77880000000005
1291.4,462.75158019801984
1291.5,462.7915960396039
1291.6,462.83670000000006
1291.7,462.7309
1291.8,462.7621
1291.9,462.8320792079209
1292.0,462.8996
1292.1,462.8804
1292.2,462.89880000000005
1292.3,462.8408
1292.4,462.8787999999999
1292.5,462.8192
1292.6,462.78059207920796
1292.7,462.8094079207921
1292.8,462.7901
1292.9,462.79949999999985
1293.0,462.7499
1293.1,462.73990000000003
1293.2,462.73
1293.3,462.729900990099
1293.4,462.72
1293.5,462.64
1293.6,462.65
1293.7,462.69
1293.8,462.65999999999997
1293.9,462.6005940594059
1294.0,462.5901
1294.1,462.5801
1294.2,462.6289118811882
1294.3,462.6104059405941
1294.4,462.5806
1294.5,462.64860000000004
1294.6,462.65979999999996
1294.7,462.6404
1294.8,462.6596
1294.9,462.74820000000005
1295.0,462.7694059405941
1295.1,462.79909999999995
1295.2,462.73209999999995
1295.3,462.73969999999997
1295.4,462.7206
1295.5,462.73940000000005
1295.6,462.74950792079204
1295.7,462.740396039604
1295.8,462.69200000000006
1295.9,462.69
1296.0,462.64199999999994
1296.1,462.6021702970297
1296.2,462.64750000000004
1296.3,462.669
1296.4,462.708
1296.5,462.6347524752476
1296.6,462.6206
1296.7,462.6858000000001
1296.8,462.69
1296.9,462.63359999999994
1297.0,462.64861386138614
1297.1,462.68719999999996
1297.2,462.6993
1297.3,462.7279
1297.4,462.7576237623763
1297.5,462.7508
1297.6,462.796
1297.7,462.7724
1297.8,462.7608910891089
1297.9,462.7691
1298.0,462.8064
1298.1,462.8009
1298.2,462.8090099009901
1298.3,462.783
1298.4,462.753
1298.5,462.831
1298.6,462.822
1298.7,462.78435643564353
1298.8,462.7533
1298.9,462.7233
1299.0,462.6577
1299.1,462.6855999999999
1299.2,462.75168316831684
1299.3,462.76
1299.4,462.7688
1299.5,462.7348
1299.6,462.73879999999997
1299.7,462.6964356435643
1299.8,462.7161
1299.9,462.72
1300.0,462.72
1300.1,462.68520000000007
1300.2,462.6972277227723
1300.3,462.7
1300.4,462.6828
1300.5,462.68
1300.6,462.72249999999997
1300.7,462.76400000000007
1300.8,462.71900000000005
1300.9,462.76907920792087
1301.0,462.77158415841586
1301.1,462.80359999999996
1301.2,462.7259999999999
1301.3,462.71
1301.4,462.71840000000003
1301.5,462.7116
1301.6,462.66855049504954
1301.7,462.61850000000004
1301.8,462.6266
1301.9,462.5970465346534
1302.0,462.63101782178217
1302.1,462.59080000000006
1302.2,462.6292
1302.3,462.68919999999997
1302.4,462.6918811881188
1302.5,462.7143
1302.6,462.7362
1302.7,462.8048
1302.8,462.82
1302.9,462.74782178217816
1303.0,462.626
1303.1,462.616
1303.2,462.596
1303.3,462.47
1303.4,462.35287128712866
1303.5,462.3616
1303.6,462.4094999999999
1303.7,462.44370000000004
1303.8,462.4815217821782
1303.9,462.599287128713
1304.0,462.7392000000001
1304.1,462.7310000000001
1304.2,462.7122
1304.3,462.71
1304.4,462.7178
1304.5,462.6968316831683
1304.6,462.57450000000017
1304.7,462.4398999999999
1304.8,462.3561000000001
1304.9,462.25613861386125
1305.0,462.1844
1305.1,462.1472
1305.2,462.2008000000001
1305.3,462.23519999999996
1305.4,462.2628
1305.5,462.2167999999999
1305.6,462.230099009901
1305.7,462.2850000000001
1305.8,462.26250000000005
1305.9,462.16749999999985
1306.0,462.16249999999997
1306.1,462.17
1306.2,462.0949999999999
1306.3,462.0477227722772
1306.4,461.97342574257414
1306.5,462.0018
1306.6,462.0422
1306.7,461.96860000000004
1306.8,461.9326732673268
1306.9,461.9664732673268
1307.0,461.9581
1307.1,461.96459999999996
1307.2,461.9773
1307.3,461.9946
1307.4,462.0438000000001
1307.5,462.08168316831683
1307.6,462.05400000000003
1307.7,462.0616
1307.8,462.07
1307.9,462.106
1308.0,462.1344
1308.1,462.1256
1308.2,462.1488
1308.3,462.1168
1308.4,462.0928
1308.5,462.0612
1308.6,462.0214564356436
1308.7,462.0384
1308.8,462.04999999999995
1308.9,462.0358
1309.0,462.03
1309.1,462.0651485148514
1309.2,462.052
1309.3,462.033
1309.4,462.01599999999996
1309.5,461.98227722772276
1309.6,461.9975999999999
1309.7,462.0307
1309.8,461.9986
1309.9,461.96619999999996
1310.0,461.939504950495
1310.1,461.93679999999995
1310.2,461.91279999999995
1310.3,461.87960000000004
1310.4,461.87
1310.5,461.8972
1310.6,461.88306930693074
1310.7,461.8298
1310.8,461.81
1310.9,461.83680000000004
1311.0,461.8433
1311.1,461.8134653465347
1311.2,461.82640000000004
1311.3,461.8861999999999
1311.4,461.90999999999997
1311.5,461.91659999999996
1311.6,461.90680000000003
1311.7,461.88039603960397
1311.8,461.87
1311.9,461.8765
1312.0,461.867
1312.1,461.87949999999995
1312.2,461.8835
1312.3,461.83450000000005
1312.4,461.78399999999993
1312.5,461.7828712871287
1312.6,461.7708
1312.7,461.7664
1312.8,461.7252000000001
1312.9,461.71920000000006
1313.0,461.7109267326733
1313.1,461.6873267326733
1313.2,461.68
1313.3,461.74299999999994
1313.4,461.78
1313.5,461.7926
1313.6,461.7748
1313.7,461.7663
1313.8,461.8074257425742
1313.9,461.8114
1314.0,462.33319999999964
1314.1,478.63119999998827
1314.2,525.4650000000245
1314.3,585.9101980197828
1314.4,645.3533000000386
1314.5,702.6937999999872
1314.6,758.5783999999874
1314.7,814.353960396085
1314.8,868.4060000000001
1314.9,929.6140000000607
1315.0,991.93
1315.1,1033.8579207920425
1315.2,1044.4178999999992
1315.3,1039.0920999999985
1315.4,1034.4886999999965
1315.5,1035.6372000000008
1315.6,1038.4250999999979
1315.7,1041.4081188118826
1315.8,1044.1225999999983
1315.9,1041.353999999997
1316.0,1042.4098000000029
1316.1,1043.6990099009918
1316.2,1050.7840000000097
1316.3,1058.4346999999984
1316.4,1057.200299999997
1316.5,1063.731188118805
1316.6,1062.7556000000181
1316.7,1058.3748000000023
1316.8,1063.5531999999973
1316.9,1067.827600000002
1317.0,1068.2464356435646
1317.1,1070.9204999999938
1317.2,1092.2925000000391
1317.3,1107.4805000000001
1317.4,1108.8555445544591
1317.5,1110.0279999999998
1317.6,1114.8255999999917
1317.7,1121.0766000000006
1317.8,1116.7678297029793
1317.9,1109.7728514851433
1318.0,1106.840799999999
1318.1,1108.9018999999957
1318.2,1090.168217821761
1318.3,1069.5204000000008
1318.4,1066.1519999999969
1318.5,1061.5592000000022
1318.6,1059.9154455445541
1318.7,1061.542000000002
1318.8,1071.8815999999958
1318.9,1078.7450999999965
1319.0,1079.3198019801973
1319.1,1077.1550000000107
1319.2,1075.425
1319.3,1076.5033663366373
1319.4,1076.335200000001
1319.5,1075.1650999999988
1319.6,1077.8819999999896
1319.7,1078.3874999999975
1319.8,1065.547183168328
1319.9,1058.7340792079215
1320.0,1057.9023999999984
1320.1,1055.9340000000002
1320.2,1052.2343999999966
1320.3,1050.8607999999967
1320.4,1052.4419801980187
1320.5,1052.9708999999987
1320.6,1052.2673000000086
1320.7,1046.7914999999962
1320.8,1045.0625999999988
1320.9,1044.9548514851463
1321.0,1045.2287999999994
1321.1,1045.815000000005
1321.2,1039.9167999999922
1321.3,1031.4804950495052
1321.4,1020.2599999999834
1321.5,1013.6160000000002
1321.6,1013.0060000000058
1321.7,1010.0563366336632
1321.8,1009.9515999999999
1321.9,1004.7235999999835
1322.0,996.0779999999984
1322.1,991.8088000000039
1322.2,992.916435643568
1322.3,994.5304000000045
1322.4,993.9766000000046
1322.5,998.4016999999999
1322.6,998.2692000000004
1322.7,998.184158415842
1322.8,994.858600000004
1322.9,991.3504000000031
1323.0,991.4718000000021
1323.1,990.2729999999983
1323.2,993.383861386141
1323.3,995.2063999999999
1323.4,996.184900000001
1323.5,990.8523584158436
1323.6,986.2416831683079
1323.7,990.346
1323.8,989.452
1323.9,992.5480000000009
1324.0,991.268
1324.1,990.886138613857
1324.2,988.962799999997
1324.3,984.0588999999943
1324.4,989.1290999999999
1324.5,990.079108910892
1324.6,991.8444000000001
1324.7,989.0453999999968
1324.8,988.7647999999955
1324.9,993.3787999999972
1325.0,992.369800000003
1325.1,996.6917821782177
1325.2,995.0544999999966
1325.3,991.4548000000002
1325.4,989.6520792079184
1325.5,990.0460000000006
1325.6,991.013600000013
1325.7,988.118800000008
1325.8,991.5422772277216
1325.9,987.9680000000013
1326.0,989.3215000000005
1326.1,987.6265000000087
1326.2,989.2503663366416
1326.3,997.4446613861498
1326.4,991.3808000000083
1326.5,995.3111999999998
1326.6,995.2801999999995
1326.7,995.0307920792067
1326.8,991.4641000000049
1326.9,989.8639000000082
1327.0,993.2358000000065
1327.1,990.557799999992
1327.2,998.3242574257424
1327.3,998.5819999999995
1327.4,999.8964000000019
1327.5,997.0264000000059
1327.6,991.2563366336535
1327.7,995.0403000000018
1327.8,992.6324999999978
1327.9,999.3786000000001
1328.0,999.1314851485149
1328.1,998.0660000000008
1328.2,995.4259999999999
1328.3,993.8902970296981
1328.4,997.0871999999981
1328.5,994.9065000000029
1328.6,1009.3253999999921
1328.7,1022.1091089108909
1328.8,1021.9371999999997
1328.9,1021.1827999999977
1329.0,1018.7120000000021
1329.1,1022.8805940594057
1329.2,1023.0327999999951
1329.3,1019.7687000000005
1329.4,1025.2485999999994
1329.5,1023.2198019801972
1329.6,1011.6976000000399
1329.7,989.5685999999982
1329.8,988.7131683168325
1329.9,989.2924999999956
1330.0,988.8400000000058
1330.1,993.9275000000112
1330.2,989.88217821783
1330.3,999.0272000000032
1330.4,997.002000000002
1330.5,999.9743999999961
1330.6,1002.0713861386182
1330.7,999.7505000000069
1330.8,1002.3837000000067
1330.9,996.4285000000074
1331.0,1000.5955000000035
1331.1,996.7894059405934
1331.2,997.4245999999998
1331.3,995.4236000000049
1331.4,988.6998000000094
1331.5,991.8430000000048
1331.6,985.3904950494968
1331.7,991.6293000000012
1331.8,988.857699999999
1331.9,993.7567752475329
1332.0,996.5600396039529
1332.1,989.7679999999921
1332.2,1001.086
1332.3,994.6979999999913
1332.4,1009.8832673267326
1332.5,1009.3547999999998
1332.6,1009.3868999999999
1332.7,1009.3211999999994
1332.8,1009.3072999999978
1332.9,1013.9167326732615
1333.0,998.5800000000004
1333.1,1007.2792000000073
1333.2,1003.157999999998
1333.3,999.8369306930693
1333.4,999.0400999999915
1333.5,992.1376000000062
1333.6,1007.3249891089263
1333.7,1001.2698613861426
1333.8,1010.2284000000071
1333.9,1005.2659999999969
1334.0,1002.7935405940607
1334.1,1002.5720940594243
1334.2,992.7290000000112
1334.3,1003.1965000000113
1334.4,997.3115000000191
1334.5,1010.762376237619
1334.6,1005.8270000000008
1334.7,1005.5462000000039
1334.8,1007.1194000000112
1334.9,997.694229702979
1335.0,1004.7134207920794
1335.1,1006.4341999999901
1335.2,1019.2142000000031
1335.3,1022.8216999999919
1335.4,1032.4104999999909
1335.5,1026.0883168316836
1335.6,1026.3371999999943
1335.7,1033.1956
1335.8,1035.7923999999898
1335.9,1055.588613861386
1336.0,1055.6026999999997
1336.1,1056.8119000000008
1336.2,1054.7444000000012
1336.3,1049.9564356435658
1336.4,1048.067
1336.5,1058.956
1336.6,1062.9469999999988
1336.7,1067.994099009901
1336.8,1070.971596039605
1336.9,1065.8312
1337.0,1066.854100000001
1337.1,1071.2946000000002
1337.2,1075.2934653465356
1337.3,1078.9135999999978
1337.4,1071.432799999997
1337.5,1065.2014653465333
1337.6,1060.8035237623722
1337.7,1063.0087000000003
1337.8,1063.541900000001
1337.9,1065.2841999999973
1338.0,1061.6781000000005
1338.1,1061.65019801982
1338.2,1050.7293999999977
1338.3,1048.1567999999943
1338.4,1051.918399999996
1338.5,1048.4416000000078
1338.6,1058.325544554452
1338.7,1060.3629999999946
1338.8,1054.5200000000175
1338.9,1040.3167326732762
1339.0,1049.044399999988
1339.1,1062.0135999999966
1339.2,1065.5988000000043
1339.3,1068.9256435643565
1339.4,1068.7323999999956
1339.5,1065.772800000003
1339.6,1062.0271999999916
1339.7,1074.0143000000057
1339.8,1077.6883168316836
1339.9,1076.831999999987
1340.0,1069.668199999998
1340.1,1073.956400000001
1340.2,1072.441599999997
1340.3,1078.7117821782217
1340.4,1069.9453000000112
1340.5,1075.2699000000034
1340.6,1060.380644554456
1340.7,1057.4462376237625
1340.8,1056.6
1340.9,1059.69
1341.0,1057.29
1341.1,1056.1699999999998
1341.2,1053.2958415841579
1341.3,1054.4283009900994
1341.4,1055.6280000000004
1341.5,1055.6994
1341.6,1055.7989999999998
1341.7,1053.0576999999994
1341.8,1048.1294999999989
1341.9,1045.7079207920779
1342.0,1033.4785999999945
1342.1,1033.6023999999993
1342.2,1030.4053999999985
1342.3,1021.1609900990243
1342.4,1015.108499999996
1342.5,1000.7582999999901
1342.6,1000.0969000000002
1342.7,996.0083168316793
1342.8,991.9424000000051
1342.9,993.2872000000013
1343.0,993.9548000000005
1343.1,993.7138613861389
1343.2,989.2349999999947
1343.3,995.2604999999932
1343.4,987.21099999999
1343.5,995.2344999999908
1343.6,997.448693069305
1343.7,994.9081544554417
1343.8,995.7175999999992
1343.9,987.1789999999876
1344.0,995.6351999999927
1344.1,991.7544000000042
1344.2,996.5930000000074
1344.3,997.3147999999997
1344.4,996.7403544554446
1344.5,999.9831702970278
1344.6,987.4146000000094
1344.7,993.8155999999958
1344.8,989.7572000000034
1344.9,991.3165000000033
1345.0,995.6390148514836
1345.1,988.0226970297069
1345.2,996.8519999999972
1345.3,986.6952000000053
1345.4,990.3308000000092
1345.5,990.4567326732673
1345.6,994.534099999999
1345.7,996.9693
1345.8,988.3521000000022
1345.9,995.2513999999999
1346.0,989.1495000000017
1346.1,996.259599999998
1346.2,988.8309000000002
1346.3,992.0744554455447
1346.4,991.9367821782176
1346.5,982.564
1346.6,1001.042
1346.7,993.5529999999976
1346.8,993.7408910891093
1346.9,1002.8897405940642
1347.0,995.963299999998
1347.1,1006.3263999999772
1347.2,998.3404999999975
1347.3,1002.6357000000014
1347.4,995.6203999999959
1347.5,1002.769000000002
1347.6,998.7148000000102
1347.7,999.3360000000004
1347.8,998.273960396039
1347.9,988.2451999999919
1348.0,994.2568000000038
1348.1,987.2784000000141
1348.2,994.9988000000046
1348.3,995.2759999999995
1348.4,995.1117504950496
1348.5,992.7267534653447
1348.6,983.4264000000132
1348.7,989.2153000000056
1348.8,983.8855000000095
1348.9,991.8736000000071
1349.0,992.5574999999994
1349.1,991.772700000001
1349.2,991.1876237623757
1349.3,983.8344000000088
1349.4,992.08420000001
1349.5,1009.5644000000169
1349.6,1008.6426000000043
1349.7,1010.9252000000031
1349.8,1001.8354000000115
1349.9,1009.4648000000096
1350.0,1008.9504950495069
1350.1,1005.7355000000039
1350.2,1011.5625000000084
1350.3,1010.8695000000017
1350.4,1016.8995000000084
1350.5,997.4160000000194
1350.6,1005.3484999999845
1350.7,1003.607499999995
1350.8,1001.1053465346547
1350.9,1002.608000000003
1351.0,994.8204000000054
1351.1,999.4439999999934
1351.2,994.7399999999905
1351.3,999.4915999999962
1351.4,993.6547999999887
1351.5,989.7848000000016
1351.6,990.9328435643547
1351.7,982.443956435647
1351.8,993.2012999999897
1351.9,986.8142999999827
1352.0,992.0017999999974
1352.1,990.6180000000023
1352.2,989.4839000000002
1352.3,993.257029702968
1352.4,987.6301999999857
1352.5,996.0581999999995
1352.6,991.3074000000038
1352.7,993.5701999999999
1352.8,993.6866000000003
1352.9,988.0441999999878
1353.0,995.4459405940611
1353.1,991.2921000000017
1353.2,996.6702000000018
1353.3,989.1980000000026
1353.4,996.2446534653511
1353.5,1001.222
1353.6,1005.348
1353.7,1010.7540000000026
1353.8,1005.9860000000001
1353.9,1010.1180000000031
1354.0,1004.0560000000002
1354.1,1012.582
1354.2,1010.6176237623725
1354.3,1008.5983999999997
1354.4,1010.3629000000017
1354.5,1001.3230999999972
1354.6,1006.3436633663235
1354.7,997.4285999999936
1354.8,1001.5740000000043
1354.9,996.5375999999914
1355.0,993.011199999999
1355.1,992.8451999999995
1355.2,984.5661999999951
1355.3,990.6964000000049
1355.4,983.9483999999887
1355.5,997.4327485148609
1355.6,997.6527425742636
1355.7,999.4061000000027
1355.8,964.5666000000497
1355.9,917.6691999999681
1356.0,865.3392999999633
1356.1,811.8528000000571
1356.2,762.9741999999676
1356.3,703.9150000000668
1356.4,659.9876287128451
1356.5,601.7684237623213
1356.6,551.8052000000372
1356.7,498.24639999994895
1356.8,471.43440000001436
1356.9,466.8019999999995
1357.0,466.5027999999998
1357.1,466.22200000000026
1357.2,465.9219999999997
1357.3,465.76722772277236
1357.4,465.6424999999998
1357.5,465.61
1357.6,465.50500000000017
1357.7,465.4775
1357.8,465.5025
1357.9,465.47249999999997
1358.0,465.415
1358.1,465.36257425742576
1358.2,465.32774851485146
1358.3,465.2312000000001
1358.4,465.1481999999999
1358.5,465.0264000000001
1358.6,464.98260000000005
1358.7,464.9578
1358.8,464.82544554455455
1358.9,464.72159999999985
1359.0,464.5905
1359.1,464.4843000000001
1359.2,464.4235
1359.3,464.3224000000001
1359.4,464.2096999999998
1359.5,464.0997
1359.6,464.0194059405941
1359.7,463.90639999999996
1359.8,463.8628
1359.9,463.8456
1360.0,463.8328
1360.1,463.8372
1360.2,463.7754851485148
1360.3,463.778600990099
1360.4,463.80420000000004
1360.5,463.8455
1360.6,463.8316
1360.7,463.7632
1360.8,463.69030000000004
1360.9,463.6913
1361.0,463.6858
1361.1,463.6374
1361.2,463.64840000000004
1361.3,463.6529
1361.4,463.63599999999997
1361.5,463.60900000000004
1361.6,463.5090000000002
1361.7,463.533
1361.8,463.567
1361.9,463.52099999999996
1362.0,463.465
1362.1,463.498514851485
1362.2,463.5131
1362.3,463.4824
1362.4,463.4493
1362.5,463.4124
1362.6,463.38620000000003
1362.7,463.3731
1362.8,463.3904950495049
1362.9,463.4
1363.0,463.4
1363.1,463.44759999999997
1363.2,463.436201980198
1363.3,463.39993267326736
1363.4,463.3967
1363.5,463.4402
1363.6,463.5068999999999
1363.7,463.5099
1363.8,463.4062000000001
1363.9,463.40643564356446
1364.0,463.4696
1364.1,463.47020000000003
1364.2,463.43359999999996
1364.3,463.45959999999997
1364.4,463.4734653465346
1364.5,463.45050000000003
1364.6,463.43350000000004
1364.7,463.4365
1364.8,463.466
1364.9,463.4409999999999
1365.0,463.42
1365.1,463.4265
1365.2,463.41049999999996
1365.3,463.3871287128713
1365.4,463.35439999999994
1365.5,463.3144
1365.6,463.2808
1365.7,463.302
1365.8,463.32640000000004
1365.9,463.31719999999996
1366.0,463.2652
1366.1,463.2336
1366.2,463.23
1366.3,463.2426
1366.4,463.2626
1366.5,463.2448
1366.6,463.23
1366.7,463.2048
1366.8,463.1776495049505
1366.9,463.1328
1367.0,463.0914
1367.1,463.06140000000005
1367.2,463.0624
1367.3,463.05158415841584
1367.4,462.99729999999994
1367.5,463.0005
1367.6,463.0322
1367.7,463.04
1367.8,463.0217
1367.9,463.0222
1368.0,463.09039603960395
1368.1,463.11800000000005
1368.2,463.08
1368.3,463.084
1368.4,463.13000000000005
1368.5,463.144
1368.6,463.11000000000007
1368.7,463.0662376237624
1368.8,463.09720000000004
1368.9,463.14770000000004
1369.0,463.1423
1369.1,463.0770752475248
1369.2,463.0283168316831
1369.3,463.0374
1369.4,463.0384
1369.5,463.01259999999996
1369.6,462.9942
1369.7,462.9842
1369.8,462.9858
1369.9,462.9842
1370.0,462.9916
1370.1,463.0344554455445
1370.2,463.07140000000004
1370.3,463.0857
1370.4,463.04439999999994
1370.5,463.04990000000004
1370.6,463.0857
1370.7,463.12420000000003
1370.8,463.11010000000005
1370.9,463.0743
1371.0,463.09821782178216
1371.1,463.12
1371.2,463.1424
1371.3,463.1376
1371.4,463.12
1371.5,463.10880000000003
1371.6,463.1056
1371.7,463.11
1371.8,463.138
1371.9,463.15445544554456
1372.0,463.15
1372.1,463.139
1372.2,463.11899999999997
1372.3,463.1375
1372.4,463.1762821782179
1372.5,463.2115089108911
1372.6,463.18680000000006
1372.7,463.1338
1372.8,463.0984
1372.9,463.1124000000001
1373.0,463.1184
1373.1,463.1
1373.2,463.07349999999997
1373.3,463.05
1373.4,463.0447
1373.5,462.98169999999993
1373.6,462.9617999999999
1373.7,462.9953
1373.8,462.9947
1373.9,462.9795049504951
1374.0,462.9596
1374.1,462.95000000000005
1374.2,463.00200000000007
1374.3,463.0552
1374.4,463.0652
1374.5,463.05455445544555
1374.6,463.05024851485143
1374.7,463.0242999999999
1374.8,462.9696
1374.9,462.9551
1375.0,462.9753
1375.1,462.9951
1375.2,462.9898
1375.3,462.9901495049505
1375.4,462.980099009901
1375.5,462.98
1375.6,462.9800000000001
1375.7,462.96000000000004
1375.8,462.975
1375.9,463.00500000000005
1376.0,463.03499999999997
1376.1,463.0549504950495
1376.2,463.0208
1376.3,462.9849
1376.4,462.9998
1376.5,462.97569999999996
1376.6,462.9302
1376.7,462.9102
1376.8,462.90979999999996
1376.9,462.8808
1377.0,462.82059405940595
1377.1,462.79519999999997
1377.2,462.7948
1377.3,462.8096
1377.4,462.7768
1377.5,462.7396
1377.6,462.7452
1377.7,462.7592
1377.8,462.7848
1377.9,462.7662376237623
1378.0,462.76349999999996
1378.1,462.7994
1378.2,462.82410000000004
1378.3,462.8259
1378.4,462.84290000000004
1378.5,462.9129
1378.6,462.97792079207915
1378.7,462.9685999999999
1378.8,462.92
1378.9,462.93840000000006
1379.0,462.9876
1379.1,462.99700000000007
1379.2,462.95619999999997
1379.3,462.9354
1379.4,462.94366336633664
1379.5,462.978
1379.6,462.98650000000004
1379.7,462.9745
1379.8,462.99799999999993
1379.9,463.02
1380.0,462.966
1380.1,462.9045
1380.2,462.90554455445545
1380.3,462.9044
1380.4,462.9144
1380.5,462.8804
1380.6,462.852
1380.7,462.89320000000004
1380.8,462.92319999999995
1380.9,462.9312
1381.0,462.9068
1381.1,462.9074257425742
1381.2,462.9601
1381.3,462.98710000000005
1381.4,462.92269999999996
1381.5,462.87719999999996
1381.6,462.90430000000003
1381.7,462.88419999999996
1381.8,462.8244554455446
1381.9,462.7858
1382.0,462.77160000000003
1382.1,462.76
1382.2,462.72639999999996
1382.3,462.63380000000006
1382.4,462.5742
1382.5,462.5758
1382.6,462.54900000000004
1382.7,462.54940000000005
1382.8,462.6066336633663
1382.9,462.6464000000001
1383.0,462.6905
1383.1,462.6544000000002
1383.2,462.5805
1383.3,462.6223
1383.4,462.66460000000006
1383.5,462.6918811881188
1383.6,462.672
1383.7,462.63599999999997
1383.8,462.63599999999997
1383.9,462.66999999999996
1384.0,462.62
1384.1,462.6256435643564
1384.2,462.68
1384.3,462.67220000000003
1384.4,462.6444
1384.5,462.6239
1384.6,462.63779999999997
1384.7,462.6770683168317
1384.8,462.70872277227727
1384.9,462.67859999999996
1385.0,462.6676
1385.1,462.7104
1385.2,462.72959999999995
1385.3,462.6648
1385.4,462.67009900990104
1385.5,462.7163
1385.6,462.7174
1385.7,462.7040999999999
1385.8,462.6785
1385.9,462.7137
1386.0,462.7348
1386.1,462.73069306930705
1386.2,462.6764
1386.3,462.67359999999996
1386.4,462.70160000000004
1386.5,462.7292
1386.6,462.6848000000001
1386.7,462.6507643564357
1386.8,462.6733712871287
1386.9,462.6765
1387.0,462.663
1387.1,462.6535
1387.2,462.6565
1387.3,462.64300000000003
1387.4,462.5949999999999
1387.5,462.5265346534653
1387.6,462.5268
1387.7,462.5604000000001
1387.8,462.5796000000001
1387.9,462.5536000000001
1388.0,462.58000000000004
1388.1,462.5834
1388.2,462.6169306930694
1388.3,462.68319999999994
1388.4,462.7232
1388.5,462.75329999999997
1388.6,462.7402
1388.7,462.6735999999999
1388.8,462.6134
1388.9,462.58019999999993
1389.0,462.5334653465347
1389.1,462.5136
1389.2,462.45839999999987
1389.3,462.39559999999994
1389.4,462.46920000000006
1389.5,462.52919999999995
1389.6,462.57
1389.7,462.6016831683169
1389.8,462.6638
1389.9,462.66550000000007
1390.0,462.6876
1390.1,462.64450000000005
1390.2,462.6286
1390.3,462.6731
1390.4,462.6644999999999
1390.5,462.6145
1390.6,462.5953465346534
1390.7,462.624
1390.8,462.619
1390.9,462.6129999999999
1391.0,462.55899999999997
1391.1,462.6039999999999
1391.2,462.65700000000004
1391.3,462.653
1391.4,462.67188118811885
1391.5,462.71450000000004
1391.6,462.75
1391.7,462.7587
1391.8,462.7568
1391.9,462.70000000000005
1392.0,462.6884
1392.1,462.63390000000004
1392.2,462.5526
1392.3,462.52435643564354
1392.4,462.5572
1392.5,462.55
1392.6,462.5416
1392.7,462.5228
1392.8,462.5524
1392.9,462.6324000000001
1393.0,462.6704
1393.1,462.63386138613856
1393.2,462.66189999999995
1393.3,462.6184
1393.4,462.5275999999999
1393.5,462.4211
1393.6,462.3511000000001
1393.7,462.2783999999999
1393.8,462.18786732673266
1393.9,462.0898198019802
1394.0,462.04699999999997
1394.1,462.01
1394.2,462.0126
1394.3,462.01227722772273
1394.4,461.9699999999999
1394.5,461.905
1394.6,461.8875
1394.7,461.8874257425743
1394.8,461.9076
1394.9,461.89279999999997
1395.0,461.88919999999996
1395.1,461.94280000000003
1395.2,461.9104
1395.3,461.89188118811876
1395.4,461.95530000000014
1395.5,462.0514999999999
1395.6,462.07620000000003
1395.7,462.0323
1395.8,462.0445544554455
1395.9,462.05583168316826
1396.0,462.03560000000004
1396.1,462.0222
1396.2,462.0322
1396.3,462.0443564356435
1396.4,462.05369999999994
1396.5,462.0195
1396.6,461.98
1396.7,461.9863
1396.8,462.0058
1396.9,461.99420000000003
1397.0,462.014
1397.1,462.034
1397.2,462.052
1397.3,462.04400000000004
1397.4,461.974
1397.5,461.956
1397.6,461.98
1397.7,461.974
1397.8,461.9519801980198
1397.9,461.9482792079208
1398.0,461.9038
1398.1,461.92
1398.2,461.9181
1398.3,461.92139999999995
1398.4,461.9757
1398.5,462.0076
1398.6,462.04756237623764
1398.7,462.07451881188115
1398.8,462.0446
1398.9,462.0326
1399.0,462.09180000000003
1399.1,462.09280000000007
1399.2,462.0456
1399.3,461.98900000000003
1399.4,462.03
1399.5,462.01927128712873
1399.6,461.9614178217822
1399.7,461.9234
1399.8,461.9434
1399.9,461.94809999999995
1400.0,461.88149999999996
1400.1,461.84509999999995
1400.2,461.8801663366337
1400.3,461.9204000000001
1400.4,461.8716
1400.5,461.8768
1400.6,461.8711999999999
1400.7,461.92359999999996
1400.8,461.88200000000006
1400.9,461.84000000000003
1401.0,461.8464
1401.1,461.8911999999999
1401.2,461.94366336633664
1401.3,461.9145
1401.4,461.9279999999999
1401.5,461.86
1401.6,461.86
1401.7,461.85099999999994
1401.8,461.81049999999993
1401.9,461.8774257425743
1402.0,461.9116000000001
1402.1,461.8516000000001
1402.2,461.8014
1402.3,461.81419999999997
1402.4,461.8498000000001
1402.5,461.9058
1402.6,461.87440000000004
1402.7,461.8428
1402.8,461.86693069306926
1402.9,461.90349999999995
1403.0,461.86
1403.1,461.8665
1403.2,461.90739999999994
1403.3,461.88610000000006
1403.4,461.8678000000001
1403.5,461.92909999999995
1403.6,461.99257425742576
1403.7,462.01
1403.8,462.004
1403.9,461.96
1404.0,461.966
1404.1,462.01599999999996
1404.2,462.0684
1404.3,462.12760000000003
1404.4,462.11120000000005
1404.5,462.11287128712877
1404.6,462.0556
1404.7,462.01779999999997
1404.8,461.9989
1404.9,461.9922
1405.0,462.01329999999996
1405.1,462.0312
1405.2,461.9567
1405.3,461.9332673267327
1405.4,461.961
1405.5,461.96299999999997
1405.6,461.897
1405.7,461.872
1405.8,461.889
1405.9,461.885
1406.0,461.92603960396036
1406.1,461.8864
1406.2,461.8509
1406.3,461.8618
1406.4,465.6456000000095
1406.5,509.3477000000142
1406.6,571.5375000000014
1406.7,629.585544554468
1406.8,680.9696000000154
1406.9,738.1620000000303
1407.0,804.6136000000175
1407.1,867.7763999999062
1407.2,920.5636000000302
1407.3,985.5064000000124
1407.4,1028.7663128712973
1407.5,1049.141652475247
1407.6,1046.7766000000056
1407.7,1043.7201000000032
1407.8,1048.0199000000014
1407.9,1050.4079
1408.0,1050.4257425742578
1408.1,1050.5828000000104
1408.2,1043.3089999999986
1408.3,1042.270799999984
1408.4,1053.6898000000067
1408.5,1061.1434000000072
1408.6,1069.1745544554633
1408.7,1057.56050000002
1408.8,1076.3849999999957
1408.9,1079.383499999984
1409.0,1066.1320000000035
1409.1,1069.3275000000017
1409.2,1067.9024752475236
1409.3,1066.8904000000023
1409.4,1064.5332000000012
1409.5,1064.6556000000153
1409.6,1048.7399999999939
1409.7,1055.4724000000078
1409.8,1061.5431999999996
1409.9,1061.9776000000038
1410.0,1064.5576000000056
1410.1,1058.2104950495168
1410.2,1045.9478000000295
1410.3,1064.758099999997
1410.4,1068.6314999999863
1410.5,1060.2901999999922
1410.6,1071.151700000003
1410.7,1066.6175999999969
1410.8,1064.4857000000027
1410.9,1060.9575247524838
1411.0,1066.4737999999988
1411.1,1068.7091999999977
1411.2,1073.214799999997
1411.3,1079.7144000000026
1411.4,1074.728910891106
1411.5,1083.9167000000036
1411.6,1067.830299999998
1411.7,1075.820199999999
1411.8,1079.6944000000024
1411.9,1069.4019000000328
1412.0,1085.4421999999997
1412.1,1086.456831683173
1412.2,1067.14
1412.3,1062.1499999999999
1412.4,1057.71
1412.5,1054.12
1412.6,1056.25
1412.7,1062.1588118811896
1412.8,1057.6759168316821
1412.9,1056.4716999999998
1413.0,1051.5000999999988
1413.1,1053.2121999999963
1413.2,1055.8040000000005
1413.3,1053.2460999999994
1413.4,1057.610797029705
1413.5,1049.4579999999962
1413.6,1041.4598000000142
1413.7,1031.7155999999957
1413.8,1028.8445999999988
1413.9,1024.967999999998
1414.0,1015.0703999999955
1414.1,1017.0725742574224
1414.2,1001.0573999999888
1414.3,1000.1623000000006
1414.4,992.9137999999949
1414.5,998.1123000000039
1414.6,991.7907000000102
1414.7,993.770099009903
1414.8,996.9223999999958
1414.9,990.7043999999939
1415.0,997.9472000000071
1415.1,992.6632000000075
1415.2,995.5692000000031
1415.3,996.5269306930684
1415.4,1003.8185000000087
1415.5,1008.7504999999951
1415.6,1005.9310000000037
1415.7,1009.085500000004
1415.8,1002.0400000000078
1415.9,1003.6360000000024
1416.0,1005.3672277227708
1416.1,1007.4721999999981
1416.2,1003.6801999999943
1416.3,997.8652000000046
1416.4,995.2163999999967
1416.5,990.6212871287155
1416.6,992.8567999999981
1416.7,996.714199999998
1416.8,998.5709999999989
1416.9,997.3548514851459
1417.0,992.0696000000015
1417.1,994.4167999999986
1417.2,998.9931999999988
1417.3,1006.6103999999964
1417.4,1007.4516000000003
1417.5,1007.0692079207921
1417.6,1008.2493999999997
1417.7,999.4884000000002
1417.8,997.5089000000003
1417.9,997.3636
1418.0,1002.0464999999988
1418.1,1002.4289108910891
1418.2,998.828999999999
1418.3,997.7280000000001
1418.4,985.1489999999968
1418.5,992.5800000000002
1418.6,992.2730000000001
1418.7,991.5766153846153
1418.8,995.1436214129864
1418.9,989.4527999999983
1419.0,991.1623999999972
1419.1,988.2460000000029
1419.2,990.2848000000009
1419.3,989.9728000000011
1419.4,993.1868000000011
1419.5,999.1012871287112
1419.6,994.6859000000021
1419.7,997.7832000000035
1419.8,991.3754000000029
1419.9,991.4481000000021
1420.0,991.5170297029706
1420.1,993.6219999999939
1420.2,998.2170000000001
1420.3,994.0759999999999
1420.4,995.0244554455486
1420.5,989.7893999999977
1420.6,989.8404999999941
1420.7,991.7513000000002
1420.8,994.6396000000009
1420.9,1000.0109900990165
1421.0,1007.4376000000036
1421.1,1015.2423999999917
1421.2,1019.7808000000014
1421.3,1019.0872000000027
1421.4,1018.2047999999999
1421.5,1016.881599999999
1421.6,1022.3057425742493
1421.7,1024.6470999999995
1421.8,1021.3048000000038
1421.9,1020.3427000000006
1422.0,1008.724199999988
1422.1,1001.7578000000015
1422.2,993.9404999999925
1422.3,996.9604950494984
1422.4,995.0101999999927
1422.5,997.7447999999952
1422.6,997.2006000000068
1422.7,996.4864000000014
1422.8,1001.5705999999959
1422.9,999.5639999999939
1423.0,1003.7351999999943
1423.1,1003.0749683168399
1423.2,1006.2120148514934
1423.3,1009.1939999999998
1423.4,1009.9895000000012
1423.5,1009.8820000000003
1423.6,1007.2510000000041
1423.7,1006.0675000000002
1423.8,1003.0715000000016
1423.9,1003.9195000000044
1424.0,1006.4234999999994
1424.1,1001.4509900990183
1424.2,1003.4187999999992
1424.3,1010.3211999999942
1424.4,1005.092799999984
1424.5,997.9580000000003
1424.6,1003.5691089108825
1424.7,1014.4569000000017
1424.8,1018.1947000000002
1424.9,1017.2735999999979
1425.0,1017.2914000000002
1425.1,1014.6591702970329
1425.2,1006.2625900990067
1425.3,1007.5867999999961
1425.4,1012.9780000000014
1425.5,1007.8220000000047
1425.6,1006.9389999999977
1425.7,1004.9511999999975
1425.8,1004.1733999999989
1425.9,1007.8816831683193
1426.0,1011.5946999999993
1426.1,1015.370999999999
1426.2,1011.6202999999941
1426.3,1010.2495999999992
1426.4,1005.990699999994
1426.5,1006.5596999999984
1426.6,1010.9816831683127
1426.7,1014.688
1426.8,1020.8860000000001
1426.9,1016.2399999999884
1427.0,1012.736
1427.1,1008.6340000000117
1427.2,1006.504
1427.3,1006.6017821782177
1427.4,1013.5630000000149
1427.5,1017.9911999999997
1427.6,1019.2081999999966
1427.7,1019.7455999999997
1427.8,1017.1754999999993
1427.9,1026.7255445544797
1428.0,1036.4334000000015
1428.1,1041.200399999995
1428.2,1046.4366000000023
1428.3,1052.7319999999936
1428.4,1049.0426871287075
1428.5,1043.6774386138609
1428.6,1047.0207999999961
1428.7,1050.468300000001
1428.8,1046.6252000000047
1428.9,1043.1404999999997
1429.0,1045.549300000003
1429.1,1041.968100000006
1429.2,1037.6420475247523
1429.3,1041.1490297029673
1429.4,1049.3204000000087
1429.5,1053.4056
1429.6,1052.2808000000025
1429.7,1057.59520000001
1429.8,1062.8087999999998
1429.9,1064.954158415845
1430.0,1066.277
1430.1,1067.8429999999967
1430.2,1066.1674999999937
1430.3,1072.1234999999983
1430.4,1088.5385000000197
1430.5,1103.4104999999986
1430.6,1111.2947524752437
1430.7,1115.4060000000004
1430.8,1115.000000000004
1430.9,1115.6138000000067
1431.0,1111.9005999999986
1431.1,1114.1663999999876
1431.2,1121.4328000000003
1431.3,1112.0090376237772
1431.4,1084.7337732672715
1431.5,1066.4936999999984
1431.6,1063.7695000000012
1431.7,1063.1385
1431.8,1066.3391999999963
1431.9,1072.0481000000093
1432.0,1077.950495049508
1432.1,1082.847199999998
1432.2,1083.3063999999983
1432.3,1079.5084000000022
1432.4,1081.0016000000046
1432.5,1083.537200000001
1432.6,1082.7226732673266
1432.7,1085.3192000000045
1432.8,1087.2812000000001
1432.9,1080.9135999999896
1433.0,1067.6365000000033
1433.1,1059.8551000000002
1433.2,1058.7069999999987
1433.3,1058.8961999999995
1433.4,1059.0588118811868
1433.5,1060.095
1433.6,1059.610000000005
1433.7,1055.78
1433.8,1054.515
1433.9,1052.9499999999955
1434.0,1052.6
1434.1,1053.2950000000021
1434.2,1050.715
1434.3,1048.6238118811877
1434.4,1039.992457425738
1434.5,1031.6321000000003
1434.6,1026.2087000000101
1434.7,1022.561100000001
1434.8,1020.909400000007
1434.9,1011.7541999999976
1435.0,1007.4739000000004
1435.1,1002.781584158425
1435.2,997.9368000000013
1435.3,994.8896000000059
1435.4,994.7844000000044
1435.5,995.8715999999962
1435.6,992.394399999999
1435.7,993.6906930693074
1435.8,992.8921000000009
1435.9,995.9950000000065
1436.0,996.9786000000033
1436.1,996.3720999999866
1436.2,999.7824999999984
1436.3,999.3983999999992
1436.4,999.6910891089098
1436.5,998.6902000000001
1436.6,1000.3141999999941
1436.7,998.7927999999924
1436.8,996.7057999999993
1436.9,998.4535999999979
1437.0,999.6175247524752
1437.1,1002.2815000000007
1437.2,997.6519999999989
1437.3,997.133499999988
1437.4,1000.4869999999938
1437.5,999.3615000000005
1437.6,1000.957029702972
1437.7,1000.3808000000004
1437.8,1002.4415999999967
1437.9,999.9699999999859
1438.0,993.5127999999994
1438.1,990.4572000000044
1438.2,989.8068000000017
1438.3,991.9696158415851
1438.4,987.0086930693006
1438.5,985.3349999999934
1438.6,987.2068000000056
1438.7,987.5926000000072
1438.8,993.4098000000014
1438.9,995.673000000005
1439.0,1001.6338564356362
1439.1,1003.8829405940526
1439.2,1006.4302000000037
1439.3,1003.9572000000053
1439.4,1001.3152000000086
1439.5,1004.0162594059433
1439.6,1000.321614851483
1439.7,1000.8280000000003
1439.8,997.4222000000016
1439.9,994.9832000000039
1440.0,993.7964000000018
1440.1,990.2528712871258
1440.2,991.032
1440.3,991.97
1440.4,995.720000000001
1440.5,995.6907920792079
1440.6,995.552799999999
1440.7,993.0440999999979
1440.8,990.8601999999946
1440.9,994.5525742574246
1441.0,994.1430000000021
1441.1,997.5619999999992
1441.2,997.6303999999986
1441.3,996.3633999999994
1441.4,993.4349504950441
1441.5,990.2549999999987
1441.6,993.8229000000076
1441.7,993.0814000000042
1441.8,982.1297000000064
1441.9,960.1290099009968
1442.0,966.23
1442.1,963.4680000000129
1442.2,963.5256000000154
1442.3,972.9363999999996
1442.4,975.5014257425884
1442.5,981.5280841584128
1442.6,979.5619999999869
1442.7,984.8659999999978
1442.8,989.0332673267078
1442.9,1004.3563999999992
1443.0,1004.2142000000003
1443.1,1005.1433999999986
1443.2,1004.6881999999976
1443.3,1001.1900000000016
1443.4,997.9920999999952
1443.5,994.7941999999988
1443.6,997.0489999999977
1443.7,999.8309000000015
1443.8,1001.3396039603955
1443.9,997.983199999986
1444.0,991.4191999999971
1444.1,994.3504000000022
1444.2,992.7000000000055
1444.3,997.8823999999975
1444.4,1000.5230693069265
1444.5,998.0779
1444.6,995.7406000000071
1444.7,991.816699999999
1444.8,994.6042000000002
1444.9,995.5322000000075
1445.0,999.8427722772276
1445.1,1000.4240000000009
1445.2,1001.693
1445.3,1005.493
1445.4,1002.441
1445.5,1004.1669999999999
1445.6,1010.8759999999936
1445.7,1017.085
1445.8,1015.7262376237636
1445.9,1015.427400000001
1446.0,1013.7279999999963
1446.1,1003.1856999999991
1446.2,1004.5905999999998
1446.3,1003.9278000000002
1446.4,1005.0818000000011
1446.5,1005.656399999998
1446.6,1000.2241584158405
1446.7,1000.5727999999972
1446.8,997.1271999999992
1446.9,1001.0044000000019
1447.0,1004.7680198019799
1447.1,1006.453700000001
1447.2,1003.8925999999948
1447.3,1000.0634000000005
1447.4,1002.8248999999952
1447.5,999.0024000000003
1447.6,1003.8631999999934
1447.7,1007.3482000000012
1447.8,1010.8563366336646
1447.9,1014.1001999999894
1448.0,1006.5406000000014
1448.1,1002.2706000000392
1448.2,967.1325999999513
1448.3,912.4413999999815
1448.4,856.0269346534184
1448.5,804.9706930692878
1448.6,754.9200000000586
1448.7,702.0174999999676
1448.8,645.0000000000655
1448.9,590.324999999948
1449.0,541.4374999999669
1449.1,490.2850000000341
1449.2,467.60749999999956
1449.3,466.9903960396041
1449.4,466.8628
1449.5,466.8112000000001
1449.6,466.6600000000002
1449.7,466.4459999999999
1449.8,466.3367326732674
1449.9,466.19089999999983
1450.0,466.0393
1450.1,465.95160000000004
1450.2,465.8877
1450.3,465.8663366336634
1450.4,465.81559999999996
1450.5,465.7846
1450.6,465.73
1450.7,465.719
1450.8,465.6537089108911
1450.9,465.54063069306915
1451.0,465.4679
1451.1,465.43480000000005
1451.2,465.29170000000005
1451.3,465.07881188118824
1451.4,464.946
1451.5,464.866
1451.6,464.73000000000013
1451.7,464.5204950495049
1451.8,464.3086
1451.9,464.2296
1452.0,464.0600999999999
1452.1,463.87683168316835
1452.2,463.81640000000004
1452.3,463.7892
1452.4,463.7274
1452.5,463.6592
1452.6,463.6224752475246
1452.7,463.6749
1452.8,463.63469999999995
1452.9,463.5634
1453.0,463.5783168316832
1453.1,463.5795999999999
1453.2,463.6268
1453.3,463.61
1453.4,463.61
1453.5,463.6164
1453.6,463.65
1453.7,463.6485
1453.8,463.63700000000006
1453.9,463.6245
1454.0,463.64549999999997
1454.1,463.61550000000005
1454.2,463.5914851485149
1454.3,463.59580000000005
1454.4,463.56719999999996
1454.5,463.5444
1454.6,463.51
1454.7,463.49891089108905
1454.8,463.4261
1454.9,463.39089999999993
1455.0,463.33649999999994
1455.1,463.3787
1455.2,463.36609999999996
1455.3,463.34
1455.4,463.3412
1455.5,463.35479999999995
1455.6,463.384
1455.7,463.3472
1455.8,463.3988118811881
1455.9,463.39110000000005
1456.0,463.3967
1456.1,463.3678
1456.2,463.35
1456.3,463.34891089108913
1456.4,463.338
1456.5,463.317
1456.6,463.28700000000003
1456.7,463.2609900990099
1456.8,463.26550000000003
1456.9,463.2146
1457.0,463.15549999999996
1457.1,463.1118
1457.2,463.1318
1457.3,463.14643564356436
1457.4,463.10519999999997
1457.5,463.0532
1457.6,463.0939999999999
1457.7,463.13359999999994
1457.8,463.0615841584158
1457.9,463.0835000000001
1458.0,463.1307
1458.1,463.1420999999999
1458.2,463.16579999999993
1458.3,463.11349306930697
1458.4,463.16240000000005
1458.5,463.19759999999997
1458.6,463.15760000000006
1458.7,463.1224
1458.8,463.15940594059407
1458.9,463.15250000000003
1459.0,463.201
1459.1,463.21950000000004
1459.2,463.20799999999997
1459.3,463.1695
1459.4,463.16099009900995
1459.5,463.1819999999999
1459.6,463.22640000000007
1459.7,463.1404
1459.8,463.15039603960395
1459.9,463.1581999999999
1460.0,463.0991
1460.1,463.0709
1460.2,463.10060000000004
1460.3,463.1185148514852
1460.4,463.07040000000006
1460.5,463.0898
1460.6,463.08
1460.7,463.08118811881184
1460.8,463.1399
1460.9,463.1301
1461.0,463.14019801980197
1461.1,463.16
1461.2,463.09000000000003
1461.3,463.09000000000003
1461.4,463.11
1461.5,463.0208910891089
1461.6,463.0497
1461.7,463.0698
1461.8,463.0304
1461.9,462.9607
1462.0,463.0090099009901
1462.1,463.0197999999999
1462.2,463.05920000000003
1462.3,463.0306
1462.4,463.0008910891089
1462.5,463.0291
1462.6,462.9621000000001
1462.7,462.96009603960397
1462.8,462.9792079207921
1462.9,463.01840000000004
1463.0,462.972
1463.1,462.97
1463.2,462.93159999999995
1463.3,462.93
1463.4,462.9870000000001
1463.5,463.009
1463.6,463.01
1463.7,463.0288118811882
1463.8,463.0206
1463.9,462.99179999999996
1464.0,462.99
1464.1,462.9434653465347
1464.2,462.9679
1464.3,463.01649999999995
1464.4,462.99209999999994
1464.5,462.99
1464.6,462.99920792079206
1464.7,462.99080000000004
1464.8,463.0268
1464.9,463.00239999999997
1465.0,463.03679999999997
1465.1,463.0855445544554
1465.2,463.09000000000003
1465.3,463.0172
1465.4,462.9827
1465.5,463.0255
1465.6,463.0118
1465.7,463.01
1465.8,462.94702079207923
1465.9,462.9129702970297
1466.0,462.937
1466.1,462.89500000000004
1466.2,462.854
1466.3,462.922
1466.4,462.94782178217827
1466.5,462.95000000000005
1466.6,462.91440000000006
1466.7,462.9189
1466.8,462.9556
1466.9,462.98670000000004
1467.0,462.9547524752475
1467.1,462.9412
1467.2,462.9664
1467.3,462.9084
1467.4,462.97040000000004
1467.5,462.9712
1467.6,462.93480000000005
1467.7,462.93
1467.8,462.93
1467.9,462.88649999999996
1468.0,462.8365
1468.1,462.83
1468.2,462.89046930693075
1468.3,462.9430415841583
1468.4,462.8639999999999
1468.5,462.81559999999996
1468.6,462.83579999999995
1468.7,462.85720000000003
1468.8,462.81700000000006
1468.9,462.8014
1469.0,462.843
1469.1,462.8755445544554
1469.2,462.8034999999999
1469.3,462.75600000000003
1469.4,462.80950000000007
1469.5,462.854
1469.6,462.8515
1469.7,462.83299999999997
1469.8,462.80475247524754
1469.9,462.82520000000005
1470.0,462.88039999999995
1470.1,462.86480000000006
1470.2,462.86840000000007
1470.3,462.91158415841585
1470.4,462.88679999999994
1470.5,462.87170000000003
1470.6,462.8285
1470.7,462.8117
1470.8,462.8266
1470.9,462.8383
1471.0,462.7742574257426
1471.1,462.76
1471.2,462.7764
1471.3,462.7554
1471.4,462.7253999999999
1471.5,462.6954
1471.6,462.71435643564354
1471.7,462.76050000000004
1471.8,462.7943
1471.9,462.80809999999997
1472.0,462.8667
1472.1,462.8881
1472.2,462.9143
1472.3,462.9119801980198
1472.4,462.92603960396036
1472.5,462.874
1472.6,462.876
1472.7,462.84799999999996
1472.8,462.776
1472.9,462.7836831683168
1473.0,462.76625841584155
1473.1,462.7679
1473.2,462.77
1473.3,462.7463
1473.4,462.74
1473.5,462.819
1473.6,462.7926000000001
1473.7,462.78
1473.8,462.82680000000005
1473.9,462.8322
1474.0,462.7754
1474.1,462.76
1474.2,462.74455445544555
1474.3,462.75539999999995
1474.4,462.7523
1474.5,462.6652999999999
1474.6,462.60150000000004
1474.7,462.620495049505
1474.8,462.6148
1474.9,462.63280000000003
1475.0,462.66280000000006
1475.1,462.6852
1475.2,462.7276237623763
1475.3,462.7025
1475.4,462.70500000000004
1475.5,462.71
1475.6,462.74749999999995
1475.7,462.745
1475.8,462.7177227722772
1475.9,462.70259999999996
1476.0,462.7
1476.1,462.6926
1476.2,462.6240594059406
1476.3,462.59999999999997
1476.4,462.6146
1476.5,462.66380000000004
1476.6,462.7019
1476.7,462.7392
1476.8,462.7135
1476.9,462.7216831683168
1477.0,462.75879999999995
1477.1,462.7628
1477.2,462.7888
1477.3,462.8072
1477.4,462.7884712871287
1477.5,462.7587574257426
1477.6,462.7287
1477.7,462.6703
1477.8,462.6997
1477.9,462.7129702970297
1478.0,462.71
1478.1,462.696
1478.2,462.746
1478.3,462.798
1478.4,462.803
1478.5,462.78613861386134
1478.6,462.80069999999995
1478.7,462.8169
1478.8,462.78549999999996
1478.9,462.7424
1479.0,462.7641584158416
1479.1,462.75960000000003
1479.2,462.70239999999995
1479.3,462.6732
1479.4,462.64959999999996
1479.5,462.68719603960403
1479.6,462.716601980198
1479.7,462.7066
1479.8,462.7067
1479.9,462.7569000000001
1480.0,462.75989999999996
1480.1,462.7768
1480.2,462.74356435643557
1480.3,462.66720000000004
1480.4,462.6598
1480.5,462.6369346534654
1480.6,462.6006386138614
1480.7,462.62250000000006
1480.8,462.6595
1480.9,462.657
1481.0,462.6242574257426
1481.1,462.57160000000005
1481.2,462.59479999999996
1481.3,462.6647999999999
1481.4,462.69
1481.5,462.6711
1481.6,462.6537
1481.7,462.6626
1481.8,462.67
1481.9,462.6638
1482.0,462.6662
1482.1,462.701
1482.2,462.7015841584158
1482.3,462.6717
1482.4,462.62949999999995
1482.5,462.6588
1482.6,462.6839
1482.7,462.6739603960396
1482.8,462.634
1482.9,462.59799999999996
1483.0,462.644
1483.1,462.6621782178218
1483.2,462.6264
1483.3,462.6159
1483.4,462.63180000000006
1483.5,462.6049504950495
1483.6,462.59159999999997
1483.7,462.5942
1483.8,462.62479999999994
1483.9,462.6848
1484.0,462.71
1484.1,462.6929
1484.2,462.69710000000003
1484.3,462.6815
1484.4,462.6429
1484.5,462.63
1484.6,462.61320000000006
1484.7,462.5608
1484.8,462.4964
1484.9,462.43639999999994
1485.0,462.4210891089109
1485.1,462.4629999999999
1485.2,462.5065
1485.3,462.509
1485.4,462.5440000000001
1485.5,462.60178217821783
1485.6,462.6362
1485.7,462.64459999999997
1485.8,462.61300000000006
1485.9,462.5575465346534
1486.0,462.5086603960396
1486.1,462.4158000000001
1486.2,462.2810999999999
1486.3,462.17760000000004
1486.4,462.10289999999986
1486.5,462.0594
1486.6,462.0394
1486.7,462.0353
1486.8,462.0557425742574
1486.9,462.0804
1487.0,462.064
1487.1,462.0556
1487.2,462.096
1487.3,462.15119999999996
1487.4,462.1851485148515
1487.5,462.1384663366337
1487.6,462.12059999999997
1487.7,462.17550000000006
1487.8,462.1745
1487.9,462.1398
1488.0,462.1453
1488.1,462.1345
1488.2,462.13550000000004
1488.3,462.12965247524755
1488.4,462.0649009900989
1488.5,462.05499999999995
1488.6,462.06000000000006
1488.7,462.01
1488.8,461.98
1488.9,461.985
1489.0,461.97499999999997
1489.1,461.96999999999997
1489.2,461.95029702970294
1489.3,461.9395999999999
1489.4,461.9894
1489.5,461.9906
1489.6,461.94040000000007
1489.7,461.9298
1489.8,461.94
1489.9,461.9302
1490.0,461.9053
1490.1,461.87059405940596
1490.2,461.874
1490.3,461.9096
1490.4,461.9008
1490.5,461.8848
1490.6,461.914
1490.7,461.9448
1490.8,461.9548
1490.9,461.94559999999996
1491.0,461.92049504950495
1491.1,461.9334999999999
1491.2,461.9506
1491.3,461.9306
1491.4,461.89649999999995
1491.5,461.8982
1491.6,461.9394
1491.7,461.9594
1491.8,461.96534653465346
1491.9,461.9462
1492.0,461.9392
1492.1,461.9454
1492.2,461.8939999999999
1492.3,461.8676
1492.4,461.92760000000004
1492.5,461.93240000000003
1492.6,461.90459999999996
1492.7,461.90999999999997
1492.8,461.9055
1492.9,461.9045
1493.0,461.9235
1493.1,461.92650000000003
1493.2,461.946
1493.3,461.9945
1493.4,461.96849999999995
1493.5,461.9344554455446
1493.6,461.9444
1493.7,461.9676
1493.8,461.9856
1493.9,461.95799999999997
1494.0,461.9212
1494.1,461.91
1494.2,461.92764356435646
1494.3,461.9455871287129
1494.4,461.9357
1494.5,461.94289999999995
1494.6,461.9686
1494.7,461.9714
1494.8,461.94280000000003
1494.9,461.9329
1495.0,461.9543
1495.1,461.9429702970297
1495.2,461.92011485148515
1495.3,462.1089999999998
1495.4,475.92340000002787
1495.5,520.6211999999719
1495.6,581.8637999999726
1495.7,642.4764000000526
1495.8,698.6629999999774
1495.9,750.5558000000475
1496.0,809.7791089108676
1496.1,873.630999999928
1496.2,935.4644999999861
1496.3,996.3855999999863
1496.4,1040.7729000000243
1496.5,1052.9960000000003
1496.6,1049.2139000000084
1496.7,1045.1732
1496.8,1046.3778999999995
1496.9,1050.5197029703054
1497.0,1055.786
1497.1,1056.3140000000026
1497.2,1055.86
1497.3,1057.654
1497.4,1054.8799999999906
1497.5,1055.88
1497.6,1064.9079999999967
1497.7,1069.356
1497.8,1073.6560396039588
1497.9,1069.9052999999972
1498.0,1061.4769999999996
1498.1,1059.5157000000015
1498.2,1060.8312000000014
1498.3,1064.4168000000013
1498.4,1066.3588000000018
1498.5,1083.2488000000071
1498.6,1102.691099999999
1498.7,1104.3838613861394
1498.8,1107.488199999998
1498.9,1112.6936000000026
1499.0,1115.449599999999
1499.1,1114.9389999999992
1499.2,1115.0585999999985
1499.3,1112.8342000000005
1499.4,1109.8455999999971
1499.5,1090.6025999999817
1499.6,1066.0588118811877
1499.7,1064.7959999999964
1499.8,1061.9454999999998
1499.9,1062.4109999999996
1500.0,1061.7147
1500.1,1062.5786999999946
1500.2,1066.5253000000032
1500.3,1066.2351000000012
1500.4,1060.217899999999
1500.5,1061.6219801980194
1500.6,1066.6735999999955
1500.7,1066.729599999995
1500.8,1066.0720000000008
1500.9,1066.7659999999885
1501.0,1063.8468000000012
1501.1,1068.1414178217997
1501.2,1059.9439059405947
1501.3,1062.464499999996
1501.4,1063.0369999999941
1501.5,1060.3630000000007
1501.6,1060.6875000000032
1501.7,1059.789000000001
1501.8,1061.9019999999987
1501.9,1061.6889999999967
1502.0,1059.5198019801978
1502.1,1058.4830000000018
1502.2,1052.8289999999924
1502.3,1043.6028000000024
1502.4,1040.3427999999938
1502.5,1034.6917999999955
1502.6,1030.4671999999978
1502.7,1026.998599999991
1502.8,1016.4772000000012
1502.9,1010.8641584158323
1503.0,1001.9700999999992
1503.1,1001.4584000000023
1503.2,997.8228999999967
1503.3,995.1541000000001
1503.4,994.9339999999997
1503.5,995.252099999999
1503.6,994.4342000000036
1503.7,993.1210000000057
1503.8,996.8356435643577
1503.9,995.3904000000006
1504.0,998.7211999999956
1504.1,1003.4592000000024
1504.2,1000.3812000000015
1504.3,998.8984000000034
1504.4,995.0828000000047
1504.5,998.5215999999992
1504.6,1000.5259999999987
1504.7,1001.641089108908
1504.8,997.2585000000021
1504.9,994.4148000000134
1505.0,998.9272000000017
1505.1,992.5321000000029
1505.2,991.0788999999995
1505.3,991.7251000000006
1505.4,991.8801000000091
1505.5,992.7249000000028
1505.6,987.200495049497
1505.7,992.952
1505.8,991.594
1505.9,992.9740000000011
1506.0,992.007
1506.1,991.6369999999931
1506.2,997.256
1506.3,995.4
1506.4,998.0879999999975
1506.5,997.8595049504952
1506.6,1000.534099999999
1506.7,1000.2894999999985
1506.8,997.5659999999972
1506.9,1000.1263999999984
1507.0,996.6620000000011
1507.1,1000.3309999999996
1507.2,998.7572999999983
1507.3,997.0490999999945
1507.4,1005.4121782178211
1507.5,1003.5291999999998
1507.6,999.0000000000028
1507.7,989.4228000000023
1507.8,994.1415999999992
1507.9,996.3083999999988
1508.0,997.0080000000041
1508.1,1000.2356000000021
1508.2,992.9317821782192
1508.3,993.2770999999996
1508.4,989.5262000000021
1508.5,992.0246
1508.6,992.6779000000004
1508.7,994.2893000000045
1508.8,996.5700999999993
1508.9,992.7432000000076
1509.0,999.6749999999997
1509.1,997.9966336633572
1509.2,1004.0484000000057
1509.3,1008.1471999999992
1509.4,1008.0538000000056
1509.5,1009.3815999999961
1509.6,1002.0231999999905
1509.7,1005.4891999999944
1509.8,1002.617600000002
1509.9,995.7478831682766
1510.0,966.4236386138664
1510.1,974.1925000000092
1510.2,967.207499999998
1510.3,965.5624999999956
1510.4,966.504999999991
1510.5,962.747500000005
1510.6,965.2425000000183
1510.7,958.5500000000121
1510.8,971.3442079208058
1510.9,969.5173702970566
1511.0,991.9560000000097
1511.1,985.6447999999934
1511.2,993.222000000007
1511.3,997.9200000000069
1511.4,993.669600000005
1511.5,996.5224000000065
1511.6,992.3039999999951
1511.7,996.3319801980197
1511.8,995.9409000000007
1511.9,995.7093000000032
1512.0,997.3635000000019
1512.1,995.2689000000004
1512.2,992.8703999999908
1512.3,987.2161999999973
1512.4,990.9998000000036
1512.5,993.218514851486
1512.6,993.7919999999933
1512.7,996.5074000000059
1512.8,988.6273999999956
1512.9,994.48699999999
1513.0,989.014999999999
1513.1,991.2781999999978
1513.2,992.6290000000009
1513.3,993.7909999999943
1513.4,1001.5891089108786
1513.5,995.1896999999992
1513.6,997.707600000001
1513.7,998.378099999998
1513.8,1005.9212999999992
1513.9,1009.4996000000059
1514.0,1012.8374999999996
1514.1,1013.0935059405953
1514.2,1008.4389306930609
1514.3,1004.1340000000063
1514.4,994.1300000000001
1514.5,998.318
1514.6,1000.1280000000013
1514.7,997.738
1514.8,995.4540000000031
1514.9,991.006
1515.0,994.4193069306928
1515.1,991.4682999999982
1515.2,998.9135000000007
1515.3,1000.113800000001
1515.4,997.6133000000018
1515.5,1002.7325999999982
1515.6,997.8622999999986
1515.7,1000.6939999999973
1515.8,992.7843564356424
1515.9,997.9077999999986
1516.0,995.5970000000001
1516.1,997.4013999999995
1516.2,996.0563999999962
1516.3,991.5594000000007
1516.4,1002.7037999999995
1516.5,1003.6802000000005
1516.6,1012.2377999999997
1516.7,1014.8836633663434
1516.8,1026.7575000000008
1516.9,1029.8900000000035
1517.0,1034.0025999999998
1517.1,1034.0732999999977
1517.2,1037.581200000009
1517.3,1048.4591999999996
1517.4,1048.380300000004
1517.5,1053.2070000000003
1517.6,1053.6419801980242
1517.7,1050.1391999999962
1517.8,1044.8891999999937
1517.9,1048.8724000000007
1518.0,1050.9780000000053
1518.1,1060.4323999999897
1518.2,1066.9124000000002
1518.3,1067.2543999999998
1518.4,1067.3252
1518.5,1067.1146534653458
1518.6,1067.0944999999926
1518.7,1072.0934999999977
1518.8,1069.1515000000022
1518.9,1067.4840000000002
1519.0,1067.4954999999993
1519.1,1066.7345000000005
1519.2,1066.5025000000005
1519.3,1074.4039999999438
1519.4,1115.968613861383
1519.5,1113.5997999999945
1519.6,1118.5946000000013
1519.7,1116.7521999999965
1519.8,1114.8149999999944
1519.9,1120.5078000000024
1520.0,1122.909399999997
1520.1,1125.063800000004
1520.2,1121.1761999999987
1520.3,1112.5101980198501
1520.4,1064.6356999999973
1520.5,1062.7818000000002
1520.6,1062.8822999999988
1520.7,1063.769399999994
1520.8,1059.2365000000027
1520.9,1057.7981000000198
1521.0,1071.4884999999983
1521.1,1073.5368000000005
1521.2,1073.3069306930727
1521.3,1074.6992000000032
1521.4,1069.5608000000113
1521.5,1076.3631999999986
1521.6,1078.8092000000006
1521.7,1078.2360000000003
1521.8,1077.0792000000029
1521.9,1070.4451999999865
1522.0,1062.1244000000022
1522.1,1058.0343564356424
1522.2,1059.3685000000005
1522.3,1057.8197
1522.4,1056.9488999999965
1522.5,1055.3238999999996
1522.6,1056.4806000000008
1522.7,1055.2760999999996
1522.8,1056.7541999999996
1522.9,1057.2327999999902
1523.0,1051.9148514851493
1523.1,1049.4439999999981
1523.2,1056.209
1523.3,1048.5040000000006
1523.4,1046.224
1523.5,1042.731
1523.6,1031.1260000000002
1523.7,1028.81
1523.8,1015.6661386138612
1523.9,1015.6201999999979
1524.0,1006.6359999999985
1524.1,999.9991
1524.2,993.214999999999
1524.3,989.624
1524.4,993.6651999999974
1524.5,983.9990000000025
1524.6,993.4337772277224
1524.7,986.8193940594067
1524.8,988.9880000000002
1524.9,989.6651999999995
1525.0,989.0088000000019
1525.1,994.5080000000185
1525.2,985.7516000000032
1525.3,991.871199999998
1525.4,985.7284158415865
1525.5,990.5826000000015
1525.6,992.8407000000159
1525.7,984.3564000000079
1525.8,994.4098999999951
1525.9,986.0516000000039
1526.0,991.6502000000011
1526.1,993.6529999999939
1526.2,997.3754980198028
1526.3,998.5617029702996
1526.4,997.3516000000053
1526.5,1002.3025999999928
1526.6,993.9347999999916
1526.7,999.573199999999
1526.8,998.2728000000022
1526.9,996.8994000000023
1527.0,998.9833663366303
1527.1,995.048499999997
1527.2,997.1114999999922
1527.3,990.2634999999922
1527.4,996.2324999999875
1527.5,985.7860000000029
1527.6,988.7629999999954
1527.7,992.1474999999903
1527.8,983.8079999999856
1527.9,995.5804950494978
1528.0,988.9619999999978
1528.1,991.4311999999941
1528.2,997.2847999999868
1528.3,987.8971999999868
1528.4,1001.3207999999863
1528.5,991.416399999991
1528.6,1000.4908000000099
1528.7,990.2264000000088
1528.8,996.8643564356436
1528.9,996.9150999999972
1529.0,995.2434999999977
1529.1,998.2813000000069
1529.2,988.5991000000153
1529.3,997.9562000000071
1529.4,987.9963000000093
1529.5,994.0209
1529.6,994.0309900990103
1529.7,993.4923999999982
1529.8,997.2870000000055
1529.9,985.6462000000237
1530.0,998.4542000000054
1530.1,987.0677999999957
1530.2,995.2636000000007
1530.3,993.9855999999997
1530.4,994.8357425742649
1530.5,998.9875000000021
1530.6,989.9297999999976
1530.7,999.9518999999968
1530.8,1014.041799999999
1530.9,1018.2266000000095
1531.0,1022.7822000000012
1531.1,1017.1121999999987
1531.2,1022.1906326732693
1531.3,1013.1900990098908
1531.4,1014.64
1531.5,1025.2900000000002
1531.6,1027.3799999999999
1531.7,1022.3900000000001
1531.8,1004.1500000000001
1531.9,1000.2900000000001
1532.0,994.29
1532.1,998.24
1532.2,999.5568316831685
1532.3,999.3720000000001
1532.4,1006.775200000002
1532.5,995.2867999999974
1532.6,993.6751000000031
1532.7,991.4522999999995
1532.8,993.7664000000005
1532.9,998.5618000000012
1533.0,990.031993069303
1533.1,997.7882277227579
1533.2,984.2103999999936
1533.3,991.6132000000035
1533.4,988.8691999999985
1533.5,991.4168000000011
1533.6,995.6447999999925
1533.7,987.4881999999963
1533.8,993.8272000000029
1533.9,985.1399999999933
1534.0,991.2332000000046
1534.1,1001.2269999999846
1534.2,1011.6374000000071
1534.3,1011.8821
1534.4,1001.5688999999927
1534.5,1010.5911000000066
1534.6,1000.9763000000155
1534.7,1008.8859000000058
1534.8,1013.797920792073
1534.9,1020.2972000000059
1535.0,1022.624000000002
1535.1,993.430000000039
1535.2,999.1124000000065
1535.3,991.1344000000108
1535.4,997.097200000006
1535.5,1002.4672000000048
1535.6,1001.7682851485162
1535.7,1008.5449554455525
1535.8,1000.9200000000085
1535.9,1005.1075000000054
1536.0,999.0135000000068
1536.1,1001.7864999999963
1536.2,1006.2725000000052
1536.3,1004.6285000000021
1536.4,1013.6690000000109
1536.5,1005.0826732673343
1536.6,1007.0573999999975
1536.7,999.4837999999887
1536.8,1003.6429999999963
1536.9,1006.8164000000041
1537.0,998.3520000000071
1537.1,959.6548000000371
1537.2,905.3225999999247
1537.3,851.2194732673684
1537.4,791.2172861385186
1537.5,747.2046000000223
1537.6,689.3586000000403
1537.7,643.5195000000234
1537.8,589.2207000000375
1537.9,535.3917999999145
1538.0,479.8755000000291
1538.1,467.46267326733107
1538.2,465.93880000000024
1538.3,465.55720000000014
1538.4,465.1987999999993
1538.5,464.98600000000005
1538.6,464.7216000000001
1538.7,464.5068000000001
1538.8,464.43480000000005
1538.9,464.41159999999996
1539.0,464.2642574257426
1539.1,464.11350000000004
1539.2,464.08180000000004
1539.3,464.0618
1539.4,464.0145
1539.5,463.91900000000004
1539.6,463.8463
1539.7,463.8218
1539.8,463.7199
1539.9,463.59260099009896
1540.0,463.5619603960396
1540.1,463.55100000000004
1540.2,463.46
1540.3,463.441
1540.4,463.34999999999997
1540.5,463.349
1540.6,463.31399999999996
1540.7,463.283
1540.8,463.27108910891087
1540.9,463.21659999999997
1541.0,463.1477
1541.1,463.11330000000004
1541.2,463.1367
1541.3,463.05989999999997
1541.4,463.0767
1541.5,463.0533
1541.6,463.0678
1541.7,463.1052475247525
1541.8,463.0132
1541.9,462.9824
1542.0,463.07680000000005
1542.1,463.05912280701756
1542.2,463.0136385964912
1542.3,462.9778
1542.4,462.9478
1542.5,462.9696
1542.6,463.0096
1542.7,462.9682
1542.8,462.97198019801976
1542.9,462.98
1543.0,462.94350000000003
1543.1,462.9154
1543.2,462.9246
1543.3,462.9227
1543.4,462.9054
1543.5,462.8854
1543.6,462.82217821782183
1543.7,462.836
1543.8,462.8068
1543.9,462.7828
1544.0,462.7728
1544.1,462.7484
1544.2,462.71119999999996
1544.3,462.77199999999993
1544.4,462.7857425742574
1544.5,462.7871
1544.6,462.7758
1544.7,462.7842
1544.8,462.8184
1544.9,462.81579999999997
1545.0,462.85259999999994
1545.1,462.89840000000004
1545.2,462.8958
1545.3,462.80564356435644
1545.4,462.77
1545.5,462.714
1545.6,462.71099999999996
1545.7,462.706
1545.8,462.7
1545.9,462.65799999999996
1546.0,462.633
1546.1,462.62300000000005
1546.2,462.5922772277228
1546.3,462.5938
1546.4,462.58619999999996
1546.5,462.6145
1546.6,462.5748000000001
1546.7,462.5224
1546.8,462.50309999999996
1546.9,462.5
1547.0,462.4724
1547.1,462.4531683168317
1547.2,462.47040000000004
1547.3,462.50039999999996
1547.4,462.4692
1547.5,462.4296
1547.6,462.3860000000001
1547.7,462.3564
1547.8,462.3636
1547.9,462.30199999999996
1548.0,462.3171287128713
1548.1,462.3065
1548.2,462.3034
1548.3,462.27650000000006
1548.4,462.26
1548.5,462.2935
1548.6,462.3234
1548.7,462.3501
1548.8,462.36
1548.9,462.4062
1549.0,462.39700000000005
1549.1,462.3932
1549.2,462.4066
1549.3,462.39680000000004
1549.4,462.4098
1549.5,462.40680000000003
1549.6,462.41979999999995
1549.7,462.43653465346534
1549.8,462.414
1549.9,462.4065
1550.0,462.423
1550.1,462.40400000000005
1550.2,462.40950000000004
1550.3,462.43949999999995
1550.4,462.463
1550.5,462.4895
1550.6,462.46138613861393
1550.7,462.4208
1550.8,462.3908
1550.9,462.3864
1551.0,462.3644
1551.1,462.38839999999993
1551.2,462.3972
1551.3,462.4155999999999
1551.4,462.4492
1551.5,462.4029702970297
1551.6,462.40149999999994
1551.7,462.4326
1551.8,462.47779999999995
1551.9,462.4937
1552.0,462.4774
1552.1,462.4574
1552.2,462.4185
1552.3,462.36850000000004
1552.4,462.3125742574257
1552.5,462.2962
1552.6,462.2814
1552.7,462.239
1552.8,462.18280000000004
1552.9,462.1848
1553.0,462.1814
1553.1,462.1824
1553.2,462.19
1553.3,462.19
1553.4,462.19
1553.5,462.2022
1553.6,462.2344
1553.7,462.2378
1553.8,462.2483
1553.9,462.2722
1554.0,462.2920792079208
1554.1,462.2400000000001
1554.2,462.23
1554.3,462.274
1554.4,462.284
1554.5,462.286
1554.6,462.29
1554.7,462.29
1554.8,462.266
1554.9,462.2618811881188
1555.0,462.2582
1555.1,462.2559
1555.2,462.26
1555.3,462.2187
1555.4,462.15459999999996
1555.5,462.1182
1555.6,462.13920792079205
1555.7,462.1716
1555.8,462.19739999999996
1555.9,462.21
1556.0,462.2042
1556.1,462.1942
1556.2,462.2016
1556.3,462.2274
1556.4,462.2516
1556.5,462.2772277227723
1556.6,462.28430000000003
1556.7,462.25719999999995
1556.8,462.22290000000004
1556.9,462.2214
1557.0,462.25280000000004
1557.1,462.2586
1557.2,462.2443
1557.3,462.2457
1557.4,462.25564356435643
1557.5,462.26
1557.6,462.2152000000001
1557.7,462.2024
1557.8,462.2088
1557.9,462.22240000000005
1558.0,462.212
1558.1,462.19
1558.2,462.1676
1558.3,462.14445544554457
1558.4,462.1069999999999
1558.5,462.0525
1558.6,462.04099999999994
1558.7,462.039
1558.8,462.041
1558.9,462.039
1559.0,462.052
1559.1,462.0645
1559.2,462.07633663366335
1559.3,462.0792
1559.4,462.1078000000001
1559.5,462.1562
1559.6,462.17
1559.7,462.16999999999996
1559.8,462.1646
1559.9,462.18160000000006
1560.0,462.2054
1560.1,462.21534653465346
1560.2,462.2041
1560.3,462.16880000000003
1560.4,462.1553
1560.5,462.1865
1560.6,462.1994
1560.7,462.17409999999995
1560.8,462.1812
1560.9,462.16851485148516
1561.0,462.17119999999994
1561.1,462.18960000000004
1561.2,462.154
1561.3,462.16639999999995
1561.4,462.2052
1561.5,462.1736000000001
1561.6,462.1504
1561.7,462.17544554455446
1561.8,462.2002
1561.9,462.1947
1562.0,462.1392
1562.1,462.11019999999996
1562.2,462.12
1562.3,462.1251
1562.4,462.1097514851485
1562.5,462.0649504950495
1562.6,462.05499999999995
1562.7,462.065
1562.8,462.025
1562.9,461.99
1563.0,461.995
1563.1,461.985
1563.2,461.96500000000003
1563.3,461.95514851485154
1563.4,461.9499495049505
1563.5,461.9843
1563.6,462.02
1563.7,461.98569999999995
1563.8,461.98429999999996
1563.9,462.0102
1564.0,462.0294
1564.1,462.05510000000004
1564.2,462.05
1564.3,462.0596
1564.4,462.07000000000005
1564.5,462.0604
1564.6,462.0548
1564.7,462.08400000000006
1564.8,462.10040000000004
1564.9,462.07079999999996
1565.0,462.0116
1565.1,461.9890099009901
1565.2,462.0194
1565.3,462.0253
1565.4,461.99649999999997
1565.5,462.00289999999995
1565.6,462.03060000000005
1565.7,462.02470000000005
1565.8,462.03
1565.9,462.0159
1566.0,462.0046534653465
1566.1,462.0054
1566.2,462.0046
1566.3,462.0146
1566.4,462.04760000000005
1566.5,462.0708
1566.6,462.0324000000001
1566.7,461.9631999999999
1566.8,461.9062
1566.9,461.88544554455444
1567.0,461.9115
1567.1,461.9365
1567.2,461.8795
1567.3,461.84349999999995
1567.4,461.88700000000006
1567.5,461.9155
1567.6,461.901
1567.7,461.91673267326735
1567.8,461.972
1567.9,462.01320000000004
1568.0,462.00359999999995
1568.1,461.9656
1568.2,461.9732
1568.3,461.99
1568.4,461.9550613861386
1568.5,461.90999999999997
1568.6,461.9358
1568.7,461.98720000000003
1568.8,462.0143
1568.9,462.0071
1569.0,461.9814
1569.1,461.9572277227723
1569.2,461.961
1569.3,461.98580000000004
1569.4,461.9842
1569.5,461.9816
1569.6,461.9826
1569.7,461.9789999999999
1569.8,461.91673267326735
1569.9,461.8946000000001
1570.0,461.9669
1570.1,462.03229999999996
1570.2,462.0213
1570.3,461.9964
1570.4,462.03640000000007
1570.5,462.0641
1570.6,462.0413000000001
1570.7,462.0040594059406
1570.8,462.04200000000003
1570.9,462.04999999999984
1571.0,461.994
1571.1,462.0
1571.2,462.028
1571.3,462.05
1571.4,462.01199999999994
1571.5,461.976
1571.6,461.9558415841584
1571.7,461.9683
1571.8,461.9383
1571.9,461.9395
1572.0,461.95050000000003
1572.1,461.95509999999996
1572.2,461.9788
1572.3,461.93
1572.4,461.8949
1572.5,461.85544554455447
1572.6,461.8762
1572.7,461.8662
1572.8,461.8638
1572.9,461.87379999999996
1573.0,461.88379999999995
1573.1,461.871
1573.2,461.8438
1573.3,461.8424
1573.4,461.8864356435644
1573.5,461.9726
1573.6,461.9674
1573.7,461.9837
1573.8,461.98629999999997
1573.9,461.98
1574.0,461.9837
1574.1,461.9641000000001
1574.2,461.9089
1574.3,461.85471599791555
1574.4,461.75859633750974
1574.5,461.68158613861385
1574.6,461.6544
1574.7,461.7029999999999
1574.8,461.8332
1574.9,461.8910000000001
1575.0,461.95199999999994
1575.1,462.0322
1575.2,462.0378
1575.3,462.0191089108911
1575.4,461.9821
1575.5,461.9753
1575.6,461.9116
1575.7,461.8485
1575.8,461.7111
1575.9,461.6273999999999
1576.0,461.54850000000005
1576.1,461.4258
1576.2,461.4079207920792
1576.3,461.406
1576.4,461.43
1576.5,461.43
1576.6,461.42
1576.7,461.378
1576.8,461.37199999999996
1576.9,461.374
1577.0,461.356
1577.1,461.370099009901
1577.2,461.33000000000004
1577.3,461.3243
1577.4,461.2886
1577.5,461.2305
1577.6,461.2052
1577.7,461.28139999999996
1577.8,461.3243
1577.9,461.3
1578.0,461.30188118811884
1578.1,461.3189999999999
1578.2,461.3564
1578.3,461.33820000000003
1578.4,461.3336
1578.5,461.3518
1578.6,461.3618
1578.7,461.3592
1578.8,461.3154
1578.9,461.34
1579.0,461.3434
1579.1,461.3532000000001
1579.2,461.3234
1579.3,461.34340000000003
1579.4,461.37360000000007
1579.5,461.44
1579.6,461.4315000000001
1579.7,461.38829999999996
1579.8,461.38504950495053
1579.9,461.40999999999997
1580.0,461.402
1580.1,461.35360000000003
1580.2,461.3216
1580.3,461.3316
1580.4,461.3239999999999
1580.5,461.2416
1580.6,461.259504950495
1580.7,461.3115
1580.8,461.3050000000001
1580.9,461.21848514851484
1581.0,461.21288514851483
1581.1,461.2328
1581.2,461.25
1581.3,461.2402000000001
1581.4,461.1786138613861
1581.5,461.1739
1581.6,461.19480000000004
1581.7,461.1560999999999
1581.8,461.1376356435643
1581.9,461.19360000000006
1582.0,461.2236
1582.1,461.2488
1582.2,461.2364
1582.3,461.2183168316832
1582.4,461.28330000000005
1582.5,461.3067
1582.6,461.2811
1582.7,461.29544554455447
1582.8,461.341
1582.9,461.353
1583.0,461.381
1583.1,461.3890099009901
1583.2,461.3836
1583.3,461.41729999999995
1583.4,461.3873
1583.5,461.3573
1583.6,461.3336
1583.7,461.3708910891089
1583.8,461.3768
1583.9,461.3376
1584.0,461.3052
1584.1,461.24840000000006
1584.2,461.23
1584.3,461.23
1584.4,461.2308
1584.5,461.2463366336634
1584.6,461.31790000000007
1584.7,461.2879
1584.8,461.2593
1584.9,461.2542
1585.0,461.3149
1585.1,461.37440000000015
1585.2,461.29789999999997
1585.3,461.2672
1585.4,461.22999999999996
1585.5,461.22759999999994
1585.6,461.1906
1585.7,461.1988
1585.8,461.1824
1585.9,461.22180000000003
1586.0,461.2433999999999
1586.1,461.1417821782178
1586.2,461.17250000000007
1586.3,461.21950000000004
1586.4,461.2095
1586.5,461.2015
1586.6,461.23199999999997
1586.7,461.269
1586.8,461.2534999999999
1586.9,461.3175247524752
1587.0,461.2715999999999
1587.1,461.31039999999996
1587.2,461.31839999999994
1587.3,461.278
1587.4,461.23040000000003
1587.5,461.24
1587.6,461.23958811881187
1587.7,461.22909999999996
1587.8,461.20000000000005
1587.9,461.20029999999997
1588.0,461.2088
1588.1,461.17
1588.2,461.17150000000004
1588.3,461.21999999999997
1588.4,461.22120000000007
1588.5,461.3015841584149
1588.6,463.700999999974
1588.7,515.8633999999738
1588.8,573.4897999999748
1588.9,628.9704000000976
1589.0,684.0731999999731
1589.1,743.2149999999709
1589.2,801.3331999999766
1589.3,853.2638871286832
1589.4,918.2966772278246
1589.5,975.3184999999877
1589.6,1028.706299999998
1589.7,1036.2855999999995
1589.8,1038.8295999999998
1589.9,1039.8706000000184
1590.0,1049.3781999999878
1590.1,1102.6819999999993
1590.2,1104.8783168316827
1590.3,1106.71
1590.4,1114.92
1590.5,1118.36
1590.6,1122.8899999999999
1590.7,1123.46
1590.8,1118.28
1590.9,1133.37
1591.0,1119.09
1591.1,1073.3500000000001
1591.2,1066.1321782178202
1591.3,1065.6442
1591.4,1064.2441
1591.5,1064.1309999999999
1591.6,1063.0311000000022
1591.7,1049.763899999997
1591.8,1055.3918000000012
1591.9,1058.7042574257441
1592.0,1058.5054
1592.1,1057.5298000000018
1592.2,1053.8055999999983
1592.3,1041.5583999999944
1592.4,1064.1538000000116
1592.5,1065.4138000000003
1592.6,1064.3426851485167
1592.7,1070.8090445544601
1592.8,1061.9696000000142
1592.9,1057.8002999999974
1593.0,1055.8175999999987
1593.1,1057.1664999999978
1593.2,1057.7241000000004
1593.3,1054.7136000000048
1593.4,1049.3722999999964
1593.5,1046.8282178217798
1593.6,1051.7891999999933
1593.7,1054.3712000000023
1593.8,1056.5147999999972
1593.9,1059.6528000000028
1594.0,1060.6632000000009
1594.1,1060.1240000000007
1594.2,1060.004
1594.3,1057.9849504950516
1594.4,1056.8634999999988
1594.5,1056.2685000000006
1594.6,1056.0690000000002
1594.7,1053.599499999997
1594.8,1053.2895
1594.9,1051.9119999999984
1595.0,1052.7899999999988
1595.1,1051.6651039603971
1595.2,1052.2947207920802
1595.3,1051.089800000001
1595.4,1055.9450000000072
1595.5,1054.3706000000016
1595.6,1047.4068000000066
1595.7,1046.9794000000002
1595.8,1037.4108000000078
1595.9,1037.7118000000014
1596.0,1023.3642673267414
1596.1,1021.5007544554461
1596.2,1015.4694000000034
1596.3,1009.7376000000039
1596.4,1003.3786999999897
1596.5,998.9682000000023
1596.6,1006.0727999999946
1596.7,1003.7191000000016
1596.8,1000.7100000000021
1596.9,998.78732673267
1597.0,1000.9491999999993
1597.1,1008.5375999999962
1597.2,1006.4568000000007
1597.3,1006.358
1597.4,1001.9355999999912
1597.5,1000.2436000000004
1597.6,999.1272000000005
1597.7,996.1880000000009
1597.8,1005.2493069306905
1597.9,995.6040000000003
1598.0,1001.6397999999982
1598.1,994.140900000002
1598.2,995.8779999999999
1598.3,998.1956999999994
1598.4,990.2919000000004
1598.5,995.8781999999984
1598.6,987.5811881188121
1598.7,993.4850000000017
1598.8,991.5050000000001
1598.9,990.3989999999998
1599.0,994.198
1599.1,986.827
1599.2,994.3210000000021
1599.3,987.132
1599.4,996.7420000000027
1599.5,997.5892079207921
1599.6,997.6656999999997
1599.7,998.8014000000003
1599.8,995.2286999999991
1599.9,1001.7031000000037
1600.0,1000.8778999999995
1600.1,1002.0672999999972
1600.2,1004.5487128712882
1600.3,998.6295999999968
1600.4,1003.860800000005
1600.5,999.5243999999974
1600.6,1002.8767999999928
1600.7,996.4955999999964
1600.8,987.6123999999959
1600.9,991.5372000000042
1601.0,989.9895049504934
1601.1,994.7755999999924
1601.2,984.9607999999917
1601.3,987.4689999999939
1601.4,984.3998999999972
1601.5,984.9201000000007
1601.6,989.9084999999928
1601.7,983.7390831683111
1601.8,989.7019881188032
1601.9,982.9867999999917
1602.0,985.1930000000037
1602.1,982.0448000000044
1602.2,983.1342000000018
1602.3,989.9115999999921
1602.4,989.3789999999983
1602.5,991.7516000000028
1602.6,986.392200000007
1602.7,988.762277227727
1602.8,985.9145000000033
1602.9,986.3810000000014
1603.0,992.3499999999947
1603.1,1000.4504999999906
1603.2,1008.432000000009
1603.3,1009.7209900990098
1603.4,1010.1012000000005
1603.5,1013.8155999999976
1603.6,1013.4012000000012
1603.7,1019.7588000000108
1603.8,1007.6204000000087
1603.9,1018.1488000000213
1604.0,1029.8295999999941
1604.1,1009.1604000000243
1604.2,1005.0313861386139
1604.3,999.7148000000044
1604.4,1008.1899000000185
1604.5,1000.6548000000034
1604.6,1004.1132999999954
1604.7,1001.9000000000011
1604.8,1001.0540000000001
1604.9,1003.1033000000041
1605.0,996.3293801980207
1605.1,1003.9545168316781
1605.2,998.5326000000003
1605.3,1000.3767999999981
1605.4,1002.4028000000028
1605.5,1003.9427999999999
1605.6,1011.7311999999959
1605.7,1006.5658000000004
1605.8,1006.9969999999988
1605.9,1001.728712871286
1606.0,1001.0498999999999
1606.1,1004.4156999999991
1606.2,1004.7407
1606.3,1009.2083999999987
1606.4,1002.463499999998
1606.5,1003.8051999999992
1606.6,999.2121000000016
1606.7,1004.2974079207937
1606.8,1007.0330297029702
1606.9,999.8679999999957
1607.0,1006.312
1607.1,1003.614
1607.2,1008.7720000000036
1607.3,999.7760000000001
1607.4,1000.4980000000019
1607.5,1000.292
1607.6,996.7709108910901
1607.7,999.1421000000026
1607.8,993.5651999999982
1607.9,997.7850000000053
1608.0,995.7180999999989
1608.1,998.7078999999922
1608.2,1001.3479000000004
1608.3,998.515199999999
1608.4,1001.7264000000037
1608.5,994.5736633663323
1608.6,1000.0955999999869
1608.7,995.5529999999961
1608.8,1000.2566000000038
1608.9,1004.577000000003
1609.0,1002.6101999999985
1609.1,1007.1093999999911
1609.2,1001.2891999999958
1609.3,1004.0114000000027
1609.4,995.1813861385989
1609.5,1003.0447000000096
1609.6,1008.3920999999972
1609.7,1015.6805000000058
1609.8,1015.5833000000029
1609.9,1014.4363999999996
1610.0,1022.6422000000075
1610.1,1024.1107920792092
1610.2,1033.5408000000116
1610.3,1033.2836000000036
1610.4,1041.562800000011
1610.5,1042.207199999997
1610.6,1038.116435643567
1610.7,1036.5074999999993
1610.8,1036.1675
1610.9,1041.405000000008
1611.0,1045.757499999998
1611.1,1045.0975000000021
1611.2,1043.6149999999984
1611.3,1052.4979207920746
1611.4,1059.6934000000074
1611.5,1064.3707999999986
1611.6,1068.3467999999964
1611.7,1074.7715999999978
1611.8,1078.1007999999983
1611.9,1069.0459405940396
1612.0,1066.8593999999998
1612.1,1066.9750000000004
1612.2,1069.1613999999997
1612.3,1068.7498000000012
1612.4,1065.2009900990095
1612.5,1057.496800000004
1612.6,1054.5784000000003
1612.7,1053.3427999999997
1612.8,1055.8570297029692
1612.9,1061.0586000000026
1613.0,1063.1756999999998
1613.1,1061.2390158415083
1613.2,1060.0790396039258
1613.3,1055.742
1613.4,1060.223000000006
1613.5,1064.1100000000001
1613.6,1063.9893069306943
1613.7,1064.2206
1613.8,1062.1384999999993
1613.9,1062.528300000002
1614.0,1061.9061386138608
1614.1,1067.3447999999903
1614.2,1074.2940000000028
1614.3,1076.3523999999998
1614.4,1072.3232673267291
1614.5,1071.5125000000012
1614.6,1068.7266000000043
1614.7,1071.278263366342
1614.8,1075.5421702970277
1614.9,1080.441600000005
1615.0,1083.8519999999987
1615.1,1070.1922000000297
1615.2,1057.2286138613772
1615.3,1055.0764999999997
1615.4,1058.340500000005
1615.5,1056.4380000000017
1615.6,1054.1588118811887
1615.7,1053.952
1615.8,1052.9332000000013
1615.9,1051.0636633663337
1616.0,1051.0004000000001
1616.1,1052.319799999999
1616.2,1052.1732999999997
1616.3,1052.5448999999992
1616.4,1046.6875247524722
1616.5,1042.3344000000004
1616.6,1033.3572000000063
1616.7,1029.7898000000012
1616.8,1022.1270297029747
1616.9,1017.2195000000006
1617.0,1010.9471000000025
1617.1,1000.3499000000024
1617.2,996.9241584158424
1617.3,994.2139999999999
1617.4,993.2100000000015
1617.5,988.23
1617.6,991.0387920791948
1617.7,991.4918415841569
1617.8,993.0791000000017
1617.9,997.7843000000033
1618.0,999.0321000000001
1618.1,1002.1067326732625
1618.2,998.7009999999957
1618.3,998.3207999999945
1618.4,999.5430693069293
1618.5,999.1840000000009
1618.6,999.2383000000004
1618.7,999.1636000000003
1618.8,1000.4523792079199
1618.9,997.0355683168247
1619.0,997.010799999998
1619.1,997.4584000000052
1619.2,994.6455999999982
1619.3,992.6892000000006
1619.4,989.4724752475204
1619.5,991.7554999999991
1619.6,991.1485000000083
1619.7,989.3460000000031
1619.8,988.6422772277227
1619.9,984.664799999994
1620.0,987.8070000000013
1620.1,986.7946000000092
1620.2,989.3329702970333
1620.3,992.4919000000039
1620.4,990.6492000000027
1620.5,992.6178000000009
1620.6,990.0224752475286
1620.7,988.7952000000025
1620.8,985.8580000000043
1620.9,987.6880000000077
1621.0,987.9390099009937
1621.1,986.4743999999984
1621.2,990.0485999999999
1621.3,992.0199999999991
1621.4,996.0553465346576
1621.5,993.5699999999999
1621.6,994.8699999999867
1621.7,994.5250000000001
1621.8,994.711485148502
1621.9,1000.2932999999996
1622.0,997.7821999999992
1622.1,995.7039000000009
1622.2,993.1541584158401
1622.3,993.0275999999972
1622.4,992.3287999999973
1622.5,992.7340000000033
1622.6,995.975738613862
1622.7,994.7281336633657
1622.8,993.2594000000008
1622.9,989.7753999999966
1623.0,992.3879999999956
1623.1,994.3675247524881
1623.2,992.1426000000049
1623.3,995.3734
1623.4,995.7723999999998
1623.5,998.4585999999993
1623.6,997.2686138613982
1623.7,998.0375000000016
1623.8,1002.603500000007
1623.9,1003.8540000000118
1624.0,1013.5400346534665
1624.1,1018.5922772277224
1624.2,1019.6840000000008
1624.3,1022.316399999997
1624.4,1020.9799999999901
1624.5,1018.5952673267341
1624.6,1020.1727039603969
1624.7,1020.1151000000009
1624.8,1021.3066999999995
1624.9,1018.3158999999952
1625.0,1004.344200000015
1625.1,993.051485148513
1625.2,995.7964000000021
1625.3,993.0588000000045
1625.4,990.9562000000075
1625.5,992.2706173913119
1625.6,986.676213043473
1625.7,987.6064999999966
1625.8,984.2710000000002
1625.9,987.5096000000058
1626.0,991.4277227722762
1626.1,987.1161999999899
1626.2,990.1571999999916
1626.3,985.008600000002
1626.4,988.8027999999962
1626.5,986.1012000000006
1626.6,989.1173999999905
1626.7,992.0195049504916
1626.8,987.2724999999917
1626.9,990.2149999999888
1627.0,984.3650000000035
1627.1,987.9375000000048
1627.2,985.0675000000007
1627.3,988.2799999999897
1627.4,997.1025000000093
1627.5,1002.8501485148474
1627.6,999.2902019801994
1627.7,994.1396000000076
1627.8,998.6392000000096
1627.9,992.7908000000077
1628.0,1000.5955999999976
1628.1,1005.0135999999909
1628.2,1012.0763999999984
1628.3,1005.614400000019
1628.4,991.2017821782233
1628.5,993.690100000007
1628.6,987.1457999999963
1628.7,992.1067000000036
1628.8,992.970200000005
1628.9,991.7937000000205
1629.0,1004.4770000000063
1629.1,999.1328999999951
1629.2,1002.4574999999895
1629.3,995.728811881186
1629.4,999.4106000000063
1629.5,1002.5522000000012
1629.6,1004.290599999984
1629.7,1015.9342000000029
1629.8,1012.5185999999967
1629.9,1015.6159999999852
1630.0,1006.4136000000009
1630.1,1005.6509999999961
1630.2,1005.5622772277288
1630.3,984.0258000000107
1630.4,934.697899999909
1630.5,879.64890000001
1630.6,831.3994634146794
1630.7,771.8869918699224
1630.8,731.4879512194942
1630.9,674.5945999999714
1631.0,626.4393999999781
1631.1,572.9422000000951
1631.2,516.6309900989718
1631.3,473.44340000006514
1631.4,466.485499999996
1631.5,466.0092999999998
1631.6,465.73810000000043
1631.7,465.53599999999983
1631.8,465.2778000000004
1631.9,465.06629999999984
1632.0,464.9063366336632
1632.1,464.8328000000001
1632.2,464.75319999999994
1632.3,464.6828000000001
1632.4,464.61279999999994
1632.5,464.56199999999995
1632.6,464.44480000000016
1632.7,464.2959999999999
1632.8,464.2036950495051
1632.9,464.03844554455424
1633.0,463.95400000000006
1633.1,463.91200000000003
1633.2,463.8244999999999
1633.3,463.73450000000014
1633.4,463.68249999999995
1633.5,463.62300000000005
1633.6,463.5535000000001
1633.7,463.4651584158415
1633.8,463.49761782178217
1633.9,463.44359999999995
1634.0,463.39300000000003
1634.1,463.35240000000005
1634.2,463.35
1634.3,463.2936000000001
1634.4,463.2241999999999
1634.5,463.27639999999997
1634.6,463.27069306930696
1634.7,463.23280000000005
1634.8,463.20210000000003
1634.9,463.21860000000004
1635.0,463.1921920792079
1635.1,463.2452316831683
1635.2,463.1948
1635.3,463.19
1635.4,463.17159999999996
1635.5,463.1426732673267
1635.6,463.1126910891089
1635.7,463.0736
1635.8,463.0427
1635.9,463.063687684558
1636.0,462.9698999999999
1636.1,462.93230000000005
1636.2,462.96080000000006
1636.3,462.9623
1636.4,462.9214999999999
1636.5,462.85609999999997
1636.6,462.7707000000001
1636.7,462.78080000000006
1636.8,462.8204950495049
1636.9,462.792
1637.0,462.7876
1637.1,462.8431999999999
1637.2,462.8524
1637.3,462.78920000000005
1637.4,462.7624
1637.5,462.78280000000007
1637.6,462.84319999999997
1637.7,462.7922772277227
1637.8,462.725
1637.9,462.74750000000006
1638.0,462.7675
1638.1,462.7250000000001
1638.2,462.7025
1638.3,462.72249999999997
1638.4,462.72249999999997
1638.5,462.78749999999997
1638.6,462.7951485148515
1638.7,462.7974
1638.8,462.7704
1638.9,462.7748
1639.0,462.81699999999995
1639.1,462.8004
1639.2,462.7382
1639.3,462.7124534653465
1639.4,462.70997326732675
1639.5,462.637
1639.6,462.5954
1639.7,462.6192
1639.8,462.64459999999997
1639.9,462.6573
1640.0,462.6381
1640.1,462.60831683168317
1640.2,462.5999722772277
1640.3,462.6216
1640.4,462.60839999999996
1640.5,462.5784
1640.6,462.5412
1640.7,462.5588
1640.8,462.5628
1640.9,462.5312
1641.0,462.5057425742574
1641.1,462.4787
1641.2,462.4487
1641.3,462.4187
1641.4,462.3461
1641.5,462.3129
1641.6,462.3384
1641.7,462.3642
1641.8,462.32030000000003
1641.9,462.2648514851485
1642.0,462.271
1642.1,462.30099999999993
1642.2,462.28200000000004
1642.3,462.284
1642.4,462.3950000000001
1642.5,462.48199999999997
1642.6,462.5
1642.7,462.46534653465346
1642.8,462.519
1642.9,462.5914000000001
1643.0,462.5824
1643.1,462.5562
1643.2,462.5707
1643.3,462.5662
1643.4,462.51859999999994
1643.5,462.520495049505
1643.6,462.51640000000003
1643.7,462.55760000000004
1643.8,462.5868
1643.9,462.5628
1644.0,462.53639999999996
1644.1,462.50960000000003
1644.2,462.51346534653464
1644.3,462.5668999999999
1644.4,462.56989999999996
1644.5,462.4594999999999
1644.6,462.45019999999994
1644.7,462.4230999999999
1644.8,462.37320000000005
1644.9,462.3399
1645.0,462.33663366336634
1645.1,462.34659999999997
1645.2,462.3632
1645.3,462.33040000000005
1645.4,462.36280000000005
1645.5,462.4427999999999
1645.6,462.49639999999994
1645.7,462.49019999999996
1645.8,462.46020000000004
1645.9,462.4303960396039
1646.0,462.433
1646.1,462.43350000000004
1646.2,462.3974999999999
1646.3,462.39300000000003
1646.4,462.37399999999997
1646.5,462.3795
1646.6,462.3835
1646.7,462.4125
1646.8,462.46861386138613
1646.9,462.5284000000001
1647.0,462.5244
1647.1,462.52919999999995
1647.2,462.55920000000003
1647.3,462.5892
1647.4,462.5872
1647.5,462.5928
1647.6,462.55520000000007
1647.7,462.5236633663366
1647.8,462.5074
1647.9,462.44959999999986
1648.0,462.4326
1648.1,462.4148
1648.2,462.3874
1648.3,462.36740000000003
1648.4,462.3537
1648.5,462.3185
1648.6,462.33118811881184
1648.7,462.33759999999995
1648.8,462.29280000000006
1648.9,462.3072
1649.0,462.3424
1649.1,462.3624
1649.2,462.3886
1649.3,462.36280000000005
1649.4,462.371
1649.5,462.3715841584158
1649.6,462.3295
1649.7,462.2856
1649.8,462.3066
1649.9,462.3239
1650.0,462.3139
1650.1,462.32219999999995
1650.2,462.3483
1650.3,462.3966
1650.4,462.40188118811875
1650.5,462.378
1650.6,462.3280000000001
1650.7,462.312
1650.8,462.33799999999997
1650.9,462.356
1651.0,462.318
1651.1,462.26000000000005
1651.2,462.2756435643564
1651.3,462.2528
1651.4,462.2082
1651.5,462.22950000000003
1651.6,462.30309999999986
1651.7,462.3105
1651.8,462.2487
1651.9,462.2141
1652.0,462.2508910891089
1652.1,462.3205999999999
1652.2,462.30359999999996
1652.3,462.2758
1652.4,462.2858
1652.5,462.28999999999996
1652.6,462.25520000000006
1652.7,462.2358
1652.8,462.24
1652.9,462.2286
1653.0,462.2086
1653.1,462.1943
1653.2,462.1957
1653.3,462.1886
1653.4,462.19140000000004
1653.5,462.1773693069307
1653.6,462.1432871287129
1653.7,462.1356
1653.8,462.1344
1653.9,462.1692000000001
1654.0,462.172
1654.1,462.1723999999999
1654.2,462.1844
1654.3,462.1632
1654.4,462.1111881188118
1654.5,462.069
1654.6,462.0875
1654.7,462.13750000000005
1654.8,462.171
1654.9,462.18
1655.0,462.18
1655.1,462.1855
1655.2,462.2065
1655.3,462.2091089108911
1655.4,462.21080000000006
1655.5,462.247
1655.6,462.2862
1655.7,462.2838
1655.8,462.26460000000003
1655.9,462.2654
1656.0,462.2808
1656.1,462.30069306930693
1656.2,462.27819999999997
1656.3,462.2447
1656.4,462.26120000000003
1656.5,462.29060000000004
1656.6,462.25230000000005
1656.7,462.1941
1656.8,462.17470000000003
1656.9,462.17
1657.0,462.1544475247525
1657.1,462.1504
1657.2,462.1808
1657.3,462.1844
1657.4,462.16999999999996
1657.5,462.1391089108911
1657.6,462.1457
1657.7,462.18
1657.8,462.2259
1657.9,462.2548514851485
1658.0,462.23
1658.1,462.20000000000005
1658.2,462.15999999999997
1658.3,462.1301485148515
1658.4,462.1346495049505
1658.5,462.1843
1658.6,462.24449999999996
1658.7,462.2945
1658.8,462.2759000000001
1658.9,462.24455445544555
1659.0,462.2695485148515
1659.1,462.2944
1659.2,462.2908
1659.3,462.27019009900994
1659.4,462.2796099009901
1659.5,462.27590000000004
1659.6,462.23180000000013
1659.7,462.1765
1659.8,462.1825742574257
1659.9,462.2246
1660.0,462.23
1660.1,462.1978000000001
1660.2,462.15999999999997
1660.3,462.1782178217822
1660.4,462.191
1660.5,462.162
1660.6,462.1355
1660.7,462.1611881188119
1660.8,462.2
1660.9,462.22200000000004
1661.0,462.21479999999997
1661.1,462.20079999999996
1661.2,462.2312
1661.3,462.2330693069307
1661.4,462.2458128712871
1661.5,462.26149999999996
1661.6,462.31149999999997
1661.7,462.30129999999997
1661.8,462.24574257425746
1661.9,462.24
1662.0,462.25260000000003
1662.1,462.28679999999997
1662.2,462.3391504950496
1662.3,462.32254158415844
1662.4,462.2359
1662.5,462.2259
1662.6,462.19540000000006
1662.7,462.15999999999997
1662.8,462.1395
1662.9,462.12230000000005
1663.0,462.15229999999997
1663.1,462.18217821782173
1663.2,462.15999999999997
1663.3,462.144
1663.4,462.214
1663.5,462.188
1663.6,462.124
1663.7,462.1
1663.8,462.104
1663.9,462.09399999999994
1664.0,462.03435643564353
1664.1,461.9605
1664.2,461.9417
1664.3,461.96
1664.4,461.96
1664.5,461.9366
1664.6,461.8961
1664.7,461.9134
1664.8,461.9461386138614
1664.9,461.9324
1665.0,461.9276
1665.1,461.9514
1665.2,461.9586
1665.3,461.93240000000003
1665.4,461.92760000000004
1665.5,461.97420000000005
1665.6,462.0452
1665.7,462.0737623762376
1665.8,462.0874
1665.9,462.1037
1666.0,462.10630000000003
1666.1,462.0889
1666.2,462.0626
1666.3,462.0537
1666.4,462.0711
1666.5,462.08267326732675
1666.6,462.0772
1666.7,462.09000000000003
1666.8,462.1116
1666.9,462.15360000000004
1667.0,462.1564
1667.1,462.1392000000001
1667.2,462.1308
1667.3,462.12497821782176
1667.4,462.048306930693
1667.5,461.983
1667.6,461.94900000000007
1667.7,461.903
1667.8,461.84450000000015
1667.9,461.7319999999999
1668.0,461.70450000000005
1668.1,461.76399999999995
1668.2,461.80393069306933
1668.3,461.84366534653464
1668.4,461.88360000000006
1668.5,461.9236
1668.6,461.92960000000005
1668.7,461.8662
1668.8,461.8302
1668.9,461.81599999999986
1669.0,461.7228
1669.1,461.63297029702983
1669.2,461.52699999999993
1669.3,461.44350000000003
1669.4,461.38359999999994
1669.5,461.3234
1669.6,461.31989999999996
1669.7,461.35650000000004
1669.8,461.39989999999995
1669.9,461.4167
1670.0,461.3936633663367
1670.1,461.35360000000003
1670.2,461.3656000000001
1670.3,461.42639999999994
1670.4,461.44960000000003
1670.5,461.4636
1670.6,461.4532
1670.7,461.45039999999995
1670.8,461.4332
1670.9,461.4336633663366
1671.0,461.41999999999996
1671.1,461.41999999999996
1671.2,461.4045
1671.3,461.3576
1671.4,461.3238
1671.5,461.3131
1671.6,461.3293
1671.7,461.33152277227725
1671.8,461.2837920792079
1671.9,461.264
1672.0,461.265
1672.1,461.3
1672.2,461.291
1672.3,461.276
1672.4,461.302
1672.5,461.339
1672.6,461.3629702970297
1672.7,461.3847108910891
1672.8,461.4287
1672.9,461.4442
1673.0,461.4184
1673.1,461.3958
1673.2,461.4245
1673.3,461.4513
1673.4,461.4155
1673.5,461.37138613861384
1673.6,461.3444
1673.7,461.3328
1673.8,461.3344
1673.9,461.3256
1674.0,461.3428
1674.1,461.3444
1674.2,461.33
1674.3,461.33
1674.4,461.33000000000004
1674.5,461.3273
1674.6,461.3227
1674.7,461.31919999999997
1674.8,461.2765
1674.9,461.2508
1675.0,461.307
1675.1,461.3854
1675.2,461.38379999999995
1675.3,461.33732673267326
1675.4,461.3378
1675.5,461.3756
1675.6,461.43039999999996
1675.7,461.43139999999994
1675.8,461.3578
1675.9,461.37739999999997
1676.0,461.35179999999997
1676.1,461.29999999999995
1676.2,461.3101485148515
1676.3,461.3425
1676.4,461.3575000000001
1676.5,461.375
1676.6,461.355
1676.7,461.37000000000006
1676.8,461.4525
1676.9,461.42499999999995
1677.0,461.3976237623762
1677.1,461.35264950495053
1677.2,461.34680000000003
1677.3,461.4072
1677.4,461.4155999999999
1677.5,461.3556000000001
1677.6,461.3076
1677.7,461.29279999999994
1677.8,461.2628
1677.9,461.2566336633664
1678.0,461.3123
1678.1,461.32919999999996
1678.2,461.3415999999999
1678.3,461.2708
1678.4,461.24
1678.5,461.2492
1678.6,461.27770000000004
1678.7,461.26079999999996
1678.8,461.23
1678.9,461.23220000000003
1679.0,461.251
1679.1,461.27680000000004
1679.2,461.2278
1679.3,461.2288
1679.4,461.2622
1679.5,461.259
1679.6,461.2244
1679.7,461.24653465346535
1679.8,461.2763
1679.9,461.2894999999999
1680.0,461.2374
1680.1,461.20469999999995
1680.2,461.2768
1680.3,461.3337
1680.4,461.30789999999996
1680.5,461.3105
1680.6,461.3603960396039
1680.7,461.396
1680.8,461.372
1680.9,461.338
1681.0,461.3359405940594
1681.1,461.36379999999997
1681.2,464.01150000000314
1681.3,486.58819999998775
1681.4,546.2219000000134
1681.5,605.2939603960303
1681.6,664.3935999998944
1681.7,722.273200000026
1681.8,779.7346000000027
1681.9,838.0683168317117
1682.0,896.3094000000181
1682.1,957.4999999998997
1682.2,1017.0099000000289
1682.3,1051.2008999999982
1682.4,1046.206732673268
1682.5,1046.3711999999978
1682.6,1042.5844000000006
1682.7,1041.0527999999958
1682.8,1035.8103999999917
1682.9,1040.8728277227715
1683.0,1040.6483564356452
1683.1,1043.0350000000014
1683.2,1043.7435000000096
1683.3,1054.1684999999989
1683.4,1055.412475247527
1683.5,1058.5767999999944
1683.6,1066.2605999999842
1683.7,1079.914799999991
1683.8,1070.5908000000122
1683.9,1059.9484000000057
1684.0,1064.3002000000029
1684.1,1062.152799999997
1684.2,1065.2318000000005
1684.3,1071.6961386138228
1684.4,1110.5400000000063
1684.5,1114.2543000000035
1684.6,1109.3149000000035
1684.7,1105.8077000000108
1684.8,1111.865600000006
1684.9,1106.0497000000191
1685.0,1119.2498999999978
1685.1,1120.3326732673393
1685.2,1108.2440000000015
1685.3,1102.1192000000121
1685.4,1076.8379999999786
1685.5,1064.7268
1685.6,1065.772399999997
1685.7,1068.488000000003
1685.8,1062.0702970297043
1685.9,1056.599399999958
1686.0,1033.4122000000048
1686.1,1015.0006999999989
1686.2,1016.9285000000004
1686.3,1015.1608000000006
1686.4,1011.4639999999793
1686.5,1002.5994059405914
1686.6,1014.6039999999999
1686.7,1015.199
1686.8,1015.2880000000002
1686.9,1016.185
1687.0,1033.273
1687.1,1054.4830000000004
1687.2,1053.326
1687.3,1055.1449999999993
1687.4,1057.6828712871286
1687.5,1054.521800000001
1687.6,1057.7605999999998
1687.7,1053.7774000000006
1687.8,1056.4412
1687.9,1056.9654999999998
1688.0,1055.8308999999997
1688.1,1054.5123
1688.2,1059.156973267326
1688.3,1054.5502772277189
1688.4,1040.6588000000004
1688.5,1040.6063999999978
1688.6,1032.7948000000172
1688.7,1024.0323999999996
1688.8,1022.1503999999967
1688.9,1010.6171999999991
1689.0,1007.8847999999966
1689.1,996.4125742574316
1689.2,993.2260999999983
1689.3,990.799800000001
1689.4,992.8047
1689.5,992.4938999999963
1689.6,986.6715999999794
1689.7,997.8967999999927
1689.8,988.4759000000045
1689.9,996.2724752475249
1690.0,996.4123999999997
1690.1,995.9266000000013
1690.2,994.6735999999946
1690.3,988.7967999999853
1690.4,998.4865999999934
1690.5,991.8160000000036
1690.6,996.0362000000023
1690.7,994.3253999999989
1690.8,993.2322772277175
1690.9,996.339999999987
1691.0,986.194500000014
1691.1,998.803000000009
1691.2,991.3705000000022
1691.3,993.555999999998
1691.4,995.0409999999965
1691.5,992.4855000000057
1691.6,997.3848514851561
1691.7,991.199200000008
1691.8,996.9072000000061
1691.9,990.3736000000005
1692.0,990.6680000000008
1692.1,990.1239999999949
1692.2,995.1235999999881
1692.3,986.3651999999936
1692.4,992.4713900989939
1692.5,980.6924405940525
1692.6,990.1776999999983
1692.7,992.7221000000015
1692.8,993.9816999999949
1692.9,1000.9660999999905
1693.0,995.3862999999917
1693.1,1006.9867000000056
1693.2,998.9732999999924
1693.3,994.2166336633666
1693.4,993.8226000000037
1693.5,996.0565999999967
1693.6,1003.1184000000031
1693.7,997.2703999999974
1693.8,1002.5892000000022
1693.9,998.1103999999973
1694.0,996.6645999999997
1694.1,996.7814000000028
1694.2,991.696633663361
1694.3,1003.3241000000019
1694.4,994.9065000000174
1694.5,1003.431900000001
1694.6,999.6295000000009
1694.7,996.6282999999996
1694.8,998.3416000000022
1694.9,988.7410000000285
1695.0,1002.5969000000024
1695.1,992.4377227722761
1695.2,997.21
1695.3,994.3000000000001
1695.4,990.51
1695.5,996.59
1695.6,989.62
1695.7,1003.5200000000001
1695.8,977.74
1695.9,972.22
1696.0,959.89
1696.1,967.1771287128565
1696.2,964.4680999999994
1696.3,969.3108000000011
1696.4,975.7059000000016
1696.5,964.6225999999974
1696.6,975.9741999999766
1696.7,962.9031999999969
1696.8,990.1237000000064
1696.9,984.3312999999985
1697.0,994.0523762376281
1697.1,991.2022000000055
1697.2,994.8836000000018
1697.3,998.6056000000017
1697.4,990.1245999999956
1697.5,1007.070600000008
1697.6,999.9720000000135
1697.7,1006.464400000003
1697.8,1005.2083999999993
1697.9,1006.3928712871297
1698.0,1009.6019000000023
1698.1,1004.4329000000082
1698.2,1007.5583000000024
1698.3,999.4441000000129
1698.4,1003.3610000000031
1698.5,998.3586999999964
1698.6,994.6013000000056
1698.7,993.7624999999995
1698.8,992.8948514851496
1698.9,999.4456000000062
1699.0,991.0415999999917
1699.1,992.7823999999971
1699.2,995.7788000000028
1699.3,989.0264000000092
1699.4,1002.0754455445701
1699.5,1001.4875000000014
1699.6,1010.4164999999894
1699.7,998.6824999999853
1699.8,999.9684999999979
1699.9,998.0195049504921
1700.0,1006.3969999999931
1700.1,1015.5785999999916
1700.2,998.1101999999739
1700.3,1009.5150495049434
1700.4,1001.2987999999843
1700.5,1002.5536999999989
1700.6,999.5752000000023
1700.7,997.4056000000011
1700.8,1010.0567999999905
1700.9,1001.7936633663188
1701.0,1010.0895999999973
1701.1,999.9964000000053
1701.2,1004.9103999999983
1701.3,1004.7576000000004
1701.4,1002.3954455445546
1701.5,1008.7310999999984
1701.6,1005.7946000000009
1701.7,1013.6663999999997
1701.8,1005.4801000000023
1701.9,1009.3021782178229
1702.0,1008.191
1702.1,1003.384
1702.2,1004.4180000000003
1702.3,1009.1681485148517
1702.4,1015.784886138617
1702.5,1015.9603999999998
1702.6,1024.6030999999825
1702.7,1022.7162999999993
1702.8,1029.5590000000018
1702.9,1030.7672277227725
1703.0,1030.7395999999999
1703.1,1043.5251999999775
1703.2,1043.980495049504
1703.3,1044.9383999999982
1703.4,1041.403799999997
1703.5,1040.9283
1703.6,1041.8969999999986
1703.7,1042.4620792079213
1703.8,1047.3373999999942
1703.9,1054.2432000000065
1704.0,1060.950400000006
1704.1,1067.9171999999926
1704.2,1070.2623762376256
1704.3,1072.7354999999977
1704.4,1069.5429999999951
1704.5,1081.2264999999884
1704.6,1075.5630000000106
1704.7,1072.1097029702937
1704.8,1071.5688
1704.9,1063.8707999999876
1705.0,1062.2756000000002
1705.1,1066.3155999999956
1705.2,1100.0180000000535
1705.3,1114.2027999999948
1705.4,1112.5347999999951
1705.5,1108.0876237623777
1705.6,1110.4390999999973
1705.7,1112.2419999999995
1705.8,1115.2521999999976
1705.9,1120.1692000000085
1706.0,1123.815599999999
1706.1,1122.4793000000016
1706.2,1086.8399000000127
1706.3,1063.808500000013
1706.4,1064.3255445544635
1706.5,1068.8299999999997
1706.6,1067.745800000001
1706.7,1067.0922
1706.8,1064.4652000000015
1706.9,1063.3095999999987
1707.0,1063.6884
1707.1,1071.6473999999957
1707.2,1064.674752475246
1707.3,1065.4625999999992
1707.4,1065.3019
1707.5,1058.4194000000018
1707.6,1064.115699999998
1707.7,1067.8126000000004
1707.8,1058.155000000003
1707.9,1056.2417
1708.0,1057.2963366336635
1708.1,1060.3700000000001
1708.2,1062.3200000000006
1708.3,1060.126
1708.4,1057.955999999999
1708.5,1057.53
1708.6,1057.144
1708.7,1060.274000000002
1708.8,1058.56
1708.9,1058.8804950495057
1709.0,1055.756699999999
1709.1,1042.378000000025
1709.2,1042.1252000000009
1709.3,1033.7917999999975
1709.4,1032.5055000000011
1709.5,1029.744799999999
1709.6,1018.7864000000202
1709.7,1011.6738999999986
1709.8,1001.4501980197973
1709.9,1001.2544000000029
1710.0,994.6871999999958
1710.1,997.953999999991
1710.2,997.0709999999987
1710.3,995.2923999999994
1710.4,997.4058000000031
1710.5,989.9857999999953
1710.6,996.5919999999849
1710.7,995.0609900990065
1710.8,1002.1782999999884
1710.9,1005.2452000000005
1711.0,1004.7885999999995
1711.1,1005.1851999999992
1711.2,1000.9863999999961
1711.3,1008.1807999999883
1711.4,1006.5080999999961
1711.5,1007.3444000000019
1711.6,1007.4439603960402
1711.7,1003.3355999999952
1711.8,1004.795599999997
1711.9,997.7003999999905
1712.0,1001.3384000000074
1712.1,1002.0564000000013
1712.2,1002.1184000000005
1712.3,1003.3962376237614
1712.4,997.9799999999912
1712.5,1001.412499999996
1712.6,997.7925000000082
1712.7,1002.0350000000092
1712.8,1002.8125000000009
1712.9,1001.139999999998
1713.0,1002.4749999999985
1713.1,996.6923514851566
1713.2,1004.8471683168273
1713.3,996.6130000000146
1713.4,997.78280000001
1713.5,998.7128000000005
1713.6,996.7298000000021
1713.7,998.8213999999989
1713.8,993.7438000000074
1713.9,1001.0650000000174
1714.0,999.1047524752485
1714.1,1003.0272999999945
1714.2,1002.6277000000002
1714.3,996.219600000005
1714.4,995.8425000000035
1714.5,993.8658000000003
1714.6,1001.3779999999921
1714.7,1000.5169000000004
1714.8,1003.1571999999961
1714.9,1003.3139603960394
1715.0,996.8428000000038
1715.1,997.1723999999984
1715.2,993.1023999999986
1715.3,1001.9631999999932
1715.4,1001.9679999999989
1715.5,1003.0460396039593
1715.6,1001.5556000000008
1715.7,994.6992999999965
1715.8,996.3911999999988
1715.9,991.6741999999962
1716.0,998.420699999997
1716.1,997.1715841584277
1716.2,999.839
1716.3,997.476
1716.4,991.3379999999959
1716.5,992.1800000000001
1716.6,1001.3526732673104
1716.7,1008.8223000000013
1716.8,1009.7657999999997
1716.9,1009.2136999999998
1717.0,1005.6799999999988
1717.1,1006.4596039603921
1717.2,1010.0016000000016
1717.3,1010.6840000000007
1717.4,1010.8204000000002
1717.5,1005.4479999999962
1717.6,994.4828000000134
1717.7,994.5416000000027
1717.8,992.1224000000069
1717.9,996.7708000000044
1718.0,995.0826732673224
1718.1,993.9794999999984
1718.2,995.2198000000006
1718.3,995.4161000000001
1718.4,999.6815000000045
1718.5,995.7598999999939
1718.6,1001.0879999999896
1718.7,998.4866999999931
1718.8,994.1113000000015
1718.9,994.3561386138624
1719.0,994.9941999999998
1719.1,1002.1159999999855
1719.2,998.4731999999901
1719.3,1000.8251999999945
1719.4,1000.4091999999952
1719.5,1000.9757999999978
1719.6,1005.0240178217764
1719.7,1004.6279702970265
1719.8,1013.9099999999946
1719.9,996.3259999999595
1720.0,973.974000000005
1720.1,966.0335000000046
1720.2,969.9340000000093
1720.3,964.6585000000043
1720.4,999.3700990099782
1720.5,988.0536000000047
1720.6,1001.874799999954
1720.7,1020.5472
1720.8,1022.0387999999983
1720.9,1013.37319999998
1721.0,1007.8732
1721.1,1006.2616000000021
1721.2,1005.8011999999999
1721.3,1003.5133663366366
1721.4,1005.9634000000098
1721.5,1007.1159999999998
1721.6,1003.8796000000028
1721.7,1008.2542000000014
1721.8,1004.1563000000082
1721.9,1009.5543000000248
1722.0,1008.9669999999984
1722.1,1008.3232999999966
1722.2,1010.4830693069308
1722.3,1010.566
1722.4,1014.1542000000024
1722.5,1010.2372000000045
1722.6,1014.9043999999938
1722.7,1013.8427999999959
1722.8,1012.5061999999981
1722.9,986.0493999999815
1723.0,937.540400000023
1723.1,885.0855445544723
1723.2,827.4213999999603
1723.3,778.0560000000096
1723.4,724.3404999999598
1723.5,670.5458000000112
1723.6,616.427500000013
1723.7,564.7223999999683
1723.8,511.8593000000127
1723.9,476.56459999998543
1724.0,466.8368316831685
1724.1,465.92800000000045
1724.2,465.626
1724.3,465.354
1724.4,465.09399999999977
1724.5,464.906
1724.6,464.7240000000003
1724.7,464.598
1724.8,464.57
1724.9,464.4927722772276
1725.0,464.381
1725.1,464.2692000000001
1725.2,464.20820000000003
1725.3,464.1882
1725.4,464.1445999999999
1725.5,464.0492
1725.6,463.9648336633664
1725.7,463.88195841584155
1725.8,463.7704000000001
1725.9,463.67359999999996
1726.0,463.60519999999997
1726.1,463.58000000000004
1726.2,463.5394
1726.3,463.4868
1726.4,463.42359999999996
1726.5,463.3670297029703
1726.6,463.3557
1726.7,463.3486
1726.8,463.2773000000001
1726.9,463.20149999999995
1727.0,463.2028
1727.1,463.17440000000005
1727.2,463.12289999999996
1727.3,463.1214
1727.4,463.09613861386134
1727.5,463.0756
1727.6,463.10239999999993
1727.7,463.0695999999999
1727.8,463.0468
1727.9,463.0880000000001
1728.0,463.0876
1728.1,463.07
1728.2,463.0535
1728.3,463.0125
1728.4,463.0230000000001
1728.5,463.039
1728.6,462.9915000000001
1728.7,462.971
1728.8,462.9471089108911
1728.9,462.91464554455445
1729.0,462.883
1729.1,462.8276000000001
1729.2,462.7676
1729.3,462.7346
1729.4,462.7029999999999
1729.5,462.6746
1729.6,462.65380000000005
1729.7,462.6239603960396
1729.8,462.5992603960396
1729.9,462.5369999999998
1730.0,462.47409999999996
1730.1,462.46
1730.2,462.4759
1730.3,462.51649999999995
1730.4,462.51879999999994
1730.5,462.5
1730.6,462.5
1730.7,462.5156
1730.8,462.5196
1730.9,462.54640000000006
1731.0,462.61119999999994
1731.1,462.6452
1731.2,462.66560000000004
1731.3,462.68
1731.4,462.6903485148515
1731.5,462.6949485148515
1731.6,462.69
1731.7,462.6542999999999
1731.8,462.59450000000004
1731.9,462.5853
1732.0,462.5745
1732.1,462.5449
1732.2,462.53999999999996
1732.3,462.53495049504954
1732.4,462.50999999999993
1732.5,462.49
1732.6,462.49
1732.7,462.5
1732.8,462.515
1732.9,462.55500000000006
1733.0,462.57
1733.1,462.54
1733.2,462.55475247524754
1733.3,462.60939999999994
1733.4,462.6302
1733.5,462.61019999999996
1733.6,462.61959999999993
1733.7,462.6694
1733.8,462.7
1733.9,462.7196
1734.0,462.7351
1734.1,462.720297029703
1734.2,462.6956
1734.3,462.68
1734.4,462.68
1734.5,462.69440000000003
1734.6,462.71479999999997
1734.7,462.7104
1734.8,462.7048
1734.9,462.67159999999996
1735.0,462.6585148514851
1735.1,462.69939999999997
1735.2,462.68179999999995
1735.3,462.6265
1735.4,462.58119999999997
1735.5,462.5553
1735.6,462.53120000000007
1735.7,462.49119999999994
1735.8,462.4841
1735.9,462.5
1736.0,462.4678
1736.1,462.3932000000001
1736.2,462.37300000000005
1736.3,462.40459999999996
1736.4,462.41920000000005
1736.5,462.3978
1736.6,462.3692
1736.7,462.3891089108911
1736.8,462.38200000000006
1736.9,462.36
1737.0,462.396
1737.1,462.4489108910891
1737.2,462.4468
1737.3,462.4212
1737.4,462.3879999999999
1737.5,462.3817821782178
1737.6,462.40999999999997
1737.7,462.41859999999997
1737.8,462.43
1737.9,462.4257
1738.0,462.42
1738.1,462.4284
1738.2,462.45680000000004
1738.3,462.44640000000004
1738.4,462.41247524752475
1738.5,462.4505
1738.6,462.4759
1738.7,462.4823
1738.8,462.4877811881188
1738.9,462.4860000000001
1739.0,462.502
1739.1,462.45400000000006
1739.2,462.372
1739.3,462.3696039603959
1739.4,462.4144
1739.5,462.3861
1739.6,462.35660000000007
1739.7,462.31613861386137
1739.8,462.31392277227724
1739.9,462.33900000000006
1740.0,462.35859999999997
1740.1,462.3438
1740.2,462.38040000000007
1740.3,462.43003762376236
1740.4,462.43
1740.5,462.4152
1740.6,462.40479999999997
1740.7,462.44480000000004
1740.8,462.4626
1740.9,462.4092999999999
1741.0,462.3363
1741.1,462.33000000000004
1741.2,462.3006930693069
1741.3,462.2572
1741.4,462.2736
1741.5,462.2944
1741.6,462.3272
1741.7,462.34360000000004
1741.8,462.3392
1741.9,462.3344
1742.0,462.37080000000003
1742.1,462.38287128712875
1742.2,462.356
1742.3,462.33349999999996
1742.4,462.35400000000004
1742.5,462.366
1742.6,462.326
1742.7,462.272
1742.8,462.2235
1742.9,462.22299999999996
1743.0,462.2031346534653
1743.1,462.207
1743.2,462.2366
1743.3,462.24019999999996
1743.4,462.24979999999994
1743.5,462.2334
1743.6,462.22300000000007
1743.7,462.20683168316833
1743.8,462.24
1743.9,462.2565
1744.0,462.28999999999996
1744.1,462.29
1744.2,462.30320000000006
1744.3,462.3201
1744.4,462.27359999999993
1744.5,462.2365
1744.6,462.279801980198
1744.7,462.27759999999995
1744.8,462.2332
1744.9,462.20159999999987
1745.0,462.13599999999997
1745.1,462.17
1745.2,462.15079999999995
1745.3,462.1228
1745.4,462.1532
1745.5,462.1568316831683
1745.6,462.1345
1745.7,462.0907
1745.8,462.0824
1745.9,462.11620000000005
1746.0,462.13
1746.1,462.1145
1746.2,462.0738
1746.3,462.07227722772274
1746.4,462.1120000000001
1746.5,462.137
1746.6,462.13599999999997
1746.7,462.16200000000003
1746.8,462.19
1746.9,462.196
1747.0,462.198
1747.1,462.176
1747.2,462.1810891089109
1747.3,462.1571
1747.4,462.1268
1747.5,462.0903
1747.6,462.14
1747.7,462.1429
1747.8,462.1413
1747.9,462.1345
1748.0,462.1787
1748.1,462.20287128712874
1748.2,462.22400000000005
1748.3,462.2684
1748.4,462.2788
1748.5,462.25277227722773
1748.6,462.26539999999994
1748.7,462.25569999999993
1748.8,462.19
1748.9,462.1819
1749.0,462.14930693069306
1749.1,462.10960000000006
1749.2,462.0696
1749.3,462.0452
1749.4,462.06257425742575
1749.5,462.0675
1749.6,462.055
1749.7,462.03499999999997
1749.8,462.0347772277227
1749.9,462.08480000000003
1750.0,462.09999999999997
1750.1,462.10959999999994
1750.2,462.13519999999994
1750.3,462.12237623762377
1750.4,462.1207999999999
1750.5,462.0946
1750.6,462.10310000000004
1750.7,462.0938000000001
1750.8,462.12850000000003
1750.9,462.0945544554456
1751.0,462.11
1751.1,462.11220000000003
1751.2,462.13539999999995
1751.3,462.1922
1751.4,462.20871287128716
1751.5,462.2253
1751.6,462.16370000000006
1751.7,462.1379207920792
1751.8,462.122
1751.9,462.096
1752.0,462.122
1752.1,462.1220792079208
1752.2,462.09000000000003
1752.3,462.0862
1752.4,462.0776
1752.5,462.1157
1752.6,462.1362
1752.7,462.11247524752474
1752.8,462.08180000000004
1752.9,462.10620000000006
1753.0,462.18
1753.1,462.1674000000001
1753.2,462.11356435643563
1753.3,462.1351
1753.4,462.1617
1753.5,462.15639999999996
1753.6,462.0883
1753.7,462.0901663366337
1753.8,462.1480831683168
1753.9,462.1723999999999
1754.0,462.0768
1754.1,462.07759999999985
1754.2,462.16521584158414
1754.3,462.1401683168317
1754.4,462.13399999999996
1754.5,462.1015
1754.6,462.1174257425742
1754.7,462.15299999999996
1754.8,462.1002000000001
1754.9,462.0428
1755.0,462.06559999999996
1755.1,462.0972277227723
1755.2,462.08000000000004
1755.3,462.0787
1755.4,462.07
1755.5,462.07514851485143
1755.6,462.11
1755.7,462.1088
1755.8,462.1106930693069
1755.9,462.1944000000001
1756.0,462.22339999999997
1756.1,462.1678
1756.2,462.1489108910891
1756.3,462.138
1756.4,462.119
1756.5,462.107
1756.6,462.0750495049505
1756.7,462.0327
1756.8,462.0591
1756.9,462.0473
1757.0,462.0191089108911
1757.1,462.0092
1757.2,462.0032
1757.3,462.0392316831683
1757.4,462.0241237623762
1757.5,461.9542
1757.6,462.01279999999997
1757.7,462.04859999999996
1757.8,462.02861386138613
1757.9,462.00759999999997
1758.0,461.97300000000007
1758.1,462.02059405940594
1758.2,462.03100000000006
1758.3,462.04750000000007
1758.4,462.0049455445546
1758.5,462.0988
1758.6,462.07199999999995
1758.7,462.1196
1758.8,462.1107920792079
1758.9,462.13120000000004
1759.0,462.17089999999996
1759.1,462.20029999999997
1759.2,462.2097
1759.3,462.20118811881184
1759.4,462.2392
1759.5,462.1992
1759.6,462.15780000000007
1759.7,462.04960396039604
1759.8,462.02920000000006
1759.9,461.9494999999999
1760.0,461.9005
1760.1,461.9502
1760.2,461.97
1760.3,461.96999999999997
1760.4,461.94
1760.5,461.96999999999997
1760.6,462.05
1760.7,462.040099009901
1760.8,462.0796
1760.9,462.08
1761.0,462.0602
1761.1,461.9907000000002
1761.2,461.8723762376237
1761.3,461.69359999999995
1761.4,461.6606
1761.5,461.6698
1761.6,461.5720000000002
1761.7,461.52148514851484
1761.8,461.5297
1761.9,461.5203
1762.0,461.57820000000004
1762.1,461.56079207920794
1762.2,461.56960000000004
1762.3,461.57959999999997
1762.4,461.59920000000005
1762.5,461.55199999999996
1762.6,461.48346534653473
1762.7,461.499
1762.8,461.5095
1762.9,461.472
1763.0,461.413
1763.1,461.41
1763.2,461.44800000000004
1763.3,461.44050000000004
1763.4,461.3924999999999
1763.5,461.39
1763.6,461.4275999999999
1763.7,461.43940000000003
1763.8,461.4306
1763.9,461.4018
1764.0,461.4564
1764.1,461.4882
1764.2,461.4147999999999
1764.3,461.4194
1764.4,461.42
1764.5,461.4386
1764.6,461.4493
1764.7,461.45
1764.8,461.4035
1764.9,461.4651000000001
1765.0,461.41420000000005
1765.1,461.40999999999997
1765.2,461.4193
1765.3,461.41999999999996
1765.4,461.39239999999995
1765.5,461.36240000000004
1765.6,461.3692
1765.7,461.34267326732675
1765.8,461.4128
1765.9,461.42
1766.0,461.4837
1766.1,461.42693069306927
1766.2,461.456
1766.3,461.433
1766.4,461.4299108910891
1766.5,461.4389108910891
1766.6,461.44
1766.7,461.4133
1766.8,461.40127623762373
1766.9,461.356
1767.0,461.3324
1767.1,461.35639999999995
1767.2,461.3425742574257
1767.3,461.29650000000004
1767.4,461.2987
1767.5,461.33480000000003
1767.6,461.3487
1767.7,461.35
1767.8,461.31554455445547
1767.9,461.3272
1768.0,461.35580000000004
1768.1,461.3514
1768.2,461.3244554455445
1768.3,461.37949999999995
1768.4,461.41550000000007
1768.5,461.437
1768.6,461.38900000000007
1768.7,461.3797475247525
1768.8,461.39676831683164
1768.9,461.40840000000003
1769.0,461.36800000000005
1769.1,461.2851485148515
1769.2,461.2783
1769.3,461.21360000000004
1769.4,461.19169999999997
1769.5,461.1982178217822
1769.6,461.2492
1769.7,461.2518
1769.8,461.2418
1769.9,461.25640000000004
1770.0,461.2518
1770.1,461.3068316831683
1770.2,461.3443
1770.3,461.3581
1770.4,461.3438
1770.5,461.3319
1770.6,461.2818811881188
1770.7,461.262
1770.8,461.268
1770.9,461.25399999999996
1771.0,461.29
1771.1,461.25247524752484
1771.2,461.2163
1771.3,461.21
1771.4,461.18645643564355
1771.5,461.21124356435644
1771.6,461.24339999999995
1771.7,461.2344
1771.8,461.22227722772277
1771.9,461.2431
1772.0,461.18839999999994
1772.1,461.1469
1772.2,461.16310000000004
1772.3,461.2004950495049
1772.4,461.2784000000001
1772.5,461.2543999999999
1772.6,461.24760000000003
1772.7,461.29560000000004
1772.8,461.7355999999995
1772.9,486.136800000029
1773.0,538.9334653464973
1773.1,598.5549999999321
1773.2,656.2000000000648
1773.3,711.5774999999688
1773.4,769.2949504951262
1773.5,830.84439999998
1773.6,892.8863999999437
1773.7,952.7545544554375
1773.8,1003.3100999999676
1773.9,1039.7082000000514
1774.0,1045.5638000000004
1774.1,1045.9455445544545
1774.2,1048.3576000000005
1774.3,1050.692799999999
1774.4,1040.0519999999972
1774.5,1034.2300000000005
1774.6,1035.5456999999994
1774.7,1036.4691
1774.8,1034.7976000000006
1774.9,1034.327885148525
1775.0,1041.334079207924
1775.1,1047.4939999999926
1775.2,1050.854
1775.3,1052.6287128712875
1775.4,1053.0676
1775.5,1054.5152000000005
1775.6,1059.6863999999912
1775.7,1061.9339
1775.8,1063.7240524752447
1775.9,1066.395120792081
1776.0,1094.0380000000177
1776.1,1069.6108000000593
1776.2,1054.2096000000013
1776.3,1057.5500990098976
1776.4,1060.2711000000015
1776.5,1053.6096999999925
1776.6,1059.3701999999882
1776.7,1061.911838613859
1776.8,1056.744429702974
1776.9,1062.9856000000116
1777.0,1064.7094000000022
1777.1,1063.1028000000006
1777.2,1063.2801980198024
1777.3,1061.448000000001
1777.4,1062.8790000000045
1777.5,1063.1445000000006
1777.6,1074.2406930692891
1777.7,1078.9756000000002
1777.8,1079.7023999999976
1777.9,1084.0648000000074
1778.0,1084.4376000000002
1778.1,1087.6381188118762
1778.2,1087.5266999999994
1778.3,1085.5886000000005
1778.4,1090.025000000012
1778.5,1086.9283999999984
1778.6,1072.6764356435735
1778.7,1063.7109999999984
1778.8,1061.9000000000003
1778.9,1057.5497999999973
1779.0,1054.6280000000002
1779.1,1055.9285148514844
1779.2,1057.762300000001
1779.3,1060.1865999999993
1779.4,1056.4084999999945
1779.5,1051.9734000000003
1779.6,1054.285348514844
1779.7,1052.2094257425745
1779.8,1050.426
1779.9,1051.1960000000001
1780.0,1044.122
1780.1,1037.7900000000036
1780.2,1027.340099009899
1780.3,1021.0575000000001
1780.4,1017.1892999999922
1780.5,1013.1506930693063
1780.6,1011.7412000000007
1780.7,1004.1241999999943
1780.8,998.249400000001
1780.9,995.3651485148489
1781.0,996.1820000000031
1781.1,993.0870000000054
1781.2,995.2252475247609
1781.3,998.329200000001
1781.4,997.4244000000004
1781.5,997.9983999999997
1781.6,991.5600000000147
1781.7,993.431000000015
1781.8,996.1405000000008
1781.9,996.4710000000061
1782.0,999.075
1782.1,998.5280544554467
1782.2,999.1374990099013
1782.3,993.6430000000109
1782.4,995.5466000000188
1782.5,999.5247999999995
1782.6,998.0072277227716
1782.7,1000.2049000000013
1782.8,997.6943000000053
1782.9,998.6433000000136
1783.0,997.610396039599
1783.1,996.9203999999966
1783.2,1000.1139999999995
1783.3,999.8235999999999
1783.4,997.9278217821752
1783.5,992.0106000000018
1783.6,993.5871999999977
1783.7,994.280599999992
1783.8,993.6586999999982
1783.9,996.608514851484
1784.0,993.5799999999999
1784.1,989.1950000000045
1784.2,982.02
1784.3,984.6173267326575
1784.4,989.1148999999984
1784.5,989.3965000000018
1784.6,993.3706000000001
1784.7,995.353900000001
1784.8,997.9642574257417
1784.9,996.7627999999983
1785.0,999.3388000000043
1785.1,996.8072000000097
1785.2,992.3130693069347
1785.3,994.8023000000012
1785.4,994.2423000000015
1785.5,995.2615841584159
1785.6,991.8020000000099
1785.7,990.1830000000045
1785.8,988.2272000000014
1785.9,987.3805089109014
1786.0,991.8692574257423
1786.1,992.2004999999958
1786.2,995.7600000000004
1786.3,994.1101980198101
1786.4,990.5176000000024
1786.5,987.4103999999966
1786.6,986.6063999999909
1786.7,991.3382178217812
1786.8,992.5611339805804
1786.9,995.876854368932
1787.0,994.558
1787.1,992.7216237623762
1787.2,989.2980910891067
1787.3,991.6822999999864
1787.4,1007.693200000002
1787.5,1011.6786999999991
1787.6,1012.1468316831644
1787.7,1016.6704000000003
1787.8,1016.9654
1787.9,1021.6936000000059
1788.0,1025.259399999995
1788.1,1019.1882178217813
1788.2,1018.0275999999949
1788.3,1017.1453999999984
1788.4,1012.4693999999793
1788.5,995.7588118811876
1788.6,999.7260000000009
1788.7,998.8131999999987
1788.8,1000.4752000000005
1788.9,1002.3908910891016
1789.0,1000.0705000000023
1789.1,1002.1055000000077
1789.2,998.8790000000013
1789.3,1000.0985000000035
1789.4,995.5256435643475
1789.5,993.3318000000047
1789.6,995.8012000000072
1789.7,992.397800000003
1789.8,994.3422772277264
1789.9,988.9188999999935
1790.0,985.8490999999956
1790.1,987.8027000000046
1790.2,987.5528712871408
1790.3,994.4688000000028
1790.4,992.5904000000079
1790.5,995.9896000000022
1790.6,992.9008712871323
1790.7,998.4992613862178
1790.8,1003.737800000004
1790.9,995.5790000000173
1791.0,1001.2879207920807
1791.1,997.196999999993
1791.2,1004.362
1791.3,1003.879
1791.4,1006.2390099010062
1791.5,1010.5392999999981
1791.6,1006.7784999999963
1791.7,1007.9408148514812
1791.8,997.7887841584134
1791.9,1003.2416000000006
1792.0,1003.8651999999995
1792.1,1005.1223999999987
1792.2,1006.5511999999943
1792.3,1001.6746534653448
1792.4,1009.5041999999928
1792.5,1003.1654000000003
1792.6,1005.7905000000061
1792.7,1001.9133663366308
1792.8,1001.1090000000027
1792.9,1003.5311999999874
1793.0,997.5422000000052
1793.1,1006.6230000000163
1793.2,1000.4778217821822
1793.3,1007.4475000000036
1793.4,1004.3199999999969
1793.5,1003.8400000000037
1793.6,1005.4750000000142
1793.7,999.4264356435729
1793.8,1009.7091999999998
1793.9,1012.8184000000098
1794.0,1021.6924000000006
1794.1,1022.7791089108853
1794.2,1027.600799999998
1794.3,1026.5934999999984
1794.4,1029.4598000000046
1794.5,1032.7676
1794.6,1035.3376237623638
1794.7,1043.5200000000004
1794.8,1042.8917999999996
1794.9,1043.258399999999
1795.0,1040.5600000000043
1795.1,1033.5261999999984
1795.2,1036.5671999999965
1795.3,1044.1861386138585
1795.4,1050.7991000000075
1795.5,1055.8471999999986
1795.6,1060.8547
1795.7,1061.1514999999997
1795.8,1063.0868999999989
1795.9,1067.9748000000077
1796.0,1073.1424999999986
1796.1,1076.8032000000044
1796.2,1070.216039603962
1796.3,1063.6079999999995
1796.4,1064.184
1796.5,1063.886
1796.6,1065.084000000001
1796.7,1061.938
1796.8,1052.9120000000075
1796.9,1041.536
1797.0,1047.546
1797.1,1044.7018811881196
1797.2,1042.6872999999996
1797.3,1041.9836999999986
1797.4,1050.400600000004
1797.5,1062.5773999999974
1797.6,1053.8607999999995
1797.7,1054.3041999999973
1797.8,1048.8263999999956
1797.9,1065.0321999999985
1798.0,1059.8788118811879
1798.1,1061.1021999999969
1798.2,1061.9525999999985
1798.3,1059.176
1798.4,1061.0356000000043
1798.5,1069.201
1798.6,1071.7445999999945
1798.7,1073.7173999999989
1798.8,1071.8078217821783
1798.9,1073.6023000000037
1799.0,1078.5254000000011
1799.1,1081.343000000002
1799.2,1080.7054000000012
1799.3,1081.3869999999988
1799.4,1074.2620999999845
1799.5,1055.9464000000012
1799.6,1058.3160000000084
1799.7,1054.4544554455456
1799.8,1056.0760000000053
1799.9,1052.4063999999978
1800.0,1050.5624000000007
1800.1,1051.3108000000036
1800.2,1049.724400000002
1800.3,1053.2587999999973
1800.4,1054.9024000000002
1800.5,1054.787999999999
1800.6,1053.3925742574272
1800.7,1050.5974999999903
1800.8,1040.1329999999996
1800.9,1038.726999999988
1801.0,1029.5829999999994
1801.1,1028.3485000000044
1801.2,1022.1609999999844
1801.3,1004.9625000000037
1801.4,1000.7591683168237
1801.5,992.3632039603932
1801.6,991.1180000000036
1801.7,988.2952000000033
1801.8,991.2861999999984
1801.9,992.6093999999982
1802.0,991.0602000000001
1802.1,990.1390000000056
1802.2,987.1782000000173
1802.3,1001.1861386138632
1802.4,999.8150000000046
1802.5,1002.7599000000005
1802.6,1001.6077000000026
1802.7,999.1314000000075
1802.8,1003.7674000000021
1802.9,1002.338600000012
1803.0,1009.8985000000024
1803.1,1006.2758415841623
1803.2,1002.2700000000016
1803.3,998.0624000000053
1803.4,989.2432000000138
1803.5,996.4040000000025
1803.6,992.3795999999961
1803.7,996.8288000000009
1803.8,993.9548000000043
1803.9,986.6446138613966
1804.0,991.9367198019814
1804.1,987.8483999999964
1804.2,994.4117000000001
1804.3,993.9509999999999
1804.4,994.3766000000055
1804.5,995.9692000000024
1804.6,987.8440999999956
1804.7,995.2918000000017
1804.8,989.0523762376216
1804.9,991.3580000000001
1805.0,973.742
1805.1,988.0529999999997
1805.2,988.029
1805.3,976.7659999999951
1805.4,994.444
1805.5,980.4169999999999
1805.6,993.2030000000018
1805.7,987.1456435643566
1805.8,995.1857
1805.9,991.1055000000019
1806.0,999.3381000000024
1806.1,1009.0196
1806.2,1005.3407000000011
1806.3,1009.5797999999999
1806.4,1004.1759999999997
1806.5,1003.0606990099011
1806.6,1005.7179049505132
1806.7,996.7620000000027
1806.8,1001.5787999999978
1806.9,995.086800000003
1807.0,1000.7767999999983
1807.1,994.9720000000057
1807.2,992.288800000001
1807.3,993.4513861386109
1807.4,985.3163000000088
1807.5,996.9369999999959
1807.6,990.0127999999903
1807.7,995.6335
1807.8,995.5322999999988
1807.9,993.881500000003
1808.0,997.2730999999944
1808.1,988.3369306930472
1808.2,1002.2032000000079
1808.3,1011.7242000000019
1808.4,1010.5918000000032
1808.5,1013.358599999993
1808.6,1005.3109999999865
1808.7,1013.9327999999919
1808.8,1004.5679999999859
1808.9,1014.3588435643574
1809.0,1015.577356435628
1809.1,1009.741499999996
1809.2,1011.6144999999677
1809.3,982.3559999999846
1809.4,994.6429999999873
1809.5,984.2815000000045
1809.6,988.4989999999998
1809.7,988.4519999999956
1809.8,984.6664356435563
1809.9,991.0863999999865
1810.0,981.5335999999861
1810.1,995.9236000000078
1810.2,987.9332000000027
1810.3,989.9975999999984
1810.4,991.5503999999978
1810.5,990.1755999999932
1810.6,996.8640000000091
1810.7,987.6419801980365
1810.8,1000.1437000000035
1810.9,995.0743999999993
1811.0,994.6422999999983
1811.1,996.8828000000024
1811.2,994.0565000000161
1811.3,1003.8883000000092
1811.4,991.1406000000123
1811.5,998.8357000000019
1811.6,996.1824752475229
1811.7,998.5296000000004
1811.8,997.618399999998
1811.9,1002.0444000000084
1812.0,1006.4790000000044
1812.1,997.3881999999933
1812.2,1010.4420000000019
1812.3,1006.2061999999983
1812.4,1009.8161999999891
1812.5,1003.66881188119
1812.6,999.7188999999983
1812.7,1006.4118000000029
1812.8,993.8283999999976
1812.9,1004.4623999999802
1813.0,994.8593999999987
1813.1,1000.6869000000014
1813.2,995.3552000000017
1813.3,988.0550999999977
1813.4,998.3081188118504
1813.5,983.12
1813.6,998.6
1813.7,988.6999999999999
1813.8,996.5699999999999
1813.9,994.12
1814.0,992.1300000000001
1814.1,996.1700000000001
1814.2,986.73
1814.3,1004.0666336633703
1814.4,991.8748999999968
1814.5,1003.7884000000028
1814.6,962.6270000000842
1814.7,918.2341999999899
1814.8,860.1224999999868
1814.9,810.5250999999876
1815.0,762.084299999989
1815.1,706.5324752476237
1815.2,660.5751999999792
1815.3,600.0563999999723
1815.4,555.4455999999778
1815.5,495.36799999997254
1815.6,468.4448000000465
1815.7,465.96979999999905
1815.8,465.6163999999998
1815.9,465.3061999999999
1816.0,464.97009900990076
1816.1,464.67870000000045
1816.2,464.4953999999999
1816.3,464.3833000000002
1816.4,464.2441999999999
1816.5,464.1429999999999
1816.6,464.0042000000002
1816.7,463.9127
1816.8,463.8233722772278
1816.9,463.7719881188118
1817.0,463.77
1817.1,463.77
1817.2,463.77000000000004
1817.3,463.6836000000001
1817.4,463.5935999999999
1817.5,463.53239999999994
1817.6,463.56839999999994
1817.7,463.50346534653454
1817.8,463.4335000000001
1817.9,463.3444999999999
1818.0,463.2925000000001
1818.1,463.26150000000007
1818.2,463.1839999999999
1818.3,463.15150000000006
1818.4,463.16900000000004
1818.5,463.2076237623762
1818.6,463.18180000000007
1818.7,463.1047999999999
1818.8,463.1
1818.9,463.1564000000001
1819.0,463.17879999999997
1819.1,463.1988
1819.2,463.2282
1819.3,463.3230693069306
1819.4,463.34860000000003
1819.5,463.3035
1819.6,463.2907
1819.7,463.3551
1819.8,463.453
1819.9,463.4134999999999
1820.0,463.40999999999997
1820.1,463.40070000000003
1820.2,463.3815841584159
1820.3,463.3156
1820.4,463.28239999999994
1820.5,463.28
1820.6,463.2892
1820.7,463.3084
1820.8,463.2456
1820.9,463.2860000000001
1821.0,463.3084
1821.1,463.2462376237624
1821.2,463.2309
1821.3,463.3028
1821.4,463.28270000000003
1821.5,463.2982
1821.6,463.3364
1821.7,463.32180000000005
1821.8,463.3109
1821.9,463.32756930693074
1822.0,463.3210198019802
1822.1,463.32
1822.2,463.26599999999996
1822.3,463.152
1822.4,463.16700000000003
1822.5,463.206
1822.6,463.201
1822.7,463.209
1822.8,463.1208910891089
1822.9,463.1011
1823.0,463.0466
1823.1,462.9955000000001
1823.2,463.0078
1823.3,463.1168
1823.4,463.0053999999999
1823.5,462.9722
1823.6,463.0051168316831
1823.7,463.0012
1823.8,463.0088
1823.9,463.0012
1824.0,462.9824
1824.1,462.98879999999997
1824.2,462.9899128712871
1824.3,462.9726386138614
1824.4,462.98740000000004
1824.5,463.0074
1824.6,462.91430000000014
1824.7,462.91740000000004
1824.8,462.9026
1824.9,462.8741584158416
1825.0,462.93880000000007
1825.1,462.91560000000004
1825.2,462.85839999999996
1825.3,462.8070000000001
1825.4,462.8430000000001
1825.5,462.8758
1825.6,462.88
1825.7,462.8203960396039
1825.8,462.85249999999996
1825.9,462.88550000000004
1826.0,462.8815
1826.1,462.88841584158416
1826.2,462.95720000000006
1826.3,462.97839999999997
1826.4,462.9211999999999
1826.5,462.8933663366337
1826.6,462.92319999999995
1826.7,462.9964
1826.8,463.0017
1826.9,462.98339999999996
1827.0,463.01287128712875
1827.1,463.02
1827.2,462.9708
1827.3,462.9764
1827.4,462.9556435643564
1827.5,463.00669999999997
1827.6,462.9957
1827.7,462.9738
1827.8,462.96198019801983
1827.9,462.9759603960396
1828.0,462.94
1828.1,462.97
1828.2,462.98
1828.3,462.93247524752474
1828.4,462.9279
1828.5,462.9774
1828.6,462.93470000000013
1828.7,462.8963
1828.8,462.87435643564356
1828.9,462.87780000000004
1829.0,462.841
1829.1,462.80683168316835
1829.2,462.79229999999995
1829.3,462.81309999999996
1829.4,462.78919999999994
1829.5,462.7342574257425
1829.6,462.72
1829.7,462.7428
1829.8,462.71990099009906
1829.9,462.71
1830.0,462.7025
1830.1,462.72999999999996
1830.2,462.76970297029703
1830.3,462.7948
1830.4,462.8222
1830.5,462.8004
1830.6,462.7753465346535
1830.7,462.7554
1830.8,462.77189999999996
1830.9,462.7366336633663
1831.0,462.74879999999996
1831.1,462.7672
1831.2,462.7843287128713
1831.3,462.7899712871287
1831.4,462.7971
1831.5,462.7858
1831.6,462.7871
1831.7,462.8110891089109
1831.8,462.743
1831.9,462.73800000000006
1832.0,462.729
1832.1,462.7338613861386
1832.2,462.7124
1832.3,462.6793
1832.4,462.71830000000006
1832.5,462.80148514851487
1832.6,462.7688000000001
1832.7,462.80120000000005
1832.8,462.8639999999999
1832.9,462.8867326732673
1833.0,462.90340000000003
1833.1,462.9167
1833.2,462.94010000000003
1833.3,462.9765346534653
1833.4,462.9107999999999
1833.5,462.8040000000001
1833.6,462.81619999999987
1833.7,462.78118811881177
1833.8,462.737
1833.9,462.717
1834.0,462.723
1834.1,462.71069306930696
1834.2,462.6616
1834.3,462.6336
1834.4,462.6428
1834.5,462.6692
1834.6,462.66732673267325
1834.7,462.6852
1834.8,462.63700000000006
1834.9,462.6378000000001
1835.0,462.6849504950495
1835.1,462.72479999999996
1835.2,462.6966
1835.3,462.6762
1835.4,462.64930693069306
1835.5,462.6239
1835.6,462.63829999999996
1835.7,462.60729999999995
1835.8,462.67059405940597
1835.9,462.712
1836.0,462.676
1836.1,462.666
1836.2,462.71752475247524
1836.3,462.7264
1836.4,462.71590000000003
1836.5,462.71999999999997
1836.6,462.7258
1836.7,462.79380000000003
1836.8,462.81100000000004
1836.9,462.80148514851487
1837.0,462.7929
1837.1,462.78
1837.2,462.72869999999995
1837.3,462.69
1837.4,462.6788
1837.5,462.64200000000005
1837.6,462.59760000000006
1837.7,462.55782178217817
1837.8,462.54
1837.9,462.56750000000005
1838.0,462.6065
1838.1,462.58188118811887
1838.2,462.5446
1838.3,462.5346
1838.4,462.5570000000001
1838.5,462.61207920792083
1838.6,462.6241
1838.7,462.5994
1838.8,462.6109900990099
1838.9,462.61945742574255
1839.0,462.61519999999996
1839.1,462.6148
1839.2,462.620297029703
1839.3,462.64529999999996
1839.4,462.6191999999999
1839.5,462.5851
1839.6,462.6002
1839.7,462.64029702970305
1839.8,462.685
1839.9,462.68999999999994
1840.0,462.65999999999997
1840.1,462.67465346534647
1840.2,462.7247
1840.3,462.7498
1840.4,462.7453
1840.5,462.7348514851485
1840.6,462.7256
1840.7,462.7052
1840.8,462.6904
1840.9,462.7088
1841.0,462.7352475247525
1841.1,462.73
1841.2,462.7159
1841.3,462.66710000000006
1841.4,462.6347
1841.5,462.6260396039604
1841.6,462.6008
1841.7,462.5347999999999
1841.8,462.4746
1841.9,462.4754455445544
1842.0,462.47
1842.1,462.4340000000001
1842.2,462.37199999999996
1842.3,462.36782178217817
1842.4,462.39
1842.5,462.41200000000003
1842.6,462.4444
1842.7,462.49840000000006
1842.8,462.54257425742577
1842.9,462.52430000000004
1843.0,462.5085
1843.1,462.51439999999997
1843.2,462.5642574257426
1843.3,462.57419999999996
1843.4,462.5716
1843.5,462.5516
1843.6,462.52336633663367
1843.7,462.5082
1843.8,462.52
1843.9,462.5159
1844.0,462.52217821782176
1844.1,462.5160000000001
1844.2,462.504
1844.3,462.524
1844.4,462.5118811881189
1844.5,462.5261
1844.6,462.5395
1844.7,462.5544
1844.8,462.51841584158416
1844.9,462.48859999999996
1845.0,462.4548
1845.1,462.42240000000004
1845.2,462.3836633663366
1845.3,462.3548
1845.4,462.40220000000005
1845.5,462.4548
1845.6,462.4616831683169
1845.7,462.4372
1845.8,462.45360000000005
1845.9,462.45640000000003
1846.0,462.45356435643566
1846.1,462.47049999999996
1846.2,462.504
1846.3,462.52650000000006
1846.4,462.5130693069307
1846.5,462.4932
1846.6,462.50039999999996
1846.7,462.54673267326734
1846.8,462.56
1846.9,462.5666
1847.0,462.5898673267327
1847.1,462.6068
1847.2,462.6064
1847.3,462.5944
1847.4,462.54950495049513
1847.5,462.57
1847.6,462.56690000000003
1847.7,462.5538613861386
1847.8,462.537
1847.9,462.527
1848.0,462.529
1848.1,462.553
1848.2,462.5570297029703
1848.3,462.5645
1848.4,462.6058
1848.5,462.6113574257426
1848.6,462.5843287128713
1848.7,462.5756
1848.8,462.5704
1848.9,462.5228
1849.0,462.5133663366337
1849.1,462.4727
1849.2,462.46109999999993
1849.3,462.40459999999996
1849.4,462.4007465346535
1849.5,462.4326732673267
1849.6,462.42960000000005
1849.7,462.41560000000004
1849.8,462.4754455445545
1849.9,462.5049999999999
1850.0,462.47
1850.1,462.51
1850.2,462.5425
1850.3,462.54999999999995
1850.4,462.5452
1850.5,462.51560000000006
1850.6,462.4796
1850.7,462.51
1850.8,462.4801000000001
1850.9,462.39150000000006
1851.0,462.4163366336634
1851.1,462.3568
1851.2,462.31
1851.3,462.3078
1851.4,462.30215643564355
1851.5,462.3182435643564
1851.6,462.3479
1851.7,462.3421
1851.8,462.36639615384615
1851.9,462.43308076923074
1852.0,462.460099009901
1852.1,462.5163999999999
1852.2,462.5484
1852.3,462.5304000000001
1852.4,462.48158415841584
1852.5,462.47799999999995
1852.6,462.3995000000001
1852.7,462.32649999999995
1852.8,462.2425742574258
1852.9,462.2
1853.0,462.19860000000006
1853.1,462.1788000000001
1853.2,462.1252475247526
1853.3,462.2355999999999
1853.4,462.34000000000003
1853.5,462.3426
1853.6,462.36384851485144
1853.7,462.39102574257424
1853.8,462.40479999999997
1853.9,462.44
1854.0,462.42574257425747
1854.1,462.3211
1854.2,462.3168
1854.3,462.199
1854.4,462.10564356435634
1854.5,462.065
1854.6,462.017
1854.7,461.9860396039604
1854.8,461.9446
1854.9,461.8837
1855.0,461.8227
1855.1,461.8464
1855.2,461.8108910891089
1855.3,461.8216
1855.4,461.84400000000005
1855.5,461.8907920792079
1855.6,461.8958000000001
1855.7,461.8421
1855.8,461.8686
1855.9,461.8541514851486
1856.0,461.9097722772277
1856.1,461.8988
1856.2,461.88120000000004
1856.3,461.8988118811882
1856.4,461.8764999999999
1856.5,461.80899999999997
1856.6,461.79299999999995
1856.7,461.8490099009901
1856.8,461.8308
1856.9,461.8467999999999
1857.0,461.77119999999996
1857.1,461.80118811881187
1857.2,461.8297
1857.3,461.8209
1857.4,461.850297029703
1857.5,461.859702970297
1857.6,461.8494
1857.7,461.8202
1857.8,461.82840000000004
1857.9,461.751386138614
1858.0,461.8206
1858.1,461.879
1858.2,461.7798049504951
1858.3,461.760099009901
1858.4,461.78999999999996
1858.5,461.78000000000003
1858.6,461.8
1858.7,461.76
1858.8,461.76
1858.9,461.7501
1859.0,461.76980000000003
1859.1,461.64130000000023
1859.2,461.6987138613862
1859.3,461.69999801980197
1859.4,461.68039999999996
1859.5,461.6114
1859.6,461.61
1859.7,461.63910000000004
1859.8,461.63030000000003
1859.9,461.6397
1860.0,461.61118811881187
1860.1,461.62919999999997
1860.2,461.7548000000001
1860.3,461.76
1860.4,461.76950495049505
1860.5,461.8459999999999
1860.6,461.84999999999997
1860.7,461.85
1860.8,461.85
1860.9,461.9158000000001
1861.0,461.9012
1861.1,461.9
1861.2,461.81623762376245
1861.3,461.8286
1861.4,461.85790000000003
1861.5,461.8879
1861.6,461.89
1861.7,461.8624
1861.8,461.8692
1861.9,461.8153465346535
1862.0,461.8191
1862.1,461.8109
1862.2,461.7918900990099
1862.3,461.83500990099014
1862.4,461.79499999999996
1862.5,461.808
1862.6,461.8278217821782
1862.7,461.83
1862.8,461.9101
1862.9,461.93780000000004
1863.0,461.89594059405937
1863.1,461.90759999999995
1863.2,461.9452
1863.3,461.93240000000003
1863.4,461.9038613861386
1863.5,461.84779999999995
1863.6,461.86609999999996
1863.7,461.9048
1863.8,461.8152475247526
1863.9,461.8172
1864.0,461.82
1864.1,461.8286
1864.2,461.8555445544555
1864.3,461.83450000000005
1864.4,461.8215
1864.5,461.86249999999995
1864.6,461.8195049504951
1864.7,461.7343999999999
1864.8,461.7368
1864.9,461.7316
1865.0,469.2068316831653
1865.1,517.4323999999616
1865.2,570.7077999999844
1865.3,633.2155445544234
1865.4,691.0698000001026
1865.5,753.273599999997
1865.6,805.3637999999775
1865.7,864.7402970297128
1865.8,921.3930999999874
1865.9,970.1477000000096
1866.0,1028.3336999999863
1866.1,1042.1897029702968
1866.2,1049.624000000004
1866.3,1045.5800000000002
1866.4,1040.0999999999976
1866.5,1028.157643564358
1866.6,1031.3296673267228
1866.7,1035.3879000000006
1866.8,1043.3828000000021
1866.9,1050.9719960396208
1867.0,1055.9029524752518
1867.1,1054.6794000000036
1867.2,1045.599199999995
1867.3,1051.758800000005
1867.4,1056.818910891093
1867.5,1068.86510000001
1867.6,1069.4272000000037
1867.7,1064.0919801980149
1867.8,1060.9496000000017
1867.9,1061.8136000000018
1868.0,1063.932000000002
1868.1,1096.130102970263
1868.2,1117.169034653481
1868.3,1115.8125000000036
1868.4,1111.8099999999963
1868.5,1111.0077227722772
1868.6,1115.2327999999948
1868.7,1121.7889999999977
1868.8,1116.0072000000093
1868.9,1115.0424752475283
1869.0,1119.6019999999996
1869.1,1088.9181000000299
1869.2,1062.9775000000013
1869.3,1060.970099999997
1869.4,1067.2238613861393
1869.5,1069.0980000000002
1869.6,1062.4388000000042
1869.7,1045.2367999999965
1869.8,1017.1515841584251
1869.9,1013.0503000000031
1870.0,1019.2986999999987
1870.1,1023.1102999999994
1870.2,1019.0110891089066
1870.3,1015.6669999999999
1870.4,1025.16800000001
1870.5,1054.3026732673322
1870.6,1033.5807000000618
1870.7,1046.4677000000088
1870.8,1053.7402999999986
1870.9,1050.6605999999988
1871.0,1049.45702970297
1871.1,1050.2155999999982
1871.2,1045.4663999999966
1871.3,1044.2039999999981
1871.4,1041.651999999998
1871.5,1042.757671287131
1871.6,1049.7924594059334
1871.7,1054.3284000000017
1871.8,1054.242100000001
1871.9,1052.0479999999982
1872.0,1039.1701999999877
1872.1,1035.624851485146
1872.2,1028.3357999999882
1872.3,1024.5143999999996
1872.4,1023.9485999999988
1872.5,1015.2402000000075
1872.6,1006.7321485148595
1872.7,996.4251138613722
1872.8,995.0474999999984
1872.9,990.9069999999899
1873.0,993.546499999997
1873.1,994.8425000000032
1873.2,995.4245544554451
1873.3,997.1567999999986
1873.4,994.0083999999922
1873.5,996.6127999999994
1873.6,993.1948000000085
1873.7,994.1786138613866
1873.8,996.8800999999997
1873.9,995.8963999999972
1874.0,998.4982000000009
1874.1,995.1354455445589
1874.2,996.1884000000027
1874.3,994.4338000000032
1874.4,994.8204000000019
1874.5,996.1498019801983
1874.6,993.7116000000008
1874.7,995.9995000000039
1874.8,991.3355000000025
1874.9,990.8863366336686
1875.0,990.2439999999999
1875.1,991.3179999999925
1875.2,992.926
1875.3,990.3519801980193
1875.4,988.9739000000002
1875.5,983.1658999999978
1875.6,985.9747524752362
1875.7,990.3795999999996
1875.8,990.5783999999992
1875.9,990.1605999999995
1876.0,984.9774257425697
1876.1,989.919099999991
1876.2,986.0867999999879
1876.3,989.621999999988
1876.4,992.8127722772202
1876.5,993.1715999999972
1876.6,999.077199999994
1876.7,998.4463999999957
1876.8,997.9314851485142
1876.9,992.881999999987
1877.0,995.9924999999982
1877.1,1005.7669999999937
1877.2,1006.8496039603959
1877.3,1003.774600000003
1877.4,997.2783999999876
1877.5,997.782178217824
1877.6,995.8033000000078
1877.7,995.8030000000037
1877.8,999.1349000000017
1877.9,998.2765554455455
1878.0,997.4869980198032
1878.1,991.765600000004
1878.2,990.8296000000041
1878.3,989.9807920792106
1878.4,992.1864000000105
1878.5,997.8492000000001
1878.6,998.2332999999999
1878.7,998.6543405940595
1878.8,991.3738613861387
1878.9,989.8450000000132
1879.0,989.6200000000001
1879.1,989.764999999986
1879.2,995.9495049504951
1879.3,994.6084000000026
1879.4,995.7227000000012
1879.5,999.0907000000003
1879.6,1004.8461386138536
1879.7,1008.8071999999987
1879.8,1007.5359999999997
1879.9,1010.1748000000023
1880.0,1009.4865346534689
1880.1,1012.359499999978
1880.2,1018.9385999999988
1880.3,1018.0658999999999
1880.4,1017.2077227722757
1880.5,1006.5478000000029
1880.6,994.9170000000007
1880.7,992.1681999999951
1880.8,996.3949504950492
1880.9,999.9894999999876
1881.0,997.892500000001
1881.1,999.1524752475327
1881.2,994.1443999999996
1881.3,994.9467999999965
1881.4,991.6179999999831
1881.5,992.8199009901077
1881.6,1000.8920000000039
1881.7,998.4697000000011
1881.8,998.9439000000008
1881.9,996.959801980196
1882.0,998.2713999999967
1882.1,999.6454000000031
1882.2,1002.7778217821942
1882.3,1010.3783000000012
1882.4,1007.7184000000015
1882.5,1006.6638613861392
1882.6,1001.6700000000054
1882.7,999.6400000000001
1882.8,989.854
1882.9,969.1278217821689
1883.0,961.5668999999979
1883.1,962.8419999999883
1883.2,964.4420950494941
1883.3,955.1692415841434
1883.4,957.8735999999931
1883.5,954.8980000000078
1883.6,968.9237623762348
1883.7,971.4142999999941
1883.8,975.9429999999958
1883.9,993.6889801980212
1884.0,998.2598059405933
1884.1,999.9796000000147
1884.2,998.2064000000128
1884.3,1006.1299009900985
1884.4,1005.8415000000051
1884.5,1007.9479999999993
1884.6,1003.671500000009
1884.7,1000.8136633663394
1884.8,1001.9648000000085
1884.9,1000.7632000000199
1885.0,1009.3611999999985
1885.1,1008.46906732673
1885.2,1009.9925217821774
1885.3,1008.4055000000018
1885.4,1002.306999999989
1885.5,993.8137999999994
1885.6,997.8958415841519
1885.7,1006.6528000000053
1885.8,1009.1324000000011
1885.9,1008.8816000000047
1886.0,1011.140000000001
1886.1,1009.232970297031
1886.2,1013.2993999999966
1886.3,1025.635599999999
1886.4,1032.6555000000162
1886.5,1040.6724000000002
1886.6,1041.5415841584118
1886.7,1044.934
1886.8,1044.4379999999999
1886.9,1044.4122772277271
1887.0,1048.812300000002
1887.1,1054.9563
1887.2,1052.9095999999986
1887.3,1047.3556435643582
1887.4,1043.5715999999998
1887.5,1042.9211999999995
1887.6,1042.3963366336634
1887.7,1045.6515000000072
1887.8,1053.8821000000003
1887.9,1054.662199999998
1888.0,1054.3626000000004
1888.1,1057.2852475247664
1888.2,1053.7696000000115
1888.3,1064.8854000000024
1888.4,1071.4422257425783
1888.5,1074.741113861386
1888.6,1073.5300000000052
1888.7,1069.5299999999988
1888.8,1067.8603960396051
1888.9,1063.7399999999889
1889.0,1053.4344
1889.1,1053.0908000000006
1889.2,1052.1724752475236
1889.3,1052.4643999999964
1889.4,1054.8371999999922
1889.5,1049.5747999999987
1889.6,1052.7472277227632
1889.7,1059.6667999999986
1889.8,1063.6391999999973
1889.9,1068.7894059405976
1890.0,1070.2421000000006
1890.1,1068.0311999999994
1890.2,1067.1510000000017
1890.3,1062.2354999999993
1890.4,1065.6784158415953
1890.5,1071.732
1890.6,1073.6400000000012
1890.7,1071.6998019801981
1890.8,1071.8224000000007
1890.9,1068.5975
1891.0,1068.2280999999994
1891.1,1066.4891999999993
1891.2,1068.913168316831
1891.3,1066.5046
1891.4,1068.2152000000044
1891.5,1073.2183999999993
1891.6,1058.4102970297185
1891.7,1051.6988000000024
1891.8,1054.5856999999996
1891.9,1054.0133000000005
1892.0,1055.2615841584175
1892.1,1059.651999999998
1892.2,1060.266799999998
1892.3,1056.6968000000033
1892.4,1054.686138613862
1892.5,1055.056499999999
1892.6,1054.5374999999956
1892.7,1057.454499999998
1892.8,1054.6261386138674
1892.9,1049.5385999999967
1893.0,1044.9256000000132
1893.1,1032.2884000000013
1893.2,1029.8246534653372
1893.3,1021.7004000000026
1893.4,1017.6035999999932
1893.5,1012.032400000005
1893.6,1005.0644366336658
1893.7,1000.6684158415899
1893.8,990.4835999999958
1893.9,997.9719999999911
1894.0,993.7770297029675
1894.1,999.6631999999994
1894.2,1001.2352999999988
1894.3,1005.8636
1894.4,1005.343099999995
1894.5,1002.8349504950495
1894.6,1002.2460000000008
1894.7,998.955
1894.8,1000.3900000000001
1894.9,999.5340594059405
1895.0,996.0299000000005
1895.1,997.4558999999999
1895.2,992.3627999999998
1895.3,991.0679227722771
1895.4,988.1968277227743
1895.5,992.4228000000014
1895.6,996.5804000000135
1895.7,990.4788118811921
1895.8,997.7441999999953
1895.9,989.8661000000043
1896.0,995.6107920792076
1896.1,995.0345999999981
1896.2,996.3888000000004
1896.3,996.5676000000061
1896.4,992.6469306930746
1896.5,997.7914999999928
1896.6,991.435999999994
1896.7,996.5450000000011
1896.8,997.541792079209
1896.9,996.6379207920797
1897.0,996.6060000000095
1897.1,986.5875999999965
1897.2,989.8503960395873
1897.3,977.7512999999886
1897.4,993.5918999999813
1897.5,982.0727999999913
1897.6,994.406800000001
1897.7,992.6146534653265
1897.8,979.8025999999976
1897.9,984.9240000000084
1898.0,989.754803960391
1898.1,1000.8887950495051
1898.2,1000.290099999999
1898.3,1004.2161000000009
1898.4,999.8325782178142
1898.5,996.0829702970299
1898.6,1002.69
1898.7,993.6600000000001
1898.8,1001.4900000000001
1898.9,1001.4668316831682
1899.0,1001.3213960396038
1899.1,998.8054000000051
1899.2,985.306099999997
1899.3,997.4420792079264
1899.4,988.2623999999952
1899.5,995.1652000000033
1899.6,995.2120000000002
1899.7,995.4137623762377
1899.8,996.3026999999986
1899.9,983.4483999999909
1900.0,994.7870000000083
1900.1,986.2471287128831
1900.2,997.7936000000111
1900.3,998.7027999999993
1900.4,1022.2447524752752
1900.5,1026.9469999999963
1900.6,1030.6354999999958
1900.7,1030.2119999999993
1900.8,1032.2304950495034
1900.9,1029.3707999999956
1901.0,1031.8965999999978
1901.1,1042.0245999999904
1901.2,1042.4366336633664
1901.3,1038.1234000000031
1901.4,1016.2797999999632
1901.5,1007.6943000000039
1901.6,1003.2013861386159
1901.7,1007.8279999999986
1901.8,1004.221200000002
1901.9,1015.9312000000238
1902.0,1017.2835999999999
1902.1,1011.5076237623778
1902.2,1008.8743000000001
1902.3,997.1130000000029
1902.4,1005.6301455445565
1902.5,1002.4600396039605
1902.6,1005.5269999999998
1902.7,1007.2160000000003
1902.8,1000.8906930693055
1902.9,996.9404999999983
1903.0,984.490499999997
1903.1,993.6443999999785
1903.2,991.4440594059389
1903.3,992.862000000001
1903.4,995.2936000000017
1903.5,988.4883999999963
1903.6,992.6503999999909
1903.7,987.3729702970253
1903.8,1002.7763999999758
1903.9,1003.0784999999983
1904.0,1007.4416336633624
1904.1,1008.0795881188102
1904.2,998.2445999999896
1904.3,998.5075999999978
1904.4,993.9251999999949
1904.5,1016.077524752453
1904.6,1002.3235000000237
1904.7,1008.2765000000122
1904.8,1008.1681336633676
1904.9,1001.4297584158315
1905.0,1006.8895999999957
1905.1,998.1556000000108
1905.2,1012.8232000000269
1905.3,1014.1170297029711
1905.4,1015.5992000000036
1905.5,1014.7516000000005
1905.6,1004.5810891089168
1905.7,1009.0391999999997
1905.8,1001.2650000000051
1905.9,1011.2694000000267
1906.0,1010.6381188118806
1906.1,1013.2171999999991
1906.2,1013.1170999999997
1906.3,1005.4742000000022
1906.4,1009.5296000000014
1906.5,999.7504950495056
1906.6,1010.032
1906.7,981.729999999982
1906.8,939.0662970297032
1906.9,879.0796702969877
1907.0,822.4048999999876
1907.1,771.111900000079
1907.2,716.8587999999875
1907.3,665.5388118811677
1907.4,614.1071999999506
1907.5,568.0723999999798
1907.6,508.51260000008415
1907.7,474.3058415841421
1907.8,466.4812000000026
1907.9,465.6966999999998
1908.0,465.3527999999997
1908.1,465.0107920792082
1908.2,464.73239999999976
1908.3,464.4800000000002
1908.4,464.30599999999987
1908.5,464.2248514851486
1908.6,464.1275000000001
1908.7,463.9649999999998
1908.8,463.86750000000006
1908.9,463.8425
1909.0,463.7731683168317
1909.1,463.713
1909.2,463.6408
1909.3,463.6126732673267
1909.4,463.5150999999998
1909.5,463.4435
1909.6,463.46613861386135
1909.7,463.4872
1909.8,463.4468
1909.9,463.3868
1910.0,463.32680000000005
1910.1,463.2814851485149
1910.2,463.22029999999995
1910.3,463.1929
1910.4,463.26029702970305
1910.5,463.248
1910.6,463.19500000000005
1910.7,463.222
1910.8,463.2192079207921
1910.9,463.16859999999997
1911.0,463.13620000000003
1911.1,463.14379999999994
1911.2,463.09486831683165
1911.3,463.0630732673268
1911.4,463.00559999999996
1911.5,462.9596
1911.6,462.95
1911.7,462.9299
1911.8,462.89346534653464
1911.9,462.88660000000004
1912.0,462.84380000000004
1912.1,462.8134
1912.2,462.8495346534654
1912.3,462.86346534653467
1912.4,462.8209999999999
1912.5,462.8455
1912.6,462.86356435643563
1912.7,462.85363564356436
1912.8,462.81800000000004
1912.9,462.7679999999999
1913.0,462.7880198019802
1913.1,462.76590000000004
1913.2,462.6959
1913.3,462.70118811881184
1913.4,462.68264950495046
1913.5,462.64140000000003
1913.6,462.5928
1913.7,462.5328
1913.8,462.4915841584159
1913.9,462.4739
1914.0,462.4334
1914.1,462.4039
1914.2,462.36949999999996
1914.3,462.3439
1914.4,462.4426732673269
1914.5,462.516
1914.6,462.4840000000001
1914.7,462.496
1914.8,462.5081188118812
1914.9,462.5413000000001
1915.0,462.5818
1915.1,462.59000000000003
1915.2,462.59000000000003
1915.3,462.59000000000003
1915.4,462.5555445544554
1915.5,462.5186
1915.6,462.4929
1915.7,462.5142
1915.8,462.49485148514856
1915.9,462.43199999999996
1916.0,462.40999999999997
1916.1,462.4156
1916.2,462.4477227722773
1916.3,462.459
1916.4,462.42249999999996
1916.5,462.422
1916.6,462.47811881188113
1916.7,462.4992
1916.8,462.4954
1916.9,462.55400000000014
1917.0,462.58930693069306
1917.1,462.56410000000005
1917.2,462.52349999999996
1917.3,462.48940000000005
1917.4,462.46939999999995
1917.5,462.4548
1917.6,462.40840000000003
1917.7,462.3752
1917.8,462.3955485148515
1917.9,462.41514851485147
1918.0,462.4353
1918.1,462.4143
1918.2,462.3800504950495
1918.3,462.39485148514854
1918.4,462.40999999999997
1918.5,462.385
1918.6,462.369900990099
1918.7,462.38980000000004
1918.8,462.4147
1918.9,462.4153
1919.0,462.39509999999996
1919.1,462.39970297029697
1919.2,462.4388
1919.3,462.4796
1919.4,462.4516
1919.5,462.40999999999997
1919.6,462.37160000000006
1919.7,462.3156
1919.8,462.30475247524754
1919.9,462.3053
1920.0,462.27180000000004
1920.1,462.24
1920.2,462.24
1920.3,462.22159999999997
1920.4,462.2368000000001
1920.5,462.2754
1920.6,462.3021999999999
1920.7,462.33544554455443
1920.8,462.28500000000014
1920.9,462.2660000000001
1921.0,462.337
1921.1,462.37
1921.2,462.3568
1921.3,462.3488
1921.4,462.3379999999999
1921.5,462.3012871287129
1921.6,462.2814
1921.7,462.2872
1921.8,462.3143
1921.9,462.32
1922.0,462.30710000000005
1922.1,462.2857425742574
1922.2,462.2842
1922.3,462.3194
1922.4,462.3978000000001
1922.5,462.4250495049505
1922.6,462.3818
1922.7,462.37
1922.8,462.41509999999994
1922.9,462.44752475247515
1923.0,462.42
1923.1,462.47799999999995
1923.2,462.48400000000004
1923.3,462.3864356435645
1923.4,462.3278
1923.5,462.3673
1923.6,462.4022
1923.7,462.3668316831683
1923.8,462.3186
1923.9,462.319
1924.0,462.31237623762377
1924.1,462.25
1924.2,462.2315
1924.3,462.15930000000003
1924.4,462.09366336633667
1924.5,462.0964
1924.6,462.09000000000003
1924.7,462.09000000000003
1924.8,462.083
1924.9,462.0735
1925.0,462.0905
1925.1,462.120396039604
1925.2,462.1298
1925.3,462.1507999999999
1925.4,462.24346534653466
1925.5,462.2667
1925.6,462.2336000000001
1925.7,462.1865346534654
1925.8,462.2128
1925.9,462.2272
1926.0,462.184
1926.1,462.140495049505
1926.2,462.1262
1926.3,462.1431
1926.4,462.14689999999996
1926.5,462.12772277227725
1926.6,462.11799999999994
1926.7,462.15999999999997
1926.8,462.1570297029703
1926.9,462.13840000000005
1927.0,462.13030000000003
1927.1,462.17138613861385
1927.2,462.1416
1927.3,462.1088
1927.4,462.0772277227723
1927.5,462.0727
1927.6,462.08
1927.7,462.06379999999996
1927.8,462.01732673267327
1927.9,462.0126
1928.0,462.0122
1928.1,461.99519999999995
1928.2,462.0151485148515
1928.3,462.03000000000003
1928.4,462.03
1928.5,462.045
1928.6,462.08250000000004
1928.7,462.0649504950495
1928.8,462.0656
1928.9,462.0272
1929.0,462.0428
1929.1,462.02950495049504
1929.2,462.0646
1929.3,462.0777
1929.4,462.0722772277228
1929.5,462.069
1929.6,462.0212
1929.7,461.9878
1929.8,461.98
1929.9,461.97579999999994
1930.0,461.9579
1930.1,461.95629999999994
1930.2,461.98831683168316
1930.3,462.014
1930.4,461.99800000000005
1930.5,462.044
1930.6,462.109900990099
1930.7,462.15
1930.8,462.15000000000003
1930.9,462.1538
1931.0,462.1775623762376
1931.1,462.2046
1931.2,462.1728
1931.3,462.1364
1931.4,462.1235643564357
1931.5,462.13149999999996
1931.6,462.08660000000003
1931.7,462.0751
1931.8,462.10336633663366
1931.9,462.11359999999996
1932.0,462.0784
1932.1,462.06200000000007
1932.2,462.01681584158416
1932.3,462.0045
1932.4,462.03
1932.5,462.024
1932.6,461.9915
1932.7,461.9925742574257
1932.8,461.9514
1932.9,461.96560000000005
1933.0,462.00691683168316
1933.1,462.04991386138613
1933.2,462.05129999999997
1933.3,462.06129999999996
1933.4,462.06356435643556
1933.5,462.0188
1933.6,462.00640000000004
1933.7,461.9764
1933.8,461.9511881188119
1933.9,461.9533999999999
1934.0,461.9022
1934.1,461.92549999999994
1934.2,461.97
1934.3,461.97
1934.4,461.971
1934.5,461.98400000000004
1934.6,462.0259405940594
1934.7,462.0773
1934.8,462.0527
1934.9,462.0800178217822
1935.0,462.07759999999996
1935.1,462.0484
1935.2,462.0292
1935.3,462.02237623762375
1935.4,462.05280000000005
1935.5,462.08509999999995
1935.6,462.01930000000004
1935.7,462.0128
1935.8,462.0479207920792
1935.9,462.0188
1936.0,462.0024
1936.1,462.03760000000005
1936.2,462.0036
1936.3,462.06118811881186
1936.4,462.07749999999993
1936.5,462.0335000000001
1936.6,462.09800000000007
1936.7,462.0569999999999
1936.8,462.001
1936.9,462.0214851485149
1937.0,462.0496
1937.1,462.04
1937.2,462.03679999999986
1937.3,461.95840000000004
1937.4,461.9215841584159
1937.5,461.95870396039606
1937.6,461.92089999999996
1937.7,461.95
1937.8,461.94910000000004
1937.9,461.919702970297
1938.0,461.91119999999995
1938.1,461.9692
1938.2,461.9304
1938.3,461.95
1938.4,461.950396039604
1938.5,461.9701
1938.6,461.9799
1938.7,461.969998019802
1938.8,461.970099009901
1938.9,462.0
1939.0,462.03
1939.1,461.94
1939.2,461.98
1939.3,462.03
1939.4,462.0696039603961
1939.5,462.0007
1939.6,462.0198
1939.7,461.9705
1939.8,461.98960396039604
1939.9,461.99
1940.0,461.941
1940.1,461.97929702970293
1940.2,462.0285089108911
1940.3,461.9524000000001
1940.4,461.9403
1940.5,461.97880000000004
1940.6,461.99920792079206
1940.7,462.06720000000007
1940.8,462.0028000000001
1940.9,462.0096
1941.0,462.01940990099007
1941.1,462.02949504950493
1941.2,462.02049999999997
1941.3,462.0295
1941.4,461.9444999999999
1941.5,461.91178217821783
1941.6,461.9006
1941.7,461.8623999999999
1941.8,461.91639999999995
1941.9,461.8827722772277
1942.0,461.88
1942.1,461.8614
1942.2,461.90649999999994
1942.3,461.8827445544554
1942.4,461.9168237623763
1942.5,461.88320000000004
1942.6,461.88
1942.7,461.8708
1942.8,461.8884
1942.9,461.9355445544554
1943.0,461.9946
1943.1,462.0091
1943.2,461.94629999999995
1943.3,461.9127
1943.4,461.8469306930693
1943.5,461.804
1943.6,461.764
1943.7,461.751
1943.8,461.7410891089109
1943.9,461.7222
1944.0,461.7111
1944.1,461.7455999999999
1944.2,461.8301
1944.3,461.85762376237625
1944.4,461.90400000000005
1944.5,461.95400000000006
1944.6,461.9688
1944.7,461.90020990099003
1944.8,461.77678415841604
1944.9,461.69039999999995
1945.0,461.6278
1945.1,461.55108910891096
1945.2,461.4281999999999
1945.3,461.3670000000001
1945.4,461.36
1945.5,461.29188118811885
1945.6,461.1950000000001
1945.7,461.1885
1945.8,461.24949999999995
1945.9,461.26841584158416
1946.0,461.2448
1946.1,461.24
1946.2,461.24840000000006
1946.3,461.28326732673264
1946.4,461.2401999999999
1946.5,461.2217
1946.6,461.2449
1946.7,461.2828712871287
1946.8,461.3064
1946.9,461.2689999999999
1947.0,461.3168316831683
1947.1,461.3138
1947.2,461.3262
1947.3,461.25710000000004
1947.4,461.2319801980198
1947.5,461.294
1947.6,461.262
1947.7,461.27376237623764
1947.8,461.2405
1947.9,461.22209999999995
1948.0,461.2358
1948.1,461.2005000000001
1948.2,461.1665346534653
1948.3,461.1678
1948.4,461.20120000000003
1948.5,461.1554
1948.6,461.1631683168316
1948.7,461.15459999999996
1948.8,461.21929999999986
1948.9,461.2631
1949.0,461.2166336633662
1949.1,461.2152
1949.2,461.2124
1949.3,461.2176
1949.4,461.2124
1949.5,461.21000000000004
1949.6,461.3149999999998
1949.7,461.365
1949.8,461.31750000000005
1949.9,461.26287128712863
1950.0,461.2796
1950.1,461.3048
1950.2,461.2880198019802
1950.3,461.24350000000004
1950.4,461.25190000000003
1950.5,461.2673
1950.6,461.2189000000001
1950.7,461.14160000000004
1950.8,461.0983168316832
1950.9,461.126
1951.0,461.1688
1951.1,461.13680000000005
1951.2,461.0696
1951.3,461.0644
1951.4,461.0771287128713
1951.5,461.08
1951.6,461.0303
1951.7,461.01
1951.8,461.01702970297026
1951.9,461.027
1952.0,460.995
1952.1,460.9938613861386
1952.2,461.0276
1952.3,461.0676
1952.4,461.07309999999995
1952.5,461.0424
1952.6,461.0504950495049
1952.7,461.0804
1952.8,461.07640000000004
1952.9,461.0428
1953.0,461.0776
1953.1,461.11346534653467
1953.2,461.1267
1953.3,461.1233
1953.4,461.10659999999996
1953.5,461.13316831683164
1953.6,461.1566
1953.7,461.11379999999997
1953.8,461.1030693069307
1953.9,461.14250000000004
1954.0,461.147
1954.1,461.17204950495045
1954.2,461.2155287128713
1954.3,461.2364
1954.4,461.28480000000013
1954.5,461.342
1954.6,461.36633663366337
1954.7,461.4519
1954.8,461.5567
1954.9,461.6149504950495
1955.0,461.6486
1955.1,461.6724
1955.2,461.68
1955.3,461.6738613861386
1955.4,461.67
1955.5,461.6517
1955.6,461.66415841584154
1955.7,461.674
1955.8,461.67
1955.9,461.68800000000005
1956.0,461.694
1956.1,461.6781188118812
1956.2,461.65819999999997
1956.3,461.6441
1956.4,461.65770000000003
1956.5,461.68752475247527
1956.6,461.6478000000001
1956.7,461.6042
1956.8,461.6058
1956.9,461.6214
1957.0,461.6357
1957.1,461.6457
1957.2,461.66134356435646
1957.3,461.66995643564354
1957.4,492.71640000005044
1957.5,549.8251999999787
1957.6,605.703465346468
1957.7,662.3945000000671
1957.8,719.3769999999937
1957.9,781.8505000000777
1958.0,839.5291089108921
1958.1,900.2541999999356
1958.2,962.4684000000075
1958.3,1017.6011999999497
1958.4,1046.4303960396132
1958.5,1049.5066000000002
1958.6,1053.7492999999947
1958.7,1057.367
1958.8,1053.9917049504993
1958.9,1054.4900871287232
1959.0,1051.204400000006
1959.1,1044.7156000000002
1959.2,1046.1648000000018
1959.3,1051.8732673267298
1959.4,1060.0973000000072
1959.5,1065.8384999999994
1959.6,1067.1842000000001
1959.7,1064.6782178217777
1959.8,1057.71
1959.9,1058.3250000000123
1960.0,1063.525
1960.1,1063.1665346534658
1960.2,1063.6911000000005
1960.3,1061.5237000000052
1960.4,1067.7763000000043
1960.5,1090.460198019811
1960.6,1105.5103999999983
1960.7,1109.3536000000026
1960.8,1114.6063999999967
1960.9,1117.4948514851487
1961.0,1112.4883000000043
1961.1,1110.6231999999864
1961.2,1116.504200000002
1961.3,1120.3557138613846
1961.4,1112.3511504950284
1961.5,1085.2364000000043
1961.6,1068.498799999999
1961.7,1066.6883168316833
1961.8,1063.9300000000003
1961.9,1065.7190000000048
1962.0,1069.2100000000003
1962.1,1073.1734999999935
1962.2,1074.1759405940584
1962.3,1074.5663999999938
1962.4,1078.3228
1962.5,1076.2919999999983
1962.6,1073.455841584159
1962.7,1074.5881000000022
1962.8,1078.7353999999968
1962.9,1081.4514
1963.0,1076.2800000000082
1963.1,1063.432772277236
1963.2,1054.4731999999983
1963.3,1053.7141999999994
1963.4,1054.7911504950507
1963.5,1055.5537415841584
1963.6,1056.0945999999988
1963.7,1056.6339
1963.8,1054.3706930693077
1963.9,1052.9280000000058
1964.0,1056.436
1964.1,1058.1559999999995
1964.2,1058.199405940594
1964.3,1054.185600000006
1964.4,1047.9009999999996
1964.5,1041.0234999999966
1964.6,1031.055323762378
1964.7,1024.4886534653413
1964.8,1017.7417999999992
1964.9,1018.0467999999988
1965.0,1012.214950495053
1965.1,1003.4988000000076
1965.2,998.0653999999955
1965.3,996.7763999999988
1965.4,997.8081188118733
1965.5,993.6532000000007
1965.6,997.6108000000017
1965.7,996.0091999999979
1965.8,995.8676000000003
1965.9,995.2836633663285
1966.0,992.9435000000028
1966.1,995.0570000000108
1966.2,992.0360000000031
1966.3,996.6281188118853
1966.4,994.4714000000016
1966.5,995.0897999999997
1966.6,991.2154455445632
1966.7,988.2003000000101
1966.8,993.6489000000053
1966.9,989.9191000000036
1967.0,993.9613999999976
1967.1,995.7653465346546
1967.2,995.711200000004
1967.3,995.7584000000035
1967.4,992.7371287128792
1967.5,997.7292999999997
1967.6,998.5360999999997
1967.7,998.9639
1967.8,998.3473267326738
1967.9,997.2210000000072
1968.0,997.134
1968.1,991.7719999999952
1968.2,995.876
1968.3,994.4375247524739
1968.4,997.1155000000008
1968.5,994.705799999996
1968.6,988.7908910891003
1968.7,1003.9519999999969
1968.8,1001.1599999999987
1968.9,1005.1556554455427
1969.0,1006.0007425742582
1969.1,1015.2752000000019
1969.2,1013.5572999999979
1969.3,1013.0718000000004
1969.4,1013.1928712871163
1969.5,1003.7910000000036
1969.6,1011.2722000000048
1969.7,1009.3282000000023
1969.8,1011.8384000000007
1969.9,1011.9739603960336
1970.0,1007.3399999999999
1970.1,1005.3900000000085
1970.2,1000.3675000000013
1970.3,1002.2899999999989
1970.4,1001.6939999999954
1970.5,998.5327999999957
1970.6,999.8856000000085
1970.7,992.8218811881188
1970.8,991.3926000000043
1970.9,987.7381000000058
1971.0,992.5157999999983
1971.1,993.1119801980262
1971.2,989.8363999999976
1971.3,991.3792000000052
1971.4,984.2063445544645
1971.5,988.6577534653483
1971.6,986.227799999997
1971.7,990.1053999999992
1971.8,993.4489108910855
1971.9,999.6759999999999
1972.0,1006.926
1972.1,1008.6119999999991
1972.2,1011.0382178217824
1972.3,1012.9943000000004
1972.4,1011.0858999999997
1972.5,1009.2322999999992
1972.6,1007.7026732673255
1972.7,1012.6683999999954
1972.8,1002.1955999999993
1972.9,991.7247999999986
1973.0,987.590594059405
1973.1,981.6596999999882
1973.2,986.2374999999936
1973.3,981.1253000000045
1973.4,993.4714999999992
1973.5,992.5983168316832
1973.6,993.053999999996
1973.7,994.1171999999954
1973.8,989.3627999999791
1973.9,1001.1596039603896
1974.0,996.7280000000069
1974.1,1004.0515000000007
1974.2,1004.2203960396077
1974.3,1008.6093504950459
1974.4,1010.6301999999904
1974.5,1003.8043999999937
1974.6,1009.2160000000039
1974.7,1006.2477960396083
1974.8,1009.411437623764
1974.9,1006.7522999999944
1975.0,1003.5581999999972
1975.1,1008.8291999999913
1975.2,1019.0243564356335
1975.3,1012.3804000000002
1975.4,1012.4380000000045
1975.5,1015.276799999999
1975.6,1016.2405940594126
1975.7,1008.6105999999983
1975.8,1013.9333000000028
1975.9,1004.4691000000194
1976.0,1014.4683999999992
1976.1,1015.5249504950577
1976.2,999.935
1976.3,1006.8650000000009
1976.4,1003.55
1976.5,1005.7209900990097
1976.6,998.8856000000001
1976.7,1003.7634000000013
1976.8,1009.0666000000001
1976.9,1015.0385148514872
1977.0,1021.7771999999968
1977.1,1011.455199999996
1977.2,1012.7211999999957
1977.3,1004.2196000000002
1977.4,1005.608316831684
1977.5,1007.4493000000026
1977.6,1012.4952999999907
1977.7,1017.2541999999938
1977.8,1009.048714851486
1977.9,1009.9790990098955
1978.0,1003.0614000000024
1978.1,1006.016200000001
1978.2,1006.159306930704
1978.3,1019.2640000000007
1978.4,1018.6494999999973
1978.5,1016.4795000000025
1978.6,1018.6311881188146
1978.7,1017.1068000000241
1978.8,1035.2676000000001
1978.9,1035.5124000000096
1979.0,1042.7731999999999
1979.1,1043.2515841584068
1979.2,1052.6977999999851
1979.3,1043.2149000000009
1979.4,1042.2861000000105
1979.5,1049.0141584158403
1979.6,1050.9210000000048
1979.7,1041.5712000000021
1979.8,1037.0288000000041
1979.9,1027.740000000007
1980.0,1031.7902970297
1980.1,1038.3395999999975
1980.2,1048.2717999999984
1980.3,1055.3944554455443
1980.4,1056.84
1980.5,1057.47
1980.6,1057.19
1980.7,1057.73
1980.8,1063.17
1980.9,1064.140297029703
1981.0,1069.1495000000014
1981.1,1067.4774000000036
1981.2,1065.6383999999996
1981.3,1051.5051485148451
1981.4,1062.989800000006
1981.5,1056.938399999997
1981.6,1063.0427999999888
1981.7,1070.3338000000033
1981.8,1070.8099009900984
1981.9,1059.529199999992
1982.0,1066.5520000000051
1982.1,1064.6654000000033
1982.2,1054.3664999999928
1982.3,1073.5844554455186
1982.4,1069.4363999999953
1982.5,1067.223599999998
1982.6,1060.5160000000087
1982.7,1059.6447999999993
1982.8,1061.2073267326716
1982.9,1066.6670000000065
1983.0,1071.7379999999948
1983.1,1076.901499999994
1983.2,1070.519499999992
1983.3,1075.813564356431
1983.4,1080.1274000000058
1983.5,1072.9164000000062
1983.6,1077.3091999999954
1983.7,1081.7150495049482
1983.8,1084.5402999999983
1983.9,1079.7544999999914
1984.0,1061.3380000000102
1984.1,1057.9818811881198
1984.2,1059.3923999999995
1984.3,1053.9732000000026
1984.4,1057.4092000000078
1984.5,1060.3642574257424
1984.6,1058.5361000000005
1984.7,1055.6091000000001
1984.8,1049.2794000000015
1984.9,1047.2604000000001
1985.0,1050.850099009901
1985.1,1052.538
1985.2,1045.4799999999982
1985.3,1044.599
1985.4,1028.0335643564274
1985.5,1025.6896
1985.6,1015.5841000000203
1985.7,1018.5853000000011
1985.8,1013.9374257425718
1985.9,1004.5807999999928
1986.0,1001.0327999999987
1986.1,992.3236000000147
1986.2,994.5680000000018
1986.3,990.7955445544618
1986.4,993.8414000000029
1986.5,990.9882999999974
1986.6,991.7376237623747
1986.7,992.4560000000007
1986.8,990.3298000000026
1986.9,991.6040000000016
1987.0,986.5551999999946
1987.1,988.9256435643532
1987.2,987.4669999999971
1987.3,991.6234999999957
1987.4,994.2645000000024
1987.5,985.610297029709
1987.6,989.7663999999937
1987.7,985.2519999999909
1987.8,990.194399999996
1987.9,993.4940594059447
1988.0,993.8636
1988.1,993.1611000000005
1988.2,990.3557000000009
1988.3,993.8860396039579
1988.4,991.1291999999919
1988.5,995.2827999999997
1988.6,996.3126000000001
1988.7,995.8697029702969
1988.8,996.1911999999998
1988.9,992.191399999999
1989.0,996.6164999999985
1989.1,990.044653465347
1989.2,992.5260000000025
1989.3,994.7819999999999
1989.4,985.0514653465265
1989.5,985.7214514851496
1989.6,985.2886000000026
1989.7,990.6675000000016
1989.8,980.2439485148452
1989.9,987.454097029716
1990.0,991.1866000000005
1990.1,998.5681999999879
1990.2,1002.7506000000012
1990.3,988.1384158416062
1990.4,1002.3687000000166
1990.5,1003.563299999996
1990.6,1004.2827999999972
1990.7,1006.3308910891105
1990.8,1009.4095999999971
1990.9,1011.0000000000009
1991.0,1009.8253465346546
1991.1,1010.649999999998
1991.2,1007.9524999999952
1991.3,1007.9674999999993
1991.4,1011.5742574257482
1991.5,1013.7810950495045
1991.6,1011.9770000000026
1991.7,1007.7690000000014
1991.8,1005.7467326732681
1991.9,1002.0700999999926
1992.0,999.0534000000002
1992.1,1000.9914999999976
1992.2,997.7744000000004
1992.3,1000.7906930693036
1992.4,992.6903999999975
1992.5,991.3655999999984
1992.6,989.4672000000019
1992.7,997.0399009901034
1992.8,1007.2210999999979
1992.9,1003.503199999996
1993.0,1007.5226999999979
1993.1,1011.2944554455421
1993.2,1010.347
1993.3,1008.609
1993.4,1014.1260000000059
1993.5,1011.4257425742562
1993.6,1004.6878000000085
1993.7,1004.7731000000007
1993.8,994.3400039604169
1993.9,994.4906336633694
1994.0,999.0696000000014
1994.1,991.7716000000132
1994.2,994.2389108910947
1994.3,990.1979000000089
1994.4,992.679800000006
1994.5,995.8712000000003
1994.6,995.4873009900996
1994.7,997.6047861386171
1994.8,994.8666000000036
1994.9,993.7870000000014
1995.0,988.3596039603999
1995.1,990.93349999999
1995.2,994.1855000000003
1995.3,992.8825000000006
1995.4,992.0849504950494
1995.5,988.8536000000004
1995.6,992.7971999999918
1995.7,992.2540000000006
1995.8,995.3006930693007
1995.9,995.8014999999938
1996.0,998.6303000000011
1996.1,1007.9427722772218
1996.2,1008.6051999999977
1996.3,1011.937399999996
1996.4,1014.1911999999993
1996.5,1018.226039603958
1996.6,1021.4910999999998
1996.7,1023.8128000000023
1996.8,1026.9084999999993
1996.9,1029.4695049504971
1997.0,1022.932
1997.1,1010.8780000000161
1997.2,1006.5600000000001
1997.3,1009.4754455445551
1997.4,1008.4048999999943
1997.5,1007.6626000000006
1997.6,1001.4836000000133
1997.7,1000.7216831683194
1997.8,1002.5854000000015
1997.9,1005.593200000003
1998.0,1011.5990257425769
1998.1,1009.6608554455499
1998.2,1008.5220000000024
1998.3,1004.3928000000061
1998.4,1002.2190000000026
1998.5,1005.5877227722758
1998.6,1010.9527999999904
1998.7,1014.666800000001
1998.8,1013.4344000000011
1998.9,1012.3373267326737
1999.0,995.8660000000034
1999.1,953.8490000000587
1999.2,897.0534999999306
1999.3,841.8095000000058
1999.4,792.0085643563796
1999.5,742.0543663366324
1999.6,688.3710000000513
1999.7,626.858599999991
1999.8,575.5124000000354
1999.9,526.3441584157556
2000.0,483.1657999999884
2000.1,467.410000000002
2000.2,465.7885772277226
2000.3,465.4325544554457
2000.4,465.1187999999998
2000.5,464.7828000000002
2000.6,464.4852000000001
2000.7,464.25673267326715
2000.8,464.05820000000006
2000.9,463.9036999999999
2001.0,463.79455445544556
2001.1,463.6800000000002
2001.2,463.57
2001.3,463.47
2001.4,463.3555445544553
2001.5,463.2804
2001.6,463.22080000000005
2001.7,463.1506
2001.8,463.09060000000005
2001.9,463.01148514851485
2002.0,462.9504
2002.1,462.92560000000003
2002.2,462.9148
2002.3,462.92475247524754
2002.4,462.9347
2002.5,462.91650000000004
2002.6,462.87576039603965
2002.7,462.8460396039604
2002.8,462.8346
2002.9,462.8446
2003.0,462.8132
2003.1,462.76089108910895
2003.2,462.705
2003.3,462.63200000000006
2003.4,462.5965
2003.5,462.5710891089109
2003.6,462.5556
2003.7,462.54560000000004
2003.8,462.5443564356435
2003.9,462.5371
2004.0,462.4770000000001
2004.1,462.42
2004.2,462.44128712871293
2004.3,462.4826
2004.4,462.49580000000003
2004.5,462.48580000000004
2004.6,462.4548
2004.7,462.4158415841584
2004.8,462.36080000000004
2004.9,462.2982
2005.0,462.3469
2005.1,462.3918811881188
2005.2,462.356
2005.3,462.316
2005.4,462.3019603960396
2005.5,462.27013762376237
2005.6,462.2478
2005.7,462.2444
2005.8,462.23544554455447
2005.9,462.2372
2006.0,462.2076
2006.1,462.18960000000004
2006.2,462.1400376237624
2006.3,462.15110000000004
2006.4,462.17
2006.5,462.1811
2006.6,462.18890000000005
2006.7,462.17
2006.8,462.15897326732676
2006.9,462.14707326732673
2007.0,462.1348
2007.1,462.0936
2007.2,462.10720000000003
2007.3,462.1056712871287
2007.4,462.0588712871286
2007.5,462.013
2007.6,462.0
2007.7,462.007
2007.8,462.0268960396039
2007.9,462.043596039604
2008.0,462.067
2008.1,462.11699999999996
2008.2,462.1432
2008.3,462.1232
2008.4,462.0895999999999
2008.5,462.05673267326733
2008.6,462.07
2008.7,462.05349999999993
2008.8,462.02329999999995
2008.9,462.04633663366343
2009.0,462.0896
2009.1,462.08760000000007
2009.2,462.02399999999994
2009.3,461.9931683168317
2009.4,462.0
2009.5,462.0155
2009.6,462.04380000000003
2009.7,462.01158415841587
2009.8,461.991
2009.9,462.01599999999985
2010.0,461.951
2010.1,461.9151485148515
2010.2,461.88
2010.3,461.8713
2010.4,461.85
2010.5,461.82099999999997
2010.6,461.7442574257426
2010.7,461.74960000000004
2010.8,461.7916
2010.9,461.7589108910891
2011.0,461.73810000000003
2011.1,461.76809999999995
2011.2,461.79810000000003
2011.3,461.8119801980198
2011.4,461.7822
2011.5,461.7808
2011.6,461.8296
2011.7,461.8026
2011.8,461.8151485148515
2011.9,461.83
2012.0,461.8175
2012.1,461.7575000000001
2012.2,461.695
2012.3,461.71990099009895
2012.4,461.76200000000006
2012.5,461.80959999999993
2012.6,461.85439999999994
2012.7,461.87839999999994
2012.8,461.80762376237624
2012.9,461.81380000000007
2013.0,461.8669
2013.1,461.8831
2013.2,461.86
2013.3,461.871
2013.4,461.9033999999999
2013.5,461.87120000000004
2013.6,461.8356435643565
2013.7,461.8221
2013.8,461.8363
2013.9,461.8473999999999
2014.0,461.79584158415844
2014.1,461.78
2014.2,461.782
2014.3,461.778
2014.4,461.73199999999997
2014.5,461.7281188118812
2014.6,461.6876
2014.7,461.7257
2014.8,461.74623762376234
2014.9,461.7246
2015.0,461.709
2015.1,461.7535643564356
2015.2,461.77145346534655
2015.3,461.7783
2015.4,461.76149999999996
2015.5,461.7387
2015.6,461.8198000000001
2015.7,461.7649504950495
2015.8,461.7288000000001
2015.9,461.6684
2016.0,461.6568
2016.1,461.62560000000013
2016.2,461.5484158415842
2016.3,461.53550000000007
2016.4,461.51450000000006
2016.5,461.534
2016.6,461.4970297029703
2016.7,461.47439999999995
2016.8,461.44559999999996
2016.9,461.4814
2017.0,461.5039999999999
2017.1,461.5969306930692
2017.2,461.6387
2017.3,461.6352
2017.4,461.67260000000005
2017.5,461.6912871287129
2017.6,461.7
2017.7,461.7
2017.8,461.7012
2017.9,461.7111881188119
2018.0,461.71450000000004
2018.1,461.6711
2018.2,461.6866
2018.3,461.7410891089109
2018.4,461.742
2018.5,461.664
2018.6,461.603
2018.7,461.542
2018.8,461.5590099009901
2018.9,461.55
2019.0,461.5545
2019.1,461.5982
2019.2,461.57732673267327
2019.3,461.5476
2019.4,461.52720000000005
2019.5,461.61
2019.6,461.6171999999998
2019.7,461.69759999999997
2019.8,461.6723762376238
2019.9,461.70420000000007
2020.0,461.7642
2020.1,461.8193
2020.2,461.8058415841584
2020.3,461.7535999999999
2020.4,461.80639999999994
2020.5,461.75
2020.6,461.7458000000001
2020.7,461.68237623762377
2020.8,461.7205
2020.9,461.727
2021.0,461.669
2021.1,461.6490099009901
2021.2,461.62919999999997
2021.3,461.61
2021.4,461.6092
2021.5,461.58960396039606
2021.6,461.58089999999993
2021.7,461.6109
2021.8,461.6394059405941
2021.9,461.6206000000001
2022.0,461.6492
2022.1,461.61019999999996
2022.2,461.6213861386138
2022.3,461.6896
2022.4,461.6508000000002
2022.5,461.7308
2022.6,461.81
2022.7,461.81
2022.8,461.87
2022.9,461.87
2023.0,461.88
2023.1,461.91999999999996
2023.2,461.9396039603961
2023.3,461.910300990099
2023.4,461.9793
2023.5,462.0097
2023.6,462.00010000000003
2023.7,462.0490099009901
2023.8,462.0892
2023.9,462.0998
2024.0,462.1686
2024.1,462.179702970297
2024.2,462.1897
2024.3,462.27729999999985
2024.4,462.28970000000004
2024.5,462.2996
2024.6,462.2328000000001
2024.7,462.2012
2024.8,462.21900990099005
2024.9,462.23900000000003
2025.0,462.2305
2025.1,462.192
2025.2,462.1994059405941
2025.3,462.16240000000005
2025.4,462.12239999999997
2025.5,462.10138613861386
2025.6,462.12789999999995
2025.7,462.1486
2025.8,462.12219207920793
2025.9,462.09239999999994
2026.0,462.13599999999997
2026.1,462.1492
2026.2,462.14089108910895
2026.3,462.0763
2026.4,462.0427
2026.5,462.0036
2026.6,462.0630693069307
2026.7,462.08799999999997
2026.8,462.018
2026.9,462.046
2027.0,462.103198019802
2027.1,462.11
2027.2,462.1278
2027.3,462.19230000000005
2027.4,462.22670000000005
2027.5,462.23
2027.6,462.15950495049515
2027.7,462.1236
2027.8,462.1376
2027.9,462.1488
2028.0,462.07158415841576
2028.1,462.01650000000006
2028.2,461.9839
2028.3,461.95390000000003
2028.4,461.95861386138614
2028.5,461.96000000000004
2028.6,462.01159999999993
2028.7,461.9942
2028.8,461.9814
2028.9,461.95445544554457
2029.0,461.99249999999995
2029.1,462.02549999999997
2029.2,462.013
2029.3,462.0185
2029.4,461.97749999999996
2029.5,462.01249999999993
2029.6,462.0368316831683
2029.7,462.04
2029.8,462.0568
2029.9,462.09360000000004
2030.0,462.0833663366337
2030.1,462.0883
2030.2,462.0983
2030.3,462.1
2030.4,462.1493069306932
2030.5,462.0944
2030.6,462.0636
2030.7,462.06
2030.8,462.03556237623764
2030.9,462.0705188118812
2031.0,462.1205
2031.1,462.08140000000003
2031.2,462.0457
2031.3,462.0399198019802
2031.4,462.00798019801977
2031.5,461.99199999999996
2031.6,462.03
2031.7,462.05600000000004
2031.8,462.092
2031.9,462.0762376237624
2032.0,462.0463
2032.1,462.04789999999997
2032.2,462.07370000000003
2032.3,461.9626732673267
2032.4,461.93
2032.5,461.969
2032.6,461.93320000000006
2032.7,461.9431683168317
2032.8,461.90380000000005
2032.9,461.9054
2033.0,461.9408
2033.1,461.9195049504951
2033.2,461.8795999999999
2033.3,461.9611999999999
2033.4,461.99
2033.5,461.97495049504954
2033.6,461.96999999999997
2033.7,461.9625
2033.8,461.96
2033.9,461.96750000000003
2034.0,461.98482574257423
2034.1,461.99739999999997
2034.2,462.0222
2034.3,462.03732673267325
2034.4,462.0911000000001
2034.5,462.1173
2034.6,462.09080000000006
2034.7,462.1450495049505
2034.8,462.1988
2034.9,462.1884
2035.0,462.18719999999996
2035.1,462.1328277227723
2035.2,462.07452871287126
2035.3,462.0174
2035.4,461.92189999999994
2035.5,461.84782178217824
2035.6,461.823
2035.7,461.771
2035.8,461.785
2035.9,461.82079207920793
2036.0,461.8162
2036.1,461.8582999999999
2036.2,461.88689999999997
2036.3,461.95148514851473
2036.4,461.9732
2036.5,461.9904
2036.6,462.0068
2036.7,461.9763366336633
2036.8,461.85950000000014
2036.9,461.7362999999999
2037.0,461.69329999999997
2037.1,461.630297029703
2037.2,461.51419999999985
2037.3,461.437
2037.4,461.44640000000004
2037.5,461.43386138613863
2037.6,461.38750000000005
2037.7,461.4025000000001
2037.8,461.4135
2037.9,461.43574257425746
2038.0,461.4308
2038.1,461.4072
2038.2,461.432
2038.3,461.45633663366334
2038.4,461.44739999999996
2038.5,461.4463
2038.6,461.4438247524753
2038.7,461.4338376237624
2038.8,461.4114
2038.9,461.3752
2039.0,461.3538
2039.1,461.3806930693069
2039.2,461.3817
2039.3,461.3334
2039.4,461.2858415841584
2039.5,461.264
2039.6,461.26
2039.7,461.26
2039.8,461.2540594059406
2039.9,461.23229999999995
2040.0,461.2377
2040.1,461.2146000000001
2040.2,461.17831683168316
2040.3,461.1816
2040.4,461.1958
2040.5,461.22900000000004
2040.6,461.2212871287129
2040.7,461.2171
2040.8,461.2528
2040.9,461.27570000000003
2041.0,461.2348514851485
2041.1,461.19440000000003
2041.2,461.22360000000003
2041.3,461.26120000000003
2041.4,461.27560000000005
2041.5,461.23564356435645
2041.6,461.2
2041.7,461.2385000000001
2041.8,461.259
2041.9,461.2282178217821
2042.0,461.2262
2042.1,461.22380000000004
2042.2,461.1992
2042.3,461.2006930693069
2042.4,461.22060000000005
2042.5,461.2565
2042.6,461.31179999999995
2042.7,461.3137623762376
2042.8,461.2744
2042.9,461.2756
2043.0,461.28999999999996
2043.1,461.3056
2043.2,461.29940594059406
2043.3,461.2647
2043.4,461.25
2043.5,461.25509999999997
2043.6,461.21455445544564
2043.7,461.155
2043.8,461.145
2043.9,461.11999999999995
2044.0,461.09
2044.1,461.09000000000003
2044.2,461.0949
2044.3,461.13919999999996
2044.4,461.1994059405941
2044.5,461.19599999999997
2044.6,461.2226574257425
2044.7,461.27524752475244
2044.8,461.23240000000004
2044.9,461.20396039603963
2045.0,461.2476
2045.1,461.2892
2045.2,461.30920000000003
2045.3,461.27445544554456
2045.4,461.202
2045.5,461.19350000000003
2045.6,461.18750000000006
2045.7,461.15999999999997
2045.8,461.2039999999999
2045.9,461.26880000000006
2046.0,461.2624
2046.1,461.2312871287129
2046.2,461.20279999999997
2046.3,461.18
2046.4,461.1929
2046.5,461.2227722772277
2046.6,461.24
2046.7,461.24
2046.8,461.22336633663366
2046.9,461.2
2047.0,461.1959
2047.1,461.2023
2047.2,461.2405
2047.3,461.28217821782175
2047.4,461.292
2047.5,461.26800000000003
2047.6,461.27399999999994
2047.7,461.33376237623764
2047.8,461.3466000000001
2047.9,461.2866
2048.0,461.23841584158413
2048.1,461.2314
2048.2,461.2234000000001
2048.3,461.16099999999994
2048.4,461.13752475247526
2048.5,461.15369999999996
2048.6,461.14150000000006
2048.7,461.0989
2048.8,461.1059000000002
2048.9,461.16465346534665
2049.0,463.73880000000645
2049.1,489.6431999999568
2049.2,547.3499999998008
2049.3,604.0548000000547
2049.4,666.4975247524872
2049.5,728.9989999999373
2049.6,785.0839999999342
2049.7,842.5879999999354
2049.8,898.9080000001886
2049.9,955.26821782194
2050.0,1010.8750000000687
2050.1,1043.5402000000001
2050.2,1044.5487999999814
2050.3,1049.5528000000047
2050.4,1050.941485148513
2050.5,1047.9661000000026
2050.6,1048.6273999999935
2050.7,1056.2095999999979
2050.8,1060.404158415862
2050.9,1066.682400000011
2051.0,1071.8468000000012
2051.1,1075.1859999999904
2051.2,1078.2640158416257
2051.3,1076.4333970297903
2051.4,1071.4142999999985
2051.5,1075.1109000000006
2051.6,1072.1227000000008
2051.7,1068.6988000000006
2051.8,1066.0821782178114
2051.9,1064.5650000000035
2052.0,1066.607000000003
2052.1,1085.4479999998741
2052.2,1121.3336633663641
2052.3,1113.6422999999993
2052.4,1113.0353000000011
2052.5,1117.2423000000001
2052.6,1117.515445544555
2052.7,1115.615600000007
2052.8,1115.4640000000247
2052.9,1121.2435999999961
2053.0,1115.5224000000248
2053.1,1093.9283168317304
2053.2,1062.4719000000016
2053.3,1060.2789
2053.4,1060.3489
2053.5,1059.274554455445
2053.6,1056.379799999999
2053.7,1060.6145999999808
2053.8,1071.540800000005
2053.9,1072.8464356435657
2054.0,1072.589999999997
2054.1,1072.1399999999999
2054.2,1076.449405940596
2054.3,1076.5132000000067
2054.4,1077.8684000000026
2054.5,1074.9588000000028
2054.6,1073.4559999999967
2054.7,1070.0802970297389
2054.8,1050.488000000001
2054.9,1050.9684000000002
2055.0,1052.2847524752538
2055.1,1055.7304000000017
2055.2,1053.1701999999993
2055.3,1054.5098000000035
2055.4,1055.0659405940592
2055.5,1055.7068000000088
2055.6,1061.8842000000025
2055.7,1061.1058
2055.8,1059.9110891089017
2055.9,1055.3139999999999
2056.0,1051.822
2056.1,1040.3319999999999
2056.2,1043.2877227722774
2056.3,1039.7494999999626
2056.4,1028.7743000000096
2056.5,1031.0564000000275
2056.6,1019.662079207925
2056.7,1015.9958000000029
2056.8,1008.7219999999986
2056.9,1005.5337999999983
2057.0,1002.9410000000007
2057.1,1004.5524752475246
2057.2,1002.359200000021
2057.3,992.7725000000244
2057.4,998.1766999999815
2057.5,991.0054455445553
2057.6,990.5804000000002
2057.7,991.759199999996
2057.8,993.5592000000049
2057.9,996.5191089108854
2058.0,989.6344999999899
2058.1,996.3725000000072
2058.2,991.8174999999944
2058.3,996.8496039604114
2058.4,1000.8379999999976
2058.5,1000.5808000000126
2058.6,1007.5145999999949
2058.7,1001.83819999999
2058.8,1004.2485999999973
2058.9,1002.8596039603985
2059.0,1005.8123999999956
2059.1,1010.6154000000043
2059.2,1004.9390000000004
2059.3,1003.4576999999781
2059.4,997.3780198019808
2059.5,995.3403999999957
2059.6,992.9355999999881
2059.7,997.1378811881101
2059.8,998.676844554457
2059.9,990.9683999999985
2060.0,996.0180000000014
2060.1,990.956499999999
2060.2,994.4388000000014
2060.3,992.1157425742572
2060.4,988.365000000029
2060.5,998.4529999999747
2060.6,987.0979999999744
2060.7,996.149000000025
2060.8,987.6746534653762
2060.9,1001.1989000000011
2061.0,1006.0129000000003
2061.1,1007.0407000000008
2061.2,1008.8857425742568
2061.3,998.2912000000202
2061.4,1004.5083999999829
2061.5,998.633465346518
2061.6,1008.0353999999998
2061.7,1007.12940000001
2061.8,1005.0268000000028
2061.9,1008.0128712871214
2062.0,995.6165999999896
2062.1,1002.4262000000078
2062.2,997.2931999999943
2062.3,1001.3830000000066
2062.4,1002.9073999999805
2062.5,996.6689108910878
2062.6,997.3214999999919
2062.7,989.3364999999764
2062.8,995.792999999997
2062.9,993.6335000000057
2063.0,998.6900990099059
2063.1,1002.8868000000093
2063.2,993.2795999999929
2063.3,1000.3267999999669
2063.4,991.4793069306859
2063.5,1000.382000000021
2063.6,1014.2240000000124
2063.7,1010.3041999999848
2063.8,1015.189306930688
2063.9,1011.8106000000021
2064.0,1007.5019999999984
2064.1,1011.119599999998
2064.2,1015.4905940594065
2064.3,1014.5158999999971
2064.4,1013.1191999999999
2064.5,1012.7227999999365
2064.6,981.4393999999702
2064.7,993.2274000000082
2064.8,990.0219801980242
2064.9,992.22
2065.0,991.99
2065.1,988.5
2065.2,993.45
2065.3,985.1529702970088
2065.4,994.643300000024
2065.5,994.8884999999998
2065.6,994.9691999999998
2065.7,996.7024999999965
2065.8,990.348908910888
2065.9,1000.6961366336682
2066.0,991.1785999999955
2066.1,997.9968000000032
2066.2,997.7872000000013
2066.3,995.286336633656
2066.4,995.2779000000003
2066.5,985.192000000015
2066.6,999.2262999999765
2066.7,992.899400000011
2066.8,999.0478217821849
2066.9,1015.0924000000149
2067.0,1011.7947999999964
2067.1,1019.7132000000076
2067.2,1022.5171999999911
2067.3,1023.789108910895
2067.4,1030.8134999999934
2067.5,1030.6100000000006
2067.6,1032.4894999999976
2067.7,1019.8543564356847
2067.8,1033.0184000000204
2067.9,1006.0201999999596
2068.0,1008.8742000000067
2068.1,1005.2610891089132
2068.2,998.7948000000046
2068.3,1000.4225000000088
2068.4,993.4469000000026
2068.5,1002.090297029719
2068.6,991.600800000029
2068.7,999.8383999999727
2068.8,994.0067999999869
2068.9,991.442799999996
2069.0,996.5622772277225
2069.1,988.589700000002
2069.2,999.6800999999971
2069.3,986.3090999999971
2069.4,994.8709900990322
2069.5,990.2730000000116
2069.6,989.5680000000002
2069.7,991.6839999999947
2069.8,986.8827623762255
2069.9,996.0590811881236
2070.0,993.636599999999
2070.1,1005.5432000000031
2070.2,1009.0725000000006
2070.3,1023.6921782178698
2070.4,1031.068400000017
2070.5,1040.4163999999876
2070.6,1046.6235999999894
2070.7,1044.6993623762419
2070.8,1055.0133702970409
2070.9,1053.9451999999978
2071.0,1055.2465000000013
2071.1,1058.7103000000025
2071.2,1059.7068316831676
2071.3,1050.7943999999668
2071.4,1045.3224000000034
2071.5,1045.9857999999979
2071.6,1048.2009900990117
2071.7,1050.980999999992
2071.8,1061.278500000013
2071.9,1057.0784999999921
2072.0,1062.4007920792035
2072.1,1063.6588
2072.2,1062.4352000000013
2072.3,1063.9468673267402
2072.4,1067.6237702970375
2072.5,1066.8889999999974
2072.6,1066.0522000000014
2072.7,1062.9651485148547
2072.8,1059.720599999999
2072.9,1062.372599999998
2073.0,1053.961600000005
2073.1,1055.6297029702876
2073.2,1057.8326999999958
2073.3,1051.021999999982
2073.4,1054.7446000000136
2073.5,1054.81504950495
2073.6,1056.08
2073.7,1062.4460000000001
2073.8,1067.9720000000045
2073.9,1058.9364356435394
2074.0,1064.286899999989
2074.1,1064.9011000000037
2074.2,1067.0595999999935
2074.3,1064.947623762373
2074.4,1063.2729999999995
2074.5,1062.3101999999997
2074.6,1066.0724000000023
2074.7,1071.3911881188058
2074.8,1072.4990999999995
2074.9,1074.9086000000093
2075.0,1074.477300000001
2075.1,1078.5212871287147
2075.2,1075.170400000016
2075.3,1078.0880000000052
2075.4,1083.5460000000048
2075.5,1082.9111881188135
2075.6,1067.122500000023
2075.7,1057.8325000000063
2075.8,1057.1100000000033
2075.9,1056.6791089108892
2076.0,1055.4805999999983
2076.1,1054.8662000000008
2076.2,1052.7498000000087
2076.3,1054.5897029702967
2076.4,1054.0454000000013
2076.5,1055.7921999999978
2076.6,1055.479300000001
2076.7,1060.6855999999948
2076.8,1060.251499999998
2076.9,1050.1986138613722
2077.0,1046.7648000000002
2077.1,1036.86840000002
2077.2,1033.2547999999992
2077.3,1033.250198019802
2077.4,1024.6474000000028
2077.5,1018.246100000001
2077.6,1006.3248000000033
2077.7,1001.5955445544562
2077.8,995.5769999999809
2077.9,998.7020000000182
2078.0,1000.6860000000006
2078.1,1000.3040000000005
2078.2,1003.0893069306778
2078.3,999.8680999999985
2078.4,1001.9762000000013
2078.5,999.2759999999985
2078.6,1000.3279633663306
2078.7,1000.7931445544585
2078.8,998.330799999992
2078.9,997.2403999999995
2079.0,990.7984000000033
2079.1,993.6506930693058
2079.2,992.0211000000158
2079.3,992.0578000000023
2079.4,996.7289108910854
2079.5,999.2395999999985
2079.6,1002.1145999999949
2079.7,1001.8854000000032
2079.8,1002.6444000000074
2079.9,1003.8124752475258
2080.0,1006.1810000000038
2080.1,1010.4829999999913
2080.2,1007.1260000000265
2080.3,1006.8298019802082
2080.4,1004.547599999996
2080.5,1001.089200000002
2080.6,998.8628000000022
2080.7,997.6354455445559
2080.8,1001.4661000000102
2080.9,998.4419999999864
2081.0,998.0419801980213
2081.1,991.4554000000061
2081.2,991.790199999996
2081.3,997.8900000000058
2081.4,999.9683168316838
2081.5,1002.6216999999971
2081.6,998.6190000000227
2081.7,1004.335899999962
2081.8,1005.3962465347072
2081.9,1005.5198613861803
2082.0,1011.154
2082.1,1009.742
2082.2,1008.3919999999999
2082.3,1001.8211881187713
2082.4,1002.9914000000263
2082.5,1002.6485000000015
2082.6,1001.0524999999943
2082.7,1002.9469999999974
2082.8,1005.0163366336668
2082.9,1004.9731999999991
2083.0,997.3233999999946
2083.1,997.2462000000038
2083.2,999.4377227722789
2083.3,999.2993000000045
2083.4,1001.3878000000009
2083.5,1003.7054999999966
2083.6,1003.185247524753
2083.7,996.9404000000151
2083.8,996.2196000000055
2083.9,997.033599999997
2084.0,997.0804000000023
2084.1,999.5839603960391
2084.2,998.3480000000048
2084.3,1002.0995000000352
2084.4,1010.8825000000069
2084.5,1016.4418811881197
2084.6,1019.0707999999984
2084.7,1016.7622000000177
2084.8,1018.0174257425762
2084.9,1021.4618999999998
2085.0,1018.7080000000037
2085.1,1020.9081999999939
2085.2,1023.25237623763
2085.3,1020.6911999999968
2085.4,1009.3447999999631
2085.5,1002.2200000000091
2085.6,1000.9542574257372
2085.7,1000.3763999999986
2085.8,1002.6962999999982
2085.9,1002.9584999999997
2086.0,1003.7953188118815
2086.1,997.2849009901292
2086.2,996.4949999999733
2086.3,998.9899999999847
2086.4,996.5500000000043
2086.5,996.1534653465312
2086.6,993.4275999999993
2086.7,995.0432999999875
2086.8,993.6917999999979
2086.9,995.045247524743
2087.0,997.5956000000147
2087.1,997.3511999999852
2087.2,1003.5251999999928
2087.3,1004.7551999999953
2087.4,1006.1639603960481
2087.5,1002.540099999991
2087.6,1000.5514000000073
2087.7,1011.2747999999842
2087.8,1016.0567326732637
2087.9,1016.1414000000028
2088.0,1014.7708000000082
2088.1,1013.7693999999933
2088.2,1013.9278217821907
2088.3,1014.3710000000086
2088.4,1019.9575000000036
2088.5,1022.5945000000023
2088.6,1024.5777227722776
2088.7,1011.4932000000293
2088.8,999.2360000000215
2088.9,1003.3396000000067
2089.0,1002.5427999999931
2089.1,1008.3939999999968
2089.2,1008.2364000000044
2089.3,1006.5286138613926
2089.4,1001.4929999999763
2089.5,997.8848000000181
2089.6,1000.842600000003
2089.7,999.9811999999739
2089.8,1005.8800000000032
2089.9,1004.9602999999923
2090.0,1002.5611000000013
2090.1,998.4632445544584
2090.2,997.9194871286898
2090.3,1001.3593999999794
2090.4,998.8131999999969
2090.5,1003.6815999999991
2090.6,1001.3272000000038
2090.7,975.5488000000227
2090.8,922.8285999998764
2090.9,870.4972000000212
2091.0,819.8031722772546
2091.1,768.2662554456025
2091.2,718.6093000001432
2091.3,667.0423999999111
2091.4,614.609099999866
2091.5,556.0316999999911
2091.6,507.7174000001197
2091.7,474.2484000000319
2091.8,466.4845544554449
2091.9,466.052
2092.0,465.76800000000003
2092.1,465.464
2092.2,465.2660000000004
2092.3,465.08000000000004
2092.4,464.94643564356426
2092.5,464.8253999999999
2092.6,464.72830000000005
2092.7,464.70220000000006
2092.8,464.65489999999977
2092.9,464.54539999999963
2093.0,464.4445544554455
2093.1,464.38199999999995
2093.2,464.2896000000001
2093.3,464.2134
2093.4,464.13199999999995
2093.5,464.04366336633666
2093.6,463.9963
2093.7,463.9715000000001
2093.8,463.91039999999975
2093.9,463.87480000000005
2094.0,463.8741000000001
2094.1,463.83
2094.2,463.8041000000001
2094.3,463.76366336633663
2094.4,463.77
2094.5,463.788
2094.6,463.7840000000001
2094.7,463.6804000000004
2094.8,463.5847999999999
2094.9,463.52559999999994
2095.0,463.47839999999997
2095.1,463.38653465346533
2095.2,463.27250000000004
2095.3,463.23299999999995
2095.4,463.16049999999973
2095.5,462.99108910891096
2095.6,462.8562
2095.7,462.7998000000001
2095.8,462.7732
2095.9,462.74639999999994
2096.0,462.70316831683164
2096.1,462.6832
2096.2,462.7067
2096.3,462.6934653465346
2096.4,462.67679999999996
2096.5,462.6764
2096.6,462.66760000000016
2096.7,462.62950495049495
2096.8,462.64379999999994
2096.9,462.6021
2097.0,462.5553465346534
2097.1,462.5780000000001
2097.2,462.553
2097.3,462.55099999999993
2097.4,462.54188118811885
2097.5,462.5729
2097.6,462.59450000000004
2097.7,462.6271287128713
2097.8,462.62280000000004
2097.9,462.6412
2098.0,462.67839999999995
2098.1,462.68880000000007
2098.2,462.6710891089108
2098.3,462.6675999999999
2098.4,462.5773
2098.5,462.5673
2098.6,462.56
2098.7,462.5626
2098.8,462.5726
2098.9,462.56978019801966
2099.0,462.53749999999997
2099.1,462.5175
2099.2,462.4750000000001
2099.3,462.4525
2099.4,462.4252
2099.5,462.40040000000005
2099.6,462.3532000000001
2099.7,462.290495049505
2099.8,462.24619999999993
2099.9,462.2046
2100.0,462.1785999999999
2100.1,462.0354455445545
2100.2,462.02
2100.3,462.01339999999993
2100.4,461.98560000000003
2100.5,461.9721782178218
2100.6,461.9821
2100.7,461.99
2100.8,461.99420000000003
2100.9,462.02039603960407
2101.0,462.058
2101.1,462.058
2101.2,462.0840792079208
2101.3,462.0524801980197
2101.4,462.0219
2101.5,462.0356999999999
2101.6,462.0468316831684
2101.7,461.9918
2101.8,461.9892
2101.9,461.9346178217822
2102.0,461.91339999999997
2102.1,461.9215000000001
2102.2,461.8783
2102.3,461.8768000000001
2102.4,461.9184158415843
2102.5,461.9648
2102.6,461.99
2102.7,461.99959999999976
2102.8,462.06425742574265
2102.9,462.14449999999994
2103.0,462.16700000000003
2103.1,462.1618811881187
2103.2,462.23559999999986
2103.3,462.2714
2103.4,462.27579999999995
2103.5,462.2542
2103.6,462.28560000000004
2103.7,462.32
2103.8,462.31579999999997
2103.9,462.28168316831676
2104.0,462.23389999999995
2104.1,462.26519999999994
2104.2,462.2961
2104.3,462.27
2104.4,462.27240000000006
2104.5,462.28039999999993
2104.6,462.2147999999999
2104.7,462.24280000000016
2104.8,462.1804950495048
2104.9,462.1111
2105.0,462.1233
2105.1,462.1379
2105.2,462.0345544554456
2105.3,461.989
2105.4,461.98
2105.5,461.98300000000006
2105.6,461.9991089108913
2105.7,461.9018
2105.8,461.9209
2105.9,461.9282
2106.0,461.91178217821783
2106.1,461.9323999999999
2106.2,461.9631999999999
2106.3,462.0015841584159
2106.4,462.0214
2106.5,462.0393
2106.6,462.03490000000005
2106.7,462.1006930693069
2106.8,462.1075999999999
2106.9,462.0694
2107.0,462.05640000000005
2107.1,462.00299999999993
2107.2,462.05178217821776
2107.3,462.07899999999995
2107.4,462.05949999999996
2107.5,462.0485
2107.6,462.0185148514851
2107.7,461.9908
2107.8,462.0083999999998
2107.9,461.97
2108.0,461.9680000000001
2108.1,461.92039603960393
2108.2,461.92940000000004
2108.3,461.90939999999995
2108.4,461.88939702970293
2108.5,461.87079405940597
2108.6,461.9
2108.7,461.90099999999995
2108.8,461.9509940594061
2108.9,462.00030000000004
2109.0,462.03070000000014
2109.1,462.0992000000002
2109.2,462.01980198019805
2109.3,462.0
2109.4,462.06
2109.5,462.03
2109.6,462.05
2109.7,462.05
2109.8,461.98069999999984
2109.9,461.9502999999999
2110.0,462.02919999999983
2110.1,462.01039603960396
2110.2,462.02959999999996
2110.3,462.0398
2110.4,462.04970297029706
2110.5,462.0403
2110.6,462.06909999999993
2110.7,462.07
2110.8,462.0988118811881
2110.9,462.1192
2111.0,462.0335999999999
2111.1,462.0588
2111.2,462.0408000000001
2111.3,462.03999999999996
2111.4,461.99250000000006
2111.5,462.0469999999999
2111.6,462.01237623762387
2111.7,462.01
2111.8,462.02880000000005
2111.9,462.0394
2112.0,461.98415841584165
2112.1,461.98
2112.2,462.02649999999994
2112.3,461.97419999999977
2112.4,461.9792079207921
2112.5,461.9339999999999
2112.6,462.00359999999984
2112.7,461.9456000000002
2112.8,461.9217821782178
2112.9,461.9473
2113.0,462.0046
2113.1,461.9827
2113.2,461.95299009901
2113.3,461.9680000000001
2113.4,461.96999999999997
2113.5,461.97891089108913
2113.6,461.9088
2113.7,461.9356
2113.8,462.02900000000005
2113.9,461.9959405940593
2114.0,461.9811881188119
2114.1,461.9360000000001
2114.2,461.9827999999999
2114.3,461.99
2114.4,462.0161386138614
2114.5,462.02
2114.6,462.07220000000007
2114.7,462.0713861386139
2114.8,462.08722772277235
2114.9,462.133
2115.0,462.11420000000004
2115.1,462.11859999999996
2115.2,462.09445544554467
2115.3,462.056
2115.4,462.08400000000006
2115.5,462.0985
2115.6,462.0489999999999
2115.7,462.06549999999993
2115.8,462.02792079207904
2115.9,462.01160000000004
2116.0,462.0184
2116.1,462.0284
2116.2,462.03
2116.3,462.06320000000005
2116.4,462.0534
2116.5,462.0084999999999
2116.6,462.01643564356436
2116.7,462.02
2116.8,462.0364
2116.9,462.1056
2117.0,462.1118811881188
2117.1,462.12621881188113
2117.2,462.13809999999995
2117.3,462.0994999999999
2117.4,462.0659405940594
2117.5,462.0599603960396
2117.6,462.068
2117.7,462.086
2117.8,462.05831683168304
2117.9,461.9788999999998
2118.0,461.9442
2118.1,461.9163000000001
2118.2,461.9021782178218
2118.3,461.88439999999997
2118.4,461.88
2118.5,461.93460000000005
2118.6,461.8882178217823
2118.7,461.87
2118.8,461.87
2118.9,461.8391999999999
2119.0,461.83
2119.1,461.84520000000003
2119.2,461.84240000000005
2119.3,461.84000000000003
2119.4,461.8248
2119.5,461.8425742574257
2119.6,461.84250000000003
2119.7,461.7875000000001
2119.8,461.8225000000002
2119.9,461.83257425742573
2120.0,461.8670000000001
2120.1,461.7986000000002
2120.2,461.80699999999985
2120.3,461.82732673267327
2120.4,461.8665
2120.5,461.82890000000003
2120.6,461.8173
2120.7,461.89213267326704
2120.8,461.88394455445535
2120.9,461.8844
2121.0,461.86119999999994
2121.1,461.8428
2121.2,461.81148514851486
2121.3,461.8071
2121.4,461.73900000000003
2121.5,461.75969999999995
2121.6,461.7729702970297
2121.7,461.78399999999993
2121.8,461.7479999999999
2121.9,461.72299999999996
2122.0,461.69920792079205
2122.1,461.7038
2122.2,461.7375999999999
2122.3,461.74309999999997
2122.4,461.80162178217836
2122.5,461.8503683168317
2122.6,461.9211999999998
2122.7,461.9024000000001
2122.8,461.8802019801981
2122.9,461.9002306930694
2123.0,461.90999999999997
2123.1,461.8899
2123.2,461.92019999999985
2123.3,461.9731683168318
2123.4,461.957
2123.5,461.89380000000006
2123.6,461.83066138613873
2123.7,461.8229653465346
2123.8,461.83
2123.9,461.804
2124.0,461.777
2124.1,461.750693069307
2124.2,461.69520000000006
2124.3,461.6507999999999
2124.4,461.6655366336634
2124.5,461.68633663366336
2124.6,461.65850000000006
2124.7,461.6588999999999
2124.8,461.68890000000005
2124.9,461.71247524752476
2125.0,461.7448
2125.1,461.7786
2125.2,461.8024
2125.3,461.76089108910867
2125.4,461.70552277227716
2125.5,461.6839
2125.6,461.71659999999986
2125.7,461.69730000000015
2125.8,461.6579207920792
2125.9,461.65000000000003
2126.0,461.62600000000003
2126.1,461.562
2126.2,461.5478217821782
2126.3,461.57180000000005
2126.4,461.6213000000002
2126.5,461.6382
2126.6,461.63
2126.7,461.6531999999999
2126.8,461.6874
2126.9,461.67679999999996
2127.0,461.6485148514852
2127.1,461.6855999999999
2127.2,461.72569999999996
2127.3,461.73570000000007
2127.4,461.7287128712871
2127.5,461.7088
2127.6,461.68319999999994
2127.7,461.6921782178218
2127.8,461.68853921568626
2127.9,461.70179999999993
2128.0,461.7929702970298
2128.1,461.85519999999997
2128.2,461.86519999999996
2128.3,461.8283999999999
2128.4,461.779702970297
2128.5,461.75980000000004
2128.6,461.74490000000003
2128.7,461.7043
2128.8,461.62455445544526
2128.9,461.50999999999965
2129.0,461.43
2129.1,461.425
2129.2,461.41544554455464
2129.3,461.448899009901
2129.4,461.53430000000003
2129.5,461.5847
2129.6,461.57089108910895
2129.7,461.5687999999999
2129.8,461.6
2129.9,461.6
2130.0,461.5809900990099
2130.1,461.4894999999999
2130.2,461.4147
2130.3,461.3588999999999
2130.4,461.2667326732673
2130.5,461.19400000000013
2130.6,461.14459999999997
2130.7,461.1408
2130.8,461.1392000000001
2130.9,461.1408910891089
2131.0,461.10749999999996
2131.1,461.10699999999997
2131.2,461.1265000000001
2131.3,461.119
2131.4,461.1166336633663
2131.5,461.1088
2131.6,461.1332
2131.7,461.12800000000004
2131.8,461.09999999999997
2131.9,461.0741999999999
2132.0,461.0486
2132.1,461.04280000000006
2132.2,461.0114000000001
2132.3,460.9914
2132.4,461.0225742574258
2132.5,461.0758
2132.6,461.0742
2132.7,461.059
2132.8,461.04260000000005
2132.9,461.07663366336635
2133.0,461.0877
2133.1,461.1191999999997
2133.2,461.19819999999993
2133.3,461.2181188118812
2133.4,461.218
2133.5,461.2
2133.6,461.192
2133.7,461.20799999999986
2133.8,461.24199999999996
2133.9,461.2062376237623
2134.0,461.1583
2134.1,461.1283000000001
2134.2,461.1139
2134.3,461.1045544554455
2134.4,461.07613861386136
2134.5,461.0738
2134.6,461.09900000000005
2134.7,461.11480000000006
2134.8,461.071
2134.9,461.05881188118815
2135.0,461.1011
2135.1,461.1163
2135.2,461.10260000000005
2135.3,461.1046534653466
2135.4,461.1372
2135.5,461.14279999999997
2135.6,461.11920000000003
2135.7,461.1143999999999
2135.8,461.11861386138605
2135.9,461.08
2136.0,461.06950000000006
2136.1,461.03613861386145
2136.2,461.00660000000005
2136.3,461.0068
2136.4,461.0098
2136.5,461.00020000000006
2136.6,461.02336633663367
2136.7,461.0234
2136.8,461.00669999999997
2136.9,460.9934
2137.0,460.98980198019797
2137.1,461.0132
2137.2,461.0423999999998
2137.3,461.07079999999985
2137.4,461.0236633663366
2137.5,461.0162
2137.6,461.0548
2137.7,461.0852
2137.8,461.04546930693084
2137.9,461.0830693069307
2138.0,461.078
2138.1,461.0559999999999
2138.2,461.0581188118813
2138.3,461.0416
2138.4,461.0758
2138.5,461.0697
2138.6,461.0171287128713
2138.7,461.02679999999987
2138.8,461.0840000000002
2138.9,461.1061386138613
2139.0,466.1433000000128
2139.1,497.4424000000445
2139.2,560.5940999999684
2139.3,619.9830693070166
2139.4,682.7956000001211
2139.5,742.7497999999205
2139.6,800.5467326731604
2139.7,857.4199999998029
2139.8,915.707500000068
2139.9,975.475000000068
2140.0,1029.5895297030117
2140.1,1055.8819603960364
2140.2,1050.390000000004
2140.3,1046.4975999999929
2140.4,1044.9687999999978
2140.5,1047.0052475247512
2140.6,1047.7714999999998
2140.7,1049.5027999999784
2140.8,1054.599599999996
2140.9,1053.8400000000056
2141.0,1059.0511999999974
2141.1,1064.159799999999
2141.2,1066.806399999998
2141.3,1071.0961386138729
2141.4,1073.7406000000017
2141.5,1071.4379999999846
2141.6,1060.9801999999909
2141.7,1064.199702970292
2141.8,1065.234
2141.9,1064.588
2142.0,1067.664
2142.1,1075.914851485134
2142.2,1104.809799999999
2142.3,1105.815000000009
2142.4,1109.1744000000044
2142.5,1111.599999999998
2142.6,1112.8558415841549
2142.7,1114.3102000000008
2142.8,1111.6479999999988
2142.9,1109.7146000000012
2143.0,1110.5904950495044
2143.1,1097.9001000000692
2143.2,1061.6160000000018
2143.3,1060.5264999999984
2143.4,1059.9185148514828
2143.5,1059.538000000002
2143.6,1061.4316
2143.7,1054.6140000001503
2143.8,1019.8910891089109
2143.9,1020.2574999999977
2144.0,1022.4904999999964
2144.1,1025.0900000000013
2144.2,1024.1487128712863
2144.3,1024.3703999999977
2144.4,1023.1266000000016
2144.5,1022.5309900989973
2144.6,1021.6401999999518
2144.7,1080.0369000000155
2144.8,1060.3150495049554
2144.9,1061.0547999999933
2145.0,1058.1152000000036
2145.1,1060.1172000000079
2145.2,1057.612862376235
2145.3,1060.6287999999993
2145.4,1062.7793000000013
2145.5,1058.0747999999999
2145.6,1058.4926079207928
2145.7,1057.021445544553
2145.8,1056.7439999999813
2145.9,1049.3410000000008
2146.0,1049.2029999999925
2146.1,1043.9886138614158
2146.2,1030.4659000000004
2146.3,1027.068699999997
2146.4,1016.0953000000012
2146.5,1019.8135643564352
2146.6,1009.0588000000151
2146.7,1001.0344000000068
2146.8,996.8911999999785
2146.9,989.7439603960422
2147.0,990.5463999999984
2147.1,988.7650000000026
2147.2,995.2479207921051
2147.3,988.8182000000095
2147.4,991.569799999998
2147.5,990.9789999999991
2147.6,992.0492079207806
2147.7,998.6980000000425
2147.8,987.3735000000113
2147.9,996.3869999999918
2148.0,989.5839702970318
2148.1,991.4963564356394
2148.2,994.2076000000056
2148.3,988.5132000000314
2148.4,997.0105742574301
2148.5,991.8631009901065
2148.6,997.2957000000082
2148.7,994.6344999999935
2148.8,996.6858415841566
2148.9,995.5442000000006
2149.0,994.3835999999976
2149.1,999.3154000000031
2149.2,992.3435999999974
2149.3,997.8258415841415
2149.4,993.6568999999995
2149.5,993.3327999999965
2149.6,991.5496603960595
2149.7,983.5092079207923
2149.8,998.33
2149.9,990.3299999999999
2150.0,993.75
2150.1,994.0899999999999
2150.2,986.6345544554606
2150.3,986.7085000000004
2150.4,982.1361999999885
2150.5,990.4158999999831
2150.6,976.1106930693011
2150.7,989.9319999999424
2150.8,987.4465999999987
2150.9,991.9401108911002
2151.0,995.0865277227679
2151.1,975.1107000000329
2151.2,997.6632999999621
2151.3,985.1976999999599
2151.4,998.0914851485284
2151.5,994.5311999999961
2151.6,996.9904000000024
2151.7,999.1159999999926
2151.8,992.2708910890851
2151.9,1004.5354999999879
2152.0,1000.7065000000055
2152.1,1006.8001980197816
2152.2,1003.6844000000119
2152.3,1002.143999999998
2152.4,1004.3288435643547
2152.5,997.1624871287183
2152.6,1003.6872999999948
2152.7,1000.7139000000026
2152.8,1006.0852475247646
2152.9,996.9099999999809
2153.0,990.1359999999881
2153.1,995.4711999999848
2153.2,985.960198019807
2153.3,999.8949000000031
2153.4,994.0172000000018
2153.5,1002.6893089108776
2153.6,1013.942613861373
2153.7,1013.481000000004
2153.8,1014.912000000004
2153.9,1012.6771980198012
2154.0,1019.8379821782196
2154.1,1024.2132000000008
2154.2,1028.9565000000011
2154.3,1022.031799999994
2154.4,1017.3473267326631
2154.5,1024.4871999999891
2154.6,1004.9644000000425
2154.7,1008.6543999999866
2154.8,1007.911999999995
2154.9,1007.1775960396037
2155.0,1007.238800990099
2155.1,997.3245999999922
2155.2,998.3281999999906
2155.3,994.0976999999964
2155.4,995.2109000000014
2155.5,997.0046534653445
2155.6,993.474600000006
2155.7,992.3440000000008
2155.8,981.3809999999596
2155.9,988.0809999999929
2156.0,984.9386138613821
2156.1,988.0175000000052
2156.2,988.8784999999995
2156.3,983.7079999999931
2156.4,987.7540000000066
2156.5,981.4007920792128
2156.6,990.7583999999885
2156.7,989.3308000000038
2156.8,991.6016000000126
2156.9,950.5841584157457
2157.0,953.2920000000213
2157.1,947.7265000000207
2157.2,953.1791089108649
2157.3,949.4829346534661
2157.4,941.7772000000036
2157.5,955.8033999999915
2157.6,960.3561999999994
2157.7,964.0929702970208
2157.8,953.6976999999716
2157.9,990.4846000000996
2158.0,1009.198900000024
2158.1,1009.7599009900982
2158.2,1010.4780000000001
2158.3,1015.4560000000054
2158.4,1012.446
2158.5,1014.912
2158.6,1008.0989108911047
2158.7,1013.2531999999815
2158.8,1012.0868999999902
2158.9,1011.3411000000002
2159.0,1011.6259405940598
2159.1,1007.6517999999976
2159.2,1009.6923999999874
2159.3,1004.6619999999965
2159.4,1012.4391980198085
2159.5,1012.6695811881223
2159.6,1012.981799999998
2159.7,1015.5922999999952
2159.8,1008.6562376237486
2159.9,1012.1244000000071
2160.0,1010.3599999999957
2160.1,1018.7656000000114
2160.2,1020.3352475247538
2160.3,1028.5750000000396
2160.4,1025.24
2160.5,1027.4724999999935
2160.6,1035.4075247524522
2160.7,1031.7178000000256
2160.8,1040.8632000000207
2160.9,1043.5667999999978
2161.0,1042.5145544554457
2161.1,1037.9246000000041
2161.2,1041.3980999999953
2161.3,1029.4175891089003
2161.4,1028.7548475247597
2161.5,1031.9100000000035
2161.6,1034.968399999995
2161.7,1040.8516831683105
2161.8,1038.257599999993
2161.9,1042.282999999998
2162.0,1046.3797999999995
2162.1,1048.8625742574216
2162.2,1052.972999999989
2162.3,1060.283000000019
2162.4,1059.8669999999904
2162.5,1058.0763366336628
2162.6,1058.3506000000002
2162.7,1059.4079999999965
2162.8,1061.712546534654
2162.9,1061.057136633659
2163.0,1058.7928000000009
2163.1,1058.9031999999977
2163.2,1061.7479999999935
2163.3,1058.0861386138517
2163.4,1059.736500000004
2163.5,1064.574300000003
2163.6,1065.5544999999995
2163.7,1066.4146534653455
2163.8,1070.5702000000174
2163.9,1071.1099999999997
2164.0,1073.5385999999937
2164.1,1072.3482000000058
2164.2,1072.6787999999963
2164.3,1070.7343564356356
2164.4,1068.9924999999996
2164.5,1068.4994999999994
2164.6,1076.6264999999767
2164.7,1084.6882178217722
2164.8,1085.959599999996
2164.9,1083.3903999999975
2165.0,1084.7875999999962
2165.1,1087.159801980195
2165.2,1085.8467000000087
2165.3,1084.379399999999
2165.4,1082.8584999999966
2165.5,1081.3502999999982
2165.6,1066.6133663366265
2165.7,1055.5844000000018
2165.8,1055.4182000000028
2165.9,1056.7841999999996
2166.0,1055.0530000000015
2166.1,1053.4116831683177
2166.2,1055.4247999999907
2166.3,1057.5493000000024
2166.4,1056.4893999999952
2166.5,1056.6706999999988
2166.6,1056.6269306930706
2166.7,1056.318
2166.8,1054.841999999995
2166.9,1047.056
2167.0,1040.3285148514897
2167.1,1036.766300000007
2167.2,1030.6636000000162
2167.3,1023.9897999999855
2167.4,1013.0118999999636
2167.5,1008.2392079207948
2167.6,1001.7165999999941
2167.7,993.4874000000108
2167.8,992.5426000000009
2167.9,991.888415841586
2168.0,994.7514999999889
2168.1,992.746800000014
2168.2,994.4519999999848
2168.3,993.5290099009742
2168.4,992.3740000000043
2168.5,994.2163999999996
2168.6,994.0820000000001
2168.7,994.9406930693065
2168.8,988.4429999999559
2168.9,989.0110000000105
2169.0,989.0058514851453
2169.1,984.7901584158419
2169.2,984.2758000000039
2169.3,985.0978000000035
2169.4,990.1680000000098
2169.5,989.7427722772259
2169.6,990.1098999999954
2169.7,991.4332000000023
2169.8,992.4789000000073
2169.9,995.467227722773
2170.0,994.5391999999949
2170.1,995.4619999999976
2170.2,993.2808000000224
2170.3,995.0651485148599
2170.4,999.1340000000006
2170.5,996.2382000000008
2170.6,995.3429999999998
2170.7,994.8741584158444
2170.8,996.405000000012
2170.9,997.7349999999942
2171.0,999.25
2171.1,999.4757425742628
2171.2,998.9471999999915
2171.3,1001.6396000000002
2171.4,999.817999999999
2171.5,1004.6035643564244
2171.6,1008.2384000000154
2171.7,1005.8231999999925
2171.8,1009.9996000000117
2171.9,1005.846930693046
2172.0,1005.3383000000094
2172.1,1006.4724999999909
2172.2,1004.1734999999853
2172.3,1006.6846999999959
2172.4,1005.7529702970284
2172.5,1005.3860000000087
2172.6,1000.0486000000055
2172.7,997.6284000000005
2172.8,992.9075247524534
2172.9,992.8880000000133
2173.0,997.5639999999953
2173.1,996.1709900990103
2173.2,995.5008000000036
2173.3,991.0427999999916
2173.4,990.9903999999941
2173.5,993.0596039603954
2173.6,994.4912999999971
2173.7,995.9986000000206
2173.8,993.2111000000045
2173.9,993.99811881188
2174.0,990.7292000000024
2174.1,991.9991999999953
2174.2,992.9280891089268
2174.3,990.4856762376459
2174.4,1002.146100000025
2174.5,1008.8743999999998
2174.6,1008.6974257425724
2174.7,1007.3320000000095
2174.8,1007.346
2174.9,1012.2882178217826
2175.0,1012.5015
2175.1,1013.1509999999962
2175.2,1013.7874000000028
2175.3,1013.9160396039645
2175.4,1002.4049999999844
2175.5,985.7528000000054
2175.6,992.0253999999985
2175.7,991.884752475246
2175.8,996.2198000000104
2175.9,996.7664999999942
2176.0,996.4716831683122
2176.1,998.461200000005
2176.2,996.5199999999754
2176.3,1000.076799999998
2176.4,998.6983999999999
2176.5,998.7633663366337
2176.6,996.3670000000084
2176.7,992.794999999996
2176.8,990.8249504950168
2176.9,986.5804000000152
2177.0,993.2781999999976
2177.1,992.7729999999997
2177.2,994.649108910887
2177.3,993.6517999999846
2177.4,992.662399999993
2177.5,997.2895000000046
2177.6,995.8399009900861
2177.7,1006.8315999999616
2177.8,1016.779200000002
2177.9,1020.4408000000167
2178.0,1024.250396039595
2178.1,1021.0669999999985
2178.2,1023.4580000000016
2178.3,1019.8044000000123
2178.4,1023.2783009900986
2178.5,1023.524009900992
2178.6,1021.9999999999948
2178.7,1018.5130000000386
2178.8,1008.3219801980292
2178.9,1009.1715999999974
2179.0,1000.5460999999992
2179.1,1000.6173000000017
2179.2,1002.3671000000131
2179.3,997.3400990099124
2179.4,1002.1827999999799
2179.5,994.9499999999827
2179.6,1000.3172000000096
2179.7,995.5680198019884
2179.8,994.9230000000048
2179.9,997.5407999999939
2180.0,995.2660000000108
2180.1,1003.3755445544538
2180.2,996.9669999999844
2180.3,1005.2059999999971
2180.4,1004.6815841584173
2180.5,1005.3600000000013
2180.6,1000.74
2180.7,974.0125000001424
2180.8,928.607499999936
2180.9,875.8324752474982
2181.0,828.5240000000583
2181.1,769.0276000000407
2181.2,720.502000000055
2181.3,662.7999999998456
2181.4,612.9604999999162
2181.5,559.5560999999695
2181.6,507.14280000012013
2181.7,473.80990000002623
2181.8,466.83198019801904
2181.9,466.28600000000006
2182.0,466.08600000000007
2182.1,465.90360000000004
2182.2,465.7642574257428
2182.3,465.5621999999996
2182.4,465.40319999999986
2182.5,465.3170247524751
2182.6,465.21784158415846
2182.7,465.1500000000001
2182.8,465.052
2182.9,464.9582178217822
2183.0,464.83580000000035
2183.1,464.65200000000044
2183.2,464.46340000000026
2183.3,464.3405940594058
2183.4,464.2838
2183.5,464.19379999999995
2183.6,464.1057425742574
2183.7,464.02470000000017
2183.8,463.9431999999999
2183.9,463.90489999999994
2184.0,463.861485148515
2184.1,463.7684
2184.2,463.76479999999987
2184.3,463.7819999999999
2184.4,463.7271999999999
2184.5,463.64559999999994
2184.6,463.57
2184.7,463.57
2184.8,463.55649999999974
2184.9,463.4695594059407
2185.0,463.4173405940594
2185.1,463.453
2185.2,463.41139999999996
2185.3,463.4172277227722
2185.4,463.3883000000001
2185.5,463.31519999999995
2185.6,463.3474
2185.7,463.32871287128717
2185.8,463.31639999999993
2185.9,463.2912
2186.0,463.30480000000006
2186.1,463.3280831683171
2186.2,463.2289118811882
2186.3,463.13120000000004
2186.4,463.0633
2186.5,463.0867
2186.6,463.0621782178218
2186.7,463.0740000000002
2186.8,463.021
2186.9,463.0279999999999
2187.0,463.0060396039603
2187.1,462.97270000000003
2187.2,463.0027
2187.3,463.03267326732674
2187.4,463.0608
2187.5,463.06840000000005
2187.6,463.04520000000014
2187.7,462.9907920792079
2187.8,463.0007
2187.9,463.01
2188.0,463.01140693069306
2188.1,463.0271346534653
2188.2,462.9923999999999
2188.3,463.0324000000001
2188.4,463.06819999999993
2188.5,463.03940594059407
2188.6,463.031
2188.7,463.05099999999993
2188.8,463.068
2188.9,463.02699999999993
2189.0,462.9690099009901
2189.1,462.9492
2189.2,462.92800000000005
2189.3,462.8775999999998
2189.4,462.8176000000001
2189.5,462.7602158415843
2189.6,462.7811999999999
2189.7,462.8217999999998
2189.8,462.87879999999996
2189.9,462.8384999999999
2190.0,462.78999999999996
2190.1,462.7892
2190.2,462.749
2190.3,462.6998
2190.4,462.69
2190.5,462.6892
2190.6,462.6482178217822
2190.7,462.55900594059415
2190.8,462.49010000000004
2190.9,462.50080000000014
2191.0,462.58029603960404
2191.1,462.60990099009905
2191.2,462.55
2191.3,462.59
2191.4,462.65999999999997
2191.5,462.69
2191.6,462.709801980198
2191.7,462.74959999999993
2191.8,462.7401
2191.9,462.79890990099017
2192.0,462.7313960396039
2192.1,462.66139999999996
2192.2,462.71879999999976
2192.3,462.7005940594059
2192.4,462.6611999999999
2192.5,462.6406
2192.6,462.6497
2192.7,462.640396039604
2192.8,462.64
2192.9,462.60159999999996
2193.0,462.6288
2193.1,462.63950495049505
2193.2,462.5830000000001
2193.3,462.5705
2193.4,462.5605
2193.5,462.5882178217822
2193.6,462.6087999999999
2193.7,462.5912000000001
2193.8,462.5806
2193.9,462.58930693069306
2194.0,462.5807
2194.1,462.5056000000001
2194.2,462.4907
2194.3,462.50841584158417
2194.4,462.5468000000001
2194.5,462.5960000000001
2194.6,462.57258217821783
2194.7,462.5336
2194.8,462.5664
2194.9,462.5154
2195.0,462.5280198019802
2195.1,462.5750198019801
2195.2,462.6069999999999
2195.3,462.61
2195.4,462.55653465346535
2195.5,462.54110000000003
2195.6,462.5222
2195.7,462.4933
2195.8,462.4723762376237
2195.9,462.4964000000001
2196.0,462.456
2196.1,462.46759999999995
2196.2,462.52227722772255
2196.3,462.5387
2196.4,462.55740000000003
2196.5,462.56870000000004
2196.6,462.57
2196.7,462.6387999999999
2196.8,462.6414
2196.9,462.6744
2197.0,462.68
2197.1,462.697
2197.2,462.6915
2197.3,462.6645
2197.4,462.71100000000007
2197.5,462.71158415841586
2197.6,462.73519999999996
2197.7,462.7148
2197.8,462.7016831683168
2197.9,462.6584999999999
2198.0,462.61679999999996
2198.1,462.66809999999987
2198.2,462.74574257425735
2198.3,462.76
2198.4,462.71080000000006
2198.5,462.7081188118812
2198.6,462.6695000000001
2198.7,462.6681
2198.8,462.68620000000004
2198.9,462.730099009901
2199.0,462.684
2199.1,462.62199999999996
2199.2,462.54600000000005
2199.3,462.538
2199.4,462.53999999999996
2199.5,462.5321
2199.6,462.55369999999994
2199.7,462.56
2199.8,462.5365346534653
2199.9,462.5222
2200.0,462.5278
2200.1,462.5455227722772
2200.2,462.61159999999984
2200.3,462.5914999999999
2200.4,462.6031000000001
2200.5,462.60237623762373
2200.6,462.5924
2200.7,462.55200000000013
2200.8,462.51719999999995
2200.9,462.5024752475247
2201.0,462.5075
2201.1,462.495
2201.2,462.44500000000005
2201.3,462.4375
2201.4,462.4474257425743
2201.5,462.45
2201.6,462.42780000000005
2201.7,462.44959999999986
2201.8,462.5118000000001
2201.9,462.52267326732675
2202.0,462.52
2202.1,462.53459999999995
2202.2,462.5254
2202.3,462.4983168316831
2202.4,462.51880000000006
2202.5,462.4867999999999
2202.6,462.4628
2202.7,462.4956435643564
2202.8,462.48159999999996
2202.9,462.40610000000004
2203.0,462.32320000000004
2203.1,462.2854485148514
2203.2,462.25885148514857
2203.3,462.20799999999986
2203.4,462.1269999999998
2203.5,462.0237623762375
2203.6,461.9486
2203.7,461.8817000000002
2203.8,461.791
2203.9,461.7941584158417
2204.0,461.8032
2204.1,461.8
2204.2,461.7796000000001
2204.3,461.81039603960403
2204.4,461.83
2204.5,461.84340000000003
2204.6,461.87010000000004
2204.7,461.86673267326734
2204.8,461.9128000000003
2204.9,461.9532
2205.0,461.94020000000006
2205.1,461.93
2205.2,461.9429999999999
2205.3,461.9435
2205.4,461.92049999999995
2205.5,461.90999999999997
2205.6,461.9035643564356
2205.7,461.90639999999996
2205.8,461.8907999999999
2205.9,461.87993663366336
2206.0,461.8547267326732
2206.1,461.86519999999996
2206.2,461.8611000000001
2206.3,461.86833861386134
2206.4,461.8175861386138
2206.5,461.79859999999996
2206.6,461.8286
2206.7,461.82759999999996
2206.8,461.83227722772284
2206.9,461.82779999999997
2207.0,461.8748999999999
2207.1,461.90999999999997
2207.2,461.90999999999997
2207.3,461.90999999999997
2207.4,461.93399999999997
2207.5,461.95
2207.6,461.9501782178218
2207.7,461.9204188118813
2207.8,461.8882
2207.9,461.88
2208.0,461.93309999999997
2208.1,461.9524752475248
2208.2,461.9110000000001
2208.3,461.9132
2208.4,461.9184
2208.5,461.90425742574257
2208.6,461.88290000000006
2208.7,461.89279999999997
2208.8,461.94420000000014
2208.9,461.97
2209.0,461.90160000000014
2209.1,461.83871287128716
2209.2,461.8635999999999
2209.3,461.88439999999997
2209.4,461.8632
2209.5,461.8668
2209.6,461.86879999999996
2209.7,461.87119999999993
2209.8,461.852
2209.9,461.8189108910891
2210.0,461.82649999999995
2210.1,461.8345
2210.2,461.8355
2210.3,461.7959999999997
2210.4,461.77650000000006
2210.5,461.77910891089107
2210.6,461.79159999999996
2210.7,461.7938000000001
2210.8,461.76379999999995
2210.9,461.7608
2211.0,461.77
2211.1,461.7754
2211.2,461.7479207920793
2211.3,461.7571000000001
2211.4,461.7794
2211.5,461.7541
2211.6,461.7612
2211.7,461.79574257425736
2211.8,461.81
2211.9,461.8204
2212.0,461.8248
2212.1,461.79920000000004
2212.2,461.77485148514853
2212.3,461.75469999999996
2212.4,461.7196
2212.5,461.7
2212.6,461.68990099009903
2212.7,461.6700000000001
2212.8,461.69500000000016
2212.9,461.6949999999998
2213.0,461.6550495049505
2213.1,461.6696
2213.2,461.7095999999999
2213.3,461.7105940594059
2213.4,461.7092514851485
2213.5,461.73959999999994
2213.6,461.76439999999997
2213.7,461.7657425742575
2213.8,461.7359
2213.9,461.6871
2214.0,461.65
2214.1,461.61709999999994
2214.2,461.5753465346535
2214.3,461.57460000000003
2214.4,461.63060000000013
2214.5,461.7083999999999
2214.6,461.7116000000001
2214.7,461.68544554455445
2214.8,461.7024455445545
2214.9,461.7750000000001
2215.0,461.83
2215.1,461.8345
2215.2,461.8489108910891
2215.3,461.86
2215.4,461.8028000000001
2215.5,461.7080000000001
2215.6,461.68
2215.7,461.6757
2215.8,461.6657
2215.9,461.6341999999999
2216.0,461.6
2216.1,461.60839999999996
2216.2,461.61580000000004
2216.3,461.6058
2216.4,461.62079207920794
2216.5,461.6541
2216.6,461.6477000000001
2216.7,461.65869999999984
2216.8,461.70820000000003
2216.9,461.7240594059406
2217.0,461.714
2217.1,461.698
2217.2,461.70200000000006
2217.3,461.70584158415846
2217.4,461.76510000000025
2217.5,461.8122
2217.6,461.78830000000005
2217.7,461.73138613861414
2217.8,461.6624
2217.9,461.6386
2218.0,461.58199999999994
2218.1,461.4937762376238
2218.2,461.43143762376246
2218.3,461.4185000000001
2218.4,461.43519999999995
2218.5,461.4026
2218.6,461.42699999999985
2218.7,461.53396039603933
2218.8,461.6028
2218.9,461.59720000000004
2219.0,461.62440000000004
2219.1,461.6608
2219.2,461.67287128712877
2219.3,461.61449999999957
2219.4,461.5089999999999
2219.5,461.4455000000001
2219.6,461.39300000000003
2219.7,461.3418118811883
2219.8,461.2427999999999
2219.9,461.18319999999994
2220.0,461.15639999999996
2220.1,461.1469663366337
2220.2,461.16006732673276
2220.3,461.12
2220.4,461.11346534653467
2220.5,461.0934653465347
2220.6,461.0608000000002
2220.7,461.01360000000005
2220.8,461.01584158415847
2220.9,461.04690000000005
2221.0,461.0245
2221.1,460.9838
2221.2,460.9824
2221.3,461.01306930693073
2221.4,461.02600000000007
2221.5,461.04
2221.6,461.0162079207922
2221.7,460.9713891089109
2221.8,460.9855
2221.9,460.9529
2222.0,460.9774
2222.1,461.02287128712874
2222.2,461.01880000000006
2222.3,460.98439999999994
2222.4,460.9672
2222.5,460.9684
2222.6,461.009405940594
2222.7,461.04650000000004
2222.8,461.0046
2222.9,460.9792
2223.0,460.9553465346535
2223.1,460.9752
2223.2,460.99
2223.3,460.9874
2223.4,460.9982000000001
2223.5,461.03970297029707
2223.6,461.0025
2223.7,460.98499999999996
2223.8,460.9975
2223.9,460.99
2224.0,460.98280000000005
2224.1,460.95040000000006
2224.2,460.9344
2224.3,460.99200000000013
2224.4,461.0181188118812
2224.5,460.97540000000004
2224.6,460.9737999999998
2224.7,461.02459999999996
2224.8,461.03999999999996
2224.9,461.04455445544556
2225.0,461.05780000000004
2225.1,461.0412
2225.2,460.9968
2225.3,460.94562178217814
2225.4,460.92346534653467
2225.5,460.90840000000003
2225.6,460.9379
2225.7,460.9237000000001
2225.8,460.89792079207916
2225.9,460.892
2226.0,460.90999999999997
2226.1,460.9638613861386
2226.2,461.01430000000005
2226.3,460.9976000000001
2226.4,461.0357000000001
2226.5,461.05247524752485
2226.6,461.0146
2226.7,460.99
2226.8,460.9918
2226.9,460.9964356435644
2227.0,460.9783
2227.1,460.9683
2227.2,460.9701999999999
2227.3,461.0250495049506
2227.4,461.0516
2227.5,461.0568
2227.6,461.0432
2227.7,461.0631683168316
2227.8,461.07849999999996
2227.9,461.06250000000006
2228.0,461.01554455445546
2228.1,460.99
2228.2,460.99
2228.3,460.98299999999995
2228.4,460.94277227722773
2228.5,460.9587
2228.6,460.93700000000007
2228.7,460.8526
2228.8,460.8777227722774
2228.9,460.92879999999997
2229.0,460.92480000000006
2229.1,460.95760000000007
2229.2,460.94
2229.3,460.9411
2229.4,460.94780000000003
2229.5,460.92455445544556
2229.6,460.8849999999999
2229.7,460.931
2229.8,460.9349999999999
2229.9,460.8909900990099
2230.0,460.9
2230.1,460.9009
2230.2,460.9073
2230.3,460.8817821782178
2230.4,460.89679999999987
2230.5,460.8624
2230.6,460.88840792079213
2230.7,464.13729306922306
2230.8,506.79010000004394
2230.9,570.7567000000395
2231.0,628.4607920792383
2231.1,684.7177999999242
2231.2,740.6957999999162
2231.3,802.1273267328613
2231.4,863.3795000000653
2231.5,920.9420000000692
2231.6,981.5110000000503
2231.7,1034.8322772276786
2231.8,1047.6387999999913
2231.9,1045.2335999999993
2232.0,1045.8183999999994
2232.1,1046.1464000000026
2232.2,1043.709900990092
2232.3,1050.7129999999984
2232.4,1049.8970000000031
2232.5,1051.7269306930687
2232.6,1051.3593999999987
2232.7,1054.4685999999954
2232.8,1064.3184000000238
2232.9,1070.1906930693056
2233.0,1073.7310000000082
2233.1,1077.8717999999797
2233.2,1085.8421000000321
2233.3,1073.1678217821757
2233.4,1071.95
2233.5,1073.24
2233.6,1071.78
2233.7,1066.8
2233.8,1078.6019801980494
2233.9,1100.3020000000547
2234.0,1101.470399999998
2234.1,1099.3515000000043
2234.2,1097.6440594059475
2234.3,1096.8455999999996
2234.4,1104.5132000000035
2234.5,1099.8385999999978
2234.6,1101.4962376237597
2234.7,1105.0128999999943
2234.8,1095.934099999972
2234.9,1061.6902999998965
2235.0,1060.649603960396
2235.1,1059.8243999999993
2235.2,1063.0443999999884
2235.3,1060.3479999999975
2235.4,1062.1785148514832
2235.5,1080.747999999978
2235.6,1086.1469999999947
2235.7,1084.477836633669
2235.8,1085.4410772277242
2235.9,1082.689999999996
2236.0,1078.0261999999934
2236.1,1080.8372534653452
2236.2,1084.3620960396015
2236.3,1075.5703999999625
2236.4,1070.4260000000017
2236.5,1059.3020000000079
2236.6,1053.2322772277373
2236.7,1054.6107999999947
2236.8,1054.7976
2236.9,1056.796400000004
2237.0,1056.8135999999997
2237.1,1053.6665346534655
2237.2,1050.0658000000008
2237.3,1049.2486
2237.4,1053.6589999999987
2237.5,1054.5185999999999
2237.6,1053.5779207920814
2237.7,1047.9440000000138
2237.8,1045.2419999999947
2237.9,1029.282277227715
2238.0,1032.5042000000012
2238.1,1026.3937999999985
2238.2,1021.679599999999
2238.3,1019.3054455445481
2238.4,1005.4187999999576
2238.5,1000.224800000005
2238.6,994.89480000001
2238.7,999.9804950494814
2238.8,990.2681999999916
2238.9,996.9811000000064
2239.0,993.182699999996
2239.1,991.1465346534669
2239.2,990.3208000000011
2239.3,983.477599999975
2239.4,995.8774019802203
2239.5,994.0981980197967
2239.6,994.9765000000021
2239.7,995.7869999999983
2239.8,995.0973267326704
2239.9,997.8479999999994
2240.0,991.6380000000074
2240.1,998.6995999999909
2240.2,995.6907920792222
2240.3,996.7354000000038
2240.4,995.8368999999975
2240.5,987.1205999999838
2240.6,993.4492999999788
2240.7,990.7856435643611
2240.8,996.3690000000029
2240.9,995.8484000000011
2241.0,996.0739702970299
2241.1,994.3960326732714
2241.2,988.9642000000156
2241.3,999.72130000003
2241.4,995.6430999999826
2241.5,1000.8147524752509
2241.6,999.986
2241.7,998.12
2241.8,996.0538811881139
2241.9,986.0188178217514
2242.0,995.762399999983
2242.1,992.9628000000157
2242.2,1001.003799999975
2242.3,986.9799999999811
2242.4,988.9744000000038
2242.5,998.7414000000047
2242.6,996.0013999999971
2242.7,1004.8558415841435
2242.8,1002.0356999999776
2242.9,1001.2525000000037
2243.0,997.4320118811823
2243.1,993.4873188118775
2243.2,993.5747999999969
2243.3,991.6811999999974
2243.4,999.4026732673196
2243.5,996.0650000000091
2243.6,997.3674999999951
2243.7,996.8075000000024
2243.8,995.2374999999954
2243.9,998.501485148524
2244.0,991.8837999999855
2244.1,1002.2475999999645
2244.2,1005.676000000005
2244.3,1007.6724000000045
2244.4,1005.0910891089114
2244.5,1002.2705000000014
2244.6,1003.4492999999984
2244.7,997.9534000000058
2244.8,1008.6302000000096
2244.9,1009.8503000000034
2245.0,1009.6468999999988
2245.1,1007.6025742574329
2245.2,1014.5655999999701
2245.3,1020.736000000008
2245.4,1022.6672000000018
2245.5,1019.5443999999914
2245.6,1019.9879207920801
2245.7,1020.5864
2245.8,1016.1876999999932
2245.9,1014.6016999999999
2246.0,1016.9224752475194
2246.1,1017.4500000000013
2246.2,1000.4070000000547
2246.3,992.7599999999986
2246.4,986.8205940593989
2246.5,990.8319000000022
2246.6,988.3634999999982
2246.7,991.850199999975
2246.8,991.799529702964
2246.9,988.2403445544455
2247.0,988.7071999999991
2247.1,985.4941621621717
2247.2,989.8209729729535
2247.3,989.0749999999689
2247.4,988.0142000000022
2247.5,988.3456435643573
2247.6,986.5788
2247.7,989.3475999999919
2247.8,984.8659999999893
2247.9,987.6660000000131
2248.0,989.4334653465365
2248.1,990.2624999999907
2248.2,991.7575000000045
2248.3,987.4389999999842
2248.4,988.6875000000055
2248.5,989.2045544554446
2248.6,994.8875999999848
2248.7,997.0826000000249
2248.8,997.3834000000098
2248.9,1000.1117742574243
2249.0,999.5923831683176
2249.1,1002.4690999999962
2249.2,1002.9200000000028
2249.3,1008.2427000000198
2249.4,1012.6075514850797
2249.5,1007.9248792078703
2249.6,1002.6528000000029
2249.7,997.9584000000111
2249.8,1000.581200000016
2249.9,1000.8559405940535
2250.0,1005.4888999999962
2250.1,1009.1595000000019
2250.2,1007.6321999999988
2250.3,1007.998514851471
2250.4,1002.9349999999868
2250.5,1004.185
2250.6,1004.1600000000191
2250.7,1007.2299999999669
2250.8,1010.0543564356323
2250.9,1007.3087000000008
2251.0,1006.1611999999986
2251.1,1001.3592999999992
2251.2,1000.4396039603947
2251.3,998.675199999985
2251.4,1004.1044000000095
2251.5,1005.7796000000277
2251.6,1005.9479999999693
2251.7,1012.9896039604059
2251.8,1014.7231000000054
2251.9,1022.6505000000055
2252.0,1025.616399999998
2252.1,1032.4383168316785
2252.2,1042.770599999998
2252.3,1049.840800000043
2252.4,1052.6119999999894
2252.5,1052.2925999999852
2252.6,1056.044059405951
2252.7,1051.1695000000182
2252.8,1048.7055000000012
2252.9,1049.6074158415845
2253.0,1050.6390851484737
2253.1,1053.6471999999962
2253.2,1057.8387999999961
2253.3,1056.7143564356215
2253.4,1054.1767000000075
2253.5,1058.8624000000075
2253.6,1063.0994999999987
2253.7,1068.7239237623517
2253.8,1073.17927920792
2253.9,1068.7214000000045
2254.0,1064.725199999998
2254.1,1065.1629702970356
2254.2,1062.7077999999985
2254.3,1065.2845000000111
2254.4,1067.9464999999973
2254.5,1066.3176999999996
2254.6,1060.2690099010076
2254.7,1052.4900000000032
2254.8,1053.754
2254.9,1058.552
2255.0,1060.106
2255.1,1061.662871287124
2255.2,1064.5621000000033
2255.3,1061.867899999989
2255.4,1058.3514999999945
2255.5,1058.0820722772323
2255.6,1061.436758415844
2255.7,1062.0440000000071
2255.8,1058.7912000000003
2255.9,1058.2087999999987
2256.0,1055.5543564356444
2256.1,1055.398199999994
2256.2,1058.751299999996
2256.3,1061.9628000000132
2256.4,1064.2937999999986
2256.5,1064.4671287128695
2256.6,1069.9919999999922
2256.7,1077.7687999999905
2256.8,1077.4795999999951
2256.9,1073.0435999999975
2257.0,1072.8476237623772
2257.1,1076.1079999999984
2257.2,1076.7755000000004
2257.3,1070.1874999999388
2257.4,1057.6079207920723
2257.5,1053.7444039603874
2257.6,1049.2604000000001
2257.7,1049.4015999999929
2257.8,1051.349200000002
2257.9,1053.3106000000041
2258.0,1054.2458415841563
2258.1,1051.2879000000016
2258.2,1050.3698999999986
2258.3,1051.5616999999988
2258.4,1050.6416831683166
2258.5,1049.6036000000001
2258.6,1048.6628000000107
2258.7,1040.6292000000456
2258.8,1029.1405940594054
2258.9,1025.4672000000025
2259.0,1017.2997000000005
2259.1,1012.1906000000026
2259.2,1003.6633663366348
2259.3,1001.793999999993
2259.4,995.6809999999697
2259.5,986.3950000000002
2259.6,984.2710000000169
2259.7,982.9165346534285
2259.8,990.1929999999985
2259.9,987.8341000000016
2260.0,992.7837999999999
2260.1,991.5207920792088
2260.2,990.221999999997
2260.3,989.4779999999811
2260.4,988.4412000000204
2260.5,997.9060000000042
2260.6,996.6381188118796
2260.7,997.3746000000006
2260.8,995.3555999999969
2260.9,992.8442000000024
2261.0,992.9159405940582
2261.1,988.8445999999861
2261.2,995.4068000000052
2261.3,993.5524000000119
2261.4,996.2582178217816
2261.5,994.7224999999938
2261.6,991.8375
2261.7,993.7600000000225
2261.8,990.7459405940642
2261.9,996.3048000000009
2262.0,995.2480000000012
2262.1,994.9919999999971
2262.2,996.5588000000027
2262.3,994.9261386138712
2262.4,995.6018999999881
2262.5,992.0373000000052
2262.6,998.8104594059458
2262.7,995.4243128712918
2262.8,990.8126000000103
2262.9,990.4796000000061
2263.0,984.3135643564183
2263.1,997.5669000000228
2263.2,993.7215999999601
2263.3,1005.5991999999928
2263.4,1001.3134653465229
2263.5,996.71
2263.6,998.65
2263.7,992.0019999999746
2263.8,1011.9939999999999
2263.9,1003.0860396039592
2264.0,1004.4037000000118
2264.1,998.7382000000107
2264.2,993.7709000000079
2264.3,990.0819801980139
2264.4,989.8930000000054
2264.5,998.5749999999974
2264.6,995.1416000000033
2264.7,999.8857425742567
2264.8,993.7315999999807
2264.9,988.9711000000084
2265.0,990.8036000000126
2265.1,986.5157425742314
2265.2,997.1988000000139
2265.3,994.9948000000057
2265.4,999.7691999999972
2265.5,996.0025742574217
2265.6,990.2899999999975
2265.7,991.5120000000048
2265.8,989.328000000027
2265.9,997.246138613864
2266.0,995.838600000015
2266.1,1006.8804000000082
2266.2,1015.6350000000232
2266.3,1010.2512000000083
2266.4,1014.602574257419
2266.5,1010.1704999999947
2266.6,1017.5914999999968
2266.7,1021.6539999999995
2266.8,1021.6472277227529
2266.9,1016.2671999999907
2267.0,1012.0480000000036
2267.1,1012.0229702970819
2267.2,993.0903999999989
2267.3,995.020799999999
2267.4,998.9509999999997
2267.5,1000.4854455445522
2267.6,1004.1240000000206
2267.7,996.2639999999933
2267.8,998.4789999999902
2267.9,995.0079207920876
2268.0,999.0503000000008
2268.1,1001.4962999999977
2268.2,993.2168999999984
2268.3,1000.0510891089067
2268.4,991.7976000000035
2268.5,992.9980000000036
2268.6,991.3491999999977
2268.7,992.882079207911
2268.8,997.1424999999971
2268.9,993.7927000000059
2269.0,1000.887199999991
2269.1,989.3927722772327
2269.2,997.7364000000035
2269.3,995.9462000000327
2269.4,1006.4738613861832
2269.5,1019.9679999999923
2269.6,1014.1495000000124
2269.7,1027.1859999999913
2269.8,1029.3829999999955
2269.9,1025.4073267326685
2270.0,1020.8240000000027
2270.1,1018.1707999999969
2270.2,1021.4807999999961
2270.3,1025.7384000000136
2270.4,1028.6869306930867
2270.5,1008.0102000000006
2270.6,1008.3109000000029
2270.7,1006.9668000000397
2270.8,994.2671287128885
2270.9,1005.0736000000047
2271.0,995.3611999999908
2271.1,1014.929400000002
2271.2,1010.5169306930686
2271.3,1011.7993999999896
2271.4,1006.7138999999845
2271.5,999.3052475247778
2271.6,1011.83
2271.7,1001.3299999999999
2271.8,1013.77
2271.9,1011.6700000000001
2272.0,1010.5465346534646
2272.1,1006.9361564356509
2272.2,997.5643000000192
2272.3,1006.6671000000231
2272.4,978.1088118811738
2272.5,935.0077999999804
2272.6,873.801399999972
2272.7,828.9306000001782
2272.8,768.9655999999726
2272.9,719.5459405939176
2273.0,663.9052000000813
2273.1,611.9355000000826
2273.2,566.497200000072
2273.3,509.7731683167751
2273.4,473.1315999999674
2273.5,466.64079999999524
2273.6,466.0939999999997
2273.7,465.8518811881191
2273.8,465.6499999999993
2273.9,465.5070000000001
2274.0,465.2930693069304
2274.1,465.1672000000003
2274.2,465.15999999999997
2274.3,465.12239999999997
2274.4,465.09198613861383
2274.5,465.11793465346534
2274.6,465.1758
2274.7,465.09630000000004
2274.8,465.0248999999997
2274.9,465.0014
2275.0,464.9907920792079
2275.1,464.99
2275.2,465.0175999999999
2275.3,465.02
2275.4,465.0660000000001
2275.5,464.9607643564357
2275.6,464.84990000000005
2275.7,464.9128
2275.8,464.9473
2275.9,464.9318
2276.0,464.90297029702975
2276.1,464.9
2276.2,464.87300000000005
2276.3,464.84299999999996
2276.4,464.75980198019795
2276.5,464.75
2276.6,464.75
2276.7,464.75890000000004
2276.8,464.7066
2276.9,464.6647524752474
2277.0,464.5808000000001
2277.1,464.5788
2277.2,464.59759999999994
2277.3,464.5383999999998
2277.4,464.52973861386135
2277.5,464.5126386138614
2277.6,464.44039999999995
2277.7,464.3865000000002
2277.8,464.3974
2277.9,464.4261
2278.0,464.43
2278.1,464.38700000000006
2278.2,464.3370000000001
2278.3,464.34685940594056
2278.4,464.3415
2278.5,464.34
2278.6,464.3485
2278.7,464.2910891089109
2278.8,464.2631999999999
2278.9,464.344
2279.0,464.35159999999996
2279.1,464.3250495049506
2279.2,464.2785000000001
2279.3,464.2367999999999
2279.4,464.13039999999984
2279.5,464.0684999999999
2279.6,464.0106930693069
2279.7,463.9918
2279.8,463.9244
2279.9,463.77060000000006
2280.0,463.7075247524752
2280.1,463.7081
2280.2,463.6047000000003
2280.3,463.53139999999985
2280.4,463.52801980198024
2280.5,463.514
2280.6,463.502
2280.7,463.5237623762376
2280.8,463.55370000000005
2280.9,463.5521
2281.0,463.54163069306946
2281.1,463.5242693069307
2281.2,463.48880000000014
2281.3,463.4878
2281.4,463.5056
2281.5,463.51
2281.6,463.5254
2281.7,463.50690000000003
2281.8,463.4923762376237
2281.9,463.5128
2282.0,463.52
2282.1,463.5124
2282.2,463.51
2282.3,463.51
2282.4,463.45
2282.5,463.43
2282.6,463.43
2282.7,463.415
2282.8,463.42485148514857
2282.9,463.4226
2283.0,463.3459999999999
2283.1,463.3052
2283.2,463.2853465346535
2283.3,463.2727
2283.4,463.22620000000006
2283.5,463.2027
2283.6,463.2073
2283.7,463.21000000000004
2283.8,463.1232673267324
2283.9,463.06839999999994
2284.0,463.0311999999999
2284.1,463.0344
2284.2,463.0903999999998
2284.3,463.0595999999999
2284.4,463.03999999999996
2284.5,463.0328712871287
2284.6,463.05129999999997
2284.7,462.9961
2284.8,462.9629
2284.9,463.0232673267328
2285.0,463.03600000000006
2285.1,463.044
2285.2,463.02200000000005
2285.3,463.0446534653466
2285.4,463.129
2285.5,463.16
2285.6,463.10479999999995
2285.7,463.1006999999999
2285.8,463.130495049505
2285.9,463.0923999999998
2286.0,463.0836
2286.1,463.1036
2286.2,463.08306930693084
2286.3,463.0767
2286.4,463.0465
2286.5,463.0434
2286.6,463.0098
2286.7,462.9431000000002
2286.8,462.9399009900991
2286.9,462.8972
2287.0,462.83700000000005
2287.1,462.7738000000001
2287.2,462.7630693069307
2287.3,462.70499999999987
2287.4,462.63749999999993
2287.5,462.61356435643563
2287.6,462.61
2287.7,462.6228
2287.8,462.59799999999984
2287.9,462.58
2288.0,462.6178000000001
2288.1,462.6526
2288.2,462.6663
2288.3,462.6762376237624
2288.4,462.65520000000004
2288.5,462.6524
2288.6,462.65999999999997
2288.7,462.58633663366356
2288.8,462.5094999999999
2288.9,462.5022
2289.0,462.49780000000004
2289.1,462.4477227722773
2289.2,462.426
2289.3,462.43600000000004
2289.4,462.45799999999997
2289.5,462.4640594059406
2289.6,462.39510000000024
2289.7,462.43849999999964
2289.8,462.51180000000005
2289.9,462.50831683168315
2290.0,462.4942
2290.1,462.4958
2290.2,462.4942
2290.3,462.46122970297023
2290.4,462.42855742574255
2290.5,462.40290000000005
2290.6,462.44699999999983
2290.7,462.47860000000003
2290.8,462.4925742574258
2290.9,462.5212
2291.0,462.56360000000006
2291.1,462.59
2291.2,462.601
2291.3,462.61
2291.4,462.62100000000004
2291.5,462.6463366336634
2291.6,462.62760000000003
2291.7,462.5460000000003
2291.8,462.4892
2291.9,462.5067326732673
2292.0,462.5406
2292.1,462.5553
2292.2,462.5706
2292.3,462.59060000000005
2292.4,462.58950495049504
2292.5,462.5591999999999
2292.6,462.55039999999997
2292.7,462.565097029703
2292.8,462.5546514851485
2292.9,462.5502
2293.0,462.5396
2293.1,462.520100990099
2293.2,462.5148514851485
2293.3,462.5300000000001
2293.4,462.52499999999986
2293.5,462.509900990099
2293.6,462.5347
2293.7,462.5695999999999
2293.8,462.5998
2293.9,462.58574257425744
2294.0,462.5648
2294.1,462.5604000000001
2294.2,462.5930099009899
2294.3,462.6023475247524
2294.4,462.56
2294.5,462.56
2294.6,462.5692138613861
2294.7,462.5525603960397
2294.8,462.49699999999984
2294.9,462.5022000000001
2295.0,462.4986000000001
2295.1,462.44089108910896
2295.2,462.3625000000005
2295.3,462.30232178217824
2295.4,462.33439999999996
2295.5,462.3312
2295.6,462.31120000000004
2295.7,462.30435643564357
2295.8,462.3401000000001
2295.9,462.3714
2296.0,462.3728574257426
2296.1,462.38142772277223
2296.2,462.40779999999995
2296.3,462.44319999999993
2296.4,462.4326
2296.5,462.4250495049506
2296.6,462.38180000000006
2296.7,462.40279999999984
2296.8,462.42548118811874
2296.9,462.3858811881188
2297.0,462.392
2297.1,462.422
2297.2,462.44
2297.3,462.4284207920791
2297.4,462.3865999999998
2297.5,462.36560000000003
2297.6,462.39393861386134
2297.7,462.4000613861386
2297.8,462.381
2297.9,462.3652000000001
2298.0,462.41280000000006
2298.1,462.4424752475247
2298.2,462.4078000000001
2298.3,462.37
2298.4,462.41810000000015
2298.5,462.4890099009901
2298.6,462.4772
2298.7,462.4684000000002
2298.8,462.45505742574267
2298.9,462.49649999999997
2299.0,462.47600000000006
2299.1,462.45349999999996
2299.2,462.47749999999996
2299.3,462.50653465346534
2299.4,462.48299999999995
2299.5,462.43639999999994
2299.6,462.4134
2299.7,462.42336633663365
2299.8,462.43
2299.9,462.43
2300.0,462.4234
2300.1,462.41
2300.2,462.39713267326744
2300.3,462.37640000000005
2300.4,462.3739999999999
2300.5,462.3431683168317
2300.6,462.3438
2300.7,462.3455
2300.8,462.38620000000003
2300.9,462.3846534653465
2301.0,462.36493069306937
2301.1,462.40299999999996
2301.2,462.3950000000001
2301.3,462.34799999999996
2301.4,462.3318811881189
2301.5,462.3542
2301.6,462.3284
2301.7,462.2768000000001
2301.8,462.2316
2301.9,462.2829702970297
2302.0,462.3344
2302.1,462.3172
2302.2,462.31280000000004
2302.3,462.3116277227722
2302.4,462.29277227722775
2302.5,462.3027
2302.6,462.3019
2302.7,462.29889999999995
2302.8,462.3446
2302.9,462.3059405940594
2303.0,462.2270000000001
2303.1,462.19259999999997
2303.2,462.21299999999997
2303.3,462.26801980198036
2303.4,462.32
2303.5,462.32
2303.6,462.345
2303.7,462.42247524752474
2303.8,462.4179999999999
2303.9,462.38719999999995
2304.0,462.42679999999996
2304.1,462.46560000000005
2304.2,462.41291881188124
2304.3,462.3807237623762
2304.4,462.3546
2304.5,462.3746
2304.6,462.37861386138627
2304.7,462.329
2304.8,462.29660000000007
2304.9,462.3222
2305.0,462.3256435643565
2305.1,462.29530000000017
2305.2,462.2316000000001
2305.3,462.21470000000016
2305.4,462.27
2305.5,462.26
2305.6,462.222
2305.7,462.23999999999995
2305.8,462.28999999999996
2305.9,462.3240594059406
2306.0,462.3075999999999
2306.1,462.3494999999999
2306.2,462.4070999999998
2306.3,462.47619999999995
2306.4,462.45619999999997
2306.5,462.4381
2306.6,462.4337623762376
2306.7,462.4482
2306.8,462.4418
2306.9,462.4518
2307.0,462.45643564356436
2307.1,462.4383
2307.2,462.4198000000001
2307.3,462.3683
2307.4,462.3549504950494
2307.5,462.33480000000003
2307.6,462.352
2307.7,462.300479207921
2307.8,462.24233168316823
2307.9,462.20599999999996
2308.0,462.23550000000006
2308.1,462.2055445544555
2308.2,462.18
2308.3,462.1856000000001
2308.4,462.22415841584166
2308.5,462.25
2308.6,462.2578
2308.7,462.3139
2308.8,462.34650000000016
2308.9,462.39
2309.0,462.3791999999999
2309.1,462.3012
2309.2,462.31355247524743
2309.3,462.3308475247524
2309.4,462.26
2309.5,462.2567
2309.6,462.23109999999997
2309.7,462.2410891089109
2309.8,462.2459999999999
2309.9,462.20699999999994
2310.0,462.1910000000002
2310.1,462.29
2310.2,462.29179999999997
2310.3,462.3073
2310.4,462.2809
2310.5,462.29356435643564
2310.6,462.3212000000002
2310.7,462.2144000000002
2310.8,462.1468316831682
2310.9,462.10929999999996
2311.0,462.0979
2311.1,462.06229999999994
2311.2,461.9586000000001
2311.3,461.9386138613861
2311.4,461.9194
2311.5,461.90880000000004
2311.6,461.8929643564356
2311.7,461.9438118811878
2311.8,462.02550000000014
2311.9,462.13
2312.0,462.12851485148514
2312.1,462.10119999999995
2312.2,462.1308
2312.3,462.14839999999987
2312.4,462.1068000000001
2312.5,462.0304
2312.6,462.03720000000004
2312.7,461.96722772277235
2312.8,461.8957999999998
2312.9,461.76030000000003
2313.0,461.76970297029703
2313.1,461.76
2313.2,461.7596
2313.3,461.73919999999987
2313.4,461.6996039603961
2313.5,461.6804000000001
2313.6,461.7203999999999
2313.7,461.75970000000007
2313.8,461.730396039604
2313.9,461.77
2314.0,461.72
2314.1,461.71
2314.2,461.7
2314.3,461.70000000000005
2314.4,461.71
2314.5,461.72
2314.6,461.71999999999997
2314.7,461.68039603960403
2314.8,461.6899
2314.9,461.7197000000001
2315.0,461.70020000000005
2315.1,461.6607920792079
2315.2,461.68939999999986
2315.3,461.6704
2315.4,461.7185148514853
2315.5,461.65210000000013
2315.6,461.67909999999995
2315.7,461.71841584158403
2315.8,461.7296
2315.9,461.71079999999995
2316.0,461.7388
2316.1,461.7590099009901
2316.2,461.73150000000004
2316.3,461.6919999999999
2316.4,461.67118811881187
2316.5,461.67
2316.6,461.71699999999987
2316.7,461.65420000000023
2316.8,461.6127722772276
2316.9,461.6007
2317.0,461.58140000000003
2317.1,461.57079207920793
2317.2,461.5883999999999
2317.3,461.6452000000001
2317.4,461.67760000000004
2317.5,461.70760000000007
2317.6,461.60069306930694
2317.7,461.6173
2317.8,461.7019
2317.9,461.6918
2318.0,461.6627
2318.1,461.6873
2318.2,461.66270000000003
2318.3,461.6509900990099
2318.4,461.66800000000006
2318.5,461.64300000000003
2318.6,489.74699999992896
2318.7,547.6979999998615
2318.8,608.0751485148786
2318.9,662.5742000000122
2319.0,722.1659000000137
2319.1,779.3720910891186
2319.2,837.9894732672336
2319.3,899.6540000001692
2319.4,959.7064000001631
2319.5,1018.6896950494335
2319.6,1048.4743524752573
2319.7,1050.7164000000041
2319.8,1045.5126999999961
2319.9,1047.9815841584118
2320.0,1048.0098000000007
2320.1,1037.6788000000163
2320.2,1043.224548514737
2320.3,1046.872707920779
2320.4,1046.3394999999987
2320.5,1043.6879999999967
2320.6,1036.2732673267374
2320.7,1048.5007999999852
2320.8,1054.053600000013
2320.9,1047.6228000000017
2321.0,1055.5133663366464
2321.1,1060.2102999999927
2321.2,1058.8146000000072
2321.3,1059.8708000000026
2321.4,1060.0467326732673
2321.5,1062.2749999999987
2321.6,1068.026199999997
2321.7,1102.4033148513747
2321.8,1109.9302722772063
2321.9,1113.3839000000087
2322.0,1119.0724000000123
2322.1,1121.85732277239
2322.2,1120.9123762376519
2322.3,1124.876000000005
2322.4,1127.67
2322.5,1128.4722772277219
2322.6,1122.5739000000156
2322.7,1083.3365000000977
2322.8,1068.7716999999857
2322.9,1063.673199999988
2323.0,1059.5503960396004
2323.1,1060.1174000000008
2323.2,1063.7179999999873
2323.3,1036.8051999999839
2323.4,1027.6857425742535
2323.5,1028.7498999999991
2323.6,1033.9539999999902
2323.7,1034.2135643564404
2323.8,1037.5892000000044
2323.9,1078.6396000000477
2324.0,1092.3548000000014
2324.1,1090.0308871287148
2324.2,1044.8022524753146
2324.3,1057.1625000001234
2324.4,1062.9850000000001
2324.5,1064.2049999999965
2324.6,1060.8181188118956
2324.7,1062.67302574256
2324.8,1060.7959999999944
2324.9,1059.3673999999994
2325.0,1056.8793999999955
2325.1,1052.826237623763
2325.2,1051.3945000000003
2325.3,1052.5337000000009
2325.4,1050.7165920792036
2325.5,1042.8930257425563
2325.6,1039.4124000000015
2325.7,1028.7204000000393
2325.8,1026.8976000000057
2325.9,1020.4231999999814
2326.0,1022.358000000012
2326.1,1022.2168316831674
2326.2,1010.2417000000036
2326.3,1002.385599999995
2326.4,996.7871000000013
2326.5,998.107920792072
2326.6,996.0750000000107
2326.7,996.5749999999937
2326.8,995.9649999999954
2326.9,996.8331683168335
2327.0,996.5101999999997
2327.1,989.7495999999979
2327.2,993.2303999999733
2327.3,992.2305940593951
2327.4,995.9852000000222
2327.5,997.2776000000006
2327.6,998.1344554455443
2327.7,1002.1061999999886
2327.8,998.2695999999945
2327.9,999.7373000000042
2328.0,997.7002970297071
2328.1,996.5935999999981
2328.2,998.066799999998
2328.3,995.7583999999865
2328.4,997.3616831683254
2328.5,991.3294999999866
2328.6,992.9819999999839
2328.7,993.9580000000112
2328.8,994.303069306937
2328.9,995.0147999999998
2329.0,989.2668000000081
2329.1,991.9003999999917
2329.2,990.414851485165
2329.3,996.7320000000229
2329.4,1000.9070999999972
2329.5,1000.8474000000017
2329.6,1000.5862376237621
2329.7,987.7480000000091
2329.8,986.7750000000137
2329.9,986.6130000000032
2330.0,995.1147524752168
2330.1,998.1533000000161
2330.2,999.4302999999844
2330.3,1000.9407722772262
2330.4,989.4207524752477
2330.5,988.8420000000001
2330.6,984.316
2330.7,991.76
2330.8,996.8407920791864
2330.9,995.1045000000039
2331.0,993.7517000000006
2331.1,991.9026732673271
2331.2,992.0165999999983
2331.3,986.1629999999951
2331.4,987.6582000000046
2331.5,988.8595999999975
2331.6,988.0241584158398
2331.7,989.3193999999994
2331.8,988.4055999999944
2331.9,992.191300000003
2332.0,987.4586138613887
2332.1,987.890400000011
2332.2,990.2700000000085
2332.3,991.4656000000057
2332.4,994.2089108910891
2332.5,992.1155000000043
2332.6,994.204999999992
2332.7,992.0300000000109
2332.8,991.8900000000259
2332.9,994.1664356435596
2333.0,1004.4960000000285
2333.1,1014.8281999999986
2333.2,1017.11939999999
2333.3,1018.2933663366335
2333.4,1019.8719999999977
2333.5,1022.238499999999
2333.6,1024.1578910891037
2333.7,1026.2769821782135
2333.8,1026.3063999999968
2333.9,1029.8888000000154
2334.0,1022.8299683167934
2334.1,1005.3656267326623
2334.2,1000.0844999999993
2334.3,1001.4381999999995
2334.4,996.143960396029
2334.5,995.21
2334.6,997.5700000000082
2334.7,994.890000000004
2334.8,993.188316831681
2334.9,990.6298999999992
2335.0,991.3735000000011
2335.1,989.8888999999981
2335.2,990.1571999999813
2335.3,992.9397029702913
2335.4,989.2619999999982
2335.5,987.9135999999985
2335.6,985.1864000000119
2335.7,986.4844554455171
2335.8,987.7137999999942
2335.9,987.4459000000061
2336.0,990.7523999999978
2336.1,986.5233663366351
2336.2,984.8141999999963
2336.3,982.712799999975
2336.4,989.7140000000267
2336.5,997.9802970297053
2336.6,996.4119999999914
2336.7,1002.1874999999961
2336.8,1002.5274999999992
2336.9,1002.1477227722771
2337.0,999.9068000000045
2337.1,1002.391999999989
2337.2,1002.2696396039751
2337.3,997.4072495049742
2337.4,997.2727999999809
2337.5,987.9761999999911
2337.6,986.7424752475281
2337.7,984.0750000000057
2337.8,983.0262000000329
2337.9,988.0806930693018
2338.0,989.647300000003
2338.1,997.5304000000115
2338.2,993.1631000000102
2338.3,992.0866000000067
2338.4,990.4620792079102
2338.5,991.982
2338.6,997.0300000000001
2338.7,997.3799999999642
2338.8,1008.7520000000001
2338.9,1006.9631683168288
2339.0,1004.1094999999979
2339.1,999.4669000000149
2339.2,1000.7022999999701
2339.3,1002.6858415841281
2339.4,999.9066000000097
2339.5,1012.9835999999997
2339.6,1018.2722000000069
2339.7,1023.5175247524787
2339.8,1017.9098000000105
2339.9,1022.8595000000093
2340.0,1028.207799999997
2340.1,1034.5806930692743
2340.2,1043.6015999999988
2340.3,1049.4232000000143
2340.4,1055.873999999991
2340.5,1047.8095999999955
2340.6,1043.1722772277221
2340.7,1041.4369999999967
2340.8,1044.5615000000125
2340.9,1048.1990000000064
2341.0,1052.4024752475234
2341.1,1057.1187999999993
2341.2,1058.1948000000104
2341.3,1056.9406613861422
2341.4,1058.509064356435
2341.5,1061.9314999999922
2341.6,1068.3005000000028
2341.7,1069.1895999999924
2341.8,1072.055940594015
2341.9,1061.6531999999945
2342.0,1060.1160000000004
2342.1,1061.7651999999948
2342.2,1063.0481544554457
2342.3,1064.4619762376362
2342.4,1064.6301000000021
2342.5,1055.225400000002
2342.6,1048.3833000000002
2342.7,1049.8991089108858
2342.8,1056.1060000000143
2342.9,1062.3090000000134
2343.0,1061.6209999999853
2343.1,1053.136930693055
2343.2,1058.7824000000037
2343.3,1058.657100000002
2343.4,1063.4570999999992
2343.5,1061.7995049504943
2343.6,1062.8864000000005
2343.7,1062.9895999999976
2343.8,1062.7415999999885
2343.9,1059.5685148514845
2344.0,1059.3084
2344.1,1062.2875000000076
2344.2,1071.1884999999988
2344.3,1073.1418000000003
2344.4,1073.2857425742573
2344.5,1074.510599999992
2344.6,1077.673800000006
2344.7,1072.9866000000077
2344.8,1067.6993069306814
2344.9,1064.8150000000019
2345.0,1065.7874999999985
2345.1,1062.185
2345.2,1054.2016831683186
2345.3,1054.9332000000131
2345.4,1057.605200000005
2345.5,1053.5424000000003
2345.6,1052.820000000002
2345.7,1052.5975247524666
2345.8,1058.368200000007
2345.9,1060.2931999999903
2346.0,1056.0583000000013
2346.1,1057.4616831683202
2346.2,1056.2410000000004
2346.3,1054.6397999999879
2346.4,1050.4482000000025
2346.5,1044.8469306930756
2346.6,1039.7109999999948
2346.7,1039.3414000000241
2346.8,1030.9017079207852
2346.9,1025.955940594059
2347.0,1018.0840000000001
2347.1,1016.3119999999999
2347.2,1012.1506732673329
2347.3,1001.1206881188047
2347.4,997.9332999999903
2347.5,994.1939999999886
2347.6,997.3793069307043
2347.7,992.5975999999979
2347.8,997.0801999999993
2347.9,996.3954000000017
2348.0,999.0832673267327
2348.1,997.0165000000104
2348.2,992.7036999999896
2348.3,996.7449999999749
2348.4,991.2065346534887
2348.5,998.8264000000008
2348.6,999.6916000000002
2348.7,1000.5196000000053
2348.8,997.6006930693007
2348.9,989.8519999999899
2349.0,997.0670000000025
2349.1,996.3963366336516
2349.2,1003.284600000002
2349.3,1002.6115999999986
2349.4,1001.6901999999999
2349.5,1000.5016831683082
2349.6,994.3934999999954
2349.7,1000.2684000000008
2349.8,999.480100000009
2349.9,1001.8359405940595
2350.0,1000.7199999999921
2350.1,995.3747999999965
2350.2,995.719200000018
2350.3,991.6273267326957
2350.4,1004.3856999999998
2350.5,1004.4373000000015
2350.6,998.6614999999999
2350.7,998.2313000000066
2350.8,990.471881188119
2350.9,992.9459999999815
2351.0,986.1360000000094
2351.1,990.3160000000105
2351.2,986.5598019801876
2351.3,990.1207999999992
2351.4,986.7322999999981
2351.5,980.572000000004
2351.6,996.076732673267
2351.7,989.4747999999889
2351.8,994.9715999999974
2351.9,994.1348000000019
2352.0,994.9544554455431
2352.1,995.059099999996
2352.2,985.7598999999552
2352.3,996.0764356435589
2352.4,990.4980000000182
2352.5,996.3210000000023
2352.6,994.7112000000012
2352.7,993.77396039604
2352.8,993.0644999999896
2352.9,985.0795000000153
2353.0,997.5184999999937
2353.1,992.3355000000031
2353.2,995.4502970297049
2353.3,994.6899999999837
2353.4,990.389199999994
2353.5,996.2664000000077
2353.6,988.4466336633557
2353.7,998.6343792079394
2353.8,993.286400000014
2353.9,1002.3728000000251
2354.0,1017.6136633663343
2354.1,1016.1685999999984
2354.2,1019.3434000000043
2354.3,1010.5240000000649
2354.4,1026.3216000000018
2354.5,1022.6312871287091
2354.6,1030.147699999993
2354.7,1032.8988999999979
2354.8,1033.6713999999777
2354.9,1022.7500990098666
2355.0,1005.76
2355.1,1010.51
2355.2,1010.9
2355.3,1008.8000000000001
2355.4,1005.02
2355.5,997.6800000000001
2355.6,1008.6700990098788
2355.7,1005.2853000000073
2355.8,1005.1311999999998
2355.9,1007.486200000006
2356.0,1000.570100000014
2356.1,1005.4990099009922
2356.2,996.4370000000373
2356.3,1003.9136000000035
2356.4,1001.7669999999989
2356.5,998.3487999999984
2356.6,998.1053465346538
2356.7,985.4609000000207
2356.8,996.0892000000337
2356.9,988.7184999999765
2357.0,995.6288999999892
2357.1,994.0555000000029
2357.2,989.8991089109061
2357.3,998.7156000000084
2357.4,995.3555999999965
2357.5,1009.4560000000135
2357.6,1002.2643999999927
2357.7,1007.3573465345315
2357.8,1006.0666287128586
2357.9,1004.7165000000012
2358.0,1007.3479999999968
2358.1,1002.363762376254
2358.2,1010.011199999973
2358.3,994.4553999999766
2358.4,1000.1698000000097
2358.5,991.6560396039655
2358.6,984.4335000000049
2358.7,992.9888999999935
2358.8,984.3699999999612
2358.9,994.7379207921027
2359.0,984.548799999978
2359.1,999.9927999999578
2359.2,997.7768000000108
2359.3,994.414799999994
2359.4,999.0050495049502
2359.5,993.7015000000015
2359.6,1007.1621999999965
2359.7,997.9121000000026
2359.8,1015.1180237623813
2359.9,1015.4794455445511
2360.0,1013.3940000000039
2360.1,1007.0240000000155
2360.2,988.8568316831693
2360.3,950.1142999999701
2360.4,894.3348999999869
2360.5,847.0599999999896
2360.6,790.4857425743487
2360.7,745.0224000000796
2360.8,682.4291999998222
2360.9,630.0379999998618
2361.0,580.7441584157951
2361.1,525.0048999999613
2361.2,479.21950000014454
2361.3,467.30386138611846
2361.4,465.99180000000024
2361.5,465.6906000000004
2361.6,465.41780000000034
2361.7,465.1415841584167
2361.8,464.9129999999998
2361.9,464.7609999999998
2362.0,464.6464999999999
2362.1,464.4944207920791
2362.2,464.32707326732685
2362.3,464.22439999999966
2362.4,464.2016
2362.5,464.15808316831686
2362.6,464.06688217821807
2362.7,464.0002000000002
2362.8,463.95679999999993
2362.9,463.90891089108914
2363.0,463.8344000000001
2363.1,463.8036
2363.2,463.82460000000003
2363.3,463.79752475247517
2363.4,463.7413999999999
2363.5,463.6732999999998
2363.6,463.63570000000004
2363.7,463.6215792079209
2363.8,463.5639405940594
2363.9,463.542
2364.0,463.468
2364.1,463.4420792079208
2364.2,463.4084000000001
2364.3,463.4316000000001
2364.4,463.36889999999977
2364.5,463.38949999999994
2364.6,463.3530693069307
2364.7,463.30880000000013
2364.8,463.2922
2364.9,463.2666
2365.0,463.2831683168316
2365.1,463.2669000000001
2365.2,463.2754
2365.3,463.2260999999998
2365.4,463.2175475247525
2365.5,463.19712871287123
2365.6,463.13679999999994
2365.7,463.1427999999999
2365.8,463.0822772277225
2365.9,463.0525
2366.0,463.0725
2366.1,463.05000000000007
2366.2,462.9954455445546
2366.3,462.99480000000005
2366.4,462.96299999999997
2366.5,462.90559999999994
2366.6,462.9266336633664
2366.7,462.88160000000005
2366.8,462.9184
2366.9,462.9473
2367.0,462.9066336633663
2367.1,462.8756
2367.2,462.86280000000005
2367.3,462.8311999999999
2367.4,462.8342574257426
2367.5,462.8045
2367.6,462.719
2367.7,462.6971
2367.8,462.71405940594065
2367.9,462.69899999999996
2368.0,462.71099999999996
2368.1,462.7060693069307
2368.2,462.7068693069307
2368.3,462.7031
2368.4,462.6517
2368.5,462.7128
2368.6,462.8524752475246
2368.7,462.89320000000004
2368.8,462.8559999999999
2368.9,462.8604000000001
2369.0,462.82960396039596
2369.1,462.85690000000005
2369.2,462.85320000000013
2369.3,462.84000000000003
2369.4,462.87290297029693
2369.5,462.85013069306933
2369.6,462.8102
2369.7,462.76700000000005
2369.8,462.7632000000001
2369.9,462.7634
2370.0,462.77960396039606
2370.1,462.73800000000017
2370.2,462.7035000000001
2370.3,462.7
2370.4,462.66138613861386
2370.5,462.67839999999995
2370.6,462.65520000000004
2370.7,462.66839999999996
2370.8,462.69
2370.9,462.7089000000001
2371.0,462.6569999999998
2371.1,462.6074
2371.2,462.62495049504946
2371.3,462.64
2371.4,462.60900000000004
2371.5,462.57140000000004
2371.6,462.609108910891
2371.7,462.67049999999983
2371.8,462.67169999999993
2371.9,462.61729999999983
2372.0,462.6081792079208
2372.1,462.644
2372.2,462.61199999999997
2372.3,462.57399999999996
2372.4,462.552
2372.5,462.58158415841575
2372.6,462.5982
2372.7,462.5959
2372.8,462.6118
2372.9,462.6433663366337
2373.0,462.6426
2373.1,462.6242
2373.2,462.6431999999999
2373.3,462.63702970297027
2373.4,462.67130000000003
2373.5,462.72709999999995
2373.6,462.67188217821797
2373.7,462.6144871287129
2373.8,462.61
2373.9,462.5988
2374.0,462.5733663366337
2374.1,462.54350000000005
2374.2,462.53
2374.3,462.53550000000007
2374.4,462.52366336633656
2374.5,462.48299999999995
2374.6,462.4654
2374.7,462.4376000000002
2374.8,462.39930693069306
2374.9,462.3953
2375.0,462.4212
2375.1,462.46119999999996
2375.2,462.50099009900987
2375.3,462.52520000000004
2375.4,462.53520000000003
2375.5,462.55544554455446
2375.6,462.6006
2375.7,462.60450000000003
2375.8,462.5646999999999
2375.9,462.5500504950495
2376.0,462.550099009901
2376.1,462.55499999999995
2376.2,462.53500000000014
2376.3,462.53985148514863
2376.4,462.5355990099009
2376.5,462.51959999999997
2376.6,462.53999999999996
2376.7,462.53995148514855
2376.8,462.5352
2376.9,462.55400000000003
2377.0,462.5752
2377.1,462.57959999999997
2377.2,462.6042574257425
2377.3,462.60589999999996
2377.4,462.5947
2377.5,462.57649999999995
2377.6,462.5174257425743
2377.7,462.49379999999996
2377.8,462.51920000000007
2377.9,462.54821782178226
2378.0,462.5655
2378.1,462.5330000000001
2378.2,462.48200000000014
2378.3,462.4825000000001
2378.4,462.4878891089109
2378.5,462.47319999999996
2378.6,462.51199999999994
2378.7,462.5312
2378.8,462.49377425742557
2378.9,462.45128712871286
2379.0,462.46150000000006
2379.1,462.51149999999996
2379.2,462.56149999999985
2379.3,462.58148514851484
2379.4,462.5532
2379.5,462.53
2379.6,462.52160000000003
2379.7,462.50168316831684
2379.8,462.49820000000005
2379.9,462.5305000000001
2380.0,462.5354
2380.1,462.48782178217823
2380.2,462.42200000000025
2380.3,462.39
2380.4,462.48964356435647
2380.5,462.53433960396035
2380.6,462.5022
2380.7,462.49
2380.8,462.4861386138614
2380.9,462.48760000000004
2381.0,462.48479999999995
2381.1,462.43719999999996
2381.2,462.4150495049505
2381.3,462.4140999999998
2381.4,462.35519999999997
2381.5,462.34483663366325
2381.6,462.37719999999996
2381.7,462.4079999999998
2381.8,462.4256
2381.9,462.39639999999997
2382.0,462.3971287128713
2382.1,462.4379999999999
2382.2,462.49699999999996
2382.3,462.51693069306936
2382.4,462.5232
2382.5,462.5032
2382.6,462.4934
2382.7,462.49663366336637
2382.8,462.4867
2382.9,462.49319999999994
2383.0,462.53319999999997
2383.1,462.55673267326733
2383.2,462.53080000000017
2383.3,462.4771999999999
2383.4,462.43079999999986
2383.5,462.39
2383.6,462.3931
2383.7,462.39070000000004
2383.8,462.3854693069309
2383.9,462.41093069306925
2384.0,462.39
2384.1,462.36900000000014
2384.2,462.3080000000001
2384.3,462.2949405940595
2384.4,462.3358
2384.5,462.3529
2384.6,462.3542
2384.7,462.34000000000003
2384.8,462.3313861386138
2384.9,462.31280000000004
2385.0,462.31440000000003
2385.1,462.32239999999985
2385.2,462.3883168316831
2385.3,462.40189999999996
2385.4,462.38
2385.5,462.3827
2385.6,462.40871287128715
2385.7,462.45220000000006
2385.8,462.43520000000007
2385.9,462.44219999999996
2386.0,462.4277227722772
2386.1,462.4325
2386.2,462.37750000000005
2386.3,462.37
2386.4,462.355099009901
2386.5,462.3123247524752
2386.6,462.3104000000001
2386.7,462.2824
2386.8,462.2876
2386.9,462.28
2387.0,462.2869
2387.1,462.30770000000007
2387.2,462.30459999999994
2387.3,462.3177227722772
2387.4,462.32759999999996
2387.5,462.3944
2387.6,462.4034653465347
2387.7,462.36950000000013
2387.8,462.3510000000002
2387.9,462.42789999999997
2388.0,462.4220792079208
2388.1,462.4299207920792
2388.2,462.436
2388.3,462.45799999999997
2388.4,462.452
2388.5,462.4560396039604
2388.6,462.4475999999999
2388.7,462.47810000000004
2388.8,462.4623999999999
2388.9,462.4243564356435
2389.0,462.409
2389.1,462.4518
2389.2,462.4546
2389.3,462.43
2389.4,462.4197999999999
2389.5,462.3683
2389.6,462.35490000000004
2389.7,462.3333663366336
2389.8,462.3516
2389.9,462.35519999999997
2390.0,462.32359999999994
2390.1,462.28520000000003
2390.2,462.2568316831684
2390.3,462.23699999999997
2390.4,462.22299999999996
2390.5,462.243
2390.6,462.24960396039614
2390.7,462.1872000000001
2390.8,462.17420000000004
2390.9,462.2027722772277
2391.0,462.2187
2391.1,462.20480000000003
2391.2,462.1726
2391.3,462.1874257425742
2391.4,462.17480000000006
2391.5,462.2064
2391.6,462.1823999999999
2391.7,462.20356435643555
2391.8,462.2289
2391.9,462.2178
2392.0,462.1956
2392.1,462.1665346534653
2392.2,462.218
2392.3,462.19699999999995
2392.4,462.172
2392.5,462.1949504950496
2392.6,462.2436
2392.7,462.2827
2392.8,462.31
2392.9,462.3109
2393.0,462.3191089108911
2393.1,462.31
2393.2,462.3076000000001
2393.3,462.28240000000005
2393.4,462.3092
2393.5,462.2984
2393.6,462.28
2393.7,462.28139999999996
2393.8,462.30140000000006
2393.9,462.31579999999997
2394.0,462.25930693069307
2394.1,462.2464000000001
2394.2,462.193
2394.3,462.24120000000005
2394.4,462.26120000000003
2394.5,462.28
2394.6,462.2795
2394.7,462.26900000000006
2394.8,462.2490099009901
2394.9,462.23119999999994
2395.0,462.2604
2395.1,462.2715999999999
2395.2,462.31
2395.3,462.3094
2395.4,462.2875999999999
2395.5,462.210297029703
2395.6,462.2206
2395.7,462.2512
2395.8,462.30940594059393
2395.9,462.28
2396.0,462.28020000000004
2396.1,462.2997000000001
2396.2,462.27009900990095
2396.3,462.28
2396.4,462.31
2396.5,462.34
2396.6,462.37
2396.7,462.31059405940607
2396.8,462.25059999999985
2396.9,462.23019999999997
2397.0,462.2003000000001
2397.1,462.08237623762375
2397.2,461.98200000000037
2397.3,461.9506
2397.4,461.9505821782177
2397.5,461.92091188118815
2397.6,461.8715000000001
2397.7,461.9087999999999
2397.8,462.00599603960404
2397.9,462.0868000000001
2398.0,462.1188
2398.1,462.11039999999997
2398.2,462.1385148514851
2398.3,462.07349999999974
2398.4,461.9845000000001
2398.5,461.9040000000001
2398.6,461.909405940594
2398.7,461.8254000000003
2398.8,461.70719999999983
2398.9,461.59659999999985
2399.0,461.5712
2399.1,461.5140653465347
2399.2,461.52860693069306
2399.3,461.5486000000001
2399.4,461.54999999999995
2399.5,461.56841584158417
2399.6,461.57
2399.7,461.55160000000006
2399.8,461.6137623762376
2399.9,461.6018
2400.0,461.5636
2400.1,461.5873
2400.2,461.58090000000004
2400.3,461.5890099009901
2400.4,461.59900000000005
2400.5,461.58200000000005
2400.6,461.571
2400.7,461.5521782178218
2400.8,461.5589
2400.9,461.5066
2401.0,461.5267
2401.1,461.5388118811881
2401.2,461.5576
2401.3,461.5952000000001
2401.4,461.57359999999994
2401.5,461.5874257425743
2401.6,461.5813
2401.7,461.57130000000006
2401.8,461.5787
2401.9,461.58
2402.0,461.58
2402.1,461.5886
2402.2,461.5986
2402.3,461.52259999999967
2402.4,461.51
2402.5,461.53554455445544
2402.6,461.5995000000001
2402.7,461.6185
2402.8,461.5945
2402.9,461.5731683168317
2403.0,461.5616
2403.1,461.5432
2403.2,461.5316
2403.3,461.57141782178223
2403.4,461.59658316831684
2403.5,461.5584999999999
2403.6,461.5168000000001
2403.7,461.5431999999999
2403.8,461.5089108910891
2403.9,461.5082
2404.0,461.5018
2404.1,461.5
2404.2,461.4675247524753
2404.3,461.47620000000006
2404.4,461.4638
2404.5,461.46810000000005
2404.6,461.5266999999999
2404.7,461.51594059405943
2404.8,461.50199999999995
2404.9,461.51599999999996
2405.0,461.52799999999996
2405.1,461.4983168316832
2405.2,461.4821
2405.3,461.50370000000004
2405.4,461.51
2405.5,461.44759999999997
2405.6,461.4144
2405.7,461.4567999999998
2405.8,461.49316831683177
2405.9,461.5
2406.0,461.4461
2406.1,461.43
2406.2,461.468118811881
2406.3,461.44199999999995
2406.4,461.46040000000005
2406.5,461.4549504950495
2406.6,461.50249999999994
2406.7,461.4825000000001
2406.8,461.4925000000001
2406.9,461.4480198019801
2407.0,461.46700000000004
2407.1,461.5095999999999
2407.2,461.5495999999999
2407.3,461.5380198019802
2407.4,461.5592
2407.5,461.6065
2407.6,461.6127
2407.7,461.6244554455445
2407.8,461.59399999999994
2407.9,461.6088000000001
2408.0,461.61294257425743
2408.1,461.55320000000006
2408.2,461.5016
2408.3,461.49710000000005
2408.4,461.4789108910891
2408.5,461.47
2408.6,461.47
2408.7,461.44900000000007
2408.8,461.4746534653466
2408.9,461.4969
2409.0,461.49309999999997
2409.1,461.4832366336634
2409.2,461.52756831683155
2409.3,461.53639999999996
2409.4,461.5368
2409.5,461.51980198019794
2409.6,461.4966
2409.7,461.5100999999999
2409.8,461.5267
2409.9,461.49649999999997
2410.0,461.5135
2410.1,461.5367
2410.2,461.54
2410.3,490.2026000000292
2410.4,544.9511881187709
2410.5,603.0051999999226
2410.6,655.4351999999315
2410.7,711.2387999999199
2410.8,771.9648000001966
2410.9,832.9555445545673
2411.0,888.8960000000608
2411.1,951.2994999998778
2411.2,1004.6844999998433
2411.3,1034.4872277228303
2411.4,1040.8803999999986
2411.5,1040.9935999999989
2411.6,1043.3983999999973
2411.7,1046.7335999999968
2411.8,1042.2997029702763
2411.9,1044.3461000000134
2412.0,1046.2136999999966
2412.1,1043.6745000000037
2412.2,1041.1666336633696
2412.3,1045.3678000000104
2412.4,1055.076799999995
2412.5,1056.441600000002
2412.6,1060.4413861385983
2412.7,1063.0872000000038
2412.8,1062.6808000000005
2412.9,1060.5329999999922
2413.0,1060.0140594059417
2413.1,1061.484
2413.2,1062.834
2413.3,1067.1840000000116
2413.4,1089.83702970302
2413.5,1104.8207999999995
2413.6,1110.1090999999847
2413.7,1112.4484000000025
2413.8,1114.3058415841638
2413.9,1109.1111999999946
2414.0,1101.9665999999984
2414.1,1111.918800000009
2414.2,1120.7998019801973
2414.3,1117.4949999999808
2414.4,1090.1386999999843
2414.5,1066.6453000000138
2414.6,1061.3818811881192
2414.7,1061.1115999999975
2414.8,1062.3072000000006
2414.9,1072.9044000000167
2415.0,1083.6911881188107
2415.1,1087.323499999997
2415.2,1088.2710000000004
2415.3,1090.4485000000145
2415.4,1090.9922772277168
2415.5,1088.1875999999959
2415.6,1086.6720000000003
2415.7,1082.4976000000242
2415.8,1086.8526732673306
2415.9,1084.7978000000114
2416.0,1065.7735000000143
2416.1,1053.1293000000035
2416.2,1050.794950495049
2416.3,1052.5124000000055
2416.4,1054.613200000002
2416.5,1054.1505940594043
2416.6,1055.5971999999988
2416.7,1058.3638999999998
2416.8,1055.9898999999891
2416.9,1054.5649999999996
2417.0,1057.1937623762342
2417.1,1059.7299999999948
2417.2,1057.4650000000156
2417.3,1050.2726732673173
2417.4,1039.584699999997
2417.5,1033.4057000000003
2417.6,1030.1661999999978
2417.7,1022.6844554455495
2417.8,1019.2467999999991
2417.9,1013.4443999999936
2418.0,1004.0140000000126
2418.1,993.1334653465442
2418.2,988.6020999999892
2418.3,989.3110999999953
2418.4,989.0211000000048
2418.5,992.7859000000001
2418.6,993.6727722772273
2418.7,995.4873999999977
2418.8,992.2507999999714
2418.9,991.6718000000102
2419.0,993.002400000011
2419.1,993.6872277227471
2419.2,999.4670000000019
2419.3,999.633500000001
2419.4,1000.4979801980198
2419.5,995.9380435643667
2419.6,994.6583999999897
2419.7,999.8100000000024
2419.8,998.2612871287128
2419.9,999.0584000000031
2420.0,999.2355999999967
2420.1,998.1016
2420.2,996.1318000000141
2420.3,995.65663366337
2420.4,998.2736000000004
2420.5,997.5048000000003
2420.6,997.8994059405918
2420.7,994.5845000000264
2420.8,994.8503000000323
2420.9,1000.8853999999834
2421.0,997.8958415841636
2421.1,998.952
2421.2,995.5040000000054
2421.3,995.6076237623809
2421.4,995.594199999982
2421.5,990.6673999999991
2421.6,984.6435000000273
2421.7,981.7064999999727
2421.8,985.7414851484967
2421.9,981.1746000000023
2422.0,989.1794000000058
2422.1,996.8072831683171
2422.2,995.9047732673293
2422.3,990.052299999961
2422.4,989.3520000000262
2422.5,1000.8389000000063
2422.6,1001.5970297029494
2422.7,1006.8788000000043
2422.8,1004.560399999996
2422.9,1001.3595999999989
2423.0,998.5626732673257
2423.1,996.670999999994
2423.2,998.0530000000067
2423.3,994.6706633663401
2423.4,995.266673267326
2423.5,994.221999999997
2423.6,991.7466000000006
2423.7,986.7740594059612
2423.8,984.8962000000286
2423.9,992.1192000000019
2424.0,991.230299999998
2424.1,993.1603960396039
2424.2,990.9440000000186
2424.3,988.9440000000147
2424.4,990.9263999999796
2424.5,987.2900000000045
2424.6,994.8901980198075
2424.7,995.8515999999978
2424.8,1006.4981000000392
2424.9,1011.7685148514781
2425.0,1004.9390000000071
2425.1,1010.8329999999963
2425.2,1011.291000000005
2425.3,1008.7646534653412
2425.4,1005.9550999999997
2425.5,1008.515400000003
2425.6,1009.5373999999935
2425.7,993.1775999999843
2425.8,998.8703960395891
2425.9,986.6595999999954
2426.0,984.076000000002
2426.1,980.2904000000196
2426.2,975.7962376237342
2426.3,981.8006999999934
2426.4,976.8520000000052
2426.5,982.3594999999999
2426.6,982.1864029702965
2426.7,982.5434079207905
2426.8,981.4463999999687
2426.9,976.9242000000214
2427.0,983.7619801980228
2427.1,982.0575000000001
2427.2,985.7850000000044
2427.3,984.9350000000004
2427.4,986.785000000007
2427.5,988.3265346534573
2427.6,980.7487999999923
2427.7,986.3900000000027
2427.8,985.2908000000125
2427.9,989.2818811881184
2428.0,992.8086000000064
2428.1,1001.7076000000027
2428.2,998.4908000000328
2428.3,992.9340000000204
2428.4,1002.801386138614
2428.5,1004.0565999999975
2428.6,1008.1412000000005
2428.7,1007.787599999999
2428.8,1009.2444554455418
2428.9,1007.9023999999927
2429.0,1005.491100000002
2429.1,1005.5615000000172
2429.2,1001.7073267326516
2429.3,1007.7700000000001
2429.4,1006.0000000000001
2429.5,998.426
2429.6,1002.6699009900994
2429.7,997.1619584158346
2429.8,1008.2730999999912
2429.9,1006.2508000000071
2430.0,1009.3111000000047
2430.1,1006.5163366336711
2430.2,1003.3183999999984
2430.3,1003.8985999999925
2430.4,992.5020000000059
2430.5,1002.2940594059402
2430.6,1000.3750999999841
2430.7,1008.0710000000058
2430.8,1003.6195999999761
2430.9,998.1911881188321
2431.0,1002.1451999999856
2431.1,991.4036000000027
2431.2,1004.8383999999945
2431.3,1008.862277227733
2431.4,1023.9094999999977
2431.5,1025.8189999999993
2431.6,1025.711000000005
2431.7,1022.4145544554408
2431.8,1027.088200000018
2431.9,1038.059399999997
2432.0,1038.2880000000214
2432.1,1051.7664356435641
2432.2,1050.6515000000052
2432.3,1043.4211999999811
2432.4,1038.147425742575
2432.5,1036.7708000000043
2432.6,1041.1727999999669
2432.7,1052.6139999999837
2432.8,1058.3359405940657
2432.9,1062.1962999999996
2433.0,1063.363600000002
2433.1,1055.119200000002
2433.2,1049.2206999999903
2433.3,1063.206732673268
2433.4,1079.6139999999848
2433.5,1073.181999999992
2433.6,1068.617227722785
2433.7,1063.1740999999997
2433.8,1065.6020000000005
2433.9,1067.2031
2434.0,1067.0982178217823
2434.1,1068.5448000000292
2434.2,1053.034000000014
2434.3,1045.3779999999804
2434.4,1038.8182178217828
2434.5,1039.6173000000058
2434.6,1047.611800000001
2434.7,1050.4882999999818
2434.8,1055.2140000000036
2434.9,1059.0159405940515
2435.0,1044.8492000000065
2435.1,1041.3895999999786
2435.2,1056.423199999993
2435.3,1061.4583168316897
2435.4,1063.6550000000038
2435.5,1066.8155000000006
2435.6,1067.0495049504898
2435.7,1062.1620000000019
2435.8,1061.1184000000717
2435.9,1080.8584000000033
2436.0,1077.6560396039554
2436.1,1082.2699000000139
2436.2,1078.1425999999603
2436.3,1091.118599999998
2436.4,1089.6210891089027
2436.5,1084.345600000002
2436.6,1080.2619999999988
2436.7,1082.9250693069257
2436.8,1088.466739603824
2436.9,1056.7070000000097
2437.0,1061.299499999988
2437.1,1055.3181188118792
2437.2,1056.13
2437.3,1054.68
2437.4,1056.42
2437.5,1060.79
2437.6,1057.4632673267395
2437.7,1054.2125000000067
2437.8,1051.091199999992
2437.9,1057.049500000015
2438.0,1046.9159405940543
2438.1,1045.7397999999996
2438.2,1039.5166000000252
2438.3,1034.6761999999978
2438.4,1033.0995207920762
2438.5,1018.1994069307154
2438.6,1014.4517000000055
2438.7,1010.3245000000068
2438.8,1007.3764356435614
2438.9,1004.235999999997
2439.0,1000.9611999999971
2439.1,1000.974
2439.2,1000.1055445544563
2439.3,1001.9980000000069
2439.4,993.7020000000081
2439.5,997.6414752475332
2439.6,996.6145287128753
2439.7,997.7143999999961
2439.8,996.8593999999987
2439.9,987.0427999999858
2440.0,992.0227722772245
2440.1,983.7073000000064
2440.2,990.8061999999942
2440.3,993.0361000000069
2440.4,991.3279000000008
2440.5,995.0204950495117
2440.6,986.7020000000223
2440.7,996.3459999999691
2440.8,990.8927999999875
2440.9,996.1636000000115
2441.0,1000.6232673267325
2441.1,1002.0837999999998
2441.2,1003.4457999999997
2441.3,995.3890999999984
2441.4,999.3101980198126
2441.5,1001.287999999997
2441.6,1006.8589999999864
2441.7,1008.8679207920792
2441.8,1008.8263999999998
2441.9,1006.5838999999995
2442.0,998.513599999998
2442.1,1000.9676000000009
2442.2,1004.7208910891031
2442.3,999.705199999983
2442.4,993.4071999999828
2442.5,988.0652000000066
2442.6,995.5271999999833
2442.7,973.1076000000486
2442.8,991.7888237625143
2442.9,984.0125405940621
2443.0,987.2285000000038
2443.1,995.571200000006
2443.2,995.2714851485166
2443.3,980.5747999999464
2443.4,983.8099999999954
2443.5,991.0409999999899
2443.6,989.1068316831656
2443.7,999.7249999999642
2443.8,1002.4040000000011
2443.9,999.6654999999963
2444.0,1004.6759950495123
2444.1,997.6720039604016
2444.2,1002.0919999999936
2444.3,1004.6144000000061
2444.4,1011.7164356435801
2444.5,1013.7059000000011
2444.6,1009.613600000011
2444.7,1007.4137000000047
2444.8,1004.2884158415845
2444.9,1002.6696000000004
2445.0,1000.3590000000011
2445.1,1003.1307999999981
2445.2,1004.9279207920764
2445.3,994.8605999999739
2445.4,991.7352999999981
2445.5,990.2467326732666
2445.6,996.9679999999998
2445.7,1011.61
2445.8,1005.5339999999894
2445.9,1006.3559009899955
2446.0,1006.2429960395787
2446.1,1004.5564000000038
2446.2,1012.1489999999793
2446.3,1012.924653465345
2446.4,1012.6124000000001
2446.5,1010.1807999999986
2446.6,1005.0985999999974
2446.7,990.9042000000513
2446.8,991.4401237623814
2446.9,994.4184679611681
2447.0,988.3659405940607
2447.1,990.8290999999956
2447.2,984.6803000000075
2447.3,986.8792000000037
2447.4,986.5755445544521
2447.5,987.8756000000054
2447.6,991.661999999994
2447.7,985.0412000000293
2447.8,989.1986138613897
2447.9,982.994900000003
2448.0,986.0746999999978
2448.1,985.889300000001
2448.2,987.3843267326652
2448.3,991.5536831683273
2448.4,986.2039999999784
2448.5,990.4929999999907
2448.6,985.4064356435706
2448.7,987.5821999999756
2448.8,987.2888999999991
2448.9,988.0393000000006
2449.0,995.025100000002
2449.1,997.5723762376241
2449.2,1000.7607999999913
2449.3,990.9439999999545
2449.4,996.9696000000456
2449.5,1004.8427999999986
2449.6,1010.8034653465337
2449.7,1015.6056999999913
2449.8,1014.8936999999979
2449.9,1012.0036999999979
2450.0,998.1859999999868
2450.1,1002.0923762376134
2450.2,1004.1154000000065
2450.3,1006.9086000000214
2450.4,1008.9721999999999
2450.5,1003.6126732673246
2450.6,1003.5339999999925
2450.7,995.9095000000476
2450.8,1001.940000000019
2450.9,1005.3358415841591
2451.0,1006.9551999999958
2451.1,1006.7072000000027
2451.2,1001.7800000000054
2451.3,1002.9150495049627
2451.4,995.1053999999755
2451.5,996.8718000000188
2451.6,998.0470000000064
2451.7,999.6060999999837
2451.8,999.7150495049495
2451.9,990.7865285714354
2452.0,961.8210714286328
2452.1,913.9700000001301
2452.2,863.1422772278689
2452.3,811.7069999999867
2452.4,758.7252999999894
2452.5,709.2746999999881
2452.6,660.2494059406292
2452.7,609.182000000103
2452.8,553.546799999851
2452.9,501.94719999997363
2453.0,471.77440000001906
2453.1,466.2254455445546
2453.2,466.0771000000001
2453.3,465.9741999999999
2453.4,465.80599999999987
2453.5,465.5871999999998
2453.6,465.3669306930693
2453.7,465.1680000000003
2453.8,464.94959999999924
2453.9,464.7325999999998
2454.0,464.53891089108913
2454.1,464.3580000000002
2454.2,464.20250000000055
2454.3,464.0749999999999
2454.4,463.9704999999999
2454.5,463.8609900990099
2454.6,463.71200000000016
2454.7,463.5472000000001
2454.8,463.43599999999986
2454.9,463.37564356435644
2455.0,463.3312999999998
2455.1,463.28
2455.2,463.29719999999986
2455.3,463.2987128712871
2455.4,463.24060000000003
2455.5,463.16220000000004
2455.6,463.0806
2455.7,463.0316831683169
2455.8,463.01179999999994
2455.9,462.9835999999999
2456.0,462.9559
2456.1,462.9540594059406
2456.2,462.9360000000001
2456.3,462.86400000000003
2456.4,462.81
2456.5,462.81399999999996
2456.6,462.8041584158416
2456.7,462.7410000000002
2456.8,462.67609999999996
2456.9,462.67
2457.0,462.6767230769231
2457.1,462.68898461538464
2457.2,462.6765346534654
2457.3,462.6400999999999
2457.4,462.60020000000003
2457.5,462.5765
2457.6,462.6132673267327
2457.7,462.62
2457.8,462.62640000000005
2457.9,462.63359999999994
2458.0,462.6073267326732
2458.1,462.5335
2458.2,462.4486
2458.3,462.49620000000004
2458.4,462.5130693069307
2458.5,462.4899999999999
2458.6,462.4469999999998
2458.7,462.4950000000001
2458.8,462.4780000000001
2458.9,462.5110891089108
2459.0,462.49580000000003
2459.1,462.5158
2459.2,462.4952000000001
2459.3,462.3928584158415
2459.4,462.33865742574255
2459.5,462.31839999999994
2459.6,462.32880000000006
2459.7,462.3056277227722
2459.8,462.31992772277226
2459.9,462.32270000000005
2460.0,462.33540000000005
2460.1,462.3580198019802
2460.2,462.3852
2460.3,462.41560000000015
2460.4,462.46780000000007
2460.5,462.4977227722772
2460.6,462.52750000000003
2460.7,462.55249999999995
2460.8,462.56500000000005
2460.9,462.56762376237623
2461.0,462.5276
2461.1,462.5056000000001
2461.2,462.45035247524754
2461.3,462.42414257425736
2461.4,462.44460000000004
2461.5,462.4346999999999
2461.6,462.3270000000003
2461.7,462.2340594059408
2461.8,462.1888000000001
2461.9,462.20680000000004
2462.0,462.1446
2462.1,462.0921782178218
2462.2,462.10209999999995
2462.3,462.0910999999998
2462.4,462.02
2462.5,462.022
2462.6,462.04600000000005
2462.7,462.0900000000001
2462.8,462.00009900990096
2462.9,461.96578019801984
2463.0,461.98620000000005
2463.1,461.9719
2463.2,461.98
2463.3,461.9704999999999
2463.4,461.93
2463.5,461.9282
2463.6,461.9146
2463.7,461.89891089108914
2463.8,461.94
2463.9,461.9314999999999
2464.0,461.8883
2464.1,461.8850495049504
2464.2,461.90200000000016
2464.3,461.86800000000005
2464.4,461.9116
2464.5,461.92158415841584
2464.6,461.92850000000004
2464.7,461.9095000000001
2464.8,461.84849999999994
2464.9,461.83554455445545
2465.0,461.8101702970297
2465.1,461.8058
2465.2,461.7841999999999
2465.3,461.8060999999999
2465.4,461.77610000000004
2465.5,461.7539
2465.6,461.78
2465.7,461.77760000000006
2465.8,461.7648000000001
2465.9,461.7927999999999
2466.0,461.7411881188119
2466.1,461.7555
2466.2,461.79560000000004
2466.3,461.7644
2466.4,461.8032673267327
2466.5,461.829
2466.6,461.82099999999997
2466.7,461.8329999999999
2466.8,461.86198019801986
2466.9,461.8827
2467.0,461.9163
2467.1,461.9827
2467.2,462.01
2467.3,462.0067999999999
2467.4,461.97240000000005
2467.5,462.0039999999999
2467.6,462.0452475247526
2467.7,461.9893
2467.8,461.9814
2467.9,462.00280000000004
2468.0,462.04
2468.1,462.03880000000004
2468.2,462.02
2468.3,462.0218000000001
2468.4,462.05117623762385
2468.5,462.06699999999995
2468.6,462.0095
2468.7,462.0024999999998
2468.8,462.04702970297024
2468.9,461.98720000000003
2469.0,461.9196
2469.1,461.91319999999996
2469.2,461.990396039604
2469.3,462.0006
2469.4,462.0184999999999
2469.5,461.97178217821795
2469.6,462.0298
2469.7,462.0198
2469.8,462.01020000000005
2469.9,462.02019801980197
2470.0,462.0301
2470.1,462.03980000000007
2470.2,462.02
2470.3,462.01930693069295
2470.4,461.95
2470.5,461.96000000000004
2470.6,461.94
2470.7,461.96
2470.8,461.9104950495048
2470.9,461.9496000000001
2471.0,461.9302
2471.1,461.9695999999999
2471.2,461.8817821782182
2471.3,461.8506
2471.4,461.9284
2471.5,461.9104
2471.6,461.9679267326731
2471.7,461.92149405940603
2471.8,461.9297
2471.9,461.88149999999985
2472.0,461.88
2472.1,461.8319801980198
2472.2,461.87800396039586
2472.3,461.90880000000004
2472.4,461.9196
2472.5,461.89148514851485
2472.6,461.89
2472.7,461.8805
2472.8,461.9275000000002
2472.9,461.94881188118813
2473.0,461.95
2473.1,461.95
2473.2,461.99699999999984
2473.3,461.9720792079207
2473.4,461.9235
2473.5,461.8270000000001
2473.6,461.8665
2473.7,461.87
2473.8,461.8331999999999
2473.9,461.82079999999996
2474.0,461.84760000000006
2474.1,461.84089108910894
2474.2,461.78540000000004
2474.3,461.7709
2474.4,461.8155
2474.5,461.9010891089107
2474.6,461.8650000000001
2474.7,461.8150000000001
2474.8,461.89037623762385
2474.9,461.90891089108914
2475.0,461.9456
2475.1,461.90549999999996
2475.2,461.9356
2475.3,461.94881188118813
2475.4,461.96760000000006
2475.5,461.9964
2475.6,461.99120000000005
2475.7,462.05099009900965
2475.8,462.03389999999996
2475.9,461.97779999999995
2476.0,461.91779999999994
2476.1,461.97029702970286
2476.2,461.9628
2476.3,461.9341999999999
2476.4,461.7852475247522
2476.5,461.70899999999995
2476.6,461.67449999999997
2476.7,461.6530000000001
2476.8,461.63316831683164
2476.9,461.69724752475247
2477.0,461.7436
2477.1,461.7752
2477.2,461.80486732673256
2477.3,461.80171683168317
2477.4,461.8996000000002
2477.5,461.9449
2477.6,461.90069306930695
2477.7,461.81620000000004
2477.8,461.79999999999995
2477.9,461.7508
2478.0,461.7481188118812
2478.1,461.74190000000004
2478.2,461.69950000000017
2478.3,461.73860000000013
2478.4,461.7419
2478.5,461.7159405940594
2478.6,461.734
2478.7,461.796
2478.8,461.802
2478.9,461.8
2479.0,461.7921
2479.1,461.8294999999999
2479.2,461.84
2479.3,461.8087782178218
2479.4,461.80780000000004
2479.5,461.7866
2479.6,461.82680000000005
2479.7,461.79366336633666
2479.8,461.81850000000014
2479.9,461.7606999999997
2480.0,461.74785247524744
2480.1,461.74995247524754
2480.2,461.7576
2480.3,461.72959999999995
2480.4,461.70502574257426
2480.5,461.6849752475248
2480.6,461.665
2480.7,461.68999999999994
2480.8,461.6702970297029
2480.9,461.7636000000002
2481.0,461.7852
2481.1,461.75040000000007
2481.2,461.69603960396046
2481.3,461.7165
2481.4,461.73
2481.5,461.75876633663376
2481.6,461.7628554455446
2481.7,461.7456
2481.8,461.7976000000001
2481.9,461.77722772277224
2482.0,461.70320000000004
2482.1,461.6658
2482.2,461.67420000000004
2482.3,461.66594059405935
2482.4,461.6880000000001
2482.5,461.6230000000001
2482.6,461.6107920792079
2482.7,461.6269
2482.8,461.5817
2482.9,461.5393
2483.0,461.57782178217815
2483.1,461.6339999999999
2483.2,461.6704
2483.3,461.7072000000001
2483.4,461.6728712871286
2483.5,461.72370000000006
2483.6,461.7868
2483.7,461.84689999999983
2483.8,461.86336633663365
2483.9,461.86
2484.0,461.87319999999994
2484.1,461.85360000000003
2484.2,461.77465346534683
2484.3,461.7595
2484.4,461.8285000000001
2484.5,461.86650000000003
2484.6,461.8185148514852
2484.7,461.75160000000005
2484.8,461.7492000000001
2484.9,461.804483168317
2485.0,461.82359009900995
2485.1,461.78220000000005
2485.2,461.78519999999986
2485.3,461.7684999999999
2485.4,461.70633663366334
2485.5,461.68
2485.6,461.7543999999999
2485.7,461.78158415841585
2485.8,461.7455999999999
2485.9,461.73
2486.0,461.7666
2486.1,461.8383168316831
2486.2,461.84
2486.3,461.79599999999994
2486.4,461.79200000000003
2486.5,461.8118811881188
2486.6,461.79050000000007
2486.7,461.7405000000001
2486.8,461.7141
2486.9,461.70415841584156
2487.0,461.6826
2487.1,461.6004
2487.2,461.56159999999994
2487.3,461.61599801980213
2487.4,461.6669722772278
2487.5,461.64580000000007
2487.6,461.58580000000006
2487.7,461.5827999999999
2487.8,461.6451485148516
2487.9,461.68
2488.0,461.652
2488.1,461.658
2488.2,461.66336633663366
2488.3,461.60049999999967
2488.4,461.53249999999997
2488.5,461.5265
2488.6,461.5345
2488.7,461.55178217821776
2488.8,461.5429999999999
2488.9,461.48759999999993
2489.0,461.46540000000005
2489.1,461.46999999999997
2489.2,461.43820000000005
2489.3,461.39939999999996
2489.4,461.4004950495049
2489.5,461.39959999999996
2489.6,461.4108
2489.7,461.45599999999985
2489.8,461.4748514851485
2489.9,461.5057
2490.0,461.58079999999995
2490.1,461.57410000000004
2490.2,461.5552475247524
2490.3,461.6150000000001
2490.4,461.6700000000001
2490.5,461.67
2490.6,461.61039603960404
2490.7,461.5161000000002
2490.8,461.4404
2490.9,461.39549999999997
2491.0,461.3166336633664
2491.1,461.2839999999999
2491.2,461.3291999999999
2491.3,461.35475247524755
2491.4,461.39290000000005
2491.5,461.40649999999994
2491.6,461.4411000000001
2491.7,461.5472277227723
2491.8,461.5946
2491.9,461.6138
2492.0,461.63919999999996
2492.1,461.6224000000001
2492.2,461.57633663366346
2492.3,461.50149999999985
2492.4,461.3534999999998
2492.5,461.2778217821782
2492.6,461.2560000000001
2492.7,461.17800000000005
2492.8,461.13239999999996
2492.9,461.1143564356436
2493.0,461.10279999999995
2493.1,461.04130000000004
2493.2,460.9814851485149
2493.3,460.97
2493.4,460.9742
2493.5,460.9758
2493.6,460.93673267326744
2493.7,460.9022999999999
2493.8,460.91179999999997
2493.9,460.8959
2494.0,460.8818
2494.1,460.8821782178218
2494.2,460.88800000000003
2494.3,460.898
2494.4,460.928
2494.5,460.91
2494.6,460.9372999999998
2494.7,460.97220000000004
2494.8,460.9482999999999
2494.9,460.93772277227725
2495.0,460.9766
2495.1,461.02
2495.2,461.0237623762376
2495.3,461.00409999999977
2495.4,460.97110000000004
2495.5,460.9863
2495.6,460.9763366336634
2495.7,460.9592000000001
2495.8,460.9328
2495.9,460.9413861386139
2496.0,460.973
2496.1,460.94950000000006
2496.2,460.9195
2496.3,460.9207920792081
2496.4,460.9532
2496.5,460.92979999999994
2496.6,460.90999999999997
2496.7,460.9265
2496.8,460.95339999999993
2496.9,460.9268
2497.0,460.8771287128714
2497.1,460.81699801980204
2497.2,460.78360000000004
2497.3,460.7636
2497.4,460.7468
2497.5,460.7558415841585
2497.6,460.7838
2497.7,460.7731
2497.8,460.78
2497.9,460.76772277227724
2498.0,460.749
2498.1,460.7939999999998
2498.2,460.84400000000005
2498.3,460.8329702970297
2498.4,460.8487
2498.5,460.899
2498.6,460.9961
2498.7,461.0773999999999
2498.8,461.1343564356436
2498.9,461.20080000000013
2499.0,461.28279999999995
2499.1,461.54479999999836
2499.2,471.4677227721983
2499.3,512.631900000043
2499.4,575.628900000043
2499.5,637.51360000004
2499.6,695.8709900990176
2499.7,753.086999999923
2499.8,810.2312000001882
2499.9,870.2118000001249
2500.0,932.2828712870847
2500.1,992.305
2500.2,1042.2899999999006
2500.3,1060.3849504950401
2500.4,1048.0616000000036
2500.5,1044.6532000000016
2500.6,1050.2731999999733
2500.7,1078.066712871266
2500.8,1097.1461930693242
2500.9,1100.980299999998
2501.0,1100.2067000000006
2501.1,1100.9171000000035
2501.2,1098.3736633663532
2501.3,1094.7838000000256
2501.4,1104.4553999999935
2501.5,1114.5980198019852
2501.6,1106.4846000000443
2501.7,1085.319500000085
2501.8,1058.1343999999972
2501.9,1057.970693069314
2502.0,1061.456
2502.1,1061.686
2502.2,1060.6820000000077
2502.3,1054.3129702970305
2502.4,1054.4417999999905
2502.5,1049.499700000003
2502.6,1049.4444999999887
2502.7,1054.0829702970277
2502.8,1054.7900000000002
2502.9,1055.923600000002
2503.0,1058.429799999998
2503.1,1053.3543564356428
2503.2,1048.4012999999827
2503.3,1057.0914999999939
2503.4,1056.0951465346627
2503.5,1060.2673148514805
2503.6,1062.2667999999983
2503.7,1053.1460000000159
2503.8,1050.1923207920822
2503.9,1056.5506039603117
2504.0,1072.0245000000025
2504.1,1071.774499999988
2504.2,1082.4284999999877
2504.3,1090.8128712871126
2504.4,1086.0801999999978
2504.5,1084.0803999999937
2504.6,1081.1568000000057
2504.7,1088.7884158415623
2504.8,1095.0440999999887
2504.9,1087.471000000024
2505.0,1056.8182168316828
2505.1,1056.5863089109048
2505.2,1052.0467999999996
2505.3,1052.3608000000029
2505.4,1053.9640000000031
2505.5,1055.7570297029743
2505.6,1057.5860000000007
2505.7,1054.264100000002
2505.8,1052.3484999999991
2505.9,1056.1241584158415
2506.0,1055.1529999999966
2506.1,1052.942000000012
2506.2,1048.1711881188123
2506.3,1046.386299999996
2506.4,1030.1051
2506.5,1029.2080999999969
2506.6,1016.7638613861387
2506.7,1018.3868000000127
2506.8,1010.9323999999666
2506.9,999.6916
2507.0,998.9440594059561
2507.1,990.6980000000033
2507.2,998.8002000000354
2507.3,990.7487000000044
2507.4,996.5421594059394
2507.5,994.2914653465323
2507.6,994.8611999999945
2507.7,998.160000000011
2507.8,991.5804613861867
2507.9,1006.0660940593967
2508.0,998.697500000007
2508.1,1004.4539999999984
2508.2,1002.8409999999985
2508.3,1003.2003960396032
2508.4,1002.0920000000078
2508.5,994.2227999999891
2508.6,1005.3335643564475
2508.7,993.9566999999826
2508.8,999.4971999999907
2508.9,993.8749504950476
2509.0,992.7182000000003
2509.1,991.963200000004
2509.2,983.4713999999962
2509.3,991.7683999999797
2509.4,986.8492079207908
2509.5,989.7992000000038
2509.6,991.6979000000006
2509.7,991.553899999984
2509.8,997.8013861385979
2509.9,989.94
2510.0,998.9599999999999
2510.1,992.85
2510.2,994.01
2510.3,998.3199999999999
2510.4,985.5774257425428
2510.5,992.379999999986
2510.6,983.1143000000194
2510.7,986.2275999999933
2510.8,977.0853465346489
2510.9,987.3468000000048
2511.0,983.7575999999982
2511.1,990.8536000000034
2511.2,995.2887128712805
2511.3,986.6123999999731
2511.4,995.904200000029
2511.5,985.1711000000166
2511.6,991.4855445544611
2511.7,990.5216000000045
2511.8,993.8972000000033
2511.9,998.254400000004
2512.0,995.7210891089137
2512.1,992.8820000000032
2512.2,986.3370000000076
2512.3,990.4460000000158
2512.4,991.0280198019809
2512.5,994.6220000000052
2512.6,998.0835999999899
2512.7,991.230600000024
2512.8,1000.9059405940992
2512.9,995.1593000000025
2513.0,1003.5049999999936
2513.1,1005.555699999999
2513.2,1009.8864356435528
2513.3,1011.2068000000019
2513.4,1007.747999999993
2513.5,1009.924000000005
2513.6,1007.3892000000071
2513.7,1015.010990099006
2513.8,1019.7749000000008
2513.9,1022.2720999999995
2514.0,1020.1322000000007
2514.1,1019.8639603960397
2514.2,1009.8340000000253
2514.3,1016.3340000000193
2514.4,1016.7659999999989
2514.5,1012.3536633663346
2514.6,1019.0735000000018
2514.7,1017.3266999999994
2514.8,993.9833663365567
2514.9,993.3968000000078
2515.0,996.6527999999959
2515.1,990.8636000000129
2515.2,996.3106930692811
2515.3,990.6453999999949
2515.4,996.1154000000051
2515.5,989.5631999999941
2515.6,986.5966336633686
2515.7,990.2559999999937
2515.8,987.4341999999872
2515.9,994.6443999999933
2516.0,989.0555445544492
2516.1,995.4675000000102
2516.2,994.8040000000065
2516.3,990.9904999999953
2516.4,995.3958415841549
2516.5,991.9132000000047
2516.6,997.5295999999929
2516.7,992.308800000007
2516.8,995.1386138613955
2516.9,995.3955999999989
2517.0,994.0017999999977
2517.1,1010.7051999999554
2517.2,1008.1892079207985
2517.3,1005.4221999999993
2517.4,1000.6228000000025
2517.5,1007.3807999999957
2517.6,1007.6916831683204
2517.7,1011.7925999999864
2517.8,1016.7018000000098
2517.9,1014.3881247525479
2518.0,1016.1314455445722
2518.1,999.3299999999999
2518.2,996.202
2518.3,997.9199009901042
2518.4,998.2900000000001
2518.5,999.9726999999978
2518.6,989.4232000000284
2518.7,995.7269653465091
2518.8,991.5974574257353
2518.9,993.0360000000019
2519.0,994.8570000000005
2519.1,996.2606930693053
2519.2,998.8483999999953
2519.3,992.0201999999713
2519.4,999.0970000000359
2519.5,992.7940000000065
2519.6,997.9096039603992
2519.7,1000.3120000000002
2519.8,1002.7320000000029
2519.9,1006.2588000000034
2520.0,995.2559405940692
2520.1,998.8124999999887
2520.2,1000.3850000000014
2520.3,1010.7075000000484
2520.4,1013.4628712871267
2520.5,1023.6018000000192
2520.6,1025.4100000000049
2520.7,1026.402799999993
2520.8,1028.645000000003
2520.9,1026.9733663366342
2521.0,1038.3847999999884
2521.1,1043.1144
2521.2,1046.6355999999969
2521.3,1047.0282178217792
2521.4,1044.2707999999939
2521.5,1041.5227999999954
2521.6,1034.9880000000117
2521.7,1043.113663366323
2521.8,1050.9920000000056
2521.9,1060.8495999999973
2522.0,1066.6668999999993
2522.1,1061.6255445544696
2522.2,1063.8469999999845
2522.3,1057.7489999999736
2522.4,1068.5120000000463
2522.5,1069.3388118811818
2522.6,1066.7585
2522.7,1065.4011000000053
2522.8,1063.6600999999996
2522.9,1062.071089108908
2523.0,1063.0623999999993
2523.1,1060.1220000000098
2523.2,1065.92399999998
2523.3,1062.2156435643421
2523.4,1052.1272999999933
2523.5,1047.034099999998
2523.6,1049.1216000000031
2523.7,1053.996899999988
2523.8,1054.6948514851451
2523.9,1061.691000000002
2524.0,1062.9694000000054
2524.1,1057.9740594059558
2524.2,1063.485499999961
2524.3,1063.6779999999933
2524.4,1063.271000000003
2524.5,1066.2966336633658
2524.6,1068.5935999999983
2524.7,1065.3736000000056
2524.8,1076.406800000075
2524.9,1081.4491999999973
2525.0,1080.8640594059414
2525.1,1079.7880000000032
2525.2,1082.0751999999852
2525.3,1087.2853000000084
2525.4,1090.285445544555
2525.5,1090.1226000000006
2525.6,1087.3088000000016
2525.7,1082.0918000000029
2525.8,1069.2975247524273
2525.9,1059.6416999999897
2526.0,1058.7230999999988
2526.1,1059.8413999999982
2526.2,1059.616633663367
2526.3,1060.576000000004
2526.4,1059.22
2526.5,1058.412
2526.6,1058.5451485148521
2526.7,1058.4833999999996
2526.8,1058.7257000000006
2526.9,1057.7048999999952
2527.0,1052.6072277227627
2527.1,1042.8077999999948
2527.2,1038.5257999999976
2527.3,1038.1611999999993
2527.4,1028.453564356447
2527.5,1019.0010000000075
2527.6,1008.8005000000229
2527.7,1003.6274999999972
2527.8,1003.4337999999951
2527.9,997.3529702970127
2528.0,993.9828000000012
2528.1,993.8451999999988
2528.2,994.7047999999958
2528.3,992.3247524752331
2528.4,995.57750000001
2528.5,995.1105000000113
2528.6,993.8554999999933
2528.7,995.8600990099035
2528.8,996.0790000000019
2528.9,998.2012000000038
2529.0,996.0023999999912
2529.1,996.830693069309
2529.2,996.5260000000047
2529.3,995.1373000000051
2529.4,998.308799999998
2529.5,996.7823762376203
2529.6,1000.2291999999936
2529.7,1002.3244000000185
2529.8,1000.3128000000044
2529.9,1000.2587999999959
2530.0,999.5773267326739
2530.1,1001.8057999999992
2530.2,1002.5400000000004
2530.3,1002.0241000000018
2530.4,999.1997386138543
2530.5,997.6429207920797
2530.6,997.4550000000085
2530.7,993.5700000000093
2530.8,993.9000000000108
2530.9,992.2997029702871
2531.0,992.7972000000021
2531.1,992.5123999999976
2531.2,1003.2901980197769
2531.3,1021.9740000000097
2531.4,1027.098400000004
2531.5,1029.5556000000042
2531.6,1032.6139603960341
2531.7,1036.8300000000013
2531.8,1035.7547999999992
2531.9,1036.47656831683
2532.0,1036.2406000000065
2532.1,1035.2485999999967
2532.2,1025.459400000033
2532.3,1005.7586138613535
2532.4,993.4454999999891
2532.5,992.4710000000109
2532.6,992.8080000000099
2532.7,988.3082178217743
2532.8,992.1284000000072
2532.9,993.9320000000013
2533.0,995.2627999999955
2533.1,992.7274257425959
2533.2,990.407799999969
2533.3,993.5706999999896
2533.4,992.0015702970342
2533.5,996.1449544554434
2533.6,997.4884000000004
2533.7,998.4319999999984
2533.8,995.3344554455044
2533.9,991.863000000019
2534.0,993.5984999999985
2534.1,991.3405999999809
2534.2,996.2110980197988
2534.3,994.9440198019806
2534.4,996.1640000000001
2534.5,991.436
2534.6,977.7855445544517
2534.7,978.2751475247667
2534.8,978.7715000000322
2534.9,983.1233999999777
2535.0,983.0952475247763
2535.1,990.948599999999
2535.2,987.6988000000067
2535.3,988.8960000000053
2535.4,990.2749742574194
2535.5,984.1816069306891
2535.6,993.022899999987
2535.7,998.0072000000007
2535.8,994.2963999999726
2535.9,991.6920792079401
2536.0,999.1576000000047
2536.1,999.533200000006
2536.2,997.2099999999709
2536.3,999.2967326732521
2536.4,995.9025000000108
2536.5,998.8390000000031
2536.6,998.2327722772218
2536.7,1002.0397999999841
2536.8,1003.9905999999946
2536.9,1003.1338000000069
2537.0,1002.164356435635
2537.1,995.3660999999965
2537.2,997.6783000000025
2537.3,996.2145000000063
2537.4,999.1074257425747
2537.5,998.2163999999964
2537.6,994.361199999975
2537.7,996.0908000000384
2537.8,988.5070297029775
2537.9,996.3690999999974
2538.0,1004.8418999999997
2538.1,1004.7974000000008
2538.2,1002.2426
2538.3,1004.276336633692
2538.4,1004.552999999961
2538.5,997.0170000000137
2538.6,1005.7100000000137
2538.7,1002.7939999999902
2538.8,1008.3490000000193
2538.9,1008.6268316831381
2539.0,996.3136198019859
2539.1,994.6204999999965
2539.2,986.4132999999895
2539.3,991.2039999999984
2539.4,989.1313861386099
2539.5,997.1475999999992
2539.6,996.5428000000059
2539.7,996.0636831683053
2539.8,998.0045742574032
2539.9,993.6797000000075
2540.0,1000.3940999999965
2540.1,999.6305000000076
2540.2,1007.6684158415842
2540.3,1006.9635999999948
2540.4,1006.0828000000027
2540.5,1004.7914000000118
2540.6,1000.0778217821662
2540.7,1003.5025000000186
2540.8,1001.6475000000102
2540.9,997.059999999949
2541.0,952.0404950494764
2541.1,902.7716000000564
2541.2,843.1868000000468
2541.3,792.3946534651927
2541.4,741.2906999999062
2541.5,685.6535999999757
2541.6,637.8272000001725
2541.7,582.5696039605032
2541.8,533.6417999998042
2541.9,480.41440000000796
2542.0,466.68320000000017
2542.1,466.244158415842
2542.2,465.8391000000007
2542.3,465.5322999999992
2542.4,465.1688495049499
2542.5,464.8386534653463
2542.6,464.57
2542.7,464.4020000000002
2542.8,464.1525742574256
2542.9,463.90479999999985
2543.0,463.8215533980584
2543.1,463.7299106796117
2543.2,463.66732673267353
2543.3,463.59099999999984
2543.4,463.5325
2543.5,463.4855
2543.6,463.44650000000007
2543.7,463.3492079207923
2543.8,463.23420000000004
2543.9,463.25719999999995
2544.0,463.2358
2544.1,463.2016831683168
2544.2,463.1435
2544.3,463.11040000000025
2544.4,463.18
2544.5,463.1632673267328
2544.6,463.04400000000015
2544.7,463.0011999999999
2544.8,463.0063999999999
2544.9,462.9740594059405
2545.0,462.92560000000003
2545.1,462.88890000000004
2545.2,462.8778
2545.3,462.8447524752475
2545.4,462.7169999999999
2545.5,462.69
2545.6,462.68700000000007
2545.7,462.66198019801976
2545.8,462.6863
2545.9,462.7392
2546.0,462.63
2546.1,462.6345
2546.2,462.67910891089105
2546.3,462.6692
2546.4,462.6559999999999
2546.5,462.6092079207921
2546.6,462.6028
2546.7,462.6330000000004
2546.8,462.53509999999994
2546.9,462.47350000000006
2547.0,462.52069306930696
2547.1,462.52760000000006
2547.2,462.49359405940584
2547.3,462.5466569598135
2547.4,462.4896
2547.5,462.4808
2547.6,462.49760000000003
2547.7,462.4407920792079
2547.8,462.46000000000004
2547.9,462.45939999999996
2548.0,462.43910891089104
2548.1,462.40860000000004
2548.2,462.33840000000004
2548.3,462.2610000000002
2548.4,462.3088
2548.5,462.249
2548.6,462.1992
2548.7,462.1596059405941
2548.8,462.1393079207919
2548.9,462.1099
2549.0,462.0994999999999
2549.1,462.04940000000016
2549.2,461.9902970297029
2549.3,462.02
2549.4,461.98
2549.5,461.95
2549.6,461.96000000000004
2549.7,461.95
2549.8,461.95
2549.9,462.06980198019806
2550.0,462.079902970297
2550.1,462.08
2550.2,462.1195999999999
2550.3,462.1101
2550.4,462.11
2550.5,462.1492
2550.6,462.2382
2550.7,462.2693999999999
2550.8,462.19237623762353
2550.9,462.10269999999974
2551.0,462.1194
2551.1,462.1392079207921
2551.2,462.1304
2551.3,462.14920000000006
2551.4,462.1308
2551.5,462.13
2551.6,462.11099009900994
2551.7,462.091
2551.8,462.09950000000003
2551.9,462.12850000000003
2552.0,462.0730000000001
2552.1,462.0229702970298
2552.2,461.95420000000024
2552.3,461.92179999999996
2552.4,461.9294
2552.5,461.93
2552.6,461.9021
2552.7,461.9
2552.8,461.93720000000013
2552.9,461.9307
2553.0,461.8835920792079
2553.1,461.93526336633647
2553.2,461.9583999999999
2553.3,461.9968000000001
2553.4,461.98159999999996
2553.5,461.98
2553.6,461.9891089108911
2553.7,462.0082
2553.8,462.0009
2553.9,462.0
2554.0,461.9909900990099
2554.1,461.99
2554.2,461.99
2554.3,461.99
2554.4,461.9722
2554.5,461.9077
2554.6,461.8822
2554.7,461.8888118811881
2554.8,461.8812
2554.9,461.87119999999993
2555.0,461.87
2555.1,461.8787128712871
2555.2,461.8539000000001
2555.3,461.8326
2555.4,461.88220000000007
2555.5,461.92445544554454
2555.6,461.93859999999995
2555.7,461.90560000000005
2555.8,461.90860000000004
2555.9,461.90999999999997
2556.0,461.9610891089109
2556.1,461.9359999999999
2556.2,461.94699999999995
2556.3,461.95
2556.4,461.9836633663366
2556.5,461.94800000000004
2556.6,461.9316
2556.7,461.9466336633663
2556.8,461.9583
2556.9,461.9766
2557.0,461.88869999999986
2557.1,461.87
2557.2,461.8782
2557.3,461.89639999999997
2557.4,461.85080000000005
2557.5,461.8562376237624
2557.6,461.88429999999994
2557.7,461.86570000000006
2557.8,461.8438
2557.9,461.8480198019802
2558.0,461.85
2558.1,461.89
2558.2,461.964
2558.3,461.93247524752456
2558.4,461.96740000000017
2558.5,462.02739999999994
2558.6,462.07159999999993
2558.7,462.0326000000001
2558.8,461.97306930693065
2558.9,461.9756
2559.0,461.9644
2559.1,461.999
2559.2,461.9559405940595
2559.3,461.95540000000005
2559.4,461.97540000000004
2559.5,461.9342574257425
2559.6,461.92
2559.7,461.9124
2559.8,461.9252
2559.9,461.96009900990094
2560.0,461.96999999999997
2560.1,461.90250000000015
2560.2,461.93198019801963
2560.3,461.97960000000006
2560.4,461.96779999999995
2560.5,461.9748
2560.6,461.9726
2560.7,462.0212871287128
2560.8,462.0546
2560.9,461.9870000000001
2561.0,461.96000000000004
2561.1,462.01839999999993
2561.2,461.9670000000001
2561.3,461.9110891089108
2561.4,461.89279999999997
2561.5,461.8539999999999
2561.6,461.8975999999999
2561.7,461.89120000000014
2561.8,461.8158415841584
2561.9,461.81129999999996
2562.0,461.8555
2562.1,461.8913
2562.2,461.8574
2562.3,461.8329702970297
2562.4,461.8650000000001
2562.5,461.9289999999999
2562.6,461.88700000000017
2562.7,461.8250000000001
2562.8,461.8447227722773
2562.9,461.8668079207921
2563.0,461.8148
2563.1,461.7969
2563.2,461.8069
2563.3,461.84450000000004
2563.4,461.8531
2563.5,461.8431049504951
2563.6,461.8739999999999
2563.7,461.95119999999986
2563.8,461.9597346534653
2563.9,461.8895039603959
2564.0,461.90020000000004
2564.1,461.88649999999996
2564.2,461.889900990099
2564.3,461.8735999999999
2564.4,461.86
2564.5,461.8534
2564.6,461.83693069306935
2564.7,461.8105000000001
2564.8,461.787
2564.9,461.8057425742574
2565.0,461.7944
2565.1,461.7928
2565.2,461.76800000000003
2565.3,461.7753465346536
2565.4,461.80890000000005
2565.5,461.82
2565.6,461.82629999999995
2565.7,461.8362376237624
2565.8,461.84000000000003
2565.9,461.8276
2566.0,461.89439999999996
2566.1,461.94
2566.2,461.94609999999994
2566.3,461.95
2566.4,461.9561
2566.5,461.91717920792087
2566.6,461.8355643564357
2566.7,461.812
2566.8,461.86800000000017
2566.9,461.888
2567.0,461.84435643564365
2567.1,461.81410000000005
2567.2,461.82769999999994
2567.3,461.8458415841584
2567.4,461.821
2567.5,461.8116
2567.6,461.8142
2567.7,461.81
2567.8,461.81
2567.9,461.7929
2568.0,461.80279999999993
2568.1,461.8256435643564
2568.2,461.8076000000001
2568.3,461.7507999999999
2568.4,461.7368
2568.5,461.7389108910891
2568.6,461.7629999999999
2568.7,461.7515000000001
2568.8,461.68149999999974
2568.9,461.6554455445545
2569.0,461.67080000000004
2569.1,461.6530000000001
2569.2,461.6192000000001
2569.3,461.6367326732673
2569.4,461.6706
2569.5,461.68
2569.6,461.6694
2569.7,461.67049504950495
2569.8,461.71120000000013
2569.9,461.7452
2570.0,461.73439999999994
2570.1,461.73544554455447
2570.2,461.75509999999997
2570.3,461.74469999999997
2570.4,461.6943
2570.5,461.649900990099
2570.6,461.6599999999999
2570.7,461.675
2570.8,461.66499999999996
2570.9,461.6449999999999
2571.0,461.639900990099
2571.1,461.6598
2571.2,461.6798
2571.3,461.6998
2571.4,461.729405940594
2571.5,461.7596
2571.6,461.77941176470586
2571.7,461.7668941176471
2571.8,461.73089108910887
2571.9,461.73350000000005
2572.0,461.77250000000004
2572.1,461.76881188118807
2572.2,461.7563999999999
2572.3,461.7856
2572.4,461.78
2572.5,461.79759999999993
2572.6,461.81564356435644
2572.7,461.81859999999995
2572.8,461.8257
2572.9,461.80279999999993
2573.0,461.77148514851484
2573.1,461.79779999999994
2573.2,461.84159999999997
2573.3,461.81319999999994
2573.4,461.75673267326727
2573.5,461.7059
2573.6,461.7204999999999
2573.7,461.7337623762378
2573.8,461.722
2573.9,461.744
2574.0,461.746
2574.1,461.736
2574.2,461.7141584158416
2574.3,461.68219999999997
2574.4,461.7129000000003
2574.5,461.7838613861386
2574.6,461.7862
2574.7,461.76480000000004
2574.8,461.74
2574.9,461.73247524752475
2575.0,461.71630000000005
2575.1,461.71
2575.2,461.69520000000006
2575.3,461.6773267326733
2575.4,461.66119999999995
2575.5,461.592
2575.6,461.57079999999996
2575.7,461.59712871287127
2575.8,461.61350000000004
2575.9,461.62
2576.0,461.60600000000005
2576.1,461.58346534653464
2576.2,461.5934
2576.3,461.5829999999999
2576.4,461.54319999999996
2576.5,461.5436000000001
2576.6,461.5834653465347
2576.7,461.58360000000005
2576.8,461.5101999999998
2576.9,461.4733
2577.0,461.48326732673263
2577.1,461.4868
2577.2,461.4832
2577.3,461.4963366336634
2577.4,461.51
2577.5,461.5193
2577.6,461.5431
2577.7,461.5562
2577.8,461.57
2577.9,461.567
2578.0,461.55699999999996
2578.1,461.5054455445547
2578.2,461.3826000000001
2578.3,461.36030000000005
2578.4,461.4013
2578.5,461.3771287128713
2578.6,461.3867999999999
2578.7,461.42440000000005
2578.8,461.4349504950497
2578.9,461.51890000000003
2579.0,461.58080000000007
2579.1,461.6127
2579.2,461.6146
2579.3,461.58109999999994
2579.4,461.51128712871287
2579.5,461.4418000000001
2579.6,461.3718000000001
2579.7,461.2940000000001
2579.8,461.19683168316806
2579.9,461.09249999999986
2580.0,460.96999999999997
2580.1,460.9424752475247
2580.2,460.9476
2580.3,460.9303999999999
2580.4,460.89529504950497
2580.5,460.88237623762376
2580.6,460.88080000000014
2580.7,460.85
2580.8,460.8636633663367
2580.9,460.92319999999995
2581.0,460.97
2581.1,460.9722
2581.2,460.9691089108911
2581.3,460.9510000000002
2581.4,461.0405000000001
2581.5,461.0652999999999
2581.6,461.01419999999996
2581.7,461.03831683168306
2581.8,461.066
2581.9,461.048
2582.0,461.042
2582.1,461.0460396039604
2582.2,461.03759999999994
2582.3,461.0662
2582.4,461.05
2582.5,461.0464
2582.6,461.0372
2582.7,461.0754
2582.8,461.09643564356435
2582.9,461.07829999999996
2583.0,461.0734
2583.1,461.09509999999995
2583.2,461.1166336633664
2583.3,461.0952
2583.4,461.0652
2583.5,461.03999999999996
2583.6,461.03400000000005
2583.7,461.0
2583.8,460.99549999999994
2583.9,460.97749999999996
2584.0,461.02594059405936
2584.1,461.04319999999996
2584.2,460.9455999999999
2584.3,460.9870000000001
2584.4,461.0258415841584
2584.5,460.9961
2584.6,460.9635
2584.7,460.92519999999996
2584.8,460.96260000000007
2584.9,460.97220000000004
2585.0,460.90841584158426
2585.1,460.8383999999998
2585.2,460.89760000000007
2585.3,460.8824
2585.4,460.90475247524756
2585.5,460.9422
2585.6,460.9644
2585.7,461.0
2585.8,460.99559999999997
2585.9,460.96108910891087
2586.0,460.97200000000004
2586.1,460.9830000000002
2586.2,460.91900000000004
2586.3,460.90702970297025
2586.4,460.8773
2586.5,460.85179999999997
2586.6,460.8709
2586.7,460.8755445544555
2586.8,460.8332000000001
2586.9,460.87480000000016
2587.0,460.92760000000004
2587.1,460.9031683168316
2587.2,460.94069999999994
2587.3,460.95
2587.4,460.9493
2587.5,460.940693069307
2587.6,460.94820000000004
2587.7,460.9194
2587.8,460.9094
2587.9,460.89584158415823
2588.0,460.8254999999999
2588.1,460.74300000000005
2588.2,460.7995
2588.3,460.7914851485149
2588.4,460.81960000000004
2588.5,460.80800000000005
2588.6,460.76159999999993
2588.7,460.8035643564356
2588.8,460.8884999999999
2588.9,460.8406
2589.0,460.86060000000003
2589.1,460.8788000000001
2589.2,460.8408910891088
2589.3,460.8702
2589.4,460.8798
2589.5,460.8721999999999
2589.6,460.97940594059406
2589.7,460.9499
2589.8,460.93979999999993
2589.9,460.92
2590.0,460.920297029703
2590.1,460.98
2590.2,460.94
2590.3,460.87
2590.4,460.86
2590.5,460.86
2590.6,460.80060000000014
2590.7,460.79049207920804
2590.8,460.8586059405941
2590.9,460.909
2591.0,460.9002
2591.1,460.85148514851494
2591.2,460.87909999999994
2591.3,507.5661000001423
2591.4,567.6853000001788
2591.5,624.9404940593264
2591.6,680.2498376238073
2591.7,738.543199999798
2591.8,798.7776000000549
2591.9,858.6844000000544
2592.0,917.8150495048893
2592.1,975.7084999999342
2592.2,1032.4079999999356
2592.3,1044.7269257426076
2592.4,1039.32311089108
2592.5,1042.277600000005
2592.6,1046.8609999999865
2592.7,1046.6374257425746
2592.8,1037.4859999999621
2592.9,1038.0833999999995
2593.0,1040.4070277228961
2593.1,1038.6377148515012
2593.2,1034.6336000000115
2593.3,1048.2472000000275
2593.4,1049.9035128712885
2593.5,1062.756380198019
2593.6,1061.4802000000007
2593.7,1059.3190000000004
2593.8,1057.589306930689
2593.9,1061.2000000000096
2594.0,1063.5279999999962
2594.1,1067.7899999999897
2594.2,1065.7984158415843
2594.3,1061.4504999999967
2594.4,1051.2934999999975
2594.5,1052.1648000000005
2594.6,1052.9839603960386
2594.7,1059.6247999999864
2594.8,1060.5728000000001
2594.9,1058.2391999999927
2595.0,1060.6471287128743
2595.1,1061.6416000000004
2595.2,1063.844099999992
2595.3,1066.7700000000023
2595.4,1068.4693069306913
2595.5,1067.6824000000015
2595.6,1066.247200000002
2595.7,1062.9870000000049
2595.8,1062.7795049504957
2595.9,1066.4935000000048
2596.0,1076.3285000000121
2596.1,1089.208712871279
2596.2,1088.6585940594089
2596.3,1092.4760000000188
2596.4,1087.2100000000014
2596.5,1085.042000000001
2596.6,1078.836930693088
2596.7,1088.81669999996
2596.8,1085.358099999989
2596.9,1091.2765000000136
2597.0,1067.098613861389
2597.1,1051.3392000000056
2597.2,1050.5349999999992
2597.3,1053.1050000000012
2597.4,1056.1993999999986
2597.5,1059.4248514851536
2597.6,1055.6579000000088
2597.7,1053.7552000000028
2597.8,1055.2267000000043
2597.9,1053.5186514851475
2598.0,1055.1281386138614
2598.1,1052.756
2598.2,1052.166
2598.3,1040.4479999999867
2598.4,1031.2921782178064
2598.5,1019.7534000000138
2598.6,1020.4063999999914
2598.7,1012.6611000000224
2598.8,1003.4242574257347
2598.9,1004.2278000000016
2599.0,992.8787999999929
2599.1,993.3444000000022
2599.2,985.6962000000347
2599.3,995.9402930693461
2599.4,996.6339653465226
2599.5,994.6035000000007
2599.6,994.0775000000004
2599.7,995.9925722772192
2599.8,999.7496316831722
2599.9,995.4731999999937
2600.0,998.1572000000051
2600.1,996.4247603960428
2600.2,995.9382178217811
2600.3,994.2749999999917
2600.4,991.6875
2600.5,997.6092079207983
2600.6,992.0312000000213
2600.7,993.6507999999811
2600.8,992.8515999999958
2600.9,991.6081999999992
2601.0,993.5700990099006
2601.1,987.076500000007
2601.2,991.6534999999933
2601.3,990.6826999999972
2601.4,993.2763366336694
2601.5,993.3427999999963
2601.6,992.6864000000003
2601.7,993.5139999999967
2601.8,989.4159405940571
2601.9,997.9107999999967
2602.0,996.4868000000018
2602.1,996.852499999999
2602.2,997.1737623762394
2602.3,996.4929999999989
2602.4,999.2240000000094
2602.5,985.8650000000189
2602.6,989.1882178217747
2602.7,984.2668000000386
2602.8,989.230400000003
2602.9,988.2728633663213
2603.0,984.6570376237634
2603.1,994.0559999999733
2603.2,994.2448000000121
2603.3,997.7286534653563
2603.4,985.7771940593916
2603.5,991.8127000000135
2603.6,995.0334999999966
2603.7,993.1521000000008
2603.8,995.2522772277305
2603.9,994.2217999999993
2604.0,998.8189999999883
2604.1,995.1336000000136
2604.2,993.8764356435555
2604.3,992.0949999999948
2604.4,992.0995000000028
2604.5,997.8445000000085
2604.6,997.5093712871288
2604.7,1001.5395643564284
2604.8,997.3735999999581
2604.9,994.4719801980244
2605.0,991.939199999992
2605.1,991.2332999999975
2605.2,995.9152999999814
2605.3,995.2259999999924
2605.4,997.3360396039623
2605.5,993.2444000000047
2605.6,991.2777999999986
2605.7,989.4954000000023
2605.8,994.1546534653762
2605.9,1006.279800000027
2606.0,983.6677
2606.1,956.2086999999977
2606.2,958.4916999999917
2606.3,958.5945544554353
2606.4,959.1288000000052
2606.5,963.3245999999966
2606.6,959.4450000000008
2606.7,958.7503960396054
2606.8,970.7443000001194
2606.9,994.3954999999938
2607.0,993.67099999999
2607.1,998.8535999999947
2607.2,999.773366336641
2607.3,1001.7068000000099
2607.4,1006.3443999999943
2607.5,1003.9812000000045
2607.6,1007.569199999999
2607.7,1007.9400990099041
2607.8,1008.9185000000167
2607.9,1009.7194999999875
2608.0,1005.9384158415836
2608.1,1004.3240000000015
2608.2,998.7969999999999
2608.3,998.5341999999988
2608.4,997.6502970297024
2608.5,998.1322999999977
2608.6,997.4493000000059
2608.7,995.0135643564215
2608.8,1000.5779999999912
2608.9,997.5904000000018
2609.0,999.3252000000011
2609.1,1004.1604950494896
2609.2,1012.0407999999982
2609.3,1013.9392999999681
2609.4,1008.0501999999988
2609.5,1013.147799999999
2609.6,1015.4732673267346
2609.7,1014.8719999999927
2609.8,1017.2360000000008
2609.9,1019.4477227723236
2610.0,1020.7976990099555
2610.1,1009.0930999999969
2610.2,999.8533999999984
2610.3,999.0629999999985
2610.4,997.6249504950457
2610.5,1001.475200000024
2610.6,995.7855999999754
2610.7,1003.0084000000164
2610.8,997.1127722772321
2610.9,998.5638
2611.0,997.2347999999968
2611.1,995.9200000000054
2611.2,998.9439000000057
2611.3,996.2808910891338
2611.4,1007.6763999999833
2611.5,1003.0525999999918
2611.6,1006.4782000000054
2611.7,1002.3832673267412
2611.8,1000.8000000000084
2611.9,1005.0974999999944
2612.0,1004.7047524752558
2612.1,1011.9480000000103
2612.2,1006.9983999999863
2612.3,1017.58639999999
2612.4,1016.4002970297007
2612.5,1023.5221000000034
2612.6,1028.9180999999926
2612.7,1033.0693999999712
2612.8,1039.821188118808
2612.9,1039.4811999999952
2613.0,1046.3706000000027
2613.1,1044.652999999994
2613.2,1053.2196039604014
2613.3,1047.0463999999854
2613.4,1040.6696999999929
2613.5,1037.0296999999953
2613.6,1031.2574257425956
2613.7,1024.131999999993
2613.8,1031.672
2613.9,1038.356
2614.0,1043.0544554455435
2614.1,1044.2398000000114
2614.2,1040.9663999999866
2614.3,1046.0179693069272
2614.4,1047.9226495049845
2614.5,1062.8212000000046
2614.6,1071.8310000000013
2614.7,1073.2132000000022
2614.8,1068.3350396039602
2614.9,1068.27767029703
2615.0,1070.733000000005
2615.1,1068.8875999999932
2615.2,1080.9803960395066
2615.3,1122.1703999999943
2615.4,1116.5643999999984
2615.5,1114.9696
2615.6,1115.2442217821783
2615.7,1117.3072821782002
2615.8,1120.8449999999784
2615.9,1114.7464999999952
2616.0,1119.3553465346477
2616.1,1125.4363999999985
2616.2,1116.4134000001613
2616.3,1071.7797999999898
2616.4,1065.6742000000027
2616.5,1068.0063366336678
2616.6,1071.2340000000022
2616.7,1067.2423000000065
2616.8,1062.4659000000834
2616.9,1084.483168316832
2617.0,1084.0024000000026
2617.1,1086.3559999999868
2617.2,1090.9601504950401
2617.3,1092.9109118811898
2617.4,1086.6345999999985
2617.5,1092.1757000000011
2617.6,1087.7859999999996
2617.7,1089.6848514851467
2617.8,1089.7789999999138
2617.9,1055.3899999999937
2618.0,1052.6079999999938
2618.1,1049.2954455445574
2618.2,1048.1401999999996
2618.3,1049.6591999999998
2618.4,1048.9586000000008
2618.5,1052.3186000000005
2618.6,1053.3216831683167
2618.7,1049.2196000000008
2618.8,1049.333200000016
2618.9,1054.4047999999925
2619.0,1051.6276237623729
2619.1,1052.6857999999959
2619.2,1041.8722000000291
2619.3,1034.8417999999997
2619.4,1033.3896999999884
2619.5,1017.4610891089121
2619.6,1018.9260000000128
2619.7,1009.8608000000053
2619.8,1005.9645999999839
2619.9,1000.7665346534442
2620.0,994.1914999999993
2620.1,993.651
2620.2,994.0115346534429
2620.3,1000.1100198019406
2620.4,989.4743999999911
2620.5,998.7992000000032
2620.6,995.4527999999992
2620.7,996.1916831683181
2620.8,994.8519999999911
2620.9,989.6900000000143
2621.0,998.2267999999907
2621.1,992.174257425724
2621.2,998.4420000000019
2621.3,994.6043999999969
2621.4,993.8186138613866
2621.5,992.6627999999806
2621.6,983.1566999999709
2621.7,994.6209000000223
2621.8,985.8545544554567
2621.9,991.3100000000001
2622.0,986.76
2622.1,981.81
2622.2,986.8100000000001
2622.3,980.3644554455282
2622.4,990.4079000000256
2622.5,985.6392000000099
2622.6,986.8571999999973
2622.7,984.7118000000044
2622.8,983.2247999999962
2622.9,989.0421782178247
2623.0,980.663399999996
2623.1,991.0348000000049
2623.2,985.7718000000224
2623.3,989.8904950495173
2623.4,976.2750999999582
2623.5,982.8921999999894
2623.6,988.8814999999905
2623.7,982.9136574258498
2623.8,994.5523762376399
2623.9,985.1039999999907
2624.0,1001.557200000016
2624.1,1002.3848
2624.2,1006.752772277223
2624.3,1010.7705000000137
2624.4,1008.8230000000021
2624.5,1011.1514999999971
2624.6,1003.4824752475497
2624.7,1008.1223999999827
2624.8,1004.2199999999938
2624.9,1000.8761999999956
2625.0,1001.1825742574255
2625.1,995.4354000000042
2625.2,999.0454999999971
2625.3,990.6172999999637
2625.4,993.9838613861472
2625.5,990.8891999999931
2625.6,986.3856000000109
2625.7,992.77279999998
2625.8,987.8764356435647
2625.9,995.266099999998
2626.0,987.678000000002
2626.1,992.4828999999986
2626.2,992.9138613861388
2626.3,989.2639999999908
2626.4,994.0710000000132
2626.5,990.5730000000083
2626.6,997.6407920792076
2626.7,1007.1841000000022
2626.8,1008.2588999999999
2626.9,1008.4914000000001
2627.0,1006.9429376237653
2627.1,1019.8941940593786
2627.2,1013.0660000000178
2627.3,1013.7468000000057
2627.4,1021.3216000000227
2627.5,1021.3005940594048
2627.6,1024.3690000000026
2627.7,994.8089000001131
2627.8,994.7570000000036
2627.9,991.2767326732725
2628.0,988.657800000003
2628.1,989.6987999999978
2628.2,985.8092000000065
2628.3,993.4164356435782
2628.4,988.6719999999917
2628.5,990.7250000000042
2628.6,982.6184999999883
2628.7,984.6583168316806
2628.8,987.7156000000103
2628.9,983.0460000000012
2629.0,991.6123999999897
2629.1,985.9448514851717
2629.2,990.7130999999777
2629.3,990.0992999999964
2629.4,985.8172999999925
2629.5,994.0519613861394
2629.6,993.1620158415855
2629.7,997.0007999999974
2629.8,989.0817821781916
2629.9,992.1392000000129
2630.0,1004.6557000000286
2630.1,999.7527000000152
2630.2,1009.9776237623689
2630.3,995.7239999999804
2630.4,1002.4200000000001
2630.5,991.314
2630.6,997.546
2630.7,1001.5937623762344
2630.8,1003.4420000000046
2630.9,1009.1604000000169
2631.0,988.6180000000304
2631.1,994.53613861386
2631.2,988.1692000000382
2631.3,989.5918000000024
2631.4,993.2872000000015
2631.5,993.5906930693076
2631.6,996.8425999999931
2631.7,991.4359000000132
2631.8,995.9341000000247
2631.9,986.7850999999575
2632.0,991.0199009901127
2632.1,990.5351999999965
2632.2,987.7020000000065
2632.3,990.1450495049617
2632.4,986.6275
2632.5,990.7074999999915
2632.6,981.4475000000169
2632.7,985.8699999999876
2632.8,986.1889108910831
2632.9,989.0378000000067
2633.0,958.2879999999408
2633.1,910.6812000000983
2633.2,859.6594000001646
2633.3,802.5934831682388
2633.4,757.9651029703024
2633.5,702.9033000000414
2633.6,657.7718000000268
2633.7,605.4467623762785
2633.8,556.5911445543467
2633.9,501.009199999892
2634.0,471.72959999996806
2634.1,465.7763366336628
2634.2,465.07600000000014
2634.3,464.8179999999998
2634.4,464.5825000000001
2634.5,464.3609000000001
2634.6,464.15237623762414
2634.7,464.0060000000003
2634.8,463.8719999999997
2634.9,463.7529999999997
2635.0,463.6643465346534
2635.1,463.6469306930693
2635.2,463.63620000000003
2635.3,463.561
2635.4,463.5162
2635.5,463.42118811881204
2635.6,463.3256000000001
2635.7,463.2660000000001
2635.8,463.2227999999999
2635.9,463.2167326732673
2636.0,463.1798
2636.1,463.1063999999999
2636.2,463.0398000000001
2636.3,463.0401
2636.4,463.03673267326735
2636.5,463.00360000000006
2636.6,462.95040000000006
2636.7,462.9168
2636.8,462.8903960396039
2636.9,462.84749999999997
2637.0,462.82349999999997
2637.1,462.84599999999995
2637.2,462.8338712871289
2637.3,462.74952871287087
2637.4,462.6587999999999
2637.5,462.65559999999994
2637.6,462.68267326732666
2637.7,462.69
2637.8,462.6584999999999
2637.9,462.62739999999997
2638.0,462.59504950495045
2638.1,462.58619999999996
2638.2,462.5776
2638.3,462.57
2638.4,462.6066000000001
2638.5,462.60560000000004
2638.6,462.5351000000002
2638.7,462.4577227722773
2638.8,462.44800000000004
2638.9,462.454
2639.0,462.45
2639.1,462.438
2639.2,462.45372178217815
2639.3,462.4345999999998
2639.4,462.40999999999997
2639.5,462.39230000000003
2639.6,462.36825841584164
2639.7,462.3772336633663
2639.8,462.43640000000005
2639.9,462.4468
2640.0,462.40099999999995
2640.1,462.36277227722775
2640.2,462.34430000000003
2640.3,462.34
2640.4,462.26019999999994
2640.5,462.20000000000005
2640.6,462.21680000000003
2640.7,462.20760000000007
2640.8,462.1395999999999
2640.9,462.10554455445543
2641.0,462.1155
2641.1,462.14199999999994
2641.2,462.13800000000003
2641.3,462.1034999999999
2641.4,462.1172277227724
2641.5,462.1670000000001
2641.6,462.2116
2641.7,462.22460000000007
2641.8,462.20396039603963
2641.9,462.2059
2642.0,462.22
2642.1,462.16170000000005
2642.2,462.0835
2642.3,462.0232673267325
2642.4,462.0160000000001
2642.5,462.0452
2642.6,461.9933663366336
2642.7,461.89410000000004
2642.8,461.86530000000005
2642.9,461.8851
2643.0,461.8696
2643.1,461.85
2643.2,461.82500000000016
2643.3,461.8
2643.4,461.77524752475244
2643.5,461.70099999999996
2643.6,461.6647
2643.7,461.73879999999974
2643.8,461.8098
2643.9,461.78118811881194
2644.0,461.7543999999999
2644.1,461.8035999999999
2644.2,461.83520000000004
2644.3,461.8443524752476
2644.4,461.86490990099014
2644.5,461.87
2644.6,461.90290000000005
2644.7,461.96349999999995
2644.8,461.9620792079207
2644.9,461.92999999999995
2645.0,461.93
2645.1,461.93910891089104
2645.2,461.9410000000001
2645.3,461.93
2645.4,461.970099009901
2645.5,462.0244
2645.6,462.00360000000006
2645.7,461.94800000000004
2645.8,461.93742574257436
2645.9,461.9427999999999
2646.0,461.9372000000001
2646.1,461.9514
2646.2,461.92722772277233
2646.3,461.9310000000001
2646.4,461.9264
2646.5,461.8842
2646.6,461.9066336633663
2646.7,461.93409999999994
2646.8,461.94820000000004
2646.9,461.9437623762376
2647.0,461.884
2647.1,461.822
2647.2,461.8499999999998
2647.3,461.9060396039604
2647.4,461.89219999999995
2647.5,461.8761
2647.6,461.89729999999986
2647.7,461.94
2647.8,461.9362
2647.9,461.9376
2648.0,461.9766000000001
2648.1,462.0314
2648.2,462.0123762376238
2648.3,461.9870000000003
2648.4,462.05370000000005
2648.5,462.06
2648.6,462.0416831683169
2648.7,461.99560000000014
2648.8,461.97720000000004
2648.9,461.9936
2649.0,462.0106930693069
2649.1,462.03
2649.2,462.0335
2649.3,462.0119999999997
2649.4,461.97039603960405
2649.5,461.9968
2649.6,462.0066
2649.7,462.0
2649.8,461.98979999999995
2649.9,461.9430693069306
2650.0,461.8867
2650.1,461.8932
2650.2,461.9233
2650.3,461.9465000000001
2650.4,461.98
2650.5,461.9704
2650.6,461.94680000000005
2650.7,461.94
2650.8,461.9495049504951
2650.9,461.98859999999996
2651.0,462.0145
2651.1,461.9707
2651.2,461.9285148514852
2651.3,461.87699999999995
2651.4,461.8639999999999
2651.5,461.8349999999999
2651.6,461.7851485148516
2651.7,461.73840000000007
2651.8,461.7332
2651.9,461.80740000000003
2652.0,461.86722772277227
2652.1,461.91839999999996
2652.2,461.9595999999999
2652.3,462.0240000000001
2652.4,462.08520000000016
2652.5,462.15
2652.6,462.17772277227715
2652.7,462.2689
2652.8,462.32540000000006
2652.9,462.34810000000004
2653.0,462.3512871287129
2653.1,462.30779999999993
2653.2,462.33779999999996
2653.3,462.34179999999975
2653.4,462.27455445544535
2653.5,462.26000000000016
2653.6,462.3425
2653.7,462.32499999999993
2653.8,462.3226732673267
2653.9,462.2508000000001
2654.0,462.2091999999999
2654.1,462.27950495049504
2654.2,462.31229999999994
2654.3,462.3061999999999
2654.4,462.26460000000003
2654.5,462.27544554455443
2654.6,462.2556
2654.7,462.2444
2654.8,462.25119999999987
2654.9,462.2376
2655.0,462.29564356435645
2655.1,462.25900000000024
2655.2,462.1716000000001
2655.3,462.15470000000016
2655.4,462.2079207920792
2655.5,462.20599999999996
2655.6,462.236
2655.7,462.252
2655.8,462.23188118811885
2655.9,462.28380000000004
2656.0,462.2943000000001
2656.1,462.27949999999987
2656.2,462.33899999999977
2656.3,462.41059405940587
2656.4,462.3682
2656.5,462.3438
2656.6,462.2736
2656.7,462.30069306930693
2656.8,462.3431999999999
2656.9,462.29809999999986
2657.0,462.24339999999995
2657.1,462.2633663366336
2657.2,462.28799999999984
2657.3,462.3412000000001
2657.4,462.3855999999999
2657.5,462.31633663366335
2657.6,462.35
2657.7,462.34400000000005
2657.8,462.3009999999998
2657.9,462.26048514851476
2658.0,462.3246257425742
2658.1,462.34579999999994
2658.2,462.3116000000002
2658.3,462.2487999999999
2658.4,462.19524752475263
2658.5,462.2939
2658.6,462.3174
2658.7,462.2948
2658.8,462.2704000000003
2658.9,462.3452257425742
2659.0,462.37973861386143
2659.1,462.3788
2659.2,462.37
2659.3,462.37120000000004
2659.4,462.37287128712865
2659.5,462.3156
2659.6,462.2844
2659.7,462.32439999999997
2659.8,462.35450000000003
2659.9,462.30016534653464
2660.0,462.2149999999999
2660.1,462.17
2660.2,462.1630000000002
2660.3,462.0969999999999
2660.4,462.0709900990099
2660.5,462.07370000000003
2660.6,462.0109
2660.7,462.0218
2660.8,462.0391
2660.9,462.03
2661.0,462.0327643564357
2661.1,462.0663999999999
2661.2,462.13840000000005
2661.3,462.12400000000014
2661.4,462.1715841584159
2661.5,462.1914
2661.6,462.2086
2661.7,462.18510000000026
2661.8,462.1206930693069
2661.9,462.13
2662.0,462.13
2662.1,462.12760000000003
2662.2,462.0959999999999
2662.3,462.19
2662.4,462.19
2662.5,462.1905
2662.6,462.198
2662.7,462.1649504950492
2662.8,462.2587999999999
2662.9,462.2284
2663.0,462.18799207920796
2663.1,462.14108019801984
2663.2,462.1588000000001
2663.3,462.1206
2663.4,462.13699999999983
2663.5,462.040594059406
2663.6,462.06179999999995
2663.7,462.1492
2663.8,462.10979999999995
2663.9,462.1017960396039
2664.0,462.190696039604
2664.1,462.23990000000003
2664.2,462.22980000000007
2664.3,462.21029702970304
2664.4,462.24
2664.5,462.31
2664.6,462.35
2664.7,462.22
2664.8,462.2398019801981
2664.9,462.2499
2665.0,462.27969999999993
2665.1,462.2008000000002
2665.2,462.21960396039594
2665.3,462.2102
2665.4,462.2296
2665.5,462.19079999999997
2665.6,462.209405940594
2665.7,462.2294
2665.8,462.20089999999993
2665.9,462.2192079207921
2666.0,462.19120792079207
2666.1,462.1708
2666.2,462.1220000000002
2666.3,462.1770297029705
2666.4,462.161
2666.5,462.10300000000007
2666.6,462.138
2666.7,462.11150000000004
2666.8,462.12881188118814
2666.9,462.13
2667.0,462.16760000000005
2667.1,462.1794
2667.2,462.2451485148514
2667.3,462.23139999999995
2667.4,462.2207
2667.5,462.17350000000005
2667.6,462.16079207920797
2667.7,462.20599999999985
2667.8,462.1823999999999
2667.9,462.1339999999999
2668.0,462.1208910891089
2668.1,462.1655
2668.2,462.1154
2668.3,462.06449999999995
2668.4,462.0960396039605
2668.5,462.1539999999999
2668.6,462.151
2668.7,462.13200000000006
2668.8,462.1121782178218
2668.9,462.1456
2669.0,462.1322
2669.1,462.05968118811893
2669.2,462.0587881188119
2669.3,462.0247999999999
2669.4,462.03760000000005
2669.5,462.0312
2669.6,462.0909900990099
2669.7,462.1174
2669.8,462.14610000000005
2669.9,462.1761
2670.0,462.2144554455445
2670.1,462.2801999999999
2670.2,462.30719999999997
2670.3,462.31
2670.4,462.19949999999983
2670.5,462.0949999999999
2670.6,462.04599999999994
2670.7,461.96350000000024
2670.8,461.8658415841581
2670.9,461.7912
2671.0,461.7716
2671.1,461.7949504950494
2671.2,461.77510000000007
2671.3,461.80320000000006
2671.4,461.9262000000002
2671.5,462.0330000000002
2671.6,462.0828712871287
2671.7,462.0982
2671.8,462.13280000000003
2671.9,462.1318
2672.0,462.03257425742555
2672.1,461.9128000000002
2672.2,461.86570000000006
2672.3,461.75469999999973
2672.4,461.6738613861386
2672.5,461.55600000000004
2672.6,461.45799999999997
2672.7,461.448
2672.8,461.4658415841585
2672.9,461.4383999999999
2673.0,461.43
2673.1,461.4378217821782
2673.2,461.4478
2673.3,461.4734
2673.4,461.42539999999997
2673.5,461.4563366336633
2673.6,461.47769999999997
2673.7,461.4646
2673.8,461.4368999999999
2673.9,461.4377
2674.0,461.409504950495
2674.1,461.44560000000007
2674.2,461.46
2674.3,461.4448
2674.4,461.48514851485146
2674.5,461.515
2674.6,461.49750000000006
2674.7,461.46750000000003
2674.8,461.48235148514857
2674.9,461.49002574257423
2675.0,461.5122
2675.1,461.50520000000006
2675.2,461.4852000000001
2675.3,461.51663366336635
2675.4,461.53
2675.5,461.47890000000007
2675.6,461.42350000000005
2675.7,461.4461386138613
2675.8,461.45279999999997
2675.9,461.4428
2676.0,461.4186138613861
2676.1,461.3887
2676.2,461.38
2676.3,461.3658
2676.4,461.36
2676.5,461.37399999999997
2676.6,461.42199999999985
2676.7,461.447
2676.8,461.46386138613866
2676.9,461.4838
2677.0,461.49
2677.1,461.50366336633664
2677.2,461.53039999999993
2677.3,461.5468
2677.4,461.5772000000001
2677.5,461.59680000000003
2677.6,461.5864673267327
2677.7,461.56660000000005
2677.8,461.60020000000003
2677.9,461.62
2678.0,461.6133
2678.1,461.55639999999994
2678.2,461.53
2678.3,461.51673267326726
2678.4,461.4902
2678.5,461.46020000000004
2678.6,461.47639999999996
2678.7,461.49
2678.8,461.5098000000001
2678.9,461.4611881188117
2679.0,461.43
2679.1,461.4754999999999
2679.2,461.5389999999998
2679.3,461.5274999999999
2679.4,461.5165
2679.5,461.54600000000005
2679.6,461.54706435643567
2679.7,461.5336
2679.8,461.5107999999999
2679.9,461.47439999999995
2680.0,461.4792
2680.1,461.49
2680.2,461.45185346534663
2680.3,461.43
2680.4,461.43
2680.5,461.4110999999999
2680.6,461.4126
2680.7,461.3696000000002
2680.8,461.3711881188119
2680.9,461.41479999999996
2681.0,461.43
2681.1,461.4177227722773
2681.2,461.4526999999998
2681.3,461.4861
2681.4,461.47779999999995
2681.5,461.4579207920792
2681.6,461.438
2681.7,461.48400000000004
2681.8,461.5440000000001
2681.9,461.56600000000003
2682.0,461.5700405940594
2682.1,461.56410000000005
2682.2,461.53050000000013
2682.3,461.51
2682.4,461.5041
2682.5,461.5058415841584
2682.6,461.51
2682.7,461.49260000000004
2682.8,461.45099999999996
2682.9,461.43
2683.0,461.41277227722776
2683.1,461.3772000000001
2683.2,461.3714
2683.3,461.35719999999986
2683.4,461.33435643564354
2683.5,461.37480000000005
2683.6,482.2196000000338
2683.7,533.5251999998978
2683.8,592.3000990100294
2683.9,647.9080000000504
2684.0,705.2864999999329
2684.1,761.8194999999381
2684.2,823.5984158414317
2684.3,887.0412000000815
2684.4,948.2630000000852
2684.5,1007.0410000000759
2684.6,1041.8788118811926
2684.7,1050.757399999999
2684.8,1052.2208000000019
2684.9,1051.1860396039583
2685.0,1049.3111999999987
2685.1,1048.6212000000005
2685.2,1042.4504000000306
2685.3,1048.3700000000395
2685.4,1050.9327722772161
2685.5,1045.575499999999
2685.6,1049.3041999999991
2685.7,1054.0297999999987
2685.8,1060.6764356435883
2685.9,1066.7050000000108
2686.0,1064.585
2686.1,1065.2499999999766
2686.2,1070.390297029703
2686.3,1071.7173000000007
2686.4,1073.7866000000004
2686.5,1072.2796999999991
2686.6,1069.3499009901
2686.7,1061.7096000000265
2686.8,1057.343200000018
2686.9,1059.819599999999
2687.0,1057.554879207989
2687.1,1059.1344495050253
2687.2,1065.5742999999902
2687.3,1066.4362999999962
2687.4,1062.9070999999992
2687.5,1062.5540594059405
2687.6,1064.2351999999958
2687.7,1067.943999999994
2687.8,1066.989599999977
2687.9,1062.7976237623748
2688.0,1063.9630000000038
2688.1,1065.1655000000012
2688.2,1063.584500000006
2688.3,1070.5920000000203
2688.4,1082.8283168316843
2688.5,1085.2532000000012
2688.6,1087.391199999994
2688.7,1090.4164000000014
2688.8,1085.4967999999853
2688.9,1082.6267999999955
2689.0,1086.6507999999974
2689.1,1086.6660396039667
2689.2,1084.0853000000038
2689.3,1081.0107999999914
2689.4,1068.3252999999645
2689.5,1053.4316831683132
2689.6,1052.1389999999983
2689.7,1054.6357999999998
2689.8,1054.654110891087
2689.9,1053.928509900988
2690.0,1053.4159
2690.1,1053.737999999998
2690.2,1053.726200000003
2690.3,1053.8254000000038
2690.4,1054.2401999999963
2690.5,1053.8679207920811
2690.6,1048.788
2690.7,1039.7679999999996
2690.8,1033.588
2690.9,1025.1576237623788
2691.0,1024.017799999995
2691.1,1015.1736000000241
2691.2,1007.450100000003
2691.3,1001.0870999999647
2691.4,992.4336633663363
2691.5,988.202799999995
2691.6,987.3974000000071
2691.7,995.404257425744
2691.8,992.7283000000018
2691.9,993.6513000000018
2692.0,993.2506000000058
2692.1,992.0392999999954
2692.2,991.3292000000108
2692.3,990.5551485148725
2692.4,994.9599999999957
2692.5,992.8452000000024
2692.6,994.8931999999992
2692.7,991.1172000000454
2692.8,986.8404950495236
2692.9,990.5649999999846
2693.0,988.10949999999
2693.1,994.2334999999987
2693.2,995.0794999999997
2693.3,996.1000000000089
2693.4,994.4147524752215
2693.5,991.7254000000147
2693.6,996.1060000000015
2693.7,993.9967999999697
2693.8,999.1749999999956
2693.9,996.6729999999985
2694.0,995.9357999999999
2694.1,992.4024000000019
2694.2,989.5757999999637
2694.3,993.8954455445481
2694.4,989.5141999999961
2694.5,992.9970000000008
2694.6,990.5440000000035
2694.7,988.6835999999967
2694.8,987.4721999999676
2694.9,982.3954999999917
2695.0,986.2777000000092
2695.1,981.3430999999918
2695.2,988.6295049504984
2695.3,986.8711999999995
2695.4,991.0048000000248
2695.5,996.4815999999958
2695.6,993.8211999999539
2695.7,1001.6560000000312
2695.8,997.204400000019
2695.9,1003.0803999999931
2696.0,999.8859999999993
2696.1,999.3805940594009
2696.2,1001.2864
2696.3,1004.3986000000262
2696.4,1007.2090000000026
2696.5,1001.3820999999987
2696.6,1005.6211999999999
2696.7,1006.6774999999996
2696.8,1009.2127000000092
2696.9,1008.3589000000022
2697.0,1006.3412871286998
2697.1,1015.1710000000144
2697.2,1011.4239999999949
2697.3,1011.033999999985
2697.4,1006.2439999999989
2697.5,1005.3819999999985
2697.6,1002.9090000000099
2697.7,1001.0979999999905
2697.8,1002.0059999999849
2697.9,997.9181188118845
2698.0,997.9324999999989
2698.1,996.4537000000015
2698.2,1003.4331999999913
2698.3,1009.5673000000004
2698.4,1010.0730999999996
2698.5,1009.0083000000001
2698.6,1008.8084999999996
2698.7,1008.1370999999989
2698.8,1008.8744554455446
2698.9,1009.7552000000042
2699.0,1011.5760000000015
2699.1,1007.0660000000255
2699.2,994.3628000000168
2699.3,986.0411999999837
2699.4,983.866800000011
2699.5,987.128800000014
2699.6,984.7119999999793
2699.7,990.7188118812069
2699.8,986.5190000000039
2699.9,990.3073999999991
2700.0,988.6276999999983
2700.1,989.0807000000058
2700.2,992.301300000006
2700.3,987.7526000000083
2700.4,993.6552999999922
2700.5,985.954900000002
2700.6,988.2986138613863
2700.7,987.5994000000072
2700.8,985.6902000000248
2700.9,990.5533999999931
2701.0,989.8291999999906
2701.1,991.5752000000177
2701.2,982.8981999999951
2701.3,985.3267999999973
2701.4,985.8042000000083
2701.5,992.6690099009795
2701.6,1003.4775
2701.7,1004.0199999999888
2701.8,1006.5175000000002
2701.9,1005.7774999999962
2702.0,1004.1500000000043
2702.1,1007.9025
2702.2,1012.7774999999729
2702.3,1019.7075000000044
2702.4,1019.7040594059332
2702.5,1008.1820000000102
2702.6,999.4084000000009
2702.7,999.6143999999961
2702.8,1000.9939999999799
2702.9,999.2379999999839
2703.0,1010.2348000000093
2703.1,1003.7007999999953
2703.2,1006.2504752475301
2703.3,1000.7009920791929
2703.4,998.9018000000138
2703.5,1004.693699999998
2703.6,1003.9978999999712
2703.7,1009.1279000000304
2703.8,1001.8939000000046
2703.9,1002.4226999999881
2704.0,995.6509999999978
2704.1,993.5423762376113
2704.2,995.8666000000036
2704.3,993.7662000000578
2704.4,1005.2866000000064
2704.5,998.0639999999925
2704.6,1010.7798000000006
2704.7,1012.4871999999942
2704.8,1022.5324000000013
2704.9,1023.8184158415845
2705.0,1029.6288000000122
2705.1,1039.2266999999918
2705.2,1044.3215999999702
2705.3,1052.022799999983
2705.4,1047.291700000018
2705.5,1053.636199999997
2705.6,1049.9741584158555
2705.7,1045.1319999999964
2705.8,1048.506
2705.9,1047.8799999999999
2706.0,1040.354
2706.1,1047.574
2706.2,1053.2719999999981
2706.3,1055.5240000000001
2706.4,1057.204
2706.5,1053.9170297029698
2706.6,1056.97629999998
2706.7,1064.8881000000001
2706.8,1061.387799999954
2706.9,1051.0011000000386
2707.0,1069.0006000000128
2707.1,1063.9907999999994
2707.2,1064.2860999999998
2707.3,1064.2898999999982
2707.4,1063.5258415841572
2707.5,1071.268200000021
2707.6,1109.0466000000001
2707.7,1108.6300000000012
2707.8,1106.1762000000022
2707.9,1109.7635999999995
2708.0,1109.782600000002
2708.1,1113.611
2708.2,1112.3297029702962
2708.3,1105.3728000000115
2708.4,1109.1720000000078
2708.5,1103.7008000000792
2708.6,1062.1416000000024
2708.7,1061.3950999999952
2708.8,1063.7518999999972
2708.9,1062.5770999999947
2709.0,1060.461780198021
2709.1,1054.5495128712807
2709.2,1027.172000000004
2709.3,1025.9859999999983
2709.4,1025.233200000005
2709.5,1030.7960000000064
2709.6,1037.0928000000004
2709.7,1038.048000000018
2709.8,1032.9537623762344
2709.9,1029.1079999999915
2710.0,1036.6459999999913
2710.1,1046.2599999999763
2710.2,1063.5185000000033
2710.3,1061.9730000000154
2710.4,1065.3655000000106
2710.5,1058.1694999999952
2710.6,1061.5439554455475
2710.7,1060.470267326717
2710.8,1064.7734000000012
2710.9,1064.545999999991
2711.0,1058.557799999997
2711.1,1056.5965999999999
2711.2,1056.6211999999935
2711.3,1057.4341999999906
2711.4,1051.1809999999973
2711.5,1048.9537623762326
2711.6,1042.9980000000105
2711.7,1028.6822000000047
2711.8,1021.0358999999621
2711.9,1011.924199999995
2712.0,1017.0737000000065
2712.1,1008.0408000000039
2712.2,1002.3529000000033
2712.3,997.4449999999787
2712.4,992.0796039603953
2712.5,993.1543999999907
2712.6,988.241599999964
2712.7,999.3492000000111
2712.8,996.1004000000053
2712.9,998.601599999999
2713.0,997.909199999998
2713.1,996.6971999999959
2713.2,996.5952000000335
2713.3,986.8207920792216
2713.4,993.9262000000011
2713.5,989.3603999999992
2713.6,992.7110999999998
2713.7,992.7773000000054
2713.8,987.0717999999978
2713.9,994.6291000000017
2714.0,989.0857999999981
2714.1,996.0948306930693
2714.2,996.5177425742622
2714.3,994.6280000000095
2714.4,997.8529999999878
2714.5,993.9040000000161
2714.6,1000.7680000000247
2714.7,991.5329999999865
2714.8,997.0220000000035
2714.9,998.6130000000051
2715.0,1000.4635643564325
2715.1,998.1426999999978
2715.2,990.3686999999974
2715.3,1003.0706999999989
2715.4,999.0225000000007
2715.5,1001.589399999999
2715.6,1001.3282000000092
2715.7,1038.2753000000007
2715.8,1035.524400000002
2715.9,1041.6294059405934
2716.0,1028.4475999999927
2716.1,1032.8439999999832
2716.2,1041.0576000000078
2716.3,1038.1944000000367
2716.4,1049.7731999999771
2716.5,1041.4455999999864
2716.6,1044.0180000000998
2716.7,994.087980198007
2716.8,1000.1737792079048
2716.9,994.4046000000053
2717.0,1001.7324000000009
2717.1,1002.8675999999996
2717.2,1002.019399999979
2717.3,1006.5027999999945
2717.4,999.7797000000066
2717.5,1008.710599999999
2717.6,1007.6385346534671
2717.7,1010.886330693071
2717.8,1009.5503999999994
2717.9,1010.0738000000326
2718.0,1019.9394000000157
2718.1,1009.5315999999907
2718.2,1015.4298000000124
2718.3,1006.7049999999945
2718.4,1004.8835999999915
2718.5,1001.713069306939
2718.6,995.8870000000112
2718.7,1007.099000000035
2718.8,997.6750000000064
2718.9,1000.6069999999436
2719.0,953.8675000000098
2719.1,961.8179999999934
2719.2,955.4734999999637
2719.3,965.73673267327
2719.4,967.8752000000068
2719.5,961.3007999999886
2719.6,972.658000000015
2719.7,957.0295999999942
2719.8,963.0431999999813
2719.9,959.2555999999677
2720.0,992.8636000000083
2720.1,984.1947999999973
2720.2,987.2216831683161
2720.3,987.7925999999895
2720.4,981.7217000000165
2720.5,991.4462999999829
2720.6,980.4512999999566
2720.7,994.4134000000303
2720.8,984.650600000008
2720.9,989.5233000000002
2721.0,989.5363999999954
2721.1,986.7684158415593
2721.2,994.9958000000048
2721.3,984.7602000000521
2721.4,997.2922000000049
2721.5,986.663799999999
2721.6,988.8243999999996
2721.7,989.4348000000022
2721.8,984.8946772277479
2721.9,990.9917198019666
2722.0,984.4225000000184
2722.1,993.4657000000286
2722.2,982.2357999999786
2722.3,990.8885000000324
2722.4,1006.5166999999869
2722.5,1000.3718000000245
2722.6,1012.346300000021
2722.7,1004.1736168316555
2722.8,1015.5935643565477
2722.9,1015.78
2723.0,1009.5999999999999
2723.1,1016.73
2723.2,1020.09
2723.3,1021.78
2723.4,992.64
2723.5,996.58
2723.6,994.38
2723.7,993.1423762376262
2723.8,997.4167000000109
2723.9,989.8567999999808
2724.0,1006.6099999999659
2724.1,997.4839000000193
2724.2,1003.8645999999866
2724.3,1001.4846999999938
2724.4,997.0247999999888
2724.5,999.3460999999952
2724.6,995.5472277227707
2724.7,1006.8771999999534
2724.8,993.3017999999936
2724.9,1001.8302000000041
2725.0,997.3353999999978
2725.1,992.849599999998
2725.2,1001.5603999999641
2725.3,985.0211999999923
2725.4,943.8923999999811
2725.5,886.9768316832559
2725.6,839.6409000000749
2725.7,783.2019000000903
2725.8,738.5580999998691
2725.9,679.5052999998242
2726.0,628.8902000000733
2726.1,577.1534000000825
2726.2,519.3788000000923
2726.3,473.41769999986525
2726.4,465.98029702969677
2726.5,465.53799999999984
2726.6,465.36679999999984
2726.7,465.14880000000073
2726.8,464.9671999999998
2726.9,464.8255999999999
2727.0,464.7527999999999
2727.1,464.7884
2727.2,464.6759405940595
2727.3,464.6034999999997
2727.4,464.53350000000006
2727.5,464.4255000000001
2727.6,464.39150000000006
2727.7,464.23950495049553
2727.8,464.06079999999974
2727.9,463.9653999999999
2728.0,463.88554455445546
2728.1,463.7870000000001
2728.2,463.71490000000006
2728.3,463.6448999999997
2728.4,463.67719999999997
2728.5,463.6247524752474
2728.6,463.5372000000002
2728.7,463.51160000000004
2728.8,463.53760000000005
2728.9,463.49445544554453
2729.0,463.4263
2729.1,463.31080000000003
2729.2,463.2363
2729.3,463.2391
2729.4,463.12170000000003
2729.5,463.03738019801983
2729.6,462.95793069306944
2729.7,462.9050000000001
2729.8,462.8549999999999
2729.9,462.841
2730.0,462.7590000000002
2730.1,462.82199999999983
2730.2,462.80300000000005
2730.3,462.73699999999985
2730.4,462.66699999999986
2730.5,462.65999999999997
2730.6,462.6422
2730.7,462.6133
2730.8,462.52099999999996
2730.9,462.46549999999996
2731.0,462.4689
2731.1,462.45219999999995
2731.2,462.4322
2731.3,462.43863564356445
2731.4,462.4576475247525
2731.5,462.4336
2731.6,462.4563999999999
2731.7,462.4424
2731.8,462.4664000000001
2731.9,462.47
2732.0,462.4172000000001
2732.1,462.34840000000014
2732.2,462.3051485148517
2732.3,462.23909999999995
2732.4,462.2474
2732.5,462.2935
2732.6,462.2477999999999
2732.7,462.24
2732.8,462.2835
2732.9,462.34220000000005
2733.0,462.37610000000006
2733.1,462.43168316831674
2733.2,462.45719999999994
2733.3,462.5116000000002
2733.4,462.45980000000003
2733.5,462.42420000000004
2733.6,462.44579999999996
2733.7,462.4586
2733.8,462.46
2733.9,462.43420000000003
2734.0,462.4214851485149
2734.1,462.437
2734.2,462.4145000000001
2734.3,462.40999999999997
2734.4,462.376
2734.5,462.37
2734.6,462.387
2734.7,462.3815
2734.8,462.30349999999993
2734.9,462.2647524752476
2735.0,462.2768
2735.1,462.27160000000003
2735.2,462.2448
2735.3,462.25680000000006
2735.4,462.2852
2735.5,462.31519999999995
2735.6,462.32
2735.7,462.2696000000001
2735.8,462.2433663366336
2735.9,462.28980000000007
2736.0,462.30830000000003
2736.1,462.2602000000001
2736.2,462.2334000000001
2736.3,462.1884999999999
2736.4,462.16339999999997
2736.5,462.13509999999997
2736.6,462.08069306930696
2736.7,462.0536
2736.8,462.07460000000003
2736.9,462.0636
2737.0,462.0108
2737.1,461.9836
2737.2,462.01279999999997
2737.3,461.9872
2737.4,461.939
2737.5,461.889405940594
2737.6,461.89619999999996
2737.7,461.9323999999999
2737.8,461.89139999999986
2737.9,461.88
2738.0,461.88
2738.1,461.89619999999996
2738.2,461.85950000000014
2738.3,461.8981188118812
2738.4,461.966
2738.5,462.012
2738.6,461.988
2738.7,461.988
2738.8,462.02200000000005
2738.9,462.03
2739.0,462.1089999999999
2739.1,462.0747000000001
2739.2,462.03630000000004
2739.3,462.03782178217824
2739.4,462.0712
2739.5,462.0878
2739.6,462.0822
2739.7,462.0722
2739.8,462.0776772277228
2739.9,462.0337999999998
2740.0,461.9815
2740.1,462.03159999999986
2740.2,462.07309999999995
2740.3,462.0723
2740.4,462.0314999999998
2740.5,462.0123
2740.6,462.032795049505
2740.7,462.0476
2740.8,462.07280000000003
2740.9,462.0648
2741.0,462.0372
2741.1,462.03
2741.2,461.9768000000002
2741.3,461.89919999999995
2741.4,461.87239999999997
2741.5,461.8850495049505
2741.6,461.8825
2741.7,461.9025
2741.8,461.8874999999999
2741.9,461.88
2742.0,461.9025
2742.1,461.93249999999995
2742.2,461.955
2742.3,461.9750000000001
2742.4,461.98742574257426
2742.5,462.00480000000005
2742.6,461.9656000000001
2742.7,461.9278000000001
2742.8,461.95700000000005
2742.9,461.96999999999997
2743.0,461.9774
2743.1,461.97260000000006
2743.2,461.999306930693
2743.3,462.0319
2743.4,462.0619
2743.5,462.04810000000003
2743.6,462.0838
2743.7,462.09270000000004
2743.8,462.0754
2743.9,462.07
2744.0,462.0335
2744.1,462.048910891089
2744.2,462.0815999999999
2744.3,462.0756
2744.4,462.01239999999984
2744.5,462.02600000000007
2744.6,462.0472
2744.7,462.0140000000001
2744.8,461.96399999999994
2744.9,461.95705742574256
2745.0,461.9599425742574
2745.1,461.9529
2745.2,461.9358
2745.3,461.9016
2745.4,461.9397
2745.5,461.9884
2745.6,462.0071
2745.7,461.99580000000003
2745.8,462.0251485148516
2745.9,462.0680000000001
2746.0,462.03100000000006
2746.1,461.9890000000001
2746.2,461.98699999999997
2746.3,461.98299999999995
2746.4,461.95899999999995
2746.5,461.943
2746.6,461.87700000000024
2746.7,461.87079207920783
2746.8,461.8662
2746.9,461.8255
2747.0,461.8376
2747.1,461.85
2747.2,461.84310000000005
2747.3,461.8607
2747.4,461.86310000000003
2747.5,461.8186
2747.6,461.8273267326732
2747.7,461.8671999999999
2747.8,461.88
2747.9,461.9140000000001
2748.0,461.93
2748.1,461.94359999999995
2748.2,461.93640000000005
2748.3,461.97080000000017
2748.4,461.9968
2748.5,462.02693069306935
2748.6,462.0199
2748.7,461.96980000000013
2748.8,461.9433
2748.9,461.94669999999996
2749.0,461.9433
2749.1,461.93999999999994
2749.2,461.95339999999993
2749.3,461.9332
2749.4,461.91336633663366
2749.5,461.92319999999995
2749.6,461.9168
2749.7,461.9298
2749.8,461.94
2749.9,461.9334
2750.0,461.9366
2750.1,461.9598
2750.2,461.9238000000001
2750.3,461.8803960396039
2750.4,461.84399999999994
2750.5,461.79749999999996
2750.6,461.8254999999999
2750.7,461.85
2750.8,461.8305
2750.9,461.82
2751.0,461.84600000000006
2751.1,461.8275000000001
2751.2,461.8550495049504
2751.3,461.8671999999999
2751.4,461.8728
2751.5,461.8736
2751.6,461.838
2751.7,461.79465346534664
2751.8,461.77369999999996
2751.9,461.7952000000001
2752.0,461.8037
2752.1,461.78128712871285
2752.2,461.72040000000004
2752.3,461.70860000000005
2752.4,461.70140000000004
2752.5,461.69
2752.6,461.70219999999995
2752.7,461.6917000000001
2752.8,461.6983000000001
2752.9,461.73415841584165
2753.0,461.76800000000003
2753.1,461.76800000000003
2753.2,461.802
2753.3,461.8480594059406
2753.4,461.84217821782175
2753.5,461.8241
2753.6,461.8435999999999
2753.7,461.9012999999999
2753.8,461.8831504950494
2753.9,461.8209168316831
2754.0,461.7477999999999
2754.1,461.75640000000004
2754.2,461.7957425742574
2754.3,461.7771999999999
2754.4,461.7885
2754.5,461.8043
2754.6,461.77720000000005
2754.7,461.7543
2754.8,461.75
2754.9,461.7728
2755.0,461.8408485148515
2755.1,461.8689306930693
2755.2,461.88239999999996
2755.3,461.92800000000005
2755.4,461.9332
2755.5,461.9088
2755.6,461.8888
2755.7,461.8520000000001
2755.8,461.8636000000001
2755.9,461.90663366336634
2756.0,461.8815000000001
2756.1,461.84999999999997
2756.2,461.8555
2756.3,461.8324999999998
2756.4,461.799
2756.5,461.76800000000003
2756.6,461.75
2756.7,461.76649999999995
2756.8,461.769108910891
2756.9,461.71679999999986
2757.0,461.7070000000001
2757.1,461.74619999999993
2757.2,461.7761999999999
2757.3,461.7521999999999
2757.4,461.6929999999999
2757.5,461.65919999999994
2757.6,461.7039999999999
2757.7,461.73396039603966
2757.8,461.70939999999996
2757.9,461.72119999999995
2758.0,461.7347
2758.1,461.7353
2758.2,461.70290000000006
2758.3,461.69120000000004
2758.4,461.72589999999997
2758.5,461.77662772277233
2758.6,461.74755247524763
2758.7,461.6744000000001
2758.8,461.7172000000002
2758.9,461.77
2759.0,461.77520000000004
2759.1,461.78520000000003
2759.2,461.79
2759.3,461.7691999999999
2759.4,461.760297029703
2759.5,461.7649
2759.6,461.7702
2759.7,461.7902
2759.8,461.81530000000004
2759.9,461.8096
2760.0,461.8002
2760.1,461.8151
2760.2,461.8455
2760.3,461.8800990099011
2760.4,461.83999999999975
2760.5,461.765
2760.6,461.75499999999994
2760.7,461.79999999999984
2760.8,461.81499999999994
2760.9,461.76999999999987
2761.0,461.7
2761.1,461.6847524752475
2761.2,461.67080000000016
2761.3,461.6251
2761.4,461.6053
2761.5,461.6047
2761.6,461.6151
2761.7,461.5855000000001
2761.8,461.5502
2761.9,461.56940000000003
2762.0,461.61940594059405
2762.1,461.59680000000014
2762.2,461.5452
2762.3,461.5592000000001
2762.4,461.6328000000001
2762.5,461.70439999999996
2762.6,461.71040000000005
2762.7,461.7142574257425
2762.8,461.75350000000003
2762.9,461.7847
2763.0,461.7382999999999
2763.1,461.6847
2763.2,461.67590000000007
2763.3,461.6270999999999
2763.4,461.5241999999999
2763.5,461.4265
2763.6,461.40465346534654
2763.7,461.40540000000004
2763.8,461.37699999999984
2763.9,461.3316
2764.0,461.3789999999998
2764.1,461.5151999999998
2764.2,461.60759999999993
2764.3,461.6307999999999
2764.4,461.62
2764.5,461.61544554455446
2764.6,461.59650000000005
2764.7,461.54400000000027
2764.8,461.47299999999996
2764.9,461.42199999999997
2765.0,461.3594999999999
2765.1,461.2695000000001
2765.2,461.1799009900992
2765.3,461.12119999999993
2765.4,461.11879999999996
2765.5,461.11240000000004
2765.6,461.06800000000004
2765.7,461.05319999999995
2765.8,461.0744
2765.9,461.09759999999994
2766.0,461.10693069306933
2766.1,461.0857
2766.2,461.0671000000001
2766.3,461.0543
2766.4,461.06
2766.5,461.04279999999994
2766.6,461.0243
2766.7,461.02570000000003
2766.8,460.9987128712871
2766.9,460.9742
2767.0,461.00519999999995
2767.1,461.04
2767.2,461.04
2767.3,461.0358
2767.4,461.009
2767.5,461.0136
2767.6,461.06
2767.7,461.0559
2767.8,461.02949999999987
2767.9,461.0205000000001
2768.0,461.0254
2768.1,460.9777000000001
2768.2,460.96000000000004
2768.3,460.9723000000001
2768.4,461.00627821782183
2768.5,461.03
2768.6,461.02200000000005
2768.7,461.018
2768.8,461.046
2768.9,461.078
2769.0,461.098
2769.1,461.11400000000003
2769.2,461.1279207920792
2769.3,461.14390000000003
2769.4,461.1265999999998
2769.5,461.0939
2769.6,461.10389999999995
2769.7,461.10220000000004
2769.8,461.08219999999994
2769.9,461.0504999999999
2770.0,461.00829999999996
2770.1,461.0015841584158
2770.2,461.00480000000005
2770.3,460.94579999999996
2770.4,460.88239999999996
2770.5,460.91940000000005
2770.6,461.0038
2770.7,461.02139999999997
2770.8,461.07040000000006
2770.9,461.14660000000003
2771.0,461.24267326732667
2771.1,461.3226
2771.2,461.33589999999987
2771.3,461.40220000000016
2771.4,461.48440000000016
2771.5,461.5452000000001
2771.6,461.52369999999996
2771.7,461.5558999999999
2771.8,461.59999999999997
2771.9,461.60366336633666
2772.0,461.5992
2772.1,461.5836
2772.2,461.6115999999998
2772.3,461.6536
2772.4,461.65999999999997
2772.5,461.64199999999994
2772.6,461.6208
2772.7,461.62560000000013
2772.8,461.610693069307
2772.9,461.6124999999999
2773.0,461.6009999999999
2773.1,461.6365
2773.2,461.61250000000007
2773.3,461.5694999999999
2773.4,461.5395
2773.5,461.5165
2773.6,461.5274999999999
2773.7,461.53574257425754
2773.8,461.4832
2773.9,461.50400000000013
2774.0,461.57680000000005
2774.1,461.5696
2774.2,461.52660000000003
2774.3,461.52
2774.4,461.5132
2774.5,461.51360000000005
2774.6,461.54
2774.7,461.55649999999997
2774.8,461.5933
2774.9,461.5901
2775.0,461.54030000000006
2775.1,461.4866
2775.2,461.52309999999994
2775.3,461.56339999999994
2775.4,472.1396999999781
2775.5,511.7834653464604
2775.6,567.7427999998416
2775.7,625.97479999984
2775.8,684.163600000104
2775.9,741.6464000001056
2776.0,800.3384000000219
2776.1,860.9127999998321
2776.2,921.4735999998404
2776.3,979.1984000001021
2776.4,1025.3441584158709
2776.5,1042.7894
2776.6,1041.923600000001
2776.7,1039.8488999999993
2776.8,1042.7351000000065
2776.9,1044.4800999999998
2777.0,1046.6222999999989
2777.1,1050.9385999999995
2777.2,1052.6947999999998
2777.3,1055.1649504950701
2777.4,1060.5450000000112
2777.5,1064.961000000003
2777.6,1067.5099999999975
2777.7,1068.9699999999948
2777.8,1070.862000000002
2777.9,1068.3639999999762
2778.0,1059.9409999999968
2778.1,1057.886999999997
2778.2,1058.1174257425814
2778.3,1056.4064
2778.4,1056.375
2778.5,1052.5776999999973
2778.6,1046.4787000000017
2778.7,1053.6009999999947
2778.8,1058.405300000001
2778.9,1063.7032000000015
2779.0,1068.7619
2779.1,1068.2513861386146
2779.2,1063.71280000002
2779.3,1058.0400000000218
2779.4,1065.0124000000062
2779.5,1068.8775999999953
2779.6,1069.1956000000105
2779.7,1064.454000000004
2779.8,1062.3827999999953
2779.9,1060.7806930693043
2780.0,1060.0617000000004
2780.1,1062.2054000000041
2780.2,1068.6060999999959
2780.3,1074.9912000000024
2780.4,1076.796199999998
2780.5,1076.4185000000043
2780.6,1080.389999999998
2780.7,1077.3739603960391
2780.8,1075.7782000000082
2780.9,1078.8994000000093
2781.0,1082.1464000000012
2781.1,1079.5756000000101
2781.2,1070.3208000000197
2781.3,1058.2121999999824
2781.4,1054.361800000002
2781.5,1054.267400000004
2781.6,1053.4506930692967
2781.7,1057.6899999999978
2781.8,1057.2174999999954
2781.9,1053.4349999999963
2782.0,1051.1025000000009
2782.1,1052.3925000000002
2782.2,1054.5300000000025
2782.3,1052.8349999999948
2782.4,1048.2858415841556
2782.5,1044.6684000000014
2782.6,1038.5308000000193
2782.7,1023.0327999999972
2782.8,1023.9075999999855
2782.9,1017.8812000000063
2783.0,1011.892000000003
2783.1,1004.8976000000174
2783.2,991.537199999996
2783.3,993.174059405917
2783.4,989.1648000000123
2783.5,993.1159999999952
2783.6,988.0534999999779
2783.7,993.6911000000013
2783.8,993.8430000000033
2783.9,996.2282000000054
2784.0,998.3330999999989
2784.1,998.2235999999814
2784.2,1002.2519801980285
2784.3,999.8544000000063
2784.4,1001.6345999999996
2784.5,1002.0630000000007
2784.6,1001.0033999999999
2784.7,999.3476000000035
2784.8,994.917400000019
2784.9,998.6014000000024
2785.0,994.2326000000007
2785.1,993.0301980198014
2785.2,991.7835000000191
2785.3,988.1214000000232
2785.4,995.3390999999831
2785.5,990.6464000000096
2785.6,997.451500000002
2785.7,996.2277000000065
2785.8,994.9123000000075
2785.9,995.5518999999783
2786.0,989.5964356435832
2786.1,996.892
2786.2,990.4779999999937
2786.3,995.5319999999999
2786.4,992.8280000000001
2786.5,990.302
2786.6,990.23
2786.7,977.7259999999856
2786.8,987.69
2786.9,978.8567326732631
2787.0,987.0710000000042
2787.1,984.3041000000115
2787.2,981.8955999999771
2787.3,987.5742999999549
2787.4,975.415300000021
2787.5,985.1731000000071
2787.6,984.7068999999743
2787.7,993.3162000000165
2787.8,986.7710891089104
2787.9,986.5095999999999
2788.0,985.3925999999977
2788.1,982.7000000000033
2788.2,987.4208000000028
2788.3,982.2582000000034
2788.4,987.3469999999975
2788.5,982.2496851485146
2788.6,981.4241435643517
2788.7,983.7715000000032
2788.8,982.6378000000099
2788.9,983.8340999999797
2789.0,977.7753999999846
2789.1,984.8522000000085
2789.2,980.6749999999977
2789.3,981.9608000000007
2789.4,981.4799999999896
2789.5,979.8240000000096
2789.6,987.3843999999983
2789.7,981.5579999999673
2789.8,988.1071999999941
2789.9,984.1016000000087
2790.0,994.1028000000115
2790.1,1004.5787999999999
2790.2,1004.7959999999841
2790.3,1008.4674257425743
2790.4,1008.5225000000003
2790.5,1008.4314999999991
2790.6,1009.2804999999987
2790.7,1010.5694999999971
2790.8,1012.6824999999994
2790.9,1011.6345000000063
2791.0,1003.9480000000224
2791.1,987.0115000000015
2791.2,986.1314851485118
2791.3,987.2873999999944
2791.4,985.1420000000134
2791.5,992.1783999999864
2791.6,984.4476000000043
2791.7,988.5726000000204
2791.8,983.1258000000006
2791.9,984.5884000000102
2792.0,990.168799999991
2792.1,985.9945544554571
2792.2,994.0747000000059
2792.3,987.2914000000222
2792.4,992.6089000000031
2792.5,988.6563000000004
2792.6,988.8149999999969
2792.7,992.0072000000039
2792.8,988.437500000032
2792.9,995.8496237623791
2793.0,989.2047485148601
2793.1,993.136400000013
2793.2,989.9967999999757
2793.3,998.7644000000142
2793.4,1005.4103999999959
2793.5,1004.4112000000111
2793.6,1011.6076000000116
2793.7,1007.9987999999967
2793.8,1009.5284158415899
2793.9,1013.3618999999987
2794.0,1018.2316999999996
2794.1,1019.4212000000002
2794.2,1018.1795000000019
2794.3,1013.512000000005
2794.4,994.7974999999985
2794.5,999.900200000001
2794.6,995.2749504950532
2794.7,988.9109999999763
2794.8,996.876999999968
2794.9,985.3190000000243
2795.0,993.9805940593862
2795.1,986.0240000000019
2795.2,993.4882000000007
2795.3,989.2629999999986
2795.4,984.1861000000017
2795.5,989.6981188118807
2795.6,979.502799999971
2795.7,993.2000000000213
2795.8,983.9772000000542
2795.9,1001.7983168316694
2796.0,996.6336999999985
2796.1,994.8440000000007
2796.2,996.4329000000253
2796.3,991.2741584158528
2796.4,1003.4965999999974
2796.5,1003.5593999999794
2796.6,1017.7201999999985
2796.7,1019.5726732673081
2796.8,1030.9264999999873
2796.9,1020.4995000000063
2797.0,1026.1870000000088
2797.1,1033.3346534653463
2797.2,1033.7635999999836
2797.3,1050.945199999984
2797.4,1046.550399999999
2797.5,1047.3005940594112
2797.6,1041.9347000000043
2797.7,1040.1286000000337
2797.8,1029.2634000000091
2797.9,1035.0194059406017
2798.0,1039.9417999999991
2798.1,1042.115799999997
2798.2,1048.2726000000002
2798.3,1048.0179920792295
2798.4,1053.3157504950495
2798.5,1053.6927000000105
2798.6,1058.9092
2798.7,1058.8605940593984
2798.8,1061.92
2798.9,1061.76
2799.0,1060.35
2799.1,1061.07
2799.2,1060.7828712871292
2799.3,1058.6910999999945
2799.4,1100.0718000001048
2799.5,1114.2113999999724
2799.6,1117.1417999999944
2799.7,1119.2093999999959
2799.8,1111.8247999999812
2799.9,1119.9373000000205
2800.0,1119.6636000000008
2800.1,1119.4247524752475
2800.2,1123.0263999999852
2800.3,1112.0357999999947
2800.4,1083.615399999987
2800.5,1057.5403999999883
2800.6,1058.3528000000006
2800.7,1066.0337999999688
2800.8,1067.5718000000006
2800.9,1061.0407920791886
2801.0,1045.562500000023
2801.1,1025.583300000032
2801.2,1032.225899999988
2801.3,1030.733099999995
2801.4,1026.392599999987
2801.5,1032.6619999999903
2801.6,1037.4189999999926
2801.7,1028.6290851485478
2801.8,1026.2726613861366
2801.9,1032.1036000000056
2802.0,1042.84280000001
2802.1,1059.974400000016
2802.2,1060.4972000000007
2802.3,1062.5252000000019
2802.4,1059.1347999999966
2802.5,1058.8267999999998
2802.6,1055.5693069306965
2802.7,1052.5500000000034
2802.8,1054.3855000000071
2802.9,1054.0055000000004
2803.0,1052.5360000000019
2803.1,1051.719000000001
2803.2,1048.8205000000034
2803.3,1045.5444999999888
2803.4,1034.3315000000107
2803.5,1031.0881188118776
2803.6,1033.862199999991
2803.7,1027.0282000000238
2803.8,1022.7165999999945
2803.9,1010.795199999983
2804.0,1010.0688000000001
2804.1,1004.0258000000188
2804.2,1001.5645544554474
2804.3,1001.0844999999986
2804.4,1002.3805999999996
2804.5,1006.2185999999972
2804.6,994.8285000000086
2804.7,999.3346999999961
2804.8,993.2857999999732
2804.9,1001.6856435643754
2805.0,1003.3240000000018
2805.1,1002.7560000000017
2805.2,1002.5160000000005
2805.3,997.3111999999896
2805.4,999.5924000000055
2805.5,996.8215999999941
2805.6,1001.3807999999875
2805.7,1001.5792000000007
2805.8,997.8253465346536
2805.9,993.365000000001
2806.0,984.7336000000021
2806.1,989.8440999999985
2806.2,991.6402999999997
2806.3,992.0603000000001
2806.4,994.3467999999995
2806.5,987.7359000000016
2806.6,994.9587999999981
2806.7,990.802574257437
2806.8,997.8650000000192
2806.9,997.2069999999962
2807.0,997.4719999999992
2807.1,1000.9489999999913
2807.2,990.6830000000269
2807.3,997.7890000000209
2807.4,992.8689999999854
2807.5,1021.1729999999415
2807.6,1026.4216831683166
2807.7,1034.3062000000018
2807.8,1027.7472999999939
2807.9,1032.4092000000014
2808.0,1037.2563000000011
2808.1,1036.8621999999998
2808.2,1034.4537999999993
2808.3,1024.5312999999921
2808.4,1030.620200000002
2808.5,1008.1508910891503
2808.6,997.6256000000152
2808.7,987.0192000000197
2808.8,997.616400000037
2808.9,989.5511999999699
2809.0,991.9523999999947
2809.1,992.8471999999991
2809.2,989.978400000006
2809.3,998.2216000000267
2809.4,992.203168316824
2809.5,999.6921000000067
2809.6,992.8702999999937
2809.7,994.3047999999901
2809.8,994.4041999999997
2809.9,992.2263499999979
2810.0,994.171700000003
2810.1,988.5847999999928
2810.2,993.1664683168219
2810.3,993.1821108910701
2810.4,991.8226000000003
2810.5,994.5627999999951
2810.6,992.0246000000077
2810.7,996.1553999999875
2810.8,1001.2930000000098
2810.9,1005.722400000001
2811.0,1008.6711999999975
2811.1,1006.9440594059502
2811.2,1008.4689999999855
2811.3,1010.1420000000003
2811.4,1012.7815000000044
2811.5,1011.5889999999955
2811.6,1009.9435000000008
2811.7,1011.3014999999922
2811.8,996.5554999999728
2811.9,991.8915000000063
2812.0,987.2870297029722
2812.1,995.8795999999826
2812.2,999.5124000000047
2812.3,1000.2720000000147
2812.4,1004.9428000000036
2812.5,1004.6700000000029
2812.6,1009.2663999999918
2812.7,1008.6124000000054
2812.8,1011.70640000003
2812.9,1012.0502970296934
2813.0,1011.4939000000024
2813.1,1006.6924000000109
2813.2,1001.3350000000103
2813.3,1004.1413000000103
2813.4,999.1726999999812
2813.5,1000.3210000000138
2813.6,1001.4862000000041
2813.7,998.7428000000073
2813.8,999.0313861386144
2813.9,993.0664000000049
2814.0,995.833399999995
2814.1,978.8174000000156
2814.2,966.3803999999994
2814.3,957.5911999999812
2814.4,960.4095999999938
2814.5,957.497600000006
2814.6,957.999799999996
2814.7,955.5819801980357
2814.8,958.0051000000203
2814.9,970.6364237288528
2815.0,1000.2985610170275
2815.1,1010.3601000000093
2815.2,1000.1567326732471
2815.3,1001.6469999999756
2815.4,999.6067999999951
2815.5,1004.770800000001
2815.6,1005.328999999998
2815.7,1007.1624000000008
2815.8,1003.047199999984
2815.9,1002.0491999999964
2816.0,1001.3294000000056
2816.1,999.1891089108753
2816.2,1003.858200000015
2816.3,1001.314000000005
2816.4,1003.6976000000049
2816.5,1002.4454999999988
2816.6,1000.7596999999871
2816.7,996.7375000000432
2816.8,994.2647524752704
2816.9,1004.232
2817.0,1004.01
2817.1,987.4040000000001
2817.2,940.0680000000841
2817.3,890.24
2817.4,835.966
2817.5,785.498
2817.6,733.848118811929
2817.7,681.0466000000881
2817.8,629.2466999998363
2817.9,570.3013999998781
2818.0,519.5293069306008
2818.1,479.27039999999187
2818.2,467.5368000000021
2818.3,466.4635643564354
2818.4,466.2700999999997
2818.5,465.9631000000006
2818.6,465.62270000000046
2818.7,465.3216000000005
2818.8,465.0430693069302
2818.9,464.8559999999999
2819.0,464.7095999999999
2819.1,464.5696000000001
2819.2,464.44435643564384
2819.3,464.31349999999935
2819.4,464.1514999999998
2819.5,464.06250000000006
2819.6,463.9988118811883
2819.7,463.9705999999997
2819.8,464.0061999999999
2819.9,463.93279999999993
2820.0,463.8610314248816
2820.1,463.8113157894737
2820.2,463.76530000000025
2820.3,463.6542999999999
2820.4,463.6130693069305
2820.5,463.5436
2820.6,463.5582
2820.7,463.5250495049505
2820.8,463.3980999999998
2820.9,463.3468000000001
2821.0,463.3681000000001
2821.1,463.30326732673274
2821.2,463.27639999999985
2821.3,463.30039999999997
2821.4,463.2468
2821.5,463.23158415841584
2821.6,463.24
2821.7,463.237
2821.8,463.2260000000001
2821.9,463.25701485148517
2822.0,463.24
2822.1,463.24
2822.2,463.23440000000016
2822.3,463.1944
2822.4,463.1655445544555
2822.5,463.18700000000007
2822.6,463.10519999999997
2822.7,463.1361386138614
2822.8,463.1051999999999
2822.9,463.05919999999986
2823.0,462.9752
2823.1,462.94359999999995
2823.2,462.9676237623763
2823.3,462.9478
2823.4,462.9289
2823.5,462.92653465346535
2823.6,462.9730000000002
2823.7,462.9149999999999
2823.8,462.961
2823.9,462.97
2824.0,462.96702970297025
2824.1,462.94
2824.2,462.9391
2824.3,462.9309
2824.4,462.9391089108911
2824.5,462.9323999999999
2824.6,462.95760000000007
2824.7,462.9252000000001
2824.8,462.8675999999999
2824.9,462.84396039603973
2825.0,462.8893
2825.1,462.87789999999995
2825.2,462.8493
2825.3,462.836506930693
2825.4,462.7884277227723
2825.5,462.7694
2825.6,462.75400000000013
2825.7,462.65760000000006
2825.8,462.6223762376239
2825.9,462.6605
2826.0,462.6654999999999
2826.1,462.578
2826.2,462.5420752475246
2826.3,462.58240000000023
2826.4,462.6356000000001
2826.5,462.5292079207921
2826.6,462.51149999999984
2826.7,462.55880000000013
2826.8,462.51759999999985
2826.9,462.44029702970295
2827.0,462.45079999999996
2827.1,462.491
2827.2,462.5405940594059
2827.3,462.5692999999999
2827.4,462.5007000000001
2827.5,462.5701
2827.6,462.58019801980197
2827.7,462.6
2827.8,462.61
2827.9,462.64
2828.0,462.59000000000003
2828.1,462.58
2828.2,462.599801980198
2828.3,462.5306999999998
2828.4,462.4606999999998
2828.5,462.39070000000015
2828.6,462.30178217821776
2828.7,462.26080000000013
2828.8,462.2306
2828.9,462.1123999999999
2829.0,462.07118811881196
2829.1,462.02150000000006
2829.2,461.9909
2829.3,462.05790000000025
2829.4,462.069603960396
2829.5,462.0028
2829.6,462.02880000000005
2829.7,462.02040000000005
2829.8,462.0104950495049
2829.9,461.99101485148515
2830.0,461.9995
2830.1,462.019
2830.2,462.01050000000004
2830.3,461.95356435643555
2830.4,461.9406
2830.5,461.9682
2830.6,461.96999999999997
2830.7,461.9606930693069
2830.8,461.9507
2830.9,461.9128
2831.0,461.89140000000003
2831.1,461.89920792079204
2831.2,461.9367999999999
2831.3,461.9031999999999
2831.4,461.91821782178215
2831.5,461.91089999999997
2831.6,461.8827
2831.7,461.88
2831.8,461.8890099009901
2831.9,461.9350000000001
2832.0,461.95799999999997
2832.1,461.92391089108924
2832.2,461.9467326732673
2832.3,461.9678
2832.4,461.9611
2832.5,461.9247524752476
2832.6,461.9112
2832.7,461.88360000000006
2832.8,461.88880000000006
2832.9,461.8638613861386
2833.0,461.85130000000004
2833.1,461.83259999999996
2833.2,461.80415841584164
2833.3,461.8
2833.4,461.7914
2833.5,461.7040000000001
2833.6,461.66420000000005
2833.7,461.71960396039583
2833.8,461.70449999999994
2833.9,461.6915
2834.0,461.673
2834.1,461.73732673267324
2834.2,461.7332
2834.3,461.7131999999999
2834.4,461.7184
2834.5,461.7948514851486
2834.6,461.8514999999999
2834.7,461.86
2834.8,461.83509999999995
2834.9,461.85465346534653
2835.0,461.86
2835.1,461.81080000000003
2835.2,461.8246
2835.3,461.8381188118812
2835.4,461.84810000000004
2835.5,461.86620000000005
2835.6,461.8459405940594
2835.7,461.864
2835.8,461.894
2835.9,461.924
2836.0,461.9220792079208
2836.1,461.9121
2836.2,461.9258
2836.3,461.93
2836.4,461.8752475247524
2836.5,461.80539999999996
2836.6,461.8212
2836.7,461.8222772277228
2836.8,461.83540000000005
2836.9,461.80919999999986
2837.0,461.82309999999995
2837.1,461.8454
2837.2,461.85
2837.3,461.8348
2837.4,461.8452
2837.5,461.85752475247523
2837.6,461.86749999999995
2837.7,461.855
2837.8,461.8199999999999
2837.9,461.8025742574257
2838.0,461.80740000000003
2838.1,461.80260000000004
2838.2,461.79260000000005
2838.3,461.8046534653465
2838.4,461.79540000000003
2838.5,461.8119
2838.6,461.8346722772277
2838.7,461.8183445544555
2838.8,461.86040000000014
2838.9,461.8728
2839.0,461.82009900990096
2839.1,461.7858
2839.2,461.7232
2839.3,461.735289108911
2839.4,461.75005940594053
2839.5,461.72900000000004
2839.6,461.6850000000001
2839.7,461.6979999999999
2839.8,461.6819999999999
2839.9,461.67
2840.0,461.71899999999994
2840.1,461.72600000000006
2840.2,461.7477920792078
2840.3,461.72543861386134
2840.4,461.62719999999996
2840.5,461.6107
2840.6,461.6476
2840.7,461.68069999999994
2840.8,461.6762
2840.9,461.64239999999995
2841.0,461.6162
2841.1,461.62366336633664
2841.2,461.5824000000001
2841.3,461.52599999999984
2841.4,461.5916000000003
2841.5,461.6096
2841.6,461.5796000000001
2841.7,461.55640000000005
2841.8,461.55680000000007
2841.9,461.60080000000016
2842.0,461.6132673267327
2842.1,461.5698
2842.2,461.5834999999999
2842.3,461.6335
2842.4,461.6366
2842.5,461.63
2842.6,461.6501
2842.7,461.6934999999999
2842.8,461.7368
2842.9,461.73673267326734
2843.0,461.69040000000007
2843.1,461.7161999999999
2843.2,461.7268
2843.3,461.7134
2843.4,461.6836
2843.5,461.7029999999999
2843.6,461.7134
2843.7,461.6572000000001
2843.8,461.61693069306926
2843.9,461.5709999999999
2844.0,461.6020000000001
2844.1,461.61050000000006
2844.2,461.61299999999994
2844.3,461.5874999999999
2844.4,461.6025000000001
2844.5,461.6265
2844.6,461.6557425742574
2844.7,461.65720000000005
2844.8,461.6692000000001
2844.9,461.73760000000004
2845.0,461.7636
2845.1,461.77919999999995
2845.2,461.81559999999996
2845.3,461.83
2845.4,461.8364
2845.5,461.8336633663366
2845.6,461.75440000000015
2845.7,461.72259999999994
2845.8,461.73
2845.9,461.7111
2846.0,461.64329999999984
2846.1,461.64149999999995
2846.2,461.6537000000001
2846.3,461.64369999999997
2846.4,461.64
2846.5,461.6028
2846.6,461.611
2846.7,461.63620000000003
2846.8,461.6214
2846.9,461.58520000000004
2847.0,461.61339999999996
2847.1,461.6338613861386
2847.2,461.61170000000004
2847.3,461.58169999999996
2847.4,461.55779999999993
2847.5,461.5926999999999
2847.6,461.60780000000005
2847.7,461.5878
2847.8,461.58
2847.9,461.5616999999999
2848.0,461.5439603960396
2848.1,461.51
2848.2,461.508
2848.3,461.55000000000007
2848.4,461.588
2848.5,461.552
2848.6,461.514
2848.7,461.51
2848.8,461.504
2848.9,461.5356435643565
2849.0,461.5187
2849.1,461.4664000000001
2849.2,461.4618
2849.3,461.49360000000013
2849.4,461.4863999999999
2849.5,461.4346
2849.6,461.45129999999983
2849.7,461.4741
2849.8,461.47
2849.9,461.441
2850.0,461.47800000000007
2850.1,461.5606
2850.2,461.56100000000015
2850.3,461.4994
2850.4,461.5222
2850.5,461.6006
2850.6,461.6242
2850.7,461.60851485148515
2850.8,461.6057
2850.9,461.62710000000004
2851.0,461.6457
2851.1,461.6158000000001
2851.2,461.59000000000003
2851.3,461.61850000000015
2851.4,461.61719999999997
2851.5,461.60569999999996
2851.6,461.56485148514855
2851.7,461.5132000000001
2851.8,461.528
2851.9,461.5163999999999
2852.0,461.4788
2852.1,461.4868
2852.2,461.52239999999995
2852.3,461.55120000000005
2852.4,461.56
2852.5,461.54350000000005
2852.6,461.541
2852.7,461.561
2852.8,461.5534999999999
2852.9,461.5565
2853.0,461.63049999999987
2853.1,461.68544554455445
2853.2,461.6360000000003
2853.3,461.57379999999995
2853.4,461.5383999999999
2853.5,461.5578000000001
2853.6,461.60619999999994
2853.7,461.6361999999999
2853.8,461.6554
2853.9,461.68160000000006
2854.0,461.6572277227723
2854.1,461.5723000000001
2854.2,461.5406
2854.3,461.53409999999997
2854.4,461.47760000000005
2854.5,461.40290000000005
2854.6,461.34350000000006
2854.7,461.29350000000005
2854.8,461.3067326732675
2854.9,461.3348
2855.0,461.3352
2855.1,461.38159999999993
2855.2,461.43039999999996
2855.3,461.46080000000006
2855.4,461.4487999999999
2855.5,461.4045544554455
2855.6,461.3645
2855.7,461.3451
2855.8,461.2836999999997
2855.9,461.17920000000004
2856.0,461.0941
2856.1,460.999
2856.2,460.9398
2856.3,460.88919999999985
2856.4,460.839900990099
2856.5,460.855
2856.6,460.86500000000007
2856.7,460.8050000000002
2856.8,460.765
2856.9,460.77500000000003
2857.0,460.79499999999996
2857.1,460.81499999999994
2857.2,460.7850000000002
2857.3,460.75
2857.4,460.78920000000005
2857.5,460.8006
2857.6,460.7798
2857.7,460.79979999999995
2857.8,460.81
2857.9,460.8002
2858.0,460.7851
2858.1,460.8045
2858.2,460.8542574257425
2858.3,460.90880000000016
2858.4,460.91599999999994
2858.5,460.90439999999995
2858.6,460.91040000000004
2858.7,460.90959999999995
2858.8,460.9488000000002
2858.9,460.9512
2859.0,460.9390099009901
2859.1,460.9647
2859.2,460.9653
2859.3,460.93179999999995
2859.4,460.8953
2859.5,460.9182
2859.6,460.9453
2859.7,460.91650000000004
2859.8,460.88530000000003
2859.9,460.88930693069307
2860.0,460.9
2860.1,460.9
2860.2,460.8954
2860.3,460.8946
2860.4,460.9276000000001
2860.5,460.9278000000001
2860.6,460.8808
2860.7,460.8975999999999
2860.8,460.93910891089115
2860.9,460.9545
2861.0,460.95099999999996
2861.1,460.913
2861.2,460.9024999999998
2861.3,460.9345
2861.4,460.89049999999986
2861.5,460.81649999999996
2861.6,460.7685
2861.7,460.7166336633664
2861.8,460.6647999999999
2861.9,460.59800000000007
2862.0,460.5656
2862.1,460.5556
2862.2,460.54560000000004
2862.3,460.5047999999999
2862.4,460.43360000000007
2862.5,460.4088
2862.6,460.4504950495048
2862.7,460.49
2862.8,460.47709999999995
2862.9,460.4557
2863.0,460.4715000000001
2863.1,460.47420000000005
2863.2,460.4099000000002
2863.3,460.4087000000001
2863.4,460.4557
2863.5,460.45
2863.6,460.43320000000006
2863.7,460.3806
2863.8,460.35227058823534
2863.9,460.394
2864.0,460.414
2864.1,460.39
2864.2,460.39799999999997
2864.3,460.402
2864.4,460.358
2864.5,460.314
2864.6,460.328
2864.7,460.3756435643563
2864.8,460.43
2864.9,460.4026999999998
2865.0,460.38730000000004
2865.1,460.4339
2865.2,460.4478
2865.3,460.46780000000007
2865.4,460.4761
2865.5,460.48170000000005
2865.6,460.50386138613857
2865.7,460.51759999999996
2865.8,460.53000000000003
2865.9,460.5414
2866.0,460.5334
2866.1,460.5052
2866.2,460.5262
2866.3,460.5276
2866.4,460.5400752475248
2866.5,460.5288376237624
2866.6,460.48040000000015
2866.7,460.4263
2866.8,476.26710000012656
2866.9,525.2613000000757
2867.0,584.3109999999072
2867.1,642.2631999999087
2867.2,699.5528999999091
2867.3,757.8652475248855
2867.4,818.9156000000568
2867.5,885.1232000000664
2867.6,948.7267999999657
2867.7,1000.8391999997781
2867.8,1043.373600000009
2867.9,1048.3131999999966
2868.0,1048.1788000000056
2868.1,1051.6315841584155
2868.2,1049.6920000000036
2868.3,1049.3310000000174
2868.4,1050.7964999999906
2868.5,1047.679499999999
2868.6,1048.8764999999976
2868.7,1052.9209999999912
2868.8,1059.3950000000134
2868.9,1062.878500000005
2869.0,1064.9635594059869
2869.1,1062.1372811882272
2869.2,1057.7575999999804
2869.3,1062.551200000003
2869.4,1063.1671999999967
2869.5,1063.4468000000074
2869.6,1066.8792
2869.7,1063.7738000000252
2869.8,1058.9242000000017
2869.9,1052.4593069306788
2870.0,1037.7517000000012
2870.1,1038.3569999999966
2870.2,1041.8148999999996
2870.3,1044.97500000002
2870.4,1047.6538000000062
2870.5,1041.0251000000012
2870.6,1039.531400000001
2870.7,1042.758910891072
2870.8,1053.5428000000124
2870.9,1061.9488000000215
2871.0,1069.8944
2871.1,1068.4284000000107
2871.2,1064.2124000000135
2871.3,1061.2952000000025
2871.4,1062.584800000002
2871.5,1067.3252752475396
2871.6,1078.7081138613846
2871.7,1084.9976000000001
2871.8,1085.5714000000055
2871.9,1086.5411000000004
2872.0,1086.994099999999
2872.1,1088.726400000001
2872.2,1086.2266
2872.3,1089.9337000000357
2872.4,1098.633267326733
2872.5,1092.7549999999806
2872.6,1071.612000000047
2872.7,1057.9179999999942
2872.8,1057.9699999999868
2872.9,1054.0240000000008
2873.0,1055.0970000000025
2873.1,1057.5319999999958
2873.2,1056.0960000000207
2873.3,1049.9568316831696
2873.4,1050.3018
2873.5,1051.174700000001
2873.6,1055.7120000000011
2873.7,1058.873500000001
2873.8,1054.6768999999972
2873.9,1045.0940999999993
2874.0,1038.9939999999967
2874.1,1028.6714
2874.2,1027.1637623762392
2874.3,1022.9279999999895
2874.4,1019.915599999999
2874.5,1014.3808000000325
2874.6,1002.2839999999949
2874.7,1001.659600000017
2874.8,997.3032000000237
2874.9,1001.3759999999886
2875.0,997.0990099009847
2875.1,999.8555999999982
2875.2,997.8673
2875.3,997.8627
2875.4,994.3869999999913
2875.5,988.3423000000085
2875.6,995.6995999999956
2875.7,991.6527999999985
2875.8,993.8095000000005
2875.9,993.0185148514844
2876.0,989.8571999999963
2876.1,989.5482000000122
2876.2,986.1847999999829
2876.3,995.0325999999951
2876.4,994.7932000000067
2876.5,996.5402000000038
2876.6,993.0094000000079
2876.7,990.5533999999903
2876.8,994.7007920791966
2876.9,993.2675000000079
2877.0,998.2524999999989
2877.1,997.7149999999999
2877.2,998.0575000000013
2877.3,994.3974999999846
2877.4,986.4225000000099
2877.5,991.8299999999949
2877.6,990.2149999999999
2877.7,994.7956435643628
2877.8,992.213599999991
2877.9,991.1859999999936
2878.0,993.5720000000115
2878.1,987.4719999999866
2878.2,997.3544000000052
2878.3,993.5124000000051
2878.4,995.4527999999984
2878.5,998.1399999999948
2878.6,1003.6339603960331
2878.7,1002.2122000000646
2878.8,989.6603000000296
2878.9,1002.1844999999873
2879.0,997.6603000000036
2879.1,1002.053100000009
2879.2,999.3313000000051
2879.3,998.4463000000028
2879.4,998.6374188118758
2879.5,996.0945900990055
2879.6,999.7168000000038
2879.7,995.2883999999954
2879.8,1003.3502000000013
2879.9,1003.1882000000011
2880.0,1002.6459999999977
2880.1,1005.7438000000022
2880.2,1003.5725999999969
2880.3,1008.4922811881115
2880.4,1008.7987663366516
2880.5,1015.7793000000014
2880.6,1015.5868000000148
2880.7,1009.8327000000129
2880.8,1003.9445999999821
2880.9,997.9094000000084
2881.0,1000.1572999999947
2881.1,998.2020999999775
2881.2,1005.4094059405928
2881.3,1006.362
2881.4,1009.3599999999999
2881.5,1011.2339999999999
2881.6,1010.408
2881.7,1012.7099999999982
2881.8,1016.24
2881.9,1023.4019999999999
2882.0,1020.3447128712877
2882.1,1017.3447980198243
2882.2,1008.6787999999908
2882.3,1009.4120999999615
2882.4,996.0350999999923
2882.5,990.644900000017
2882.6,985.2618999999856
2882.7,989.2072000000187
2882.8,983.5034000000222
2882.9,990.3507920792043
2883.0,989.2864000000009
2883.1,991.3762000000013
2883.2,991.7558000000035
2883.3,985.2320000000036
2883.4,990.2015999999961
2883.5,985.1390000000046
2883.6,992.7823999999985
2883.7,990.2453465346534
2883.8,991.6457000000095
2883.9,992.2512999999736
2884.0,983.4936999999878
2884.1,988.3922000000133
2884.2,983.2702999999831
2884.3,991.371499999988
2884.4,988.0967000000011
2884.5,988.6304999999991
2884.6,990.3061386138484
2884.7,998.3487999999447
2884.8,1011.3784000000016
2884.9,1012.8367999999999
2885.0,1014.221600000008
2885.1,1021.3447999999997
2885.2,1020.3659999999942
2885.3,1020.2075999999915
2885.4,1012.8256000000029
2885.5,1016.9722772277282
2885.6,1021.9075000000227
2885.7,1004.2015000000057
2885.8,999.2489999999872
2885.9,996.6209999999893
2886.0,1002.1778217821904
2886.1,990.1636000000086
2886.2,999.5376000000165
2886.3,995.5550000000045
2886.4,998.9660000000061
2886.5,1002.0023999999928
2886.6,998.0932000000035
2886.7,1000.7818811881493
2886.8,992.7932000000349
2886.9,1000.6382000000074
2887.0,992.9709999999906
2887.1,1005.6300990098956
2887.2,1009.6452000000227
2887.3,1003.3184000000147
2887.4,1009.3363999999835
2887.5,1002.5840000000127
2887.6,1010.0996039604211
2887.7,1002.9481999999864
2887.8,1019.7795999999994
2887.9,1022.6235999999984
2888.0,1027.8177227722806
2888.1,1021.1459999999987
2888.2,1022.8529999999727
2888.3,1033.6759999999997
2888.4,1035.268712871321
2888.5,1049.9657999999997
2888.6,1048.8225000000002
2888.7,1049.1860000000015
2888.8,1041.0668316831668
2888.9,1038.2316000000046
2889.0,1040.487599999991
2889.1,1044.444000000014
2889.2,1037.5045227722646
2889.3,1039.1960663365262
2889.4,1039.4929999999993
2889.5,1038.3957999999993
2889.6,1038.4362000000056
2889.7,1051.952871287135
2889.8,1051.229000000045
2889.9,1065.0280000000241
2890.0,1072.969799999997
2890.1,1074.6620000000114
2890.2,1066.7293069306963
2890.3,1064.9920000000075
2890.4,1071.2099999999978
2890.5,1069.7365000000054
2890.6,1074.001400990095
2890.7,1069.1365504950957
2890.8,1060.2363999999866
2890.9,1056.6067999999987
2891.0,1057.706000000006
2891.1,1051.6210891089047
2891.2,1058.0474999999667
2891.3,1068.9356999999986
2891.4,1067.9150999999877
2891.5,1059.9527999999823
2891.6,1048.3868316831388
2891.7,1058.454399999999
2891.8,1060.7040000000147
2891.9,1064.3206
2892.0,1063.8435643564362
2892.1,1062.9575000000182
2892.2,1055.760100000005
2892.3,1053.9006000000227
2892.4,1065.035600000038
2892.5,1083.3477099009774
2892.6,1077.1181188118817
2892.7,1089.64
2892.8,1084.71
2892.9,1081.76
2893.0,1086.19
2893.1,1084.7444554455474
2893.2,1088.1751999999929
2893.3,1096.585400000021
2893.4,1089.7597999999825
2893.5,1059.44079504949
2893.6,1057.4677742574252
2893.7,1054.5980000000116
2893.8,1055.4220000000005
2893.9,1052.8104950494971
2894.0,1053.3313999999991
2894.1,1052.3315000000016
2894.2,1052.184368316832
2894.3,1048.4839722772242
2894.4,1051.2292000000027
2894.5,1049.506799999998
2894.6,1045.9931999999967
2894.7,1045.1846534653473
2894.8,1043.3639999999937
2894.9,1029.3810000000133
2895.0,1026.5315000000026
2895.1,1011.9724752475713
2895.2,1014.5755999999882
2895.3,1005.6537999999866
2895.4,999.0257999999912
2895.5,999.7492000000016
2895.6,987.3952475247596
2895.7,992.012799999996
2895.8,986.4965999999754
2895.9,995.0151999999966
2896.0,990.7331000000038
2896.1,994.7337623762255
2896.2,994.8524000000009
2896.3,993.2567999999969
2896.4,997.6464000000088
2896.5,984.6863366336639
2896.6,993.1988999999976
2896.7,990.1296000000009
2896.8,992.6875000000005
2896.9,996.3497029703046
2897.0,990.7350000000121
2897.1,995.8209999999855
2897.2,990.1870000000158
2897.3,993.883069306933
2897.4,995.5503000000003
2897.5,997.0250000000003
2897.6,998.8365000000005
2897.7,990.4425999999978
2897.8,997.7676772277512
2897.9,991.6141346534426
2898.0,995.4159999999931
2898.1,997.0907999999979
2898.2,997.1332000000002
2898.3,1001.4938613861433
2898.4,995.3191999999947
2898.5,999.580900000004
2898.6,993.2359999999944
2898.7,994.7455445544523
2898.8,998.2560000000115
2898.9,989.6784000000076
2899.0,985.4394000000044
2899.1,982.8744000000033
2899.2,993.3906930693748
2899.3,984.5109009900983
2899.4,986.7030000000054
2899.5,976.233999999985
2899.6,975.7220000000019
2899.7,993.404999999944
2899.8,1038.5423762377843
2899.9,1002.2592000000095
2900.0,990.5976000000035
2900.1,996.6159999999929
2900.2,1000.4083999999972
2900.3,999.1185148514811
2900.4,1001.3745000000051
2900.5,1004.499600000005
2900.6,996.0660000000237
2900.7,1000.6126999999773
2900.8,994.8317999999864
2900.9,1000.8499999999992
2901.0,1003.6753999999994
2901.1,1000.102400000002
2901.2,997.3494000000011
2901.3,986.3355999999953
2901.4,996.1295999999932
2901.5,993.1566000000031
2901.6,995.609999999998
2901.7,996.6741999999999
2901.8,989.2200990098788
2901.9,992.9070000000137
2902.0,983.917299999974
2902.1,993.911099999975
2902.2,960.0946000001135
2902.3,961.775100000026
2902.4,951.4567999999679
2902.5,952.3823000000099
2902.6,954.9604999999966
2902.7,959.0711881188096
2902.8,966.7020000000077
2902.9,962.276
2903.0,965.7819999999999
2903.1,956.144
2903.2,988.18
2903.3,992.0299999999946
2903.4,996.1320000000001
2903.5,997.74
2903.6,995.3545544554506
2903.7,997.2537999999934
2903.8,992.7633999999837
2903.9,998.0497000000211
2904.0,996.4920915254272
2904.1,999.8364714202426
2904.2,1004.324
2904.3,1003.3599999999949
2904.4,1004.928
2904.5,999.34
2904.6,1001.2900000000001
2904.7,1001.004
2904.8,998.3660000000018
2904.9,998.0337821782143
2905.0,993.6651485148532
2905.1,992.9723999999932
2905.2,991.1168000000113
2905.3,993.2006000000183
2905.4,991.4840999999801
2905.5,993.6161999999983
2905.6,1004.1059999999767
2905.7,1006.0483000000096
2905.8,1007.0707920792144
2905.9,1008.8599999999998
2906.0,1014.972000000005
2906.1,1016.2091999999974
2906.2,1012.8504000000036
2906.3,1018.4572000000048
2906.4,1018.2713999999962
2906.5,1013.4479999999988
2906.6,1002.5277999999921
2906.7,1002.1434653465262
2906.8,1007.755700000003
2906.9,1009.1989000000007
2907.0,1007.6857000000064
2907.1,1000.3042000000158
2907.2,1002.0377999999832
2907.3,1000.6761999999694
2907.4,1000.9141584158564
2907.5,1004.2555999999995
2907.6,1005.4232000000022
2907.7,1005.0260000000043
2907.8,998.9039999999919
2907.9,1002.2620000000118
2908.0,1003.1943999999922
2908.1,1001.3260000000031
2908.2,1002.9059564356421
2908.3,1003.0320594059417
2908.4,1008.9375000000097
2908.5,999.8700000000287
2908.6,964.1265000000504
2908.7,911.6330000000671
2908.8,857.283499999828
2908.9,804.4994999999502
2909.0,754.2060000000531
2909.1,700.525360219082
2909.2,647.3152393444045
2909.3,602.187199999928
2909.4,556.112799999891
2909.5,499.90959999998245
2909.6,466.6289108910921
2909.7,465.48320000000007
2909.8,465.2124999999993
2909.9,464.95320000000004
2910.0,464.67320000000007
2910.1,464.38390000000004
2910.2,464.1297
2910.3,463.9966920792075
2910.4,463.87844554455444
2910.5,463.79399999999987
2910.6,463.6830000000002
2910.7,463.60200000000015
2910.8,463.53599999999983
2910.9,463.45299999999975
2911.0,463.37799999999993
2911.1,463.3260000000002
2911.2,463.2492079207923
2911.3,463.1681
2911.4,463.09000000000003
2911.5,463.0697
2911.6,463.00260000000003
2911.7,462.96579999999994
2911.8,462.9684
2911.9,462.94
2912.0,462.9288000000001
2912.1,462.8972
2912.2,462.8844
2912.3,462.86719999999997
2912.4,462.85439999999994
2912.5,462.8260000000001
2912.6,462.7844
2912.7,462.7644554455446
2912.8,462.7473
2912.9,462.7156999999999
2913.0,462.63649999999996
2913.1,462.60540000000003
2913.2,462.6173
2913.3,462.5856999999999
2913.4,462.5254
2913.5,462.55069306930693
2913.6,462.5748
2913.7,462.5626
2913.8,462.5465999999997
2913.9,462.4852000000001
2914.0,462.5026
2914.1,462.49700000000007
2914.2,462.43896363636384
2914.3,462.37396363636367
2914.4,462.3884
2914.5,462.38480000000004
2914.6,462.41
2914.7,462.40700000000004
2914.8,462.3960000000001
2914.9,462.4315
2915.0,462.43850000000003
2915.1,462.4195000000001
2915.2,462.37049999999994
2915.3,462.4315
2915.4,462.43250000000006
2915.5,462.37574455445537
2915.6,462.2886
2915.7,462.27860000000004
2915.8,462.26019999999994
2915.9,462.19719999999995
2916.0,462.17719999999997
2916.1,462.1544
2916.2,462.11445544554465
2916.3,462.0760999999999
2916.4,462.05129999999997
2916.5,462.0626
2916.6,462.0865
2916.7,462.1313
2916.8,462.1413
2916.9,462.1396000000001
2917.0,462.0648
2917.1,462.03
2917.2,462.03
2917.3,462.0312
2917.4,462.04240000000004
2917.5,462.0576
2917.6,462.03880000000004
2917.7,462.0347999999999
2917.8,462.06639999999993
2917.9,462.0472000000001
2918.0,462.10594059405946
2918.1,462.1456
2918.2,462.11
2918.3,462.1089
2918.4,462.09450000000004
2918.5,462.0544
2918.6,462.0856
2918.7,462.0434
2918.8,461.9889
2918.9,461.9876237623762
2919.0,462.05
2919.1,462.0539999999999
2919.2,462.08900000000006
2919.3,462.07299999999987
2919.4,462.01600000000013
2919.5,462.0659999999999
2919.6,462.02200000000016
2919.7,461.95
2919.8,461.94207920792064
2919.9,461.861
2920.0,461.76099999999997
2920.1,461.6718
2920.2,461.6918
2920.3,461.7127
2920.4,461.7328
2920.5,461.66179999999997
2920.6,461.6818
2920.7,461.6973267326733
2920.8,461.6780000000003
2920.9,461.77480000000014
2921.0,461.83639999999986
2921.1,461.91239999999993
2921.2,461.9455999999999
2921.3,462.01160000000004
2921.4,462.03480000000013
2921.5,462.09000000000003
2921.6,462.0907920792079
2921.7,462.1020999999999
2921.8,462.12579999999997
2921.9,462.0693
2922.0,462.0557999999999
2922.1,461.9986
2922.2,461.9779000000001
2922.3,461.9507
2922.4,461.9579
2922.5,461.93138613861385
2922.6,461.9452000000001
2922.7,461.87
2922.8,461.87
2922.9,461.8706
2923.0,461.8806
2923.1,461.8918
2923.2,461.92
2923.3,461.91581782178196
2923.4,461.84881188118806
2923.5,461.8295
2923.6,461.81899999999996
2923.7,461.80349999999976
2923.8,461.86899999999997
2923.9,461.849
2924.0,461.831
2924.1,461.851
2924.2,461.8665346534656
2924.3,461.79959999999994
2924.4,461.79239999999993
2924.5,461.85079999999994
2924.6,461.8708
2924.7,461.8856000000001
2924.8,461.7775999999998
2924.9,461.72159999999997
2925.0,461.7576
2925.1,461.7
2925.2,461.70059999999995
2925.3,461.7218000000001
2925.4,461.78060000000005
2925.5,461.8
2925.6,461.7991000000001
2925.7,461.7729999999997
2925.8,461.8727000000001
2925.9,461.9569999999998
2926.0,461.85910891089105
2926.1,461.83079999999995
2926.2,461.87159999999994
2926.3,461.9508000000002
2926.4,461.9886
2926.5,461.9204
2926.6,461.94
2926.7,461.9404
2926.8,461.95919999999984
2926.9,461.92019801980194
2927.0,461.93010000000004
2927.1,461.94019999999995
2927.2,461.95970000000005
2927.3,461.92879999999974
2927.4,461.80989999999997
2927.5,461.80060000000014
2927.6,461.85910000000024
2927.7,461.76970000000006
2927.8,461.74
2927.9,461.74
2928.0,461.74
2928.1,461.81
2928.2,461.76
2928.3,461.75
2928.4,461.78999999999996
2928.5,461.82
2928.6,461.78999999999996
2928.7,461.82
2928.8,461.8794059405942
2928.9,461.86019999999996
2929.0,461.9490999999998
2929.1,461.8609000000002
2929.2,461.87979999999993
2929.3,461.9592000000002
2929.4,461.93029999999993
2929.5,461.87060000000014
2929.6,461.84030000000007
2929.7,461.87920792079194
2929.8,461.79179999999997
2929.9,461.8292
2930.0,461.74179999999996
2930.1,461.7792
2930.2,461.80939999999987
2930.3,461.8394
2930.4,461.76247326732647
2930.5,461.7794
2930.6,461.7703
2930.7,461.8087999999999
2930.8,461.85850000000016
2930.9,461.81149999999985
2931.0,461.8488
2931.1,461.8597
2931.2,461.8794
2931.3,461.8319801980198
2931.4,461.85880000000003
2931.5,461.8408
2931.6,461.8688
2931.7,461.8316000000001
2931.8,461.83
2931.9,461.86840000000007
2932.0,461.90840000000003
2932.1,461.8716950495049
2932.2,461.84150000000005
2932.3,461.8305
2932.4,461.773
2932.5,461.7985
2932.6,461.74300000000005
2932.7,461.721
2932.8,461.75800000000015
2932.9,461.7785297029704
2933.0,461.7611940594059
2933.1,461.76939999999996
2933.2,461.7794
2933.3,461.8364000000001
2933.4,461.81179999999995
2933.5,461.7818
2933.6,461.80819999999994
2933.7,461.8757999999998
2933.8,461.87069306930687
2933.9,461.8514
2934.0,461.87789999999995
2934.1,461.8428
2934.2,461.84000000000003
2934.3,461.79349999999977
2934.4,461.8084158415842
2934.5,461.87440000000015
2934.6,461.88
2934.7,461.7696000000003
2934.8,461.7323999999999
2934.9,461.7482178217822
2935.0,461.7318
2935.1,461.77549999999997
2935.2,461.7709
2935.3,461.77
2935.4,461.7339999999999
2935.5,461.66700000000014
2935.6,461.6060000000001
2935.7,461.6356435643564
2935.8,461.6311
2935.9,461.6567
2936.0,461.5888
2936.1,461.5273049504952
2936.2,461.52877623762373
2936.3,461.52119999999996
2936.4,461.52
2936.5,461.52
2936.6,461.57220000000007
2936.7,461.5713
2936.8,461.59610000000004
2936.9,461.5397029702971
2937.0,461.5386
2937.1,461.6517999999998
2937.2,461.70439999999996
2937.3,461.69297029702966
2937.4,461.74100000000004
2937.5,461.76700000000005
2937.6,461.78700000000003
2937.7,461.8239999999999
2937.8,461.8552475247526
2937.9,461.8516
2938.0,461.87519999999995
2938.1,461.88
2938.2,461.7876000000001
2938.3,461.77
2938.4,461.7783
2938.5,461.74679999999995
2938.6,461.73170000000005
2938.7,461.72178217821784
2938.8,461.68719999999996
2938.9,461.6718
2939.0,461.6372
2939.1,461.5569306930695
2939.2,461.5723999999999
2939.3,461.6043000000001
2939.4,461.5775999999999
2939.5,461.5780198019802
2939.6,461.60400000000004
2939.7,461.61
2939.8,461.58599999999996
2939.9,461.5641584158415
2940.0,461.5521
2940.1,461.5736999999999
2940.2,461.52470000000017
2940.3,461.51
2940.4,461.52560000000005
2940.5,461.5846
2940.6,461.58439999999996
2940.7,461.61861386138605
2940.8,461.6608000000001
2940.9,461.70080000000013
2941.0,461.7331
2941.1,461.69425742574253
2941.2,461.75599999999974
2941.3,461.7648
2941.4,461.6839999999999
2941.5,461.62237623762377
2941.6,461.6175
2941.7,461.5975
2941.8,461.6125000000001
2941.9,461.62
2942.0,461.59779999999995
2942.1,461.63439999999986
2942.2,461.65739999999994
2942.3,461.66
2942.4,461.6527
2942.5,461.65729999999996
2942.6,461.6454
2942.7,461.66168316831676
2942.8,461.65559999999994
2942.9,461.65
2943.0,461.65
2943.1,461.5996712871288
2943.2,461.5658
2943.3,461.53869999999995
2943.4,461.5371
2943.5,461.5542
2943.6,461.5740594059406
2943.7,461.5310000000002
2943.8,461.503
2943.9,461.534792079208
2944.0,461.54306930693065
2944.1,461.51239999999996
2944.2,461.5069
2944.3,461.51689999999996
2944.4,461.52
2944.5,461.5131
2944.6,461.4962
2944.7,461.53829999999977
2944.8,461.580495049505
2944.9,461.5764
2945.0,461.5632
2945.1,461.5939999999999
2945.2,461.52160000000026
2945.3,461.46639999999996
2945.4,461.3919999999997
2945.5,461.32633663366335
2945.6,461.28319999999997
2945.7,461.2499000000001
2945.8,461.25340000000006
2945.9,461.23319999999995
2946.0,461.25350000000003
2946.1,461.3303000000001
2946.2,461.3867999999999
2946.3,461.4134
2946.4,461.4929702970296
2946.5,461.53
2946.6,461.4838000000001
2946.7,461.44680000000005
2946.8,461.38059999999973
2946.9,461.3368
2947.0,461.25740000000013
2947.1,461.1276000000002
2947.2,461.0602
2947.3,461.02386138613855
2947.4,460.96449999999993
2947.5,460.90099999999995
2947.6,460.89949999999993
2947.7,460.9164999999999
2947.8,460.907
2947.9,460.8805
2948.0,460.84399999999994
2948.1,460.83
2948.2,460.84930693069305
2948.3,460.8087999999997
2948.4,460.78
2948.5,460.81839999999994
2948.6,460.8656
2948.7,460.8864
2948.8,460.8836
2948.9,460.88
2949.0,460.84800000000007
2949.1,460.83
2949.2,460.8488999999999
2949.3,460.87260000000003
2949.4,460.8926
2949.5,460.89369999999997
2949.6,460.89
2949.7,460.85850000000016
2949.8,460.82109999999994
2949.9,460.8287128712871
2950.0,460.85859999999997
2950.1,460.839
2950.2,460.8262
2950.3,460.8672000000001
2950.4,460.8962
2950.5,460.8938
2950.6,460.89
2950.7,460.89
2950.8,460.9266000000001
2950.9,460.97440000000006
2951.0,460.97170000000006
2951.1,460.97829999999993
2951.2,461.0143999999999
2951.3,461.02389999999997
2951.4,460.9955999999999
2951.5,460.9678603960396
2951.6,460.9540396039604
2951.7,460.968
2951.8,460.94999999999993
2951.9,460.942
2952.0,460.974
2952.1,461.008
2952.2,460.972
2952.3,460.92799999999994
2952.4,460.91999999999996
2952.5,460.94949999999994
2952.6,461.01129999999984
2952.7,461.0105000000001
2952.8,460.9663999999999
2952.9,460.93229999999994
2953.0,460.8964
2953.1,460.85640000000006
2953.2,460.8576999999999
2953.3,460.89336633663373
2953.4,460.90999999999997
2953.5,460.9216
2953.6,460.8952
2953.7,460.87
2953.8,460.91060000000004
2953.9,460.9284
2954.0,460.9258
2954.1,460.9242
2954.2,460.90277227722777
2954.3,460.9014000000001
2954.4,460.93280000000004
2954.5,460.93860000000006
2954.6,460.95849999999996
2954.7,461.0027999999999
2954.8,460.9971999999999
2954.9,460.9686
2955.0,460.98849999999993
2955.1,461.0156435643564
2955.2,461.03119999999996
2955.3,460.9839999999999
2955.4,460.9456
2955.5,460.96663366336634
2955.6,460.96900000000005
2955.7,460.9050000000001
2955.8,460.8655
2955.9,460.859
2956.0,460.8283544554455
2956.1,460.79920000000004
2956.2,460.77920000000006
2956.3,460.78609306930696
2956.4,460.8212465346534
2956.5,460.8453
2956.6,460.81820000000005
2956.7,460.8271
2956.8,460.87590000000006
2956.9,460.90049504950497
2957.0,460.92040000000003
2957.1,460.96639999999996
2957.2,461.01039999999995
2957.3,461.030297029703
2957.4,461.0094
2957.5,460.9647
2957.6,460.97519702970294
2957.7,460.99004950495055
2957.8,460.9449999999998
2957.9,460.915
2958.0,460.935
2958.1,460.9250000000001
2958.2,460.8504950495053
2958.3,460.7804
2958.4,460.7453
2958.5,460.7839
2958.6,483.8112000000107
2958.7,535.654899999886
2958.8,591.4448000000124
2958.9,646.1314000000125
2959.0,700.109400000012
2959.1,759.0927722771778
2959.2,822.1491999998894
2959.3,879.2096000001446
2959.4,938.1288000000357
2959.5,996.7283999999066
2959.6,1027.0679999999861
2959.7,1033.2807999999914
2959.8,1038.3076000000146
2959.9,1045.0939801980242
2960.0,1047.939956435645
2960.1,1043.2026999999955
2960.2,1042.90129999999
2960.3,1046.2367999999997
2960.4,1046.5604000000008
2960.5,1051.8519000000067
2960.6,1057.9794000000013
2960.7,1061.5033999999923
2960.8,1062.2300138613832
2960.9,1064.4436475247498
2961.0,1061.3500000000245
2961.1,1058.709399999979
2961.2,1066.4956000000016
2961.3,1066.013400000001
2961.4,1065.9307999999994
2961.5,1065.3510000000008
2961.6,1072.727999999977
2961.7,1095.9939603959683
2961.8,1109.329826732664
2961.9,1108.5565000000092
2962.0,1113.0545000000002
2962.1,970.2120000002888
2962.2,904.083499999178
2962.3,1040.8935000000108
2962.4,1048.5460000000062
2962.5,1050.5024999999973
2962.6,1056.949108910895
2962.7,1065.568000000002
2962.8,1061.8643999999908
2962.9,1059.4191999999987
2963.0,1060.0000000000005
2963.1,1061.5547999999962
2963.2,1069.6363999999883
2963.3,1079.6120000000099
2963.4,1083.7303999999983
2963.5,1083.1875247524747
2963.6,1080.7726000000005
2963.7,1079.8979000000013
2963.8,1081.8918000000085
2963.9,1085.685500000003
2964.0,1090.8164000000152
2964.1,1089.8679207920686
2964.2,1075.2436000000066
2964.3,1063.8349999999841
2964.4,1060.0373999999995
2964.5,1059.9826000000007
2964.6,1058.9179207920797
2964.7,1057.9107000000042
2964.8,1056.0617999999959
2964.9,1054.1770999999965
2965.0,1053.9996346534679
2965.1,1054.8285346534653
2965.2,1056.3579999999906
2965.3,1059.574
2965.4,1059.908
2965.5,1054.2635643564477
2965.6,1043.3821000000094
2965.7,1034.7473000000305
2965.8,1025.8818000000015
2965.9,1025.3629999999941
2966.0,1018.4343564356194
2966.1,1008.7189999999989
2966.2,1002.404400000016
2966.3,994.8782811881206
2966.4,990.1181603960245
2966.5,985.1711999999828
2966.6,990.0038000000084
2966.7,987.8360475247458
2966.8,989.0644079207893
2966.9,987.7356
2967.0,988.2680000000014
2967.1,987.6688000000032
2967.2,986.8091999999801
2967.3,989.4117821782133
2967.4,988.1155000000017
2967.5,987.5720000000036
2967.6,984.848500000002
2967.7,987.1737623762197
2967.8,990.3319999999868
2967.9,986.2182000000091
2968.0,990.1227999999978
2968.1,989.18099009901
2968.2,988.8058000000012
2968.3,984.6798999999788
2968.4,981.7257999999937
2968.5,986.3420792079273
2968.6,984.7435999999857
2968.7,987.711200000005
2968.8,986.1938613861377
2968.9,987.7124999999984
2969.0,989.496300000002
2969.1,985.843499999998
2969.2,991.0829207920813
2969.3,990.4744653465455
2969.4,994.9140000000099
2969.5,995.1269999999913
2969.6,990.5579999999841
2969.7,987.7230000000583
2969.8,973.4990000000284
2969.9,977.5650495049244
2970.0,971.0149000000035
2970.1,981.9122999999997
2970.2,979.0510000000078
2970.3,977.4871000000028
2970.4,981.1274257425803
2970.5,974.9351999999616
2970.6,986.880400000021
2970.7,984.6763999999602
2970.8,1000.1472277227701
2970.9,999.793400000001
2971.0,1000.3493999999987
2971.1,996.7743277227665
2971.2,992.8207603960419
2971.3,996.060999999966
2971.4,991.1414000000228
2971.5,998.8803564356459
2971.6,997.602326732672
2971.7,998.445000000017
2971.8,992.7924999999913
2971.9,988.6500000000073
2972.0,990.9998019801917
2972.1,986.5703999999882
2972.2,995.6112000000031
2972.3,993.4076000000038
2972.4,994.7990099009897
2972.5,993.8405999999958
2972.6,989.2736999999817
2972.7,992.0321000000258
2972.8,987.4073267326836
2972.9,995.1117999999988
2973.0,1000.8817999999924
2973.1,1013.7702000000004
2973.2,1014.377326732669
2973.3,1017.810999999996
2973.4,1015.5434999999926
2973.5,1010.944299999991
2973.6,1004.0070000000057
2973.7,1001.6660396039676
2973.8,999.678
2973.9,1003.63
2974.0,1013.0921782178343
2974.1,988.0201999999989
2974.2,986.6166000000202
2974.3,981.4306000000369
2974.4,991.7308455445402
2974.5,987.2225326732473
2974.6,997.8653999999997
2974.7,997.5375999999999
2974.8,998.4336000000017
2974.9,999.9699999999966
2975.0,995.8345207920804
2975.1,1003.7746425742698
2975.2,998.2316999999905
2975.3,1002.6113999999894
2975.4,999.5103960396019
2975.5,999.0140000000008
2975.6,998.9987999999992
2975.7,995.8212396039428
2975.8,999.2102722772045
2975.9,992.7699999999954
2976.0,995.9990000000013
2976.1,994.3415000000052
2976.2,991.3266336633579
2976.3,995.1107999999873
2976.4,989.804000000026
2976.5,1004.4351999999825
2976.6,995.5391089109074
2976.7,1008.959799999999
2976.8,1011.7601000000385
2976.9,1020.8898000000058
2977.0,1011.3658415841736
2977.1,998.0515999999803
2977.2,1004.81279999999
2977.3,1008.6300000000086
2977.4,1012.3275999999927
2977.5,1008.0973267326642
2977.6,1003.0853999999997
2977.7,1002.8207000000085
2977.8,993.8933999999971
2977.9,1005.4924999999998
2978.0,1007.0608999999981
2978.1,1014.3467326732674
2978.2,1012.9770000000306
2978.3,1001.4760000000133
2978.4,1006.1119999999855
2978.5,1000.7770000000074
2978.6,1004.0080000000098
2978.7,1001.305999999973
2978.8,1012.0453465346549
2978.9,1011.413299999997
2979.0,999.6067000000014
2979.1,1004.7129999999977
2979.2,995.821499999999
2979.3,1000.7224
2979.4,1001.7853000000018
2979.5,1009.4180000000005
2979.6,1011.6846000000007
2979.7,1014.7912871287131
2979.8,1019.258400000002
2979.9,1020.7796000000251
2980.0,1031.0035999999898
2980.1,1036.7319999999884
2980.2,1042.5480000000018
2980.3,1042.0904000000126
2980.4,1045.981199999989
2980.5,1041.8079999999984
2980.6,1042.6209386138607
2980.7,1042.918457425744
2980.8,1042.3395000000014
2980.9,1043.2920999999924
2981.0,1033.4722000000038
2981.1,1037.954299999997
2981.2,1030.4788999999757
2981.3,1037.1724000000083
2981.4,1049.332800000007
2981.5,1058.841188118813
2981.6,1060.871800000006
2981.7,1056.1174000000126
2981.8,1048.4326000000515
2981.9,1064.0138000000168
2982.0,1069.4191999999996
2982.1,1069.8711999999966
2982.2,1071.969400000006
2982.3,1067.5427999999902
2982.4,1064.0004950494738
2982.5,1054.433500000002
2982.6,1056.2730000000047
2982.7,1061.137499999996
2982.8,1062.0704999999964
2982.9,1059.2430000000045
2983.0,1062.6344999999894
2983.1,1054.3995000000111
2983.2,1065.8550000000087
2983.3,1063.9824752475351
2983.4,1073.6931999999986
2983.5,1074.8948000000073
2983.6,1067.1348000000044
2983.7,1062.4835999999993
2983.8,1063.4304000000122
2983.9,1066.8515999999988
2984.0,1068.5263999999902
2984.1,1078.8336000000038
2984.2,1075.299009900979
2984.3,1086.6139000000098
2984.4,1092.4411999999936
2984.5,1088.4943999999948
2984.6,1085.172999999991
2984.7,1088.2654999999916
2984.8,1090.7242999999837
2984.9,1081.2621000000224
2985.0,1094.065499999959
2985.1,1066.560693069326
2985.2,1059.870600000004
2985.3,1051.1604000000161
2985.4,1055.0738000000006
2985.5,1053.8019999999997
2985.6,1054.3816000000002
2985.7,1053.9899999999996
2985.8,1054.9678217821777
2985.9,1054.8750000000032
2986.0,1056.3465999999974
2986.1,1055.0425999999943
2986.2,1057.3253999999886
2986.3,1061.7016999999757
2986.4,1049.9911000000002
2986.5,1049.9661999999732
2986.6,1036.704500000004
2986.7,1035.087821782199
2986.8,1026.8700000000001
2986.9,1020.5600000000002
2987.0,1016.78
2987.1,1002.66
2987.2,1003.74
2987.3,993.36
2987.4,998.58
2987.5,992.2700000000001
2987.6,991.9999999999999
2987.7,997.0495049504848
2987.8,993.1003999999898
2987.9,999.2376000000156
2988.0,992.9838000000127
2988.1,998.4837999999884
2988.2,995.1839000000068
2988.3,995.7341000000015
2988.4,996.145900000001
2988.5,988.8438000000149
2988.6,999.2581188118855
2988.7,989.3956000000412
2988.8,994.4232000000025
2988.9,992.9717999999992
2989.0,992.1951999999997
2989.1,993.9440000000009
2989.2,989.3740000000187
2989.3,994.3270000000024
2989.4,986.7565999999965
2989.5,989.239207920788
2989.6,989.0678000000005
2989.7,986.1112000000048
2989.8,991.296800000016
2989.9,984.1364999999777
2990.0,992.2325999999874
2990.1,986.1365000000104
2990.2,990.3962376237462
2990.3,992.1064000000015
2990.4,991.3155999999992
2990.5,1002.2432000000105
2990.6,981.2823999999797
2990.7,992.9755999999546
2990.8,979.5127999999867
2990.9,987.0324000000076
2991.0,985.4115999999982
2991.1,990.909405940588
2991.2,994.515499999996
2991.3,989.6074999999818
2991.4,987.4020000000019
2991.5,983.0630000000051
2991.6,993.3279999999874
2991.7,990.2890000000043
2991.8,993.5390000000123
2991.9,998.5839999999954
2992.0,998.0593069306922
2992.1,998.357799999999
2992.2,986.8462000000391
2992.3,993.9214000000113
2992.4,993.9123999999993
2992.5,997.1136000000048
2992.6,1001.9729999999857
2992.7,998.2938000000136
2992.8,994.5405940593922
2992.9,985.6682000000034
2993.0,991.3439999999954
2993.1,989.3741000000018
2993.2,996.4160999999947
2993.3,1002.4377000000227
2993.4,997.800100000002
2993.5,999.7635999999982
2993.6,989.068300000008
2993.7,995.6715841583954
2993.8,996.4020000000002
2993.9,1006.5852000000201
2994.0,1017.7004000000202
2994.1,1018.8383999999994
2994.2,1010.7824000000239
2994.3,1012.3481188118811
2994.4,1009.5033000000008
2994.5,1004.7319000000011
2994.6,1006.5467999999995
2994.7,1006.3915841584167
2994.8,1005.3059999999974
2994.9,1003.8759999999966
2995.0,990.9262079207831
2995.1,990.1768287128716
2995.2,991.7752000000003
2995.3,987.5010999999963
2995.4,996.2465346534907
2995.5,988.8936000000125
2995.6,996.2559999999824
2995.7,997.0856000000007
2995.8,996.5520792079202
2995.9,999.1335000000021
2996.0,993.0658999999949
2996.1,1000.2084000000063
2996.2,996.5531683168376
2996.3,1003.6734000000292
2996.4,1000.8578000000034
2996.5,998.0486000000035
2996.6,999.8457425742592
2996.7,990.8955000000299
2996.8,999.9770000000143
2996.9,996.8124999999933
2997.0,1001.4195000000074
2997.1,999.7549999999964
2997.2,1006.5343318583762
2997.3,1012.3787681415812
2997.4,1011.3061663367056
2997.5,1014.6997158416119
2997.6,1021.4794999999983
2997.7,1020.6793000000009
2997.8,1017.9363999999977
2997.9,1021.5131999999986
2998.0,1024.4866999999995
2998.1,1026.3134999999995
2998.2,1019.7926000000023
2998.3,1012.0257623762192
2998.4,1011.4768217821809
2998.5,1010.507000000002
2998.6,1003.0370000000221
2998.7,1005.8270297029403
2998.8,1003.2370999999982
2998.9,1001.9957000000004
2999.0,1005.4784000000009
2999.1,999.5269306930817
2999.2,999.485599999991
2999.3,990.6559999999583
2999.4,996.4963247525168
2999.5,995.9408970296923
2999.6,997.2903000000041
2999.7,1001.021899999994
2999.8,1001.6019999999997
2999.9,1007.8449504950431
3000.0,1003.0148000000167
3000.1,1008.6609999999798
3000.2,990.6892000000475
3000.3,952.4299999999262
3000.4,897.2069999999278
3000.5,841.4829999999413
3000.6,791.1250000000905
3000.7,740.7181089110624
3000.8,686.74269702955
3000.9,629.9127999999581
3001.0,575.9656000000473
3001.1,522.7443564357625
3001.2,482.23940000009645
3001.3,467.6436999999936
3001.4,465.9583999999995
3001.5,465.61319999999944
3001.6,465.33653465346526
3001.7,465.1384000000001
3001.8,464.90259999999967
3001.9,464.65120000000013
3002.0,464.48633663366354
3002.1,464.3851000000002
3002.2,464.20970000000057
3002.3,463.9985068953322
3002.4,463.85663366336644
3002.5,463.7520000000002
3002.6,463.6184000000003
3002.7,463.4539603960401
3002.8,463.3135999999999
3002.9,463.1700999999999
3003.0,463.0377
3003.1,462.9620792079208
3003.2,462.8932000000001
3003.3,462.84079999999994
3003.4,462.8254
3003.5,462.8017821782178
3003.6,462.76200000000006
3003.7,462.72200000000015
3003.8,462.67749999999995
3003.9,462.6366336633663
3004.0,462.62879999999996
3004.1,462.63120000000004
3004.2,462.64178217821774
3004.3,462.65709999999996
3004.4,462.6314
3004.5,462.62
3004.6,462.6200425742574
3004.7,462.6367425742574
3004.8,462.67680000000007
3004.9,462.71259999999995
3005.0,462.68417425742587
3005.1,462.578883168317
3005.2,462.52
3005.3,462.50769999999994
3005.4,462.4940594059406
3005.5,462.5
3005.6,462.496
3005.7,462.47800000000007
3005.8,462.4639603960396
3005.9,462.4739
3006.0,462.4878
3006.1,462.5311999999998
3006.2,462.5877227722772
3006.3,462.5734
3006.4,462.50719999999995
3006.5,462.4662
3006.6,462.4524752475248
3006.7,462.4363
3006.8,462.42259999999993
3006.9,462.40999999999997
3007.0,462.3990099009901
3007.1,462.39439999999996
3007.2,462.40200000000016
3007.3,462.3844
3007.4,462.42429306930694
3007.5,462.44643564356437
3007.6,462.4190000000001
3007.7,462.3905
3007.8,462.4169306930694
3007.9,462.4061999999999
3008.0,462.34979999999996
3008.1,462.2828712871286
3008.2,462.19
3008.3,462.19
3008.4,462.1966
3008.5,462.17405940594074
3008.6,462.10319999999996
3008.7,462.11639999999994
3008.8,462.1332
3008.9,462.1431683168317
3009.0,462.15
3009.1,462.1562
3009.2,462.1576
3009.3,462.1393000000001
3009.4,462.1387920792078
3009.5,462.10800000000006
3009.6,462.16799999999984
3009.7,462.20400000000006
3009.8,462.18108910891084
3009.9,462.1716
3010.0,462.1826
3010.1,462.1458
3010.2,462.1629
3010.3,462.1584
3010.4,462.1358
3010.5,462.15574257425743
3010.6,462.16440000000006
3010.7,462.1444
3010.8,462.13
3010.9,462.13
3011.0,462.14679999999987
3011.1,462.16760000000016
3011.2,462.12119999999993
3011.3,462.15
3011.4,462.1416831683167
3011.5,462.1227
3011.6,462.1327
3011.7,462.14
3011.8,462.12919999999997
3011.9,462.1027
3012.0,462.09379999999993
3012.1,462.06080000000003
3012.2,462.09270000000004
3012.3,462.09198019801977
3012.4,462.07520000000005
3012.5,462.09000000000003
3012.6,462.08480000000003
3012.7,462.08039999999994
3012.8,462.12300000000016
3012.9,462.13919999999985
3013.0,462.0852
3013.1,462.1155999999999
3013.2,462.16
3013.3,462.16
3013.4,462.155
3013.5,462.1375
3013.6,462.14
3013.7,462.1475000000003
3013.8,462.06499999999994
3013.9,462.0325
3014.0,462.06249999999994
3014.1,462.0350495049505
3014.2,462.0152
3014.3,462.01440000000014
3014.4,462.0624
3014.5,462.0724
3014.6,462.0608000000001
3014.7,462.0
3014.8,462.00720000000007
3014.9,462.03000000000003
3015.0,462.02762376237627
3015.1,462.02459999999996
3015.2,462.03999999999996
3015.3,462.0377
3015.4,462.04150000000004
3015.5,462.0685
3015.6,462.02540000000005
3015.7,462.0146
3015.8,462.03
3015.9,462.0163366336633
3016.0,461.9634
3016.1,461.9356
3016.2,461.9332
3016.3,461.9623999999998
3016.4,461.9044
3016.5,461.9376
3016.6,462.0066
3016.7,462.03
3016.8,462.03
3016.9,462.0321
3017.0,462.0358
3017.1,462.0116000000001
3017.2,461.97370000000006
3017.3,461.9584000000001
3017.4,461.98369999999994
3017.5,461.95369999999997
3017.6,461.93
3017.7,461.9258415841585
3017.8,461.91200000000003
3017.9,461.91999999999996
3018.0,461.928
3018.1,461.962
3018.2,461.976
3018.3,461.992
3018.4,461.964
3018.5,461.972
3018.6,461.9380198019802
3018.7,461.9224000000001
3018.8,461.88809999999995
3018.9,461.88
3019.0,461.88569999999993
3019.1,461.9081
3019.2,461.9075999999999
3019.3,461.94190000000003
3019.4,461.9481
3019.5,461.9362376237624
3019.6,461.9146
3019.7,461.8954
3019.8,461.9128
3019.9,461.8674
3020.0,461.8208
3020.1,461.8646
3020.2,461.831
3020.3,461.78999999999996
3020.4,461.78465346534654
3020.5,461.7549
3020.6,461.7401999999999
3020.7,461.78490000000005
3020.8,461.7719000000002
3020.9,461.8385000000001
3021.0,461.8766
3021.1,461.8532000000001
3021.2,461.82509999999996
3021.3,461.8432673267326
3021.4,461.81480000000005
3021.5,461.8464
3021.6,461.86879999999996
3021.7,461.8163999999999
3021.8,461.8468
3021.9,461.83320000000003
3022.0,461.8516
3022.1,461.8632
3022.2,461.8847524752474
3022.3,461.90099999999984
3022.4,461.8455
3022.5,461.81850000000003
3022.6,461.8204999999999
3022.7,461.87700000000007
3022.8,461.85849999999994
3022.9,461.83950000000004
3023.0,461.77848514851485
3023.1,461.77848514851485
3023.2,461.8216000000002
3023.3,461.7643999999999
3023.4,461.73
3023.5,461.72860000000003
3023.6,461.7172
3023.7,461.7014
3023.8,461.71
3023.9,461.72299999999996
3024.0,461.8113
3024.1,461.80960000000005
3024.2,461.73742574257426
3024.3,461.7320000000002
3024.4,461.81639999999993
3024.5,461.79240000000004
3024.6,461.81118811881186
3024.7,461.8167
3024.8,461.801
3024.9,461.879
3025.0,461.7910891089109
3025.1,461.79800000000006
3025.2,461.79299999999967
3025.3,461.89999999999975
3025.4,461.80899999999997
3025.5,461.7950495049504
3025.6,461.7509
3025.7,461.7582
3025.8,461.7328
3025.9,461.65643564356435
3026.0,461.6263999999999
3026.1,461.69680000000005
3026.2,461.6568000000001
3026.3,461.61683168316824
3026.4,461.5793
3026.5,461.56859999999995
3026.6,461.55346534653467
3026.7,461.59880000000004
3026.8,461.58000000000004
3026.9,461.5824000000001
3027.0,461.6182178217822
3027.1,461.59200000000004
3027.2,461.6305
3027.3,461.64250000000004
3027.4,461.68949999999995
3027.5,461.68030495049504
3027.6,461.6892
3027.7,461.66760000000005
3027.8,461.612772277228
3027.9,461.68
3028.0,461.67969999999997
3028.1,461.66880000000015
3028.2,461.63
3028.3,461.62970297029705
3028.4,461.62
3028.5,461.61920000000003
3028.6,461.5802
3028.7,461.59159999999997
3028.8,461.6686138613859
3028.9,461.59929999999986
3029.0,461.53020000000004
3029.1,461.5503999999999
3029.2,461.5898019801981
3029.3,461.57
3029.4,461.52
3029.5,461.47
3029.6,461.53
3029.7,461.57950495049494
3029.8,461.55029999999994
3029.9,461.5401
3030.0,461.5993999999999
3030.1,461.6392079207921
3030.2,461.6204000000001
3030.3,461.5906
3030.4,461.5998
3030.5,461.7164356435642
3030.6,461.7006
3030.7,461.6903
3030.8,461.689807920792
3030.9,461.7380198019803
3031.0,461.7304
3031.1,461.73
3031.2,461.6244000000004
3031.3,461.65801980198034
3031.4,461.679
3031.5,461.6040000000001
3031.6,461.6
3031.7,461.6187999999999
3031.8,461.65760000000006
3031.9,461.62239999999997
3032.0,461.6572277227723
3032.1,461.58560000000006
3032.2,461.64509999999996
3032.3,461.62209999999993
3032.4,461.6107920792079
3032.5,461.61
3032.6,461.6375999999999
3032.7,461.6583999999999
3032.8,461.71465346534654
3032.9,461.7018
3033.0,461.67269999999996
3033.1,461.7519
3033.2,461.76
3033.3,461.81400000000014
3033.4,461.7929999999999
3033.5,461.799
3033.6,461.8532871287129
3033.7,461.8066
3033.8,461.71099999999996
3033.9,461.6733
3034.0,461.69669999999996
3034.1,461.64712871287134
3034.2,461.5960000000001
3034.3,461.59
3034.4,461.59880000000004
3034.5,461.6438257425742
3034.6,461.5804128712871
3034.7,461.6047999999999
3034.8,461.6274
3034.9,461.6822000000001
3035.0,461.6297029702971
3035.1,461.62
3035.2,461.6715999999999
3035.3,461.61979999999977
3035.4,461.5844554455445
3035.5,461.55449999999996
3035.6,461.55850000000004
3035.7,461.5345000000001
3035.8,461.5384158415842
3035.9,461.4728
3036.0,461.47679999999997
3036.1,461.4968
3036.2,461.52495049504944
3036.3,461.50509999999997
3036.4,461.5498000000001
3036.5,461.56
3036.6,461.5766
3036.7,461.61287128712866
3036.8,461.6528
3036.9,461.6928
3037.0,461.76503168316844
3037.1,461.78005643564353
3037.2,461.7314000000001
3037.3,461.74430000000007
3037.4,461.67782178217817
3037.5,461.61199999999997
3037.6,461.512
3037.7,461.426
3037.8,461.4258415841585
3037.9,461.43
3038.0,461.3589000000001
3038.1,461.36346534653467
3038.2,461.39339999999993
3038.3,461.47020000000003
3038.4,461.4978
3038.5,461.5
3038.6,461.5615999999999
3038.7,461.64159999999987
3038.8,461.6060999999998
3038.9,461.5366336633662
3039.0,461.48199999999997
3039.1,461.42439999999993
3039.2,461.34227722772283
3039.3,461.2524999999997
3039.4,461.155
3039.5,461.1
3039.6,461.07500000000005
3039.7,461.01750000000004
3039.8,460.91831683168294
3039.9,460.9566000000001
3040.0,460.98740000000004
3040.1,460.99739999999997
3040.2,460.99260000000004
3040.3,460.99
3040.4,461.0337999999999
3040.5,461.0427
3040.6,461.0181
3040.7,461.0173
3040.8,461.0344554455446
3040.9,461.0111999999999
3041.0,461.0072
3041.1,461.01
3041.2,461.08841584158404
3041.3,461.16260000000005
3041.4,461.2013
3041.5,461.2455
3041.6,461.32326732673255
3041.7,461.40599999999984
3041.8,461.48600000000016
3041.9,461.5381386138615
3042.0,461.57076138613866
3042.1,461.6145
3042.2,461.6024000000001
3042.3,461.5762
3042.4,461.5563366336633
3042.5,461.5636
3042.6,461.54960000000005
3042.7,461.5060000000001
3042.8,461.48326732673263
3042.9,461.50010000000003
3043.0,461.50329999999997
3043.1,461.4799
3043.2,461.46336633663367
3043.3,461.50620000000026
3043.4,461.5564
3043.5,461.5568
3043.6,461.5566
3043.7,461.6057425742572
3043.8,461.6365
3043.9,461.653
3044.0,461.64069306930696
3044.1,461.59800000000007
3044.2,461.54800000000006
3044.3,461.4915999999998
3044.4,461.4636633663366
3044.5,461.44739999999996
3044.6,461.4840999999999
3044.7,461.4974
3044.8,461.47752475247523
3044.9,461.42040000000003
3045.0,461.3714
3045.1,461.3786
3045.2,461.4022772277227
3045.3,461.42830000000004
3045.4,461.45220000000006
3045.5,461.48439999999994
3045.6,461.5060396039604
3045.7,461.51
3045.8,461.498
3045.9,461.526
3046.0,461.58
3046.1,461.582
3046.2,461.552
3046.3,461.52799999999996
3046.4,461.52
3046.5,461.5021782178218
3046.6,461.46050000000014
3046.7,461.44
3046.8,461.4636000000001
3046.9,461.4859
3047.0,461.4605
3047.1,461.41640000000007
3047.2,461.47079999999977
3047.3,461.51415841584156
3047.4,461.4984
3047.5,461.4668
3047.6,461.45000000000005
3047.7,461.4789999999999
3047.8,461.55800000000005
3047.9,461.5594
3048.0,461.54740000000004
3048.1,461.5829128712871
3048.2,461.5770297029703
3048.3,461.5428999999999
3048.4,461.5243
3048.5,461.54849999999993
3048.6,461.5643
3048.7,461.5486
3048.8,461.5000999999998
3048.9,461.49821782178225
3049.0,461.50879999999995
3049.1,461.4439999999999
3049.2,461.4
3049.3,461.4056
3049.4,461.41554455445544
3049.5,461.39250000000004
3049.6,461.35900000000004
3049.7,461.361
3049.8,461.4081188118813
3049.9,461.39139999999986
3050.0,461.35540000000003
3050.1,461.43559999999985
3050.2,461.5053465346534
3050.3,461.51
3050.4,461.5153
3050.5,461.5306
3050.6,461.5506
3050.7,461.5809900990098
3050.8,461.56359999999984
3050.9,486.26120000008655
3051.0,540.4512000001098
3051.1,598.3363009900704
3051.2,651.8544356434923
3051.3,707.439500000119
3051.4,768.123699999986
3051.5,829.6711881187347
3051.6,891.3799999998587
3051.7,951.3299999998687
3051.8,1005.1600000001135
3051.9,1034.6500000000206
3052.0,1039.2640594059408
3052.1,1037.419599999999
3052.2,1038.6878999999867
3052.3,1044.4920792079276
3052.4,1041.3271999999936
3052.5,1033.1056000000078
3052.6,1035.1759999999838
3052.7,1038.5753465346609
3052.8,1036.9596999999997
3052.9,1037.2076000000006
3053.0,1040.7363000000043
3053.1,1052.5765346534604
3053.2,1061.2644000000032
3053.3,1053.1451999999526
3053.4,1050.0780000000118
3053.5,1053.7557425742584
3053.6,1050.257500000002
3053.7,1051.0514999999853
3053.8,1056.7390000000084
3053.9,1063.845247524754
3054.0,1082.8559999999686
3054.1,1099.9852000000046
3054.2,1100.425199999993
3054.3,1106.534554455457
3054.4,1110.287300000005
3054.5,1115.0571000000111
3054.6,1118.2302000000007
3054.7,1115.6435000000106
3054.8,1109.3285999999841
3054.9,1101.752299999993
3055.0,1083.2037623762108
3055.1,1061.9547999999995
3055.2,1060.1900000000026
3055.3,1057.0630000000003
3055.4,1058.166399999999
3055.5,1061.1113999999984
3055.6,1046.2174000000184
3055.7,1023.0375999999997
3055.8,1019.9871999999817
3055.9,1020.2856435643636
3056.0,1027.8567000000003
3056.1,1023.4049000000302
3056.2,1019.220199999982
3056.3,1025.103600000008
3056.4,1027.645000000001
3056.5,1029.3258000000005
3056.6,1043.115699999928
3056.7,1060.9627722772207
3056.8,1061.108
3056.9,1059.282
3057.0,1057.1019999999999
3057.1,1054.0120000000002
3057.2,1055.6339999999918
3057.3,1056.6019999999999
3057.4,1053.696
3057.5,1051.2040000000002
3057.6,1048.8617821782166
3057.7,1048.3865000000073
3057.8,1045.4306999999953
3057.9,1042.6597999999894
3058.0,1040.5702000000008
3058.1,1036.1030000000271
3058.2,1027.6819000000016
3058.3,1022.9723999999728
3058.4,1016.1844999999988
3058.5,1013.4348514851376
3058.6,1003.8835999999933
3058.7,994.5072000000008
3058.8,991.7279999999971
3058.9,989.8234000000025
3059.0,990.3513999999966
3059.1,988.8778000000038
3059.2,992.4340000000053
3059.3,989.7159999999999
3059.4,992.3292079207897
3059.5,995.9081000000047
3059.6,997.3596999999859
3059.7,1001.6446000000054
3059.8,1000.6296000000091
3059.9,1002.9696000000014
3060.0,1003.9163999999989
3060.1,1006.3346999999916
3060.2,1005.3806000000185
3060.3,999.0894059406002
3060.4,999.336399999996
3060.5,995.9691999999984
3060.6,995.1143999999995
3060.7,995.1844000000044
3060.8,996.786000000006
3060.9,996.8627999999895
3061.0,991.2072000000044
3061.1,992.0244000000046
3061.2,990.149405940578
3061.3,995.1545000000117
3061.4,995.3309999999892
3061.5,994.9979999999886
3061.6,997.2765000000138
3061.7,990.9009999999948
3061.8,993.5619999999977
3061.9,992.6299999999975
3062.0,994.6424999999905
3062.1,1013.3907920791377
3062.2,1035.096400000032
3062.3,1028.1571999999987
3062.4,1027.7302000000009
3062.5,1029.8854000000072
3062.6,1034.8961999999992
3062.7,1033.9712000000359
3062.8,1027.8192000000054
3062.9,1031.4408000000042
3063.0,1032.4934653465325
3063.1,1015.7623000000306
3063.2,988.6579999999942
3063.3,993.2781999999918
3063.4,991.1216999999997
3063.5,991.4005000000001
3063.6,987.2740000000084
3063.7,982.5880999999929
3063.8,986.165399999975
3063.9,983.3922772277245
3064.0,990.8967999999984
3064.1,988.7355999999922
3064.2,990.8199999999986
3064.3,987.3295999999781
3064.4,983.3532000000238
3064.5,989.6495999999971
3064.6,988.1935643564117
3064.7,996.6129000000001
3064.8,997.1701000000079
3064.9,999.1639999999999
3065.0,997.2638613861446
3065.1,994.3659999999848
3065.2,996.2680000000212
3065.3,993.3930000000278
3065.4,989.9726732672602
3065.5,963.2943000000013
3065.6,965.4987999999985
3065.7,959.8858000000043
3065.8,959.8910891089201
3065.9,961.4431999999715
3066.0,951.7055999999718
3066.1,963.0563999999989
3066.2,967.7709900989736
3066.3,977.1978999999957
3066.4,978.4523000000147
3066.5,994.0211999999997
3066.6,994.3210000000015
3066.7,996.3582178217823
3066.8,994.5865999999663
3066.9,988.06300000001
3067.0,991.7047267326736
3067.1,991.9771039603968
3067.2,993.7724999999981
3067.3,993.4599999999966
3067.4,989.3749999999915
3067.5,985.7824752475298
3067.6,990.3868000000057
3067.7,988.1259999999909
3067.8,996.0015841584179
3067.9,997.3319000000055
3068.0,999.8912999999997
3068.1,997.0876000000292
3068.2,991.8627999999694
3068.3,998.9860396039562
3068.4,997.4165999999973
3068.5,1002.9559999999983
3068.6,1002.6552000000067
3068.7,983.0249504950825
3068.8,955.3201000000118
3068.9,959.4626999999956
3069.0,957.0785999999963
3069.1,956.7292079207705
3069.2,962.8820000000117
3069.3,954.982
3069.4,961.7635643564352
3069.5,949.5608326732712
3069.6,945.8289999999793
3069.7,962.005199999914
3069.8,995.0297623762241
3069.9,990.4587089108902
3070.0,991.2530000000024
3070.1,994.3025999999966
3070.2,990.46089108911
3070.3,999.0192999999684
3070.4,993.3379000000411
3070.5,1008.0871000000086
3070.6,1004.50363168316
3070.7,1008.2977425742652
3070.8,1004.5415999999923
3070.9,998.6916000000073
3071.0,1003.7527999999905
3071.1,997.3920792079296
3071.2,1009.0695000000079
3071.3,1004.1240000000162
3071.4,1008.9875000000015
3071.5,1007.4805940594078
3071.6,1006.1228000000037
3071.7,1005.7304000001071
3071.8,978.2636514851627
3071.9,986.597144554448
3072.0,983.6636999999943
3072.1,990.2609000000042
3072.2,986.6970297029578
3072.3,998.7052000000059
3072.4,1001.7532000000033
3072.5,1004.3020000000097
3072.6,1010.9496039603969
3072.7,1012.9016999999851
3072.8,1032.4641999999972
3072.9,1043.5511999999994
3073.0,1046.5320792079156
3073.1,1057.7979999999804
3073.2,1069.4719999999102
3073.3,1104.8859999999966
3073.4,1103.8108910891153
3073.5,1106.8101000000006
3073.6,1108.9989000000012
3073.7,1113.3449000000007
3073.8,1110.583267326739
3073.9,1122.5099999999798
3074.0,1114.4812000000047
3074.1,1112.436799999992
3074.2,1112.451200000093
3074.3,1065.3563366336612
3074.4,1064.3627999999987
3074.5,1062.3747999999985
3074.6,1060.0233663366325
3074.7,1058.0837999999962
3074.8,1059.2897999999277
3074.9,1038.496000000025
3075.0,1046.5615841584163
3075.1,1046.383500000002
3075.2,1048.5779999999975
3075.3,1049.1049999999955
3075.4,1045.6955445544615
3075.5,1051.289200000002
3075.6,1049.746399999991
3075.7,1059.1860000000017
3075.8,1057.7220792079486
3075.9,1065.0040999999849
3076.0,1055.8578000000048
3076.1,1059.0244554455442
3076.2,1059.1676
3076.3,1059.1480000000197
3076.4,1064.2463999999932
3076.5,1079.0448356435575
3076.6,1092.6209683168395
3076.7,1089.617799999993
3076.8,1092.3564999999974
3076.9,1091.0977445544713
3077.0,1098.868316831683
3077.1,1098.76
3077.2,1089.35
3077.3,1086.06
3077.4,1094.5500000000002
3077.5,1061.42128712878
3077.6,1054.4174000000137
3077.7,1053.2709000000023
3077.8,1055.9528000000068
3077.9,1052.2454455445527
3078.0,1048.2891999999981
3078.1,1051.1892000000014
3078.2,1056.2087999999796
3078.3,1056.8630693069322
3078.4,1050.962999999982
3078.5,1051.0903999999996
3078.6,1054.077899999995
3078.7,1047.9466336633893
3078.8,1036.9283999999898
3078.9,1034.3583999999978
3079.0,1030.8427999999967
3079.1,1023.1404277227778
3079.2,1021.8668514851495
3079.3,1009.2704999999551
3079.4,1008.2585000000004
3079.5,996.498000000014
3079.6,991.5195000000051
3079.7,988.9815000000028
3079.8,989.5820000000026
3079.9,990.674499999999
3080.0,988.3126732673236
3080.1,992.2395999999874
3080.2,987.8940000000156
3080.3,992.300000000007
3080.4,991.3591999999982
3080.5,990.2177999999985
3080.6,990.1782
3080.7,986.8900000000112
3080.8,995.5160000000128
3080.9,987.7223762376286
3081.0,991.8429999999966
3081.1,989.3728000000021
3081.2,984.6774000000033
3081.3,986.8789000000106
3081.4,982.3642000000018
3081.5,988.612999999995
3081.6,985.9573000000023
3081.7,988.3146999999981
3081.8,988.4547524752473
3081.9,986.0119999999952
3082.0,991.1820000000107
3082.1,984.4096000000186
3082.2,993.4951999999712
3082.3,989.4087999999903
3082.4,990.5532000000031
3082.5,992.2080000000029
3082.6,989.6904000000068
3082.7,994.1146534653442
3082.8,987.3900999999985
3082.9,993.1500999999982
3083.0,965.834800000007
3083.1,985.4559999999944
3083.2,973.0190000000036
3083.3,980.5426000000018
3083.4,983.2226999999995
3083.5,989.0328999999986
3083.6,1004.5194059405601
3083.7,1001.9840000000105
3083.8,1002.4560000000024
3083.9,1000.7059999999954
3084.0,1009.5269999999819
3084.1,1009.2340000000032
3084.2,1008.1810000000022
3084.3,1012.4908910891112
3084.4,1007.8590999999986
3084.5,1005.3865999999996
3084.6,1002.8388623762355
3084.7,999.7496752475298
3084.8,997.389999999994
3084.9,991.3471999999822
3085.0,997.0631999999905
3085.1,989.3503960396004
3085.2,986.1921000000071
3085.3,987.6152000000013
3085.4,985.492401980201
3085.5,989.6758792079133
3085.6,983.9528000000103
3085.7,988.3695999999912
3085.8,983.8247999999799
3085.9,985.0772277227759
3086.0,987.0565000000022
3086.1,985.2914999999973
3086.2,994.6964999999686
3086.3,1001.6967326732874
3086.4,1012.064399999998
3086.5,1012.3716000000015
3086.6,1021.7163999999896
3086.7,1010.7503960396438
3086.8,1015.5968000000142
3086.9,1019.1120000000038
3087.0,1011.9503999999855
3087.1,1015.0595049504946
3087.2,1017.2097999999994
3087.3,999.329799999992
3087.4,996.4622772277249
3087.5,987.4292999999766
3087.6,986.6512999999971
3087.7,982.0876000000151
3087.8,983.4501980198031
3087.9,989.846
3088.0,984.37
3088.1,989.872
3088.2,980.2899009901221
3088.3,984.8998000000241
3088.4,982.0061999999846
3088.5,984.2391999999951
3088.6,989.5601980198014
3088.7,984.8520000000235
3088.8,989.763200000004
3088.9,980.4893999999936
3089.0,985.3276237623647
3089.1,982.8444000000101
3089.2,984.8726999999928
3089.3,988.53570000001
3089.4,986.2704950494993
3089.5,992.5780000000086
3089.6,1002.508000000009
3089.7,1004.2892000000021
3089.8,1008.9660396039783
3089.9,1012.595
3090.0,1017.1474999999941
3090.1,1017.8475000000009
3090.2,1020.5163366336533
3090.3,1009.8993999999785
3090.4,1015.4030000000176
3090.5,1020.1612000000025
3090.6,1003.2416831683199
3090.7,1004.9491999999926
3090.8,999.5787999999937
3090.9,1000.0450999999966
3091.0,994.4358415841476
3091.1,997.165599999989
3091.2,1001.4055999999919
3091.3,1000.5407999999957
3091.4,1010.1025742574308
3091.5,1007.6028000000022
3091.6,1009.6143999999985
3091.7,1004.8021000000022
3091.8,1004.8829000000044
3091.9,1006.9749504950514
3092.0,1002.8970000000057
3092.1,1006.229999999983
3092.2,997.0550297030086
3092.3,1001.6833188118923
3092.4,996.2430999999967
3092.5,993.7216000000006
3092.6,965.9699009901475
3092.7,923.2896000000787
3092.8,870.829599999845
3092.9,813.6075999998433
3093.0,768.0636633662826
3093.1,715.2896999999597
3093.2,665.8946000001055
3093.3,613.2948999999614
3093.4,566.0134871286842
3093.5,512.6958891089512
3093.6,477.08860000003244
3093.7,467.04640000000404
3093.8,465.8243564356429
3093.9,465.50849999999963
3094.0,465.2244999999997
3094.1,465.00650000000036
3094.2,464.8035000000007
3094.3,464.6592079207918
3094.4,464.5431999999999
3094.5,464.4168000000001
3094.6,464.33160000000004
3094.7,464.24663366336654
3094.8,464.17849999999993
3094.9,464.1347999999999
3095.0,464.05069999999984
3095.1,463.9533000000001
3095.2,463.9012871287129
3095.3,463.8465999999999
3095.4,463.77040000000005
3095.5,463.70900000000006
3095.6,463.6531683168318
3095.7,463.6117000000001
3095.8,463.53899999999976
3095.9,463.45119999999986
3096.0,463.41396039603956
3096.1,463.38
3096.2,463.318
3096.3,463.2539999999999
3096.4,463.2359405940594
3096.5,463.2459
3096.6,463.2382
3096.7,463.2182
3096.8,463.20415841584156
3096.9,463.2116
3097.0,463.2374
3097.1,463.2442
3097.2,463.19940000000014
3097.3,463.1872277227724
3097.4,463.1943
3097.5,463.2014
3097.6,463.19860000000006
3097.7,463.15049504950514
3097.8,463.15360000000004
3097.9,463.15199999999993
3098.0,463.102
3098.1,463.030099009901
3098.2,463.0449999999999
3098.3,463.1065000000001
3098.4,463.0818811881187
3098.5,462.99059999999986
3098.6,462.9184
3098.7,462.95394653465314
3098.8,462.9573673267326
3098.9,462.9412
3099.0,462.96000000000004
3099.1,462.9967326732672
3099.2,463.0352
3099.3,463.0504
3099.4,463.03399999999993
3099.5,463.0666336633665
3099.6,463.12
3099.7,463.0792
3099.8,463.0046534653463
3099.9,462.94999999999993
3100.0,462.945
3100.1,462.9400000000001
3100.2,462.91009900990105
3100.3,462.8608
3100.4,462.81500297029703
3100.5,462.7906455445545
3100.6,462.76040000000006
3100.7,462.75
3100.8,462.76900990099017
3100.9,462.79
3101.0,462.78999999999996
3101.1,462.75239999999997
3101.2,462.71939999999995
3101.3,462.71119999999996
3101.4,462.61987227722767
3101.5,462.52122574257425
3101.6,462.49080000000004
3101.7,462.4662000000001
3101.8,462.45920000000007
3101.9,462.47
3102.0,462.42860000000013
3102.1,462.41174455445525
3102.2,462.4184455445547
3102.3,462.3755
3102.4,462.38800000000003
3102.5,462.40999999999997
3102.6,462.4055
3102.7,462.3910000000001
3102.8,462.35299999999995
3102.9,462.2932673267327
3103.0,462.29079999999993
3103.1,462.3124
3103.2,462.28560000000004
3103.3,462.30613861386155
3103.4,462.3270999999999
3103.5,462.29279999999994
3103.6,462.27
3103.7,462.26140000000004
3103.8,462.2543
3103.9,462.2901000000001
3104.0,462.33
3104.1,462.3258
3104.2,462.341
3104.3,462.3531999999999
3104.4,462.3468
3104.5,462.3784
3104.6,462.39831683168313
3104.7,462.4386999999998
3104.8,462.50460000000015
3104.9,462.5194999999999
3105.0,462.4818811881188
3105.1,462.466
3105.2,462.44800000000004
3105.3,462.442
3105.4,462.4760831683168
3105.5,462.5117
3105.6,462.5533999999999
3105.7,462.58227722772284
3105.8,462.5624
3105.9,462.5386
3106.0,462.53900000000004
3106.1,462.5888118811881
3106.2,462.6237
3106.3,462.60039999999975
3106.4,462.5537
3106.5,462.56739999999996
3106.6,462.58
3106.7,462.55840000000023
3106.8,462.5272
3106.9,462.4936633663366
3107.0,462.417
3107.1,462.3845000000001
3107.2,462.28950000000003
3107.3,462.26649999999995
3107.4,462.26346534653464
3107.5,462.24619999999993
3107.6,462.2
3107.7,462.21699999999987
3107.8,462.26020000000005
3107.9,462.3069306930694
3108.0,462.34020000000004
3108.1,462.31649999999996
3108.2,462.3533
3108.3,462.3665346534654
3108.4,462.3832
3108.5,462.4028
3108.6,462.43
3108.7,462.43
3108.8,462.4237999999999
3108.9,462.39763069306935
3109.0,462.38834653465346
3109.1,462.45699999999977
3109.2,462.52
3109.3,462.5049999999999
3109.4,462.4699702970297
3109.5,462.4639891089108
3109.6,462.4674
3109.7,462.49550000000005
3109.8,462.4571287128713
3109.9,462.4472
3110.0,462.4428
3110.1,462.43880000000007
3110.2,462.40440000000007
3110.3,462.38722772277225
3110.4,462.3935
3110.5,462.4219
3110.6,462.37029999999993
3110.7,462.29269999999997
3110.8,462.31080000000003
3110.9,462.34540000000004
3111.0,462.35732673267324
3111.1,462.33700000000005
3111.2,462.3155999999999
3111.3,462.37300000000016
3111.4,462.39712871287117
3111.5,462.35249999999996
3111.6,462.345
3111.7,462.39
3111.8,462.38752475247526
3111.9,462.36800000000005
3112.0,462.3252
3112.1,462.3148
3112.2,462.3347524752475
3112.3,462.34309999999994
3112.4,462.31309999999996
3112.5,462.3176000000001
3112.6,462.40999999999997
3112.7,462.4078
3112.8,462.39339999999993
3112.9,462.3744
3113.0,462.3987128712871
3113.1,462.44259999999986
3113.2,462.4732000000002
3113.3,462.4121
3113.4,462.4366336633665
3113.5,462.488
3113.6,462.41999999999996
3113.7,462.346
3113.8,462.3719801980198
3113.9,462.38751980198026
3114.0,462.4219
3114.1,462.40910000000025
3114.2,462.32379999999995
3114.3,462.3514000000001
3114.4,462.3905940594058
3114.5,462.3428
3114.6,462.3118
3114.7,462.3182
3114.8,462.30641782178213
3114.9,462.2814178217821
3115.0,462.23660000000007
3115.1,462.22509999999994
3115.2,462.25673267326727
3115.3,462.28839999999997
3115.4,462.2768
3115.5,462.2712000000001
3115.6,462.3284
3115.7,462.32316831683164
3115.8,462.3294999999998
3115.9,462.27299999999997
3116.0,462.299
3116.1,462.3648514851484
3116.2,462.43460000000033
3116.3,462.3301999999999
3116.4,462.2714
3116.5,462.28693069306934
3116.6,462.3287
3116.7,462.31350000000003
3116.8,462.2739000000001
3116.9,462.29742574257426
3117.0,462.2824
3117.1,462.2880000000003
3117.2,462.2012
3117.3,462.21475247524756
3117.4,462.25879999999995
3117.5,462.31680000000006
3117.6,462.21
3117.7,462.21435643564354
3117.8,462.25
3117.9,462.25100000000003
3118.0,462.258
3118.1,462.2409900990099
3118.2,462.2572
3118.3,462.33000000000004
3118.4,462.32009999999997
3118.5,462.22445544554455
3118.6,462.2668000000001
3118.7,462.2284
3118.8,462.2124000000001
3118.9,462.23839999999996
3119.0,462.2207920792079
3119.1,462.22929999999997
3119.2,462.21720000000016
3119.3,462.18
3119.4,462.18140000000005
3119.5,462.20485148514854
3119.6,462.2706
3119.7,462.2794
3119.8,462.2651999999997
3119.9,462.19
3120.0,462.19100000000003
3120.1,462.2105
3120.2,462.21950000000004
3120.3,462.2119702970298
3120.4,462.24693465346525
3120.5,462.1888
3120.6,462.1612
3120.7,462.19
3120.8,462.19180000000006
3120.9,462.24969999999996
3121.0,462.24
3121.1,462.2394000000001
3121.2,462.22
3121.3,462.2206000000001
3121.4,462.2504
3121.5,462.26860000000005
3121.6,462.200198019802
3121.7,462.2101
3121.8,462.22
3121.9,462.2206000000001
3122.0,462.28039603960406
3122.1,462.32
3122.2,462.40999999999997
3122.3,462.45000000000005
3122.4,462.52
3122.5,462.52039603960407
3122.6,462.5695029702969
3122.7,462.6194999999999
3122.8,462.63980000000004
3122.9,462.6598000000001
3123.0,462.7090099009901
3123.1,462.7394
3123.2,462.7106000000001
3123.3,462.7881089108912
3123.4,462.751208910891
3123.5,462.75
3123.6,462.77909999999997
3123.7,462.751188118812
3123.8,462.8076000000001
3123.9,462.8292
3124.0,462.77297029702976
3124.1,462.732
3124.2,462.7869999999999
3124.3,462.74249999999984
3124.4,462.7117821782178
3124.5,462.68179999999995
3124.6,462.68
3124.7,462.67060000000004
3124.8,462.6793069306931
3124.9,462.6614
3125.0,462.69719999999995
3125.1,462.7372
3125.2,462.74
3125.3,462.7492079207921
3125.4,462.70399999999995
3125.5,462.7460000000001
3125.6,462.76839999999993
3125.7,462.78821782178215
3125.8,462.7081
3125.9,462.6909
3126.0,462.6445
3126.1,462.64
3126.2,462.61300000000006
3126.3,462.5469999999998
3126.4,462.6030000000002
3126.5,462.5921782178218
3126.6,462.53659999999996
3126.7,462.50329999999997
3126.8,462.53560000000004
3126.9,462.5667
3127.0,462.5876237623762
3127.1,462.56360000000006
3127.2,462.57759999999996
3127.3,462.6240000000001
3127.4,462.6388
3127.5,462.5702970297029
3127.6,462.58610000000004
3127.7,462.64219999999983
3127.8,462.6587
3127.9,462.6426
3128.0,462.63138613861383
3128.1,462.5612000000001
3128.2,462.59299999999996
3128.3,462.62580000000014
3128.4,462.6044554455445
3128.5,462.634
3128.6,462.66550000000007
3128.7,462.6445000000001
3128.8,462.6147524752474
3128.9,462.6184
3129.0,462.6955999999999
3129.1,462.75166732673256
3129.2,462.74340000000007
3129.3,462.70679999999993
3129.4,462.72490000000005
3129.5,462.74660000000006
3129.6,462.72534653465345
3129.7,462.7364
3129.8,462.7318
3129.9,462.7136
3130.0,462.71
3130.1,462.6533000000001
3130.2,462.6642999999999
3130.3,462.6456999999999
3130.4,462.6079207920792
3130.5,462.608
3130.6,462.586
3130.7,462.56431683168324
3130.8,462.6232000000002
3130.9,462.64790000000005
3131.0,462.65
3131.1,462.70529999999985
3131.2,462.7593435643563
3131.3,462.7778217821782
3131.4,462.71759999999995
3131.5,462.62979999999993
3131.6,462.5788
3131.7,462.54683168316836
3131.8,462.47069999999974
3131.9,462.38839999999976
3132.0,462.37
3132.1,462.3777
3132.2,462.2732673267331
3132.3,462.24
3132.4,462.3008000000001
3132.5,462.3808000000001
3132.6,462.4601980198019
3132.7,462.5174999999999
3132.8,462.5825000000002
3132.9,462.6375
3133.0,462.65
3133.1,462.59059405940616
3133.2,462.5478000000001
3133.3,462.50299999999993
3133.4,462.4455999999999
3133.5,462.37138613861384
3133.6,462.2842732673268
3133.7,462.2089
3133.8,462.10239999999993
3133.9,462.01160000000004
3134.0,461.96108910891087
3134.1,461.9068000000001
3134.2,461.9043999999999
3134.3,461.93880000000007
3134.4,461.8858415841584
3134.5,461.8813
3134.6,461.8829
3134.7,461.91549999999995
3134.8,461.9442
3134.9,461.9570297029703
3135.0,461.967
3135.1,461.99099999999993
3135.2,461.9720000000001
3135.3,461.96
3135.4,462.0085148514852
3135.5,462.03
3135.6,462.0231
3135.7,462.00620000000004
3135.8,462.0546534653467
3135.9,462.09360000000004
3136.0,462.11359999999996
3136.1,462.1132
3136.2,462.11
3136.3,462.1033
3136.4,462.1134
3136.5,462.1064673267326
3136.6,462.09340000000003
3136.7,462.10319999999996
3136.8,462.0901999999999
3136.9,462.0932
3137.0,462.0738613861386
3137.1,462.06649999999996
3137.2,462.1284999999997
3137.3,462.18600000000004
3137.4,462.1420792079208
3137.5,462.10360000000003
3137.6,462.1128
3137.7,462.10720000000003
3137.8,462.11913663366346
3137.9,462.13
3138.0,462.1237
3138.1,462.12
3138.2,462.09480000000013
3138.3,462.0176237623762
3138.4,462.0234
3138.5,462.09959999999995
3138.6,462.09900000000005
3138.7,462.06772277227725
3138.8,462.02339999999987
3138.9,462.0305000000001
3139.0,462.0439
3139.1,462.04609999999997
3139.2,462.0379207920792
3139.3,462.04200000000003
3139.4,462.062
3139.5,461.9864752475248
3139.6,461.9182811881189
3139.7,461.89820000000003
3139.8,461.9136000000001
3139.9,461.94168316831684
3140.0,461.92679999999996
3140.1,461.92740000000003
3140.2,461.9168000000001
3140.3,461.9114851485149
3140.4,461.85729999999995
3140.5,461.85559999999987
3140.6,461.9355999999999
3140.7,461.9756435643564
3140.8,461.9632
3140.9,464.5372000000042
3141.0,499.5148000000535
3141.1,555.5679207920671
3141.2,609.5649999999385
3141.3,666.2390000002005
3141.4,724.9385148516197
3141.5,784.391000000082
3141.6,844.2385999999349
3141.7,902.2409999998196
3141.8,958.6629702970449
3141.9,1014.1498999999627
3142.0,1038.8600000000015
3142.1,1040.8720999999962
3142.2,1047.281074257421
3142.3,1050.258071287127
3142.4,1043.7895999999787
3142.5,1040.9324000000097
3142.6,1042.454554455444
3142.7,1040.9704000000002
3142.8,1044.0292000000138
3142.9,1051.1735999999983
3143.0,1057.6481188118742
3143.1,1056.6000000000176
3143.2,1048.6100000000188
3143.3,1049.484950495062
3143.4,1058.0690000000016
3143.5,1061.9203000000002
3143.6,1063.987700000001
3143.7,1064.9585148514866
3143.8,1062.3331999999905
3143.9,1061.6112000000012
3144.0,1061.958000000003
3144.1,1054.2516831683258
3144.2,1051.4463999999853
3144.3,1060.3961000000052
3144.4,1065.041600000001
3144.5,1063.9433999999974
3144.6,1060.3671287128723
3144.7,1059.3557999999975
3144.8,1063.5744000000227
3144.9,1070.0566000000063
3145.0,1072.5479207920796
3145.1,1068.6405000000066
3145.2,1062.880500000014
3145.3,1061.3535000000018
3145.4,1062.8350000000016
3145.5,1065.8356435643577
3145.6,1067.8616000000015
3145.7,1071.8931999999895
3145.8,1078.2487999999996
3145.9,1076.5624000000032
3146.0,1072.5106930693062
3146.1,1071.9498999999983
3146.2,1077.8903999999784
3146.3,1083.4805000000053
3146.4,1085.7512000000013
3146.5,1084.9996039603939
3146.6,1082.458000000001
3146.7,1071.4162000000108
3146.8,1058.5598000000036
3146.9,1060.1928712871295
3147.0,1060.7738
3147.1,1058.0186000000137
3147.2,1054.426100000002
3147.3,1053.1152782178192
3147.4,1050.8334455445538
3147.5,1049.8980000000001
3147.6,1049.244
3147.7,1047.725999999996
3147.8,1050.264
3147.9,1051.6960396039594
3148.0,1045.3235999999893
3148.1,1038.4727999999886
3148.2,1039.5270297029872
3148.3,1032.9505999999965
3148.4,1027.8209999999995
3148.5,1023.5847188118834
3148.6,1016.5939801980225
3148.7,1009.7806000000219
3148.8,999.5053999999865
3148.9,994.4010990098875
3149.0,990.157536633664
3149.1,989.6687999999997
3149.2,990.1119999999994
3149.3,992.2582811881288
3149.4,993.2120643564217
3149.5,988.520999999999
3149.6,988.1980000000029
3149.7,987.3548811881142
3149.8,989.0135861386152
3149.9,986.4541999999885
3150.0,985.0848000000167
3150.1,989.5324000000019
3150.2,984.4187128712739
3150.3,987.3120999999937
3150.4,985.012100000001
3150.5,984.3588999999992
3150.6,984.442970297033
3150.7,985.2183999999792
3150.8,988.9663999999918
3150.9,987.1168000000067
3151.0,989.1150495049485
3151.1,988.9009999999993
3151.2,991.4243999999998
3151.3,990.7361386138431
3151.4,991.3690000000312
3151.5,998.6519999999929
3151.6,994.1259999999932
3151.7,995.6756435643618
3151.8,993.4960999999994
3151.9,993.967500000002
3152.0,998.7328999999988
3152.1,1000.7057425742506
3152.2,1018.1799999999755
3152.3,1029.017200000011
3152.4,1029.8710613860887
3152.5,1026.3870039602998
3152.6,1031.863200000002
3152.7,1036.062699999996
3152.8,1035.4424999999856
3152.9,1021.3762376237631
3153.0,1027.1365999999905
3153.1,1026.0906000000323
3153.2,1004.5976000000209
3153.3,992.4421782178129
3153.4,991.1100000000055
3153.5,992.9174999999918
3153.6,988.62
3153.7,989.5654455445801
3153.8,984.1500000000166
3153.9,989.6443999999979
3154.0,990.7976000000021
3154.1,990.2206930692992
3154.2,992.6040000000243
3154.3,987.6677000000095
3154.4,991.4680999999945
3154.5,989.9592079207979
3154.6,994.8585999999984
3154.7,996.1170000000033
3154.8,993.8972000000472
3154.9,1003.4431683168307
3155.0,996.1287000000059
3155.1,999.7402000000085
3155.2,997.8091999999913
3155.3,1000.4756435643557
3155.4,997.75
3155.5,982.2180000000001
3155.6,956.6959999999999
3155.7,958.3239999999919
3155.8,962.5905148514786
3155.9,955.1558712871607
3156.0,968.0702000000376
3156.1,955.0784999999793
3156.2,962.1277000000126
3156.3,956.8810999999968
3156.4,958.0548514851735
3156.5,971.5700000000098
3156.6,989.4322000000005
3156.7,990.1930000000007
3156.8,989.4495049504981
3156.9,991.0308999999843
3157.0,986.8081999999833
3157.1,995.6242999999988
3157.2,996.4449504950477
3157.3,997.615200000002
3157.4,998.953599999997
3157.5,996.8172000000036
3157.6,999.2757980197988
3157.7,995.5599405940553
3157.8,998.9554999999868
3157.9,994.9444999999992
3158.0,995.8324999999973
3158.1,996.4903960396169
3158.2,989.9201999999748
3158.3,995.6269999999893
3158.4,989.1806000000039
3158.5,992.0364000000045
3158.6,994.9106930693075
3158.7,995.9960999999967
3158.8,1001.2469000000235
3158.9,1008.0505999999968
3159.0,1012.6504950495008
3159.1,1016.803199999995
3159.2,1018.9391999999887
3159.3,1021.3171999999806
3159.4,1013.2062376237794
3159.5,1021.6188000000026
3159.6,1012.8998999999978
3159.7,1020.2739000000048
3159.8,1011.9465366336685
3159.9,992.1952871287154
3160.0,997.4279999999814
3160.1,989.0549999999793
3160.2,996.363000000021
3160.3,988.548712871298
3160.4,993.6471000000007
3160.5,995.7975999999982
3160.6,988.8803000000019
3160.7,994.900600000002
3160.8,986.7870297029783
3160.9,1002.3059999999791
3161.0,994.696399999989
3161.1,1000.0812000000049
3161.2,997.1936000000111
3161.3,992.1512871287306
3161.4,998.0867999999954
3161.5,993.0285000000121
3161.6,1008.8788999999975
3161.7,1002.9672277227539
3161.8,1005.0571999998635
3161.9,965.0278000000135
3162.0,969.5317999999966
3162.1,972.1622495049446
3162.2,976.7278712871137
3162.3,986.3695000000037
3162.4,990.190500000018
3162.5,1004.8184999999911
3162.6,997.6350000000047
3162.7,1002.7899999999788
3162.8,1010.657000000045
3162.9,1048.0516831683133
3163.0,1044.8907999999983
3163.1,1046.7579999999962
3163.2,1050.9391999999966
3163.3,1055.956831683296
3163.4,1090.8258000000014
3163.5,1091.534599999994
3163.6,1087.4809
3163.7,1088.1203960395492
3163.8,1107.9741405941634
3163.9,1102.7973999999977
3164.0,1108.0939999999991
3164.1,1109.5580000000045
3164.2,1099.916799999994
3164.3,1111.6158415839793
3164.4,1067.8317999999963
3164.5,1066.0524000000046
3164.6,1068.210200000015
3164.7,1062.294834653464
3164.8,1062.7758415841574
3164.9,1063.87
3165.0,1053.7
3165.1,1054.82
3165.2,1061.6599999999999
3165.3,1056.06
3165.4,1051.703564356425
3165.5,1060.0155999999831
3165.6,1056.248900000008
3165.7,1049.5740594059678
3165.8,1054.261600000002
3165.9,1053.8601999999998
3166.0,1063.2874000000043
3166.1,1060.6467326732718
3166.2,1057.8537000000044
3166.3,1058.3132000000016
3166.4,1062.6853000000133
3166.5,1062.8975999999998
3166.6,1080.3984158415988
3166.7,1075.9360000000188
3166.8,1079.6560000000038
3166.9,1077.3431999999978
3167.0,1073.5330693069347
3167.1,1072.0385000000015
3167.2,1079.0379999999916
3167.3,1082.744500000012
3167.4,1080.6780000000022
3167.5,1076.5812871287078
3167.6,1055.5466000000645
3167.7,1054.3797999999995
3167.8,1055.6524851485206
3167.9,1056.6426544554452
3168.0,1055.8451000000007
3168.1,1054.254800000001
3168.2,1057.2461999999978
3168.3,1054.373799999987
3168.4,1054.4438613861391
3168.5,1059.934800000011
3168.6,1057.5396000000073
3168.7,1059.6635999999928
3168.8,1059.7135999999996
3168.9,1041.6097029702978
3169.0,1042.7883999999992
3169.1,1033.4249000000023
3169.2,1029.6490000000008
3169.3,1029.442079207921
3169.4,1014.9149999999632
3169.5,1012.4900000000017
3169.6,999.6830000000322
3169.7,1001.1679999999927
3169.8,994.6553465346501
3169.9,999.8542000000016
3170.0,996.0164999999988
3170.1,996.304752475246
3170.2,998.2327999999962
3170.3,990.9911999999769
3170.4,1000.0020000000311
3170.5,998.024257425739
3170.6,998.9220000000009
3170.7,995.2150000000147
3170.8,993.2205999999989
3170.9,1002.2182178217707
3171.0,1000.0278000000059
3171.1,1004.0223999999927
3171.2,997.1160000000121
3171.3,997.5559405940622
3171.4,996.8979999999988
3171.5,991.7489999999932
3171.6,997.5935000000089
3171.7,994.3090000000143
3171.8,996.8190099010027
3171.9,990.8712000000014
3172.0,992.5683999999967
3172.1,993.8898257425708
3172.2,988.2744792079416
3172.3,996.5935000000183
3172.4,992.2402999999879
3172.5,994.3357425742571
3172.6,993.5038000000009
3172.7,988.7812000000025
3172.8,995.9790000000037
3172.9,992.2306970296911
3173.0,995.9372673267455
3173.1,981.4203000000318
3173.2,994.0776999999496
3173.3,985.7194999999692
3173.4,979.2911881188102
3173.5,991.6179999999999
3173.6,981.16
3173.7,988.576
3173.8,980.6077029702572
3173.9,975.7286405940532
3174.0,984.6362999999869
3174.1,992.3086999999866
3174.2,994.454199999998
3174.3,994.1509584158409
3174.4,995.232966336634
3174.5,989.7845999999967
3174.6,990.7864000000015
3174.7,986.4990000000199
3174.8,985.5201980198034
3174.9,991.2325000000214
3175.0,989.1039000000027
3175.1,993.4985999999885
3175.2,988.1971287128997
3175.3,988.583600000003
3175.4,986.4259999999965
3175.5,985.8396000000004
3175.6,991.3151485148471
3175.7,989.6000000000054
3175.8,994.785000000029
3175.9,990.4725
3176.0,990.2012871287146
3176.1,990.9091999999998
3176.2,987.9108000000128
3176.3,991.7192000000089
3176.4,1000.1119801980185
3176.5,1005.9517999999969
3176.6,1006.268300000001
3176.7,999.0215000000064
3176.8,1008.1210891089489
3176.9,1008.9035999999907
3177.0,1011.6892000000107
3177.1,1014.2155999999982
3177.2,1013.8471287128722
3177.3,1015.7184000000034
3177.4,999.4819000000055
3177.5,993.2070999999997
3177.6,989.9078217821866
3177.7,992.5409999999865
3177.8,988.481999999981
3177.9,987.9120000000062
3178.0,988.1300990099003
3178.1,985.2724999999991
3178.2,987.1597999999872
3178.3,980.9054999999976
3178.4,986.5729702970552
3178.5,984.2280000000035
3178.6,984.7371999999904
3178.7,987.0623999999983
3178.8,985.4546534653427
3178.9,989.1932000000048
3179.0,985.3192999999937
3179.1,987.5015554455395
3179.2,983.3458376237766
3179.3,981.7540000000092
3179.4,982.9578
3179.5,979.0836
3179.6,981.6901584158275
3179.7,979.3710000000254
3179.8,987.7125000000192
3179.9,994.6139603960393
3180.0,989.2244000000084
3180.1,996.401599999985
3180.2,1000.2592000000029
3180.3,1006.9257425742861
3180.4,1012.9053000000036
3180.5,1014.3333000000014
3180.6,1015.0941584158419
3180.7,1001.7162000000101
3180.8,995.0960000000036
3180.9,995.4036000000006
3181.0,1001.5667564356373
3181.1,999.853372277244
3181.2,999.9126999999849
3181.3,1000.0473999999925
3181.4,998.3240594059401
3181.5,999.1771962616821
3181.6,994.80067106712
3181.7,1002.7815999999364
3181.8,1007.7919999999782
3181.9,1004.1136633663396
3182.0,1005.3823000000003
3182.1,1005.1577999999998
3182.2,1004.6045287128713
3182.3,999.2001980197738
3182.4,1004.8500000000458
3182.5,1011.265
3182.6,1011.1841584158342
3182.7,990.839800000098
3182.8,941.3403999999887
3182.9,890.1434663366226
3183.0,834.8651881188578
3183.1,783.8768000000783
3183.2,732.1420000001111
3183.3,681.6163999998934
3183.4,630.2188118810744
3183.5,574.2611999999685
3183.6,522.980699999961
3183.7,481.1174000000358
3183.8,467.0522772277187
3183.9,465.87840000000006
3184.0,465.8126000000003
3184.1,465.5720000000004
3184.2,465.3507920792082
3184.3,465.2304999999999
3184.4,465.17
3184.5,465.1384999999999
3184.6,465.08663366336634
3184.7,465.05680000000007
3184.8,465.04
3184.9,464.9828000000001
3185.0,464.8620792079208
3185.1,464.75700000000006
3185.2,464.63980000000043
3185.3,464.50409999999977
3185.4,464.4172277227723
3185.5,464.39160000000004
3185.6,464.36740000000003
3185.7,464.35
3185.8,464.2869999999997
3185.9,464.19168316831684
3186.0,464.1595
3186.1,464.10950000000014
3186.2,464.0595000000001
3186.3,463.99346534653455
3186.4,463.924
3186.5,463.888
3186.6,463.8577037037037
3186.7,463.8187851851853
3186.8,463.79280000000006
3186.9,463.8295049504951
3187.0,463.84069999999997
3187.1,463.81690000000003
3187.2,463.7976
3187.3,463.7762000000001
3187.4,463.7992079207921
3187.5,463.811
3187.6,463.78700000000003
3187.7,463.7650000000001
3187.8,463.7240594059406
3187.9,463.6984
3188.0,463.6642
3188.1,463.6297
3188.2,463.600099009901
3188.3,463.62479999999977
3188.4,463.5207999999998
3188.5,463.4032000000001
3188.6,463.36831683168316
3188.7,463.40889999999996
3188.8,463.45730000000003
3188.9,463.4419
3189.0,463.43080000000003
3189.1,463.46810000000005
3189.2,463.4819
3189.3,463.47080000000005
3189.4,463.5213861386139
3189.5,463.57220000000007
3189.6,463.53960000000006
3189.7,463.49700000000007
3189.8,463.44959999999986
3189.9,463.42780000000005
3190.0,463.43180000000007
3190.1,463.36440000000005
3190.2,463.32259999999997
3190.3,463.3222772277227
3190.4,463.31000000000006
3190.5,463.3325
3190.6,463.3075
3190.7,463.30247524752474
3190.8,463.3124
3190.9,463.31280000000004
3191.0,463.278
3191.1,463.24712871287124
3191.2,463.2791999999999
3191.3,463.3077
3191.4,463.2838999999999
3191.5,463.24150000000003
3191.6,463.29138613861375
3191.7,463.31680000000006
3191.8,463.2501999999997
3191.9,463.1734
3192.0,463.1588
3192.1,463.1922
3192.2,463.1934
3192.3,463.1611999999999
3192.4,463.1322
3192.5,463.1160396039605
3192.6,463.02580000000006
3192.7,463.0016000000001
3192.8,462.9510999999998
3192.9,462.87369999999993
3193.0,462.84369999999996
3193.1,462.80740000000014
3193.2,462.7308910891093
3193.3,462.624
3193.4,462.63599999999997
3193.5,462.614
3193.6,462.582
3193.7,462.548
3193.8,462.536
3193.9,462.522
3194.0,462.5319603960396
3194.1,462.5498207920792
3194.2,462.60519999999985
3194.3,462.6681
3194.4,462.6542999999999
3194.5,462.6375999999999
3194.6,462.66620000000006
3194.7,462.6481
3194.8,462.64
3194.9,462.63811881188116
3195.0,462.6282
3195.1,462.6074
3195.2,462.55719999999997
3195.3,462.58279999999996
3195.4,462.54819999999995
3195.5,462.53999999999996
3195.6,462.54720000000003
3195.7,462.58178217821785
3195.8,462.59170000000006
3195.9,462.6034000000001
3196.0,462.63019999999995
3196.1,462.68
3196.2,462.6681000000001
3196.3,462.62530000000027
3196.4,462.71020000000016
3196.5,462.7515000000001
3196.6,462.7032673267327
3196.7,462.6684
3196.8,462.6632
3196.9,462.6832
3197.0,462.69519999999994
3197.1,462.6604
3197.2,462.61959999999976
3197.3,462.6523999999999
3197.4,462.5616
3197.5,462.5731683168317
3197.6,462.5915
3197.7,462.60299999999995
3197.8,462.61549999999994
3197.9,462.59299999999996
3198.0,462.60550000000006
3198.1,462.58000000000004
3198.2,462.58891089108903
3198.3,462.63159999999993
3198.4,462.5729999999999
3198.5,462.5328
3198.6,462.55280000000005
3198.7,462.56860000000006
3198.8,462.56280000000004
3198.9,462.58140000000003
3199.0,462.5845415841584
3199.1,462.55649999999997
3199.2,462.5961
3199.3,462.5738485148516
3199.4,462.6035128712872
3199.5,462.6384000000001
3199.6,462.68920000000026
3199.7,462.61
3199.8,462.6155
3199.9,462.6633
3200.0,462.6889
3200.1,462.67564356435645
3200.2,462.64099999999996
3200.3,462.64799999999997
3200.4,462.6249999999999
3200.5,462.5709999999998
3200.6,462.4959405940593
3200.7,462.55
3200.8,462.5437
3200.9,462.4808910891089
3201.0,462.48760000000004
3201.1,462.45840000000004
3201.2,462.44239999999996
3201.3,462.47237623762385
3201.4,462.5
3201.5,462.50210000000004
3201.6,462.5307
3201.7,462.5393069306931
3201.8,462.52759999999984
3201.9,462.49180000000007
3202.0,462.52359999999993
3202.1,462.5817821782178
3202.2,462.6065000000002
3202.3,462.53799999999995
3202.4,462.5005
3202.5,462.5114851485149
3202.6,462.54040000000003
3202.7,462.54800000000006
3202.8,462.50160000000017
3202.9,462.53643564356446
3203.0,462.45
3203.1,462.4491000000001
3203.2,462.41970000000003
3203.3,462.40999999999997
3203.4,462.41099999999994
3203.5,462.4604
3203.6,462.47860000000003
3203.7,462.41158415841585
3203.8,462.48979999999995
3203.9,462.4704000000001
3204.0,462.5089999999998
3204.1,462.4103960396039
3204.2,462.45
3204.3,462.46000000000004
3204.4,462.42
3204.5,462.43
3204.6,462.38049504950504
3204.7,462.43939999999986
3204.8,462.44
3204.9,462.49940000000015
3205.0,462.50970396039605
3205.1,462.6276019801981
3205.2,462.6104000000001
3205.3,462.6002
3205.4,462.5126732673265
3205.5,462.52939999999995
3205.6,462.51060000000007
3205.7,462.47120000000007
3205.8,462.48920792079207
3205.9,462.46119999999996
3206.0,462.46
3206.1,462.40297029702975
3206.2,462.362
3206.3,462.32199999999983
3206.4,462.38649999999996
3206.5,462.3805940594059
3206.6,462.4363999999998
3206.7,462.42120000000006
3206.8,462.42
3206.9,462.4293069306931
3207.0,462.4114
3207.1,462.37280000000004
3207.2,462.4258
3207.3,462.44841584158416
3207.4,462.41319999999996
3207.5,462.4008
3207.6,462.3908
3207.7,462.39
3207.8,462.3809
3207.9,462.3345
3208.0,462.3118
3208.1,462.36405940594045
3208.2,462.37
3208.3,462.38800000000003
3208.4,462.33599999999984
3208.5,462.35673267326735
3208.6,462.3956
3208.7,462.3733
3208.8,462.34329999999994
3208.9,462.3576237623763
3209.0,462.3424
3209.1,462.2872000000001
3209.2,462.2888
3209.3,462.2988
3209.4,462.3088
3209.5,462.33639999999997
3209.6,462.34000000000003
3209.7,462.3052000000001
3209.8,462.3174
3209.9,462.3287
3210.0,462.29519999999997
3210.1,462.29
3210.2,462.28999999999996
3210.3,462.2726
3210.4,462.2613861386139
3210.5,462.26
3210.6,462.2170000000001
3210.7,462.2271999999999
3210.8,462.22139999999996
3210.9,462.177
3211.0,462.1701702970297
3211.1,462.2125000000001
3211.2,462.2624999999999
3211.3,462.2785
3211.4,462.28
3211.5,462.2459999999999
3211.6,462.31650000000013
3211.7,462.28792079207926
3211.8,462.3052000000001
3211.9,462.31000000000006
3212.0,462.31
3212.1,462.3184
3212.2,462.3368
3212.3,462.2895999999998
3212.4,462.33039999999994
3212.5,462.3316831683168
3212.6,462.26360000000017
3212.7,462.25829999999996
3212.8,462.28490000000005
3212.9,462.29
3213.0,462.3231178217822
3213.1,462.3135821782178
3213.2,462.2772
3213.3,462.3192
3213.4,462.3464
3213.5,462.3664
3213.6,462.3864
3213.7,462.4228
3213.8,462.4136
3213.9,462.4098376237624
3214.0,462.3694999999999
3214.1,462.33570000000003
3214.2,462.33809999999994
3214.3,462.33189999999996
3214.4,462.28949999999986
3214.5,462.28
3214.6,462.28
3214.7,462.2479207920792
3214.8,462.25600000000003
3214.9,462.228
3215.0,462.252
3215.1,462.268
3215.2,462.309603960396
3215.3,462.26469999999983
3215.4,462.24209999999994
3215.5,462.2242
3215.6,462.22
3215.7,462.2279
3215.8,462.22209999999995
3215.9,462.2753000000002
3216.0,462.2426000000001
3216.1,462.2065346534653
3216.2,462.1532000000002
3216.3,462.24140000000006
3216.4,462.27
3216.5,462.32460000000003
3216.6,462.32439999999997
3216.7,462.2966000000001
3216.8,462.2978
3216.9,462.26099999999997
3217.0,462.23455445544556
3217.1,462.24539999999996
3217.2,462.2654
3217.3,462.2623
3217.4,462.2368999999999
3217.5,462.1838
3217.6,462.20079999999996
3217.7,462.20230000000004
3217.8,462.230495049505
3217.9,462.20959999999997
3218.0,462.2228
3218.1,462.26800000000003
3218.2,462.27247524752477
3218.3,462.23249999999985
3218.4,462.265
3218.5,462.29499999999996
3218.6,462.27000000000004
3218.7,462.2525
3218.8,462.25750000000005
3218.9,462.32675742574276
3219.0,462.3352
3219.1,462.3669999999999
3219.2,462.3947999999999
3219.3,462.3926
3219.4,462.3607198019802
3219.5,462.33540000000005
3219.6,462.2351000000001
3219.7,462.1854
3219.8,462.14349999999996
3219.9,462.0059000000001
3220.0,461.9672277227723
3220.1,461.92680000000007
3220.2,461.94599999999986
3220.3,461.97440000000006
3220.4,462.03040000000016
3220.5,462.1220000000002
3220.6,462.2003999999999
3220.7,462.19148514851486
3220.8,462.2439000000001
3220.9,462.2345
3221.0,462.1632
3221.1,462.14
3221.2,462.06190000000004
3221.3,461.9660999999999
3221.4,461.869
3221.5,461.7697029702972
3221.6,461.6909702970298
3221.7,461.67
3221.8,461.6139999999998
3221.9,461.59
3222.0,461.59
3222.1,461.5693
3222.2,461.5393000000001
3222.3,461.5783
3222.4,461.64105841584166
3222.5,461.6599683168317
3222.6,461.65319999999997
3222.7,461.6636
3222.8,461.6768
3222.9,461.6732673267327
3223.0,461.6767
3223.1,461.70680000000004
3223.2,461.7601999999998
3223.3,461.75989999999996
3223.4,461.72319999999996
3223.5,461.66979999999995
3223.6,461.689801980198
3223.7,461.6902
3223.8,461.69320000000005
3223.9,461.67359999999996
3224.0,461.66659999999996
3224.1,461.6634653465347
3224.2,461.6664999999999
3224.3,461.64399999999995
3224.4,461.58449999999993
3224.5,461.5728712871287
3224.6,461.54800000000006
3224.7,461.49800000000005
3224.8,461.4479999999998
3224.9,461.43633663366336
3225.0,461.4589000000001
3225.1,461.44480000000004
3225.2,461.3988118811882
3225.3,461.3924
3225.4,461.41859999999997
3225.5,461.44859999999994
3225.6,461.4661386138614
3225.7,461.4578000000001
3225.8,461.47440000000006
3225.9,461.46559999999994
3226.0,461.4379207920792
3226.1,461.4
3226.2,461.422
3226.3,461.4559405940594
3226.4,461.4599594059406
3226.5,461.4305
3226.6,461.41
3226.7,461.4508910891087
3226.8,461.4742
3226.9,461.4584
3227.0,461.4674
3227.1,461.4974
3227.2,461.49851485148514
3227.3,461.48429999999996
3227.4,461.4686
3227.5,461.48849999999993
3227.6,461.53849999999994
3227.7,461.53150000000005
3227.8,461.49289999999996
3227.9,461.5484000000001
3228.0,461.58871287128716
3228.1,461.60240000000005
3228.2,461.60880000000003
3228.3,461.6
3228.4,461.63300000000004
3228.5,461.6765
3228.6,461.6736633663367
3228.7,461.6438000000001
3228.8,461.6570000000001
3228.9,461.6475999999999
3229.0,461.5986138613861
3229.1,461.58
3229.2,461.58
3229.3,461.60120000000006
3229.4,461.609504950495
3229.5,461.56359999999984
3229.6,461.5508
3229.7,461.60114851485133
3229.8,461.59415445544545
3229.9,461.5447
3230.0,461.5555
3230.1,461.5547524752476
3230.2,461.53999999999996
3230.3,461.54499999999996
3230.4,461.5249999999999
3230.5,461.53999999999996
3230.6,461.5650495049505
3230.7,461.54530000000005
3230.8,461.51529999999997
3230.9,461.4853
3231.0,461.43603960396047
3231.1,461.41439999999994
3231.2,461.40120000000013
3231.3,461.37
3231.4,461.3937623762377
3231.5,461.39179999999993
3231.6,461.3553
3231.7,461.32650000000007
3231.8,461.3094
3231.9,461.34326732673264
3232.0,461.40679999999986
3232.1,461.4270000000001
3232.2,461.40000000000003
3232.3,482.6192079208959
3232.4,533.680500000065
3232.5,590.9325000000653
3232.6,647.6309999999493
3232.7,705.1807920790708
3232.8,765.3808000000995
3232.9,826.6055999999438
3233.0,887.5667999999455
3233.1,947.6643999999452
3233.2,1005.1656435642592
3233.3,1042.1750000000231
3233.4,1048.7156999999936
3233.5,1045.4882999999966
3233.6,1046.7561386138657
3233.7,1050.3473999999999
3233.8,1046.3443999999777
3233.9,1039.1548000000014
3234.0,1040.4073267326637
3234.1,1043.4546000000073
3234.2,1040.4777000000076
3234.3,1036.1520999999873
3234.4,1039.5187128713078
3234.5,1054.8419999999999
3234.6,1062.312
3234.7,1061.5500000000027
3234.8,1061.294
3234.9,1060.5332673267285
3235.0,1058.890600000002
3235.1,1060.9118999999976
3235.2,1064.879199999983
3235.3,1069.501386138612
3235.4,1064.1421999999943
3235.5,1056.6772
3235.6,1058.1204000000014
3235.7,1060.8991089108904
3235.8,1063.0541000000057
3235.9,1065.9202000000057
3236.0,1065.1484000000155
3236.1,1059.3764792079187
3236.2,1061.2882257425604
3236.3,1064.8060000000028
3236.4,1068.366800000004
3236.5,1069.6759999999963
3236.6,1065.8716000000022
3236.7,1063.232400000006
3236.8,1062.1159999999998
3236.9,1060.2307999999955
3237.0,1062.1577227722798
3237.1,1071.8174999999985
3237.2,1075.5699999999904
3237.3,1078.4994999999753
3237.4,1077.8110000000208
3237.5,1083.398000000006
3237.6,1078.2915000000053
3237.7,1076.9169999999945
3237.8,1082.517500000024
3237.9,1087.3079207920807
3238.0,1083.9361999999849
3238.1,1070.3196000000034
3238.2,1056.679400000013
3238.3,1053.8031999999992
3238.4,1053.4668000000001
3238.5,1052.521199999996
3238.6,1051.6867999999995
3238.7,1052.1636000000142
3238.8,1047.8330693069279
3238.9,1046.9116999999965
3239.0,1051.091599999999
3239.1,1052.0902
3239.2,1052.544999999999
3239.3,1049.34249999997
3239.4,1040.8296999999998
3239.5,1035.4450000000113
3239.6,1025.0730999999985
3239.7,1024.267623762385
3239.8,1018.9467999999954
3239.9,1015.8479999999921
3240.0,1007.5203999999939
3240.1,995.3388000000066
3240.2,992.0552000000141
3240.3,990.3008000000099
3240.4,990.5877227722647
3240.5,986.5128999999974
3240.6,993.4883000000002
3240.7,991.6495000000008
3240.8,988.3877999999924
3240.9,983.808600000002
3241.0,981.719599999997
3241.1,988.4440000000018
3241.2,985.5033613861319
3241.3,990.4029900990084
3241.4,988.7189999999927
3241.5,987.5320000000031
3241.6,988.7670000000089
3241.7,988.4809999999815
3241.8,992.9519999999906
3241.9,990.9280000000067
3242.0,992.8619999999995
3242.1,992.1080594059431
3242.2,992.3372811881139
3242.3,992.2289999999975
3242.4,987.9671000000027
3242.5,994.8675999999987
3242.6,991.3202000000003
3242.7,992.6218999999987
3242.8,992.174599999999
3242.9,990.2578000000008
3243.0,991.4108910891109
3243.1,990.4295999999812
3243.2,997.4904000000023
3243.3,995.5151999999899
3243.4,993.6640000000041
3243.5,991.1972000000292
3243.6,982.2179999999836
3243.7,986.6000000000141
3243.8,985.0520000000392
3243.9,993.4184158415687
3244.0,990.2358000000052
3244.1,993.5556999999944
3244.2,983.2058000000089
3244.3,976.5522000000136
3244.4,988.0907999999926
3244.5,984.1184000000101
3244.6,992.218199999993
3244.7,986.0874999999971
3244.8,989.0217821782135
3244.9,985.9281999999953
3245.0,985.3103999999939
3245.1,986.1740000000132
3245.2,982.7827999999805
3245.3,991.7327999999802
3245.4,988.7784000000127
3245.5,992.4612000000052
3245.6,988.5937623762449
3245.7,987.2374999999793
3245.8,989.372499999989
3245.9,985.405000000015
3246.0,993.4899999999919
3246.1,989.7975
3246.2,993.8900000000103
3246.3,990.9099999999968
3246.4,988.5699009900984
3246.5,987.2568000000022
3246.6,987.9275999999904
3246.7,993.9584000000073
3246.8,989.7490099010157
3246.9,998.276900000016
3247.0,1006.2576000000006
3247.1,1007.0142000000013
3247.2,1006.4277227722796
3247.3,1005.9854000000048
3247.4,1007.5553999999993
3247.5,1008.6776237623767
3247.6,1010.2146999999774
3247.7,1016.9894000000046
3247.8,1015.7195000000019
3247.9,1011.0744554455028
3248.0,991.154
3248.1,993.808
3248.2,994.2220000000002
3248.3,994.8027326732692
3248.4,997.2541603960323
3248.5,994.7615999999887
3248.6,997.6276000000184
3248.7,990.8582999999948
3248.8,992.4490099009845
3248.9,989.9879999999993
3249.0,989.5586000000028
3249.1,993.2742217821776
3249.2,988.6560732673075
3249.3,996.565699999971
3249.4,988.7647000000042
3249.5,990.5488999999982
3249.6,990.7087128712964
3249.7,988.189599999966
3249.8,995.7299999999985
3249.9,994.570495049506
3250.0,994.6885000000117
3250.1,987.1034999999918
3250.2,995.417999999984
3250.3,1006.8838613861275
3250.4,1005.1918000000135
3250.5,1013.573599999999
3250.6,1012.9312000000001
3250.7,1013.4823762376141
3250.8,1016.682800000005
3250.9,1017.7449000000016
3251.0,1014.6533000000059
3251.1,1009.8482178217628
3251.2,1024.7768000000713
3251.3,1001.8984000000015
3251.4,1002.6812000000009
3251.5,1002.5038613861303
3251.6,998.7157999999981
3251.7,1004.7589000000058
3251.8,998.3955999999985
3251.9,1003.3520643564382
3252.0,993.891663366335
3252.1,998.2400000000061
3252.2,995.2350000000131
3252.3,991.0837623762588
3252.4,999.160699999997
3252.5,988.0097000000035
3252.6,1000.9600999999975
3252.7,991.5987999999985
3252.8,998.5301980197987
3252.9,992.1132000000036
3253.0,993.9043999999915
3253.1,997.1276000000245
3253.2,985.7984158415564
3253.3,998.8875000000008
3253.4,1001.0496000000097
3253.5,1014.3930000000007
3253.6,1015.7511881188159
3253.7,1022.6954000000012
3253.8,1022.4718000000335
3253.9,1032.4774000000052
3254.0,1034.2979999999968
3254.1,1037.365940594037
3254.2,1051.8024999999936
3254.3,1053.4229999999968
3254.4,1050.8330000000003
3254.5,1051.0880000000002
3254.6,1050.7429702970196
3254.7,1041.3847999999957
3254.8,1045.7863999999972
3254.9,1045.1139999999968
3255.0,1048.3577227722765
3255.1,1049.1499999999883
3255.2,1053.263699999977
3255.3,1060.7029999999938
3255.4,1056.895551485147
3255.5,1056.1576534653495
3255.6,1057.690199999998
3255.7,1062.1126
3255.8,1062.2508000000023
3255.9,1062.7402000000009
3256.0,1060.83712871287
3256.1,1063.118700000013
3256.2,1058.4465999998984
3256.3,1098.8285000000265
3256.4,1111.5652000000032
3256.5,1113.093700000005
3256.6,1115.4309000000023
3256.7,1114.5293000000001
3256.8,1114.4871287128767
3256.9,1117.2
3257.0,1118.0700000000002
3257.1,1123.47
3257.2,1113.56
3257.3,1083.11
3257.4,1063.34
3257.5,1065.6
3257.6,1068.659405940588
3257.7,1065.4923000000067
3257.8,1067.1232000000043
3257.9,1051.5672999999606
3258.0,1033.095000000037
3258.1,1028.999500000008
3258.2,1028.9797999999998
3258.3,1029.0196
3258.4,1023.9331643563129
3258.5,1039.7868316831737
3258.6,1020.2257999999908
3258.7,1035.1569999999374
3258.8,1034.1959999999995
3258.9,1039.9422000000027
3259.0,1060.2872000000093
3259.1,1059.301704950497
3259.2,1062.2088653465298
3259.3,1062.4164000000005
3259.4,1058.5496999999882
3259.5,1053.4733000000074
3259.6,1056.8604999999943
3259.7,1056.8924000000002
3259.8,1053.310699999989
3259.9,1054.9191089108929
3260.0,1053.895599999999
3260.1,1056.6244000000027
3260.2,1052.2664000000161
3260.3,1039.7535999999882
3260.4,1038.7695999999994
3260.5,1039.1244000000004
3260.6,1025.9207999999876
3260.7,1025.4755999999998
3260.8,1015.300198019767
3260.9,1013.5445000000012
3261.0,1003.7330000000117
3261.1,998.3560000000059
3261.2,997.8625000000003
3261.3,996.2729999999942
3261.4,993.4160000000027
3261.5,991.7785000000017
3261.6,995.7633663366206
3261.7,988.960600000024
3261.8,994.1406000000081
3261.9,993.6163999999986
3262.0,992.0841999999978
3262.1,992.3471999999989
3262.2,988.3938000000136
3262.3,997.9254000000142
3262.4,991.6973999999901
3262.5,995.8017821782154
3262.6,995.4890000000005
3262.7,992.2594000000023
3262.8,995.7865000000156
3262.9,987.9232000000031
3263.0,998.5722999999919
3263.1,994.5747000000035
3263.2,996.2466999999984
3263.3,996.6139000000009
3263.4,992.1181188118716
3263.5,995.6952000000078
3263.6,987.6864000000214
3263.7,993.381599999981
3263.8,992.7163999999976
3263.9,992.1959999999992
3264.0,993.3100000000023
3264.1,985.7494059405944
3264.2,994.9280999999976
3264.3,989.9767999999988
3264.4,1018.2005999999928
3264.5,1023.6989108910831
3264.6,1034.3939999999736
3264.7,1026.6400000000226
3264.8,1024.056999999996
3264.9,1027.253396039605
3265.0,1031.4175425742585
3265.1,1035.075100000001
3265.2,1026.6589999999978
3265.3,1037.2662742574662
3265.4,1007.02129108901
3265.5,994.0032000000126
3265.6,985.4544000000153
3265.7,993.7075999999809
3265.8,984.5319801980086
3265.9,991.0375000000063
3266.0,986.0803999999952
3266.1,982.8631999999982
3266.2,988.2793999999783
3266.3,979.3632673267008
3266.4,989.1677999999904
3266.5,983.426200000012
3266.6,992.1315999999842
3266.7,991.3420000000037
3266.8,990.1639940594058
3266.9,993.7686336633715
3267.0,987.9954999999915
3267.1,994.3400000000101
3267.2,987.4235000000263
3267.3,997.2640594059835
3267.4,995.6688000000008
3267.5,995.5059999999994
3267.6,995.5680000000001
3267.7,998.5167999999968
3267.8,1005.2178217821925
3267.9,1004.6007999999965
3268.0,1008.909500000009
3268.1,1007.8484158415844
3268.2,1008.7957999999992
3268.3,1009.6002000000003
3268.4,1011.8501999999988
3268.5,1010.8261386138586
3268.6,1025.772799999969
3268.7,1005.1977000000745
3268.8,1001.1743000000042
3268.9,997.6557999999902
3269.0,1003.9498019802016
3269.1,1001.8020000000001
3269.2,1007.3080000000001
3269.3,1004.593999999995
3269.4,1007.8059999999999
3269.5,1011.4225742574206
3269.6,1004.6482000000192
3269.7,1011.2177999999778
3269.8,1007.5491999999812
3269.9,1009.036138613865
3270.0,1008.5483999999992
3270.1,1001.2274113207736
3270.2,1006.0785886792171
3270.3,1006.1087999999928
3270.4,1003.804799999997
3270.5,999.3550495049485
3270.6,997.4021
3270.7,999.2621999999994
3270.8,992.4758999999883
3270.9,996.3083168316981
3271.0,971.4220000000362
3271.1,962.6499999999897
3271.2,950.9870000000423
3271.3,956.771000000037
3271.4,956.8439603960337
3271.5,960.4815000000019
3271.6,960.8757999999992
3271.7,953.4040000000273
3271.8,955.8030000000018
3271.9,956.8168999999995
3272.0,980.1844000000078
3272.1,997.3116891089123
3272.2,1003.6020079207867
3272.3,995.7515999999621
3272.4,995.3696000000164
3272.5,992.7852000000024
3272.6,991.5267999999978
3272.7,997.7200990098738
3272.8,1001.0325000000004
3272.9,1004.9851000000039
3273.0,1001.7782999999949
3273.1,1005.9933000000068
3273.2,1003.8901980198075
3273.3,1003.2686000000102
3273.4,1007.6138000000009
3273.5,1008.8610000000009
3273.6,1012.3491999999923
3273.7,1008.4506930693307
3273.8,1010.8560000000095
3273.9,1006.6729999999875
3274.0,1005.1146534653458
3274.1,974.642400000045
3274.2,923.9900000000466
3274.3,874.1159999998214
3274.4,823.0332673266105
3274.5,770.3929999999158
3274.6,715.4896000000714
3274.7,664.0023000001443
3274.8,608.85485148513
3274.9,559.7084000000197
3275.0,507.829800000026
3275.1,474.1116000000088
3275.2,466.59811881188165
3275.3,466.3535892617445
3275.4,466.13127516778496
3275.5,465.90979865771817
3275.6,465.70950536912795
3275.7,465.5329000000005
3275.8,465.4076237623762
3275.9,465.2832000000001
3276.0,465.0998000000001
3276.1,464.9208000000001
3276.2,464.76687722772283
3276.3,464.6179980198016
3276.4,464.46239999999966
3276.5,464.2719000000002
3276.6,464.10460000000035
3276.7,463.98290000000026
3276.8,463.83629999999965
3276.9,463.7028999999998
3277.0,463.6417
3277.1,463.66623762376236
3277.2,463.66
3277.3,463.5979999999999
3277.4,463.492
3277.5,463.452
3277.6,463.436
3277.7,463.354
3277.8,463.2799999999999
3277.9,463.2065346534652
3278.0,463.1523
3278.1,463.12230000000005
3278.2,463.1041
3278.3,463.07049999999987
3278.4,463.06180000000006
3278.5,463.0582
3278.6,462.9910000000002
3278.7,463.0084158415838
3278.8,463.0674
3278.9,463.08000000000004
3279.0,463.0974
3279.1,463.03459999999995
3279.2,462.98
3279.3,463.0032
3279.4,462.96779999999995
3279.5,462.9416
3279.6,462.96148514851484
3279.7,462.9301000000001
3279.8,462.91140000000007
3279.9,462.9371
3280.0,462.9329000000001
3280.1,462.9143
3280.2,462.8815000000001
3280.3,462.8942000000002
3280.4,462.92564356435645
3280.5,462.85719999999986
3280.6,462.8056
3280.7,462.7988
3280.8,462.7732
3280.9,462.73759999999993
3281.0,462.7088
3281.1,462.67199999999997
3281.2,462.6666336633663
3281.3,462.6469999999998
3281.4,462.5925
3281.5,462.5755
3281.6,462.58000000000004
3281.7,462.5360000000001
3281.8,462.5
3281.9,462.4669999999999
3282.0,462.4345
3282.1,462.43544554455445
3282.2,462.41840000000013
3282.3,462.41620000000006
3282.4,462.47860000000014
3282.5,462.50919999999996
3282.6,462.4946
3282.7,462.5169999999998
3282.8,462.5562
3282.9,462.57
3283.0,462.63950495049505
3283.1,462.7053
3283.2,462.7206
3283.3,462.7247
3283.4,462.7253
3283.5,462.73
3283.6,462.7512
3283.7,462.80179999999996
3283.8,462.8353
3283.9,462.8137623762376
3284.0,462.74839999999983
3284.1,462.7048
3284.2,462.6844000000001
3284.3,462.64919999999995
3284.4,462.59879999999987
3284.5,462.5491999999999
3284.6,462.4988
3284.7,462.4648
3284.8,462.46
3284.9,462.4396
3285.0,462.3894
3285.1,462.34979999999996
3285.2,462.3298
3285.3,462.31489999999997
3285.4,462.32529999999997
3285.5,462.3655
3285.6,462.37469999999996
3285.7,462.33475247524757
3285.8,462.29999999999995
3285.9,462.3150000000001
3286.0,462.365
3286.1,462.395
3286.2,462.39000000000004
3286.3,462.385
3286.4,462.39
3286.5,462.385
3286.6,462.3849504950495
3286.7,462.39979999999997
3286.8,462.4198
3286.9,462.4104
3287.0,462.3753
3287.1,462.3404
3287.2,462.32489999999996
3287.3,462.3594
3287.4,462.3754455445545
3287.5,462.34080000000006
3287.6,462.3152
3287.7,462.3148
3287.8,462.3055999999999
3287.9,462.2612
3288.0,462.2157900990099
3288.1,462.2046475247525
3288.2,462.2288
3288.3,462.2265
3288.4,462.21410000000003
3288.5,462.23940000000005
3288.6,462.25930693069307
3288.7,462.25160000000005
3288.8,462.21159999999986
3288.9,462.2130000000001
3289.0,462.27679999999987
3289.1,462.3246
3289.2,462.2978000000001
3289.3,462.26460000000003
3289.4,462.26544554455444
3289.5,462.2598366336634
3289.6,462.25100000000003
3289.7,462.2355
3289.8,462.26150000000007
3289.9,462.27299999999997
3290.0,462.222
3290.1,462.22249999999997
3290.2,462.2545
3290.3,462.2822772277228
3290.4,462.31879999999995
3290.5,462.3256
3290.6,462.2936000000001
3290.7,462.26879999999994
3290.8,462.26679999999993
3290.9,462.23240000000004
3291.0,462.1924
3291.1,462.1612
3291.2,462.15
3291.3,462.1371
3291.4,462.10279999999995
3291.5,462.0757
3291.6,462.0872
3291.7,462.0885000000001
3291.8,462.07290000000006
3291.9,462.10290000000003
3292.0,462.12860000000006
3292.1,462.1570297029703
3292.2,462.22619999999995
3292.3,462.29420000000005
3292.4,462.34619999999995
3292.5,462.4394
3292.6,462.4926
3292.7,462.53099999999995
3292.8,462.5852000000001
3292.9,462.6619999999999
3293.0,462.73663366336626
3293.1,462.75180000000006
3293.2,462.7277000000001
3293.3,462.7346000000001
3293.4,462.7782000000001
3293.5,462.7736
3293.6,462.77459999999985
3293.7,462.83049999999986
3293.8,462.87623762376245
3293.9,462.896
3294.0,462.878
3294.1,462.868
3294.2,462.89199999999994
3294.3,462.90999999999997
3294.4,462.90999999999997
3294.5,462.922
3294.6,462.89599999999996
3294.7,462.810198019802
3294.8,462.78
3294.9,462.7487999999998
3295.0,462.73120000000006
3295.1,462.7761
3295.2,462.7505000000001
3295.3,462.7082999999999
3295.4,462.69780000000003
3295.5,462.69829999999996
3295.6,462.699306930693
3295.7,462.7262
3295.8,462.71619999999996
3295.9,462.7214
3296.0,462.7552
3296.1,462.78380000000004
3296.2,462.77860000000004
3296.3,462.7676
3296.4,462.7687128712871
3296.5,462.7537
3296.6,462.7378000000001
3296.7,462.72219999999993
3296.8,462.76740000000007
3296.9,462.78740000000005
3297.0,462.80369999999994
3297.1,462.80260000000004
3297.2,462.8193069306929
3297.3,462.8628
3297.4,462.8464
3297.5,462.8292
3297.6,462.83879999999994
3297.7,462.87560000000013
3297.8,462.8428
3297.9,462.83360000000005
3298.0,462.8079207920792
3298.1,462.7605
3298.2,462.7555000000001
3298.3,462.71350000000007
3298.4,462.7165
3298.5,462.72399999999993
3298.6,462.7290000000001
3298.7,462.6865
3298.8,462.65574257425726
3298.9,462.61673465346536
3299.0,462.6232
3299.1,462.6406
3299.2,462.69660000000005
3299.3,462.70020000000005
3299.4,462.7268
3299.5,462.74
3299.6,462.7332
3299.7,462.71326732673276
3299.8,462.70660000000004
3299.9,462.7167
3300.0,462.69350000000003
3300.1,462.6369000000001
3300.2,462.60979999999995
3300.3,462.6566
3300.4,462.6634
3300.5,462.64346534653464
3300.6,462.63
3300.7,462.62680000000006
3300.8,462.6168
3300.9,462.6068
3301.0,462.6256
3301.1,462.69919999999985
3301.2,462.7145900990101
3301.3,462.6476683168315
3301.4,462.60450000000003
3301.5,462.5731
3301.6,462.5893
3301.7,462.61310000000003
3301.8,462.6169
3301.9,462.6162
3302.0,462.6424
3302.1,462.63921485148524
3302.2,462.57606930693066
3302.3,462.59
3302.4,462.61100000000016
3302.5,462.66600000000005
3302.6,462.677
3302.7,462.66100000000006
3302.8,462.64300000000003
3302.9,462.65891089108914
3303.0,462.6597
3303.1,462.63030000000003
3303.2,462.6973999999999
3303.3,462.7371
3303.4,462.7155
3303.5,462.6771
3303.6,462.65840000000003
3303.7,462.6529702970297
3303.8,462.70439999999996
3303.9,462.67599999999993
3304.0,462.6372
3304.1,462.62160000000006
3304.2,462.5916000000001
3304.3,462.5812000000001
3304.4,462.61
3304.5,462.6127722772277
3304.6,462.64970000000005
3304.7,462.71110000000004
3304.8,462.6681
3304.9,462.6873
3305.0,462.67999999999995
3305.1,462.6989000000001
3305.2,462.7473801980198
3305.3,462.7268534653464
3305.4,462.70040000000006
3305.5,462.72220000000004
3305.6,462.6766000000001
3305.7,462.6178
3305.8,462.64
3305.9,462.6478000000001
3306.0,462.6752
3306.1,462.6719544554457
3306.2,462.6100000000001
3306.3,462.58500000000004
3306.4,462.6025
3306.5,462.60249999999996
3306.6,462.59
3306.7,462.6299999999999
3306.8,462.655
3306.9,462.6174999999999
3307.0,462.5475247524752
3307.1,462.5544
3307.2,462.6192
3307.3,462.67279999999994
3307.4,462.63800000000003
3307.5,462.59760000000006
3307.6,462.60439999999994
3307.7,462.62840000000006
3307.8,462.56480000000005
3307.9,462.5918811881188
3308.0,462.64610000000005
3308.1,462.7045999999999
3308.2,462.70850000000013
3308.3,462.6815000000001
3308.4,462.7338000000001
3308.5,462.7777
3308.6,462.76770000000005
3308.7,462.76227722772273
3308.8,462.76119999999986
3308.9,462.73659999999995
3309.0,462.74690891089114
3309.1,462.68522178217836
3309.2,462.63419999999996
3309.3,462.64579999999995
3309.4,462.6194999999999
3309.5,462.5841584158416
3309.6,462.604
3309.7,462.622
3309.8,462.64
3309.9,462.67009900990104
3310.0,462.6375999999999
3310.1,462.6719
3310.2,462.6913999999999
3310.3,462.7247999999998
3310.4,462.64683168316816
3310.5,462.5846
3310.6,462.57800000000003
3310.7,462.6654
3310.8,462.6918
3310.9,462.71260000000007
3311.0,462.7736
3311.1,462.78819999999996
3311.2,462.7638
3311.3,462.69
3311.4,462.6917
3311.5,462.69320000000005
3311.6,462.63450000000023
3311.7,462.4896000000002
3311.8,462.3968000000001
3311.9,462.44190000000015
3312.0,462.49660000000006
3312.1,462.4766
3312.2,462.4700990099009
3312.3,462.53120000000007
3312.4,462.59159999999997
3312.5,462.6016
3312.6,462.6132
3312.7,462.63479999999987
3312.8,462.6439999999999
3312.9,462.5375999999999
3313.0,462.4104950495049
3313.1,462.3555841584159
3313.2,462.32250000000005
3313.3,462.2649999999997
3313.4,462.1650000000001
3313.5,462.07550000000003
3313.6,462.0485
3313.7,462.043
3313.8,462.0524999999999
3313.9,462.01597029702964
3314.0,462.0498297029703
3314.1,462.0472
3314.2,462.03
3314.3,462.0215999999999
3314.4,461.97420000000005
3314.5,462.0042
3314.6,462.0131999999999
3314.7,461.91693069306916
3314.8,461.9730000000003
3314.9,462.0522
3315.0,461.99350000000004
3315.1,461.9513
3315.2,461.9587
3315.3,461.9539000000001
3315.4,461.97350000000006
3315.5,461.93129999999996
3315.6,461.9487485148514
3315.7,462.00400000000013
3315.8,461.9551999999999
3315.9,461.9188
3316.0,461.90639999999996
3316.1,461.88239999999996
3316.2,461.90239999999994
3316.3,461.9151999999999
3316.4,461.88
3316.5,461.88439999999997
3316.6,461.9189
3316.7,461.9111
3316.8,461.9145
3316.9,461.87
3317.0,461.8755
3317.1,461.9189
3317.2,461.9056544554456
3317.3,461.8638217821781
3317.4,461.8170000000001
3317.5,461.86699999999973
3317.6,461.749
3317.7,461.7370000000001
3317.8,461.71
3317.9,461.71700000000016
3318.0,461.77799999999996
3318.1,461.75603960396046
3318.2,461.7137
3318.3,461.65
3318.4,461.6509
3318.5,461.66360000000003
3318.6,461.7036
3318.7,461.7409
3318.8,461.7527
3318.9,461.77909999999997
3319.0,461.77
3319.1,461.7747999999999
3319.2,461.8355999999999
3319.3,461.8983999999999
3319.4,461.88
3319.5,461.88319999999993
3319.6,461.9239999999999
3319.7,461.9620000000002
3319.8,461.8675999999999
3319.9,461.84158415841586
3320.0,461.85859999999997
3320.1,461.84069999999997
3320.2,461.8458000000002
3320.3,461.79420000000005
3320.4,461.85
3320.5,461.85
3320.6,461.8479
3320.7,461.8234653465345
3320.8,461.8718000000001
3320.9,461.9
3321.0,461.89760000000007
3321.1,461.8594
3321.2,461.8524
3321.3,461.8875999999999
3321.4,461.8506
3321.5,461.8588059405941
3321.6,461.83840594059404
3321.7,461.81299999999976
3321.8,461.87300000000005
3321.9,461.9264999999999
3322.0,461.86400000000015
3322.1,461.94
3322.2,461.94
3322.3,461.93899999999996
3322.4,461.9185148514851
3322.5,461.8916
3322.6,461.9308
3322.7,461.9488
3322.8,461.91759999999977
3322.9,461.86159999999995
3323.0,461.9004
3323.1,461.90999999999997
3323.2,461.9082000000002
3323.3,461.8518000000001
3323.4,461.90939999999995
3323.5,461.89060000000006
3323.6,461.9091000000001
3323.7,461.87940000000003
3323.8,461.8621000000001
3323.9,461.92969999999997
3324.0,461.919702970297
3324.1,461.9104
3324.2,461.9302
3324.3,461.94060000000013
3324.4,461.9696
3324.5,461.9502
3324.6,461.96
3324.7,461.96139999999997
3324.8,462.02879999999976
3324.9,461.9709900990099
3325.0,462.01969999999994
3325.1,461.99
3325.2,461.9901
3325.3,461.99979999999994
3325.4,461.98
3325.5,461.9805000000001
3325.6,462.0298
3325.7,462.00920693069327
3325.8,461.929900990099
3325.9,461.99
3326.0,462.03
3326.1,462.03999999999996
3326.2,461.98
3326.3,461.97
3326.4,461.97
3326.5,461.97
3326.6,461.87
3326.7,461.860099009901
3326.8,461.89960000000013
3326.9,461.8504999999999
3327.0,461.8401
3327.1,461.84000000000003
3327.2,461.84000000000003
3327.3,461.85980000000006
3327.4,461.83029999999997
3327.5,461.7904000000001
3327.6,461.8488118811881
3327.7,461.85
3327.8,461.8402
3327.9,461.84
3328.0,461.8498
3328.1,461.8402
3328.2,461.87919999999986
3328.3,461.82178217821763
3328.4,461.7908999999999
3328.5,461.7997
3328.6,461.8581999999999
3328.7,461.86
3328.8,461.8696
3328.9,461.89880000000005
3329.0,461.92851485148515
3329.1,461.8445000000001
3329.2,461.83050000000003
3329.3,461.8585000000001
3329.4,461.87881188118814
3329.5,461.8988
3329.6,461.8060000000003
3329.7,461.8
3329.8,461.8188
3329.9,461.83861386138614
3330.0,461.80280000000005
3330.1,461.8
3330.2,461.8279
3330.3,461.8484158415842
3330.4,461.81319999999994
3330.5,461.8192
3330.6,461.87519999999984
3330.7,462.79407920791954
3330.8,464.4001099009903
3330.9,465.95139999999964
3331.0,467.7552999999996
3331.1,469.91289999999947
3331.2,478.5612871286936
3331.3,490.86600000002875
3331.4,496.0450000000099
3331.5,498.42399999999606
3331.6,499.9855445544554
3331.7,500.92430000000024
3331.8,501.0289
3331.9,501.30590000000007
3332.0,501.25989999999996
3332.1,500.95039603960447
3332.2,495.48040000001123
3332.3,484.6727999999688
3332.4,479.42277227722354
3332.5,478.7629999999999
3332.6,478.72389999999996
3332.7,478.7287
3332.8,478.7472277227723
3332.9,478.7758
3333.0,478.7456
3333.1,474.19060000000724
3333.2,462.01455445548686
3333.3,445.799499999981
3333.4,428.9929999999809
3333.5,412.11349999998083
3333.6,395.350999999981
3333.7,378.7895000000451
3333.8,361.38399999998
3333.9,344.44449999998085
3334.0,328.20217821783126
3334.1,315.1032000000114
3334.2,309.412400000004
3334.3,308.4075999999987
3334.4,308.1503960396035
3334.5,308.0020999999998
3334.6,307.8306000000004
3334.7,307.73360000000025
3334.8,307.6618999999999
3334.9,307.59247524752476
3335.0,307.5308
3335.1,307.44620000000003
3335.2,307.4382
3335.3,307.4728
3335.4,307.45564356435636
3335.5,307.3608999999998
3335.6,307.3157000000001
3335.7,307.3504999999999
3335.8,307.3680198019802
3335.9,307.354
3336.0,307.31
3336.1,307.364
3336.2,307.372
3336.3,307.3780792079208
3336.4,307.39582079207923
3336.5,307.42369999999994
3336.6,307.37470000000013
3336.7,307.33653465346543
3336.8,307.29879999999997
3336.9,307.2744
3337.0,307.27
3337.1,307.2313861386139
3337.2,307.1738000000001
3337.3,307.1137999999998
3337.4,307.0691999999999
3337.5,307.00610000000006
3337.6,307.01309999999995
3337.7,306.9819762376239
3337.8,306.9396
3337.9,306.99840000000006
3338.0,307.0276
3338.1,306.98439999999994
3338.2,306.98519999999996
3338.3,307.04320000000007
3338.4,307.04495049504953
3338.5,307.0325
3338.6,307.00000000000006
3338.7,306.9975
3338.8,307.0225000000001
3338.9,306.9557425742572
3339.0,306.9374
3339.1,306.99919999999986
3339.2,307.0643999999998
3339.3,307.03559999999993
3339.4,307.02
3339.5,307.02740000000006
3339.6,307.04479999999995
3339.7,307.0719801980198
3339.8,307.0435
3339.9,307.0081
3340.0,307.02189999999996
3340.1,307.0373
3340.2,306.99620000000004
3340.3,306.9873
3340.4,307.01919999999996
3340.5,307.0519
3340.6,307.06
3340.7,306.9736000000003
3340.8,307.00480000000016
3340.9,307.07320000000016
3341.0,307.0828
3341.1,307.0656
3341.2,307.06
3341.3,307.0960000000001
3341.4,307.05239999999986
3341.5,306.980099009901
3341.6,306.9245
3341.7,306.9739
3341.8,307.0
3341.9,306.94348118811877
3342.0,306.9130594059406
3342.1,306.924
3342.2,306.937
3342.3,306.92599999999993
3342.4,306.93386138613863
3342.5,306.9952
3342.6,307.0407
3342.7,307.05
3342.8,307.05683168316835
3342.9,307.10080000000016
3343.0,307.1268
3343.1,307.15719999999993
3343.2,307.1430693069308
3343.3,307.1099
3343.4,307.0866
3343.5,307.0465
3343.6,306.983498019802
3343.7,306.97979999999995
3343.8,306.9569999999999
3343.9,306.94
3344.0,306.9138613861386
3344.1,306.88700000000006
3344.2,306.9384999999997
3344.3,306.98930693069315
3344.4,307.0
3344.5,307.02559999999994
3344.6,307.06559999999996
3344.7,307.08000000000004
3344.8,307.0863366336634
3344.9,307.08369999999996
3345.0,307.06109999999995
3345.1,307.0626
3345.2,307.0575247524753
3345.3,307.03139999999996
3345.4,307.0138
3345.5,307.0162
3345.6,307.02
3345.7,306.98950000000013
3345.8,306.95169999999996
3345.9,306.92169999999993
3346.0,306.9281188118812
3346.1,306.916
3346.2,306.858
3346.3,306.89000000000016
3346.4,306.91811881188113
3346.5,306.9336
3346.6,306.93820000000005
3346.7,306.94769999999994
3346.8,306.97180000000003
3346.9,306.99168316831685
3347.0,307.0058
3347.1,306.9868
3347.2,307.0045128712871
3347.3,307.0070722772276
3347.4,306.9387
3347.5,306.8658000000001
3347.6,306.8626871287128
3347.7,306.8798693069307
3347.8,306.85759999999993
3347.9,306.83439999999996
3348.0,306.83565544554455
3348.1,306.8618663366336
3348.2,306.88
3348.3,306.85799999999983
3348.4,306.85650000000004
3348.5,306.8972277227723
3348.6,306.90380000000005
3348.7,306.89
3348.8,306.9116000000001
3348.9,306.9353465346535
3349.0,306.9453
3349.1,306.9447
3349.2,306.94
3349.3,306.96650000000005
3349.4,307.01623762376244
3349.5,306.99839999999983
3349.6,306.94440000000003
3349.7,306.98199999999974
3349.8,307.03509702970297
3349.9,307.0195514851485
3350.0,307.0
3350.1,306.99490000000003
3350.2,306.9849
3350.3,306.98504950495055
3350.4,306.9499999999998
3350.5,306.945
3350.6,306.975
3350.7,306.92000000000024
3350.8,306.87
3350.9,306.8950000000001
3351.0,306.92
3351.1,306.9449999999999
3351.2,306.9303960396042
3351.3,306.8949
3351.4,306.9049
3351.5,306.9296
3351.6,306.9549
3351.7,306.9454455445545
3351.8,306.90119999999985
3351.9,306.8892
3352.0,306.92439999999993
3352.1,306.9160000000001
3352.2,306.92801980198
3352.3,306.9606
3352.4,306.93589999999995
3352.5,306.9059
3352.6,306.8760396039604
3352.7,306.87839999999994
3352.8,306.90920000000006
3352.9,306.89239999999995
3353.0,306.8372277227723
3353.1,306.82349999999997
3353.2,306.85799999999983
3353.3,306.8935
3353.4,306.90999999999997
3353.5,306.93199999999996
3353.6,306.9028000000001
3353.7,306.8871999999999
3353.8,306.9644
3353.9,306.9961386138614
3354.0,307.03
3354.1,307.0515
3354.2,307.0327000000003
3354.3,306.96148514851484
3354.4,306.9668
3354.5,306.9732
3354.6,306.9374
3354.7,306.9032
3354.8,306.87579999999997
3354.9,306.87
3355.0,306.8575247524753
3355.1,306.82770000000005
3355.2,306.8263999999999
3355.3,306.8418
3355.4,306.7930999999998
3355.5,306.7482
3355.6,306.79689999999977
3355.7,306.8541
3355.8,306.83949999999993
3355.9,306.8018811881188
3356.0,306.778
3356.1,306.772
3356.2,306.778
3356.3,306.74
3356.4,306.726
3356.5,306.754
3356.6,306.752
3356.7,306.7241584158416
3356.8,306.7078
3356.9,306.7161
3357.0,306.7217
3357.1,306.7361
3357.2,306.73779999999994
3357.3,306.76560000000006
3357.4,306.8134000000001
3357.5,306.8539
3357.6,306.84467722772274
3357.7,306.8313999999999
3357.8,306.8538
3357.9,306.8372
3358.0,306.78099999999995
3358.1,306.7424
3358.2,306.76799999999986
3358.3,306.83
3358.4,306.8149504950495
3358.5,306.7678000000001
3358.6,306.74479999999994
3358.7,306.77369999999996
3358.8,306.77259999999995
3358.9,306.7674
3359.0,306.7947999999999
3359.1,306.82739999999995
3359.2,306.8141000000001
3359.3,306.76633663366334
3359.4,306.7636
3359.5,306.77720000000005
3359.6,306.79359999999997
3359.7,306.79280000000006
3359.8,306.77279999999996
3359.9,306.7672
3360.0,306.78716435643565
3360.1,306.7896287128714
3360.2,306.78049999999996
3360.3,306.8070000000001
3360.4,306.8165
3360.5,306.79600000000005
3360.6,306.77
3360.7,306.7944999999999
3360.8,306.8435
3360.9,306.8638613861387
3361.0,306.8457999999998
3361.1,306.7566
3361.2,306.76019999999994
3361.3,306.7664
3361.4,306.74
3361.5,306.75360000000006
3361.6,306.7766
3361.7,306.7801999999999
3361.8,306.7865346534653
3361.9,306.74350000000004
3362.0,306.72979999999995
3362.1,306.80299999999994
3362.2,306.8601
3362.3,306.84
3362.4,306.85979999999995
3362.5,306.9
3362.6,306.890198019802
3362.7,306.86366732673275
3362.8,306.85960000000006
3362.9,306.8960000000001
3363.0,306.93
3363.1,306.90120000000024
3363.2,306.84643168316825
3363.3,306.8854148514852
3363.4,306.9152
3363.5,306.8383
3363.6,306.7993
3363.7,306.8015841584159
3363.8,306.73299999999983
3363.9,306.673
3364.0,306.677
3364.1,306.673
3364.2,306.68
3364.3,306.65599999999984
3364.4,306.6120000000001
3364.5,306.65500000000003
3364.6,306.6781188118813
3364.7,306.66739999999993
3364.8,306.7274
3364.9,306.77
3365.0,306.7816
3365.1,306.8042
3365.2,306.78999999999996
3365.3,306.8103
3365.4,306.84549999999996
3365.5,306.81
3365.6,306.8128
3365.7,306.82
3365.8,306.8087999999999
3365.9,306.7772
3366.0,306.75880000000006
3366.1,306.71880000000004
3366.2,306.7011999999999
3366.3,306.72168316831676
3366.4,306.6973
3366.5,306.6873
3366.6,306.6908
3366.7,306.7254
3366.8,306.7481
3366.9,306.75109999999995
3367.0,306.7216000000001
3367.1,306.77465346534655
3367.2,306.7548732673268
3367.3,306.7321999999999
3367.4,306.71780000000007
3367.5,306.74
3367.6,306.7374
3367.7,306.7274
3367.8,306.7330000000002
3367.9,306.7856000000001
3368.0,306.8274514851485
3368.1,306.80735148514856
3368.2,306.7749999999999
3368.3,306.80250000000007
3368.4,306.8299999999999
3368.5,306.805
3368.6,306.815
3368.7,306.7950000000001
3368.8,306.7750495049505
3368.9,306.7648
3369.0,306.7728
3369.1,306.7572
3369.2,306.78479999999996
3369.3,306.7831999999998
3369.4,306.73479999999995
3369.5,306.7452
3369.6,306.74157623762363
3369.7,306.7868999999999
3369.8,306.80769999999995
3369.9,306.79079999999993
3370.0,306.77380000000005
3370.1,306.8131000000001
3370.2,306.7808000000001
3370.3,306.76150000000007
3370.4,306.8136633663367
3370.5,306.8534
3370.6,306.83
3370.7,306.8256
3370.8,306.79679999999985
3370.9,306.7566
3371.0,306.769
3371.1,306.7234
3371.2,306.7088
3371.3,306.74217821782185
3371.4,306.7394999999999
3371.5,306.69579999999996
3371.6,306.6821
3371.7,306.6941999999999
3371.8,306.7184000000001
3371.9,306.73739999999987
3372.0,306.6942
3372.1,306.71419999999995
3372.2,306.7403960396038
3372.3,306.77
3372.4,306.736
3372.5,306.764
3372.6,306.776
3372.7,306.756
3372.8,306.74199999999996
3372.9,306.75600000000003
3373.0,306.782
3373.1,306.78801980198017
3373.2,306.7591000000002
3373.3,306.67190000000005
3373.4,306.6914000000001
3373.5,306.74
3373.6,306.7419
3373.7,306.7594999999999
3373.8,306.8
3373.9,306.8
3374.0,306.8
3374.1,306.8054
3374.2,306.8282
3374.3,306.82
3374.4,306.80379999999997
3374.5,306.7264
3374.6,306.71
3374.7,306.7154
3374.8,306.7364
3374.9,306.73069306930694
3375.0,306.7834
3375.1,306.79490000000004
3375.2,306.7683
3375.3,306.75829999999996
3375.4,306.75850000000014
3375.5,306.8017
3375.6,306.8066
3375.7,306.79
3375.8,306.79168316831687
3375.9,306.7984
3376.0,306.7819999999999
3376.1,306.7416
3376.2,306.75159999999994
3376.3,306.7632
3376.4,306.7784
3376.5,306.7636633663366
3376.6,306.7330841584158
3376.7,306.74850000000004
3376.8,306.74150000000003
3376.9,306.747
3377.0,306.72700000000003
3377.1,306.7115
3377.2,306.72
3377.3,306.7215
3377.4,306.7329554455445
3377.5,306.75271485148517
3377.6,306.77
3377.7,306.7602000000002
3377.8,306.69719999999995
3377.9,306.68420000000003
3378.0,306.71420000000006
3378.1,306.74
3378.2,306.7330693069308
3378.3,306.69
3378.4,306.69259999999997
3378.5,306.7087
3378.6,306.7
3378.7,306.70259999999996
3378.8,306.72
3378.9,306.7226
3379.0,306.7374
3379.1,306.72128712871285
3379.2,306.73119999999994
3379.3,306.74
3379.4,306.7351999999999
3379.5,306.7
3379.6,306.6998909090909
3379.7,306.7008909090909
3379.8,306.69939999999986
3379.9,306.6704
3380.0,306.691
3380.1,306.74138613861385
3380.2,306.8097000000001
3380.3,306.7801
3380.4,306.79010000000005
3380.5,306.80009900990103
3380.6,306.81
3380.7,306.79
3380.8,306.81
3380.9,306.78999999999996
3381.0,306.750396039604
3381.1,306.7697999999999
3381.2,306.66110000000026
3381.3,306.65999999999997
3381.4,306.6897000000001
3381.5,306.71969999999993
3381.6,306.6709900990099
3381.7,306.70919999999984
3381.8,306.71000000000004
3381.9,306.68059999999997
3382.0,306.6215881188119
3382.1,306.63939999999997
3382.2,306.6206
3382.3,306.6588000000001
3382.4,306.6308999999999
3382.5,306.5819801980198
3382.6,306.61840000000007
3382.7,306.6967999999997
3382.8,306.69039999999995
3382.9,306.7188
3383.0,306.78653465346525
3383.1,306.79949999999997
3383.2,306.81899999999996
3383.3,306.80118811881187
3383.4,306.7812
3383.5,306.7894
3383.6,306.7806
3383.7,306.69623762376244
3383.8,306.70860000000005
3383.9,306.7007
3384.0,306.6447524752474
3384.1,306.6308
3384.2,306.61160000000007
3384.3,306.61920000000003
3384.4,306.6568000000001
3384.5,306.6508910891089
3384.6,306.6591
3384.7,306.70550000000003
3384.8,306.7355666666668
3384.9,306.6970666666667
3385.0,306.6986
3385.1,306.72547029702974
3385.2,306.74699999999996
3385.3,306.7074999999999
3385.4,306.6915
3385.5,306.7236633663366
3385.6,306.75519999999995
3385.7,306.7432
3385.8,306.70639999999986
3385.9,306.7588
3386.0,306.80326732673274
3386.1,306.76850000000013
3386.2,306.7765999999999
3386.3,306.80490000000003
3386.4,306.8182178217822
3386.5,306.8282
3386.6,306.79720000000003
3386.7,306.78999999999996
3386.8,306.80623762376246
3386.9,306.8343000000001
3387.0,306.7994999999999
3387.1,306.83859999999993
3387.2,306.78544059405954
3387.3,306.7299603960396
3387.4,306.704
3387.5,306.708
3387.6,306.694
3387.7,306.7058415841584
3387.8,306.73370000000006
3387.9,306.7083999999999
3388.0,306.69210000000004
3388.1,306.6430693069307
3388.2,306.63779999999997
3388.3,306.6556
3388.4,306.72240000000005
3388.5,306.7244
3388.6,306.69683168316834
3388.7,306.72849999999994
3388.8,306.7477
3388.9,306.7808000000001
3389.0,306.81309999999996
3389.1,306.8276237623762
3389.2,306.8452
3389.3,306.85760000000005
3389.4,306.7915999999999
3389.5,306.7549504950495
3389.6,306.7874999999999
3389.7,306.8
3389.8,306.8
3389.9,306.8062614678899
3390.0,306.81
3390.1,306.8166
3390.2,306.82653465346533
3390.3,306.7714999999999
3390.4,306.7985000000001
3390.5,306.843
3390.6,306.7525000000003
3390.7,306.63500000000033
3390.8,306.6257425742575
3390.9,306.5952
3391.0,306.5764
3391.1,306.5672
3391.2,306.528
3391.3,306.5733663366339
3391.4,306.5848
3391.5,306.51959999999985
3391.6,306.5529999999999
3391.7,306.5962999999999
3391.8,306.55633663366336
3391.9,306.5238
3392.0,306.54479999999995
3392.1,306.53520000000003
