t,pwr
0.0,618.3721999999989
0.1,622.7094000000018
0.2,625.6885148514849
0.3,628.3230000000018
0.4,631.405
0.5,635.2219999999935
0.6,638.491
0.7,638.446
0.8,627.2559999999894
0.9,622.1844257425716
1.0,620.6282138613876
1.1,617.8119999999992
1.2,612.9076999999987
1.3,607.3825999999949
1.4,602.3986999999989
1.5,597.2906000000071
1.6,589.2384227722737
1.7,578.6236950495172
1.8,637.0732000000415
1.9,678.5712000000082
2.0,684.9243999999991
2.1,683.4627999999989
2.2,680.8752000000029
2.3,680.0264
2.4,676.5122772277197
2.5,670.4483000000055
2.6,661.7540999999934
2.7,653.5921000000062
2.8,649.136599999998
2.9,643.0613999999948
3.0,634.5367000000075
3.1,626.568217821776
3.2,619.5683663366376
3.3,610.3267999999905
3.4,598.7706000000071
3.5,587.8092000000141
3.6,577.02659999999
3.7,615.3781999999624
3.8,640.5580000000048
3.9,653.508118811874
4.0,664.1519999999916
4.1,672.6670000000105
4.2,679.0519999999983
4.3,682.5085000000031
4.4,686.2774999999986
4.5,690.8809999999946
4.6,694.197500000003
4.7,699.0414851485137
4.8,692.6731999999818
4.9,690.2279999999996
5.0,693.9343999999966
5.1,696.1468
5.2,696.1600000000007
5.3,697.5796000000036
5.4,698.8088118811881
5.5,697.5525000000015
5.6,693.160499999999
5.7,690.4022000000008
5.8,701.9359000000301
5.9,706.9239999999995
6.0,702.6971000000033
6.1,698.0434999999993
6.2,693.8150495049526
6.3,691.1329999999992
6.4,689.0474000000011
6.5,687.4498000000006
6.6,687.3744000000003
6.7,675.5386000000088
6.8,668.0842
6.9,664.4355227722799
7.0,660.7160396039612
7.1,656.2014999999961
7.2,648.875300000002
7.3,639.6048999999934
7.4,628.2858000000028
7.5,615.565600000003
7.6,603.141699999992
7.7,591.0998019801991
7.8,631.5560000000686
7.9,668.8199999999999
8.0,669.3580000000095
8.1,663.168
8.2,657.684
8.3,652.0659999999947
8.4,646.408
8.5,639.2136633663467
8.6,629.8137999999976
8.7,616.9256999999966
8.8,602.8164999999842
8.9,648.5441000000199
9.0,695.9450999999779
9.1,705.6871000000006
9.2,712.7346297029421
9.3,714.1851465346372
9.4,713.2414000000008
9.5,721.2367999999892
9.6,715.7573999999917
9.7,704.3054000000055
9.8,689.9255999999907
9.9,681.4209999999999
10.0,686.1089108910833
10.1,691.315700000002
10.2,691.2933000000014
10.3,695.5611000000063
10.4,684.407899999982
10.5,673.8150999999991
10.6,672.788399999998
10.7,672.8381999999986
10.8,662.0600990098843
10.9,651.1028000000013
11.0,646.2040000000084
11.1,641.7223999999972
11.2,637.414800000002
11.3,634.3167999999987
11.4,628.5516000000034
11.5,635.4804396039362
11.6,644.3240198019805
11.7,646.5479999999995
11.8,650.5850000000047
11.9,653.8984999999997
12.0,657.3164999999954
12.1,662.1990000000063
12.2,668.3619999999993
12.3,674.3831683168387
12.4,680.4084000000008
12.5,687.7647999999926
12.6,693.3306000000005
12.7,694.7064000000003
12.8,692.2657999999942
12.9,688.1977999999995
13.0,684.6944000000028
13.1,680.5125742574244
13.2,673.0844000000064
13.3,663.3682999999842
13.4,652.8263999999957
13.5,639.7454000000101
13.6,623.4784999999932
13.7,606.9514000000107
13.8,591.8878999999768
13.9,616.0738613861689
14.0,645.4903999999988
14.1,641.5571999999937
14.2,633.7160000000027
14.3,629.1803999999979
14.4,625.6488000000018
14.5,622.3068000000013
14.6,620.3127722772269
14.7,620.8004544554451
14.8,623.4165000000028
14.9,624.7509000000001
15.0,618.6595000000027
15.1,615.7642000000048
15.2,620.3579999999992
15.3,623.1737000000016
15.4,623.630495049505
15.5,621.7800000000032
15.6,617.42
15.7,610.235
15.8,599.7699999999859
15.9,587.31
16.0,636.1001980196769
16.1,700.3131722772298
16.2,705.8241000000071
16.3,701.1284999999997
16.4,699.5971999999997
16.5,697.0736000000029
16.6,691.8858999999984
16.7,680.6407000000138
16.8,671.8866970297025
16.9,660.352435643557
17.0,646.763600000003
17.1,642.275599999998
17.2,641.518799999998
17.3,642.1979999999992
17.4,639.9715999999988
17.5,641.673199999996
17.6,638.6103326732592
17.7,629.9352277227719
17.8,627.5381999999993
17.9,626.3726000000005
18.0,625.2299000000014
18.1,631.5157000000097
18.2,635.7442000000027
18.3,629.5112999999965
18.4,623.5949504950513
18.5,621.8007999999945
18.6,625.6888000000034
18.7,630.2691999999993
18.8,635.9180000000053
18.9,640.9267999999994
19.0,636.7498000000189
19.1,630.3364910891111
19.2,633.2214950495049
19.3,637.0005000000046
19.4,639.3265000000001
19.5,641.5169999999947
19.6,641.0559999999992
19.7,631.3210000000153
19.8,617.8289999999845
19.9,604.3585148514821
20.0,592.3712000000094
20.1,632.1512000000376
20.2,692.3527999999953
20.3,695.1715999999999
20.4,695.8052000000006
20.5,697.9043999999975
20.6,697.9187999999988
20.7,695.3644554455457
20.8,695.6851000000016
20.9,697.7218999999991
21.0,699.5764999999983
21.1,699.3013999999976
21.2,703.0342999999905
21.3,710.9382999999999
21.4,711.2427999999995
21.5,709.439255445547
21.6,704.3445999999963
21.7,700.5752000000014
21.8,703.9310000000104
21.9,704.0950000000073
22.0,694.1366000000005
22.1,682.8999999999784
22.2,675.9641584158351
22.3,684.0766999999931
22.4,678.8528000000009
22.5,676.2940000000007
22.6,675.4890000000003
22.7,667.628100000004
22.8,658.5743000000036
22.9,660.9678999999996
23.0,662.615841584156
23.1,657.724
23.2,648.794
23.3,651.3880000000064
23.4,658.014
23.5,665.8459999999952
23.6,670.022
23.7,672.39
23.8,680.5031683168569
23.9,690.6879999999998
24.0,689.4005000000013
24.1,686.5860999999991
24.2,682.5605000000027
24.3,678.412999999999
24.4,673.7229999999988
24.5,667.6673267326773
24.6,660.2198613861351
24.7,654.2500000000013
24.8,652.2531999999999
24.9,652.6760000000007
25.0,653.5438000000003
25.1,651.9023999999985
25.2,648.6484000000012
25.3,646.5312118811876
25.4,643.5999752475257
25.5,637.1303000000108
25.6,630.101999999995
25.7,622.2617000000014
25.8,612.1731999999914
25.9,599.3704000000021
26.0,586.3792000000204
26.1,574.2199999999916
26.2,587.7792000000052
26.3,626.3044000000048
26.4,628.4731999999997
26.5,627.1811999999967
26.6,629.8856000000029
26.7,632.7536000000002
26.8,636.4170297029764
26.9,643.7868069306963
27.0,652.3114999999926
27.1,658.4305000000019
27.2,662.9644999999967
27.3,658.2394999999785
27.4,645.2789999999993
27.5,642.8970000000033
27.6,639.7852475247511
27.7,635.0846000000066
27.8,627.5127999999889
27.9,618.3515999999934
28.0,605.687400000014
28.1,590.1443999999906
28.2,601.1473999999426
28.3,651.0722000000333
28.4,668.3957425742599
28.5,670.0089000000019
28.6,666.5171999999957
28.7,661.0767000000042
28.8,656.1985999999979
28.9,654.1532000000007
29.0,652.8137000000014
29.1,650.865530693068
29.2,642.5495405940727
29.3,624.9395999999908
29.4,618.8184000000005
29.5,617.7716000000005
29.6,616.7799999999986
29.7,616.3555999999994
29.8,618.2584000000033
29.9,620.6778217821778
30.0,621.5772999999992
30.1,622.1004
30.2,621.8908000000001
30.3,633.4748000000511
30.4,660.0227999999997
30.5,661.5569306930668
30.6,665.087
30.7,670.0269999999999
30.8,674.9810000000066
30.9,677.387
31.0,676.6519999999989
31.1,677.724
31.2,671.7977722772279
31.3,658.7159821782218
31.4,660.3665
31.5,660.955999999999
31.6,662.4888999999998
31.7,660.5243000000023
31.8,654.3010999999981
31.9,645.888199999998
32.0,637.8627722772302
32.1,629.4983999999947
32.2,617.1708000000025
32.3,626.7420000000318
32.4,684.9156000000128
32.5,698.1348000000045
32.6,679.2531999999984
32.7,674.4360000000015
32.8,665.2439603960333
32.9,652.7152999999992
33.0,638.4762000000254
33.1,622.3849999999887
33.2,606.7651999999991
33.3,618.5191000000541
33.4,678.7007000000006
33.5,683.9053990099077
33.6,678.8927603960361
33.7,672.856600000001
33.8,673.3173999999941
33.9,668.8354000000004
34.0,671.0899999999932
34.1,675.1826000000013
34.2,677.5298000000015
34.3,676.512178217805
34.4,662.8724999999986
34.5,664.8549999999826
34.6,675.7149999999988
34.7,673.8875000000007
34.8,674.8025000000064
34.9,674.8899999999907
35.0,663.0299999999977
35.1,663.1290099009866
35.2,658.9467999999997
35.3,657.5459999999944
35.4,646.2512000000231
35.5,626.5956000000015
35.6,625.109999999999
35.7,623.3176000000032
35.8,619.6757188118776
35.9,615.0940237623806
36.0,613.1179999999914
36.1,620.6165999999898
36.2,612.6673000000017
36.3,609.8368999999958
36.4,606.8650999999998
36.5,607.2235999999998
36.6,608.257920792083
36.7,611.6295999999986
36.8,615.1484000000062
36.9,619.6087999999984
37.0,623.3379999999958
37.1,627.6345999999983
37.2,631.5205999999982
37.3,635.2119801980247
37.4,638.6478999999993
37.5,640.9302000000002
37.6,640.8021999999999
37.7,640.9313000000005
37.8,638.5641999999968
37.9,635.8975000000012
38.0,630.2506000000051
38.1,623.0921782178231
38.2,616.0260000000029
38.3,609.472
38.4,601.636
38.5,610.3519999999605
38.6,680.9100000000001
38.7,685.2439999999999
38.8,685.136
38.9,683.4122772277226
39.0,681.4178000000003
39.1,679.5342999999991
39.2,675.0369000000013
39.3,668.098499999998
39.4,659.1173999999978
39.5,650.6186000000008
39.6,646.1448514851468
39.7,638.1733999999993
39.8,624.8719999999993
39.9,622.3593999999997
40.0,614.9532000000196
40.1,604.140999999995
40.2,593.2979999999995
40.3,583.3853999999955
40.4,586.8618811881247
40.5,641.4042999999924
40.6,648.2598000000116
40.7,663.496400000002
40.8,670.7003000000059
40.9,679.0846000000022
41.0,685.747199999995
41.1,689.3985000000041
41.2,695.2296039603978
41.3,700.113200000005
41.4,705.7452000000034
41.5,709.1060000000159
41.6,699.9984000000023
41.7,703.8719999999973
41.8,705.7004000000011
41.9,706.7253306930684
42.0,706.8210148514811
42.1,706.9965000000022
42.2,708.8995000000031
42.3,705.8169999999939
42.4,700.1809999999946
42.5,697.1264999999789
42.6,712.4640445544534
42.7,709.6274257425786
42.8,705.6937999999959
42.9,696.0608000000411
43.0,653.9266000000207
43.1,631.0535999999756
43.2,607.6704000000219
43.3,584.0091999999784
43.4,563.5577227722938
43.5,544.9341000000119
43.6,527.3909999999763
43.7,508.9740000000131
43.8,489.966399999977
43.9,472.42840000001115
44.0,458.31839999999954
44.1,458.89439999999985
44.2,458.7848514851485
44.3,458.7439999999999
44.4,458.6904
44.5,458.61160000000007
44.6,458.5452
44.7,458.5064
44.8,458.21711683167973
44.9,456.14509504950524
45.0,455.0479
45.1,454.9379
45.2,454.8301
45.3,454.7378999999998
45.4,454.6301
45.5,454.540198019802
45.6,454.451
45.7,454.361
45.8,454.258
45.9,454.06
46.0,454.06
46.1,454.06
46.2,454.06
46.3,454.06
46.4,454.06
46.5,454.06
46.6,454.06
46.7,454.06
46.8,454.0392999999999
46.9,453.8193069306931
47.0,453.71445544554456
47.1,453.76
47.2,453.764
47.3,453.81320000000005
47.4,453.8548
47.5,453.9108
47.6,453.9192
47.7,453.9092079207921
47.8,453.8993
47.9,453.8928
48.0,453.9272000000001
48.1,453.8886
48.2,453.8686
48.3,453.85
48.4,453.84509999999995
48.5,453.7723762376239
48.6,453.6669999999999
48.7,453.6241999999999
48.8,453.69540000000006
48.9,453.7812
49.0,453.797
49.1,453.75540000000007
49.2,453.8441999999999
49.3,453.9123762376238
49.4,453.94899999999996
49.5,453.9334999999999
49.6,454.0055000000001
49.7,454.1139999999999
49.8,454.1869999999999
49.9,454.12749999999994
50.0,454.0814851485148
50.1,454.1124000000001
50.2,454.1692
50.3,454.1471999999999
50.4,454.0784
50.5,454.0384
50.6,453.99799999999993
50.7,453.9408910891091
50.8,453.71249999999964
50.9,453.46580000000006
51.0,453.33209999999997
51.1,453.4
51.2,453.4
51.3,453.4
51.4,453.4011881188119
51.5,453.44179999999994
51.6,453.5318
51.7,453.61800000000005
51.8,453.51819999999987
51.9,453.43
52.0,453.43039999999996
52.1,453.44960000000003
52.2,453.42861386138617
52.3,453.3621000000004
52.4,453.5697
52.5,453.5398
52.6,453.5194
52.7,453.4589
52.8,453.35300000000063
52.9,453.649603960396
53.0,453.61
53.1,453.53999999999996
53.2,453.52
53.3,453.43
53.4,453.39
53.5,453.27
53.6,453.28
53.7,453.260198019802
53.8,453.26
53.9,453.2303
54.0,453.1112000000002
54.1,453.11
54.2,453.11
54.3,453.08029999999997
54.4,453.0602
54.5,453.06
54.6,453.06
54.7,453.0698
54.8,453.07
54.9,453.05039999999997
55.0,453.02060000000006
55.1,453.02
55.2,453.02
55.3,453.0491
55.4,453.05
55.5,453.05
55.6,453.05
55.7,453.05
55.8,453.0403
55.9,453.04960396039604
56.0,453.05
56.1,453.0692
56.2,453.07
56.3,453.0892
56.4,453.1092
56.5,453.13879999999995
56.6,453.14
56.7,453.14
56.8,453.14
56.9,453.14
57.0,453.11150000000004
57.1,453.08149999999995
57.2,453.10849999999994
57.3,453.12881188118814
57.4,453.1488
57.5,453.15
57.6,453.16880000000003
57.7,453.16999999999996
57.8,453.16999999999996
57.9,453.16999999999996
58.0,453.1512
58.1,453.13138613861383
58.2,453.1114
58.3,453.08209999999997
58.4,453.12649999999996
58.5,453.1486
58.6,453.18719999999996
58.7,453.1528
58.8,453.15
58.9,453.16841584158414
59.0,453.1884
59.1,453.19
59.2,453.1716
59.3,453.13319999999993
59.4,453.084
59.5,453.08
59.6,453.08
59.7,453.0618
59.8,453.0236
59.9,453.24749999999995
60.0,453.3064
60.1,453.33729999999997
60.2,453.3304495049505
60.3,453.3119702970297
60.4,453.29200000000003
60.5,453.281
60.6,453.19
60.7,453.099
60.8,453.081
60.9,453.152
61.0,453.1243564356436
61.1,453.12
61.2,453.0933
61.3,453.07219999999995
61.4,453.07
61.5,453.1322999999999
61.6,453.1934
61.7,453.19118811881185
61.8,453.19
61.9,453.2076
62.0,453.22759999999994
62.1,453.274
62.2,453.2272
62.3,453.1672
62.4,453.1072
62.5,453.05643564356444
62.6,453.0326
62.7,452.99520000000007
62.8,452.9204
62.9,452.90999999999997
63.0,452.8665000000001
63.1,452.89480000000003
63.2,452.88277227722773
63.3,452.84559999999993
63.4,452.89160000000004
63.5,452.8914
63.6,452.94160000000005
63.7,452.83820000000014
63.8,452.78559999999993
63.9,452.78
64.0,452.77148514851484
64.1,452.73599999999993
64.2,452.67900000000003
64.3,452.687
64.4,452.73249999999996
64.5,452.74
64.6,452.74
64.7,452.74
64.8,452.73159999999996
64.9,452.73
65.0,452.7468
65.1,452.75
65.2,452.75
65.3,452.74159999999995
65.4,452.74839999999995
65.5,452.7334
65.6,452.7134
65.7,452.71
65.8,452.67679999999996
65.9,452.6866
66.0,452.59040000000005
66.1,452.57
66.2,452.55356435643563
66.3,452.55
66.4,452.55
66.5,452.5172
66.6,452.52639999999997
66.7,452.4234000000001
66.8,452.4162376237624
66.9,452.4038
67.0,452.4
67.1,452.44050000000004
67.2,452.45
67.3,452.45
67.4,452.4338
67.5,452.4624
67.6,452.4619801980198
67.7,452.548
67.8,452.538
67.9,452.562
68.0,452.578
68.1,452.532
68.2,452.512
68.3,452.51
68.4,452.5495
68.5,452.53630000000004
68.6,452.53
68.7,452.5537
68.8,452.5758
68.9,452.58
69.0,452.53306930693077
69.1,452.5512
69.2,452.6224
69.3,452.6244
69.4,452.5732
69.5,452.5522
69.6,452.5422
69.7,452.3999861386139
69.8,452.3523
69.9,452.32689999999997
70.0,452.3431
70.1,452.4501000000001
70.2,452.4492000000001
70.3,452.4092
70.4,452.41540000000003
70.5,452.42
70.6,452.3667999999999
70.7,452.3879999999999
70.8,452.4152
70.9,452.42
71.0,452.38200000000006
71.1,452.3928
71.2,452.4601980198019
71.3,452.44999999999993
71.4,452.44
71.5,452.4175
71.6,452.4625000000001
71.7,452.48
71.8,452.44999999999993
71.9,452.44
72.0,452.44
72.1,452.4548
72.2,452.4082000000001
72.3,452.4048
72.4,452.447
72.5,452.47479999999996
72.6,452.4652
72.7,452.4453465346535
72.8,452.4838000000001
72.9,452.48539999999997
73.0,452.48
73.1,452.45079999999996
73.2,452.37430000000006
73.3,452.35
73.4,452.3062
73.5,452.29
73.6,452.29
73.7,452.3188
73.8,452.3012
73.9,452.29
74.0,452.3044
74.1,452.32439999999997
74.2,452.2444554455446
74.3,452.1816
74.4,452.1132
74.5,452.09000000000003
74.6,452.09000000000003
74.7,452.0545
74.8,452.07514851485155
74.9,452.09000000000003
75.0,452.05500000000006
75.1,452.04
75.2,452.019
75.3,452.0723762376238
75.4,452.12760000000003
75.5,452.12620000000004
75.6,452.1545
75.7,452.1493
75.8,452.14
75.9,452.0848
76.0,452.07366336633663
76.1,452.0664
76.2,452.03960000000006
76.3,452.064
76.4,452.11400000000003
76.5,452.13
76.6,452.1572
76.7,452.1363366336634
76.8,452.10659999999996
76.9,452.1469000000001
77.0,452.1566
77.1,452.12989999999996
77.2,452.1267
77.3,452.16350000000006
77.4,452.1335643564357
77.5,452.11
77.6,452.1232
77.7,452.1102
77.8,452.1132
77.9,452.1794
78.0,452.21000000000004
78.1,452.23640000000006
78.2,452.289207920792
78.3,452.32300000000004
78.4,452.304
78.5,452.28999999999996
78.6,452.28999999999996
78.7,452.23150000000004
78.8,452.2
78.9,452.2257425742574
79.0,452.21440000000007
79.1,452.1872
79.2,452.1928
79.3,452.1423999999999
79.4,452.0908
79.5,452.1056
79.6,452.10732673267324
79.7,452.0874
79.8,452.1052000000001
79.9,452.12
80.0,452.0948
80.1,452.0926
80.2,452.06850000000003
80.3,452.0121999999999
80.4,451.96504950495046
80.5,451.95
80.6,451.919
80.7,451.9124
80.8,451.951
80.9,451.939
81.0,451.95099999999996
81.1,451.99455445544555
81.2,451.9551
81.3,451.95050000000003
81.4,451.89680000000004
81.5,451.79510000000005
81.6,451.7722
81.7,451.84709999999995
81.8,451.89
81.9,451.8779207920792
82.0,451.81600000000014
82.1,451.726
82.2,451.828
82.3,451.944
82.4,451.972
82.5,452.1359999999996
82.6,452.2221782178218
82.7,452.2041
82.8,452.2354
82.9,452.19509999999997
83.0,452.13230000000004
83.1,452.1082
83.2,452.02919999999995
83.3,451.98
83.4,451.9568
83.5,451.9284
83.6,451.89099999999996
83.7,451.85277227722776
83.8,451.8058
83.9,451.78
84.0,451.78
84.1,451.78
84.2,451.7687128712871
84.3,451.76
84.4,451.732
84.5,451.71000000000004
84.6,451.71000000000004
84.7,451.682
84.8,451.6378217821782
84.9,451.62
85.0,451.62
85.1,451.62
85.2,451.55400000000003
85.3,451.5
85.4,451.5
85.5,451.5
85.6,451.5
85.7,451.5054
85.8,451.51
85.9,451.51
86.0,451.51
86.1,451.51
86.2,451.51
86.3,451.51
86.4,451.51
86.5,451.51
86.6,451.51
86.7,451.51
86.8,451.51
86.9,451.51
87.0,451.51
87.1,451.51
87.2,451.57629999999995
87.3,451.64
87.4,451.64
87.5,451.64
87.6,451.64
87.7,451.64
87.8,451.64
87.9,451.64
88.0,451.64
88.1,451.64
88.2,451.64
88.3,451.64
88.4,451.64
88.5,451.64
88.6,451.64
88.7,451.64
88.8,451.64
88.9,451.64
89.0,451.64
89.1,451.64
89.2,451.58240000000006
89.3,451.52
89.4,451.46239999999995
89.5,451.4
89.6,451.4
89.7,451.41409999999996
89.8,451.3735999999999
89.9,451.31
90.0,451.31
90.1,451.31
90.2,451.31
90.3,451.31
90.4,451.25480000000005
90.5,451.19
90.6,451.19
90.7,451.19
90.8,451.1134999999998
90.9,451.02
91.0,451.02
91.1,451.02
91.2,451.02
91.3,451.02
91.4,451.02
91.5,451.02
91.6,451.0068
91.7,450.99
91.8,450.99
91.9,450.99
92.0,450.99
92.1,450.99
92.2,450.99
92.3,450.99
92.4,450.99
92.5,450.99
92.6,450.99
92.7,450.99
92.8,451.010792079208
92.9,451.04
93.0,451.04
93.1,451.04
93.2,451.04
93.3,451.04
93.4,451.04
93.5,451.04
93.6,451.052
93.7,451.07
93.8,451.07
93.9,451.07
94.0,451.07
94.1,451.07
94.2,451.07
94.3,451.07
94.4,451.07
94.5,451.07
94.6,451.08140000000003
94.7,451.1
94.8,451.1
94.9,451.1
95.0,451.1
95.1,451.1
95.2,451.1
95.3,451.1
95.4,451.1
95.5,451.1
95.6,451.0892
95.7,451.07
95.8,451.07
95.9,451.07
96.0,451.07
96.1,451.07
96.2,451.07
96.3,451.07
96.4,451.07
96.5,451.07
96.6,451.0595
96.7,451.04
96.8,451.04
96.9,451.04
97.0,451.04
97.1,451.04
97.2,451.04
97.3,451.04
97.4,451.04
97.5,451.04
97.6,451.04
97.7,451.04
97.8,451.04
97.9,451.04
98.0,451.04
98.1,451.04
98.2,451.00160000000005
98.3,450.92
98.4,450.92
98.5,450.92
98.6,450.9293
98.7,450.95
98.8,450.95
98.9,450.95
99.0,450.95
99.1,450.95
99.2,450.9868316831683
99.3,451.07
99.4,451.07
99.5,451.0340000000001
99.6,450.95
99.7,450.95
99.8,450.95
99.9,450.95
100.0,450.95
100.1,450.95
100.2,450.98479999999995
100.3,451.07
100.4,451.07
100.5,451.07
100.6,451.07
100.7,451.07
100.8,451.07
100.9,451.07
101.0,451.07
101.1,451.07
101.2,451.07
101.3,451.07
101.4,451.07
101.5,451.07
101.6,451.07
101.7,451.07
101.8,451.07
101.9,451.07
102.0,451.07
102.1,451.07
102.2,451.0387999999999
102.3,450.95
102.4,450.95
102.5,450.9100000000002
102.6,450.79
102.7,450.79
102.8,450.79
102.9,450.79
103.0,450.79
103.1,450.79
103.2,450.7876
103.3,450.78
103.4,450.78
103.5,450.78
103.6,450.78
103.7,450.78
103.8,450.78
103.9,450.78
104.0,450.78
104.1,450.78
104.2,450.80639999999994
104.3,450.9
104.4,450.9
104.5,450.9
104.6,450.9
104.7,450.9
104.8,450.9
104.9,450.9
105.0,450.9
105.1,450.9
105.2,450.9021
105.3,450.90999999999997
105.4,450.90999999999997
105.5,450.90999999999997
105.6,450.90999999999997
105.7,450.8860000000001
105.8,450.79
105.9,450.79
106.0,450.79
106.1,450.79
106.2,450.7672
106.3,450.67
106.4,450.67
106.5,450.67
106.6,450.67
106.7,450.64660000000003
106.8,450.54
106.9,450.54
107.0,450.54
107.1,450.54
107.2,450.51959999999997
107.3,450.42
107.4,450.42
107.5,450.42679999999996
107.6,450.46000000000004
107.7,450.46000000000004
107.8,450.46000000000004
107.9,450.46000000000004
108.0,450.46000000000004
108.1,450.4792000000001
108.2,450.58000000000004
108.3,450.58000000000004
108.4,450.58000000000004
108.5,450.58000000000004
108.6,450.58000000000004
108.7,450.58000000000004
108.8,450.58000000000004
108.9,450.58000000000004
109.0,450.58000000000004
109.1,450.58000000000004
109.2,450.58000000000004
109.3,450.58000000000004
109.4,450.58000000000004
109.5,450.58000000000004
109.6,450.58000000000004
109.7,450.58000000000004
109.8,450.58000000000004
109.9,450.58000000000004
110.0,450.58000000000004
110.1,450.58000000000004
110.2,450.58000000000004
110.3,450.58000000000004
110.4,450.58000000000004
110.5,450.58000000000004
110.6,450.58000000000004
110.7,450.58000000000004
110.8,450.7914851485176
110.9,453.60849999999743
111.0,464.94749999999465
111.1,476.0071999999978
111.2,489.2539999999901
111.3,529.5564000000273
111.4,544.0230999999981
111.5,552.2317821782142
111.6,558.843
111.7,553.1519999999972
111.8,565.25
111.9,582.059
112.0,635.9430000000023
112.1,625.891
112.2,616.137524752477
112.3,607.7283999999984
112.4,599.560499999996
112.5,591.0834000000019
112.6,665.4576999999965
112.7,655.462400000001
112.8,695.8579999999978
112.9,686.1334930693065
113.0,677.1649267326898
113.1,668.0907999999959
113.2,658.5995999999966
113.3,645.9051999999925
113.4,629.4879999999952
113.5,611.9836000000288
113.6,603.4432000000343
113.7,674.3551485148575
113.8,693.2846999999981
113.9,690.6178999999995
114.0,689.351300000007
114.1,684.837699999996
114.2,679.2640999999993
114.3,677.8163999999983
114.4,675.5312356435649
114.5,676.0501089108902
114.6,677.9157999999845
114.7,660.2847999999719
114.8,679.2765999999947
114.9,673.5095999999971
115.0,670.0301999999971
115.1,672.1576000000011
115.2,672.6127722772484
115.3,658.1305000000009
115.4,659.0115000000022
115.5,661.1899999999987
115.6,661.5734999999845
115.7,647.2309999999993
115.8,648.0975000000063
115.9,653.7675000000081
116.0,661.6294059405872
116.1,667.4915999999976
116.2,665.5720000000009
116.3,665.410000000024
116.4,683.3972000000003
116.5,682.9740000000027
116.6,679.9931999999937
116.7,675.0436000000052
116.8,669.4099999999936
116.9,664.4466000000025
117.0,660.6696000000026
117.1,656.9514999999925
117.2,652.0672000000019
117.3,649.3332999999972
117.4,647.3755000000028
117.5,643.2270297029734
117.6,639.1270000000019
117.7,634.9976000000014
117.8,631.9211999999983
117.9,630.7642000000053
118.0,619.167000000001
118.1,616.8334000000052
118.2,605.5434693069349
118.3,596.2288999999836
118.4,588.1257000000016
118.5,580.6939000000019
118.6,573.0896000000016
118.7,566.7286999999861
118.8,627.0353000000092
118.9,631.5196
119.0,631.5157425742566
119.1,635.0899999999999
119.2,639.5400000000001
119.3,648.36
119.4,654.99
119.5,662.2900000000001
119.6,668.23
119.7,675.11
119.8,679.94
119.9,662.7221782178179
120.0,664.4408999999961
120.1,660.5098999999991
120.2,655.2328999999988
120.3,647.0916999999979
120.4,633.852899999997
120.5,620.1669000000277
120.6,604.2790999999963
120.7,585.545247524744
120.8,642.5294000000293
120.9,664.8092000000098
121.0,672.6487999999866
121.1,665.3715999999965
121.2,662.4955999999987
121.3,661.4109999999995
121.4,658.1103960396017
121.5,658.1360999999998
121.6,659.7211000000011
121.7,659.3626000000007
121.8,648.0979999999921
121.9,647.5268999999998
122.0,654.6009999999889
122.1,658.9304950495087
122.2,663.4103999999943
122.3,666.5084000000028
122.4,666.5051999999998
122.5,665.7032000000011
122.6,662.8667999999974
122.7,661.7516000000013
122.8,663.0828000000013
122.9,666.76138613861
123.0,667.9569999999989
123.1,669.1500000000013
123.2,670.5304999999986
123.3,669.6119999999988
123.4,667.0805000000028
123.5,667.6909999999991
123.6,671.3795049505003
123.7,663.9678000000063
123.8,666.5538000000045
123.9,669.3819999999978
124.0,673.1125999999966
124.1,671.1121999999967
124.2,664.1550000000057
124.3,654.4677009900878
124.4,650.982910891091
124.5,643.4323000000054
124.6,631.3480000000064
124.7,615.460500000011
124.8,679.4207000001114
124.9,693.9640999999946
125.0,676.7689000000131
125.1,668.5877227722793
125.2,659.0116000000045
125.3,650.8791999999855
125.4,640.7180000000028
125.5,621.2324000000092
125.6,606.9876000000037
125.7,594.3532000000057
125.8,584.2327999999819
125.9,655.14534653465
126.0,686.8755999999938
126.1,686.6264000000001
126.2,679.8626000000016
126.3,679.4384
126.4,676.2659000000008
126.5,676.3048999999999
126.6,680.4304950495059
126.7,684.399
126.8,685.4470000000002
126.9,669.797
127.0,662.866
127.1,677.5810000000038
127.2,678.452
127.3,680.8800000000007
127.4,684.6708910891097
127.5,669.8454000000308
127.6,667.96
127.7,665.6548999999994
127.8,662.1036999999983
127.9,661.4596999999999
128.0,635.8069000000517
128.1,631.9724999999999
128.2,630.1628712871278
128.3,626.2075999999969
128.4,619.865599999997
128.5,614.485200000008
128.6,625.1768000000059
128.7,620.894399999997
128.8,617.1343999999976
128.9,612.8683683168289
129.0,609.2462613861433
129.1,609.6513000000007
129.2,608.1357000000024
129.3,606.480599999999
129.4,605.8349999999997
129.5,606.2223999999994
129.6,608.1953000000015
129.7,611.4259405940558
129.8,615.3572000000037
129.9,618.2850000000025
130.0,622.1529999999957
130.1,621.3955999999986
130.2,626.6323999999934
130.3,628.8186000000014
130.4,627.3873999999983
130.5,623.5778217821817
130.6,617.766499999993
130.7,610.5345000000059
130.8,602.4244999999906
130.9,594.0670000000067
131.0,585.0665000000104
131.1,650.0510000000887
131.2,671.2443168316767
131.3,676.070800000005
131.4,681.9251999999965
131.5,687.3567999999952
131.6,689.8380000000027
131.7,691.6031999999991
131.8,692.9384000000017
131.9,692.8880000000001
132.0,690.0870455445568
132.1,687.3055326732681
132.2,682.019400000004
132.3,690.7991000000187
132.4,662.1730000000109
132.5,641.6904000000117
132.6,625.7324000000046
132.7,612.128900000009
132.8,598.9520792078973
132.9,583.6814000000007
133.0,621.3743999999775
133.1,632.6234
133.2,643.1849999999945
133.3,646.5462000000025
133.4,648.5712
133.5,650.5674435643559
133.6,653.9289000000008
133.7,656.9060999999994
133.8,661.7573000000011
133.9,669.3552999999981
134.0,676.1649999999985
134.1,662.1881999999962
134.2,658.7091
134.3,658.3370297029701
134.4,655.616
134.5,655.0
134.6,657.6020000000015
134.7,661.674
134.8,665.5780000000017
134.9,667.212
135.0,667.278
135.1,685.156831683183
135.2,695.9035000000017
135.3,702.4870000000044
135.4,705.7534000000006
135.5,710.5833999999913
135.6,711.8169
135.7,711.9032
135.8,709.6907920792054
135.9,709.1168
136.0,688.452200000035
136.1,677.5655999999971
136.2,669.7127999999963
136.3,656.9409999999866
136.4,653.694
136.5,648.7672000000083
136.6,641.0496039603909
136.7,634.2520000000068
136.8,623.3474999999917
136.9,611.5825999999921
137.0,598.083800000015
137.1,662.8179000000603
137.2,697.1108999999806
137.3,693.9839960396006
137.4,688.877346534651
137.5,681.8268000000066
137.6,674.3039999999933
137.7,661.7860000000115
137.8,647.1571999999866
137.9,633.3423999999877
138.0,620.5088000000103
138.1,606.8249504950344
138.2,662.1649999999554
138.3,685.9725000000063
138.4,683.6875000000028
138.5,685.3324999999957
138.6,686.2825
138.7,684.3975000000014
138.8,681.5949999999967
138.9,676.7561386138635
139.0,672.9472000000029
139.1,672.5539999999999
139.2,655.5124000000211
139.3,665.1432000000289
139.4,684.8209999999939
139.5,689.1118000000008
139.6,686.2616099009906
139.7,685.0180000000003
139.8,670.4413999999684
139.9,667.7325999999998
140.0,665.8119000000027
140.1,660.7834000000004
140.2,636.9966000000209
140.3,623.5715999999887
140.4,617.1567673267319
140.5,613.5147168316844
140.6,610.4083999999995
140.7,610.6131999999993
140.8,609.8691999999996
140.9,622.3843999999918
141.0,625.2556000000013
141.1,627.5996000000008
141.2,631.4488950495039
141.3,635.4606425742592
141.4,638.9845999999992
141.5,641.9321999999993
141.6,644.9013000000014
141.7,648.8329999999991
141.8,653.7507000000023
141.9,656.9300287128711
142.0,660.1109405940538
142.1,664.866
142.2,670.643
142.3,677.1300000000045
142.4,682.836
142.5,686.2679999999958
142.6,684.995
142.7,678.3712475247512
142.8,668.6263079207823
142.9,656.5924999999971
143.0,643.2974000000182
143.1,629.4813999999968
143.2,614.4304999999965
143.3,653.4664000000594
143.4,674.7294000000005
143.5,664.6219356435827
143.6,653.9251366336596
143.7,647.1972000000064
143.8,643.0119999999985
143.9,637.6355999999971
144.0,632.2032000000055
144.1,628.8863999999988
144.2,626.5500000000025
144.3,621.9991089108877
144.4,623.9054000000039
144.5,622.3095000000044
144.6,620.1543999999994
144.7,617.7257000000028
144.8,614.2882999999977
144.9,610.4164999999973
145.0,606.5072000000032
145.1,601.5914851485103
145.2,595.4896000000037
145.3,652.1258000000811
145.4,697.5835999999865
145.5,707.9705999999946
145.6,710.3560000000014
145.7,713.143999999998
145.8,714.7488000000006
145.9,713.8494396039612
146.0,711.020500000004
146.1,708.4549999999977
146.2,706.1275000000009
146.3,688.4414999999706
146.4,675.8375000000019
146.5,670.3225000000064
146.6,666.5274999999967
146.7,665.3755445544555
146.8,664.9187999999992
146.9,664.6204
147.0,663.6612000000014
147.1,660.9036000000003
147.2,656.3568000000046
147.3,651.0731999999927
147.4,657.8823999999987
147.5,659.0423762376282
147.6,655.2004999999996
147.7,652.5190000000018
147.8,654.336100000007
147.9,655.6434999999999
148.0,656.6432999999987
148.1,657.9485000000002
148.2,657.9257425742578
148.3,644.4939999999913
148.4,639.6053999999976
148.5,643.2067999999988
148.6,646.1134000000013
148.7,648.1975999999993
148.8,648.6732
148.9,640.5476000000059
149.0,628.5835643564392
149.1,617.679599999993
149.2,608.1376000000021
149.3,599.4256999999943
149.4,653.2474999999787
149.5,681.3859000000032
149.6,675.072799999999
149.7,671.4666000000011
149.8,662.7031683168227
149.9,649.304
150.0,638.2240000000116
150.1,629.01
150.2,615.052
150.3,598.3299999999848
150.4,635.2779999999999
150.5,689.5438811880678
150.6,709.7098376237635
150.7,710.9339999999996
150.8,707.9409999999953
150.9,707.8058000000005
151.0,706.7147000000041
151.1,700.8262999999984
151.2,688.1216999999963
151.3,690.9785148515064
151.4,683.2261999999886
151.5,674.7447999999969
151.6,686.8366000000083
151.7,692.3292000000033
151.8,690.9414000000002
151.9,690.5347999999994
152.0,679.2534000000162
152.1,664.3353465346463
152.2,661.5538999999973
152.3,664.6725000000015
152.4,665.9193000000004
152.5,652.4443000000147
152.6,642.7527000000008
152.7,645.7949999999972
152.8,650.7550069306974
152.9,655.2347128712858
153.0,659.1207999999946
153.1,672.2012000000184
153.2,687.9351999999956
153.3,692.1139999999981
153.4,689.3420000000012
153.5,685.8012000000051
153.6,681.5372039603911
153.7,676.6855000000005
153.8,671.2114999999933
153.9,662.1350000000014
154.0,656.6445000000004
154.1,655.1234999999972
154.2,654.1949999999999
154.3,654.5720000000006
154.4,653.2016831683168
154.5,650.1240633663396
154.6,646.8433999999995
154.7,643.9638000000023
154.8,640.040599999993
154.9,634.2447999999991
155.0,626.9522000000073
155.1,617.8723999999986
155.2,606.4724752475347
155.3,593.8891465346335
155.4,581.4173999999952
155.5,570.5821000000064
155.6,596.1215000000218
155.7,625.7368999999961
155.8,627.5236999999972
155.9,627.9950960396052
156.0,630.377199999999
156.1,633.153200000002
156.2,638.8871999999964
156.3,647.0752000000052
156.4,653.7803999999976
156.5,660.5011999999963
156.6,666.3980000000025
156.7,667.5286138613866
156.8,665.7640999999982
156.9,661.4505000000014
157.0,652.8483000000024
157.1,645.6513999999966
157.2,638.8844000000022
157.3,627.0038999999874
157.4,611.6954000000037
157.5,635.7347524751681
157.6,667.275
157.7,670.18
157.8,670.5699999999945
157.9,666.465
158.0,661.7800000000068
158.1,656.865
158.2,654.09
158.3,652.031683168314
158.4,650.2176999999997
158.5,647.894200000003
158.6,629.9162999999925
158.7,612.5839000000008
158.8,611.7575999999998
158.9,612.0119000000003
159.0,613.9753465346514
159.1,617.0156000000015
159.2,620.3415999999979
159.3,622.9404000000009
159.4,623.9652
159.5,623.0192000000013
159.6,629.6752000000073
159.7,646.2124475247416
159.8,656.7169891089128
159.9,660.0873999999986
160.0,647.5979000000484
160.1,623.202699999988
160.2,605.8007000000066
160.3,588.3615999999879
160.4,570.2703000000072
160.5,552.0711049505235
160.6,534.4299029702833
160.7,517.7482000000022
160.8,501.08099999998393
160.9,483.8174000000023
161.0,466.29900000002505
161.1,455.382599999998
161.2,454.08040000000005
161.3,453.8939999999999
161.4,453.8217821782178
161.5,453.77750000000003
161.6,453.73199999999997
161.7,453.701
161.8,453.6765
161.9,453.47549999999995
162.0,452.872000000001
162.1,452.3609900990099
162.2,452.2604000000001
162.3,452.16159999999985
162.4,452.06039999999996
162.5,451.9704000000001
162.6,451.8848
162.7,451.8004000000001
162.8,451.7103999999999
162.9,451.5598019801979
163.0,451.3569000000001
163.1,451.26
163.2,451.26
163.3,451.26
163.4,451.26
163.5,451.26
163.6,451.26
163.7,451.26
163.8,451.26
163.9,451.2096
164.0,450.9762000000002
164.1,450.75
164.2,450.75
164.3,450.78780000000006
164.4,450.861
164.5,450.9066336633663
164.6,450.9382
164.7,450.9582
164.8,450.9864
164.9,451.0182
165.0,451.04229999999995
165.1,451.1952999999999
165.2,451.38188118811877
165.3,451.38200000000006
165.4,451.44
165.5,451.48400000000004
165.6,451.44
165.7,451.402
165.8,451.398
165.9,451.40999999999997
166.0,451.3398000000001
166.1,451.2027
166.2,451.1522
166.3,451.14
166.4,451.1049
166.5,451.00710000000004
166.6,450.93219999999997
166.7,450.93544554455445
166.8,450.9524
166.9,450.91339999999997
167.0,450.7940000000001
167.1,450.69280000000003
167.2,450.7224
167.3,450.7024752475247
167.4,450.6715
167.5,450.66589999999985
167.6,450.7359
167.7,450.7948
167.8,450.8126
167.9,450.7893396039604
168.0,450.7590099009901
168.1,450.77240000000006
168.2,450.812
168.3,450.78
168.4,450.78
168.5,450.7872
168.6,450.7928
168.7,450.75861386138615
168.8,450.6954999999999
168.9,450.58699999999993
169.0,450.41400000000016
169.1,450.31
169.2,450.31
169.3,450.31
169.4,450.32050000000004
169.5,450.3469306930693
169.6,450.45860000000016
169.7,450.63640000000004
169.8,450.60319999999996
169.9,450.5866
170.0,450.5766
170.1,450.63800000000015
170.2,450.7632673267327
170.3,450.73679999999996
170.4,450.69350000000003
170.5,450.64680000000004
170.6,450.6101
170.7,450.5603000000001
170.8,450.4967
170.9,450.49
171.0,450.49
171.1,450.49
171.2,450.49
171.3,450.49
171.4,450.49
171.5,450.4836
171.6,450.39319999999975
171.7,450.23
171.8,450.23
171.9,450.23
172.0,450.23
172.1,450.2362
172.2,450.25
172.3,450.25
172.4,450.25
172.5,450.25
172.6,450.286
172.7,450.37
172.8,450.364
172.9,450.356
173.0,450.37
173.1,450.37
173.2,450.3610891089109
173.3,450.34
173.4,450.34
173.5,450.3342
173.6,450.34900000000005
173.7,450.42
173.8,450.42
173.9,450.40851485148517
174.0,450.38
174.1,450.3856
174.2,450.4
174.3,450.4
174.4,450.4
174.5,450.4
174.6,450.4056
174.7,450.42831683168316
174.8,450.45
174.9,450.45
175.0,450.45
175.1,450.45
175.2,450.45
175.3,450.45
175.4,450.45
175.5,450.45
175.6,450.45
175.7,450.45
175.8,450.45
175.9,450.45
176.0,450.45
176.1,450.45
176.2,450.45
176.3,450.45
176.4,450.45
176.5,450.45
176.6,450.45
176.7,450.45
176.8,450.4425
176.9,450.47198019801993
177.0,450.6851999999998
177.1,450.8672
177.2,450.89239999999995
177.3,450.8952
177.4,450.8560000000001
177.5,450.77520000000004
177.6,450.7239999999999
177.7,450.61
177.8,450.5846999999999
177.9,450.4586000000001
178.0,450.30850000000004
178.1,450.2746
178.2,450.2877
178.3,450.28
178.4,450.2685
178.5,450.2368316831683
178.6,450.23800000000006
178.7,450.1688
178.8,450.20660000000004
178.9,450.2080000000001
179.0,450.12780000000004
179.1,450.12
179.2,450.11564356435645
179.3,450.0852999999999
179.4,450.0153
179.5,449.96000000000004
179.6,449.99989999999997
179.7,450.15840000000003
179.8,450.19840000000005
179.9,450.2321
180.0,450.2441584158416
180.1,450.27
180.2,450.318
180.3,450.35
180.4,450.346
180.5,450.326
180.6,450.329801980198
180.7,450.41
180.8,450.40049999999997
180.9,450.3505
181.0,450.3138
181.1,450.3433
181.2,450.4076
181.3,450.4476
181.4,450.47623762376236
181.5,450.46539999999993
181.6,450.4972
181.7,450.5372
181.8,450.5628
181.9,450.512
182.0,450.42280000000005
182.1,450.3810891089109
182.2,450.3417
182.3,450.34659999999997
182.4,450.3266
182.5,450.3151
182.6,450.35020000000003
182.7,450.4085
182.8,450.45
182.9,450.442
183.0,450.4111999999999
183.1,450.4716
183.2,450.49119999999994
183.3,450.54519999999997
183.4,450.5104
183.5,450.45680000000004
183.6,450.4336633663366
183.7,450.3955
183.8,450.35799999999995
183.9,450.293
184.0,450.31449999999995
184.1,450.34000000000003
184.2,450.34299999999996
184.3,450.3570297029703
184.4,450.34000000000003
184.5,450.3428
184.6,450.37400000000014
184.7,450.46000000000004
184.8,450.46000000000004
184.9,450.4544000000001
185.0,450.4241584158416
185.1,450.45390000000003
185.2,450.4787
185.3,450.4674
185.4,450.44870000000003
185.5,450.44
185.6,450.43479999999994
185.7,450.4013
185.8,450.4112871287129
185.9,450.41400000000004
186.0,450.4035999999998
186.1,450.6464
186.2,450.6236
186.3,450.65
186.4,450.6464
186.5,450.61760000000004
186.6,450.5857425742575
186.7,450.48220000000003
186.8,450.5055000000001
186.9,450.5489
187.0,450.5553999999999
187.1,450.68219999999997
187.2,450.7
187.3,450.69782178217815
187.4,450.678
187.5,450.666
187.6,450.72
187.7,450.716
187.8,450.68
187.9,450.68
188.0,450.68297029702967
188.1,450.7064
188.2,450.6718
188.3,450.6936
188.4,450.7318
188.5,450.7473
188.6,450.72
188.7,450.7263
188.8,450.79
188.9,450.7908
189.0,450.7968000000001
189.1,450.76320000000004
189.2,450.8
189.3,450.79679999999996
189.4,450.7592
189.5,450.75
189.6,450.76346534653476
189.7,450.9165
189.8,450.87
189.9,450.87210000000005
190.0,450.9
190.1,450.90000000000003
190.2,450.89509999999996
190.3,450.8348514851486
190.4,450.90000000000003
190.5,450.9018
190.6,450.9348000000001
190.7,451.00700000000006
190.8,450.9630000000001
190.9,451.01
191.0,451.0064118811882
191.1,450.95200000000006
191.2,450.9944999999999
191.3,451.08200000000005
191.4,451.12
191.5,451.1249999999999
191.6,451.217
191.7,451.15950000000004
191.8,451.15346534653474
191.9,451.21840000000003
192.0,451.1788
192.1,451.1508
192.2,451.16920000000005
192.3,451.14639999999986
192.4,451.06
192.5,451.0604
192.6,451.0684158415841
192.7,451.0306
192.8,451.05240000000015
192.9,451.12820000000005
193.0,451.0697
193.1,451.06180000000006
193.2,451.11940000000004
193.3,451.0982178217821
193.4,451.0404
193.5,451.06
193.6,451.05860000000007
193.7,450.9904
193.8,451.010792079208
193.9,451.0494
194.0,450.9904
194.1,451.0304
194.2,451.06940000000003
194.3,451.01
194.4,451.0106
194.5,451.069801980198
194.6,451.05
194.7,451.01
194.8,451.03
194.9,450.99
195.0,450.97
195.1,451.03
195.2,451.03
195.3,450.990396039604
195.4,451.0593
195.5,451.06
195.6,450.99069999999995
195.7,450.99
195.8,451.0296
195.9,450.9907920792079
196.0,451.02919999999995
196.1,451.079
196.2,450.99179999999996
196.3,450.99
196.4,450.99
196.5,450.9214000000001
196.6,450.9494
196.7,451.00821782178207
196.8,451.01
196.9,451.0294
197.0,451.1172999999999
197.1,451.14910000000003
197.2,451.1306
197.3,451.19722772277237
197.4,451.1327999999999
197.5,451.13
197.6,451.19720000000007
197.7,451.23839999999996
197.8,451.24
197.9,451.24
198.0,451.1824000000001
198.1,451.2092752475248
198.2,451.1720148514852
198.3,451.208
198.4,451.21
198.5,451.23849999999993
198.6,451.24
198.7,451.27799999999996
198.8,451.25149999999996
198.9,451.15594059405953
199.0,451.13120000000004
199.1,451.23340000000013
199.2,451.17420000000004
199.3,451.14207920792074
199.4,451.00980000000004
199.5,450.9628
199.6,450.96
199.7,450.9321
199.8,450.8927999999999
199.9,450.89
200.0,450.89
200.1,450.89
200.2,450.844
200.3,450.84
200.4,450.7296
200.5,450.7292
200.6,450.73
200.7,450.73
200.8,450.457
200.9,450.43
201.0,450.43
201.1,450.43
201.2,450.43
201.3,450.43
201.4,450.43
201.5,450.43
201.6,450.43
201.7,450.43
201.8,450.502
201.9,450.51
202.0,450.51
202.1,450.51
202.2,450.51
202.3,450.51
202.4,450.5011
202.5,450.5
202.6,450.5
202.7,450.5
202.8,450.53520000000003
202.9,450.53999999999996
203.0,450.53999999999996
203.1,450.53999999999996
203.2,450.53999999999996
203.3,450.53999999999996
203.4,450.5487
203.5,450.5239
203.6,450.52
203.7,450.52
203.8,450.4510891089108
203.9,450.44
204.0,450.44
204.1,450.44
204.2,450.44
204.3,450.44
204.4,450.44
204.5,450.41420000000005
204.6,450.40999999999997
204.7,450.40999999999997
204.8,450.40999999999997
204.9,450.40999999999997
205.0,450.40999999999997
205.1,450.40999999999997
205.2,450.40999999999997
205.3,450.40999999999997
205.4,450.40999999999997
205.5,450.44359999999995
205.6,450.45
205.7,450.45
205.8,450.45
205.9,450.45
206.0,450.45
206.1,450.45
206.2,450.45
206.3,450.45
206.4,450.45
206.5,450.45
206.6,450.45
206.7,450.45
206.8,450.45
206.9,450.45
207.0,450.45
207.1,450.45
207.2,450.45
207.3,450.45
207.4,450.45
207.5,450.4175247524753
207.6,450.40999999999997
207.7,450.40999999999997
207.8,450.40999999999997
207.9,450.40999999999997
208.0,450.40999999999997
208.1,450.40999999999997
208.2,450.40999999999997
208.3,450.40999999999997
208.4,450.40999999999997
208.5,450.43399999999997
208.6,450.44
208.7,450.44
208.8,450.44
208.9,450.44
209.0,450.44
209.1,450.44
209.2,450.44
209.3,450.44
209.4,450.44
209.5,450.47119999999995
209.6,450.48
209.7,450.48
209.8,450.4409999999999
209.9,450.43
210.0,450.43
210.1,450.43
210.2,453.1557999999962
210.3,471.1487000000152
210.4,489.2776000000115
210.5,502.8250247524618
210.6,516.7721980198143
210.7,527.5235999999921
210.8,539.0488000000109
210.9,546.6340000000056
211.0,551.1955999999966
211.1,556.3956000000051
211.2,622.4439999999303
211.3,637.8760396039532
211.4,660.5074999999816
211.5,661.8875000000102
211.6,654.2049999999917
211.7,642.9100000000071
211.8,631.3724999999873
211.9,677.2324999999631
212.0,670.74207920795
212.1,659.2218000000016
212.2,654.0550000000047
212.3,646.3629999999883
212.4,636.4884000000034
212.5,624.9792000000109
212.6,656.578599999985
212.7,657.1149267326876
212.8,626.2701257425189
212.9,620.1964999999997
213.0,672.0029999999529
213.1,693.3609999999998
213.2,696.6959999999978
213.3,698.7572000000026
213.4,700.3679999999999
213.5,699.8676237623769
213.6,697.9259999999996
213.7,692.2052000000033
213.8,687.9087999999994
213.9,669.2836000000111
214.0,662.2028000000001
214.1,674.8884000000032
214.2,679.543679207921
214.3,679.9028000000003
214.4,676.5500000000011
214.5,665.9268000000029
214.6,649.5845999999923
214.7,645.8102999999995
214.8,648.6775000000014
214.9,651.2387999999995
215.0,637.9460396039931
215.1,630.1389999999999
215.2,629.5229999999999
215.3,627.9019999999983
215.4,624.363
215.5,631.3429999999814
215.6,635.7669999999999
215.7,646.128
215.8,651.0861386138622
215.9,650.1065999999996
216.0,647.453100000004
216.1,643.9324999999992
216.2,640.0237999999991
216.3,636.0713999999963
216.4,632.2417999999992
216.5,629.2251039603992
216.6,626.1804633663353
216.7,622.1580000000048
216.8,615.9695999999968
216.9,609.8439999999974
217.0,606.6260000000023
217.1,605.2287999999994
217.2,608.7899999999937
217.3,610.7307881188119
217.4,607.3629346534618
217.5,606.1489999999994
217.6,603.5592999999972
217.7,598.3242000000048
217.8,591.8002999999953
217.9,585.6205999999961
218.0,579.0569000000058
218.1,625.4743564357041
218.2,655.6679999999951
218.3,658.0477999999994
218.4,660.8559999999973
218.5,666.7099999999912
218.6,673.0252000000056
218.7,677.7469999999977
218.8,679.9353227722784
218.9,681.5725495049496
219.0,683.412499999998
219.1,685.4575000000025
219.2,684.507000000001
219.3,674.7824999999846
219.4,666.9785000000015
219.5,657.2245643564465
219.6,641.6998613861396
219.7,623.6252000000169
219.8,606.3415999999775
219.9,591.7400000000013
220.0,621.5231999999507
220.1,640.8756000000001
220.2,647.5391999999904
220.3,649.403663366332
220.4,648.6365000000001
220.5,648.8085000000001
220.6,649.0105
220.7,652.0820999999968
220.8,656.7899000000075
220.9,661.3561000000007
221.0,662.7769000000002
221.1,647.8381188118738
221.2,636.6408000000016
221.3,637.8726000000017
221.4,640.1805999999995
221.5,639.8784000000005
221.6,638.9401999999997
221.7,638.7453999999999
221.8,637.9853999999995
221.9,635.4297029702981
222.0,633.0115000000005
222.1,641.9890000000105
222.2,654.9121999999975
222.3,660.8692000000018
222.4,663.8880999999993
222.5,666.8418999999994
222.6,667.6859999999997
222.7,666.2375247524755
222.8,665.5760000000002
222.9,666.876
223.0,659.0620000000196
223.1,655.322
223.2,659.452
223.3,663.5820000000035
223.4,661.8761386138607
223.5,659.3260000000006
223.6,653.3746999999978
223.7,646.3242999999989
223.8,640.7402999999932
223.9,631.3466999999973
224.0,617.7067000000166
224.1,653.264000000016
224.2,688.5539603960292
224.3,677.5955999999878
224.4,666.3725999999999
224.5,660.258400000009
224.6,650.9679999999962
224.7,641.4428000000089
224.8,627.8373999999927
224.9,611.6469999999925
225.0,597.262970297039
225.1,585.5453999999927
225.2,626.2648999999511
225.3,675.6363000000181
225.4,684.9096999999974
225.5,681.8664000000015
225.6,673.9086999999918
225.7,671.3547999999971
225.8,673.0452475247521
225.9,675.2459999999984
226.0,678.3303999999971
226.1,680.7004000000024
226.2,673.2496000000056
226.3,663.2015999999946
226.4,669.7491999999941
226.5,677.2569069306924
226.6,678.7574108910917
226.7,681.0294999999998
226.8,672.8144999999809
226.9,666.2784999999998
227.0,663.8475000000068
227.1,659.277999999996
227.2,655.1505000000005
227.3,638.3914851484813
227.4,625.9132
227.5,624.6022000000019
227.6,620.4423999999991
227.7,613.5034000000071
227.8,608.4511999999963
227.9,614.3820000000018
228.0,616.2280118811943
228.1,611.4817534653457
228.2,610.5488
228.3,609.5494999999971
228.4,608.2983999999997
228.5,608.3256999999995
228.6,610.4043000000013
228.7,613.8202999999976
228.8,617.6267326732694
228.9,621.6599999999981
229.0,625.711999999998
229.1,629.7756000000027
229.2,633.0775999999987
229.3,634.9796000000008
229.4,635.7675999999999
229.5,637.6815999999985
229.6,639.0740594059403
229.7,637.0950000000007
229.8,633.6102999999969
229.9,623.3573000000038
230.0,616.4200999999994
230.1,613.5597999999928
230.2,605.8356000000017
230.3,597.6808425742485
230.4,636.7300495049506
230.5,683.2499999999931
230.6,686.73
230.7,686.91
230.8,685.6449999999977
230.9,683.7
231.0,681.6700000000025
231.1,677.282871287128
231.2,670.3089000000066
231.3,662.051599999998
231.4,654.9691999999989
231.5,649.8581000000047
231.6,642.4067999999978
231.7,628.7431000000158
231.8,619.9197000000001
231.9,615.930396039601
232.0,605.9380000000073
232.1,594.4227999999947
232.2,615.0915999999645
232.3,644.3232000000003
232.4,647.2652000000026
232.5,657.68959999999
232.6,667.8676000000019
232.7,673.5791089108873
232.8,681.0779000000051
232.9,687.6561999999979
233.0,692.2466999999942
233.1,696.3220000000031
233.2,702.0170999999973
233.3,707.4290000000026
233.4,703.1896297029734
233.5,698.1847148514782
233.6,702.150400000003
233.7,704.9303999999996
233.8,700.1415999999881
233.9,699.2179999999981
234.0,706.4
234.1,706.9283168316831
234.2,707.0650000000012
234.3,704.4259999999948
234.4,710.1615000000021
234.5,718.8870000000034
234.6,715.7804999999996
234.7,712.7810000000029
234.8,711.4435000000003
234.9,711.730396039604
235.0,710.9752000000019
235.1,708.8447999999992
235.2,706.3864000000027
235.3,692.3891999999616
235.4,675.376399999999
235.5,670.3948000000069
235.6,663.1711999999976
235.7,650.3796039604126
235.8,626.4993999999825
235.9,611.6028999999979
236.0,609.3267000000063
236.1,599.4533999999935
236.2,588.2099000000082
236.3,576.5612999999931
236.4,595.2660851484752
236.5,631.2841326732633
236.6,634.0993999999979
236.7,633.9079999999987
236.8,648.4630000000265
236.9,665.4168000000009
237.0,659.4206000000053
237.1,648.5813999999915
237.2,638.0892554455487
237.3,626.0092663366191
237.4,611.3933000000038
237.5,624.8181999999339
237.6,653.1710000000029
237.7,641.3329000000024
237.8,657.4720000000605
237.9,688.2569000000007
238.0,681.8919801980319
238.1,676.29
238.2,675.71
238.3,671.9399999999994
238.4,673.072
238.5,676.9159999999962
238.6,680.596
238.7,676.02
238.8,664.1366336633573
238.9,666.5966000000036
239.0,676.3667999999999
239.1,677.4618000000006
239.2,680.0505999999983
239.3,675.0791999999963
239.4,665.3207000000002
239.5,663.870792079211
239.6,659.006877227721
239.7,655.0962000000015
239.8,644.4019999999902
239.9,630.7743999999998
240.0,629.8998000000005
240.1,627.0821999999976
240.2,620.7652000000032
240.3,614.6146396039587
240.4,617.5319524752456
240.5,623.5228000000104
240.6,619.4640000000002
240.7,618.6391000000004
240.8,616.2688999999987
240.9,613.2399000000007
241.0,609.7383000000023
241.1,608.4983168316825
241.2,608.0484
241.3,608.9564000000016
241.4,610.7972000000002
241.5,613.3175999999953
241.6,616.7636000000032
241.7,620.1368000000002
241.8,623.8579841584205
241.9,626.4874356435639
242.0,627.8639999999926
242.1,632.2495000000001
242.2,632.1125000000017
242.3,629.8084999999955
242.4,625.3689999999982
242.5,619.3455000000081
242.6,611.8772277227688
242.7,603.8760000000069
242.8,595.5211999999866
242.9,612.1668000000402
243.0,663.0813999999839
243.1,677.2656000000044
243.2,684.5681999999935
243.3,691.0128000000067
243.4,695.2429702970317
243.5,697.3779999999996
243.6,697.7998
243.7,697.6783000000004
243.8,696.3830999999975
243.9,693.5257000000018
244.0,690.6375000000022
244.1,685.4442574257341
244.2,675.0028673267387
244.3,660.8007999999821
244.4,645.1180000000065
244.5,630.6240000000067
244.6,616.1119999999848
244.7,602.2696000000062
244.8,610.0760000000585
244.9,646.2840594059408
245.0,648.9120999999907
245.1,654.7735000000007
245.2,652.3210000000001
245.3,652.3789000000029
245.4,654.6928999999994
245.5,658.5972999999935
245.6,663.5331999999999
245.7,665.3006930693064
245.8,667.6869999999975
245.9,661.394
246.0,650.233999999998
246.1,653.3280000000001
246.2,653.64
246.3,651.3640000000132
246.4,656.776
246.5,655.4760396039612
246.6,652.7045999999985
246.7,648.8254999999992
246.8,650.0098999999999
246.9,654.3514000000039
247.0,667.2355999999985
247.1,669.8925000000002
247.2,670.1656999999998
247.3,670.8048514851489
247.4,671.3843999999993
247.5,669.9904000000001
247.6,669.8920000000011
247.7,672.3507999999995
247.8,670.9567999999947
247.9,663.0384000000008
248.0,665.8348277227713
248.1,670.5532940594074
248.2,671.9493999999999
248.3,668.4187999999963
248.4,661.8246999999994
248.5,653.5444000000084
248.6,647.3760999999942
248.7,637.3750999999991
248.8,623.3256435643457
248.9,630.0368000000215
249.0,683.2105999999818
249.1,687.1839999999795
249.2,665.7045999999942
249.3,652.7004000000019
249.4,652.0701999999974
249.5,639.4874910891415
249.6,620.2420544554443
249.7,615.3675000000151
249.8,602.9324999999887
249.9,593.1099999999946
250.0,605.4874999999107
250.1,676.7650000000282
250.2,712.0450000000083
250.3,705.7163366336612
250.4,702.8500000000007
250.5,702.3783999999996
250.6,705.5772000000098
250.7,712.5144000000083
250.8,706.5068000000033
250.9,708.5920000000037
251.0,700.1738455445741
251.1,683.2838712871273
251.2,682.1059000000005
251.3,682.3651000000036
251.4,685.7120999999978
251.5,683.9175000000128
251.6,668.4725999999953
251.7,664.8286000000007
251.8,662.2758643564275
251.9,657.2872455445533
252.0,660.4589999999953
252.1,660.0476000000087
252.2,644.7592000000003
252.3,643.3337999999944
252.4,639.3834000000014
252.5,636.107000000004
252.6,636.0393069306872
252.7,646.9895000000005
252.8,645.0066999999973
252.9,643.1906000000005
253.0,640.4626000000035
253.1,635.3882000000012
253.2,629.6486000000015
253.3,623.8881999999944
253.4,620.4008910891095
253.5,617.3820000000011
253.6,614.9240000000001
253.7,612.8520000000009
253.8,611.206
253.9,610.476
254.0,610.4259999999998
254.1,611.4095445544556
254.2,615.4705198019786
254.3,621.8008
254.4,621.7141999999996
254.5,619.7840000000006
254.6,617.1559999999992
254.7,613.2444000000011
254.8,607.7630999999985
254.9,601.2213267326769
255.0,594.319962376262
255.1,601.3806000000342
255.2,664.0298000000003
255.3,668.3563999999993
255.4,668.0226000000004
255.5,673.0025999999917
255.6,677.8588000000028
255.7,683.583663366337
255.8,686.8651000000007
255.9,688.1518000000008
256.0,690.5676999999971
256.1,692.3607000000011
256.2,693.2461999999991
256.3,688.3058999999906
256.4,675.9426999999984
256.5,668.81980198022
256.6,654.2943999999909
256.7,637.365600000025
256.8,618.5295999999805
256.9,599.5247999999966
257.0,591.1768000000267
257.1,587.0488000000419
257.2,653.4455999999831
257.3,663.4612871287104
257.4,661.4925000000011
257.5,662.8169999999986
257.6,664.0645000000013
257.7,665.8789999999967
257.8,668.7900000000036
257.9,671.3464999999991
258.0,670.4200000000001
258.1,666.9997999999745
258.2,646.0207999999998
258.3,646.2968000000006
258.4,646.9405999999992
258.5,650.0965999999839
258.6,662.3209999999776
258.7,643.9194000000002
258.8,643.7074257425745
258.9,643.7775000000008
259.0,642.7601999999997
259.1,645.4569000000222
259.2,662.631099999988
259.3,678.2070000000037
259.4,680.7585999999999
259.5,678.3019000000139
259.6,658.5463366336426
259.7,642.7676000000076
259.8,625.9735999999738
259.9,608.8884000000081
260.0,591.0832000000123
260.1,574.099600000008
260.2,556.5760000000075
260.3,539.9501227722495
260.4,521.9911811881266
260.5,503.4805000000098
260.6,483.10310000000453
260.7,465.27110000000044
260.8,463.4790999999997
260.9,463.3012
261.0,463.2223
261.1,463.1534653465347
261.2,463.096
261.3,463.055
261.4,462.736
261.5,460.19500000000016
261.6,459.509
261.7,459.398
261.8,459.27910891089107
261.9,459.1692
262.0,459.0492
262.1,458.9292
262.2,458.80920000000003
262.3,458.68919999999997
262.4,458.5737
262.5,458.4769316831683
262.6,458.14
262.7,458.14
262.8,458.14
262.9,458.14
263.0,458.14
263.1,458.14
263.2,458.14
263.3,458.14
263.4,458.14
263.5,458.09100000000115
263.6,457.44
263.7,457.44
263.8,457.44700000000006
263.9,457.5435
264.0,457.5934999999999
264.1,457.6427722772277
264.2,457.68059999999997
264.3,457.6912
264.4,457.7021999999999
264.5,457.5656000000003
264.6,457.3610000000003
264.7,457.68640000000005
264.8,457.6276237623762
264.9,457.5905
265.0,457.5965000000001
265.1,457.5259999999999
265.2,457.44650000000007
265.3,457.37749999999994
265.4,457.32349999999985
265.5,457.1811881188123
265.6,456.81519999999983
265.7,456.6976
265.8,456.6428000000001
265.9,456.71119999999996
266.0,456.74039999999997
266.1,456.7492
266.2,456.73277227722764
266.3,456.80150000000003
266.4,456.84850000000006
266.5,456.7907000000002
266.6,456.49060000000003
266.7,456.51269999999994
266.8,456.6030000000002
266.9,456.6985
267.0,456.64762376237627
267.1,456.5694
267.2,456.53999999999996
267.3,456.53859999999986
267.4,456.4662000000001
267.5,456.27340000000015
267.6,455.9492
267.7,455.91039603960394
267.8,455.92979999999994
267.9,455.9096
268.0,455.8703
268.1,455.9004
268.2,455.9405
268.3,455.9906000000001
268.4,456.05039999999997
268.5,456.09
268.6,455.78
268.7,455.78
268.8,455.78
268.9,455.78
269.0,455.76
269.1,455.74
269.2,455.67970297029706
269.3,455.6403930693069
269.4,455.5608
269.5,455.4907000000002
269.6,455.25239999999997
269.7,455.2104
269.8,455.1704
269.9,455.18940792079206
270.0,455.1409821782179
270.1,455.26740000000007
270.2,455.2602
270.3,455.24039999999997
270.4,455.24
270.5,455.2106
270.6,455.15119999999996
270.7,455.13059405940595
270.8,455.1106
270.9,455.11
271.0,455.11
271.1,454.8383999999998
271.2,454.8397
271.3,454.83029999999997
271.4,454.80089999999996
271.5,454.7807920792079
271.6,454.6263999999999
271.7,454.6104
271.8,454.61
271.9,454.61
272.0,454.59080000000006
272.1,454.5612950495049
272.2,454.56
272.3,454.5505
272.4,454.53100000000006
272.5,454.53000000000003
272.6,454.32099999999974
272.7,454.29100000000005
272.8,454.29
272.9,454.29
273.0,454.29
273.1,454.29
273.2,454.2806
273.3,454.2706
273.4,454.25120000000004
273.5,454.25
273.6,454.05470000000014
273.7,454.04
273.8,454.04
273.9,454.0214
274.0,454.02
274.1,454.02
274.2,454.02
274.3,454.02
274.4,454.02
274.5,454.0108
274.6,453.8996
274.7,453.89
274.8,453.90840000000003
274.9,453.90999999999997
275.0,453.79040000000003
275.1,453.7618
275.2,453.7418
275.3,453.72180000000003
275.4,453.7109
275.5,453.7009
275.6,453.5908
275.7,453.58
275.8,453.5529702970297
275.9,453.532
276.0,453.422
276.1,453.40999999999997
276.2,453.40999999999997
276.3,453.40999999999997
276.4,453.599
276.5,453.54871287128725
276.6,453.45099999999996
276.7,453.6091
276.8,453.54099999999994
276.9,453.5389
277.0,453.54
277.1,453.5222
277.2,453.4759405940594
277.3,453.44359999999995
277.4,453.4312
277.5,453.3684000000001
277.6,453.2808
277.7,453.2524
277.8,453.25
277.9,453.25
278.0,453.2587
278.1,453.19909999999993
278.2,453.12040000000013
278.3,453.0926
278.4,453.1509000000001
278.5,453.20349999999996
278.6,453.0968999999999
278.7,453.0455445544555
278.8,453.0572
278.9,453.0772
279.0,453.11439999999993
279.1,453.07699999999994
279.2,453.05280000000005
279.3,453.03279999999995
279.4,453.0129702970297
279.5,452.9845
279.6,452.96299999999997
279.7,452.9175
279.8,452.88449999999995
279.9,452.9309999999999
280.0,452.923
280.1,452.92
280.2,452.9452
280.3,452.95
280.4,452.9752
280.5,452.98
280.6,452.9884
280.7,452.93120000000005
280.8,452.90319999999997
280.9,452.9166336633663
281.0,452.90340000000003
281.1,452.9
281.2,452.87510000000003
281.3,452.84509999999995
281.4,452.84000000000003
281.5,452.81510000000003
281.6,452.81
281.7,452.8182
281.8,452.82
281.9,452.82
282.0,452.8036
282.1,452.7918
282.2,452.79
282.3,452.7736
282.4,452.6725742574257
282.5,452.65
282.6,452.5852
282.7,452.57
282.8,452.57
282.9,452.58619999999996
283.0,452.58189999999996
283.1,452.6124
283.2,452.6039603960396
283.3,452.632
283.4,452.536
283.5,452.494
283.6,452.39399999999995
283.7,452.37
283.8,452.354
283.9,452.3103960396039
284.0,452.33949999999993
284.1,452.35
284.2,452.35
284.3,452.32629999999995
284.4,452.3279
284.5,452.3694999999999
284.6,452.3092128712871
284.7,452.28999999999996
284.8,452.25879999999995
284.9,452.30460000000005
285.0,452.1952000000002
285.1,452.11319999999995
285.2,452.11560000000003
285.3,452.12
285.4,452.1354
285.5,452.0861000000001
285.6,452.07
285.7,452.1469999999999
285.8,452.2008
285.9,452.2023
286.0,452.17690000000005
286.1,452.200495049505
286.2,452.1948
286.3,452.15199999999993
286.4,452.09439999999995
286.5,452.0572
286.6,452.0424
286.7,452.1615999999999
286.8,452.21520000000004
286.9,452.2049504950495
287.0,452.31249999999983
287.1,452.2974999999999
287.2,452.28
287.3,452.31750000000005
287.4,452.36749999999995
287.5,452.365
287.6,452.2560396039604
287.7,452.2717999999999
287.8,452.3048
287.9,452.31
288.0,452.273
288.1,452.2674
288.2,452.29959999999994
288.3,452.26559999999995
288.4,452.22801980198017
288.5,452.1908
288.6,452.2384
288.7,452.23810000000003
288.8,452.20079999999996
288.9,452.2192
289.0,452.23
289.1,452.2446
289.2,452.20663366336635
289.3,452.2116
289.4,452.24879999999996
289.5,452.2744
289.6,452.2584
289.7,452.2212
289.8,452.2532
289.9,452.2557425742574
290.0,452.24289999999996
290.1,452.1903
290.2,452.1984
290.3,452.2242
290.4,452.1874
290.5,452.1842
290.6,452.1970297029703
290.7,452.235
290.8,452.236
290.9,452.223
291.0,452.22
291.1,452.24079207920795
291.2,452.2569
291.3,452.22549999999995
291.4,452.2583
291.5,452.2936633663366
291.6,452.3
291.7,452.2592000000001
291.8,452.2128
291.9,452.2
292.0,452.16600000000005
292.1,452.15
292.2,452.12280000000004
292.3,452.150396039604
292.4,452.1834
292.5,452.14310000000006
292.6,452.16690000000006
292.7,452.19
292.8,452.22350000000006
292.9,452.28020000000004
293.0,452.33316831683163
293.1,452.3302
293.2,452.32
293.3,452.3398
293.4,452.3104000000001
293.5,452.25700000000006
293.6,452.273
293.7,452.25700000000006
293.8,452.2073267326732
293.9,452.229
294.0,452.25
294.1,452.2174999999999
294.2,452.2455
294.3,452.29600000000005
294.4,452.284
294.5,452.27
294.6,452.3084
294.7,452.28520000000003
294.8,452.23439999999994
294.9,452.2136
295.0,452.17800000000005
295.1,452.128
295.2,452.16702970297024
295.3,452.18739999999997
295.4,452.1485
295.5,452.17409999999995
295.6,452.1307
295.7,451.9829000000001
295.8,451.8758999999999
295.9,451.81219999999996
296.0,451.7213861386139
296.1,451.6242
296.2,451.55280000000005
296.3,451.40599999999995
296.4,451.27420000000006
296.5,451.1718000000001
296.6,451.0245999999999
296.7,450.9661386138614
296.8,451.00050000000005
296.9,451.0017
297.0,451.0022
297.1,451.0344
297.2,451.0134
297.3,450.99
297.4,450.99
297.5,450.9537623762377
297.6,450.93
297.7,450.954
297.8,450.95799999999997
297.9,450.89
298.0,450.87999999999994
298.1,450.864
298.2,450.84
298.3,450.87540000000007
298.4,450.8646
298.5,450.82230000000004
298.6,450.8041
298.7,450.85900000000004
298.8,450.90590000000003
298.9,450.9513
299.0,451.0150495049504
299.1,450.9993999999999
299.2,450.9874
299.3,450.9826
299.4,450.97
299.5,450.9642
299.6,450.96
299.7,451.00559999999996
299.8,450.98869999999994
299.9,450.9443
300.0,450.9056871287129
300.1,450.87435643564356
300.2,450.87
300.3,450.83639999999997
300.4,450.7822772277228
300.5,450.76
300.6,450.76
300.7,450.7325
300.8,450.6769999999999
300.9,450.65
301.0,450.65
301.1,450.6554455445545
301.2,450.65999999999997
301.3,450.65999999999997
301.4,450.5628
301.5,450.48
301.6,450.48
301.7,450.48
301.8,450.48
301.9,450.48
302.0,450.48
302.1,450.4641
302.2,450.45
302.3,450.45
302.4,450.43960000000004
302.5,450.43
302.6,450.43
302.7,450.4352
302.8,450.44
302.9,450.44
303.0,450.44
303.1,450.4247
303.2,450.40999999999997
303.3,450.40999999999997
303.4,450.40999999999997
303.5,450.40999999999997
303.6,450.40999999999997
303.7,450.40999999999997
303.8,450.40999999999997
303.9,450.40999999999997
304.0,450.40999999999997
304.1,450.40999999999997
304.2,450.40999999999997
304.3,450.40999999999997
304.4,450.3855
304.5,450.36
304.6,450.36
304.7,450.36
304.8,450.36
304.9,450.36
305.0,450.36
305.1,450.36
305.2,450.36
305.3,450.36
305.4,450.36
305.5,450.36
305.6,450.36
305.7,450.36
305.8,450.36
305.9,450.36
306.0,450.36
306.1,450.36
306.2,450.36
306.3,450.36
306.4,450.383
306.5,450.40999999999997
306.6,450.40999999999997
306.7,450.40999999999997
306.8,450.3559999999999
306.9,450.28999999999996
307.0,450.28999999999996
307.1,450.29449999999997
307.2,450.3
307.3,450.3
307.4,450.3
307.5,450.3
307.6,450.3
307.7,450.2428000000001
307.8,450.11719999999985
307.9,450.05
308.0,450.05
308.1,450.05
308.2,450.05
308.3,450.05
308.4,450.05
308.5,450.05
308.6,450.05
308.7,450.0543
308.8,450.11108910891096
308.9,450.18
309.0,450.18
309.1,450.18
309.2,450.18
309.3,450.18
309.4,450.18
309.5,450.18
309.6,450.18
309.7,450.2292
309.8,450.3
309.9,450.3
310.0,450.3
310.1,450.2959
310.2,450.28999999999996
310.3,450.28999999999996
310.4,450.28999999999996
310.5,450.28999999999996
310.6,450.28999999999996
310.7,450.24199999999996
310.8,450.12199999999984
310.9,450.05
311.0,450.05
311.1,450.05
311.2,450.05
311.3,450.05
311.4,450.0032
311.5,449.93
311.6,449.93
311.7,449.93
311.8,449.93
311.9,449.93
312.0,449.93
312.1,449.89579999999995
312.2,449.84000000000003
312.3,449.84000000000003
312.4,449.84000000000003
312.5,449.84000000000003
312.6,449.84000000000003
312.7,449.8844
312.8,450.0044000000001
312.9,450.08
313.0,450.08
313.1,450.09440000000006
313.2,450.12
313.3,450.12
313.4,450.1632
313.5,450.24
313.6,450.24
313.7,450.2365
313.8,450.23
313.9,450.23
314.0,450.23
314.1,450.216
314.2,450.19
314.3,450.14919999999984
314.4,450.07
314.5,450.07
314.6,450.07
314.7,450.0734
314.8,450.039603960396
314.9,449.96000000000004
315.0,449.96000000000004
315.1,449.95009999999996
315.2,449.93
315.3,449.93
315.4,449.93
315.5,449.93
315.6,449.93
315.7,449.93
315.8,449.96840000000014
315.9,450.05
316.0,450.05
316.1,450.08719999999994
316.2,450.16999999999996
316.3,450.20720000000017
316.4,450.28999999999996
316.5,450.28999999999996
316.6,450.28999999999996
316.7,450.28999999999996
316.8,450.28999999999996
316.9,450.28999999999996
317.0,450.26680000000005
317.1,450.21
317.2,450.21
317.3,450.17519999999996
317.4,450.09
317.5,450.09
317.6,450.09
317.7,450.09
317.8,450.05639999999994
317.9,449.97
318.0,449.93640000000005
318.1,449.85
318.2,449.85
318.3,449.81673267326727
318.4,449.73
318.5,449.73
318.6,449.73
318.7,449.7273
318.8,449.72
318.9,449.72
319.0,449.7096000000001
319.1,449.68
319.2,449.68
319.3,449.68
319.4,449.68
319.5,449.68
319.6,451.6518811881217
319.7,459.81999999998874
319.8,475.91500000003936
319.9,504.54000000000605
320.0,514.6924999999901
320.1,523.417500000005
320.2,532.5049999999887
320.3,542.1925742574361
320.4,551.9301742574322
320.5,562.8599999999916
320.6,587.0692000000586
320.7,639.7636000000065
320.8,632.3151999999931
320.9,639.02799999995
321.0,679.2132000000059
321.1,672.0434851485079
321.2,662.1438168316948
321.3,666.1472000000638
321.4,706.4787000000166
321.5,686.7894000000028
321.6,680.7799999999871
321.7,668.8490000000079
321.8,657.6849683168216
321.9,647.1475247524844
322.0,632.1444000000163
322.1,632.7819999999713
322.2,677.5142000000093
322.3,657.4013999999747
322.4,656.146116831658
322.5,704.8859435643576
322.6,703.1176000000006
322.7,700.3437000000008
322.8,696.3976999999943
322.9,692.9336000000006
323.0,690.8348999999995
323.1,690.9159000000005
323.2,689.3259405940589
323.3,685.88
323.4,673.2379999999999
323.5,686.3420000000021
323.6,682.1759999999999
323.7,681.2359999999994
323.8,678.7819999999999
323.9,666.84
324.0,672.1865346534679
324.1,665.6279999999982
324.2,658.4930000000008
324.3,648.7266999999924
324.4,620.9272999999988
324.5,616.1065000000006
324.6,613.4811999999995
324.7,610.1024376237634
324.8,602.962243564353
324.9,599.2824000000006
325.0,609.0650000000187
325.1,600.8724000000005
325.2,602.3008000000001
325.3,605.0804000000018
325.4,608.1746
325.5,610.1121782178024
325.6,619.6359178217841
325.7,622.7063000000013
325.8,627.0215000000028
325.9,630.6723000000006
326.0,633.0900999999943
326.1,636.4246000000016
326.2,638.7876000000007
326.3,640.8836297029711
326.4,641.2403999999977
326.5,634.8268000000256
326.6,621.4776000000082
326.7,630.9284000000276
326.8,613.4331999999973
326.9,610.2275999999977
327.0,605.9048000000055
327.1,601.6242574257392
327.2,595.7345000000066
327.3,589.4094999999893
327.4,593.2070000000629
327.5,663.4764999999762
327.6,681.7960000000029
327.7,684.9064999999998
327.8,684.6384999999972
327.9,682.2261386138593
328.0,680.1302000000001
328.1,678.2989999999868
328.2,666.3896000000068
328.3,658.6865999999898
328.4,649.2812000000063
328.5,642.8540000000031
328.6,638.8404950494966
328.7,630.8740000000063
328.8,621.8364999999897
328.9,614.0295000000046
329.0,606.6270000000076
329.1,596.1015999999913
329.2,589.334500000005
329.3,581.6750999999874
329.4,582.2778217821326
329.5,644.2767999999962
329.6,650.6839999999929
329.7,665.1131999999976
329.8,670.4824000000112
329.9,677.7871999999966
330.0,684.9547999999969
330.1,689.3191999999977
330.2,694.2091089108891
330.3,699.1922118812006
330.4,706.0584999999985
330.5,710.0512000000072
330.6,697.0248999999992
330.7,700.4575999999995
330.8,702.6539000000045
330.9,705.0371999999995
331.0,706.4150495049504
331.1,706.7429999999999
331.2,707.6010000000006
331.3,704.705
331.4,698.1129999999999
331.5,693.6669999999958
331.6,709.804
331.7,706.4846534653477
331.8,700.7819999999986
331.9,695.1157
332.0,694.8718
332.1,694.4120999999988
332.2,689.2775999999999
332.3,686.2605000000001
332.4,684.7390099009891
332.5,665.084799999998
332.6,665.540799999997
332.7,660.6756000000037
332.8,671.5067999999893
332.9,649.7051999999995
333.0,647.1448000000204
333.1,635.7812237623702
333.2,622.6995049504922
333.3,612.7371999999925
333.4,601.5697999999933
333.5,595.0328999998767
333.6,669.247200000021
333.7,696.5055999999886
333.8,676.8781000000074
333.9,686.4855881188083
334.0,679.4781623762551
334.1,667.0207999999951
334.2,660.5262000000126
334.3,651.1149999999889
334.4,638.6507999999877
334.5,628.6039999998903
334.6,703.6483168316761
334.7,695.0320000000045
334.8,691.0859999999958
334.9,687.8260000000048
335.0,692.3279999999996
335.1,692.7270000000012
335.2,693.7085000000023
335.3,691.5864999999956
335.4,687.5768316831613
335.5,681.1380000000009
335.6,680.0779999999984
335.7,679.0299999999954
335.8,684.0264000000062
335.9,688.7300000000002
336.0,688.6147999999972
336.1,690.7435999999725
336.2,670.0288118811864
336.3,671.9099999999985
336.4,670.9603999999996
336.5,671.0800000000123
336.6,653.5137999999946
336.7,649.9159000000037
336.8,644.5163999999952
336.9,641.3382000000034
337.0,636.3910891089118
337.1,634.9670000000035
337.2,627.8713999999909
337.3,647.5688000000026
337.4,649.066999999998
337.5,653.3959999999984
337.6,656.6991999999984
337.7,660.2028693069282
337.8,665.84920198021
337.9,671.7785999999987
338.0,677.6453999999983
338.1,684.1879999999984
338.2,690.9832999999985
338.3,697.2560000000012
338.4,697.8250000000005
338.5,695.3059405940605
338.6,690.9
338.7,688.61
338.8,685.74
338.9,679.62
339.0,670.04
339.1,660.5699999999999
339.2,638.03
339.3,615.4755445544499
339.4,613.5769009900987
339.5,598.9476000000299
339.6,585.1478999999969
339.7,639.4006000000124
339.8,642.1676000000006
339.9,631.0227999999975
340.0,628.1875000000055
340.1,625.8268346534643
340.2,623.2515999999988
340.3,625.3070000000012
340.4,627.790200000001
340.5,629.9665999999961
340.6,632.107200000001
340.7,632.5126000000002
340.8,621.0931999999942
340.9,625.9927742574293
341.0,631.1260970296951
341.1,625.2950999999958
341.2,629.0384999999939
341.3,624.5912999999969
341.4,618.6202999999958
341.5,607.7312000000168
341.6,598.3886999999937
341.7,586.3547524752631
341.8,713.3580000001208
341.9,715.2619999999968
342.0,711.8752000000043
342.1,708.8407999999972
342.2,707.0784000000021
342.3,700.529999999994
342.4,692.9927999999932
342.5,683.9169306930787
342.6,677.9689999999935
342.7,653.1700000000264
342.8,648.3459999999957
342.9,643.2675000000052
343.0,633.4435000000115
343.1,636.8920000000047
343.2,630.8826732673318
343.3,625.3199999999924
343.4,621.5402000000029
343.5,619.4776000000018
343.6,618.654999999999
343.7,616.6924000000016
343.8,615.827399999999
343.9,629.9177861386022
344.0,628.8004029702985
344.1,628.1385000000002
344.2,620.2415000000058
344.3,627.9642000000142
344.4,632.7842999999976
344.5,641.4792999999938
344.6,646.8715999999973
344.7,653.3517940594014
344.8,643.3897029702762
344.9,645.1203999999992
345.0,646.3159999999996
345.1,648.0099999999995
345.2,652.9891999999976
345.3,653.4560000000001
345.4,643.533200000003
345.5,636.2117821782196
345.6,623.3860000000003
345.7,609.6493000000031
345.8,595.7155000000004
345.9,683.2941999999779
346.0,692.6623999999999
346.1,690.5724
346.2,684.8181000000014
346.3,675.4312871287109
346.4,663.867
346.5,651.179
346.6,636.6519999999966
346.7,621.032
346.8,692.0630000000183
346.9,708.869
347.0,714.5175940593963
347.1,716.024478217822
347.2,714.9028999999997
347.3,711.7684999999983
347.4,709.1482999999994
347.5,704.6959000000085
347.6,700.317399999999
347.7,706.2302000000016
347.8,693.7933663366233
347.9,669.9043999999885
348.0,683.7155999999704
348.1,685.0683999999995
348.2,679.6511999999973
348.3,675.6651999999973
348.4,670.5471999999976
348.5,657.05807920794
348.6,661.1183673267374
348.7,666.4121999999934
348.8,674.0561000000055
348.9,659.7183999999879
349.0,658.8206999999979
349.1,658.8820999999999
349.2,656.867700000003
349.3,660.3256435643602
349.4,662.7704000000019
349.5,667.3011999999949
349.6,679.2130000000119
349.7,677.0410000000048
349.8,671.7459999999951
349.9,667.162999999996
350.0,663.211800000004
350.1,660.7456435643539
350.2,658.5655000000017
350.3,656.2254999999973
350.4,653.0565000000026
350.5,649.3045000000044
350.6,645.5679999999958
350.7,641.6525000000032
350.8,638.459504950491
350.9,634.937600000002
351.0,629.9080000000049
351.1,624.6163999999928
351.2,617.7136000000039
351.3,610.9235999999909
351.4,604.9276000000032
351.5,599.0508000000053
351.6,586.815742574262
351.7,586.1069999999987
351.8,581.5495999999906
351.9,574.1590000000023
352.0,624.6087999999575
352.1,639.3931999999985
352.2,641.0799999999992
352.3,646.5620000000101
352.4,654.4707920792071
352.5,661.7555999999968
352.6,667.1545999999997
352.7,672.7749999999974
352.8,678.0904000000095
352.9,682.3673999999999
353.0,688.6431999999969
353.1,676.1091683168324
353.2,673.6178356435641
353.3,670.6133999999992
353.4,662.808700000002
353.5,652.3534000000025
353.6,640.7076999999975
353.7,626.8527000000033
353.8,610.7406999999967
353.9,591.9451861386148
354.0,635.712
354.1,665.5000000000102
354.2,675.5699999999999
354.3,672.1459999999972
354.4,666.724
354.5,662.694
354.6,659.2459999999985
354.7,656.86702970297
354.8,656.6017000000002
354.9,657.9377000000004
355.0,642.4326000000315
355.1,641.9014000000011
355.2,643.5357000000001
355.3,646.7120000000027
355.4,650.5120000000009
355.5,654.6264356435586
355.6,657.266000000001
355.7,657.9294000000001
355.8,656.5057999999982
355.9,655.5283999999997
356.0,654.3170000000017
356.1,662.1788000000047
356.2,666.7109544554469
356.3,670.2283851485191
356.4,674.0214000000026
356.5,675.1155999999996
356.6,673.1086999999982
356.7,671.9664000000007
356.8,672.0795000000003
356.9,675.494100000003
357.0,665.0619801980329
357.1,664.4564000000036
357.2,647.9480000000189
357.3,646.4376000000047
357.4,642.3799999999936
357.5,635.8436000000053
357.6,630.6999999999957
357.7,626.748000000003
357.8,620.2315099009821
357.9,611.3750000000053
358.0,599.7850000000141
358.1,655.6650000000893
358.2,694.4899999999855
358.3,702.7325000000028
358.4,694.5150000000067
358.5,690.4190099009916
358.6,680.9698000000039
358.7,666.4976000000139
358.8,650.1867999999772
358.9,634.0840000000051
359.0,617.9398000000148
359.1,667.318199999977
359.2,686.1795999999999
359.3,682.870990099003
359.4,684.2879999999998
359.5,679.6098000000053
359.6,674.6730000000002
359.7,673.0214000000005
359.8,673.3767000000013
359.9,675.5244999999998
360.0,690.3654999999867
360.1,687.4082178217809
360.2,667.9260000000104
360.3,673.687600000003
360.4,678.2416000000001
360.5,679.0007999999995
360.6,681.3000000000005
360.7,670.6220000000072
360.8,667.1492000000003
360.9,664.3505940594073
361.0,660.5850000000008
361.1,656.8648999999983
361.2,640.2110000000049
361.3,634.0659
361.4,633.2128000000002
361.5,629.3009485148598
361.6,623.0989999999999
361.7,618.273
361.8,626.5060000000093
361.9,626.574
362.0,622.9520000000043
362.1,620.877
362.2,619.5350000000001
362.3,618.2682871287118
362.4,616.6662999999996
362.5,614.4050000000034
362.6,612.7674999999997
362.7,611.5381999999997
362.8,610.7735999999994
362.9,610.2342999999998
363.0,610.0355000000001
363.1,610.9627722772282
363.2,612.5489782178199
363.3,614.2324000000008
363.4,619.3940000000031
363.5,622.3655999999987
363.6,622.8012
363.7,621.2320000000026
363.8,617.8279999999983
363.9,613.2270613861356
364.0,607.2584000000054
364.1,599.8939999999947
364.2,582.6202000000185
364.3,632.4841000000581
364.4,664.2481000000037
364.5,665.3767000000008
364.6,668.3330000000034
364.7,673.1938613861354
364.8,678.7670000000055
364.9,684.0173999999971
365.0,687.138599999997
365.1,688.7216000000011
365.2,690.6547999999987
365.3,692.7632000000019
365.4,680.3886000000117
365.5,667.1253465346655
365.6,661.6709999999965
365.7,652.988500000004
365.8,629.5849999999662
365.9,617.7275000000008
366.0,606.2800000000186
366.1,590.848499999983
366.2,576.7528663366354
366.3,605.3318217822425
366.4,636.6511999999982
366.5,650.6511999999905
366.6,652.8088000000002
366.7,650.7856000000016
366.8,651.622800000003
366.9,653.3359999999999
367.0,655.2594693069291
367.1,657.6675267326737
367.2,661.2963999999971
367.3,660.8576999999949
367.4,663.834300000001
367.5,668.3274999999978
367.6,670.2734000000002
367.7,665.7582000000053
367.8,667.172673267329
367.9,669.1848000000005
368.0,668.5472000000002
368.1,668.5970000000001
368.2,669.2135999999997
368.3,669.9006000000003
368.4,672.762599999998
368.5,675.7837227722762
368.6,679.0317821782199
368.7,671.8802000000032
368.8,647.0922999999792
368.9,624.2331000000039
369.0,606.686900000004
369.1,589.2025999999886
369.2,571.9419000000039
369.3,554.2316396039485
369.4,536.2503168316848
369.5,517.190000000027
369.6,496.71799999999996
369.7,474.64599999999996
369.8,464.5019999999985
369.9,463.83
370.0,463.7760000000001
370.1,463.716
370.2,463.65841584158414
370.3,463.60049999999995
370.4,463.5564
370.5,463.52230000000003
370.6,463.4982
370.7,461.6786999999993
370.8,460.3609999999999
370.9,460.2615841584158
371.0,460.1620000000001
371.1,460.0678
371.2,459.9836000000001
371.3,459.8862
371.4,459.77039999999994
371.5,459.6562000000001
371.6,459.4765999999999
371.7,459.2945000000001
371.8,459.23
371.9,459.23
372.0,459.23
372.1,459.23
372.2,459.23
372.3,459.23
372.4,459.23
372.5,459.23
372.6,459.01719999999966
372.7,458.8052
372.8,458.77
372.9,458.8316
373.0,458.9135999999999
373.1,458.97360000000003
373.2,459.02772277227723
373.3,459.05
373.4,459.05
373.5,459.05
373.6,459.06100000000004
373.7,459.17999999999995
373.8,459.23699999999997
373.9,459.1882178217822
374.0,459.14840000000004
374.1,459.10839999999996
374.2,459.04140000000007
374.3,458.95139999999986
374.4,458.8938
374.5,458.9069999999999
374.6,458.9246
374.7,458.72352772277253
374.8,458.49699999999984
374.9,458.49240000000003
375.0,458.5671
375.1,458.62120000000004
375.2,458.64
375.3,458.6771000000001
375.4,458.7572277227723
375.5,458.84159999999997
375.6,458.7707999999999
375.7,458.59720000000004
375.8,458.55600000000004
375.9,458.6112
376.0,458.64
376.1,458.60396039603955
376.2,458.5445
376.3,458.49449999999996
376.4,458.45980000000003
376.5,458.4041
376.6,458.25289999999984
376.7,458.13980000000004
376.8,458.1653465346535
376.9,458.225
377.0,458.27
377.1,458.265
377.2,458.25
377.3,458.2800000000001
377.4,458.33000000000004
377.5,458.36
377.6,458.3502
377.7,458.34000000000003
377.8,458.3547
377.9,458.37
378.0,458.3651
378.1,458.3502
378.2,458.35959999999994
378.3,458.3751485148515
378.4,458.346
378.5,458.29600000000005
378.6,458.2412
378.7,458.2819999999999
378.8,458.3456
378.9,458.3108
379.0,458.2709900990099
379.1,458.2218
379.2,458.2464
379.3,458.31940000000003
379.4,458.33000000000004
379.5,458.3487999999999
379.6,458.37940000000003
379.7,458.39930693069306
379.8,458.41
379.9,458.41
380.0,458.41
380.1,458.4146
380.2,458.42
380.3,458.42
380.4,458.4246
380.5,458.43
380.6,458.43
380.7,458.2995000000003
380.8,458.14
380.9,458.14
381.0,458.14
381.1,458.122
381.2,458.1
381.3,458.1089108910892
381.4,458.1288
381.5,458.13120000000004
381.6,458.12
381.7,458.00120000000027
381.8,457.84119999999996
381.9,457.8212
382.0,457.81
382.1,457.7885
382.2,457.76
382.3,457.7557
382.4,457.7414
382.5,457.7214
382.6,457.7057
382.7,457.7170297029703
382.8,457.74
382.9,457.7358
383.0,457.73
383.1,457.73
383.2,457.73
383.3,457.73
383.4,457.7341584158416
383.5,457.7482
383.6,457.7723
383.7,457.78999999999996
383.8,457.7818
383.9,457.77
384.0,457.7741
384.1,457.78
384.2,457.78
384.3,457.78
384.4,457.78
384.5,457.78
384.6,457.78
384.7,457.772
384.8,457.756
384.9,457.7460396039604
385.0,457.7361
385.1,457.7261
385.2,457.72
385.3,457.72
385.4,457.72
385.5,457.72
385.6,457.7746
385.7,457.83297029702976
385.8,457.83180000000004
385.9,457.8772
386.0,457.8476
386.1,457.81059999999997
386.2,457.73
386.3,457.711
386.4,457.6762376237624
386.5,457.6774
386.6,457.70480000000003
386.7,457.7559
386.8,457.8
386.9,457.8
387.0,457.8
387.1,457.74460990099
387.2,457.6284
387.3,457.5539999999999
387.4,457.4828
387.5,457.40160000000026
387.6,457.2872
387.7,457.2532
387.8,457.1447999999999
387.9,457.10712871287126
388.0,457.13749999999993
388.1,457.22600000000006
388.2,457.32300000000004
388.3,457.303
388.4,457.29
388.5,457.27250000000004
388.6,457.2330693069307
388.7,457.16560000000015
388.8,457.0361999999999
388.9,456.9968
389.0,457.02699999999993
389.1,457.07360000000006
389.2,457.11699999999996
389.3,457.15
389.4,457.15
389.5,457.1566
389.6,457.17990000000003
389.7,457.2033
389.8,457.1935
389.9,457.15340000000003
390.0,457.1268
390.1,457.0607920792078
390.2,456.97040000000004
390.3,456.94359999999995
390.4,456.9364
390.5,456.9724
390.6,457.04240000000004
390.7,457.1092
390.8,457.1596
390.9,457.18
391.0,457.18
391.1,457.1862
391.2,457.1845
391.3,457.1282999999999
391.4,457.08
391.5,457.05830000000003
391.6,456.98851485148515
391.7,456.925
391.8,456.87799999999993
391.9,456.835
392.0,456.8
392.1,456.815
392.2,456.844
392.3,456.8359405940594
392.4,456.85
392.5,456.8442
392.6,456.83
392.7,456.7836000000001
392.8,456.6613
392.9,456.64
393.0,456.6284
393.1,456.59712871287127
393.2,456.59000000000003
393.3,456.59000000000003
393.4,456.58439999999996
393.5,456.5728
393.6,456.58
393.7,456.5408
393.8,456.44
393.9,456.4562
394.0,456.49460000000005
394.1,456.4746
394.2,456.45730000000003
394.3,456.4419
394.4,456.4092
394.5,456.37460000000004
394.6,456.35465346534653
394.7,456.32959999999997
394.8,456.3338000000001
394.9,456.4222
395.0,456.41299999999995
395.1,456.45
395.2,456.4578
395.3,456.48
395.4,456.48
395.5,456.49249999999995
395.6,456.535
395.7,456.545
395.8,456.53
395.9,456.545
396.0,456.5850495049505
396.1,456.55799999999994
396.2,456.5104
396.3,456.48720000000003
396.4,456.50280000000004
396.5,456.46560000000005
396.6,456.4272
396.7,456.45
396.8,456.4661000000001
396.9,456.50620000000004
397.0,456.45310000000006
397.1,456.43690000000004
397.2,456.4646
397.3,456.4731
397.4,456.4408
397.5,456.42366336633654
397.6,456.4744
397.7,456.48560000000003
397.8,456.4545999999999
397.9,456.4
398.0,456.41099999999994
398.1,456.439
398.2,456.3978
398.3,456.3856435643564
398.4,456.38469999999995
398.5,456.4106000000001
398.6,456.2853
398.7,456.2342
398.8,456.24159999999995
398.9,456.2142
399.0,456.21530000000007
399.1,456.1641584158416
399.2,456.188
399.3,456.224
399.4,456.238
399.5,456.216
399.6,456.164
399.7,456.188
399.8,456.2061386138614
399.9,456.1576
400.0,456.19759999999997
400.1,456.2319
400.2,456.2362
400.3,456.2143
400.4,456.1824
400.5,456.1481188118812
400.6,456.1526
400.7,456.2064
400.8,456.1828
400.9,456.15
401.0,456.1428000000001
401.1,456.09739999999994
401.2,456.05247524752474
401.3,456.1168
401.4,456.1534
401.5,456.1581000000001
401.6,456.11530000000005
401.7,456.1866
401.8,456.17510000000004
401.9,456.2102
402.0,456.25495049504957
402.1,456.2236
402.2,456.19
402.3,456.18199999999996
402.4,456.1239999999999
402.5,456.03200000000004
402.6,455.99
402.7,455.9789108910892
402.8,455.917
402.9,455.9165000000001
403.0,456.01
403.1,456.016
403.2,456.06049999999993
403.3,456.1244554455446
403.4,456.1444
403.5,456.1114
403.6,456.12
403.7,456.11580000000004
403.8,456.0731999999999
403.9,455.96440000000007
404.0,455.91460000000006
404.1,455.8102970297029
404.2,455.74480000000005
404.3,455.70219999999995
404.4,455.65389999999996
404.5,455.68519999999995
404.6,455.72390000000007
404.7,455.75649999999996
404.8,455.788415841584
404.9,455.704
405.0,455.66839999999996
405.1,455.73
405.2,455.7288
405.3,455.7188
405.4,455.7124
405.5,455.7228712871288
405.6,455.6755
405.7,455.7211
405.8,455.7178999999998
405.9,455.6189
406.0,455.61109999999996
406.1,455.6123
406.2,455.5532673267326
406.3,455.586
406.4,455.644
406.5,455.683
406.6,455.707
406.7,455.672
406.8,455.594
406.9,455.557
407.0,455.7050495049505
407.1,455.6654
407.2,455.72630000000004
407.3,455.78819999999996
407.4,455.7664
407.5,455.7264
407.6,455.6891089108911
407.7,455.6808
407.8,455.6876
407.9,455.66560000000004
408.0,455.7172000000003
408.1,455.5692
408.2,455.5568316831683
408.3,455.52070000000003
408.4,455.5272
408.5,455.49
408.6,455.49
408.7,455.49
408.8,455.49
408.9,455.4894
409.0,455.4758415841585
409.1,455.40999999999997
409.2,455.4085
409.3,455.38
409.4,455.37900990099007
409.5,455.36
409.6,455.36
409.7,455.36
409.8,455.36
409.9,455.36
410.0,455.36
410.1,455.36
410.2,455.3603
410.3,455.37
410.4,455.37
410.5,455.37
410.6,455.37
410.7,455.37
410.8,455.37
410.9,455.36760000000004
411.0,455.2502
411.1,455.26
411.2,455.26
411.3,455.26
411.4,455.25880000000006
411.5,455.14
411.6,455.14
411.7,455.14
411.8,455.14
411.9,455.13880000000006
412.0,455.02
412.1,455.02
412.2,455.02
412.3,455.02
412.4,455.02
412.5,454.86
412.6,454.86
412.7,454.86
412.8,454.86
412.9,454.86
413.0,454.86
413.1,454.86
413.2,454.86
413.3,454.82039999999995
413.4,454.82
413.5,454.82
413.6,454.82
413.7,454.82
413.8,454.82
413.9,454.82
414.0,454.82
414.1,454.82
414.2,454.77150000000006
414.3,454.77
414.4,454.77
414.5,454.80839999999995
414.6,454.81
414.7,454.81
414.8,454.81
414.9,454.81
415.0,454.9240594059405
415.1,454.93
415.2,454.9205
415.3,454.92
415.4,454.92
415.5,454.92
415.6,454.92
415.7,454.92
415.8,454.92
415.9,454.92
416.0,454.92
416.1,454.92
416.2,454.92
416.3,454.92
416.4,454.92
416.5,454.92
416.6,454.92
416.7,454.92
416.8,454.92
416.9,454.92
417.0,454.80960000000005
417.1,454.68960000000004
417.2,454.68
417.3,454.68
417.4,454.68
417.5,454.6436
417.6,454.64
417.7,454.64
417.8,454.64
417.9,454.64
418.0,454.64
418.1,454.52299999999997
418.2,454.51
418.3,454.51
418.4,454.51
418.5,454.51
418.6,454.51
418.7,454.51
418.8,454.51
418.9,454.51
419.0,454.51
419.1,454.51
419.2,454.51
419.3,454.51
419.4,454.51
419.5,454.4396000000001
419.6,454.43
419.7,454.43
419.8,454.43
419.9,454.43
420.0,454.43
420.1,454.43
420.2,454.4387
420.3,454.44
420.4,454.44
420.5,454.33680000000015
420.6,454.32
420.7,454.32
420.8,454.32
420.9,454.32
421.0,454.32
421.1,454.32
421.2,454.32
421.3,454.32
421.4,454.32
421.5,454.32
421.6,454.32
421.7,454.32
421.8,454.32
421.9,454.32
422.0,454.32
422.1,454.32
422.2,454.2121000000001
422.3,454.19
422.4,454.19
422.5,454.15680000000003
422.6,454.15
422.7,454.15
422.8,454.15
422.9,454.15
423.0,454.15
423.1,454.15
423.2,454.05160000000006
423.3,454.03
423.4,454.03
423.5,454.03
423.6,454.03
423.7,454.03
423.8,454.03
423.9,454.03
424.0,454.03
424.1,454.03
424.2,454.03
424.3,454.03
424.4,454.03
424.5,454.062
424.6,454.07
424.7,454.07
424.8,454.07
424.9,454.07
425.0,454.07
425.1,454.07
425.2,454.07
425.3,454.07
425.4,454.07
425.5,454.07
425.6,454.07
425.7,454.07
425.8,454.07
425.9,454.99040000000053
426.0,457.4963999999962
426.1,472.77840000000856
426.2,489.8610891088922
426.3,505.1761000000102
426.4,519.1821000000093
426.5,529.2160999999904
426.6,541.0490000000086
426.7,547.0037999999959
426.8,552.7302000000043
426.9,560.1606000000053
427.0,565.944851485144
427.1,621.7808000000654
427.2,669.9443999999667
427.3,673.6299999999927
427.4,662.0959999999885
427.5,646.9152000000131
427.6,635.7611999999913
427.7,689.0059999999402
427.8,692.9527722772084
427.9,683.2525000000039
428.0,674.6850000000104
428.1,664.6699999999882
428.2,652.6100000000072
428.3,686.7025000000565
428.4,688.5075000000081
428.5,673.5700000000173
428.6,659.8789108910942
428.7,691.503799999957
428.8,706.5654000000051
428.9,709.838799999999
429.0,710.8127999999998
429.1,707.9914000000012
429.2,706.1142000000011
429.3,701.9619999999929
429.4,695.8329702970306
429.5,692.7322000000013
429.6,693.8505999999999
429.7,675.4554000000178
429.8,684.1907000000344
429.9,686.0780000000003
430.0,683.8389000000008
430.1,679.9073000000003
430.2,672.4670297029746
430.3,663.6931999999983
430.4,663.4579999999986
430.5,665.4055999999994
430.6,666.5472000000002
430.7,650.4284000000104
430.8,645.1372000000003
430.9,643.3568000000014
431.0,642.2647524752476
431.1,641.4954999999995
431.2,641.6317999999999
431.3,647.0682000000032
431.4,656.9873999999975
431.5,660.1245
431.6,658.2568999999988
431.7,654.9551069306933
431.8,651.443940594057
431.9,647.747
432.0,643.6910000000066
432.1,639.745
432.2,635.706
432.3,632.8529999999985
432.4,629.395
432.5,624.7030000000071
432.6,618.2302999999984
432.7,611.8868999999986
432.8,608.7465999999984
432.9,611.6476000000011
433.0,613.2858999999999
433.1,611.7536999999995
433.2,609.7803999999996
433.3,606.8667326732636
433.4,602.6587999999979
433.5,596.7020000000073
433.6,589.0887999999964
433.7,581.5700000000079
433.8,629.5768000000337
433.9,659.1624000000039
434.0,662.5392079207912
434.1,664.9941000000022
434.2,669.7851999999953
434.3,674.2196000000026
434.4,679.5870000000042
434.5,682.7255999999986
434.6,683.9567000000006
434.7,685.616732673266
434.8,687.1084000000011
434.9,675.7688000000105
435.0,667.1030000000054
435.1,660.7769999999931
435.2,652.1842000000054
435.3,640.3770178217669
435.4,625.9614504950539
435.5,608.6260000000211
435.6,592.2044999999827
435.7,577.8510000000047
435.8,611.863500000068
435.9,645.7901287128677
436.0,658.0204356435572
436.1,658.2388000000004
436.2,655.2724000000021
436.3,653.2459999999975
436.4,653.7063999999998
436.5,654.8775999999992
436.6,660.6135999999992
436.7,664.2276237623755
436.8,661.2676999999917
436.9,662.0427000000007
437.0,666.8744999999965
437.1,671.5898000000007
437.2,675.2496999999978
437.3,676.4993000000002
437.4,676.1241999999999
437.5,674.6511881188129
437.6,673.2031999999996
437.7,669.0562000000027
437.8,667.4558000000005
437.9,671.1249999999976
438.0,674.1987999999992
438.1,676.5340000000011
438.2,678.992199999999
438.3,680.3058415841588
438.4,679.2258000000005
438.5,678.4698
438.6,679.3818000000009
438.7,682.0915999999992
438.8,676.105099999992
438.9,673.921499999999
439.0,664.2428000000043
439.1,649.4742999999944
439.2,646.5787128712882
439.3,644.6379999999951
439.4,638.784
439.5,633.3480000000068
439.6,626.412
439.7,617.142
439.8,605.6879999999887
439.9,645.9041188118812
440.0,690.5431316831402
440.1,699.8755999999997
440.2,698.5621999999997
440.3,692.95909999999
440.4,680.9975999999967
440.5,667.1391000000151
440.6,652.1304999999963
440.7,636.7525742574402
440.8,620.5661999999923
440.9,655.3256000000329
441.0,685.4912000000003
441.1,684.8295999999996
441.2,684.7267999999996
441.3,680.3901999999965
441.4,674.7897128712848
441.5,673.4290148514848
441.6,673.5004999999998
441.7,673.7432999999996
441.8,676.3599000000029
441.9,680.2304000000025
442.0,681.5336000000003
442.1,679.9248999999984
442.2,678.1801980198026
442.3,677.7464000000002
442.4,681.1003999999979
442.5,674.7940000000216
442.6,666.8119999999983
442.7,664.2616000000012
442.8,664.1792000000021
442.9,659.5277544554478
443.0,645.8886089109099
443.1,637.975999999999
443.2,636.8650000000001
443.3,633.6729999999945
443.4,627.8550000000008
443.5,621.5730000000068
443.6,626.2865000000153
443.7,629.8359405940594
443.8,625.390199999994
443.9,620.6637999999994
444.0,617.7830000000009
444.1,615.8527999999997
444.2,613.1188000000026
444.3,611.3701999999987
444.4,611.2508
444.5,612.6876237623745
444.6,615.3624000000012
444.7,618.2409999999982
444.8,622.0752000000077
444.9,626.3110000000015
445.0,629.8201999999977
445.1,631.3847
445.2,634.5864999999959
445.3,638.0754455445551
445.4,637.510800000001
445.5,634.2348000000019
445.6,629.0751999999961
445.7,622.6796000000031
445.8,615.9043999999957
445.9,607.5332000000044
446.0,597.2148000000049
446.1,635.3696039604597
446.2,681.6367999999975
446.3,688.5479000000029
446.4,691.3686999999994
446.5,693.0603999999997
446.6,694.5339000000017
446.7,695.8577999999998
446.8,694.8109396039575
446.9,690.9649504950494
447.0,684.9050000000082
447.1,680.6399999999999
447.2,663.13
447.3,647.0000000000016
447.4,638.6800000000001
447.5,627.6150000000046
447.6,620.367326732672
447.7,608.6453000000115
447.8,595.713299999997
447.9,582.701999999997
448.0,569.3501000000119
448.1,587.9400000000119
448.2,625.1517999999807
448.3,642.689200000003
448.4,649.5734653465348
448.5,650.6206455445533
448.6,653.1180000000015
448.7,655.7815999999988
448.8,658.6568000000018
448.9,661.6308000000009
449.0,665.9187999999957
449.1,659.6945663366225
449.2,650.4990217821766
449.3,652.0930999999998
449.4,651.5082000000003
449.5,650.0888000000032
449.6,649.05
449.7,649.2899326732671
449.8,649.6717900990102
449.9,649.5240000000001
450.0,649.3103999999996
450.1,658.1478000000171
450.2,670.7435999999993
450.3,675.567800000004
450.4,680.3381999999993
450.5,684.9009999999947
450.6,690.0952475247523
450.7,692.1640000000042
450.8,689.8024999999991
450.9,689.6780000000001
451.0,683.7705000000158
451.1,677.3035000000003
451.2,679.9964999999969
451.3,677.8659999999908
451.4,671.7871287128705
451.5,666.4888000000068
451.6,659.1451999999974
451.7,650.5100000000095
451.8,641.4575999999902
451.9,634.8503999999979
452.0,626.4804000000106
452.1,654.294491089148
452.2,703.2430811881144
452.3,699.5549999999862
452.4,685.7023000000016
452.5,682.6501000000027
452.6,675.4606999999929
452.7,662.9574000000094
452.8,649.4555999999919
452.9,635.7380504950601
453.0,618.2940574257557
453.1,599.0561999999859
453.2,621.6463999999653
453.3,673.8870000000163
453.4,684.2656000000006
453.5,683.9199999999995
453.6,681.2071999999932
453.7,674.8218138613877
453.8,671.924183168316
453.9,671.5069
454.0,671.7772999999994
454.1,673.9964999999988
454.2,670.4998000000035
454.3,660.5687999999975
454.4,665.6697999999965
454.5,674.9109900990101
454.6,675.0740000000001
454.7,676.794
454.8,672.7479999999794
454.9,663.736
455.0,661.7220000000048
455.1,658.212
455.2,655.6752475247564
455.3,645.0842999999956
455.4,632.6965999999998
455.5,631.7731000000005
455.6,629.2183999999988
455.7,622.9750000000049
455.8,616.8477999999991
455.9,619.6088920792122
456.0,625.616354455448
456.1,621.5143999999995
456.2,619.7408000000012
456.3,616.7943999999986
456.4,613.7161999999987
456.5,610.8848000000011
456.6,608.6715999999992
456.7,607.2613247524755
456.8,607.1493752475257
456.9,608.3255999999999
457.0,609.6310999999968
457.1,612.3160000000026
457.2,615.3389999999997
457.3,617.7198000000024
457.4,619.481089108911
457.5,621.1179999999907
457.6,625.2755999999995
457.7,625.0308000000001
457.8,624.2163999999975
457.9,620.2827999999995
458.0,610.878800000021
458.1,601.6436000000016
458.2,599.8400990098995
458.3,591.6729999999907
458.4,613.8225000000268
458.5,668.6039999999879
458.6,676.517500000001
458.7,680.5714999999929
458.8,686.9455000000074
458.9,692.2607920792092
459.0,694.7355999999988
459.1,695.8206000000004
459.2,696.1250000000002
459.3,694.8821999999957
459.4,691.8379999999984
459.5,688.8238000000031
459.6,680.1135999999889
459.7,665.6710891089156
459.8,656.5800999999865
459.9,640.3389000000113
460.0,624.2563000000101
460.1,609.8975999999889
460.2,596.1655000000101
460.3,603.0513000000426
460.4,637.4054999999992
460.5,642.4104950494974
460.6,649.9223999999967
460.7,649.0915999999984
460.8,652.136000000002
460.9,653.9999999999991
461.0,656.1887999999988
461.1,659.1820000000042
461.2,663.4126732673247
461.3,667.8293000000041
461.4,664.3276000000042
461.5,652.3852999999984
461.6,653.2217000000003
461.7,652.3537000000001
461.8,651.2144999999973
461.9,649.8122772277228
462.0,650.7999999999978
462.1,654.591
462.2,658.7769999999999
462.3,660.5470000000023
462.4,668.181
462.5,685.6899999999952
462.6,692.769
462.7,699.415
462.8,704.4045732673319
462.9,708.2995000000012
463.0,712.8431999999991
463.1,714.4244000000001
463.2,713.1807000000022
463.3,702.9182999999948
463.4,685.4430999999989
463.5,680.5866574257449
463.6,672.2251207920747
463.7,662.2043999999993
463.8,663.0399999999968
463.9,655.9103999999968
464.0,647.2228000000025
464.1,633.766399999994
464.2,621.032000000002
464.3,610.561999999996
464.4,628.0371287128617
464.5,694.7081999999734
464.6,703.5921999999916
464.7,693.9820999999998
464.8,689.5380999999938
464.9,676.4451999999983
465.0,658.5637000000011
465.1,655.5273465346477
465.2,646.1586316831688
465.3,634.4941999999833
465.4,615.8339999999937
465.5,621.6047999998937
465.6,682.0140000000094
465.7,687.6325999999974
465.8,682.5494000000028
465.9,684.6371287128709
466.0,682.972500000004
466.1,678.7149999999963
466.2,676.9349999999858
466.3,682.3249999999823
466.4,670.7675000000003
466.5,666.5625000000208
466.6,657.8495049505077
466.7,676.6511999999869
466.8,686.965599999998
466.9,684.8424000000007
467.0,684.2272000000003
467.1,680.5487999999881
467.2,670.6923999999952
467.3,673.1952990098956
467.4,667.3718237623793
467.5,657.4026000000194
467.6,634.464399999995
467.7,630.2067000000019
467.8,628.313200000001
467.9,627.931900000003
468.0,624.2163000000008
468.1,621.9063366336566
468.2,620.2863999999936
468.3,629.451999999989
468.4,623.2189999999994
468.5,623.8704000000021
468.6,621.679400000001
468.7,619.495600000001
468.8,616.968097029697
468.9,613.2327435643567
469.0,611.7964000000009
469.1,611.3629999999995
469.2,613.7721999999993
469.3,616.7434000000055
469.4,620.3106999999991
469.5,623.8084999999979
469.6,627.0996455445536
469.7,630.8720000000004
469.8,631.0740000000001
469.9,634.82
470.0,634.0060000000012
470.1,630.794
470.2,625.0780000000033
470.3,617.86
470.4,609.9205940594055
470.5,601.6059000000017
470.6,608.0834000000159
470.7,668.2989999999961
470.8,682.8199999999988
470.9,679.3856000000007
471.0,683.2069999999987
471.1,689.7027000000016
471.2,696.2984158415836
471.3,699.2732000000003
471.4,699.736
471.5,698.7776000000031
471.6,696.8833999999987
471.7,694.3914
471.8,692.9949999999981
471.9,686.6083999999993
472.0,672.3955445544652
472.1,665.0576999999889
472.2,648.6636999999948
472.3,632.6302999999936
472.4,622.3702999999957
472.5,607.1545000000305
472.6,600.5505000000372
472.7,648.4413000000044
472.8,660.789900990099
472.9,660.5255999999993
473.0,659.526399999999
473.1,660.7068000000017
473.2,663.9223999999957
473.3,667.1296000000032
473.4,670.699200000002
473.5,674.1576792079172
473.6,674.0150346534568
473.7,660.819500000006
473.8,653.6384999999794
473.9,638.1064999999988
474.0,636.5025000000026
474.1,634.3109999999986
474.2,632.7150000000001
474.3,633.0012871287149
474.4,637.591199999984
474.5,650.862000000012
474.6,642.5452000000226
474.7,664.2965999999798
474.8,684.2886000000068
474.9,690.8331999999937
475.0,695.536200000008
475.1,686.5386138613743
475.2,674.8280000000112
475.3,658.2316999999767
475.4,639.982400000014
475.5,619.4338000000141
475.6,598.7639999999739
475.7,578.3508000000149
475.8,556.5614999999722
475.9,534.9601980198167
476.0,512.261600000017
476.1,488.7016000000115
476.2,466.4176
476.3,466.38919999999985
476.4,466.29920000000004
476.5,466.2128
476.6,466.15160000000003
476.7,466.0840594059406
476.8,466.03559999999993
476.9,465.72610000000054
477.0,463.5067
477.1,463.02020000000095
477.2,459.28790000000004
477.3,459.1778999999998
477.4,459.0679
477.5,458.95910891089113
477.6,458.861
477.7,458.77
477.8,458.66999999999996
477.9,458.568
478.0,458.449
478.1,458.317
478.2,458.02
478.3,458.02
478.4,458.02
478.5,458.02
478.6,458.02
478.7,458.02
478.8,458.02
478.9,458.00919999999996
479.0,457.9
479.1,457.8543999999997
479.2,457.33
479.3,457.33
479.4,457.33720000000005
479.5,457.42159999999996
479.6,457.4392
479.7,457.43
479.8,457.42920792079207
479.9,457.4158
480.0,457.36209999999994
480.1,457.37109999999984
480.2,457.13680000000016
480.3,457.36210000000005
480.4,457.39140000000003
480.5,457.4141584158415
480.6,457.4706
480.7,457.48179999999996
480.8,457.51360000000005
480.9,457.5747524752476
481.0,457.64650000000006
481.1,457.56199999999967
481.2,457.21950000000004
481.3,457.21250000000003
481.4,457.2579999999999
481.5,457.2165000000001
481.6,457.14653465346527
481.7,457.0792
481.8,457.06120000000004
481.9,457.0816000000002
482.0,456.8764000000001
482.1,456.76359999999914
482.2,456.1308
482.3,456.1471999999999
482.4,456.07564356435654
482.5,455.96850000000006
482.6,455.92060000000004
482.7,455.9388
482.8,455.8984999999999
482.9,455.84430000000015
483.0,455.66179999999997
483.1,455.70302970297047
483.2,454.9204
483.3,454.94
483.4,454.9412
483.5,455.0018
483.6,455.0918
483.7,455.18
483.8,455.18
483.9,455.18
484.0,455.18
484.1,455.1772000000001
484.2,454.8997
484.3,454.86969999999997
484.4,454.83950000000004
484.5,454.7902
484.6,454.809801980198
484.7,454.79
484.8,454.99
484.9,454.90999999999997
485.0,454.88
485.1,455.02
485.2,454.68
485.3,454.57
485.4,454.509900990099
485.5,454.500098019802
485.6,454.48019999999997
485.7,454.4008
485.8,454.31089999999995
485.9,454.3001
486.0,454.3
486.1,454.3
486.2,454.0647524752474
486.3,454.0698
486.4,454.07
486.5,454.0602
486.6,454.06
486.7,454.0404
486.8,453.7753999999999
486.9,453.7504
487.0,453.769405940594
487.1,453.75059999999996
487.2,453.52690000000035
487.3,453.5006
487.4,453.4903
487.5,453.49
487.6,453.4803
487.7,453.460792079208
487.8,453.4312
487.9,453.40119999999996
488.0,453.3808
488.1,453.3608
488.2,453.12000000000035
488.3,453.11
488.4,453.11
488.5,453.0909900990099
488.6,453.09000000000003
488.7,453.09000000000003
488.8,452.9759999999999
488.9,452.97
489.0,452.97
489.1,452.8464999999999
489.2,452.8023762376238
489.3,452.8
489.4,452.8
489.5,452.8
489.6,452.80940000000004
489.7,452.81
489.8,452.69719999999984
489.9,452.69
490.0,452.69
490.1,452.56910000000005
490.2,452.4484000000001
490.3,452.44
490.4,452.4214
490.5,452.4014
490.6,452.3721
490.7,452.3607
490.8,451.7799009900979
490.9,451.73
491.0,451.73
491.1,451.60120000000006
491.2,451.4796
491.3,451.4516
491.4,451.4316
491.5,451.47554455445544
491.6,451.3708
491.7,451.2781
491.8,450.63300000000004
491.9,450.5154
492.0,450.42810000000003
492.1,450.1652
492.2,449.9135811881189
492.3,449.7188217821782
492.4,449.646
492.5,449.55
492.6,449.477
492.7,449.47
492.8,449.488
492.9,449.445
493.0,449.42217821782185
493.1,449.2954
493.2,449.2711
493.3,449.5815000000002
493.4,449.5933
493.5,449.53660000000013
493.6,449.47659999999996
493.7,449.45237623762375
493.8,449.37945742574254
493.9,449.3964
494.0,449.3472000000001
494.1,449.1991999999999
494.2,449.1888
494.3,449.1988
494.4,449.2264
494.5,449.18643564356444
494.6,449.1452
494.7,449.11390000000006
494.8,448.9881999999999
494.9,448.95259999999996
495.0,448.92390000000006
495.1,448.7720999999999
495.2,448.76739999999995
495.3,448.8216831683169
495.4,448.85580000000004
495.5,448.90299999999996
495.6,448.89279999999997
495.7,448.93299999999994
495.8,448.95720000000006
495.9,448.96000000000004
496.0,448.84079207920803
496.1,448.6924999999998
496.2,448.66999999999996
496.3,448.6104999999999
496.4,448.56600000000003
496.5,448.53450000000004
496.6,448.4534999999999
496.7,448.44
496.8,448.3137940594057
496.9,448.2816
497.0,448.1876000000001
497.1,448.15319999999997
497.2,448.15
497.3,448.1332
497.4,448.1384
497.5,448.1233663366337
497.6,448.0951
497.7,448.0817
497.8,447.9803999999998
497.9,447.9683
498.0,447.97
498.1,447.9534
498.2,447.9253465346535
498.3,447.9282
498.4,447.93
498.5,447.8972
498.6,447.90639999999996
498.7,447.90999999999997
498.8,447.90999999999997
498.9,447.869
499.0,447.8518811881188
499.1,447.8662
499.2,447.82950000000005
499.3,447.84430000000003
499.4,447.8338
499.5,447.8624
499.6,447.8538
499.7,447.809900990099
499.8,447.824
499.9,447.83
500.0,447.838
500.1,447.6959999999999
500.2,447.692
500.3,447.72400000000005
500.4,447.714
500.5,447.6783168316832
500.6,447.67
500.7,447.7016
500.8,447.69419999999997
500.9,447.6821
501.0,447.64840000000004
501.1,447.5768
501.2,447.5443564356436
501.3,447.57900000000006
501.4,447.5666
501.5,447.5522
501.6,447.5422
501.7,447.5166
501.8,447.4944
501.9,447.5131683168317
502.0,447.4353000000001
502.1,447.38689999999997
502.2,447.5031999999998
502.3,447.5631
502.4,447.52379999999994
502.5,447.5023
502.6,447.4846
502.7,447.5333663366336
502.8,447.5272
502.9,447.47439999999995
503.0,447.38400000000007
503.1,447.34479999999996
503.2,447.37039999999996
503.3,447.20519999999976
503.4,447.12742574257425
503.5,447.1424999999999
503.6,447.18000000000006
503.7,447.175
503.8,447.14
503.9,447.18249999999995
504.0,447.215
504.1,447.205
504.2,447.17029702970297
504.3,447.1526
504.4,447.1796
504.5,447.16040000000004
504.6,447.15
504.7,447.11300000000006
504.8,447.1518000000001
504.9,447.15534653465346
505.0,447.09890000000007
505.1,447.0946
505.2,447.1
505.3,447.12190000000004
505.4,447.0789
505.5,447.0746
505.6,447.1165
505.7,447.1589108910891
505.8,447.1556
505.9,447.11400000000003
506.0,447.13599999999997
506.1,447.15
506.2,447.1356
506.3,447.1156
506.4,447.14599999999996
506.5,447.17425742574255
506.6,447.1303
506.7,447.1242
506.8,447.1158
506.9,447.1597
507.0,447.1658
507.1,447.1245
507.2,447.12405940594056
507.3,447.12302970297026
507.4,447.134
507.5,447.16099999999994
507.6,447.18399999999997
507.7,447.23199999999997
507.8,447.243
507.9,447.24
508.0,447.1917000000001
508.1,447.2183
508.2,447.2538
508.3,447.2185999999999
508.4,447.2
508.5,447.2138
508.6,447.1585148514851
508.7,447.10280000000006
508.8,447.0424
508.9,446.986
509.0,446.94280000000003
509.1,446.9504
509.2,446.9736
509.3,446.98
509.4,447.000198019802
509.5,447.05019999999996
509.6,447.10350000000005
509.7,447.1468
509.8,447.2069
509.9,447.27020000000005
510.0,447.29
510.1,447.29
510.2,447.323
510.3,447.30699999999996
510.4,447.2702
510.5,447.26
510.6,447.26
510.7,447.20060000000007
510.8,447.2157425742575
510.9,447.253
511.0,447.247
511.1,447.2660000000001
511.2,447.3255
511.3,447.2979999999999
511.4,447.27
511.5,447.2895
511.6,447.2871287128713
511.7,447.25440000000003
511.8,447.2912000000001
511.9,447.2816
512.0,447.2472
512.1,447.2208
512.2,447.1716
512.3,447.10564356435634
512.4,447.0989
512.5,447.11
512.6,447.11
512.7,447.16669999999993
512.8,447.2
512.9,447.18739999999997
513.0,447.18
513.1,447.1366
513.2,447.0976
513.3,447.1148
513.4,447.11760000000004
513.5,447.11
513.6,447.15340000000003
513.7,447.2048
513.8,447.2077227722772
513.9,447.2122
514.0,447.1773
514.1,447.10729999999995
514.2,447.0617
514.3,447.11100000000005
514.4,447.1073
514.5,447.1227
514.6,447.1439603960396
514.7,447.14
514.8,447.1039999999999
514.9,447.038
515.0,446.9680000000001
515.1,446.934
515.2,446.87
515.3,446.84782178217824
515.4,446.8895
515.5,446.88640000000004
515.6,446.8523
515.7,446.8164
515.8,446.8
515.9,446.77639999999997
516.0,446.76
516.1,446.76
516.2,446.74260000000004
516.3,446.73
516.4,446.73
516.5,446.70680000000004
516.6,446.69
516.7,446.6262000000001
516.8,446.58
516.9,446.539801980198
517.0,446.51
517.1,446.51
517.2,446.51
517.3,446.51
517.4,446.51
517.5,446.51
517.6,446.51
517.7,446.51
517.8,446.51
517.9,446.51
518.0,446.51
518.1,446.51
518.2,446.51
518.3,446.51
518.4,446.51
518.5,446.51
518.6,446.51
518.7,446.5265
518.8,446.54
518.9,446.54
519.0,446.54
519.1,446.54
519.2,446.54
519.3,446.54
519.4,446.54
519.5,446.54
519.6,446.54
519.7,446.5616
519.8,446.58
519.9,446.553
520.0,446.53
520.1,446.53
520.2,446.5353
520.3,446.54
520.4,446.54
520.5,446.54
520.6,446.54
520.7,446.5242574257426
520.8,446.51
520.9,446.51
521.0,446.51
521.1,446.51
521.2,446.51
521.3,446.51
521.4,446.51
521.5,446.51
521.6,446.51
521.7,446.51
521.8,446.51
521.9,446.51
522.0,446.51
522.1,446.51
522.2,446.51
522.3,446.51
522.4,446.51
522.5,446.51
522.6,446.51
522.7,446.525
522.8,446.54
522.9,446.515
523.0,446.49
523.1,446.49
523.2,446.49
523.3,446.49
523.4,446.49
523.5,446.49
523.6,446.49
523.7,446.4753
523.8,446.46
523.9,446.46
524.0,446.46
524.1,446.46
524.2,446.46
524.3,446.46
524.4,446.46
524.5,446.46
524.6,446.46
524.7,446.46
524.8,446.46
524.9,446.4835
525.0,446.51
525.1,446.51
525.2,446.51
525.3,446.51
525.4,446.51
525.5,446.51
525.6,446.51
525.7,446.5054
525.8,446.5
525.9,446.523
526.0,446.55
526.1,446.55
526.2,446.55
526.3,446.55
526.4,446.55
526.5,446.55
526.6,446.55
526.7,446.53650000000005
526.8,446.52
526.9,446.52
527.0,446.52
527.1,446.52
527.2,446.52
527.3,446.52
527.4,446.52
527.5,446.52
527.6,446.52
527.7,446.52
527.8,446.4985
527.9,446.47
528.0,446.47
528.1,446.47
528.2,446.47
528.3,446.47
528.4,446.47
528.5,446.47
528.6,446.47
528.7,446.4868
528.8,446.51
528.9,446.51
529.0,446.51
529.1,446.51
529.2,446.51
529.3,446.51
529.4,446.51
529.5,446.51
529.6,446.51
529.7,446.51
529.8,446.51
529.9,446.51
530.0,446.51
530.1,446.51
530.2,446.51
530.3,446.51
530.4,446.51
530.5,446.51
530.6,446.51
530.7,446.49440000000004
530.8,446.47
530.9,446.47
531.0,446.47
531.1,446.47
531.2,446.47
531.3,446.47
531.4,446.47
531.5,446.47
531.6,446.47
531.7,446.47
531.8,446.47
531.9,446.47
532.0,446.47
532.1,446.47
532.2,446.47
532.3,446.47
532.4,446.47
532.5,446.47
532.6,446.47
532.7,446.47
532.8,446.4516831683168
532.9,446.42
533.0,446.42
533.1,446.42
533.2,446.46320000000003
533.3,446.53999999999996
533.4,446.53999999999996
533.5,446.53999999999996
533.6,446.53999999999996
533.7,446.554
533.8,446.58
533.9,446.58
534.0,446.58
534.1,446.58
534.2,446.62199999999984
534.3,446.7
534.4,446.7
534.5,446.7
534.6,446.7102
534.7,446.73
534.8,446.73
534.9,446.73
535.0,446.73
535.1,446.73
535.2,446.68960396039614
535.3,446.61
535.4,446.61
535.5,446.61
535.6,446.61
535.7,446.61
535.8,446.5868999999999
535.9,446.53999999999996
536.0,446.53999999999996
536.1,446.53999999999996
536.2,446.50160000000005
536.3,446.42
536.4,446.42
536.5,446.42
536.6,446.42
536.7,446.42
536.8,446.38279999999986
536.9,446.3
537.0,446.3
537.1,446.3
537.2,446.3
537.3,446.3
537.4,446.3
537.5,446.3
537.6,446.3
537.7,446.3
537.8,446.2849999999999
537.9,446.25
538.0,446.25
538.1,446.25
538.2,446.25
538.3,446.25
538.4,446.25
538.5,446.25
538.6,446.2413
538.7,446.22
538.8,446.22
538.9,446.22
539.0,446.22
539.1,446.22
539.2,446.2536
539.3,446.34
539.4,446.34
539.5,446.34
539.6,446.3289108910891
539.7,446.3
539.8,446.31350000000003
539.9,446.35
540.0,446.35
540.1,446.35
540.2,446.3824
540.3,446.47
540.4,446.47
540.5,446.47
540.6,446.48040000000003
540.7,446.51
540.8,446.51
540.9,446.51
541.0,446.51
541.1,446.51
541.2,446.51
541.3,446.51
541.4,446.51
541.5,446.51
541.6,446.51
541.7,446.51
541.8,446.4976237623762
541.9,446.46
542.0,446.46
542.1,446.46
542.2,446.46
542.3,446.46
542.4,446.46
542.5,446.46
542.6,446.45079999999996
542.7,446.42
542.8,446.42
542.9,446.42
543.0,446.42
543.1,446.42
543.2,446.42
543.3,446.42
543.4,446.42
543.5,447.0447999999973
543.6,452.4499999999934
543.7,466.5253999999943
543.8,478.5872000000135
543.9,489.22779999999455
544.0,500.7497227722678
544.1,510.258041584155
544.2,518.4893999999981
544.3,540.5461000001168
544.4,599.1830000000002
544.5,611.6478999999563
544.6,660.8362999999997
544.7,660.2798019802023
544.8,652.756
544.9,641.344
545.0,629.6020000000067
545.1,614.652
545.2,617.3479999999655
545.3,672.716
545.4,649.641742574257
545.5,640.239598019804
545.6,628.0196999999949
545.7,617.6272999999917
545.8,648.3393999999973
545.9,636.8748999999976
546.0,626.763500000002
546.1,617.1436999999976
546.2,606.5876851485164
546.3,614.3941623762773
546.4,685.7225999999999
546.5,683.6680000000089
546.6,679.0793999999986
546.7,675.9885999999998
546.8,674.9020000000029
546.9,680.5442000000002
547.0,683.0368316831614
547.1,686.3299000000003
547.2,683.1890999999939
547.3,664.8840999999958
547.4,662.8267000000055
547.5,678.1967999999999
547.6,679.222800000004
547.7,684.9387000000015
547.8,686.0594059405809
547.9,670.067199999998
548.0,667.3687999999975
548.1,668.8027999999994
548.2,667.4920000000028
548.3,662.091599999979
548.4,642.8088000000001
548.5,642.5360000000037
548.6,639.5115841584129
548.7,634.4795000000059
548.8,628.8449999999913
548.9,624.3040000000107
549.0,635.0315000000047
549.1,630.526499999995
549.2,624.615688118816
549.3,621.0543960396014
549.4,618.6510000000026
549.5,615.6876000000034
549.6,612.2165999999976
549.7,609.9486000000018
549.8,608.0995999999991
549.9,607.3865999999998
550.0,607.6803386138606
550.1,608.8810415841623
550.2,612.0407999999971
550.3,615.864100000002
550.4,617.1663000000003
550.5,617.6161999999954
550.6,623.7478000000026
550.7,625.347600000001
550.8,623.567003960391
550.9,619.684000000002
551.0,613.9220000000107
551.1,601.1331999999995
551.2,600.848400000004
551.3,592.0771999999854
551.4,593.3639999999637
551.5,664.715999999994
551.6,672.2706811881179
551.7,674.7635999999986
551.8,680.3377000000073
551.9,684.2151999999995
552.0,686.3811999999996
552.1,687.4859999999994
552.2,689.7395000000001
552.3,688.8198999999929
552.4,684.9871069306937
552.5,681.6020000000011
552.6,676.0799999999999
552.7,665.362000000003
552.8,651.505
552.9,635.347
553.0,621.020000000003
553.1,607.654
553.2,594.342574257429
553.3,584.9814000000122
553.4,633.9909000000009
553.5,638.8748000000003
553.6,651.2861999999998
553.7,650.702
553.8,652.4660000000003
553.9,653.9821000000006
554.0,656.6661386138614
554.1,659.3744000000016
554.2,663.1424000000013
554.3,667.8424000000018
554.4,669.8151999999949
554.5,652.4740000000008
554.6,651.9431999999994
554.7,650.5936316831683
554.8,650.3433663366326
554.9,648.3187000000003
555.0,648.831599999997
555.1,650.8789000000029
555.2,655.1034000000019
555.3,658.4819000000001
555.4,660.1345000000111
555.5,680.4562207920686
555.6,687.1132495049541
555.7,693.7067999999914
555.8,699.7360000000019
555.9,702.0736000000047
556.0,707.8605999999979
556.1,709.350800000001
556.2,710.0982000000082
556.3,702.9430693069078
556.4,679.2469999999969
556.5,676.2365000000024
556.6,674.1929999999984
556.7,672.4345000000068
556.8,665.5419999999709
556.9,640.1539999999773
557.0,618.568000000013
557.1,606.5301980197778
557.2,584.2079999999969
557.3,587.1943999999896
557.4,582.0051999999403
557.5,645.6451999999856
557.6,660.5831999999903
557.7,652.9884000000053
557.8,647.1626336633578
557.9,641.1820316831569
558.0,658.1095999999848
558.1,679.6135999999925
558.2,674.8749000000001
558.3,674.7292000000009
558.4,675.3341000000004
558.5,674.7792000000009
558.6,672.9749445544306
558.7,657.750908910877
558.8,688.0367999999864
558.9,680.6069999999983
559.0,684.4935999999972
559.1,690.0865999999994
559.2,691.4195999999993
559.3,692.8439999999978
559.4,691.5199009901002
559.5,689.0053000000008
559.6,685.5284000000009
559.7,681.2090000000046
559.8,661.5319000000449
559.9,683.5912999999979
560.0,692.6464999999996
560.1,694.2500000000007
560.2,691.2499009900989
560.3,697.29
560.4,676.38
560.5,677.53
560.6,675.04
560.7,676.89
560.8,656.56
560.9,653.84
561.0,648.4934653465455
561.1,645.5887999999993
561.2,640.4218999999988
561.3,638.0335999999994
561.4,630.5552999999983
561.5,646.1021999999681
561.6,642.7850999999991
561.7,643.9281000000003
561.8,646.2336633663379
561.9,648.9162000000013
562.0,653.6053999999915
562.1,657.5906000000018
562.2,663.0306000000026
562.3,668.4124000000027
562.4,673.8414000000025
562.5,679.5849999999898
562.6,685.6382178217864
562.7,692.2995999999898
562.8,698.4267000000042
562.9,700.0456000000011
563.0,702.2239999999966
563.1,695.7715999999954
563.2,689.6627000000093
563.3,681.4774999999944
563.4,660.3029702970102
563.5,655.4272000000053
563.6,642.0599999999876
563.7,627.6956000000183
563.8,610.3391999999841
563.9,668.5936000000559
564.0,673.9587999999961
564.1,656.8117861385924
564.2,651.763267326737
564.3,647.436499999995
564.4,641.4535000000062
564.5,637.0365000000049
564.6,635.5754999999986
564.7,633.4865000000023
564.8,630.8149999999969
564.9,625.1780891089154
565.0,627.6967247524724
565.1,625.3413999999964
565.2,623.1684000000016
565.3,621.8085999999983
565.4,618.6938000000025
565.5,614.8528000000035
565.6,611.7059999999958
565.7,605.6008851485183
565.8,595.8878999999841
565.9,676.2766999999544
566.0,699.9197999999872
566.1,704.643799999998
566.2,708.4804999999974
566.3,709.0104000000005
566.4,707.7559000000008
566.5,705.9383029702979
566.6,704.2904079207925
566.7,697.8304000000032
566.8,689.9843999999855
566.9,667.9692000000064
567.0,665.7144000000002
567.1,667.0967999999996
567.2,666.4656000000004
567.3,663.4467089108853
567.4,661.1405306930694
567.5,670.1582999999978
567.6,655.5636000000004
567.7,648.8885000000013
567.8,645.8229
567.9,627.1061000000045
568.0,638.5750999999967
568.1,634.9397801980199
568.2,627.7646633663368
568.3,618.2909999999978
568.4,618.8589999999999
568.5,624.502
568.6,625.3530000000001
568.7,631.1759999999999
568.8,633.9890000000006
568.9,634.2121782178217
569.0,637.9123999999925
569.1,641.9211000000009
569.2,644.1222000000005
569.3,646.6362000000012
569.4,650.3376000000009
569.5,644.4143000000129
569.6,630.4401999999966
569.7,619.8395049504907
569.8,608.2899999999914
569.9,598.9423999999959
570.0,680.6503999998545
570.1,680.9927999999943
570.2,675.487199999998
570.3,671.4639999999971
570.4,651.4275999999899
570.5,646.268118811885
570.6,636.1733999999924
570.7,627.5425000000107
570.8,614.3160999999905
570.9,597.3445999999881
571.0,660.2951999999029
571.1,694.3217000000191
571.2,706.0734742574186
571.3,705.2213366336618
571.4,703.2373999999983
571.5,702.2906000000008
571.6,700.8469999999986
571.7,695.5646000000062
571.8,711.6476000000179
571.9,695.8906712870721
572.0,670.6781980198181
572.1,666.4939999999995
572.2,682.496499999985
572.3,679.1759999999917
572.4,676.7555000000012
572.5,675.4745000000014
572.6,676.063500000001
572.7,663.2412871287218
572.8,663.3535366336675
572.9,665.351999999999
573.0,665.9171999999998
573.1,654.923999999982
573.2,654.264799999999
573.3,657.4128000000047
573.4,663.6215999999963
573.5,671.120760396034
573.6,675.6403999999989
573.7,677.6528999999989
573.8,693.3265000000296
573.9,695.5421000000003
574.0,692.9928000000019
574.1,689.638200000001
574.2,685.5474000000029
574.3,680.7463999999921
574.4,675.8503960396044
574.5,669.9844000000028
574.6,662.8958000000003
574.7,655.9958000000031
574.8,653.5563999999973
574.9,654.274
575.0,654.7277999999999
575.1,652.9104000000001
575.2,649.7152475247534
575.3,648.4381999999998
575.4,630.2918000000051
575.5,620.9508000000014
575.6,613.4157999999984
575.7,605.0369000000019
575.8,592.9952999999974
575.9,579.3543564356441
576.0,566.694
576.1,556.2279999999955
576.2,597.2860000000001
576.3,611.7460000000021
576.4,623.838
576.5,628.174
576.6,630.6160000000012
576.7,633.545841584159
576.8,637.6639000000031
576.9,645.431400000002
577.0,652.7325999999891
577.1,659.2381000000015
577.2,663.4319000000008
577.3,664.5139000000003
577.4,663.3171495049498
577.5,656.5795564356544
577.6,650.6147999999976
577.7,642.8021999999961
577.8,633.8475999999913
577.9,622.6459999999946
578.0,608.2798000000199
578.1,656.2138000000299
578.2,674.701287128707
578.3,679.3704000000031
578.4,676.5676999999965
578.5,670.5074000000068
578.6,666.4065999999976
578.7,660.1530000000075
578.8,655.7402999999974
578.9,653.2929999999985
579.0,651.1859861386158
579.1,646.2263524752423
579.2,620.4848000000261
579.3,610.0411999999967
579.4,608.4479999999992
579.5,607.9540000000003
579.6,610.0892000000026
579.7,607.7196000000033
579.8,614.1844554455552
579.9,619.4574999999978
580.0,622.0349999999976
580.1,622.3249999999996
580.2,633.8874999999912
580.3,650.280000000019
580.4,657.2624999999979
580.5,660.2699999999969
580.6,663.2174257425731
580.7,663.1194000000011
580.8,662.2253999999989
580.9,663.6997999999993
581.0,665.5331999999985
581.1,652.4206000000058
581.2,648.3777999999991
581.3,653.9360198019899
581.4,657.4339415841581
581.5,656.986100000001
581.6,653.5340000000003
581.7,648.7646000000034
581.8,643.9597999999925
581.9,635.6720000000007
582.0,623.2615000000092
582.1,608.9921653465366
582.2,653.166914851456
582.3,681.5664000000024
582.4,669.39800000001
582.5,658.6452000000029
582.6,651.4699999999985
582.7,643.9628000000034
582.8,621.5055999999948
582.9,617.1323287128698
583.0,610.2954277227749
583.1,595.1126999999929
583.2,652.1522999999802
583.3,685.0383000000047
583.4,687.0992000000003
583.5,682.2964000000014
583.6,677.9681999999984
583.7,683.4324752475242
583.8,682.063999999996
583.9,690.366
584.0,690.0740000000105
584.1,687.351
584.2,686.141
584.3,667.8469999999826
584.4,672.0139999999999
584.5,675.482079207924
584.6,678.6202000000012
584.7,683.9794000000012
584.8,671.2786999999806
584.9,663.9774999999997
585.0,663.9556999999993
585.1,662.2500999999994
585.2,660.8976237623771
585.3,643.6599999999886
585.4,636.3876000000005
585.5,635.7032000000016
585.6,632.6291999999983
585.7,627.8332000000057
585.8,621.1043999999966
585.9,628.1826732673352
586.0,628.9108000000049
586.1,622.9698999999958
586.2,618.2866000000033
586.3,614.8695999999978
586.4,612.1180999999982
586.5,608.9987000000028
586.6,606.4059999999986
586.7,604.7313861386148
586.8,603.7153999999992
586.9,603.473
587.0,604.2225999999985
587.1,606.1378000000021
587.2,609.8471999999973
587.3,612.7756000000019
587.4,614.0049999999995
587.5,618.6186138613782
587.6,622.9320000000035
587.7,623.4705000000002
587.8,621.2624999999966
587.9,612.3975000000041
588.0,608.9144999999987
588.1,603.8369999999904
588.2,595.1440000000031
588.3,585.5242574257297
588.4,631.887599999993
588.5,663.9551999999944
588.6,666.7367999999999
588.7,669.4691999999966
588.8,674.4524000000077
588.9,680.3747999999995
589.0,684.7807999999968
589.1,686.4862376237625
589.2,688.3501999999983
589.3,690.1405000000021
589.4,688.9074999999996
589.5,672.8393000000164
589.6,662.8470999999997
589.7,657.5647000000049
589.8,646.0462999999777
589.9,631.151782178213
590.0,614.3284000000081
590.1,590.6777999999888
590.2,579.6366000000005
590.3,570.5747999999943
590.4,598.1733999999759
590.5,630.0393999999915
590.6,643.0723762376291
590.7,645.2960000000005
590.8,642.7495999999983
590.9,644.550399999999
591.0,647.3725999999997
591.1,649.6609000000018
591.2,652.1556999999996
591.3,655.1357000000022
591.4,644.2318811881206
591.5,637.7919999999964
591.6,641.624
591.7,641.6320000000001
591.8,642.8000000000036
591.9,644.184
592.0,643.152000000002
592.1,641.9342772277203
592.2,642.0130019801966
592.3,643.6462000000025
592.4,646.7938000000008
592.5,661.5641999999751
592.6,674.9526000000017
592.7,679.5674000000006
592.8,684.9910960396126
592.9,669.4889108910779
593.0,646.7062000000144
593.1,629.8003999999921
593.2,612.523800000015
593.3,594.6233999999918
593.4,575.6863999999912
593.5,555.6284000000178
593.6,533.9715999999897
593.7,511.5690099010062
593.8,489.64229999998525
593.9,467.787199999985
594.0,457.9338000000004
594.1,457.5815999999999
594.2,457.49580000000003
594.3,457.4358
594.4,457.3872
594.5,457.34178217821784
594.6,457.2976
594.7,457.26880000000006
594.8,455.08719999999647
594.9,453.2736000000001
595.0,453.07800000000026
595.1,452.8779999999998
595.2,452.6780000000001
595.3,452.4791089108909
595.4,452.28000000000003
595.5,452.0800000000002
595.6,451.87999999999977
595.7,451.68
595.8,451.38649999999956
595.9,451.22
596.0,451.22
596.1,451.22
596.2,451.22
596.3,451.22
596.4,451.22
596.5,451.22
596.6,451.22
596.7,451.22
596.8,450.8114178217811
596.9,450.46
597.0,450.46
597.1,450.5077
597.2,450.5712
597.3,450.6218000000001
597.4,450.6712
597.5,450.7006
597.6,450.69939999999997
597.7,450.69
597.8,450.52359999999976
597.9,450.5051999999999
598.0,450.60400000000004
598.1,450.554
598.2,450.5092
598.3,450.4796
598.4,450.41336633663366
598.5,450.3039
598.6,450.2244999999999
598.7,450.23569999999995
598.8,450.1424999999998
598.9,450.00980000000004
599.0,449.9796
599.1,449.9906000000001
599.2,450.0553465346535
599.3,450.11000000000007
599.4,450.12
599.5,450.1549999999999
599.6,450.255
599.7,450.345
599.8,450.2899999999998
599.9,450.19
600.0,450.2146534653465
600.1,450.2794
600.2,450.3002
600.3,450.2459
600.4,450.18039999999996
600.5,450.12570000000005
600.6,450.0361
600.7,449.93590000000006
600.8,449.7444554455445
600.9,449.5996
601.0,449.5908
601.1,449.546
601.2,449.5104
601.3,449.5432
601.4,449.6188
601.5,449.6832673267326
601.6,449.7106
601.7,449.7
601.8,449.52609999999976
601.9,449.3394
602.0,449.34060000000005
602.1,449.3112
602.2,449.2665
602.3,449.22138613861387
602.4,449.2
602.5,449.1724000000001
602.6,449.10779999999994
602.7,449.07
602.8,449.0101999999999
602.9,449.02279999999996
603.0,449.08780000000013
603.1,449.0181188118812
603.2,448.96200000000005
603.3,448.91749999999996
603.4,448.87649999999996
603.5,448.87799999999993
603.6,448.9
603.7,448.9
603.8,448.91350000000006
603.9,448.9210891089109
604.0,448.91
604.1,448.91
604.2,448.91
604.3,448.89239999999995
604.4,448.87
604.5,448.87
604.6,448.87
604.7,448.85710000000006
604.8,448.79269999999997
604.9,448.7214
605.0,448.7186
605.1,448.73
605.2,448.74289999999996
605.3,448.7686
605.4,448.78851485148516
605.5,448.8
605.6,448.8
605.7,448.8
605.8,448.6781999999997
605.9,448.51
606.0,448.51
606.1,448.51
606.2,448.51831683168314
606.3,448.53
606.4,448.5382
606.5,448.5582
606.6,448.57
606.7,448.57
606.8,448.5207999999999
606.9,448.45
607.0,448.442
607.1,448.422
607.2,448.40999999999997
607.3,448.40999999999997
607.4,448.43
607.5,448.46799999999996
607.6,448.472
607.7,448.4481188118812
607.8,448.44950000000006
607.9,448.48
608.0,448.48
608.1,448.48
608.2,448.47220000000004
608.3,448.4054
608.4,448.3278
608.5,448.3322772277228
608.6,448.32
608.7,448.3086
608.8,448.2406
608.9,448.16380000000004
609.0,448.17
609.1,448.1586
609.2,448.11742574257426
609.3,448.0125891089108
609.4,447.8852
609.5,447.86
609.6,447.86
609.7,447.93769999999995
609.8,447.9996999999999
609.9,447.991
610.0,448.18366336633665
610.1,448.1792
610.2,448.1204
610.3,448.0356
610.4,448.0064
610.5,447.99280000000005
610.6,447.9403999999999
610.7,447.8088
610.8,447.66435643564347
610.9,447.5965
611.0,447.583
611.1,447.563
611.2,447.55
611.3,447.57450000000006
611.4,447.648
611.5,447.72079207920785
611.6,447.7668
611.7,447.7494000000001
611.8,447.70700000000005
611.9,447.7502
612.0,447.75640000000004
612.1,447.69939999999997
612.2,447.60940000000005
612.3,447.5264356435643
612.4,447.48
612.5,447.4701
612.6,447.43679999999995
612.7,447.3704000000001
612.8,447.31970000000007
612.9,447.40969999999993
613.0,447.49309999999997
613.1,447.54653465346536
613.2,447.5664
613.3,447.5864
613.4,447.6096
613.5,447.60760000000005
613.6,447.53759999999994
613.7,447.4292000000001
613.8,447.22319999999974
613.9,447.06633663366335
614.0,447.0676
614.1,447.0307
614.2,447.0007
614.3,446.96449999999993
614.4,446.9486
614.5,447.00859999999994
614.6,447.0593
614.7,447.0861386138614
614.8,447.0699999999998
614.9,447.006
615.0,446.999
615.1,446.929
615.2,446.86199999999997
615.3,446.77199999999976
615.4,446.642
615.5,446.5732673267327
615.6,446.4984
615.7,446.4584
615.8,446.4213
615.9,446.4087
616.0,446.4358
616.1,446.4442
616.2,446.43
616.3,446.44960000000003
616.4,446.5
616.5,446.5056
616.6,446.52
616.7,446.52
616.8,446.506
616.9,446.47
617.0,446.4561386138614
617.1,446.42
617.2,446.4146
617.3,446.4
617.4,446.3919
617.5,446.36460000000005
617.6,446.3446
617.7,446.33
617.8,446.29792079207914
617.9,446.2048
618.0,446.19
618.1,446.19
618.2,446.19
618.3,446.1848
618.4,446.1674
618.5,446.1548514851485
618.6,446.14
618.7,446.135
618.8,446.115
618.9,446.15250000000015
619.0,446.3025
619.1,446.2725
619.2,446.25
619.3,446.2475247524752
619.4,446.24
619.5,446.2352
619.6,446.22
619.7,446.2272
619.8,446.25480000000005
619.9,446.2652475247525
620.0,446.2431
620.1,446.2336633663367
620.2,446.2734
620.3,446.24339999999995
620.4,446.2134
620.5,446.20539999999994
620.6,446.2578
620.7,446.23900000000003
620.8,446.1978
620.9,446.19
621.0,446.1984
621.1,446.2174
621.2,446.16999999999996
621.3,446.1847000000001
621.4,446.2442
621.5,446.2537
621.6,446.2258415841584
621.7,446.22399999999993
621.8,446.27599999999995
621.9,446.26
622.0,446.25
622.1,446.216
622.2,446.24
622.3,446.226
622.4,446.1680198019802
622.5,446.1638
622.6,446.1876
622.7,446.2105
622.8,446.16999999999996
622.9,446.1795
623.0,446.2181
623.1,446.20619999999997
623.2,446.17871287128713
623.3,446.139
623.4,446.18
623.5,446.17460000000005
623.6,446.13919999999996
623.7,446.09
623.8,446.10260000000005
623.9,446.151
624.0,446.11
624.1,446.10319999999996
624.2,446.07169999999996
624.3,446.08
624.4,446.08
624.5,446.08
624.6,446.05109999999985
624.7,445.90999999999997
624.8,445.9035999999999
624.9,445.86519999999996
625.0,445.8384
625.1,445.83480000000003
625.2,445.86639999999994
625.3,445.8984
625.4,445.89480000000003
625.5,445.910495049505
625.6,445.84199999999987
625.7,445.74
625.8,445.74600000000004
625.9,445.78
626.0,445.7815
626.1,445.802
626.2,445.85811881188124
626.3,445.78999999999996
626.4,445.8039999999999
626.5,445.89279999999997
626.6,445.93100000000015
626.7,446.06559999999996
626.8,446.11120000000005
626.9,446.17440000000005
627.0,446.14
627.1,446.14390000000003
627.2,446.15700000000004
627.3,446.06739999999996
627.4,446.0526
627.5,446.06350000000003
627.6,446.0317000000001
627.7,446.1165
627.8,446.16386138613865
627.9,446.1804
628.0,446.11839999999995
628.1,446.18
628.2,446.1752
628.3,446.14480000000003
628.4,446.1848
628.5,446.2176
628.6,446.20356435643566
628.7,446.2267
628.8,446.19119999999987
628.9,446.12
629.0,446.12
629.1,446.1123
629.2,446.061
629.3,446.1510782178218
629.4,446.161
629.5,446.17499999999995
629.6,446.206
629.7,446.073
629.8,446.015
629.9,446.06
630.0,446.053
630.1,445.995
630.2,446.0419801980198
630.3,446.0564
630.4,446.0245
630.5,446.0664
630.6,446.02099999999996
630.7,445.9336
630.8,445.9772
630.9,446.04732673267324
631.0,446.02
631.1,446.02
631.2,446.0248
631.3,446.09760000000006
631.4,446.3056
631.5,446.36840000000007
631.6,446.3492
631.7,446.3479207920792
631.8,446.43719999999996
631.9,446.39579999999995
632.0,446.33650000000006
632.1,446.2921
632.2,446.31719999999996
632.3,446.2708999999999
632.4,446.1422999999999
632.5,446.0351485148516
632.6,445.97
632.7,445.97
632.8,445.96819999999997
632.9,445.9358
633.0,445.87
633.1,445.87
633.2,445.87
633.3,445.86821782178214
633.4,445.8395
633.5,445.83
633.6,445.82749999999993
633.7,445.78
633.8,445.78
633.9,445.77799999999996
634.0,445.74
634.1,445.74
634.2,445.74
634.3,445.74
634.4,445.74
634.5,445.74
634.6,445.74
634.7,445.74
634.8,445.74
634.9,445.74
635.0,445.74
635.1,445.74
635.2,445.74
635.3,445.74
635.4,445.73640000000006
635.5,445.62
635.6,445.62
635.7,445.62
635.8,445.62
635.9,445.62
636.0,445.62
636.1,445.62
636.2,445.62
636.3,445.62
636.4,445.62
636.5,445.62
636.6,445.61969999999997
636.7,445.59
636.8,445.59
636.9,445.59
637.0,445.59
637.1,445.59
637.2,445.59
637.3,445.59
637.4,445.65999999999997
637.5,445.78
637.6,445.78
637.7,445.78999999999996
637.8,445.78999999999996
637.9,445.78999999999996
638.0,445.78999999999996
638.1,445.78999999999996
638.2,445.78999999999996
638.3,445.78999999999996
638.4,445.9187
638.5,445.91999999999996
638.6,445.91999999999996
638.7,445.94939999999997
638.8,445.95
638.9,445.95
639.0,445.95
639.1,445.95
639.2,445.95
639.3,445.95
639.4,445.9888
639.5,445.99
639.6,445.99
639.7,445.99
639.8,445.99
639.9,445.99
640.0,445.99
640.1,445.99
640.2,445.99
640.3,445.99
640.4,445.8747999999999
640.5,445.87
640.6,445.87
640.7,445.8604
640.8,445.86
640.9,445.86
641.0,445.86
641.1,445.86
641.2,445.86
641.3,445.86
641.4,445.86949999999996
641.5,445.87
641.6,445.87
641.7,445.87
641.8,445.87
641.9,445.87
642.0,445.87
642.1,445.87
642.2,445.87
642.3,445.87
642.4,445.98168316831675
642.5,445.87840000000006
642.6,445.87
642.7,445.87
642.8,445.87
642.9,455.61639999999454
643.0,469.3234999999905
643.1,481.6257425742539
643.2,492.2323999999952
643.3,499.1788000000121
643.4,505.20239999999836
643.5,564.339199999971
643.6,576.220399999998
643.7,586.3319999999953
643.8,597.2626930693272
643.9,642.2198910891071
644.0,631.9518000000037
644.1,630.7738999999999
644.2,621.9457000000023
644.3,611.3148000000002
644.4,603.7980000000016
644.5,595.3058000000019
644.6,683.0702970297226
644.7,685.8879999999999
644.8,691.4560000000016
644.9,677.454
645.0,674.731
645.1,663.0269999999971
645.2,653.289
645.3,641.3159999999972
645.4,623.9969306930657
645.5,606.8021000000308
645.6,588.9711999999959
645.7,670.0726000000212
645.8,675.7297999999976
645.9,678.5598000000009
646.0,678.0722000000019
646.1,675.087326732672
646.2,676.1344000000008
646.3,669.5891999999944
646.4,664.9563999999981
646.5,665.0923999999989
646.6,647.0959999999907
646.7,661.5964000000088
646.8,682.7068000000155
646.9,682.1159405940571
647.0,683.0941999999978
647.1,684.4236000000008
647.2,668.9039000000234
647.3,664.8721999999987
647.4,664.7766000000001
647.5,664.4433000000005
647.6,641.7269306930464
647.7,634.0896000000048
647.8,632.5799999999991
647.9,628.3033999999957
648.0,626.021800000002
648.1,626.3190000000005
648.2,621.3360000000062
648.3,634.0808000000144
648.4,635.1745544554466
648.5,638.1674999999957
648.6,641.9175000000043
648.7,647.1719999999957
648.8,651.5360000000047
648.9,654.403999999998
649.0,658.8374999999946
649.1,664.607920792087
649.2,668.2564158415823
649.3,674.5912000000095
649.4,682.1763999999957
649.5,686.5011999999966
649.6,686.8967999999996
649.7,685.272400000001
649.8,681.6771999999946
649.9,674.7124910891115
650.0,668.4998000000041
650.1,659.6797000000028
650.2,647.6635000000085
650.3,633.4451999999768
650.4,616.843400000005
650.5,599.8898000000115
650.6,583.3233000000049
650.7,629.8845376237329
650.8,641.8774000000028
650.9,633.9682000000005
651.0,627.7338000000025
651.1,623.8736000000001
651.2,620.7882000000013
651.3,617.8883999999947
651.4,618.3868
651.5,619.6818455445541
651.6,618.7716811881186
651.7,618.2651000000001
651.8,624.0987000000016
651.9,629.5542999999989
652.0,630.5504999999999
652.1,630.6086
652.2,629.4779000000003
652.3,625.400594059404
652.4,617.3320198019802
652.5,605.4300000000001
652.6,593.2119999999945
652.7,664.734
652.8,697.396000000008
652.9,699.508
653.0,696.6379999999999
653.1,692.9760990098985
653.2,687.4479415841571
653.3,678.8824999999935
653.4,668.8029999999976
653.5,661.4260000000104
653.6,656.9826999999991
653.7,638.1263999999949
653.8,631.3233999999982
653.9,628.3449108910853
654.0,623.0955623762446
654.1,617.5745999999975
654.2,612.9167999999979
654.3,610.356599999998
654.4,609.4653999999997
654.5,608.170000000002
654.6,607.2861999999997
654.7,606.3527801980437
654.8,618.5526960396224
654.9,622.5834000000003
655.0,624.8975999999969
655.1,623.257699999998
655.2,626.7048999999943
655.3,634.2001000000056
655.4,638.7188000000024
655.5,645.4489108910823
655.6,652.7568000000065
655.7,650.6192000000041
655.8,648.4271999999988
655.9,645.3307999999967
656.0,643.3708000000012
656.1,638.9867999999951
656.2,638.6295999999991
656.3,632.275643564347
656.4,621.7500000000063
656.5,611.9125000000107
656.6,600.2149999999858
656.7,588.3025000000067
656.8,649.2850000000968
656.9,664.5300000000045
657.0,658.2211881188206
657.1,654.4242514851505
657.2,648.4422000000063
657.3,640.2511999999883
657.4,629.4926000000037
657.5,617.583000000011
657.6,605.8290000000037
657.7,589.5984000000162
657.8,636.2251485149575
657.9,677.282599999998
658.0,684.7908000000007
658.1,684.7289999999999
658.2,686.839399999998
658.3,689.9333000000051
658.4,690.1211000000001
658.5,690.6583999999993
658.6,688.7021782178215
658.7,684.7656000000019
658.8,665.3899999999953
658.9,657.1248000000007
659.0,670.6999999999912
659.1,679.3280000000009
659.2,683.3319999999983
659.3,685.5116000000003
659.4,672.5594059405995
659.5,663.932400000001
659.6,659.5498999999982
659.7,657.8953000000001
659.8,658.5820000000006
659.9,642.3941000000053
660.0,637.8977999999993
660.1,638.7214435643564
660.2,636.9998811881188
660.3,633.213999999997
660.4,629.212
660.5,638.125999999977
660.6,643.448
660.7,643.138
660.8,640.1949999999974
660.9,635.8749504950488
661.0,632.5487000000037
661.1,627.8535999999988
661.2,622.8248999999989
661.3,618.4281999999961
661.4,614.8843999999992
661.5,612.865700000002
661.6,611.6164999999997
661.7,609.982475247527
661.8,607.6831999999988
661.9,605.390799999999
662.0,603.9896000000011
662.1,607.1552000000023
662.2,608.7252000000002
662.3,595.2939999999911
662.4,590.1528000000008
662.5,587.2326732673314
662.6,580.6991999999951
662.7,574.0421000000053
662.8,567.3303999999953
662.9,560.9327999999958
663.0,608.9556999999371
663.1,639.7472000000063
663.2,652.0637623762283
663.3,661.0238000000058
663.4,667.8167999999959
663.5,672.8035999999946
663.6,674.9552000000011
663.7,679.5213999999963
663.8,680.8019999999989
663.9,682.0363999999985
664.0,683.5796039603947
664.1,680.1569999999934
664.2,672.1790000000032
664.3,662.0184999999879
664.4,648.1430000000054
664.5,632.0495000000186
664.6,615.6859999999814
664.7,600.8535000000047
664.8,586.1806930692876
664.9,614.3891999999952
665.0,634.1575999999988
665.1,642.4543999999989
665.2,645.2308000000023
665.3,645.2992000000021
665.4,646.0740000000001
665.5,647.601599999998
665.6,649.6953465346536
665.7,652.5100999999978
665.8,657.6953000000101
665.9,665.0070000000012
666.0,654.5488000000145
666.1,647.7169000000002
666.2,647.8286000000005
666.3,646.8721999999983
666.4,646.1119801980196
666.5,647.1113999999991
666.6,650.7492000000019
666.7,653.6793999999991
666.8,657.291600000002
666.9,660.4525999999989
667.0,675.9009999999894
667.1,689.419400000003
667.2,693.7853465346527
667.3,695.3312000000005
667.4,700.1185999999984
667.5,705.633999999999
667.6,706.0445999999986
667.7,704.8501000000001
667.8,703.619599999999
667.9,690.1334000000047
668.0,677.3902970297138
668.1,666.968
668.2,656.966
668.3,650.0279999999946
668.4,646.206
668.5,636.4960000000199
668.6,623.8620000000001
668.7,614.3019405940594
668.8,604.1006980197899
668.9,593.0892999999976
669.0,633.3293999999157
669.1,684.0265000000076
669.2,693.1864999999982
669.3,679.0051999999782
669.4,676.604600000002
669.5,667.4710891089319
669.6,654.0795999999966
669.7,644.3274000000099
669.8,634.7945999999963
669.9,622.0071999999926
670.0,661.6953999999307
670.1,690.9361999999965
670.2,688.6389999999986
670.3,693.8496039604006
670.4,696.7796999999994
670.5,697.374799999999
670.6,696.5238999999981
670.7,695.1505000000002
670.8,693.1189999999978
670.9,688.4851999999962
671.0,685.7864000000003
671.1,684.8914851485139
671.2,689.5231999999967
671.3,693.8320000000004
671.4,691.7452000000014
671.5,692.9851999999926
671.6,682.9995999999799
671.7,673.1176
671.8,671.6036950495024
671.9,672.2389999999996
672.0,662.3345000000235
672.1,650.2989999999943
672.2,644.4650000000007
672.3,640.2419999999973
672.4,636.4355000000005
672.5,632.9085000000026
672.6,627.3566980198018
672.7,633.7203999999829
672.8,642.7982000000011
672.9,645.4804000000006
673.0,648.9681999999974
673.1,651.6146000000003
673.2,655.7029999999951
673.3,661.4500000000082
673.4,667.4932000000008
673.5,673.4498019801933
673.6,679.9206000000028
673.7,687.0041999999952
673.8,691.9765000000049
673.9,692.4347999999993
674.0,688.9147000000034
674.1,684.9540999999988
674.2,682.0672000000019
674.3,675.6694059405891
674.4,668.1744000000026
674.5,660.3720000000045
674.6,649.8167999999929
674.7,636.8784000000066
674.8,620.9879999999891
674.9,605.2660000000066
675.0,590.8628000000066
675.1,615.6797029703437
675.2,647.0593999999993
675.3,643.1347999999907
675.4,635.3994000000012
675.5,631.5481000000007
675.6,628.5622999999971
675.7,625.2027722772281
675.8,623.900000000001
675.9,624.81
676.0,624.3650000000022
676.1,623.655
676.2,617.855
676.3,614.5450000000062
676.4,619.2049999999999
676.5,621.6103960396031
676.6,621.4037999999997
676.7,618.7400000000035
676.8,613.5345999999986
676.9,604.5559999999973
677.0,593.0736000000101
677.1,582.1006999999976
677.2,629.71349405931
677.3,693.4817346534712
677.4,702.1779999999997
677.5,700.0204000000022
677.6,696.3275999999983
677.7,691.7180000000035
677.8,684.3787999999957
677.9,675.308399999996
678.0,667.8144950495089
678.1,654.238613861374
678.2,640.2021000000022
678.3,635.8681999999981
678.4,632.8436000000013
678.5,628.3277000000097
678.6,622.6747999999965
678.7,618.1258000000015
678.8,614.9332930693054
678.9,612.9978752475251
679.0,611.2158000000031
679.1,610.5788000000011
679.2,610.2580000000003
679.3,615.9194000000135
679.4,624.4705999999999
679.5,626.1187999999969
679.6,625.8227999999971
679.7,626.3163366336632
679.8,632.5960000000089
679.9,638.2260000000003
680.0,643.8599999999898
680.1,651.5370000000007
680.2,650.7930000000104
680.3,647.4930000000043
680.4,648.6409108910907
680.5,647.1520039603987
680.6,644.4015999999981
680.7,641.8567999999993
680.8,638.6431999999888
680.9,629.151599999996
681.0,618.9304000000083
681.1,608.0495999999953
681.2,595.9619801980285
681.3,628.6016000000553
681.4,678.060800000003
681.5,672.3093000000051
681.6,666.599499999998
681.7,661.9208000000044
681.8,654.5992999999949
681.9,644.6688000000081
682.0,631.5977227722858
682.1,617.2025999999879
682.2,640.1589999999663
682.3,685.1836000000044
682.4,688.5961999999995
682.5,690.7225999999984
682.6,694.6096000000038
682.7,696.5200000000007
682.8,696.0741584158426
682.9,695.1776000000009
683.0,691.9189000000032
683.1,697.9459999999958
683.2,700.7569000000045
683.3,679.3667999999739
683.4,674.444399999995
683.5,687.3990504950493
683.6,687.764
683.7,687.94
683.8,681.5379999999793
683.9,668.406
684.0,662.5299999999996
684.1,662.5260000000001
684.2,660.6800000000001
684.3,650.9114851484873
684.4,639.5987792079209
684.5,638.0653000000032
684.6,634.8250999999998
684.7,633.8527000000007
684.8,633.2351000000001
684.9,640.0487000000039
685.0,653.2056999999957
685.1,656.2074257425734
685.2,653.645600000001
685.3,651.1021999999987
685.4,646.9355999999971
685.5,641.9616000000011
685.6,639.3841999999988
685.7,636.5600000000014
685.8,632.4405999999976
685.9,626.7392079207942
686.0,620.3881000000093
686.1,615.6724999999981
686.2,613.1889000000003
686.3,610.4928999999975
686.4,607.2401000000003
686.5,607.5859999999923
686.6,608.6008999999963
686.7,606.117821782178
686.8,606.955199999998
686.9,603.9939999999996
687.0,599.1616000000079
687.1,593.2447999999943
687.2,586.0355999999992
687.3,577.9187999999938
687.4,600.6824752475384
687.5,653.1539999999891
687.6,659.7140000000003
687.7,662.394999999993
687.8,668.803000000008
687.9,674.8625000000015
688.0,677.980499999999
688.1,680.6685148514878
688.2,684.3154000000011
688.3,684.0876000000022
688.4,685.6120000000008
688.5,678.7656000000206
688.6,662.3615999999975
688.7,656.5240000000081
688.8,646.420399999983
688.9,632.6914970296914
689.0,616.774880198029
689.1,602.1905999999889
689.2,588.50570000001
689.3,573.7626999999875
689.4,581.702899999963
689.5,624.748199999986
689.6,642.5756000000104
689.7,649.8335306930713
689.8,648.1957465346545
689.9,649.3515999999995
690.0,650.9647999999987
690.1,653.2464000000017
690.2,655.0799999999989
690.3,658.4280000000056
690.4,662.7619999999988
690.5,664.3508316831686
690.6,664.7242643564385
690.7,665.8788000000003
690.8,665.0749000000011
690.9,665.7935999999999
691.0,667.2928999999966
691.1,670.7278999999993
691.2,674.1557999999991
691.3,678.7818009901052
691.4,683.5607128712836
691.5,687.8249999999948
691.6,694.644
691.7,698.597
691.8,690.7719999999518
691.9,664.136
692.0,645.5330000000133
692.1,625.3091089108897
692.2,603.9724000000089
692.3,583.1988999999951
692.4,561.4087999999949
692.5,539.0911000000098
692.6,516.3330999999946
692.7,493.53510000000904
692.8,473.2209999999956
692.9,459.6657425742574
693.0,459.65200000000004
693.1,459.56319999999994
693.2,459.51439999999997
693.3,459.48879999999997
693.4,459.4572
693.5,459.436
693.6,459.38879999999995
693.7,458.8748514851487
693.8,456.824299999998
693.9,454.6676
694.0,454.55030000000016
694.1,454.4402999999999
694.2,454.33029999999997
694.3,454.2202999999999
694.4,454.11029999999994
694.5,454.0005940594059
694.6,453.8966000000001
694.7,453.7727999999993
694.8,453.59699999999987
694.9,453.56
695.0,453.56
695.1,453.56
695.2,453.56
695.3,453.56
695.4,453.56
695.5,453.56
695.6,453.56
695.7,453.5024999999997
695.8,453.29999999999984
695.9,453.21
696.0,453.225
696.1,453.2724752475247
696.2,453.2751999999999
696.3,453.26
696.4,453.26
696.5,453.26719999999995
696.6,453.29479999999995
696.7,453.3076
696.8,453.2500990099011
696.9,453.0877
697.0,453.07770000000005
697.1,453.05850000000015
697.2,453.01079999999996
697.3,452.98690000000005
697.4,453.01460000000003
697.5,453.03459999999995
697.6,453.02950495049527
697.7,452.95119999999986
697.8,452.898
697.9,452.8288
698.0,452.8556
698.1,452.8356
698.2,452.8155999999999
698.3,452.81319999999994
698.4,452.85564356435646
698.5,452.8316000000001
698.6,452.7895000000001
698.7,452.74369999999993
698.8,452.7305000000001
698.9,452.77840000000003
699.0,452.81
699.1,452.82889999999975
699.2,452.9187128712873
699.3,453.00800000000004
699.4,453.07
699.5,453.034
699.6,453.05999999999995
699.7,453.084
699.8,452.992
699.9,452.8661386138614
700.0,452.79860000000014
700.1,452.7405000000001
700.2,452.6962
700.3,452.66289999999987
700.4,452.5786000000001
700.5,452.53
700.6,452.5375999999999
700.7,452.57940594059414
700.8,452.58399999999995
700.9,452.41099999999994
701.0,452.3718
701.1,452.3836
701.2,452.4036
701.3,452.41099999999994
701.4,452.37
701.5,452.36643564356433
701.6,452.3466
701.7,452.3810000000009
701.8,452.66570000000047
701.9,452.8281000000001
702.0,452.76150000000007
702.1,452.70640000000014
702.2,452.62485148514827
702.3,452.54359999999997
702.4,452.4955999999999
702.5,452.4104
702.6,452.3520000000002
702.7,452.2763999999998
702.8,452.0857425742574
702.9,451.9965000000001
703.0,451.9065000000001
703.1,451.827
703.2,451.81600000000014
703.3,451.85
703.4,451.85
703.5,451.8528
703.6,451.8616000000002
703.7,451.81
703.8,451.79179999999985
703.9,451.68
704.0,451.68980000000005
704.1,451.75699999999983
704.2,451.8069306930694
704.3,451.85
704.4,451.85519999999997
704.5,451.89259999999996
704.6,451.91389999999996
704.7,451.9373999999999
704.8,451.9018000000001
704.9,451.78
705.0,451.78
705.1,451.78
705.2,451.78240000000005
705.3,451.8
705.4,451.7976
705.5,451.7764000000001
705.6,451.75
705.7,451.75
705.8,451.73455445544533
705.9,451.62
706.0,451.62
706.1,451.6178
706.2,451.6
706.3,451.6
706.4,451.6
706.5,451.6
706.6,451.6
706.7,451.59799999999996
706.8,451.578
706.9,451.56
707.0,451.5570000000001
707.1,451.53000000000003
707.2,451.53000000000003
707.3,451.53000000000003
707.4,451.53000000000003
707.5,451.53000000000003
707.6,451.53000000000003
707.7,451.53000000000003
707.8,451.54170000000005
707.9,451.66
708.0,451.6582
708.1,451.64
708.2,451.64
708.3,451.64
708.4,451.64
708.5,451.64
708.6,451.64
708.7,451.63839999999993
708.8,451.61279999999977
708.9,451.53
709.0,451.5286
709.1,451.51
709.2,451.51
709.3,451.51
709.4,451.51700000000005
709.5,451.6051
709.6,451.53300000000036
709.7,451.4365346534653
709.8,451.3881999999999
709.9,451.37619999999964
710.0,451.6288
710.1,451.61119999999994
710.2,451.62879999999996
710.3,451.6081999999999
710.4,451.5794
710.5,451.5640594059407
710.6,451.46900000000005
710.7,451.45
710.8,451.45
710.9,451.45
711.0,451.45
711.1,451.44900000000007
711.2,451.42749999999995
711.3,451.3814851485149
711.4,451.41239999999993
711.5,451.47279999999995
711.6,451.54319999999996
711.7,451.6208000000001
711.8,451.64
711.9,451.64
712.0,451.64
712.1,451.63801980198025
712.2,451.5881999999999
712.3,451.5278999999999
712.4,451.4578999999999
712.5,451.39
712.6,451.3891000000001
712.7,451.35909999999996
712.8,451.32940594059403
712.9,451.31039999999996
713.0,451.3314
713.1,451.40119999999996
713.2,451.4606000000001
713.3,451.4914
713.4,451.56
713.5,451.5606
713.6,451.589803960396
713.7,451.5790999999998
713.8,451.48859999999974
713.9,451.3495999999999
714.0,451.31019999999995
714.1,451.3291000000002
714.2,451.23929999999984
714.3,451.17
714.4,451.17
714.5,451.170099009901
714.6,451.18
714.7,451.18
714.8,451.17
714.9,451.2
715.0,451.2
715.1,451.2
715.2,451.2
715.3,451.2297029702971
715.4,451.2003000000001
715.5,451.20989999999995
715.6,451.21
715.7,451.21990000000005
715.8,451.20019999999994
715.9,451.3187999999998
716.0,451.33979999999997
716.1,451.34000000000003
716.2,451.34000000000003
716.3,451.32039999999995
716.4,451.3592
716.5,451.36
716.6,451.3404000000001
716.7,451.3008
716.8,451.31960000000004
716.9,451.23267326732685
717.0,451.1718000000001
717.1,451.1894
717.2,451.1705999999999
717.3,451.2282000000002
717.4,451.20090000000005
717.5,451.1709000000001
717.6,451.1894
717.7,451.2092079207921
717.8,451.2004
717.9,451.15199999999993
718.0,451.1884
718.1,451.23799999999983
718.2,451.24
718.3,451.19199999999995
718.4,451.19
718.5,451.22801980198017
718.6,451.4009999999998
718.7,451.40049999999997
718.8,451.3430000000001
718.9,451.34950000000003
719.0,451.42599999999993
719.1,451.3445000000001
719.2,451.31178217821775
719.3,451.2441999999999
719.4,451.2306
719.5,451.15480000000025
719.6,451.13120000000004
719.7,451.10179999999997
719.8,451.1094
719.9,451.07239999999996
720.0,451.05138613861385
720.1,451.10579999999993
720.2,451.0913999999999
720.3,451.09
720.4,451.05280000000005
720.5,451.08719999999994
720.6,451.12719999999996
720.7,451.0655445544553
720.8,451.08760000000007
720.9,451.06239999999997
721.0,451.1243999999998
721.1,451.09320000000014
721.2,451.04399999999987
721.3,451.0860000000001
721.4,451.1084
721.5,451.11
721.6,451.05539999999996
721.7,451.1046
721.8,451.14639999999997
721.9,451.1318
722.0,451.0845
722.1,451.0618
722.2,451.1237
722.3,451.11198019801975
722.4,450.97500000000025
722.5,450.9060000000001
722.6,450.9449999999999
722.7,450.95
722.8,450.89599999999984
722.9,450.90799999999996
723.0,450.90999999999997
723.1,450.94564356435643
723.2,450.9144
723.3,450.90999999999997
723.4,450.8388
723.5,450.85670000000005
723.6,450.86
723.7,450.8155
723.8,450.8723
723.9,450.88
724.0,450.86240000000004
724.1,450.8160000000001
724.2,450.79239999999993
724.3,450.8516000000002
724.4,450.86
724.5,450.8776
724.6,450.87120000000004
724.7,450.87
724.8,450.8526
724.9,450.8326
725.0,450.83000000000004
725.1,450.8039000000001
725.2,450.8609000000001
725.3,450.87
725.4,450.8352
725.5,450.84722772277223
725.6,450.8242
725.7,450.80279999999993
725.8,450.85159999999996
725.9,450.9201999999999
726.0,450.91280000000006
726.1,450.91
726.2,450.94440000000014
726.3,450.89039603960384
726.4,450.863
726.5,450.84299999999996
726.6,450.80600000000015
726.7,450.74049999999994
726.8,450.71299999999997
726.9,450.72700000000003
727.0,450.68792079207924
727.1,450.7052
727.2,450.78560000000033
727.3,450.8
727.4,450.8
727.5,450.8503999999999
727.6,450.86
727.7,450.82673267326726
727.8,450.82
727.9,450.82
728.0,450.7370000000002
728.1,450.72
728.2,450.75320000000005
728.3,450.7101999999999
728.4,450.65849999999995
728.5,450.70752475247525
728.6,450.7282534653465
728.7,450.73
728.8,450.77919999999995
728.9,450.79
729.0,450.7736
729.1,450.77819999999997
729.2,450.82059405940606
729.3,450.7570999999998
729.4,450.77240000000006
729.5,450.8204999999999
729.6,450.7733000000002
729.7,450.76
729.8,450.76
729.9,450.7032999999999
730.0,450.7060396039604
730.1,450.766
730.2,450.78
730.3,450.772
730.4,450.826
730.5,450.84000000000003
730.6,450.81600000000003
730.7,450.84960396039617
730.8,450.8046999999998
730.9,450.7821
731.0,450.83529999999985
731.1,450.88159999999993
731.2,450.8583999999999
731.3,450.85
731.4,450.8026000000001
731.5,450.79782178217823
731.6,450.83119999999985
731.7,450.8166
731.8,450.8334
731.9,450.8478
732.0,450.88120000000004
732.1,450.8432000000002
732.2,450.79879999999997
732.3,450.759108910891
732.4,450.7346
732.5,450.7377
732.6,450.6476000000002
732.7,450.63540000000006
732.8,450.6323
732.9,450.6223
733.0,450.62
733.1,450.5666336633666
733.2,450.5043999999999
733.3,450.49
733.4,450.49
733.5,450.49
733.6,450.3988000000003
733.7,450.37
733.8,450.37
733.9,450.3098019801981
734.0,450.28999999999996
734.1,450.28999999999996
734.2,450.1849999999995
734.3,450.15
734.4,450.15
734.5,450.15
734.6,450.15749999999997
734.7,450.15999999999997
734.8,450.15999999999997
734.9,450.18960000000004
735.0,450.2
735.1,450.2
735.2,450.2
735.3,450.2
735.4,450.2
735.5,450.2
735.6,450.2
735.7,450.2
735.8,450.2
735.9,450.2
736.0,450.2
736.1,450.2
736.2,450.2
736.3,450.2
736.4,450.2
736.5,450.2
736.6,450.2
736.7,450.2
736.8,450.2
736.9,450.2
737.0,450.2
737.1,450.2
737.2,450.2
737.3,450.2
737.4,450.2
737.5,450.2
737.6,450.2
737.7,450.2
737.8,450.2
737.9,450.2
738.0,450.2
738.1,450.2
738.2,450.2
738.3,450.2
738.4,450.2
738.5,450.2
738.6,450.2
738.7,450.2
738.8,450.2
738.9,450.2
739.0,450.2
739.1,450.2
739.2,450.2
739.3,450.2
739.4,450.2
739.5,450.2
739.6,450.2
739.7,450.2
739.8,450.2
739.9,450.2
740.0,450.2
740.1,450.2
740.2,450.1665
740.3,450.15
740.4,450.15
740.5,450.15
740.6,450.15
740.7,450.15
740.8,450.15
740.9,450.0510000000002
741.0,450.0
741.1,450.0
741.2,450.0
741.3,450.0
741.4,450.0
741.5,450.0
741.6,450.0
741.7,450.0
741.8,450.0
741.9,449.92199999999985
742.0,449.88
742.1,449.91249999999985
742.2,449.93
742.3,449.93
742.4,449.93
742.5,449.93
742.6,449.93
742.7,449.93
742.8,449.93
742.9,449.94919999999996
743.0,449.96000000000004
743.1,449.96000000000004
743.2,449.96000000000004
743.3,449.96000000000004
743.4,449.96000000000004
743.5,449.96000000000004
743.6,449.96000000000004
743.7,449.96000000000004
743.8,449.96000000000004
743.9,449.98479999999995
744.0,450.0
744.1,449.96900000000005
744.2,449.95
744.3,449.95
744.4,449.95
744.5,449.95
744.6,449.95
744.7,449.95
744.8,449.95
744.9,449.9439
745.0,449.94
745.1,449.94
745.2,449.94
745.3,449.94
745.4,449.94
745.5,449.94
745.6,449.94
745.7,449.94
745.8,449.94
745.9,449.946
746.0,449.95
746.1,449.9794999999999
746.2,450.0
746.3,450.0
746.4,450.0
746.5,450.0
746.6,450.0
746.7,450.0
746.8,450.0
746.9,449.97679999999997
747.0,449.96000000000004
747.1,449.93100000000015
747.2,449.91
747.3,449.91
747.4,449.91
747.5,449.91
747.6,449.91
747.7,449.91
747.8,449.91
747.9,449.89290000000005
748.0,449.88
748.1,449.8116000000002
748.2,449.76
748.3,449.76
748.4,449.76
748.5,449.76
748.6,449.76
748.7,449.76
748.8,449.76
748.9,449.7544
749.0,449.75
749.1,449.7111881188119
749.2,449.68
749.3,449.68
749.4,449.68
749.5,449.68
749.6,449.68
749.7,449.68
749.8,449.68
749.9,449.68
750.0,449.6530000000001
750.1,449.63
750.2,449.63
750.3,449.63
750.4,449.63
750.5,449.63
750.6,449.63
750.7,449.63
750.8,449.63
750.9,449.63
751.0,449.63
751.1,449.63
751.2,449.63
751.3,449.63
751.4,449.63
751.5,449.69239999999996
751.6,456.9155999999624
751.7,463.49879999999985
751.8,479.80320000005713
751.9,494.8539999999999
752.0,507.4026732673452
752.1,524.6865999999976
752.2,534.0767000000163
752.3,542.0528999999982
752.4,552.3112999999971
752.5,559.4128999999996
752.6,600.7992999999819
752.7,658.5238009901727
752.8,670.4952970296906
752.9,658.94
753.0,645.5800000000354
753.1,631.3250000000295
753.2,617.1699999999651
753.3,644.895000000161
753.4,666.845
753.5,649.3800990099094
753.6,640.625200000019
753.7,628.7531999999967
753.8,615.026099999997
753.9,627.748900000009
754.0,643.716399999998
754.1,634.9196000000179
754.2,621.691699999996
754.3,610.0699009901031
754.4,654.6087999998207
754.5,702.2504000000137
754.6,697.034400000005
754.7,694.5927999999942
754.8,695.212800000002
754.9,698.3427999999952
755.0,701.7255999999924
755.1,703.9722772277225
755.2,703.1322999999987
755.3,691.3475999999844
755.4,677.8040999999979
755.5,676.0748999999997
755.6,678.475599999992
755.7,683.9133000000037
755.8,677.6519999999869
755.9,666.2447920792097
756.0,665.4783069306915
756.1,665.1072000000029
756.2,663.5895999999976
756.3,653.2953999999764
756.4,639.0028000000079
756.5,634.3742000000044
756.6,629.7964000000084
756.7,623.9513861386015
756.8,625.6065000000118
756.9,630.7969999999987
757.0,627.704000000005
757.1,622.2285000000187
757.2,617.5999999999959
757.3,613.8109999999954
757.4,611.9510000000009
757.5,611.5111881188114
757.6,609.8448000000012
757.7,609.0339999999998
757.8,609.4823999999988
757.9,610.9651999999984
758.0,613.1867999999974
758.1,616.2455999999968
758.2,620.1536000000073
758.3,624.125544554456
758.4,625.4866999999979
758.5,627.122199999998
758.6,630.5508999999981
758.7,630.1445999999971
758.8,625.1438999999853
758.9,619.6492999999992
759.0,616.1880000000027
759.1,608.6704950495194
759.2,600.6835999999817
759.3,591.180000000005
759.4,619.6095999999624
759.5,672.5435999999947
759.6,681.086999999998
759.7,685.3992000000093
759.8,688.9997999999987
759.9,691.1338613861368
760.0,692.272099999998
760.1,692.3031000000027
760.2,689.9912999999916
760.3,685.9786999999919
760.4,682.6267999999995
760.5,671.4763000000589
760.6,663.629799999963
760.7,658.0486722771853
760.8,631.756
760.9,618.77
761.0,606.636
761.1,594.2060000000242
761.2,580.406
761.3,566.0740000000001
761.4,578.55
761.5,618.7543564356258
761.6,637.1080999999738
761.7,645.686100000005
761.8,647.2354000000022
761.9,648.7662000000018
762.0,651.7946999999923
762.1,655.3179999999934
762.2,659.0718000000115
762.3,664.9172495049638
762.4,664.3002910891025
762.5,655.9188000000006
762.6,656.084400000002
762.7,654.6847999999995
762.8,652.7821999999985
762.9,650.8174000000001
763.0,652.2862000000016
763.1,655.8597999999953
763.2,659.281500000004
763.3,661.4804000000012
763.4,662.0082000000002
763.5,670.3892999999636
763.6,687.8328999999869
763.7,695.0150000000162
763.8,699.5049000000035
763.9,703.3479732673177
764.0,707.2792633663344
764.1,708.0619999999983
764.2,707.0863999999968
764.3,704.9516000000003
764.4,695.9231999999768
764.5,677.3492000000044
764.6,670.030400000035
764.7,659.8155999999898
764.8,651.9056435643561
764.9,649.0215000000053
765.0,642.88350000001
765.1,634.1880000000097
765.2,623.9039999999538
765.3,611.1454999999795
765.4,599.497500000014
765.5,622.0521336631938
765.6,691.8661742572901
765.7,711.8969999999858
765.8,702.3173999999892
765.9,694.7843999999907
766.0,685.8398000000024
766.1,672.2828000000464
766.2,658.1311999999818
766.3,645.3643564356356
766.4,632.7516000000098
766.5,650.0604999999442
766.6,700.03910000001
766.7,697.7435000000543
766.8,706.5860000000134
766.9,693.5509999999995
767.0,693.3730039603986
767.1,692.4652633663329
767.2,691.974799999992
767.3,687.0163999999886
767.4,682.1719999999993
767.5,681.811199999992
767.6,683.4476000000029
767.7,687.8656000000292
767.8,698.23920792079
767.9,697.0609999999999
768.0,698.0320999999993
768.1,693.6447000000047
768.2,679.3169999999991
768.3,679.3331999999998
768.4,680.2577999999996
768.5,673.1934000000059
768.6,654.2726118811911
768.7,650.9938613861322
768.8,647.3879999999876
768.9,642.3319999999962
769.0,638.1930000000093
769.1,633.3080000000153
769.2,633.7170000000389
769.3,644.9779999999946
769.4,644.4657425742637
769.5,648.1984128712884
769.6,651.617499999997
769.7,654.3269000000006
769.8,657.5024000000011
769.9,662.5873000000015
770.0,668.8094000000013
770.1,674.8114999999931
770.2,681.1963000000014
770.3,686.9873267326718
770.4,689.9152000000004
770.5,689.2624000000035
770.6,687.0932000000051
770.7,684.1627999999912
770.8,680.4495999999929
770.9,674.6460000000147
771.0,666.1816000000174
771.1,655.8435643564653
771.2,642.427599999989
771.3,625.9808999999882
771.4,609.0369999999891
771.5,593.5797999999903
771.6,598.6922999999686
771.7,641.443000000002
771.8,640.8113999999931
771.9,632.214455445544
772.0,628.2790000000039
772.1,625.4680000000037
772.2,623.2281999999971
772.3,623.195200000005
772.4,625.431799999998
772.5,627.2257999999961
772.6,629.2732000000002
772.7,626.0122772276908
772.8,618.0000000000045
772.9,622.122500000005
773.0,625.4124999999999
773.1,624.652500000011
773.2,620.9074999999939
773.3,615.3399999999931
773.4,608.2799999999885
773.5,597.7741584158342
773.6,586.1620000000104
773.7,603.6824000002782
773.8,691.0303999999837
773.9,704.1016000000022
774.0,701.8116000000018
774.1,699.570400000003
774.2,695.9251999999879
774.3,690.2873267326759
774.4,681.4103999999943
774.5,671.5781000000222
774.6,661.2789000000578
774.7,648.6756000000171
774.8,655.7293999999918
774.9,650.7807999999977
775.0,646.4441000000157
775.1,640.5598683168546
775.2,633.8465465346496
775.3,630.4738000000017
775.4,626.9948000000012
775.5,624.7858000000002
775.6,624.5893999999994
775.7,622.585799999958
775.8,612.1899999999995
775.9,613.8566871287111
776.0,616.2594841584189
776.1,614.6436999999876
776.2,619.8657000000127
776.3,625.9559000000119
776.4,631.7858000000066
776.5,638.2340999999794
776.6,645.641899999989
776.7,649.9220346534735
776.8,648.6602772276896
776.9,632.83
777.0,633.97
777.1,629.3899999999986
777.2,629.0699999999999
777.3,620.712
777.4,609.222
777.5,597.6158217821746
777.6,586.763728712863
777.7,574.568199999972
777.8,583.1937000001526
777.9,661.6321999999685
778.0,672.4655000000175
778.1,664.3620000000127
778.2,656.3417999999606
778.3,643.5542623762376
778.4,641.7691940594016
778.5,631.9499999999955
778.6,621.323600000005
778.7,623.2462000000328
778.8,683.4526000000028
778.9,687.8611999999986
779.0,685.0107999999993
779.1,684.6183999999985
779.2,689.0779207920835
779.3,693.0323999999994
779.4,692.9546999999986
779.5,693.4856000000021
779.6,691.8307000000052
779.7,687.8606999999785
779.8,677.447799999944
779.9,659.3143227722554
780.0,675.6490336633672
780.1,679.8735999999874
780.2,682.6039999999989
780.3,678.6255999999826
780.4,661.8539999999957
780.5,657.1947999999991
780.6,652.8776000000032
780.7,652.1157584158416
780.8,648.7263316831934
780.9,630.3099999999972
781.0,632.0500000000023
781.1,629.5490000000061
781.2,624.4084999999891
781.3,620.4795000000039
781.4,619.3704999999861
781.5,629.9960396039585
781.6,630.7882000000075
781.7,628.2487999999952
781.8,624.4279999999927
781.9,619.6193999999975
782.0,617.5843999999975
782.1,614.1130000000097
782.2,611.1254455445517
782.3,608.5584000000016
782.4,606.2631000000015
782.5,604.3229000000005
782.6,603.7244000000001
782.7,603.8423000000056
782.8,605.736899999998
782.9,608.8980999999977
783.0,612.6512138613801
783.1,617.783738613871
783.2,614.985200000005
783.3,617.103599999996
783.4,614.5679999999938
783.5,609.6292000000152
783.6,603.8676000000191
783.7,596.8907999999878
783.8,590.1305940593942
783.9,591.8266881187947
784.0,659.9753999999991
784.1,663.9074999999984
784.2,666.4632999999988
784.3,671.5988999999986
784.4,677.353499999999
784.5,680.9372999999996
784.6,682.4877227722761
784.7,685.0590000000068
784.8,687.6149999999969
784.9,686.2299999999968
785.0,682.5300000000493
785.1,664.6809999999617
785.2,676.5769999999266
785.3,646.2089999999712
785.4,633.1531683167982
785.5,617.1403999999967
785.6,602.8471000000022
785.7,589.9020999999967
785.8,575.5452999999966
785.9,566.8911000000122
786.0,617.6490000000045
786.1,637.0289999999978
786.2,647.8733663366328
786.3,646.273200000003
786.4,647.5591999999978
786.5,648.8839999999958
786.6,651.1503999999966
786.7,653.145600000009
786.8,656.472000000008
786.9,659.2499009901061
787.0,655.6035000000022
787.1,661.3860999999914
787.2,663.4670000000001
787.3,663.5270999999997
787.4,662.982899999999
787.5,661.4808999999997
787.6,660.4901999999967
787.7,661.4209900990115
787.8,663.3504000000082
787.9,666.2293999999953
788.0,669.9107999999909
788.1,676.4587999999939
788.2,680.9664000000157
788.3,685.7654000000075
788.4,688.4843999999936
788.5,692.9964356435629
788.6,693.8430000000033
788.7,692.8544999999979
788.8,691.0339999999999
788.9,689.9674999999784
789.0,671.9000000000005
789.1,671.1130000000926
789.2,645.3905000000015
789.3,646.1131831683058
789.4,637.6841623762056
789.5,631.080000000008
789.6,622.4372000000055
789.7,616.3371999999764
789.8,609.4408000000079
789.9,600.5448000000117
790.0,591.4415999999258
790.1,671.0055999999709
790.2,701.9799881188226
790.3,704.5655999999833
790.4,694.0570999999834
790.5,682.8599000000108
790.6,678.8461000000447
790.7,663.659399999973
790.8,646.7008999999762
790.9,631.7083999999771
791.0,618.8044554453194
791.1,695.1092000000064
791.2,681.0917999999483
791.3,668.575399999997
791.4,675.1966000000003
791.5,674.5475999999998
791.6,674.7732000000034
791.7,667.4905999999821
791.8,663.1125742574256
791.9,663.2388999999998
792.0,663.1395999999976
792.1,664.0957999999985
792.2,664.8503000000369
792.3,682.7118000000023
792.4,683.8161999999872
792.5,677.5072999999982
792.6,678.0244554455963
792.7,657.47
792.8,662.12
792.9,658.49
793.0,652.04
793.1,621.48
793.2,615.03
793.3,607.31
793.4,605.35
793.5,602.2608910891151
793.6,604.0911999999961
793.7,602.2091999999952
793.8,620.0793000000452
793.9,618.1216000000044
794.0,622.7034999999905
794.1,625.6011999999942
794.2,629.1346000000088
794.3,632.4144554455462
794.4,634.8124000000012
794.5,636.3300000000007
794.6,638.8883999999897
794.7,643.6734000000022
794.8,647.2000000000015
794.9,649.7886000000011
795.0,653.5052000000017
795.1,658.4312910891015
795.2,665.1192346534717
795.3,668.3756079207949
795.4,672.752800000004
795.5,671.7299999999989
795.6,659.1136000000453
795.7,656.1131999999976
795.8,644.422799999989
795.9,630.3604673267615
796.0,616.4448118812046
796.1,602.1080000000163
796.2,663.9190000002245
796.3,669.9459999999974
796.4,657.1415000000154
796.5,646.9980000000113
796.6,640.0115000000078
796.7,635.4424999999849
796.8,630.4229702970222
796.9,624.0381999999912
797.0,620.0592000000111
797.1,617.9218000000064
797.2,615.0833999999961
797.3,621.4806000000095
797.4,621.7213999999998
797.5,617.846600000012
797.6,613.7562376237659
797.7,608.4386999999791
797.8,603.7076000000017
797.9,598.1441000000038
798.0,593.9277000000028
798.1,588.3948000000039
798.2,666.7710000003274
798.3,678.3915999999978
798.4,687.1439603960541
798.5,693.7847999999848
798.6,699.3047999999851
798.7,704.5700000000096
798.8,702.2391999999945
798.9,702.9200000000019
799.0,702.0708000000024
799.1,697.9328000000121
799.2,694.4829702970299
799.3,682.9051000000028
799.4,677.2036000000012
799.5,661.2436000000039
799.6,664.3327999999989
799.7,659.5119999999989
799.8,657.7888000000003
799.9,658.1475247524742
800.0,657.3540000000021
800.1,654.5150000000069
800.2,651.8699999999941
800.3,665.2540000000345
800.4,662.9270000000079
800.5,657.3070000000132
800.6,636.8130000000504
800.7,618.3732673267245
800.8,600.984099999996
800.9,583.5672999999961
801.0,564.0101999999955
801.1,544.0566999999954
801.2,526.5252999999875
801.3,510.36329999999634
801.4,495.46359999999663
801.5,481.33594059408153
801.6,466.2740000000276
801.7,452.72839999996364
801.8,451.34120000000064
801.9,451.2908000000001
802.0,451.2184000000001
802.1,451.1572000000001
802.2,451.08900990099005
802.3,451.04519999999997
802.4,450.99649999999997
802.5,450.9726
802.6,447.85540000001174
802.7,447.2942999999999
802.8,447.1842999999999
802.9,447.09169999999995
803.0,447.00247524752484
803.1,446.9126000000001
803.2,446.82259999999974
803.3,446.73260000000005
803.4,446.64260000000013
803.5,446.5612000000001
803.6,446.29200000000037
803.7,446.25
803.8,446.25
803.9,446.25
804.0,446.25
804.1,446.25
804.2,446.25
804.3,446.25
804.4,446.25
804.5,446.25
804.6,445.6861386138618
804.7,445.58
804.8,445.58
804.9,445.65559999999994
805.0,445.7203999999999
805.1,445.77199999999993
805.2,445.8220000000002
805.3,445.8384
805.4,445.8483168316832
805.5,445.86659999999995
805.6,445.7040000000006
805.7,445.94390000000055
805.8,445.9667999999999
805.9,445.98490000000004
806.0,446.0563999999998
806.1,446.0119000000002
806.2,445.9506930693069
806.3,445.94
806.4,445.9728
806.5,445.9636
806.6,445.82060000000007
806.7,445.7736
806.8,445.811
806.9,445.8364
807.0,445.7669306930695
807.1,445.6933000000002
807.2,445.69620000000003
807.3,445.7405000000001
807.4,445.6770999999998
807.5,445.58710000000013
807.6,445.40800000000047
807.7,445.3860396039604
807.8,445.342
807.9,445.258
808.0,445.2
808.1,445.23
808.2,445.19999999999993
808.3,445.142
808.4,445.07399999999996
808.5,445.1154455445543
808.6,444.9246000000005
808.7,444.8937000000001
808.8,444.9
808.9,444.9473999999999
809.0,445.0310999999998
809.1,445.1210999999998
809.2,445.14
809.3,445.14
809.4,445.1556
809.5,445.15999999999997
809.6,444.93380000000093
809.7,444.81539999999995
809.8,444.76879999999994
809.9,444.7288
810.0,444.71999999999997
810.1,444.69683168316834
810.2,444.69
810.3,444.88250000000073
810.4,444.9323
810.5,444.9146
810.6,444.83300000000014
810.7,444.9871000000007
810.8,445.00149999999985
810.9,444.92900990098997
811.0,444.88719999999995
811.1,444.8116000000002
811.2,444.69119999999987
811.3,444.51559999999984
811.4,444.4548
811.5,444.48040000000003
811.6,444.4749504950495
811.7,444.4549999999999
811.8,444.3975
811.9,444.4474999999999
812.0,444.49999999999994
812.1,444.5474999999999
812.2,444.49249999999967
812.3,444.51455445544565
812.4,444.5818000000001
812.5,444.65179999999987
812.6,444.63300000000015
812.7,444.62
812.8,444.62
812.9,444.62
813.0,444.6052
813.1,444.61465346534646
813.2,444.62
813.3,444.62
813.4,444.60540000000003
813.5,444.5781
813.6,444.5554
813.7,444.55
813.8,444.55
813.9,444.55
814.0,444.55
814.1,444.55
814.2,444.55
814.3,444.55
814.4,444.55
814.5,444.55
814.6,444.55
814.7,444.55
814.8,444.55
814.9,444.55
815.0,444.55
815.1,444.55
815.2,444.5571
815.3,444.56
815.4,444.56
815.5,444.56
815.6,444.56
815.7,444.56
815.8,444.56
815.9,444.56
816.0,444.56
816.1,444.56
816.2,444.56
816.3,444.5738613861386
816.4,444.58
816.5,444.58
816.6,444.4834000000004
816.7,444.44
816.8,444.44
816.9,444.44
817.0,444.44
817.1,444.44
817.2,444.44
817.3,444.44
817.4,444.44
817.5,444.45359999999994
817.6,444.3784000000002
817.7,444.34680000000003
817.8,444.35673267326735
817.9,444.34659999999997
818.0,444.3333
818.1,444.2898000000001
818.2,444.27
818.3,444.28340000000003
818.4,444.2967
818.5,444.2535643564357
818.6,444.15740000000017
818.7,444.25200000000063
818.8,444.29359999999997
818.9,444.28
819.0,444.26680000000005
819.1,444.2270000000001
819.2,444.2166
819.3,444.26574257425756
819.4,444.32250000000005
819.5,444.36599999999993
819.6,444.3345000000002
819.7,444.323
819.8,444.343
819.9,444.3695
820.0,444.36050000000006
820.1,444.32425742574264
820.2,444.2907999999999
820.3,444.24799999999993
820.4,444.23
820.5,444.2172
820.6,444.1972
820.7,444.19
820.8,444.2028
820.9,444.2353465346535
821.0,444.2940999999999
821.1,444.33259999999996
821.2,444.33369999999996
821.3,444.33
821.4,444.3426
821.5,444.33752475247525
821.6,444.3052
821.7,444.2465999999999
821.8,444.1952
821.9,444.2048
822.0,444.2324
822.1,444.24
822.2,444.22139999999996
822.3,444.22227722772277
822.4,444.2605
822.5,444.2921999999999
822.6,444.36099999999976
822.7,444.3816999999999
822.8,444.37
822.9,444.37
823.0,444.37
823.1,444.3156435643565
823.2,444.23199999999986
823.3,444.2
823.4,444.212
823.5,444.20799999999997
823.6,444.284
823.7,444.30999999999995
823.8,444.308
823.9,444.35564356435634
824.0,444.42129999999986
824.1,444.4087000000001
824.2,444.38
824.3,444.4213000000002
824.4,444.45
824.5,444.4617999999999
824.6,444.3874000000003
824.7,444.33
824.8,444.33
824.9,444.33
825.0,444.3184
825.1,444.31
825.2,444.2926
825.3,444.29740000000004
825.4,444.31
825.5,444.29277227722775
825.6,444.28
825.7,444.28
825.8,444.28
825.9,444.28
826.0,444.28
826.1,444.3426999999998
826.2,444.37306930693063
826.3,444.3768
826.4,444.3732
826.5,444.3488
826.6,444.3344
826.7,444.3636
826.8,444.37879999999996
826.9,444.3644
827.0,444.36
827.1,444.4039999999999
827.2,444.4565000000001
827.3,444.47
827.4,444.50299999999993
827.5,444.5245
827.6,444.509
827.7,444.5165000000001
827.8,444.53
827.9,444.53
828.0,444.45980000000014
828.1,444.4323999999998
828.2,444.47080000000005
828.3,444.4854
828.4,444.4629999999999
828.5,444.45079999999996
828.6,444.48138613861374
828.7,444.47349999999994
828.8,444.4447
828.9,444.4241
829.0,444.4471
829.1,444.4694
829.2,444.4971000000001
829.3,444.5406
829.4,444.53425742574257
829.5,444.5304
829.6,444.5036000000002
829.7,444.48560000000003
829.8,444.52600000000007
829.9,444.5656
830.0,444.5696
830.1,444.5340000000001
830.2,444.60267326732685
830.3,444.6798
830.4,444.66999999999996
830.5,444.64959999999996
830.6,444.65549999999996
830.7,444.6953000000001
830.8,444.6743
830.9,444.64509999999996
831.0,444.71059405940576
831.1,444.79499999999985
831.2,444.80999999999995
831.3,444.78999999999996
831.4,444.78999999999996
831.5,444.80999999999995
831.6,444.8599999999998
831.7,444.86039603960387
831.8,444.8053
831.9,444.8292
832.0,444.8945
832.1,444.90530000000007
832.2,444.88509999999997
832.3,444.8996
832.4,444.92
832.5,444.95881188118807
832.6,445.01439999999997
832.7,445.02039999999994
832.8,445.0436
832.9,445.10879999999986
833.0,445.1064000000001
833.1,445.07
833.2,445.0937623762377
833.3,445.10119999999995
833.4,445.05649999999997
833.5,445.0206
833.6,445.0006
833.7,444.95239999999995
833.8,444.90999999999997
833.9,444.9241
834.0,444.9306930693069
834.1,444.9521999999999
834.2,445.0314000000003
834.3,445.08
834.4,445.0938
834.5,445.1421999999999
834.6,445.19379999999995
834.7,445.17779999999976
834.8,445.13089108910884
834.9,445.13800000000003
835.0,445.1150000000001
835.1,445.05100000000004
835.2,445.04449999999997
835.3,445.0274999999999
835.4,444.991
835.5,445.0159999999999
835.6,445.0465000000001
835.7,445.00326732673267
835.8,445.0139999999999
835.9,445.07
836.0,445.02600000000007
836.1,444.98319999999995
836.2,445.02200000000005
836.3,445.028
836.4,445.01742574257423
836.5,445.05719999999997
836.6,445.0499000000002
836.7,445.02290000000005
836.8,445.03999999999996
836.9,444.99699999999984
837.0,444.9486
837.1,444.99009999999976
837.2,445.0257
837.3,445.02840000000003
837.4,445.07359999999994
837.5,445.1074
837.6,445.0816
837.7,445.0868000000001
837.8,445.07640000000004
837.9,445.03
838.0,445.04663366336626
838.1,445.05770000000007
838.2,445.04
838.3,445.07280000000014
838.4,445.1077
838.5,445.09000000000003
838.6,445.09409999999997
838.7,445.07129999999984
838.8,445.00158415841577
838.9,444.96
839.0,445.056
839.1,445.2239999999999
839.2,445.252
839.3,445.3
839.4,445.382
839.5,445.35
839.6,445.28435643564364
839.7,445.2495000000001
839.8,445.2643999999999
839.9,445.2322
840.0,445.14980000000037
840.1,445.03220000000005
840.2,445.01219999999995
840.3,444.9845544554455
840.4,444.9524
840.5,444.921
840.6,444.89
840.7,444.89
840.8,444.89
840.9,444.89
841.0,444.84059999999994
841.1,444.76
841.2,444.7340999999998
841.3,444.69
841.4,444.67150000000004
841.5,444.60670000000016
841.6,444.55
841.7,444.55
841.8,444.55
841.9,444.55
842.0,444.5866336633661
842.1,444.65
842.2,444.65
842.3,444.65
842.4,444.65
842.5,444.65
842.6,444.65
842.7,444.65
842.8,444.65
842.9,444.65
843.0,444.65
843.1,444.65
843.2,444.65
843.3,444.65
843.4,444.65
843.5,444.65
843.6,444.65
843.7,444.65
843.8,444.65
843.9,444.65
844.0,444.65
844.1,444.65
844.2,444.65
844.3,444.65
844.4,444.65
844.5,444.65
844.6,444.65
844.7,444.65
844.8,444.65
844.9,444.65
845.0,444.6895999999999
845.1,444.77
845.2,444.77
845.3,444.77
845.4,444.77
845.5,444.77
845.6,444.77
845.7,444.77
845.8,444.77
845.9,444.77
846.0,444.77
846.1,444.77
846.2,444.77
846.3,444.77
846.4,444.77
846.5,444.77
846.6,444.77
846.7,444.77
846.8,444.77
846.9,444.77
847.0,444.77
847.1,444.77
847.2,444.77
847.3,444.77
847.4,444.77
847.5,444.77
847.6,444.77
847.7,444.77
847.8,444.77
847.9,444.77
848.0,444.77
848.1,444.77
848.2,444.77
848.3,444.77
848.4,444.77
848.5,444.77
848.6,444.77
848.7,444.77
848.8,444.77
848.9,444.77
849.0,444.77
849.1,444.77
849.2,444.77
849.3,444.77
849.4,444.77
849.5,444.77
849.6,444.77
849.7,444.77
849.8,444.77
849.9,444.77
850.0,444.77
850.1,444.77
850.2,444.77
850.3,444.77
850.4,444.77
850.5,444.77
850.6,444.77
850.7,444.77
850.8,444.77
850.9,444.77
851.0,444.77
851.1,444.77
851.2,444.77
851.3,444.77
851.4,444.77
851.5,444.77
851.6,444.77
851.7,444.77
851.8,444.77
851.9,444.77
852.0,444.77
852.1,444.77
852.2,444.77
852.3,444.77
852.4,444.77
852.5,444.77
852.6,444.77
852.7,444.77
852.8,444.77
852.9,444.77
853.0,444.77
853.1,444.77
853.2,444.77
853.3,444.77
853.4,444.77
853.5,444.77
853.6,444.77
853.7,444.77
853.8,444.77
853.9,444.77
854.0,444.77
854.1,444.77
854.2,444.77
854.3,444.77
854.4,444.77
854.5,444.77
854.6,444.77
854.7,444.77
854.8,444.77
854.9,444.77
855.0,444.77
855.1,444.77
855.2,444.77
855.3,444.796
855.4,444.9
855.5,444.9
855.6,444.9
855.7,444.9
855.8,444.9
855.9,444.9
856.0,444.9
856.1,444.9
856.2,444.9
856.3,444.9
856.4,444.9
856.5,444.9
856.6,444.9
856.7,444.9
856.8,444.9
856.9,444.9
857.0,444.9
857.1,444.9
857.2,444.9
857.3,444.8778999999997
857.4,444.77
857.5,444.77
857.6,444.77
857.7,444.77
857.8,444.77
857.9,444.77
858.0,444.77
858.1,444.77
858.2,444.77
858.3,444.77
858.4,444.77
858.5,444.77
858.6,444.77
858.7,444.77
858.8,444.77
858.9,444.77
859.0,444.77
859.1,444.77
859.2,444.77
859.3,444.77
859.4,444.77
859.5,444.77
859.6,444.77
859.7,444.77
859.8,444.77
859.9,444.77
860.0,444.77
860.1,444.77
860.2,444.77
860.3,444.77
860.4,444.77
860.5,444.77
860.6,444.77
860.7,444.77
860.8,444.77
860.9,444.77
861.0,444.77
861.1,444.77
861.2,444.77
861.3,444.77
861.4,444.77
861.5,444.77
861.6,444.77
861.7,444.77
861.8,444.77
861.9,444.77
862.0,444.77
862.1,444.77
862.2,444.77
862.3,444.77
862.4,444.77
862.5,444.77
862.6,444.77
862.7,444.77
862.8,444.77
862.9,444.77
863.0,444.77
863.1,444.77
863.2,444.77
863.3,444.77
863.4,444.77
863.5,444.77
863.6,444.77
863.7,444.77
863.8,444.77
863.9,444.77
864.0,444.77
864.1,444.77
864.2,444.77
864.3,444.77
864.4,444.77
864.5,444.77
864.6,444.77
864.7,444.77
864.8,444.77
864.9,444.77
865.0,444.77
865.1,444.77
865.2,444.77
865.3,444.77
865.4,444.77
865.5,444.77
865.6,444.77
865.7,444.77
865.8,444.77
865.9,444.77
866.0,444.77
866.1,444.77
866.2,444.77
866.3,444.77650000000017
866.4,444.9
866.5,444.9
866.6,444.9
866.7,444.9
866.8,444.9
866.9,444.9
867.0,444.9
867.1,444.9
867.2,444.9
867.3,444.9
867.4,444.9
867.5,444.9
867.6,444.9
867.7,444.9
867.8,445.11821782177776
867.9,450.6887000000135
868.0,460.7121999999003
868.1,493.8671999999579
868.2,508.04900000001953
868.3,520.2092000000122
868.4,527.806000000009
868.5,534.0908999999733
868.6,542.7041584158555
868.7,538.1318000000384
868.8,547.7233999999956
868.9,558.4695999999711
869.0,620.5664000000025
869.1,614.7652000000053
869.2,603.0289999999537
869.3,592.8675999999737
869.4,649.4210891089151
869.5,640.9753000000212
869.6,632.4517000000346
869.7,619.4259000001363
869.8,685.2925999999883
869.9,679.4973999999775
870.0,668.2672000000207
870.1,659.913564356475
870.2,644.27
870.3,630.18
870.4,618.51
870.5,689.87
870.6,670.6500000000001
870.7,680.08
870.8,661.76
870.9,644.74
871.0,640.0271287128808
871.1,639.514700000001
871.2,636.0053999999911
871.3,633.8513999999947
871.4,627.7514000000123
871.5,624.1062000000074
871.6,624.4659999999992
871.7,600.0268999999382
871.8,615.3553465346613
871.9,634.7016000000089
872.0,650.2212000000071
872.1,666.2393999999358
872.2,665.3643999999995
872.3,667.613600000001
872.4,673.3342000000026
872.5,655.9177999999919
872.6,655.2495049504955
872.7,656.5301000000039
872.8,655.9879999999982
872.9,653.3510000000039
873.0,634.0834000000315
873.1,633.8779999999994
873.2,632.7647999999965
873.3,628.2873999999865
873.4,621.2351485148445
873.5,616.3995999999956
873.6,629.3619999999527
873.7,620.434799999991
873.8,615.5087999999957
873.9,612.9583999999977
874.0,608.0695999999955
874.1,604.9420000000106
874.2,602.3297029702884
874.3,601.8105000000003
874.4,601.9324999999999
874.5,604.2484999999972
874.6,608.2839999999953
874.7,610.6085000000076
874.8,615.5554999999954
874.9,620.0184999999949
875.0,622.9112871287042
875.1,623.5875999999982
875.2,628.2730000000068
875.3,628.8144000000003
875.4,627.7019999999983
875.5,625.9192000000053
875.6,621.8244000000135
875.7,614.4353999999896
875.8,607.7536633663402
875.9,598.4736000000065
876.0,588.5100000000068
876.1,668.5897999999407
876.2,679.5897000000205
876.3,680.7597999999996
876.4,681.7685999999993
876.5,680.565900000001
876.6,678.9692009901032
876.7,675.6016079207857
876.8,670.4255999999903
876.9,662.9067999999859
877.0,653.3936000000228
877.1,646.6308000000178
877.2,628.0043999999642
877.3,619.0975999999855
877.4,608.0667326732678
877.5,597.7043000000024
877.6,588.2078000000022
877.7,576.0486999999978
877.8,606.1611999999923
877.9,602.5979000000017
878.0,594.6236000000018
878.1,586.0467000000019
878.2,632.1935643565633
878.3,650.9760000000344
878.4,655.1269999999947
878.5,662.574999999982
878.6,671.7489999999789
878.7,677.054000000011
878.8,683.3450000000147
878.9,689.6329999999886
879.0,695.8114851485145
879.1,706.1732000000025
879.2,710.2358000000023
879.3,714.4882000000009
879.4,717.7201000000007
879.5,734.8988000000043
879.6,728.4270999999978
879.7,723.9523999999972
879.8,720.2079207920701
879.9,715.2104000000065
880.0,728.2739999999717
880.1,707.0488000000478
880.2,699.9399999999878
880.3,695.6599999999885
880.4,691.6212000000052
880.5,686.7312000000092
880.6,682.5838613861531
880.7,679.1976999999977
880.8,680.3099000000011
880.9,681.897200000001
881.0,685.5887000000027
881.1,664.7515000000803
881.2,646.247999999988
881.3,639.1575999999963
881.4,638.4313
881.5,632.8740871287198
881.6,624.7130000000116
881.7,618.412999999981
881.8,605.8238000000099
881.9,591.1476000000202
882.0,579.0596000000158
882.1,564.5730000000203
882.2,627.1090000002392
882.3,656.1327722772587
882.4,659.428
882.5,648.967999999986
882.6,645.3350000000057
882.7,631.9554999999825
882.8,623.0454999999912
882.9,614.5189999999901
883.0,602.6263910890822
883.1,589.800815841589
883.2,654.6040000002896
883.3,683.8375999999964
883.4,677.2864000000105
883.5,675.5491999999999
883.6,677.6615999999977
883.7,683.0496000000217
883.8,685.1339999999998
883.9,687.9199009901025
884.0,687.1701000000033
884.1,685.5737000000047
884.2,662.1263999999555
884.3,672.7267000000294
884.4,675.6126999999994
884.5,680.3988999999873
884.6,687.1086999999795
884.7,693.7612871287122
884.8,677.7382000000096
884.9,672.164200000001
885.0,666.8582000000026
885.1,664.1564000000009
885.2,644.1937999999914
885.3,640.1605999999998
885.4,638.9162000000007
885.5,637.4527722772308
885.6,637.1395000000001
885.7,637.13
885.8,633.2743999999902
885.9,648.4242000000406
886.0,656.7178999999908
886.1,663.0611999999836
886.2,668.9595049504974
886.3,675.342
886.4,682.258
886.5,688.6919999999999
886.6,690.982
886.7,688.9599999999973
886.8,685.75
886.9,683.034
887.0,680.7219801980234
887.1,677.3823000000074
887.2,672.4408999999868
887.3,666.5504999999849
887.4,662.1358000000043
887.5,655.5725000000149
887.6,647.6510000000166
887.7,639.5430999999797
887.8,630.979984158408
887.9,620.497799999995
888.0,607.9945999999941
888.1,594.7760000000412
888.2,581.475999999994
888.3,622.9866000000259
888.4,637.0722000000009
888.5,629.9439999999955
888.6,624.5818811881235
888.7,621.412445544546
888.8,619.702799999996
888.9,621.2071999999987
889.0,622.7432999999979
889.1,625.1882999999956
889.2,627.8012000000076
889.3,628.2051999999993
889.4,633.9822544554561
889.5,640.0939762376289
889.6,640.9712000000017
889.7,640.6147999999997
889.8,636.6891999999954
889.9,631.1683999999948
890.0,622.1035999999908
890.1,610.9604000000293
890.2,599.4247009900885
890.3,667.5106188118225
890.4,704.664999999979
890.5,706.8425000000037
890.6,703.5925000000037
890.7,693.9299999999598
890.8,688.985
890.9,682.8675000000082
891.0,673.8173267326989
891.1,665.9450000000231
891.2,660.6929999999938
891.3,643.9107999999713
891.4,630.9781999999863
891.5,629.9953999999956
891.6,618.8114000000506
891.7,618.476200000007
891.8,618.2626673267537
891.9,615.7711960396131
892.0,613.0379000000019
892.1,610.5964000000016
892.2,609.0063999999993
892.3,608.7084
892.4,620.7676999999887
892.5,626.0156999999992
892.6,628.470799999998
892.7,627.007750495042
892.8,630.2512000000104
892.9,637.6892000000148
893.0,645.1223999999895
893.1,651.9179999999819
893.2,660.1304000000162
893.3,655.2847999999815
893.4,657.1992000000121
893.5,659.2923762376239
893.6,656.216300000001
893.7,657.1423000000034
893.8,655.4727000000008
893.9,646.8301000000024
894.0,635.1461000000028
894.1,623.4182000000026
894.2,611.0216999999861
894.3,597.3525316831843
894.4,653.8080594058762
894.5,673.6680000000199
894.6,668.4500000000085
894.7,663.4339999999872
894.8,649.4049999999598
894.9,640.2530000000049
895.0,632.5800000000196
895.1,621.2850000000283
895.2,608.960999999972
895.3,596.0552475247412
895.4,640.9048000000162
895.5,682.1479000000063
895.6,688.4816000000098
895.7,687.1777999999999
895.8,689.1438000000006
895.9,692.5502000000008
896.0,695.7921000000007
896.1,704.326199999968
896.2,699.33365643562
896.3,690.4963366336435
896.4,668.4568000000105
896.5,659.3431999999996
896.6,673.2239999999631
896.7,683.2560000000142
896.8,685.6000000000028
896.9,686.2327999999998
897.0,676.1392000000274
897.1,662.069441584202
897.2,657.1443693069302
897.3,657.2248000000003
897.4,659.8289000000025
897.5,646.6885999999854
897.6,639.1845000000015
897.7,637.3686999999984
897.8,633.8597999999972
897.9,631.7494999999992
898.0,631.1907584158416
898.1,640.7849623762168
898.2,654.3996000000416
898.3,659.4208000000001
898.4,658.0964000000034
898.5,655.1216000000044
898.6,652.601000000003
898.7,650.4971999999934
898.8,648.0739999999995
898.9,645.3750000000038
899.0,642.8586138613927
899.1,639.0235000000157
899.2,633.7894999999936
899.3,627.7124999999928
899.4,621.9084999999938
899.5,617.8805000000059
899.6,616.8084999999996
899.7,614.6689999999962
899.8,611.9854999999974
899.9,607.8105940594069
900.0,602.9036000000043
900.1,598.1692000000044
900.2,592.8923999999797
900.3,587.6607999999964
900.4,581.4532000000063
900.5,574.1160000000069
900.6,611.14871287115
900.7,635.6079000000037
900.8,638.5427000000052
900.9,644.4157000000118
901.0,652.2403999999897
901.1,659.3060999999809
901.2,665.5304000000096
901.3,671.9592079207941
901.4,677.176999999998
901.5,680.5535999999987
901.6,685.0509999999975
901.7,686.9677999999997
901.8,684.6245069306947
901.9,679.1534217821895
902.0,670.6225000000244
902.1,658.8534000000327
902.2,644.7563999999699
902.3,628.0138999999631
902.4,658.3219999999554
902.5,668.056300000058
902.6,660.3375999999946
902.7,666.3499009901059
902.8,666.0980000000001
902.9,661.264
903.0,657.14
903.1,653.9300000000001
903.2,652.3939999999984
903.3,653.1541782178217
903.4,655.5117415841552
903.5,656.0064000000021
903.6,642.2342000000463
903.7,632.723999999999
903.8,634.8138000000096
903.9,639.0467999999992
904.0,644.0369306930662
904.1,647.9113999999938
904.2,648.7229999999997
904.3,648.6414000000002
904.4,647.445999999999
904.5,646.0159999999996
904.6,655.3137999999637
904.7,664.894200000002
904.8,666.7742574257426
904.9,668.217799999996
905.0,670.9287999999955
905.1,671.0328000000031
905.2,669.3121999999955
905.3,669.0205000000003
905.4,670.6850999999962
905.5,665.2342574257445
905.6,661.8887999999952
905.7,665.2720000000033
905.8,668.3560000000024
905.9,668.7551999999988
906.0,664.490799999994
906.1,657.7248000000113
906.2,646.9897029702655
906.3,640.149999999999
906.4,633.1915000000133
906.5,619.5965000000173
906.6,651.2534999999205
906.7,688.4875000000357
906.8,677.3774999999738
906.9,666.288653465367
907.0,663.2929247525101
907.1,654.046800000032
907.2,642.1793999999817
907.3,628.7731999999817
907.4,614.3487999999792
907.5,602.40600000001
907.6,591.8157069307308
907.7,629.7685613861604
907.8,679.194099999985
907.9,685.3595000000053
908.0,683.4666999999977
908.1,685.807299999999
908.2,681.9861999999877
908.3,677.0706930693058
908.4,677.8580000000057
908.5,680.1863999999991
908.6,679.2084000000091
908.7,671.323199999978
908.8,673.6788000000286
908.9,679.7169306930671
909.0,678.1672000000001
909.1,678.5042999999998
909.2,680.3727000000056
909.3,673.8454000000035
909.4,666.2139
909.5,664.074100000001
909.6,660.9072000000006
909.7,657.1889999999898
909.8,643.4447524752247
909.9,631.245
910.0,630.504999999998
910.1,628.0900000000129
910.2,621.494999999983
910.3,614.8638613861314
910.4,617.9016900990114
910.5,621.983999999999
910.6,618.2014000000063
910.7,615.3063999999994
910.8,612.8084999999994
910.9,610.4143999999994
911.0,608.5035999999998
911.1,606.2817821782202
911.2,605.197600000003
911.3,607.1480000000015
911.4,610.6171999999924
911.5,614.4163999999937
911.6,617.6495999999945
911.7,621.1495049505021
911.8,625.4372475247555
911.9,628.518600000001
912.0,631.4402000000032
912.1,634.6102999999978
912.2,634.4928999999987
912.3,631.7403999999975
912.4,627.1933663366351
912.5,621.2568000000088
912.6,614.8000000000088
912.7,606.7681999999687
912.8,596.9197999999892
912.9,630.7773999998838
913.0,681.504199999986
913.1,690.0077999999912
913.2,695.3564356435736
913.3,698.9230000000034
913.4,700.549
913.5,700.5375
913.6,699.4030000000084
913.7,696.1824999999953
913.8,692.5642574257421
913.9,696.3684158415908
914.0,693.7976000000192
914.1,680.0940000000037
914.2,671.3107999999759
914.3,656.1336000000144
914.4,641.0672000000128
914.5,627.4269306930928
914.6,613.7263000000431
914.7,627.3830000000813
914.8,661.8807000000199
914.9,661.4620999999721
915.0,651.2636000000002
915.1,651.5360999999962
915.2,653.7225534653521
915.3,655.7970990099013
915.4,657.3827999999985
915.5,661.0545999999981
915.6,665.0501999999983
915.7,666.8189999999977
915.8,661.4220000000053
915.9,645.9193069307207
916.0,641.0313999999537
916.1,645.7995000000376
916.2,636.9979000000004
916.3,636.3268999999962
916.4,634.9211999999999
916.5,633.9337000000036
916.6,632.5488000000033
916.7,631.4005940594047
916.8,637.576
916.9,654.466
917.0,665.878
917.1,667.2960000000018
917.2,660.086
917.3,643.366
917.4,627.1572277227847
917.5,610.963800000036
917.6,593.8401000000335
917.7,577.1492999999572
917.8,559.9139999999564
917.9,542.7830999999878
918.0,525.9405000000348
918.1,508.84435643569225
918.2,491.38659999999186
918.3,473.00439999999134
918.4,460.32539999999904
918.5,458.9496
918.6,458.91139999999996
918.7,458.9072
918.8,458.8323762376238
918.9,458.7478000000001
919.0,458.69520000000006
919.1,458.6552000000001
919.2,458.3672999999979
919.3,457.53519999999867
919.4,456.83190000000025
919.5,456.7060396039607
919.6,456.5904000000004
919.7,456.4767999999999
919.8,456.3603999999999
919.9,456.2611999999999
920.0,456.1776000000001
920.1,456.0772277227726
920.2,455.901999999999
920.3,455.6639999999997
920.4,455.56
920.5,455.56
920.6,455.56
920.7,455.56
920.8,455.56
920.9,455.56
921.0,455.56
921.1,455.56
921.2,455.4205999999994
921.3,455.0275999999995
921.4,454.79
921.5,454.81719999999996
921.6,454.8868316831682
921.7,454.9332000000001
921.8,454.9765
921.9,455.0166
922.0,455.0333
922.1,455.0499
922.2,455.0832000000001
922.3,455.13309999999996
922.4,455.16039603960405
922.5,455.1072000000001
922.6,455.0895999999999
922.7,455.1003999999999
922.8,455.05759999999987
922.9,454.98119999999994
923.0,454.9072000000001
923.1,454.88
923.2,454.8117999999994
923.3,454.58560000000006
923.4,454.3983
923.5,454.3624
923.6,454.3838
923.7,454.3575999999999
923.8,454.30851485148514
923.9,454.27200000000005
924.0,454.3149999999999
924.1,454.356
924.2,454.32199999999966
924.3,454.1589999999996
924.4,454.06700000000006
924.5,454.1567326732672
924.6,454.20840000000004
924.7,454.1945
924.8,454.24739999999997
924.9,454.319
925.0,454.3813
925.1,454.34260000000006
925.2,454.2856435643564
925.3,454.2163999999998
925.4,454.1132000000001
925.5,454.03920000000016
925.6,453.9264000000002
925.7,453.8287999999999
925.8,453.8084
925.9,453.83
926.0,453.8246
926.1,453.8019
926.2,453.75569999999993
926.3,453.64139999999986
926.4,453.5154
926.5,453.54350000000005
926.6,453.58534653465347
926.7,453.6
926.8,453.6468000000004
926.9,453.7644000000001
927.0,453.7044000000001
927.1,453.6418000000001
927.2,453.5539089108907
927.3,453.51789603960486
927.4,453.69749999999993
927.5,453.64
927.6,453.5500000000004
927.7,453.44249999999994
927.8,453.38249999999994
927.9,453.35499999999996
928.0,453.325
928.1,453.2601980198022
928.2,453.1567999999995
928.3,453.02
928.4,453.0128
928.5,452.9828
928.6,452.9552
928.7,452.94
928.8,452.93539999999996
928.9,452.92
929.0,452.9154000000001
929.1,452.9
929.2,452.8723999999998
929.3,452.78000000000003
929.4,452.78000000000003
929.5,452.78000000000003
929.6,452.78000000000003
929.7,452.77559999999994
929.8,452.7336000000001
929.9,452.64
930.0,452.64
930.1,452.63340000000005
930.2,452.61
930.3,452.58479999999975
930.4,452.49
930.5,452.48580000000004
930.6,452.46580000000006
930.7,452.44579999999996
930.8,452.4050495049503
930.9,452.31
931.0,452.314
931.1,452.33399999999995
931.2,452.358
931.3,452.368
931.4,452.28
931.5,452.28
931.6,452.28
931.7,452.27619999999996
931.8,452.25429999999994
931.9,452.23569999999995
932.0,452.2675999999999
932.1,452.3075999999999
932.2,452.32669999999985
932.3,452.2662376237623
932.4,452.25
932.5,452.25
932.6,452.25
932.7,452.25
932.8,452.241
932.9,452.1928712871287
933.0,452.15150000000006
933.1,452.11
933.2,452.08619999999956
933.3,451.97
933.4,451.9666
933.5,451.95
933.6,451.95
933.7,451.95
933.8,451.93879999999996
933.9,451.88
934.0,451.8768
934.1,451.89359999999925
934.2,452.05719999999997
934.3,452.0124000000001
934.4,452.1059999999999
934.5,451.9673267326732
934.6,451.903
934.7,451.92300000000006
934.8,451.9415
934.9,451.9440000000001
935.0,451.9055
935.1,451.88
935.2,451.86811881188095
935.3,451.8
935.4,451.7972
935.5,451.78
935.6,451.78
935.7,451.7729999999999
935.8,451.7173999999999
935.9,451.6287999999999
936.0,451.5586138613861
936.1,451.5526
936.2,451.5582999999997
936.3,451.48
936.4,451.4774
936.5,451.46779999999995
936.6,451.5329999999999
936.7,451.63158415841616
936.8,451.71
936.9,451.71
937.0,451.71
937.1,451.71119999999996
937.2,451.7151999999999
937.3,451.67039999999986
937.4,451.5927999999999
937.5,451.53524752475255
937.6,451.4978
937.7,451.469
937.8,451.3745
937.9,451.32779999999997
938.0,451.31
938.1,451.31549999999993
938.2,451.3622
938.3,451.38
938.4,451.38
938.5,451.3839999999999
938.6,451.4219999999999
938.7,451.44
938.8,451.4369999999999
938.9,451.40999999999997
939.0,451.40700000000004
939.1,451.38
939.2,451.3782
939.3,451.36
939.4,451.3564
939.5,451.32
939.6,451.32
939.7,451.3173
939.8,451.28911782178216
939.9,451.28239999999994
940.0,451.31
940.1,451.3116
940.2,451.32919999999996
940.3,451.32
940.4,451.32
940.5,451.32319999999993
940.6,451.36
940.7,451.36
940.8,451.3628
940.9,451.4021
941.0,451.42789999999997
941.1,451.4
941.2,451.4028
941.3,451.43859999999995
941.4,451.42
941.5,451.41760000000005
941.6,451.3812
941.7,451.39879999999994
941.8,451.37699999999984
941.9,451.32700000000006
942.0,451.28
942.1,451.28
942.2,451.2779999999999
942.3,451.24
942.4,451.2420000000001
942.5,451.281
942.6,451.2990000000001
942.7,451.28
942.8,451.28200000000004
942.9,451.31900990099007
943.0,451.3012
943.1,451.32800000000003
943.2,451.28080000000006
943.3,451.29920000000004
943.4,451.28119999999996
943.5,451.3084
943.6,451.2688
943.7,451.24
943.8,451.2381999999999
943.9,451.18
944.0,451.1797
944.1,451.1655000000004
944.2,451.01939999999996
944.3,451.00540000000024
944.4,451.1803
944.5,451.1879207920794
944.6,451.12039999999996
944.7,451.14
944.8,451.14099999999996
944.9,451.1894
945.0,451.1592
945.1,451.12
945.2,451.12
945.3,451.12
945.4,451.11959999999993
945.5,451.08
945.6,451.08
945.7,451.08
945.8,451.07839999999965
945.9,450.92
946.0,450.92019801980194
946.1,450.94
946.2,450.92
946.3,450.96000000000004
946.4,450.96000000000004
946.5,450.99
946.6,450.99
946.7,450.96000000000004
946.8,450.87
946.9,450.87
947.0,450.87
947.1,450.84030000000007
947.2,450.7706999999998
947.3,450.77
947.4,450.75020000000006
947.5,450.6609000000002
947.6,450.66
947.7,450.66
947.8,450.6404
947.9,450.6596
948.0,450.66
948.1,450.67959999999994
948.2,450.6604
948.3,450.6404
948.4,450.65940594059407
948.5,450.70849999999996
948.6,450.74879999999996
948.7,450.7111999999999
948.8,450.71000000000004
948.9,450.72939999999994
949.0,450.6815000000001
949.1,450.66060000000004
949.2,450.72722772277234
949.3,450.74920000000003
949.4,450.75
949.5,450.79800000000006
949.6,450.7520000000002
949.7,450.68279999999993
949.8,450.84320000000014
949.9,450.9165346534653
950.0,450.89150000000006
950.1,450.89
950.2,450.95650000000023
950.3,450.922
950.4,450.95799999999997
950.5,450.96000000000004
950.6,450.8745000000001
950.7,450.83237623762375
950.8,450.9146000000001
950.9,450.87299999999993
951.0,450.8042000000002
951.1,450.8
951.2,450.82820000000004
951.3,450.7453999999999
951.4,450.6934653465347
951.5,450.6993
951.6,450.68140000000005
951.7,450.6986000000001
951.8,450.6907
951.9,450.69
952.0,450.7365
952.1,450.7768316831682
952.2,450.82600000000014
952.3,450.7839999999999
952.4,450.78
952.5,450.86279999999977
952.6,450.8056000000002
952.7,450.78159999999997
952.8,450.94560000000035
952.9,450.92356435643563
953.0,450.9018
953.1,450.9
953.2,450.8363
953.3,450.7663
953.4,450.8055
953.5,450.7554
953.6,450.75
953.7,450.8580000000003
953.8,451.01400000000035
953.9,451.01200000000006
954.0,451.01
954.1,450.9380000000002
954.2,450.87599999999986
954.3,450.88800000000003
954.4,450.89
954.5,450.8722
954.6,450.9501
954.7,450.9333
954.8,450.8944
954.9,450.89
955.0,450.8277
955.1,450.75831683168326
955.2,450.78520000000015
955.3,450.79
955.4,450.8603999999999
955.5,450.9051999999999
955.6,450.89240000000007
955.7,450.8635999999999
955.8,450.70159999999953
955.9,450.6277227722772
956.0,450.6983000000001
956.1,450.77089999999976
956.2,450.8235000000001
956.3,450.83000000000004
956.4,450.8039
956.5,450.6955999999999
956.6,450.71479999999985
956.7,450.668316831683
956.8,450.7288
956.9,450.9205999999997
957.0,451.0015999999999
957.1,450.93260000000015
957.2,450.86839999999984
957.3,450.8686
957.4,450.89545940594064
957.5,450.8829405940594
957.6,450.9394999999998
957.7,450.83099999999985
957.8,450.75049999999993
957.9,450.6975
958.0,450.6474999999999
958.1,450.64
958.2,450.6063366336632
958.3,450.58320000000003
958.4,450.56320000000005
958.5,450.5264
958.6,450.5284
958.7,450.53
958.8,450.53
958.9,450.49640000000005
959.0,450.49
959.1,450.49
959.2,450.4484999999999
959.3,450.44
959.4,450.44
959.5,450.3404000000003
959.6,450.32
959.7,450.32
959.8,450.32
959.9,450.32
960.0,450.32
960.1,450.32
960.2,450.3118
960.3,450.31
960.4,450.31
960.5,450.34247524752465
960.6,450.2528000000003
960.7,450.23
960.8,450.23
960.9,450.23
961.0,450.23
961.1,450.23
961.2,450.1337623762376
961.3,450.11
961.4,450.11
961.5,450.15
961.6,450.16
961.7,450.16
961.8,450.16
961.9,450.16
962.0,450.16
962.1,450.16
962.2,450.1916000000001
962.3,450.2
962.4,450.2
962.5,450.2
962.6,450.2
962.7,450.2
962.8,450.2
962.9,450.2
963.0,450.2
963.1,450.2
963.2,450.31700000000006
963.3,450.35
963.4,450.35
963.5,450.2576000000002
963.6,450.23
963.7,450.23
963.8,450.23
963.9,450.23
964.0,450.23
964.1,450.23
964.2,450.23
964.3,450.23
964.4,450.23
964.5,450.23
964.6,450.3211999999997
964.7,450.35
964.8,450.35
964.9,450.35
965.0,450.35
965.1,450.35
965.2,450.2374999999995
965.3,450.2
965.4,450.2
965.5,450.2
965.6,450.2
965.7,450.2
965.8,450.2
965.9,450.2
966.0,450.2
966.1,450.2
966.2,450.2
966.3,450.2
966.4,450.2
966.5,450.1124000000001
966.6,450.08
966.7,450.08
966.8,450.08
966.9,450.08
967.0,450.08
967.1,450.16759999999994
967.2,450.2
967.3,450.2
967.4,450.2
967.5,450.28639999999984
967.6,450.32
967.7,450.32
967.8,450.32
967.9,450.32
968.0,450.32
968.1,450.2987
968.2,450.29
968.3,450.29
968.4,450.29
968.5,450.37519999999995
968.6,450.40999999999997
968.7,450.40999999999997
968.8,450.40999999999997
968.9,450.40999999999997
969.0,450.40999999999997
969.1,459.75499999996964
969.2,470.31900000002133
969.3,479.577000000021
969.4,488.70999999999174
969.5,497.55848514849487
969.6,507.545024752437
969.7,557.8956000000155
969.8,577.9321999999996
969.9,592.7963000000051
970.0,605.785800000002
970.1,635.5748999998859
970.2,643.1897999999985
970.3,638.752079207914
970.4,631.5540000000033
970.5,620.4076000000222
970.6,606.7316000000261
970.7,590.0395999999515
970.8,635.9620000002071
970.9,654.5992000000031
971.0,644.4196039603976
971.1,632.6429000000287
971.2,648.8539000000205
971.3,651.955899999993
971.4,638.0542999999893
971.5,623.8986999999909
971.6,611.7214000000274
971.7,601.2663366336402
971.8,656.8644000000163
971.9,691.0613999999921
972.0,692.8584000000003
972.1,688.869400000008
972.2,684.1473999999869
972.3,681.3507999999996
972.4,682.1215999999969
972.5,684.1381188118761
972.6,688.2514999999819
972.7,674.0159999999719
972.8,664.777999999999
972.9,674.3110000000172
973.0,677.8095000000051
973.1,675.2085000000086
973.2,677.131500000005
973.3,684.4063366336618
973.4,675.9968000000165
973.5,665.3228000000058
973.6,662.4716000000008
973.7,661.0855999999937
973.8,649.6859999999878
973.9,645.6103999999972
974.0,650.1074257425626
974.1,654.4665999999887
974.2,657.9968000000054
974.3,660.5504000000033
974.4,673.5546000000309
974.5,682.0818999999973
974.6,688.5084999999735
974.7,695.3426356435658
974.8,697.8544376237621
974.9,695.8890000000016
975.0,692.2522000000017
975.1,689.9696000000006
975.2,687.6195999999962
975.3,683.6642000000021
975.4,678.4108000000026
975.5,672.0920039604075
975.6,666.6760841584273
975.7,662.1388999999908
975.8,657.5800999999906
975.9,653.5025000000027
976.0,653.1318999999955
976.1,650.6092000000132
976.2,643.4465346534585
976.3,634.922
976.4,625.542
976.5,616.112
976.6,605.9200000000001
976.7,593.7599999999763
976.8,580.43
976.9,605.7638613861612
977.0,628.2089346534751
977.1,626.5351000000105
977.2,625.7262000000055
977.3,628.0655000000062
977.4,630.3030999999996
977.5,633.4078999999922
977.6,637.2296999999921
977.7,643.9873267326848
977.8,651.8386000000032
977.9,658.4576000000028
978.0,663.7322000000021
978.1,665.4512000000008
978.2,661.9185999999975
978.3,655.1721999999967
978.4,648.0401405940644
978.5,639.5937425742727
978.6,629.2513000000174
978.7,617.4805999999633
978.8,653.5505000000264
978.9,689.3043999999874
979.0,695.936199999991
979.1,692.8866000000153
979.2,684.1335643564211
979.3,677.6635999999953
979.4,672.7703999999957
979.5,667.8415999999953
979.6,662.6456000000086
979.7,658.1895999999965
979.8,654.4951999999967
979.9,634.7927999999705
980.0,618.7368861386146
980.1,615.7400000000032
980.2,612.543999999988
980.3,610.2834999999989
980.4,609.3945000000007
980.5,609.8019999999985
980.6,611.8009999999971
980.7,614.4938613861449
980.8,617.8984000000054
980.9,620.5678000000021
981.0,630.6049999999811
981.1,639.5065999999943
981.2,641.8204000000037
981.3,643.5274000000011
981.4,645.22594059406
981.5,648.8921999999967
981.6,653.0809999999974
981.7,656.7227000000053
981.8,659.7349999999983
981.9,656.5693000000056
982.0,653.0697999999995
982.1,664.7060999999854
982.2,664.0398019801416
982.3,651.5579999999902
982.4,646.7955999999924
982.5,644.9363999999998
982.6,638.2052000000361
982.7,625.1523999999765
982.8,611.4871999999738
982.9,598.0861267326508
983.0,633.7002970297642
983.1,669.5746000000015
983.2,659.5971999999734
983.3,654.3547999999994
983.4,651.8164000000017
983.5,643.4058000000022
983.6,628.3095000000046
983.7,614.4124752475001
983.8,605.6949999999774
983.9,594.715
984.0,626.7699999998268
984.1,677.4099999999428
984.2,688.224999999992
984.3,684.5099999999911
984.4,681.2231188118778
984.5,681.4720475247533
984.6,684.9088999999929
984.7,689.1020000000011
984.8,691.0795999999998
984.9,689.9480999999997
985.0,675.1042999999935
985.1,658.0470000000093
985.2,664.5524752475509
985.3,675.6800000000019
985.4,679.6935999999916
985.5,682.6987999999976
985.6,674.3032000000344
985.7,659.9387999999742
985.8,654.8139999999997
985.9,654.6320871287129
986.0,654.8726178217826
986.1,648.9136000000191
986.2,642.679100000001
986.3,642.9212999999992
986.4,638.9899999999952
986.5,634.7441999999992
986.6,632.3493000000055
986.7,636.2864356435878
986.8,643.2036000000003
986.9,642.4068000000026
987.0,639.2494000000063
987.1,634.087400000008
987.2,627.6517999999771
987.3,621.9629999999956
987.4,618.6432000000035
987.5,614.9682178217936
987.6,610.5300000000129
987.7,607.2114999999969
987.8,605.2239999999988
987.9,604.7020000000002
988.0,605.9419999999977
988.1,608.8889999999883
988.2,611.4090000000016
988.3,614.9612871287143
988.4,618.5595999999996
988.5,617.6456000000023
988.6,615.0476000000024
988.7,612.5619999999964
988.8,608.9848000000048
988.9,603.575600000005
989.0,597.7801663366447
989.1,590.7654435643806
989.2,620.0341000001256
989.3,668.236500000012
989.4,673.7182000000043
989.5,677.7610999999979
989.6,682.9892999999867
989.7,686.3476237623776
989.8,688.0147999999994
989.9,689.9293999999989
990.0,691.3024000000001
990.1,689.7036000000015
990.2,686.170199999992
990.3,682.169400000002
990.4,675.2992000000047
990.5,663.9041584158585
990.6,649.3192000000422
990.7,628.7778999999472
990.8,612.3855999999942
990.9,605.2856999999976
991.0,590.7929000000408
991.1,602.9122999998674
991.2,635.8887128712922
991.3,643.8240000000001
991.4,651.688
991.5,651.594
991.6,652.9599999999965
991.7,656.336
991.8,661.8563366336687
991.9,667.0359000000035
992.0,671.112699999994
992.1,673.9568999999944
992.2,667.2366999999463
992.3,651.7063999999843
992.4,649.7213000000033
992.5,652.4920000000004
992.6,652.2811881188126
992.7,651.7637999999995
992.8,650.0251999999987
992.9,647.0689999999986
993.0,644.2747999999988
993.1,642.0654000000021
993.2,647.8206000000082
993.3,662.5683168316801
993.4,669.9745999999943
993.5,674.335299999991
993.6,678.3195999999982
993.7,680.3986000000111
993.8,682.6504999999996
993.9,681.974900000002
994.0,681.3923999999992
994.1,676.0454455445904
994.2,667.7132000000038
994.3,671.4696000000029
994.4,672.0703999999964
994.5,667.4400000000044
994.6,660.9504000000268
994.7,654.3031999999951
994.8,646.9615207920614
994.9,637.1698069306798
995.0,628.9145000000099
995.1,619.8835000000108
995.2,641.9020000002754
995.3,698.2795000000203
995.4,699.0020000000212
995.5,686.3070000000018
995.6,682.3379207920947
995.7,673.3423999999861
995.8,661.67579999998
995.9,646.9641999999798
996.0,632.6756000000024
996.1,619.505400000042
996.2,604.5065999999747
996.3,617.9294000001029
996.4,671.3996039604033
996.5,677.2743000000029
996.6,674.0040000000008
996.7,673.5069000000022
996.8,671.9949000000043
996.9,665.7955000000038
997.0,662.1518999999997
997.1,662.6295049504943
997.2,662.7095999999982
997.3,657.8579999999762
997.4,654.7132000000065
997.5,673.0207999999484
997.6,684.8184000000092
997.7,681.7679999999957
997.8,680.4484000000016
997.9,675.9706930692885
998.0,667.4703999999982
998.1,671.0541000000014
998.2,664.6804999999783
998.3,650.035400000007
998.4,626.5364000000018
998.5,620.2443000000009
998.6,616.0298702970347
998.7,611.1250693069247
998.8,607.823999999989
998.9,602.3259999999937
999.0,601.6209999999678
999.1,609.440000000016
999.2,605.6560000000085
999.3,609.1330000000066
999.4,612.4977227722846
999.5,617.011700000001
999.6,621.3385999999964
999.7,624.7424000000008
999.8,628.2067000000008
999.9,631.5962000000009
1000.0,635.1471000000007
1000.1,638.0624752475238
1000.2,640.128000000001
1000.3,640.7468000000019
1000.4,642.8043999999927
1000.5,645.6112000000004
1000.6,645.6895999999986
1000.7,645.7423999999947
1000.8,643.8531999999973
1000.9,641.8624752475275
1001.0,638.6875999999966
1001.1,632.7171000000045
1001.2,623.7855999999927
1001.3,613.2059999999931
1001.4,600.7298999999873
1001.5,615.7878000000724
1001.6,689.6142000000074
1001.7,678.9895049504914
1001.8,676.3723999999954
1001.9,673.0022000000089
1002.0,666.1862000000104
1002.1,658.2208000000121
1002.2,650.1847999999825
1002.3,645.1145999999925
1002.4,641.0125742574294
1002.5,637.8624257425743
1002.6,638.835000000011
1002.7,635.2674999999947
1002.8,629.7449999999906
1002.9,621.2749999999896
1003.0,612.355
1003.1,603.8300000000306
1003.2,595.1842574257378
1003.3,587.2708000000077
1003.4,598.4211999999332
1003.5,656.4271999999922
1003.6,666.7235999999855
1003.7,679.8488000000111
1003.8,684.4491999999951
1003.9,689.8521029702891
1004.0,695.4524712871124
1004.1,701.3589999999784
1004.2,708.0334000000073
1004.3,711.8751000000021
1004.4,713.8753000000022
1004.5,713.3462000000475
1004.6,701.5379207920735
1004.7,703.3111999999983
1004.8,703.347599999999
1004.9,704.4948000000011
1005.0,701.6704000000024
1005.1,696.1912000000029
1005.2,689.7655999999813
1005.3,684.3198000000016
1005.4,681.1742574257446
1005.5,682.9390999999582
1005.6,695.6612000000057
1005.7,693.3202999999947
1005.8,690.1979999999893
1005.9,685.331899999996
1006.0,682.0516831683209
1006.1,680.1520000000012
1006.2,679.34
1006.3,681.11
1006.4,680.0060000000001
1006.5,664.758
1006.6,667.7120000000019
1006.7,665.3441584158401
1006.8,661.5902999999892
1006.9,655.380200000009
1007.0,649.3984000000258
1007.1,638.0143000000123
1007.2,630.9354999999712
1007.3,618.8800999999768
1007.4,604.0735188119168
1007.5,604.1408336632486
1007.6,664.2006000000017
1007.7,658.7585999999962
1007.8,652.4852000000012
1007.9,653.461999999997
1008.0,646.3003999999955
1008.1,635.7020000000053
1008.2,621.2331683168193
1008.3,607.8516999999761
1008.4,596.9569000000166
1008.5,586.4589000000173
1008.6,594.2217999998431
1008.7,679.4933000000605
1008.8,696.1803999999959
1008.9,693.7241000000084
1009.0,688.54207920793
1009.1,684.0076000000123
1009.2,681.7904000000036
1009.3,685.7544000000037
1009.4,689.8780000000039
1009.5,688.9251999999948
1009.6,664.9616
1009.7,667.4196000000138
1009.8,679.5592079207895
1009.9,675.6820000000004
1010.0,676.3909999999926
1010.1,683.4469999999886
1010.2,688.4454999999366
1010.3,668.7959999999993
1010.4,669.4179999999994
1010.5,670.0783168316811
1010.6,668.647600000061
1010.7,652.1447999999998
1010.8,652.907000000009
1010.9,659.3912000000083
1011.0,665.0722000000023
1011.1,668.1985999999921
1011.2,670.0863366336614
1011.3,671.0891999999865
1011.4,688.2525000000005
1011.5,687.3283000000014
1011.6,684.936700000003
1011.7,680.8724999999943
1011.8,679.0419000000015
1011.9,676.5237000000025
1012.0,672.8238613861433
1012.1,667.923200000012
1012.2,663.5019999999915
1012.3,658.8279999999911
1012.4,654.0727999999949
1012.5,650.2624000000054
1012.6,648.0832000000099
1012.7,644.3778297029637
1012.8,640.3826118811886
1012.9,635.0971000000065
1013.0,609.5341000000006
1013.1,606.1203000000068
1013.2,596.5522000000027
1013.3,584.7427000000024
1013.4,574.6130000000018
1013.5,566.8516831683205
1013.6,558.629000000018
1013.7,557.4390000001348
1013.8,611.1830000000087
1013.9,616.0000000000249
1014.0,628.5829999999942
1014.1,631.2039999999922
1014.2,634.7960000000113
1014.3,640.1837623762568
1014.4,649.1885000000016
1014.5,655.8493000000016
1014.6,662.558099999999
1014.7,668.4528000000009
1014.8,671.8570999999996
1014.9,669.9786999999994
1015.0,667.3564999999994
1015.1,663.8822772277225
1015.2,656.9915999999769
1015.3,648.2771999999729
1015.4,636.6056000000267
1015.5,621.9008000000272
1015.6,613.2259999998837
1015.7,673.1664000000378
1015.8,685.5868237623672
1015.9,681.8465346534705
1016.0,678.512899999998
1016.1,673.0599000000173
1016.2,668.6102999999968
1016.3,663.8778999999965
1016.4,658.894099999997
1016.5,654.6745999999991
1016.6,652.5441653465381
1016.7,649.7652613860375
1016.8,619.4475999999707
1016.9,610.185799999996
1017.0,612.8632000000018
1017.1,611.7733999999974
1017.2,613.6244000000039
1017.3,614.9466000000076
1017.4,617.6916297029636
1017.5,622.3879108910859
1017.6,624.396000000001
1017.7,624.9465000000185
1017.8,641.3115000000194
1017.9,657.6990000000047
1018.0,661.8675000000036
1018.1,663.9150000001163
1018.2,630.7255247524572
1018.3,614.7799603960221
1018.4,597.7772000000151
1018.5,581.1416000000165
1018.6,562.9620000000159
1018.7,545.528399999941
1018.8,528.510000000015
1018.9,511.98240396041166
1019.0,494.7809900990272
1019.1,477.292100000053
1019.2,459.82919999999626
1019.3,457.53909999999996
1019.4,457.50759999999985
1019.5,457.42880000000014
1019.6,457.3888000000001
1019.7,457.34851485148505
1019.8,457.29900000000004
1019.9,457.24940000000004
1020.0,457.2152000000001
1020.1,456.96040000000045
1020.2,455.99779999999953
1020.3,455.88820000000004
1020.4,455.79820000000007
1020.5,455.70801980198024
1020.6,455.6092000000002
1020.7,455.52879999999976
1020.8,455.4088999999998
1020.9,455.29909999999984
1021.0,455.20700000000073
1021.1,454.9098000000001
1021.2,454.89
1021.3,454.89
1021.4,454.89
1021.5,454.89
1021.6,454.89
1021.7,454.89
1021.8,454.89
1021.9,454.89
1022.0,454.89
1022.1,454.395000000001
1022.2,454.39
1022.3,454.39
1022.4,454.5087999999997
1022.5,454.5594999999999
1022.6,454.61939999999987
1022.7,454.6690099009901
1022.8,454.66999999999996
1022.9,454.6602
1023.0,454.6796
1023.1,454.44480000000095
1023.2,454.7144000000001
1023.3,454.671
1023.4,454.6311881188119
1023.5,454.5912000000001
1023.6,454.5706
1023.7,454.45359999999965
1023.8,454.34329999999966
1023.9,454.3206
1024.0,454.3587999999999
1024.1,454.2436000000002
1024.2,454.09594059405924
1024.3,454.02279999999996
1024.4,454.08720000000005
1024.5,454.15720000000005
1024.6,454.22719999999975
1024.7,454.2012
1024.8,454.26720000000006
1024.9,454.3756000000001
1025.0,454.4465346534653
1025.1,454.22200000000026
1025.2,454.0579999999994
1025.3,454.0215
1025.4,454.04849999999993
1025.5,453.98350000000005
1025.6,453.8945000000001
1025.7,453.8044999999997
1025.8,453.74356435643557
1025.9,453.74
1026.0,453.6930000000001
1026.1,453.4174000000009
1026.2,453.4
1026.3,453.43760000000003
1026.4,453.5058000000001
1026.5,453.5757999999998
1026.6,453.6172277227722
1026.7,453.62
1026.8,453.62
1026.9,453.62
1027.0,453.62
1027.1,453.4805000000001
1027.2,453.3583999999995
1027.3,453.35
1027.4,453.3315841584158
1027.5,453.30240000000003
1027.6,453.2816
1027.7,453.30760000000004
1027.8,453.28239999999994
1027.9,453.24319999999994
1028.0,453.21240000000006
1028.1,452.9450217821785
1028.2,452.8926376237624
1028.3,453.11749999999995
1028.4,453.0763
1028.5,452.9972
1028.6,452.89900000000006
1028.7,452.81719999999996
1028.8,452.81
1028.9,452.81
1029.0,452.81
1029.1,452.7020000000003
1029.2,452.69
1029.3,452.66299999999995
1029.4,452.669
1029.5,452.6430000000001
1029.6,452.3459405940594
1029.7,452.2922
1029.8,452.2722
1029.9,452.2433
1030.0,452.24
1030.1,452.0174999999999
1030.2,451.99
1030.3,451.9722
1030.4,451.97
1030.5,451.9524
1030.6,451.96759999999995
1030.7,451.95239999999995
1030.8,451.9324
1030.9,451.91240000000005
1031.0,451.94519999999994
1031.1,451.66247524752595
1031.2,451.6374
1031.3,451.65740000000005
1031.4,451.66
1031.5,451.67740000000003
1031.6,451.68
1031.7,451.70610000000005
1031.8,451.71000000000004
1031.9,451.71000000000004
1032.0,451.68420000000003
1032.1,451.6026000000001
1032.2,451.6158000000001
1032.3,451.65439999999995
1032.4,451.65999999999997
1032.5,451.6256000000001
1032.6,451.57700000000006
1032.7,451.51039603960385
1032.8,451.48299999999995
1032.9,451.46299999999997
1033.0,451.443
1033.1,451.44
1033.2,451.44
1033.3,451.45700000000005
1033.4,451.46000000000004
1033.5,451.4431683168317
1033.6,451.4232
1033.7,451.3779999999998
1033.8,451.3532
1033.9,451.31640000000004
1034.0,451.31
1034.1,450.6884000000007
1034.2,450.57
1034.3,450.57
1034.4,450.54509999999993
1034.5,450.44040000000024
1034.6,450.41999999999996
1034.7,450.4034
1034.8,450.38339999999994
1034.9,450.47130000000016
1035.0,450.4571287128713
1035.1,449.8432000000003
1035.2,449.82480000000004
1035.3,449.8746
1035.4,449.83080000000007
1035.5,449.6560000000001
1035.6,449.54620000000006
1035.7,449.5054
1035.8,449.5081188118812
1035.9,449.5424000000001
1036.0,449.55809999999997
1036.1,449.4223000000004
1036.2,449.39
1036.3,449.39
1036.4,449.3819
1036.5,449.3238613861386
1036.6,449.278
1036.7,449.21399999999994
1036.8,449.216
1036.9,449.1
1037.0,449.078
1037.1,448.952
1037.2,448.92
1037.3,448.9437623762377
1037.4,448.96579999999994
1037.5,448.9542
1037.6,448.95
1037.7,448.95
1037.8,448.95
1037.9,448.93420000000003
1038.0,448.9221782178218
1038.1,448.7874000000005
1038.2,448.7656
1038.3,448.809
1038.4,448.8512
1038.5,448.90680000000003
1038.6,448.95899999999983
1038.7,448.97
1038.8,448.97
1038.9,448.97
1039.0,448.9469
1039.1,448.90150000000006
1039.2,448.8591999999999
1039.3,448.8191999999999
1039.4,448.81762376237623
1039.5,448.7363999999999
1039.6,448.6872000000001
1039.7,448.64959999999996
1039.8,448.64
1039.9,448.64
1040.0,448.63239999999996
1040.1,448.63759999999996
1040.2,448.61742574257414
1040.3,448.6475
1040.4,448.645
1040.5,448.49750000000023
1040.6,448.4125
1040.7,448.3699999999999
1040.8,448.33
1040.9,448.305
1041.0,448.3297029702969
1041.1,448.3326
1041.2,448.30779999999993
1041.3,448.2852
1041.4,448.2726
1041.5,448.27
1041.6,448.25520000000006
1041.7,448.23534653465344
1041.8,448.23
1041.9,448.23
1042.0,448.2446
1042.1,448.19160000000005
1042.2,448.17
1042.3,448.1554
1042.4,448.15
1042.5,448.1356
1042.6,448.13
1042.7,448.13
1042.8,448.1444
1042.9,448.05639999999977
1043.0,448.0344
1043.1,447.90320000000054
1043.2,447.84287128712873
1043.3,447.8542
1043.4,447.8742
1043.5,447.42560000000014
1043.6,447.2471
1043.7,447.2358
1043.8,447.2087
1043.9,447.09350000000006
1044.0,447.02188118811887
1044.1,446.9890000000001
1044.2,447.10600000000045
1044.3,447.18100000000004
1044.4,447.183
1044.5,446.7460000000014
1044.6,446.56
1044.7,446.5253465346534
1044.8,446.5376
1044.9,446.5431
1045.0,446.53999999999996
1045.1,446.5124000000001
1045.2,446.4379
1045.3,446.4445
1045.4,446.4117
1045.5,446.39
1045.6,446.3560000000001
1045.7,446.39440000000025
1045.8,446.41319999999996
1045.9,446.35560000000004
1046.0,446.38439999999986
1046.1,446.38960000000003
1046.2,446.41366336633666
1046.3,446.37639999999993
1046.4,446.3634
1046.5,446.3901
1046.6,446.41339999999997
1046.7,446.4133
1046.8,446.37649999999996
1046.9,446.40020000000004
1047.0,446.42
1047.1,446.40680000000003
1047.2,446.36699999999985
1047.3,446.3632
1047.4,446.4029999999999
1047.5,446.38040000000007
1047.6,446.36
1047.7,446.32039999999984
1047.8,446.3392079207922
1047.9,446.347
1048.0,446.29450000000014
1048.1,446.28949999999986
1048.2,446.3
1048.3,446.31950000000006
1048.4,446.2844999999999
1048.5,446.27299999999997
1048.6,446.30574257425735
1048.7,446.3520000000002
1048.8,446.37
1048.9,446.338
1049.0,446.33279999999996
1049.1,446.37199999999996
1049.2,446.38359999999994
1049.3,446.39267326732676
1049.4,446.4315000000001
1049.5,446.4814999999999
1049.6,446.5
1049.7,446.4937
1049.8,446.43959999999987
1049.9,446.40999999999997
1050.0,446.4477999999999
1050.1,446.4388118811882
1050.2,446.37659999999994
1050.3,446.3376
1050.4,446.29900000000004
1050.5,446.22420000000005
1050.6,446.1776
1050.7,446.17
1050.8,446.1576
1050.9,446.17455445544545
1051.0,446.25099999999975
1051.1,446.28999999999996
1051.2,446.30830000000003
1051.3,446.36880000000014
1051.4,446.4183
1051.5,446.38730000000015
1051.6,446.36
1051.7,446.37200000000007
1051.8,446.32
1051.9,446.256
1052.0,446.216
1052.1,446.14
1052.2,446.0579999999999
1052.3,446.0240594059406
1052.4,446.0318
1052.5,446.0223000000001
1052.6,446.0335999999999
1052.7,446.05
1052.8,446.06752475247526
1052.9,446.13800000000003
1053.0,446.2264
1053.1,446.2831999999999
1053.2,446.3174
1053.3,446.33000000000004
1053.4,446.3184
1053.5,446.2812871287129
1053.6,446.2486
1053.7,446.2228999999999
1053.8,446.26700000000005
1053.9,446.28150000000005
1054.0,446.2315000000001
1054.1,446.22709999999995
1054.2,446.24
1054.3,446.2064
1054.4,446.2248000000001
1054.5,446.2656
1054.6,446.2420000000001
1054.7,446.2368
1054.8,446.2668
1054.9,446.23564356435645
1055.0,446.2439999999999
1055.1,446.30199999999996
1055.2,446.26499999999965
1055.3,446.22
1055.4,446.22
1055.5,446.1815000000001
1055.6,446.16099999999994
1055.7,446.2135643564358
1055.8,446.27160000000003
1055.9,446.28999999999996
1056.0,446.2792
1056.1,446.21600000000035
1056.2,446.17
1056.3,446.2348000000002
1056.4,446.2629999999999
1056.5,446.2346534653465
1056.6,446.2935999999999
1056.7,446.3553
1056.8,446.3335
1056.9,446.3417999999999
1057.0,446.3117000000001
1057.1,446.24940000000004
1057.2,446.2294524752475
1057.3,446.18321980198016
1057.4,446.10839999999985
1057.5,446.0752
1057.6,446.08
1057.7,446.08
1057.8,446.0539999999999
1057.9,446.0039999999999
1058.0,445.98
1058.1,445.98
1058.2,445.98
1058.3,445.9545
1058.4,445.9045
1058.5,445.88
1058.6,445.85450000000003
1058.7,445.83
1058.8,445.83
1058.9,445.78999999999996
1059.0,445.75
1059.1,445.75
1059.2,445.75
1059.3,445.75
1059.4,445.75
1059.5,445.75
1059.6,445.75
1059.7,445.75
1059.8,445.75
1059.9,445.75
1060.0,445.75
1060.1,445.75
1060.2,445.75
1060.3,445.75
1060.4,445.75
1060.5,445.75
1060.6,445.75
1060.7,445.75
1060.8,445.75
1060.9,445.75
1061.0,445.75
1061.1,445.75
1061.2,445.75
1061.3,445.75
1061.4,445.75
1061.5,445.75
1061.6,445.75
1061.7,445.75
1061.8,445.75
1061.9,445.75
1062.0,445.75
1062.1,445.75
1062.2,445.75
1062.3,445.75
1062.4,445.75
1062.5,445.75
1062.6,445.75
1062.7,445.75
1062.8,445.75
1062.9,445.75
1063.0,445.75
1063.1,445.75
1063.2,445.75
1063.3,445.75
1063.4,445.75
1063.5,445.75
1063.6,445.75
1063.7,445.75
1063.8,445.75
1063.9,445.75
1064.0,445.75
1064.1,445.75
1064.2,445.75
1064.3,445.75
1064.4,445.75
1064.5,445.75
1064.6,445.75
1064.7,445.75
1064.8,445.75
1064.9,445.75
1065.0,445.75
1065.1,445.75
1065.2,445.75
1065.3,445.75
1065.4,445.75
1065.5,445.75
1065.6,445.75
1065.7,445.75
1065.8,445.75
1065.9,445.75
1066.0,445.75
1066.1,445.75
1066.2,445.75
1066.3,445.75
1066.4,445.75
1066.5,445.75
1066.6,445.75
1066.7,445.75
1066.8,445.75
1066.9,445.75
1067.0,445.75
1067.1,445.75
1067.2,445.75
1067.3,445.75
1067.4,445.75
1067.5,445.75
1067.6,445.75
1067.7,445.75
1067.8,445.75
1067.9,445.75
1068.0,445.75
1068.1,445.75
1068.2,445.75
1068.3,445.75
1068.4,445.75
1068.5,445.75
1068.6,445.75
1068.7,445.75
1068.8,445.75
1068.9,445.75
1069.0,445.75
1069.1,445.75
1069.2,445.75
1069.3,445.75
1069.4,445.75
1069.5,445.75
1069.6,445.75
1069.7,445.75
1069.8,445.75
1069.9,445.75
1070.0,445.75
1070.1,445.75
1070.2,445.75
1070.3,445.75
1070.4,445.75
1070.5,445.75
1070.6,445.75
1070.7,445.75
1070.8,445.75
1070.9,445.75
1071.0,445.75
1071.1,445.75
1071.2,445.75
1071.3,445.75
1071.4,445.75
1071.5,445.75
1071.6,445.75
1071.7,445.75
1071.8,445.75
1071.9,445.75
1072.0,445.75
1072.1,445.75
1072.2,445.75
1072.3,445.75
1072.4,445.75
1072.5,445.75
1072.6,445.75
1072.7,445.75
1072.8,445.75
1072.9,445.75
1073.0,445.75
1073.1,445.75
1073.2,445.75
1073.3,445.75
1073.4,445.75
1073.5,445.75
1073.6,445.75
1073.7,445.75
1073.8,445.75
1073.9,445.75
1074.0,445.75
1074.1,445.75
1074.2,445.75
1074.3,445.7860000000003
1074.4,445.87
1074.5,445.87
1074.6,445.87
1074.7,445.87
1074.8,445.87
1074.9,445.87
1075.0,445.87
1075.1,445.87
1075.2,445.87
1075.3,445.9048
1075.4,445.99
1075.5,445.99
1075.6,445.99
1075.7,445.99
1075.8,445.99
1075.9,445.99
1076.0,445.99
1076.1,445.99
1076.2,445.99
1076.3,445.99
1076.4,445.99
1076.5,445.99
1076.6,445.99
1076.7,445.99
1076.8,445.99
1076.9,447.7963000000046
1077.0,455.3185148514865
1077.1,464.84059999998794
1077.2,473.87160000003075
1077.3,483.32360000001773
1077.4,504.3827999999239
1077.5,548.3145999999861
1077.6,558.5167999999861
1077.7,568.8023702970531
1077.8,578.6197029702948
1077.9,599.147500000068
1078.0,643.21
1078.1,639.5300000000183
1078.2,633.3874999999904
1078.3,623.6299999999845
1078.4,609.954999999984
1078.5,616.2989108911316
1078.6,670.7587999999878
1078.7,677.624799999965
1078.8,665.9852000000046
1078.9,660.4012000000067
1079.0,652.7240000000079
1079.1,643.4260000000103
1079.2,631.3045544553996
1079.3,617.1183999999794
1079.4,604.5456999999938
1079.5,593.1518000000335
1079.6,581.8141000000335
1079.7,598.3555000001749
1079.8,682.1165999999944
1079.9,678.6836633663333
1080.0,675.6046000000016
1080.1,672.2634000000012
1080.2,669.8939999999944
1080.3,669.3237999999983
1080.4,673.1555999999982
1080.5,677.1223999999983
1080.6,676.7568000000072
1080.7,663.2390099009672
1080.8,661.8185000000344
1080.9,675.0249999999994
1081.0,675.3418999999915
1081.1,678.5722999999934
1081.2,676.9245999999637
1081.3,663.3573000000043
1081.4,663.9668999999943
1081.5,659.1482178217896
1081.6,655.3340000000038
1081.7,646.626
1081.8,625.3779999999999
1081.9,625.826
1082.0,623.272
1082.1,617.7700000000066
1082.2,611.3240000000001
1082.3,611.1031683168262
1082.4,620.5203000000156
1082.5,614.2830000000006
1082.6,613.7683000000029
1082.7,612.2185999999948
1082.8,610.0274999999955
1082.9,607.4783168316858
1083.0,605.8361999999994
1083.1,604.6368000000001
1083.2,604.5138000000002
1083.3,605.0228000000004
1083.4,606.206000000001
1083.5,608.809200000002
1083.6,612.964799999999
1083.7,615.7466336633685
1083.8,617.9708000000027
1083.9,620.3752999999872
1084.0,627.3653999999974
1084.1,628.4601000000023
1084.2,626.6381999999895
1084.3,622.6969999999872
1084.4,616.5106930693158
1084.5,608.7126336633647
1084.6,599.5688000000375
1084.7,589.3559999999912
1084.8,593.738000000071
1084.9,660.4280000000065
1085.0,666.5644000000002
1085.1,668.4867999999819
1085.2,673.6838613861423
1085.3,679.3790841584135
1085.4,681.2934999999987
1085.5,682.615999999997
1085.6,685.1884999999975
1085.7,686.9884999999989
1085.8,686.238000000003
1085.9,683.1230000000064
1086.0,676.8443564356584
1086.1,666.3278000000389
1086.2,653.6427999999789
1086.3,637.9247999999766
1086.4,619.6247999999656
1086.5,597.7445999999989
1086.6,594.2278000000484
1086.7,588.3088257426297
1086.8,633.1579861386126
1086.9,636.4087999999913
1087.0,647.6451999999992
1087.1,648.6968999999992
1087.2,649.7073000000007
1087.3,650.1759999999986
1087.4,652.4344999999983
1087.5,655.3591089108867
1087.6,660.2555999999839
1087.7,666.0348000000092
1087.8,668.295599999967
1087.9,652.4880000000014
1088.0,653.3056000000043
1088.1,651.8500000000007
1088.2,651.7644000000021
1088.3,653.2501980198085
1088.4,657.403299999999
1088.5,661.4013999999992
1088.6,665.043499999998
1088.7,669.975799999995
1088.8,689.7592999999991
1088.9,693.7192999999985
1089.0,699.9632326732666
1089.1,702.8825841584153
1089.2,704.534000000011
1089.3,708.7779999999974
1089.4,707.8570000000016
1089.5,708.7649999999971
1089.6,709.6820000000048
1089.7,705.5899999999496
1089.8,684.7121782178015
1089.9,675.381891089075
1090.0,663.7157999999981
1090.1,655.636400000001
1090.2,650.6134999999989
1090.3,645.1451999999974
1090.4,633.7860999999982
1090.5,625.7475999999974
1090.6,614.1856435643558
1090.7,600.669999999966
1090.8,595.6092000001903
1090.9,671.2335999999642
1091.0,688.5500000000177
1091.1,679.5024000000018
1091.2,677.9811999999786
1091.3,669.9507999999764
1091.4,660.1168316831813
1091.5,651.7831999999955
1091.6,639.1463000000692
1091.7,621.5134999999905
1091.8,607.5865999999907
1091.9,600.5606000000549
1092.0,676.266500000004
1092.1,686.5948999999921
1092.2,688.7403960396066
1092.3,691.6657999999984
1092.4,691.3225999999956
1092.5,694.1126000000052
1092.6,690.4420000000024
1092.7,688.5477999999894
1092.8,685.0601999999845
1092.9,678.6230693069596
1093.0,657.1408118812084
1093.1,678.7514999999657
1093.2,688.414500000003
1093.3,690.8699999999977
1093.4,689.2920000000073
1093.5,694.3324999999804
1093.6,673.8664999999996
1093.7,673.9053465346517
1093.8,672.4055999999971
1093.9,674.5588000000196
1094.0,653.7532000000032
1094.1,650.2268000000056
1094.2,644.2927999999916
1094.3,641.7676000000043
1094.4,637.0772000000017
1094.5,634.9898019802065
1094.6,627.256599999949
1094.7,643.9924000000017
1094.8,645.1312000000048
1094.9,648.2147000000066
1095.0,652.6881999999883
1095.1,656.6317999999881
1095.2,660.7536000000098
1095.3,666.8575247524838
1095.4,672.4329999999976
1095.5,677.5825999999977
1095.6,682.740199999997
1095.7,689.2276000000215
1095.8,694.5925999999979
1095.9,699.1339999999999
1096.0,699.2490000000018
1096.1,695.3007920792074
1096.2,696.2845999999906
1096.3,691.6700999999755
1096.4,679.769399999994
1096.5,676.5994000000352
1096.6,662.5317000000371
1096.7,647.6933999999679
1096.8,632.0274257425413
1096.9,615.77
1097.0,597.02
1097.1,640.82
1097.2,660.68
1097.3,644.41
1097.4,639.96
1097.5,634.16
1097.6,626.55
1097.7,623.0153465346446
1097.8,625.6134000000067
1097.9,623.6006000000041
1098.0,623.6097
1098.1,618.5511000000104
1098.2,621.9848000000088
1098.3,622.2081000000005
1098.4,620.7637274315689
1098.5,618.896391089112
1098.6,617.6372000000019
1098.7,614.4183999999902
1098.8,610.5466999999885
1098.9,603.5430000000104
1099.0,594.6291000000142
1099.1,680.5638999998586
1099.2,701.1894059406125
1099.3,706.0004000000038
1099.4,709.0308000000027
1099.5,707.8347999999987
1099.6,705.4184000000084
1099.7,701.0671999999959
1099.8,700.6115999999997
1099.9,695.9919999999956
1100.0,688.9089108910965
1100.1,666.1870000000267
1100.2,662.4259999999907
1100.3,663.344499999999
1100.4,662.7350000000008
1100.5,658.8905000000045
1100.6,654.7475000000047
1100.7,653.2954999999955
1100.8,661.5072277227853
1100.9,643.7751999999734
1101.0,637.8536000000147
1101.1,635.1060000000083
1101.2,647.8656000000187
1101.3,643.1439999999919
1101.4,636.1817999999904
1101.5,625.4576000000319
1101.6,628.1411881188088
1101.7,632.6122000000175
1101.8,638.7703999999977
1101.9,642.3068999999978
1102.0,649.0685999999953
1102.1,634.9218000000108
1102.2,635.3452000000063
1102.3,638.7318504950908
1102.4,642.2595881188208
1102.5,644.1683999999958
1102.6,647.3735999999909
1102.7,639.7831999999845
1102.8,630.6727999999833
1102.9,618.6791999999778
1103.0,606.6232000000285
1103.1,591.8508910891157
1103.2,675.8034000000171
1103.3,688.7990999999988
1103.4,683.3896000000015
1103.5,663.9275000000047
1103.6,664.6170999999994
1103.7,646.2695999999962
1103.8,633.9650000000026
1103.9,625.8752475247685
1104.0,612.1040000000328
1104.1,680.1939999998243
1104.2,695.4530000000191
1104.3,697.4240000000029
1104.4,706.477999999982
1104.5,701.9800000000139
1104.6,701.2537128712872
1104.7,698.9348999999982
1104.8,696.8877999999995
1104.9,690.8137999999985
1105.0,687.4377999999992
1105.1,699.5967000000031
1105.2,664.7567999999703
1105.3,676.226600000004
1105.4,678.5168752475241
1105.5,679.7303762376213
1105.6,677.461200000005
1105.7,663.586799999958
1105.8,651.7871999999692
1105.9,648.1948000000033
1106.0,652.0699999999913
1106.1,654.5480316831605
1106.2,636.6729326732531
1106.3,631.7153999999982
1106.4,630.144599999999
1106.5,621.068599999993
1106.6,622.3325999999902
1106.7,624.5470000000014
1106.8,637.3045000000097
1106.9,647.8689663366209
1107.0,647.7147029702995
1107.1,644.5704000000046
1107.2,640.7803999999877
1107.3,636.5248000000031
1107.4,632.6348000000053
1107.5,631.0594000000016
1107.6,630.3482000000008
1107.7,626.3855722772212
1107.8,619.9979851485073
1107.9,615.1564999999948
1108.0,611.5219999999961
1108.1,608.8495000000069
1108.2,605.8689999999965
1108.3,604.0074999999981
1108.4,607.9590000000056
1108.5,608.3970297029705
1108.6,605.3328000000033
1108.7,603.4495999999943
1108.8,599.8484000000007
1108.9,594.7832000000049
1109.0,587.2200000000073
1109.1,579.1528000000073
1109.2,572.7107999999778
1109.3,634.4222772278672
1109.4,654.7294000000146
1109.5,657.0784999999979
1109.6,662.319599999982
1109.7,669.5435000000118
1109.8,673.4743000000051
1109.9,675.2650000000024
1110.0,677.1058752475204
1110.1,683.5113306930627
1110.2,682.1403999999989
1110.3,682.0747999999998
1110.4,659.7302000000125
1110.5,655.4559999999997
1110.6,649.0892000000036
1110.7,636.1471999999949
1110.8,619.4201980197747
1110.9,603.4291999999679
1111.0,589.1829000000228
1111.1,575.9209000000328
1111.2,560.9559999999685
1111.3,600.7494000001079
1111.4,626.4111000000396
1111.5,638.9098019802025
1111.6,639.0500000000001
1111.7,638.0679999999994
1111.8,643.71
1111.9,647.374
1112.0,649.2819999999999
1112.1,652.284
1112.2,655.5420000000029
1112.3,640.8553465346155
1112.4,639.6028999999962
1112.5,642.8047999999936
1112.6,644.4553999999974
1112.7,643.8114999999972
1112.8,641.7845999999944
1112.9,639.7774000000021
1113.0,639.3937
1113.1,642.3566336633527
1113.2,646.0114000000017
1113.3,649.5478000000016
1113.4,668.0104000000103
1113.5,677.8204000000028
1113.6,682.190799999988
1113.7,687.2052000000024
1113.8,693.3720000000029
1113.9,701.1899009900898
1114.0,703.0723
1114.1,700.621400000005
1114.2,695.7011999999839
1114.3,678.3338999999381
1114.4,671.3794000000015
1114.5,653.6537000000353
1114.6,648.6271524752474
1114.7,644.1367801980117
1114.8,635.4795999999913
1114.9,625.4759999999908
1115.0,615.515999999991
1115.1,606.7560000000215
1115.2,599.723999999994
1115.3,592.0903999999928
1115.4,652.4172277227207
1115.5,698.8399999999607
1115.6,706.4025000000016
1115.7,710.9600000000223
1115.8,710.35
1115.9,703.1125000000098
1116.0,708.0824999999892
1116.1,709.4700000000015
1116.2,705.5310891089018
1116.3,701.6233999999952
1116.4,696.6939999999926
1116.5,685.6034000000261
1116.6,681.3120000000039
1116.7,680.9185999999999
1116.8,683.0138000000039
1116.9,678.6169999999905
1117.0,673.6668316831689
1117.1,667.3151000000048
1117.2,664.1416999999991
1117.3,664.6362999999991
1117.4,664.7783000000003
1117.5,664.2766000000004
1117.6,677.5227999999875
1117.7,682.1611128712864
1117.8,677.8132118811776
1117.9,678.6396000000062
1118.0,664.9408000000296
1118.1,662.407999999988
1118.2,661.249599999994
1118.3,656.35999999999
1118.4,633.3351999999456
1118.5,620.8738613861366
1118.6,615.726800000001
1118.7,613.625499999999
1118.8,611.2271000000007
1118.9,612.1704999999994
1119.0,611.6036000000004
1119.1,623.6085999999959
1119.2,627.0614999999974
1119.3,629.7191089108983
1119.4,632.8379999999978
1119.5,635.6839999999931
1119.6,638.5009999999938
1119.7,639.5650000000009
1119.8,639.1169999999983
1119.9,639.2649999999995
1120.0,641.2639999999941
1120.1,644.0668316831577
1120.2,648.0857000000011
1120.3,652.1465000000009
1120.4,655.7067000000008
1120.5,660.8824000000013
1120.6,665.1794999999897
1120.7,669.634356435653
1120.8,670.5439999999974
1120.9,666.9284000000018
1121.0,659.760000000015
1121.1,649.9528000000192
1121.2,636.8083999999608
1121.3,620.989999999955
1121.4,605.8908000000052
1121.5,650.0751485148419
1121.6,680.9758999999744
1121.7,668.838599999984
1121.8,654.6712999999934
1121.9,645.4632999999939
1122.0,638.664299999996
1122.1,634.2608000000089
1122.2,628.5754455445389
1122.3,623.7063999999993
1122.4,621.7594000000012
1122.5,619.7802000000034
1122.6,610.6040000000172
1122.7,604.6105999999918
1122.8,605.2678000000004
1122.9,604.0668000000042
1123.0,600.5502970297132
1123.1,596.0775000000165
1123.2,590.4929999999932
1123.3,585.7869999999955
1123.4,581.0454999999941
1123.5,574.1150000000143
1123.6,625.9369999997136
1123.7,670.8457574257698
1123.8,685.0886851485132
1123.9,692.3435999999944
1124.0,697.6491999999956
1124.1,700.9059999999978
1124.2,704.9956000000183
1124.3,705.049999999998
1124.4,703.8808000000002
1124.5,701.3213861386223
1124.6,705.1163999999756
1124.7,706.1009999999948
1124.8,701.9189999999925
1124.9,695.7825999999889
1125.0,689.9807000000065
1125.1,685.3810000000127
1125.2,681.6983999999948
1125.3,679.3348277227717
1125.4,678.8731999999998
1125.5,678.3094000000006
1125.6,676.7516000000008
1125.7,674.044999999996
1125.8,671.2352000000011
1125.9,668.924600000001
1126.0,644.754851485213
1126.1,618.620300000047
1126.2,600.4236999999636
1126.3,582.9352999999646
1126.4,565.2322000000131
1126.5,537.7240000000841
1126.6,520.5879000000166
1126.7,507.5057999999648
1126.8,490.7642574257292
1126.9,474.746
1127.0,458.28
1127.1,451.488
1127.2,451.4139999999998
1127.3,451.31600000000003
1127.4,451.18399999999997
1127.5,451.03
1127.6,450.88683168316845
1127.7,450.81819999999993
1127.8,450.79819999999995
1127.9,449.9404000000003
1128.0,448.24080000000384
1128.1,447.47
1128.2,447.41689999999977
1128.3,447.3274257425742
1128.4,447.2378
1128.5,447.1536
1128.6,447.0562000000002
1128.7,446.94039999999995
1128.8,446.8262
1128.9,446.6581999999999
1129.0,446.51199999999994
1129.1,446.401089108911
1129.2,446.35
1129.3,446.35
1129.4,446.35
1129.5,446.35
1129.6,446.35
1129.7,446.35
1129.8,446.35
1129.9,446.21507722772265
1130.0,446.11
1130.1,445.99800000000033
1130.2,445.90999999999997
1130.3,445.90999999999997
1130.4,445.9828000000001
1130.5,446.04554455445543
1130.6,446.05
1130.7,446.04449999999997
1130.8,446.0345
1130.9,445.8210000000004
1131.0,445.65
1131.1,445.639
1131.2,445.68500000000034
1131.3,445.7517821782179
1131.4,445.7862
1131.5,445.77840000000003
1131.6,445.75460000000004
1131.7,445.78780000000006
1131.8,445.8524000000001
1131.9,445.74499999999966
1132.0,445.61920000000003
1132.1,445.6313861386138
1132.2,445.6977000000001
1132.3,445.7718
1132.4,445.76820000000004
1132.5,445.70290000000006
1132.6,445.68059999999997
1132.7,445.7271000000001
1132.8,445.7285148514851
1132.9,445.59599999999966
1133.0,445.4792
1133.1,445.46000000000004
1133.2,445.46000000000004
1133.3,445.41319999999985
1133.4,445.3335999999999
1133.5,445.3
1133.6,445.3
1133.7,445.2540999999998
1133.8,445.1539
1133.9,444.9419000000001
1134.0,444.81039999999996
1134.1,444.8198
1134.2,444.77429999999987
1134.3,444.7094
1134.4,444.7254455445543
1134.5,444.79999999999984
1134.6,444.86499999999984
1134.7,444.91
1134.8,444.92
1134.9,444.8
1135.0,444.68
1135.1,444.67009900990104
1135.2,444.6404
1135.3,444.61019999999996
1135.4,444.6
1135.5,444.58529999999996
1135.6,444.57
1135.7,444.57
1135.8,444.72190000000006
1135.9,444.87029702970295
1136.0,444.9943999999995
1136.1,445.1112000000001
1136.2,445.05599999999987
1136.3,445.006
1136.4,444.96560000000005
1136.5,444.9308000000001
1136.6,444.8812000000001
1136.7,444.76445544554423
1136.8,444.66999999999996
1136.9,444.6606
1137.0,444.65
1137.1,444.6406
1137.2,444.63
1137.3,444.6394
1137.4,444.64059999999995
1137.5,444.63
1137.6,444.61620000000005
1137.7,444.5401999999996
1137.8,444.47
1137.9,444.41020000000015
1138.0,444.34000000000003
1138.1,444.33080000000007
1138.2,444.32
1138.3,444.32
1138.4,444.32
1138.5,444.329
1138.6,444.34000000000003
1138.7,444.35350000000005
1138.8,444.37
1138.9,444.31599999999986
1139.0,444.25
1139.1,444.25
1139.2,444.25
1139.3,444.25
1139.4,444.25
1139.5,444.25879999999995
1139.6,444.27
1139.7,444.27
1139.8,444.27
1139.9,444.27
1140.0,444.27
1140.1,444.27
1140.2,444.27
1140.3,444.27
1140.4,444.27
1140.5,444.27
1140.6,444.2616
1140.7,444.22899999999987
1140.8,444.2
1140.9,444.2
1141.0,444.2
1141.1,444.2
1141.2,444.2
1141.3,444.2
1141.4,444.2
1141.5,444.2
1141.6,444.18770000000006
1141.7,444.16179999999997
1141.8,444.1418
1141.9,444.1218
1142.0,444.10188118811885
1142.1,444.09000000000003
1142.2,444.09000000000003
1142.3,444.078
1142.4,444.06
1142.5,444.06
1142.6,444.06
1142.7,444.08
1142.8,444.11
1142.9,444.11
1143.0,444.11
1143.1,444.1061
1143.2,444.08049999999986
1143.3,444.0226999999998
1143.4,443.98
1143.5,443.9916999999999
1143.6,444.02158415841575
1143.7,444.0514
1143.8,444.0586
1143.9,444.0362
1144.0,444.13260000000014
1144.1,444.28860000000003
1144.2,444.26619999999997
1144.3,444.2486
1144.4,444.2036633663366
1144.5,444.1341000000001
1144.6,444.0678000000001
1144.7,444.01149999999984
1144.8,443.98
1144.9,443.97260000000006
1145.0,443.92670000000015
1145.1,443.88465346534645
1145.2,443.92800000000005
1145.3,443.9852000000001
1145.4,444.03720000000004
1145.5,444.05
1145.6,444.05
1145.7,444.0572
1145.8,444.0628
1145.9,444.01435643564355
1146.0,443.92550000000006
1146.1,443.86600000000004
1146.2,443.8470000000001
1146.3,443.867
1146.4,443.88
1146.5,443.86600000000004
1146.6,443.85386138613853
1146.7,443.9211267326735
1146.8,444.0238000000001
1146.9,444.07680000000005
1147.0,444.10360000000003
1147.1,444.15379999999976
1147.2,444.2
1147.3,444.1932
1147.4,444.1564356435643
1147.5,444.09680000000003
1147.6,444.06010000000003
1147.7,444.0334
1147.8,444.02
1147.9,443.99030000000005
1148.0,443.9564
1148.1,443.99350000000004
1148.2,443.9534653465346
1148.3,443.94
1148.4,443.94
1148.5,443.94
1148.6,443.94
1148.7,443.94
1148.8,443.94640000000004
1148.9,443.96
1149.0,443.96
1149.1,443.96
1149.2,443.9693000000001
1149.3,443.9962
1149.4,444.01
1149.5,444.0038
1149.6,443.99
1149.7,443.99
1149.8,443.99
1149.9,443.97499999999997
1150.0,443.9040000000003
1150.1,443.8349999999999
1150.2,443.88200000000006
1150.3,443.90399999999994
1150.4,443.89
1150.5,443.90799999999984
1150.6,443.94405940594066
1150.7,443.96770000000004
1150.8,444.0542
1150.9,444.0603
1151.0,444.1419
1151.1,444.20550000000003
1151.2,444.16999999999996
1151.3,444.16999999999996
1151.4,444.1839999999999
1151.5,444.2060000000001
1151.6,444.16999999999996
1151.7,444.22320000000053
1151.8,444.36560000000003
1151.9,444.37440000000004
1152.0,444.38772277227713
1152.1,444.47889999999995
1152.2,444.5408
1152.3,444.5619
1152.4,444.52379999999994
1152.5,444.48
1152.6,444.48
1152.7,444.4612871287128
1152.8,444.3995999999999
1152.9,444.36740000000003
1153.0,444.4145999999997
1153.1,444.5544000000001
1153.2,444.50739999999996
1153.3,444.5156000000001
1153.4,444.57039999999995
1153.5,444.59227722772283
1153.6,444.5600000000002
1153.7,444.535
1153.8,444.55
1153.9,444.55
1154.0,444.5375
1154.1,444.50499999999994
1154.2,444.52990099009907
1154.3,444.54320000000007
1154.4,444.49
1154.5,444.4852
1154.6,444.4867999999999
1154.7,444.54
1154.8,444.528
1154.9,444.5018811881188
1155.0,444.54
1155.1,444.54689999999994
1155.2,444.5815000000001
1155.3,444.62460000000004
1155.4,444.65150000000006
1155.5,444.6945999999999
1155.6,444.7054455445545
1155.7,444.69478613861384
1155.8,444.7254
1155.9,444.78
1156.0,444.78
1156.1,444.769
1156.2,444.7652000000005
1156.3,444.8944
1156.4,444.89693069306935
1156.5,444.85419999999993
1156.6,444.87
1156.7,444.87840000000006
1156.8,444.90579999999994
1156.9,444.88579999999996
1157.0,444.8742
1157.1,444.89207920792074
1157.2,444.9
1157.3,444.892
1157.4,444.87
1157.5,444.914
1157.6,444.93
1157.7,444.946
1157.8,445.0
1157.9,444.96990099009895
1158.0,445.01
1158.1,445.01
1158.2,445.01570000000004
1158.3,445.05900000000014
1158.4,445.14
1158.5,445.14379999999994
1158.6,445.15999999999997
1158.7,445.1715128712873
1158.8,445.22360000000003
1158.9,445.2472
1159.0,445.27279999999996
1159.1,445.2364
1159.2,445.22900000000004
1159.3,445.26099999999997
1159.4,445.20739999999995
1159.5,445.16782178217824
1159.6,445.25339999999994
1159.7,445.2768000000001
1159.8,445.3270000000002
1159.9,445.42359999999985
1160.0,445.48490000000004
1160.1,445.46509999999995
1160.2,445.50009900990113
1160.3,445.5419999999999
1160.4,445.49679999999995
1160.5,445.48
1160.6,445.46560000000034
1160.7,445.3868
1160.8,445.3620792079208
1160.9,445.30950000000007
1161.0,445.24100000000004
1161.1,445.19
1161.2,445.22000000000054
1161.3,445.37950000000006
1161.4,445.3319999999999
1161.5,445.4
1161.6,445.4
1161.7,445.4014
1161.8,445.40579999999994
1161.9,445.38
1162.0,445.41220000000015
1162.1,445.61979999999977
1162.2,445.69960000000015
1162.3,445.82
1162.4,445.8213
1162.5,445.81960000000004
1162.6,445.75
1162.7,445.75260000000003
1162.8,445.7674
1162.9,445.7513
1163.0,445.78831683168295
1163.1,445.9728000000002
1163.2,445.9176
1163.3,445.9096000000002
1163.4,445.9703999999999
1163.5,445.9
1163.6,445.9047999999999
1163.7,445.9544000000002
1163.8,446.06
1163.9,446.07099999999997
1164.0,446.1589
1164.1,446.1467
1164.2,446.1266
1164.3,446.1712
1164.4,446.08900000000006
1164.5,446.00879999999995
1164.6,446.08000000000004
1164.7,446.07299999999987
1164.8,446.01600000000013
1164.9,446.07800000000015
1165.0,446.148
1165.1,446.13199999999995
1165.2,446.14299999999986
1165.3,446.0700990099008
1165.4,445.97801980198017
1165.5,445.96900000000005
1165.6,446.0582
1165.7,446.04810000000003
1165.8,446.1444
1165.9,446.2855
1166.0,446.2346
1166.1,446.1844554455446
1166.2,446.2235999999998
1166.3,446.15560000000016
1166.4,446.21840000000003
1166.5,446.19440000000014
1166.6,446.12680000000006
1166.7,446.0892
1166.8,446.07439999999986
1166.9,446.0084158415842
1167.0,445.99
1167.1,445.98580000000027
1167.2,445.93
1167.3,445.93
1167.4,445.93
1167.5,445.9286
1167.6,445.9058000000002
1167.7,445.85
1167.8,445.85
1167.9,445.8470000000001
1168.0,445.7970000000001
1168.1,445.75
1168.2,445.75
1168.3,445.75
1168.4,445.75
1168.5,445.75
1168.6,445.75
1168.7,445.75
1168.8,445.75
1168.9,445.75
1169.0,445.75
1169.1,445.75
1169.2,445.75
1169.3,445.75
1169.4,445.75
1169.5,445.75
1169.6,445.75
1169.7,445.75
1169.8,445.75
1169.9,445.75
1170.0,445.75198019801974
1170.1,445.8
1170.2,445.8
1170.3,445.8
1170.4,445.8
1170.5,445.8
1170.6,445.8
1170.7,445.8
1170.8,445.8
1170.9,445.8
1171.0,445.8
1171.1,445.8
1171.2,445.8
1171.3,445.8
1171.4,445.8
1171.5,445.8
1171.6,445.8
1171.7,445.8
1171.8,445.8
1171.9,445.8
1172.0,445.79950000000014
1172.1,445.75
1172.2,445.75
1172.3,445.75
1172.4,445.75
1172.5,445.75
1172.6,445.75
1172.7,445.75
1172.8,445.75
1172.9,445.75
1173.0,445.75
1173.1,445.75
1173.2,445.75
1173.3,445.75
1173.4,445.75
1173.5,445.75
1173.6,445.75
1173.7,445.75
1173.8,445.75
1173.9,445.75
1174.0,445.7206
1174.1,445.72
1174.2,445.72
1174.3,445.72
1174.4,445.72
1174.5,445.72
1174.6,445.72
1174.7,445.72
1174.8,445.72
1174.9,445.72
1175.0,445.72
1175.1,445.72
1175.2,445.72
1175.3,445.72
1175.4,445.72
1175.5,445.72
1175.6,445.72
1175.7,445.72
1175.8,445.72
1175.9,445.72
1176.0,445.7488
1176.1,445.75
1176.2,445.75
1176.3,445.75
1176.4,445.75
1176.5,445.75
1176.6,445.75
1176.7,445.75
1176.8,445.75
1176.9,447.36680000000234
1177.0,450.6001999999903
1177.1,462.78499999995944
1177.2,475.30940000001704
1177.3,486.1932000000147
1177.4,497.5748000000156
1177.5,506.0823821781932
1177.6,512.6203019801925
1177.7,592.6315000003307
1177.8,615.1925999999935
1177.9,623.4986999999949
1178.0,662.262299999972
1178.1,660.6760000000032
1178.2,650.7702999999602
1178.3,639.3135643564128
1178.4,626.6967999999769
1178.5,612.6620000000335
1178.6,689.2791999997694
1178.7,661.9171999999326
1178.8,626.0783999999351
1178.9,630.5800000000145
1179.0,610.51107326738
1179.1,630.1229366336622
1179.2,623.9425999999983
1179.3,622.3920000000002
1179.4,611.7185000000027
1179.5,606.3748000000011
1179.6,591.0351000000037
1179.7,677.5024000000176
1179.8,685.4882178217806
1179.9,681.4050000000082
1180.0,676.1000000000123
1180.1,676.7029999999971
1180.2,682.2120000000136
1180.3,675.1689999999807
1180.4,679.8099999999889
1180.5,679.8318811881189
1180.6,663.6331999999959
1180.7,641.6327999999836
1180.8,673.4695000000088
1180.9,675.5561999999994
1181.0,681.1284000000014
1181.1,684.7603000000007
1181.2,667.3822999999855
1181.3,663.9739603960363
1181.4,663.1676000000009
1181.5,660.2464000000059
1181.6,657.5984000000046
1181.7,635.9411999999338
1181.8,627.4859999999828
1181.9,625.0932000000024
1182.0,620.6724000000087
1182.1,613.8877227723026
1182.2,608.5590999999965
1182.3,619.7059000000093
1182.4,617.4070999999968
1182.5,614.1986999999979
1182.6,609.4513000000164
1182.7,606.390099999998
1182.8,604.2029999999986
1182.9,602.6034653465364
1183.0,602.0202000000006
1183.1,603.0177999999983
1183.2,606.3806000000118
1183.3,609.196199999998
1183.4,613.5431999999937
1183.5,617.4063999999948
1183.6,621.1743287128596
1183.7,625.1994851485194
1183.8,626.6345000000011
1183.9,630.2735000000047
1184.0,631.3830000000007
1184.1,630.1780000000042
1184.2,627.2129999999963
1184.3,622.3269999999941
1184.4,616.6770594059439
1184.5,596.9776000000203
1184.6,581.4636000000129
1184.7,571.7391999999677
1184.8,649.2883999999829
1184.9,681.5835999999813
1185.0,690.6407999999938
1185.1,688.976400000003
1185.2,689.1236633663382
1185.3,689.1437999999998
1185.4,685.974299999994
1185.5,685.3548999999999
1185.6,677.8983000000267
1185.7,673.5562999999946
1185.8,668.771899999992
1185.9,659.9585999999847
1186.0,649.249306930694
1186.1,638.4978000000049
1186.2,642.8840000000027
1186.3,618.2350000000145
1186.4,601.5074000000061
1186.5,587.8888000000062
1186.6,573.1546000000068
1186.7,614.6170000000196
1186.8,625.6577227722798
1186.9,635.1068000000231
1187.0,638.221999999998
1187.1,640.2400999999945
1187.2,643.9972000000084
1187.3,646.8050000000052
1187.4,651.0789000000096
1187.5,653.6140594059414
1187.6,658.612
1187.7,661.568000000002
1187.8,648.6759999999999
1187.9,644.564
1188.0,644.0260000000001
1188.1,637.9
1188.2,642.0300000000065
1188.3,641.9192079207883
1188.4,642.973599999998
1188.5,645.3191999999949
1188.6,649.71099999999
1188.7,651.6248000000028
1188.8,668.7660000000535
1188.9,678.7741999999923
1189.0,686.346778217806
1189.1,693.3667900989851
1189.2,696.7732000000011
1189.3,701.9822000000028
1189.4,705.8194000000015
1189.5,707.3646000000005
1189.6,705.595400000008
1189.7,684.5393999999881
1189.8,675.3829861386118
1189.9,669.8350188118878
1190.0,682.501699999971
1190.1,664.2599000000463
1190.2,649.3671999999685
1190.3,640.6906999999761
1190.4,629.8518000000064
1190.5,618.2226000000185
1190.6,606.0175524752673
1190.7,595.6456316831548
1190.8,660.9552000000809
1190.9,709.7408000000328
1191.0,707.6991999999872
1191.1,698.1108000000208
1191.2,688.9907999999914
1191.3,672.510399999983
1191.4,664.4678653465376
1191.5,652.9498762376394
1191.6,640.4175000000138
1191.7,626.6424999999512
1191.8,683.03
1191.9,692.512500000016
1192.0,691.0724999999968
1192.1,692.5474999999988
1192.2,693.2109900990109
1192.3,692.1807999999978
1192.4,690.4305999999975
1192.5,688.9018000000028
1192.6,685.1260000000146
1192.7,681.1623999999949
1192.8,680.5600000000006
1192.9,679.1137999999971
1193.0,688.5829702970278
1193.1,690.9479000000013
1193.2,690.9372000000003
1193.3,693.4678999999978
1193.4,676.8784000000162
1193.5,672.1500999999984
1193.6,670.6876000000019
1193.7,670.4283000000004
1193.8,652.8325742573983
1193.9,644.2531999999956
1194.0,642.050800000003
1194.1,638.9256000000096
1194.2,636.0247999999951
1194.3,631.5071999999905
1194.4,624.2727999999854
1194.5,634.4694613861449
1194.6,637.1973396039621
1194.7,637.3137000000015
1194.8,637.2714000000001
1194.9,638.2656999999996
1195.0,641.3485999999991
1195.1,645.242899999999
1195.2,649.0696000000041
1195.3,652.7957871287186
1195.4,658.0749702970243
1195.5,664.6479999999844
1195.6,671.0119999999861
1195.7,677.2630000000144
1195.8,684.4700000000173
1195.9,690.9919999999945
1196.0,696.4289999999883
1196.1,694.0364356435852
1196.2,686.5008999999982
1196.3,678.041899999998
1196.4,667.8199999999974
1196.5,655.5296999999971
1196.6,636.2151000000646
1196.7,622.1263999999976
1196.8,606.580399999996
1196.9,638.7813861385498
1197.0,655.6272000000017
1197.1,643.8144000000308
1197.2,635.2515999999873
1197.3,630.8323999999882
1197.4,624.7648000000024
1197.5,618.452800000011
1197.6,617.2883999999979
1197.7,620.1276237623812
1197.8,620.8877999999995
1197.9,618.8810999999982
1198.0,611.4875999999933
1198.1,609.1576999999969
1198.2,608.6653999999991
1198.3,603.1983999999949
1198.4,601.5541000000009
1198.5,601.0113861386149
1198.6,597.7118000000058
1198.7,592.5045999999819
1198.8,584.1679999999983
1198.9,574.7452000000127
1199.0,641.5235999998554
1199.1,693.4163999999672
1199.2,704.6155445544639
1199.3,707.4550000000022
1199.4,709.6280000000027
1199.5,711.6879999999965
1199.6,710.7155000000087
1199.7,707.2299999999955
1199.8,703.3599999999957
1199.9,688.0289999999754
1200.0,691.0573267326704
1200.1,692.3916000000064
1200.2,685.1203999999731
1200.3,681.0455999999983
1200.4,681.1331999999987
1200.5,680.964400000001
1200.6,677.6268000000042
1200.7,674.4175999999912
1200.8,671.4589108910815
1200.9,666.5833999999907
1201.0,660.0263000000089
1201.1,657.4211000000001
1201.2,654.3922999999924
1201.3,650.0180999999934
1201.4,650.1406000000042
1201.5,651.9731623762358
1201.6,652.3304099009904
1201.7,655.5880000000068
1201.8,657.4726
1201.9,658.3619999999993
1202.0,648.3990000000077
1202.1,632.6262000000069
1202.2,627.1656000000005
1202.3,629.1266613861372
1202.4,632.5603960395975
1202.5,629.9269000000168
1202.6,621.2832000000247
1202.7,611.3482999999796
1202.8,599.0541999999718
1202.9,589.4222000000051
1203.0,581.1368000000228
1203.1,636.279937623694
1203.2,686.4634653465682
1203.3,690.794
1203.4,684.514
1203.5,674.538
1203.6,660.24
1203.7,645.8279999999754
1203.8,634.108
1203.9,622.1058811881346
1204.0,660.8822564354906
1204.1,697.0818999999808
1204.2,704.485900000015
1204.3,719.6291000000538
1204.4,714.7933000000041
1204.5,703.581300000006
1204.6,701.500900000003
1204.7,706.9535643564491
1204.8,700.9923999999919
1204.9,691.2937999999982
1205.0,689.8572000000001
1205.1,665.4428000000923
1205.2,668.3718000000163
1205.3,681.6647999999988
1205.4,678.8001999999988
1205.5,676.3681188118827
1205.6,670.0079000000152
1205.7,657.2288999999549
1205.8,652.9030000000014
1205.9,657.0024999999932
1206.0,654.8115000000113
1206.1,640.0038000000329
1206.2,633.4513000000121
1206.3,634.1828712871254
1206.4,633.3788
1206.5,632.793199999999
1206.6,633.1519999999977
1206.7,637.7940000000065
1206.8,649.2840000000135
1206.9,655.1175999999988
1207.0,654.2395049504952
1207.1,653.3080000000015
1207.2,651.4464999999918
1207.3,648.5814999999969
1207.4,645.0750000000041
1207.5,641.3090000000043
1207.6,637.4615000000044
1207.7,633.9104999999888
1207.8,629.8433663366229
1207.9,624.9097999999931
1208.0,619.3748000000064
1208.1,613.0250000000215
1208.2,608.0731999999953
1208.3,608.886800000006
1208.4,607.782599999992
1208.5,605.7087049504954
1208.6,604.7831000000019
1208.7,601.4488999999944
1208.8,596.6779000000038
1208.9,585.9775000000104
1209.0,579.3346999999993
1209.1,575.5017000000056
1209.2,611.2439000001086
1209.3,651.6934128712935
1209.4,656.4402574257422
1209.5,658.9767999999972
1209.6,664.5503999999836
1209.7,669.8372000000084
1209.8,675.0556000000105
1209.9,679.7748000000068
1210.0,681.9235999999996
1210.1,685.3185148514766
1210.2,686.5524999999935
1210.3,674.7855000000045
1210.4,661.5624000000015
1210.5,654.8942000000014
1210.6,646.6975000000023
1210.7,635.0043999999729
1210.8,620.5519000000035
1210.9,603.8800990099237
1211.0,587.4600000000338
1211.1,573.1050000000315
1211.2,594.76500000013
1211.3,634.4800000000506
1211.4,649.155
1211.5,650.3750000000106
1211.6,645.8420792079353
1211.7,642.6148999999996
1211.8,641.4382999999999
1211.9,642.2843000000005
1212.0,644.9227000000008
1212.1,646.6140999999998
1212.2,644.0139999999988
1212.3,644.8076000000017
1212.4,650.0621782178193
1212.5,653.7551999999923
1212.6,657.7263999999933
1212.7,660.1056000000026
1212.8,660.0771999999994
1212.9,659.1544000000013
1213.0,657.6520000000043
1213.1,656.2476000000007
1213.2,656.8959405940625
1213.3,660.9508000000046
1213.4,665.6027000000016
1213.5,668.3981000000022
1213.6,671.407199999996
1213.7,674.4539000000022
1213.8,676.3998000000003
1213.9,676.3684999999997
1214.0,676.786138613861
1214.1,679.3339999999947
1214.2,674.9907999999554
1214.3,668.5654000000027
1214.4,669.8686000000001
1214.5,658.370600000034
1214.6,641.7744000000093
1214.7,635.7199009900875
1214.8,629.4494999999913
1214.9,622.6504999999935
1215.0,615.8560000000074
1215.1,606.773000000035
1215.2,637.9220000000929
1215.3,674.4659999999787
1215.4,677.3775000000334
1215.5,695.3066336633672
1215.6,694.0848000000071
1215.7,685.9951999999862
1215.8,675.6128000000117
1215.9,661.5360000000142
1216.0,646.7016000000126
1216.1,633.0308000000123
1216.2,616.3003207920217
1216.3,641.8056306932078
1216.4,687.8953999999869
1216.5,680.3462000000025
1216.6,677.6980999999921
1216.7,679.8177000000022
1216.8,677.625799999989
1216.9,671.7005999999927
1217.0,668.9707920792077
1217.1,668.5034000000003
1217.2,668.7352000000035
1217.3,666.3934000000035
1217.4,662.1829999999998
1217.5,668.8641999999932
1217.6,676.0286000000017
1217.7,673.8663999999999
1217.8,673.5455445544551
1217.9,667.1534999999973
1218.0,660.6911999999867
1218.1,662.3048000000092
1218.2,657.8467999999887
1218.3,642.4457999999394
1218.4,623.1413999999992
1218.5,618.3585148514929
1218.6,614.778000000002
1218.7,612.238
1218.8,607.584
1218.9,602.596
1219.0,604.108
1219.1,607.7940000000167
1219.2,601.5552475247507
1219.3,600.0286792079181
1219.4,599.5806000000003
1219.5,601.1033999999937
1219.6,604.2920999999931
1219.7,607.5339000000075
1219.8,611.4838000000135
1219.9,616.0341000000024
1220.0,619.5863366336589
1220.1,623.7245999999947
1220.2,627.6514000000016
1220.3,631.2650000000017
1220.4,634.4716000000011
1220.5,635.3969999999994
1220.6,634.1648000000013
1220.7,632.5509999999988
1220.8,630.2777227722778
1220.9,626.6880000000106
1221.0,620.1102000000104
1221.1,613.4888000000108
1221.2,606.9137999999815
1221.3,599.4660999999879
1221.4,622.5005999998752
1221.5,678.5106930692649
1221.6,686.5780000000343
1221.7,680.4039999999997
1221.8,677.1955999999925
1221.9,671.8431999999999
1222.0,671.1624000000012
1222.1,668.0804000000204
1222.2,661.8658138613795
1222.3,653.5969504950475
1222.4,645.0110000000067
1222.5,639.9040000000041
1222.6,630.6180000000227
1222.7,615.3564999999775
1222.8,608.165499999985
1222.9,600.5850000000071
1223.0,593.7076732673358
1223.1,584.9327702970488
1223.2,575.3725999999889
1223.3,567.2319999999888
1223.4,559.1713999999894
1223.5,575.9531999999883
1223.6,625.2929999999365
1223.7,643.8728000000217
1223.8,659.2174257425838
1223.9,668.7335
1224.0,672.4949999999922
1224.1,680.1967
1224.2,684.3216000000295
1224.3,692.6968
1224.4,696.1382999999929
1224.5,699.5797000000074
1224.6,693.2992079207878
1224.7,696.9592000000088
1224.8,701.1228000000051
1224.9,703.4840000000005
1225.0,704.1020000000032
1225.1,702.376000000008
1225.2,698.4947999999894
1225.3,692.6667999999895
1225.4,687.4161386138564
1225.5,690.026999999996
1225.6,702.24
1225.7,699.2422999999719
1225.8,684.426300000006
1225.9,657.3472000000065
1226.0,632.3546000000036
1226.1,614.4533663366519
1226.2,593.8619999999574
1226.3,575.3029999999588
1226.4,556.9219999999827
1226.5,537.8680000000433
1226.6,519.4580000000385
1226.7,502.0049999999576
1226.8,484.5219999999664
1226.9,468.451386138582
1227.0,454.95990000000006
1227.1,455.1481000000001
1227.2,455.0526
1227.3,454.9955
1227.4,454.94259999999997
1227.5,454.8855
1227.6,454.83840000000004
1227.7,454.80425742574255
1227.8,453.7091999999944
1227.9,450.6724000000017
1228.0,449.9792000000002
1228.1,449.8692000000002
1228.2,449.76479999999975
1228.3,449.6747999999999
1228.4,449.5878217821783
1228.5,449.50569999999993
1228.6,449.4157000000001
1228.7,449.3202999999999
1228.8,449.2021999999999
1228.9,449.08109999999994
1229.0,449.03
1229.1,449.03
1229.2,449.03
1229.3,449.03
1229.4,449.03
1229.5,449.03
1229.6,449.03
1229.7,449.03
1229.8,448.92339999999916
1229.9,448.6071287128713
1230.0,448.57
1230.1,448.5924999999997
1230.2,448.6625
1230.3,448.6725
1230.4,448.6825
1230.5,448.69
1230.6,448.69
1230.7,448.6875247524752
1230.8,448.62000000000023
1230.9,448.44679999999994
1231.0,448.5048
1231.1,448.5008000000001
1231.2,448.43279999999993
1231.3,448.42679999999996
1231.4,448.4943999999999
1231.5,448.5518811881187
1231.6,448.59459999999996
1231.7,448.63070000000016
1231.8,448.69309999999996
1231.9,448.6608
1232.0,448.61390000000017
1232.1,448.5554000000001
1232.2,448.56070000000017
1232.3,448.650495049505
1232.4,448.7046
1232.5,448.63020000000006
1232.6,448.5512
1232.7,448.51559999999995
1232.8,448.4846
1232.9,448.41020000000003
1233.0,448.320396039604
1233.1,448.24580000000003
1233.2,448.2405000000001
1233.3,448.26529999999985
1233.4,448.1910999999999
1233.5,448.11580000000004
1233.6,448.1146999999998
1233.7,448.17840000000007
1233.8,448.21831683168324
1233.9,448.226
1234.0,448.13599999999997
1234.1,448.16799999999995
1234.2,448.20799999999997
1234.3,448.24
1234.4,448.236
1234.5,448.22
1234.6,448.22
1234.7,448.22
1234.8,448.19339999999977
1234.9,448.0534000000003
1235.0,447.94379999999995
1235.1,447.9638
1235.2,447.98950000000013
1235.3,448.03752475247535
1235.4,448.1060000000001
1235.5,448.2646
1235.6,448.2328
1235.7,448.1946
1235.8,448.1393999999999
1235.9,448.03420000000006
1236.0,448.1792
1236.1,448.119306930693
1236.2,448.0631999999999
1236.3,448.0129999999998
1236.4,447.9266
1236.5,447.9117
1236.6,447.92
1236.7,447.92
1236.8,447.92
1236.9,447.92
1237.0,447.92
1237.1,447.92
1237.2,447.91679999999997
1237.3,447.87919999999986
1237.4,447.77
1237.5,447.7668
1237.6,447.75
1237.7,447.75
1237.8,447.75
1237.9,447.75
1238.0,447.75
1238.1,447.753
1238.2,447.7729126213593
1238.3,447.79
1238.4,447.7876
1238.5,447.7676
1238.6,447.7476237623763
1238.7,447.73
1238.8,447.73
1238.9,447.73109999999997
1239.0,447.74
1239.1,447.74
1239.2,447.7378
1239.3,447.71999999999997
1239.4,447.72217821782175
1239.5,447.74
1239.6,447.74
1239.7,447.74
1239.8,447.74
1239.9,447.74
1240.0,447.74
1240.1,447.74
1240.2,447.73801980198016
1240.3,447.7218
1240.4,447.74
1240.5,447.7382
1240.6,447.71999999999997
1240.7,447.71999999999997
1240.8,447.71999999999997
1240.9,447.71910891089107
1241.0,447.71
1241.1,447.71
1241.2,447.71
1241.3,447.71
1241.4,447.71
1241.5,447.71
1241.6,447.71
1241.7,447.71
1241.8,447.71
1241.9,447.71
1242.0,447.71
1242.1,447.71
1242.2,447.71
1242.3,447.71
1242.4,447.71
1242.5,447.71
1242.6,447.71
1242.7,447.71420000000023
1242.8,447.77939999999995
1242.9,447.77899999999977
1243.0,447.92
1243.1,447.91640000000007
1243.2,447.8594
1243.3,447.8470297029702
1243.4,447.80050000000006
1243.5,447.80699999999996
1243.6,447.74600000000027
1243.7,447.669
1243.8,447.65650000000016
1243.9,447.78000000000003
1244.0,447.77920000000006
1244.1,447.75840000000005
1244.2,447.72
1244.3,447.7224
1244.4,447.78239999999994
1244.5,447.84279999999995
1244.6,447.89800000000025
1244.7,447.61
1244.8,447.61060000000003
1244.9,447.6306000000001
1245.0,447.6485000000001
1245.1,447.5988000000001
1245.2,447.5584999999999
1245.3,447.51090000000005
1245.4,447.5403
1245.5,447.5494059405941
1245.6,447.53139999999996
1245.7,447.6004000000001
1245.8,447.6208
1245.9,447.66179999999997
1246.0,447.7514
1246.1,447.82079999999996
1246.2,447.86
1246.3,447.86
1246.4,447.86
1246.5,447.85980000000006
1246.6,447.8404999999999
1246.7,447.8893999999999
1246.8,447.8295999999999
1246.9,447.790198019802
1247.0,447.81
1247.1,447.78
1247.2,447.77
1247.3,447.72
1247.4,447.87
1247.5,447.93
1247.6,447.99
1247.7,448.01
1247.8,448.01
1247.9,448.01
1248.0,448.02979999999997
1248.1,448.0399
1248.2,447.9904999999999
1248.3,447.9702
1248.4,448.07889999999975
1248.5,448.08
1248.6,448.0310000000002
1248.7,448.0104
1248.8,447.9512
1248.9,447.95
1249.0,448.01860000000005
1249.1,448.00040000000007
1249.2,447.95099999999996
1249.3,447.9305940594059
1249.4,447.93
1249.5,447.93
1249.6,447.93
1249.7,447.93
1249.8,447.9397
1249.9,447.94
1250.0,447.9784158415842
1250.1,447.96080000000006
1250.2,447.96000000000004
1250.3,447.96000000000004
1250.4,447.96000000000004
1250.5,447.96000000000004
1250.6,447.96000000000004
1250.7,447.96000000000004
1250.8,447.96000000000004
1250.9,447.96000000000004
1251.0,447.96000000000004
1251.1,447.94100000000003
1251.2,447.95900000000006
1251.3,448.0739999999999
1251.4,448.06100000000004
1251.5,448.06
1251.6,448.06
1251.7,448.05060000000003
1251.8,448.03119999999996
1251.9,448.0112
1252.0,448.01
1252.1,448.16979999999944
1252.2,448.14277227722755
1252.3,448.1028
1252.4,448.07210000000003
1252.5,448.0979
1252.6,448.1
1252.7,448.09069999999997
1252.8,448.1458
1252.9,448.12210000000005
1253.0,448.12
1253.1,448.0740000000001
1253.2,448.14360000000016
1253.3,448.1316
1253.4,448.0839999999999
1253.5,448.1167999999999
1253.6,448.1475999999999
1253.7,448.16821782178215
1253.8,448.10630000000003
1253.9,448.1182
1254.0,448.1655
1254.1,448.2155
1254.2,448.2018
1254.3,448.1818
1254.4,448.3522693069305
1254.5,448.3520000000001
1254.6,448.3230000000001
1254.7,448.27499999999986
1254.8,448.2970000000001
1254.9,448.318
1255.0,448.2750000000001
1255.1,448.2969999999999
1255.2,448.27326732673265
1255.3,448.33230000000003
1255.4,448.4023
1255.5,448.38329999999996
1255.6,448.4067
1255.7,448.43670000000003
1255.8,448.4222
1255.9,448.3755
1256.0,448.4140594059405
1256.1,448.42
1256.2,448.42
1256.3,448.39359999999994
1256.4,448.3988
1256.5,448.4527999999999
1256.6,448.43360000000007
1256.7,448.4564000000001
1256.8,448.40772277227717
1256.9,448.4870000000001
1257.0,448.56090000000006
1257.1,448.50040000000024
1257.2,448.55960000000005
1257.3,448.4916999999999
1257.4,448.48
1257.5,448.43649999999997
1257.6,448.44722772277225
1257.7,448.4414
1257.8,448.4486
1257.9,448.53599999999983
1258.0,448.5328
1258.1,448.5128
1258.2,448.5874000000003
1258.3,448.6435960396038
1258.4,448.6585
1258.5,448.71950000000004
1258.6,448.73
1258.7,448.68749999999994
1258.8,448.68
1258.9,448.6715
1259.0,448.61108910891096
1259.1,448.55800000000005
1259.2,448.58360000000016
1259.3,448.6404
1259.4,448.65
1259.5,448.70039999999995
1259.6,448.6512
1259.7,448.64
1259.8,448.66490000000005
1259.9,448.71150000000006
1260.0,448.72
1260.1,448.76149999999984
1260.2,448.84470000000016
1260.3,448.82679999999993
1260.4,448.8775247524752
1260.5,448.972
1260.6,448.92440000000005
1260.7,448.90999999999997
1260.8,448.95099999999996
1260.9,448.9354
1261.0,448.9136
1261.1,448.9756
1261.2,448.99
1261.3,448.9656999999999
1261.4,448.9843000000001
1261.5,448.92520000000013
1261.6,448.82900000000024
1261.7,448.82620000000003
1261.8,448.83
1261.9,448.83
1262.0,448.902
1262.1,448.936
1262.2,448.91599999999994
1262.3,448.90999999999997
1262.4,448.95
1262.5,448.896
1262.6,448.9037623762376
1262.7,448.90999999999997
1262.8,448.90999999999997
1262.9,448.99689999999987
1263.0,449.02
1263.1,449.0042
1263.2,449.04740000000015
1263.3,449.0283999999999
1263.4,449.05910891089115
1263.5,449.12460000000004
1263.6,449.15559999999994
1263.7,449.25360000000006
1263.8,449.35800000000006
1263.9,449.4424
1264.0,449.421
1264.1,449.4567999999998
1264.2,449.408217821782
1264.3,449.2821999999996
1264.4,449.25
1264.5,449.3115999999999
1264.6,449.3992999999998
1264.7,449.4354000000001
1264.8,449.4939000000002
1264.9,449.44130990099
1265.0,449.3972
1265.1,449.37480000000005
1265.2,449.3015999999999
1265.3,449.2876
1265.4,449.3888000000001
1265.5,449.44280000000003
1265.6,449.46504950495046
1265.7,449.4625
1265.8,449.4525
1265.9,449.43500000000006
1266.0,449.4525
1266.1,449.42250000000007
1266.2,449.41
1266.3,449.41
1266.4,449.41
1266.5,449.3582000000001
1266.6,449.34000000000003
1266.7,449.30299999999994
1266.8,449.29
1266.9,449.3048
1267.0,449.31
1267.1,449.339306930693
1267.2,449.35
1267.3,449.35
1267.4,449.35
1267.5,449.35
1267.6,449.35
1267.7,449.35
1267.8,449.35
1267.9,449.3644554455446
1268.0,449.37
1268.1,449.40599999999984
1268.2,449.42
1268.3,449.42
1268.4,449.42
1268.5,449.42
1268.6,449.42
1268.7,449.42
1268.8,449.42
1268.9,449.4484
1269.0,449.46
1269.1,449.46
1269.2,449.46
1269.3,449.46
1269.4,449.46
1269.5,449.46
1269.6,449.46
1269.7,449.46
1269.8,449.46
1269.9,449.439
1270.0,449.43
1270.1,449.3110000000004
1270.2,449.26
1270.3,449.26
1270.4,449.26
1270.5,449.3497
1270.6,449.39
1270.7,449.39
1270.8,449.39
1270.9,449.39
1271.0,449.39
1271.1,449.39
1271.2,449.39
1271.3,449.39
1271.4,449.39
1271.5,449.47159999999974
1271.6,449.51
1271.7,449.51
1271.8,449.51
1271.9,449.51
1272.0,449.51
1272.1,449.51
1272.2,449.51
1272.3,449.51
1272.4,449.51
1272.5,449.51
1272.6,449.51
1272.7,449.51
1272.8,449.51
1272.9,449.51
1273.0,449.51
1273.1,449.4572000000001
1273.2,449.43
1273.3,449.43
1273.4,449.43
1273.5,449.43
1273.6,449.43
1273.7,449.43
1273.8,449.43
1273.9,449.43
1274.0,449.43
1274.1,449.51319999999987
1274.2,449.56
1274.3,449.56
1274.4,449.56
1274.5,449.56
1274.6,449.56
1274.7,449.56
1274.8,449.53479999999996
1274.9,449.52
1275.0,449.52
1275.1,449.5640999999998
1275.2,449.59000000000003
1275.3,449.59000000000003
1275.4,449.59000000000003
1275.5,449.59000000000003
1275.6,449.59000000000003
1275.7,449.59000000000003
1275.8,449.59000000000003
1275.9,449.59000000000003
1276.0,449.59000000000003
1276.1,449.59000000000003
1276.2,449.59000000000003
1276.3,449.59000000000003
1276.4,449.59000000000003
1276.5,449.59000000000003
1276.6,449.59000000000003
1276.7,449.59000000000003
1276.8,449.61440000000005
1276.9,449.63
1277.0,449.63
1277.1,449.63
1277.2,449.63
1277.3,449.63
1277.4,449.63
1277.5,449.63
1277.6,449.63
1277.7,449.63
1277.8,449.64782178217826
1277.9,449.65999999999997
1278.0,449.65999999999997
1278.1,449.65999999999997
1278.2,449.65999999999997
1278.3,449.65999999999997
1278.4,449.65999999999997
1278.5,449.65999999999997
1278.6,449.65999999999997
1278.7,449.65999999999997
1278.8,449.65999999999997
1278.9,449.65999999999997
1279.0,449.59039999999993
1279.1,449.53999999999996
1279.2,449.53999999999996
1279.3,449.53999999999996
1279.4,449.53999999999996
1279.5,449.53999999999996
1279.6,449.53999999999996
1279.7,449.53999999999996
1279.8,449.5229
1279.9,449.51
1280.0,449.4644000000001
1280.1,449.43
1280.2,449.43
1280.3,449.43
1280.4,449.43
1280.5,449.43
1280.6,449.43
1280.7,449.43
1280.8,449.43
1280.9,449.43
1281.0,449.43
1281.1,449.43
1281.2,449.43
1281.3,449.43
1281.4,449.43
1281.5,449.43
1281.6,449.43
1281.7,449.43
1281.8,449.4460396039604
1281.9,449.46
1282.0,449.43350000000004
1282.1,449.40999999999997
1282.2,449.40999999999997
1282.3,449.40999999999997
1282.4,449.40999999999997
1282.5,449.40999999999997
1282.6,449.40999999999997
1282.7,449.40999999999997
1282.8,449.39439999999996
1282.9,449.38
1283.0,449.38
1283.1,449.38
1283.2,449.38
1283.3,449.38
1283.4,449.38
1283.5,449.38
1283.6,449.38
1283.7,449.3187999999998
1283.8,449.26
1283.9,449.26
1284.0,449.26
1284.1,449.26
1284.2,449.26
1284.3,449.26
1284.4,449.26
1284.5,449.26
1284.6,449.26
1284.7,449.26
1284.8,449.2748514851486
1284.9,449.29
1285.0,449.29
1285.1,449.29
1285.2,449.29
1285.3,449.29
1285.4,449.2851
1285.5,449.28
1285.6,449.28
1285.7,449.3376000000003
1285.8,449.4
1285.9,449.4
1286.0,449.4
1286.1,449.4
1286.2,449.4
1286.3,449.4
1286.4,449.4
1286.5,449.4
1286.6,449.4
1286.7,449.4
1286.8,449.4
1286.9,449.4
1287.0,449.4
1287.1,449.4
1287.2,449.4
1287.3,449.4
1287.4,449.40459999999996
1287.5,449.40999999999997
1287.6,449.40999999999997
1287.7,449.40999999999997
1287.8,449.39619999999996
1287.9,449.38
1288.0,449.6259405940582
1288.1,455.5134999999576
1288.2,468.15500000001464
1288.3,479.6915000000112
1288.4,489.38150000001076
1288.5,518.7999999999511
1288.6,551.1304999999792
1288.7,557.2384554455515
1288.8,556.6224316831664
1288.9,557.0323999999889
1289.0,568.5251999999904
1289.1,595.2003999999571
1289.2,623.2952000000063
1289.3,620.7804000000096
1289.4,609.6888000000107
1289.5,597.9358415841797
1289.6,587.8617000000231
1289.7,579.8538999999869
1289.8,616.3469000001526
1289.9,683.1433000000451
1290.0,695.4186000000033
1290.1,689.6335000000046
1290.2,683.7146999999813
1290.3,671.5606930692977
1290.4,659.1300000000055
1290.5,647.541600000005
1290.6,634.8458000000069
1290.7,618.9327999999625
1290.8,646.8051999999591
1290.9,699.8967999999991
1291.0,701.919999999999
1291.1,703.4625742574245
1291.2,701.99509999999
1291.3,698.2735999999958
1291.4,694.9092999999991
1291.5,689.7336000000125
1291.6,686.2475000000031
1291.7,685.6863000000009
1291.8,676.4450495049223
1291.9,670.162
1292.0,680.3119999999999
1292.1,676.8340000000071
1292.2,672.3340000000001
1292.3,667.7900000000001
1292.4,661.024
1292.5,655.7394653465309
1292.6,660.6932396039492
1292.7,665.902000000012
1292.8,662.9448999999623
1292.9,653.0847999999987
1293.0,651.6271000000022
1293.1,650.3104000000034
1293.2,651.0806000000114
1293.3,656.7383168316958
1293.4,660.8891999999994
1293.5,665.0036000000058
1293.6,671.2750000000054
1293.7,666.2307999999971
1293.8,659.4157999999966
1293.9,653.4521999999985
1294.0,651.7496000000004
1294.1,652.8542574257422
1294.2,652.9813128712811
1294.3,650.5836999999963
1294.4,647.4605000000054
1294.5,643.951400000006
1294.6,640.193600000006
1294.7,636.4513999999888
1294.8,632.7897999999957
1294.9,629.3754455445567
1295.0,625.3536000000038
1295.1,619.2568000000277
1295.2,610.8771999999911
1295.3,601.892399999993
1295.4,594.4843999999937
1295.5,587.7872000000045
1295.6,581.6114851485315
1295.7,575.15743564354
1295.8,567.9409999999866
1295.9,584.5199999999306
1296.0,625.996999999994
1296.1,630.002499999998
1296.2,633.4500000000226
1296.3,641.1394009901253
1296.4,649.84146930694
1296.5,656.4591999999989
1296.6,662.6453999999816
1296.7,668.5030000000081
1296.8,673.7152000000051
1296.9,678.6580000000098
1297.0,677.6062000000031
1297.1,666.6698673267304
1297.2,663.7000326732414
1297.3,655.3105000000021
1297.4,649.296100000008
1297.5,637.8192000000074
1297.6,625.7029000000101
1297.7,610.16299999996
1297.8,620.4813999999552
1297.9,657.3723762376526
1298.0,650.0659999999384
1298.1,667.1983999999848
1298.2,669.4743999999913
1298.3,664.6539999999914
1298.4,659.2299999999975
1298.5,654.4256000000019
1298.6,653.0836000000076
1298.7,651.1112871287125
1298.8,651.6236999999994
1298.9,645.1889000000059
1299.0,629.2027999999987
1299.1,634.1775999999993
1299.2,635.8138999999962
1299.3,636.7823999999987
1299.4,644.9489999999971
1299.5,652.0483168316882
1299.6,648.4689999999963
1299.7,649.1719999999967
1299.8,648.1560000000001
1299.9,647.2999999999973
1300.0,648.8699999999727
1300.1,658.445999999991
1300.2,662.4999009901063
1300.3,666.7455000000009
1300.4,669.6834000000001
1300.5,669.4589999999996
1300.6,667.318300000003
1300.7,665.9484000000004
1300.8,668.3753000000008
1300.9,667.134199999997
1301.0,658.452772277227
1301.1,654.8072000000327
1301.2,641.9884000000014
1301.3,641.4851999999954
1301.4,637.3816000000119
1301.5,630.9580000000112
1301.6,624.821223762382
1301.7,618.7414663366072
1301.8,611.575199999993
1301.9,600.4846999999909
1302.0,610.7467000000506
1302.1,672.4070999999849
1302.2,691.0299999999959
1302.3,686.4366999999995
1302.4,679.4735643564323
1302.5,661.587800000002
1302.6,657.2318000000171
1302.7,644.4329999999572
1302.8,630.1691999999668
1302.9,613.3162000000241
1303.0,619.6061999998985
1303.1,674.3464316831704
1303.2,673.0749257425723
1303.3,672.3050000000023
1303.4,672.9099999999959
1303.5,668.5525
1303.6,663.3700000000041
1303.7,662.3499999999995
1303.8,662.5900000000026
1303.9,665.5533663366366
1304.0,669.6251999999979
1304.1,672.4575999999956
1304.2,674.9655999999884
1304.3,670.2688000000046
1304.4,666.6027999999991
1304.5,667.8895999999979
1304.6,666.0948000000135
1304.7,655.8077227722893
1304.8,656.8040999999868
1304.9,649.8356999999987
1305.0,646.3585000000209
1305.1,636.6681000000548
1305.2,620.9992999999903
1305.3,616.0477999999982
1305.4,614.4686138613827
1305.5,610.7722000000027
1305.6,604.2542000000038
1305.7,600.4710000000388
1305.8,608.4516000000037
1305.9,601.8728000000003
1306.0,601.462970297029
1306.1,602.6617999999935
1306.2,605.4434000000072
1306.3,608.9771000000071
1306.4,612.7874000000054
1306.5,617.3913999999917
1306.6,620.8468999999902
1306.7,624.7222000000078
1306.8,628.4344554455499
1306.9,631.6579999999999
1307.0,634.448
1307.1,636.5659999999991
1307.2,636.942
1307.3,635.182
1307.4,634.988
1307.5,633.172
1307.6,630.0817227722792
1307.7,625.1624801980072
1307.8,620.0976999999915
1307.9,614.7776000000122
1308.0,608.3654000000171
1308.1,619.2210999998103
1308.2,691.2105999999594
1308.3,679.0318000000086
1308.4,684.0218811881125
1308.5,686.5791999999981
1308.6,682.6740000000011
1308.7,679.7547999999992
1308.8,677.5693999999978
1308.9,672.5051999999969
1309.0,665.1771999999957
1309.1,656.0013504950488
1309.2,648.8359356435535
1309.3,643.6173999999721
1309.4,632.7261000000026
1309.5,629.099400000021
1309.6,616.7881000000128
1309.7,608.3100999999691
1309.8,597.6462999999746
1309.9,586.3016009901107
1310.0,576.3704831683151
1310.1,578.706799999769
1310.2,632.8076000000044
1310.3,639.4212000000143
1310.4,652.9580000000014
1310.5,655.0456000000008
1310.6,660.4131999999718
1310.7,668.2659405940643
1310.8,676.0089999999948
1310.9,680.7724999999939
1311.0,686.3069999999925
1311.1,692.4579999999958
1311.2,693.749499999966
1311.3,683.9584999999938
1311.4,688.8578217821766
1311.5,691.261000000003
1311.6,695.3031999999893
1311.7,698.4592000000024
1311.8,700.1118000000012
1311.9,702.9922000000207
1312.0,712.9917999999839
1312.1,693.072926732685
1312.2,689.978046534673
1312.3,705.7460000000019
1312.4,702.754900000003
1312.5,698.5629000000025
1312.6,695.0762000000016
1312.7,692.7680999999914
1312.8,690.3045000000009
1312.9,688.7270257425764
1313.0,686.0699009900987
1313.1,683.9496000000544
1313.2,666.3875999999996
1313.3,665.354399999988
1313.4,658.7639999999919
1313.5,652.7472000000107
1313.6,648.446000000019
1313.7,641.1156118811698
1313.8,630.8281297029522
1313.9,619.159900000003
1314.0,606.3104000000028
1314.1,593.8899000000093
1314.2,590.5740999999831
1314.3,658.137799999997
1314.4,669.4689000000004
1314.5,667.2814514851502
1314.6,663.2780198019968
1314.7,655.8809999999834
1314.8,648.4559999999803
1314.9,640.1109999999896
1315.0,633.5940000000317
1315.1,619.753000000029
1315.2,606.9909999999711
1315.3,603.0055940595599
1315.4,672.1616594059443
1315.5,686.6118999999983
1315.6,680.1654
1315.7,680.5341000000008
1315.8,683.9809000000007
1315.9,687.0296000000008
1316.0,689.6046999999986
1316.1,684.1254188118812
1316.2,686.7106178218231
1316.3,697.071999999898
1316.4,659.0079999999639
1316.5,677.4715999999954
1316.6,680.2419999999897
1316.7,685.4904000000017
1316.8,686.4644000000117
1316.9,688.9897029703377
1317.0,665.6641000000002
1317.1,666.303199999997
1317.2,666.9805999999998
1317.3,665.1276999999858
1317.4,645.6901999999999
1317.5,645.3086999999987
1317.6,641.6942000000153
1317.7,637.719484158412
1317.8,633.4483207920744
1317.9,631.4220000000099
1318.0,625.661599999975
1318.1,642.9229999999999
1318.2,643.0342000000035
1318.3,644.2044000000079
1318.4,647.0057425742528
1318.5,650.7145000000024
1318.6,653.5219999999829
1318.7,658.6285000000072
1318.8,664.9580000000063
1318.9,670.5360000000067
1319.0,676.4755000000057
1319.1,682.8384999999748
1319.2,690.1018811881243
1319.3,695.1671999999992
1319.4,695.9560000000024
1319.5,693.4603999999999
1319.6,693.3156000000035
1319.7,689.3439999999771
1319.8,682.5404000000095
1319.9,671.9716000000113
1320.0,659.512970297042
1320.1,647.0187000000435
1320.2,632.2081999999713
1320.3,614.1415999999709
1320.4,598.243900000089
1320.5,657.6605999999881
1320.6,661.05210000005
1320.7,644.499199999993
1320.8,640.0793069306833
1320.9,633.762400000002
1321.0,629.4030000000015
1321.1,626.0562000000015
1321.2,622.8953999999931
1321.3,621.2335999999992
1321.4,622.7886000000021
1321.5,618.3819999999984
1321.6,621.9034653465349
1321.7,621.5634999999966
1321.8,619.9046999999948
1321.9,617.3926999999985
1322.0,616.6331000000092
1322.1,612.9299000000125
1322.2,607.8958999999849
1322.3,600.4700999999816
1322.4,592.4421782179985
1322.5,679.66
1322.6,698.36
1322.7,702.95
1322.8,705.87
1322.9,706.7
1323.0,704.24
1323.1,701.3199999999999
1323.2,691.686633663342
1323.3,689.0357999999935
1323.4,681.1494000000159
1323.5,657.0229000000497
1323.6,652.948700000008
1323.7,656.5037000000091
1323.8,654.4708999999948
1323.9,649.8960000000093
1324.0,646.7814900990161
1324.1,642.6135683168486
1324.2,635.9443999999969
1324.3,633.1345999999987
1324.4,631.1003999999991
1324.5,628.943199999999
1324.6,636.9065999999673
1324.7,635.2177999999991
1324.8,629.8880970297005
1324.9,620.6786198019945
1325.0,625.5215999999916
1325.1,630.559099999992
1325.2,638.567000000024
1325.3,644.6203000000178
1325.4,651.42509999999
1325.5,638.1276000000221
1325.6,639.0737623762327
1325.7,642.6916000000033
1325.8,642.3023999999996
1325.9,645.342400000003
1326.0,648.7724000000031
1326.1,639.2236000000349
1326.2,629.4791999999911
1326.3,616.6292950494932
1326.4,604.2003019802108
1326.5,588.7505000000177
1326.6,674.1064999998969
1326.7,670.1374999999695
1326.8,664.6455000000047
1326.9,657.5875000000082
1327.0,649.2120000000095
1327.1,640.5409900990364
1327.2,630.0277999999855
1327.3,614.9985999999791
1327.4,599.9987999999796
1327.5,587.6602000000355
1327.6,659.9773999997526
1327.7,690.6122000000377
1327.8,697.9852000000083
1327.9,699.1317821782173
1328.0,701.0127999999986
1328.1,700.2572000000006
1328.2,698.6833999999938
1328.3,696.9239000000006
1328.4,692.8289000000029
1328.5,689.1448000000025
1328.6,663.6033000000185
1328.7,662.5655445544573
1328.8,678.850400000032
1328.9,680.7016000000008
1329.0,680.7124000000001
1329.1,676.7448000000118
1329.2,664.8447999999771
1329.3,648.0159999999687
1329.4,648.2338772277226
1329.5,650.7742089108905
1329.6,652.7480999999996
1329.7,634.4651999999963
1329.8,628.0354000000011
1329.9,629.1360999999997
1330.0,625.9867000000008
1330.1,624.0311000000005
1330.2,624.4376237623778
1330.3,634.7600000000259
1330.4,647.5999999999763
1330.5,649.4489999999986
1330.6,648.2770000000032
1330.7,644.6929999999913
1330.8,640.9259999999915
1330.9,636.8960000000073
1331.0,633.2018811881189
1331.1,629.2310999999991
1331.2,626.1110999999978
1331.3,622.6560999999992
1331.4,618.9146999999991
1331.5,613.3735999999988
1331.6,607.6224999999987
1331.7,604.3993069306845
1331.8,602.9323643564322
1331.9,607.1799999999936
1332.0,608.0615999999993
1332.1,606.2784000000038
1332.2,600.2835999999822
1332.3,599.7640000000008
1332.4,595.3560000000064
1332.5,587.6382059405764
1332.6,580.185796039626
1332.7,573.5836999999956
1332.8,636.1195000000497
1332.9,653.3765000000061
1333.0,655.4622000000007
1333.1,659.4540999999854
1333.2,665.3805000000042
1333.3,671.0295178217762
1333.4,675.9122277227658
1333.5,678.8417999999964
1333.6,680.8783999999973
1333.7,683.6612000000093
1333.8,685.0417999999992
1333.9,676.0238000000145
1334.0,674.3838000000003
1334.1,665.6918811881501
1334.2,653.0024851484999
1334.3,637.4214999999818
1334.4,619.226999999979
1334.5,601.5819999999801
1334.6,585.7510000000425
1334.7,631.317500000064
1334.8,639.2854999999994
1334.9,646.1851485148467
1335.0,645.2487841584183
1335.1,642.2664000000027
1335.2,641.7632
1335.3,643.4399999999996
1335.4,645.5407999999982
1335.5,649.0131999999966
1335.6,651.6007999999978
1335.7,653.660000000004
1335.8,639.1429999999715
1335.9,639.8433000000072
1336.0,643.282599999993
1336.1,644.2200999999986
1336.2,644.3830000000002
1336.3,643.4288999999982
1336.4,643.2964000000002
1336.5,644.0249504950493
1336.6,643.6224000000003
1336.7,643.9592000000002
1336.8,658.7871999999919
1336.9,665.0539999999983
1337.0,667.8027999999989
1337.1,658.4856000000054
1337.2,645.8521999999953
1337.3,627.9618811880888
1337.4,612.2404999999694
1337.5,594.7552000000296
1337.6,576.3350000000463
1337.7,558.8636999999648
1337.8,541.5283999999644
1337.9,524.370899999965
1338.0,505.8299267327035
1338.1,485.9683762376336
1338.2,462.621999999978
1338.3,456.334
1338.4,455.722
1338.5,455.588
1338.6,455.522
1338.7,455.46199999999993
1338.8,455.41
1338.9,455.37623762376245
1339.0,455.35420000000005
1339.1,455.33420000000007
1339.2,454.4767999999973
1339.3,454.17889999999977
1339.4,454.0889000000001
1339.5,453.99890000000016
1339.6,453.91742574257455
1339.7,453.8298
1339.8,453.73979999999995
1339.9,453.64979999999997
1340.0,453.55979999999994
1340.1,453.4698000000003
1340.2,453.45
1340.3,453.45
1340.4,453.45
1340.5,453.45
1340.6,453.45
1340.7,453.45
1340.8,453.45
1340.9,453.45
1341.0,453.45
1341.1,453.1959000000005
1341.2,452.93702970297
1341.3,452.88
1341.4,452.95600000000013
1341.5,452.9952
1341.6,452.99240000000003
1341.7,452.9824
1341.8,452.9724
1341.9,453.00800000000004
1342.0,453.050099009901
1342.1,453.0825
1342.2,453.01499999999965
1342.3,453.005
1342.4,453.0474999999999
1342.5,453.1049999999999
1342.6,453.105
1342.7,453.11485148514856
1342.8,453.1496
1342.9,453.2118000000001
1343.0,453.23
1343.1,453.16340000000025
1343.2,453.01419999999973
1343.3,452.93299999999994
1343.4,452.89039999999994
1343.5,452.79940594059406
1343.6,452.70430000000005
1343.7,452.6654
1343.8,452.68919999999997
1343.9,452.67080000000004
1344.0,452.60890000000006
1344.1,452.52430000000004
1344.2,452.5511
1344.3,452.6133663366337
1344.4,452.66600000000005
1344.5,452.6944
1344.6,452.72879999999986
1344.7,452.80480000000017
1344.8,452.89480000000015
1344.9,452.90559999999994
1345.0,452.9
1345.1,452.9142
1345.2,452.95550000000003
1345.3,452.9558
1345.4,452.8861
1345.5,452.8174
1345.6,452.7645
1345.7,452.7642
1345.8,452.77
1345.9,452.77
1346.0,452.75600000000003
1346.1,452.76399999999995
1346.2,452.7139999999998
1346.3,452.69
1346.4,452.67600000000004
1346.5,452.67
1346.6,452.67
1346.7,452.80800000000005
1346.8,452.84929999999997
1346.9,452.8055
1347.0,452.73479999999995
1347.1,452.6893000000001
1347.2,452.63169999999997
1347.3,452.5548
1347.4,452.5163366336634
1347.5,452.4760000000001
1347.6,452.44640000000004
1347.7,452.37199999999973
1347.8,452.34680000000003
1347.9,452.3636
1348.0,452.37
1348.1,452.37
1348.2,452.26227722772256
1348.3,452.1966
1348.4,452.19
1348.5,452.2101
1348.6,452.2467999999999
1348.7,452.13939999999985
1348.8,452.12690000000003
1348.9,452.1367326732673
1349.0,452.1168
1349.1,452.07700000000006
1349.2,452.06
1349.3,452.06
1349.4,452.06
1349.5,452.06
1349.6,452.0534
1349.7,452.07620396039613
1349.8,452.103
1349.9,452.07749999999993
1350.0,452.047
1350.1,452.0140000000001
1350.2,451.98049999999995
1350.3,451.9505
1350.4,451.94
1350.5,451.94
1350.6,451.94
1350.7,451.94
1350.8,451.94
1350.9,451.95919999999995
1351.0,451.97
1351.1,451.9508
1351.2,451.87599999999964
1351.3,451.8273267326732
1351.4,451.8326
1351.5,451.8274
1351.6,451.80740000000003
1351.7,451.79369999999994
1351.8,451.80260000000004
1351.9,451.82890000000003
1352.0,451.84
1352.1,451.84
1352.2,451.84
1352.3,451.84
1352.4,451.84
1352.5,451.8524
1352.6,451.89099999999996
1352.7,451.92240000000004
1352.8,451.9422772277228
1352.9,451.93780000000004
1353.0,451.93
1353.1,451.93
1353.2,451.92389999999995
1353.3,451.91999999999996
1353.4,451.9078
1353.5,451.9
1353.6,451.9
1353.7,451.91200000000003
1353.8,451.94399999999996
1353.9,451.936
1354.0,452.058
1354.1,452.096
1354.2,451.9399999999996
1354.3,452.0619801980203
1354.4,452.1587
1354.5,452.11230000000006
1354.6,452.06460000000015
1354.7,451.9750999999997
1354.8,451.88869999999986
1354.9,451.8364
1355.0,451.80230000000006
1355.1,451.6906930693075
1355.2,451.62
1355.3,451.60839999999996
1355.4,451.5884
1355.5,451.59159999999997
1355.6,451.61159999999995
1355.7,451.649
1355.8,451.6526
1355.9,451.6629702970297
1356.0,451.68
1356.1,451.6743
1356.2,451.6757
1356.3,451.68
1356.4,451.6686
1356.5,451.63720000000006
1356.6,451.60306930693076
1356.7,451.6124435643565
1356.8,451.6412
1356.9,451.6612
1357.0,451.6476
1357.1,451.64119999999997
1357.2,451.6668
1357.3,451.69120000000004
1357.4,451.6722772277228
1357.5,451.62800000000004
1357.6,451.59900000000005
1357.7,451.57899999999995
1357.8,451.581
1357.9,451.5405000000001
1358.0,451.45600000000013
1358.1,451.40350000000007
1358.2,451.4117821782179
1358.3,451.44620000000003
1358.4,451.47080000000005
1358.5,451.4530000000001
1358.6,451.4569999999999
1358.7,451.49080000000004
1358.8,451.5270000000001
1358.9,451.5067999999999
1359.0,451.49138613861385
1359.1,451.5312
1359.2,451.5394
1359.3,451.50880000000006
1359.4,451.4741
1359.5,451.4653
1359.6,451.47
1359.7,451.47
1359.8,451.47
1359.9,451.46479999999997
1360.0,451.4652
1360.1,451.4544000000001
1360.2,451.44
1360.3,451.44
1360.4,451.45040000000006
1360.5,451.44970297029704
1360.6,451.4349
1360.7,451.4249
1360.8,451.3945
1360.9,451.3802
1361.0,451.39
1361.1,451.4104
1361.2,451.4249
1361.3,451.42
1361.4,451.43
1361.5,451.44
1361.6,451.4200000000001
1361.7,451.4200000000001
1361.8,451.44
1361.9,451.44
1362.0,451.420198019802
1362.1,451.40979999999996
1362.2,451.43960000000004
1362.3,451.4355
1362.4,451.4051
1362.5,451.3804
1362.6,451.3795999999999
1362.7,451.4
1362.8,451.380594059406
1362.9,451.44639999999964
1363.0,451.52560000000005
1363.1,451.5052
1363.2,451.45199999999977
1363.3,451.4768000000001
1363.4,451.5648
1363.5,451.5652
1363.6,451.53623762376253
1363.7,451.4912
1363.8,451.41829999999993
1363.9,451.3647
1364.0,451.35119999999995
1364.1,451.3628999999999
1364.2,451.4094
1364.3,451.3870999999999
1364.4,451.34069306930695
1364.5,451.31160000000006
1364.6,451.30839999999995
1364.7,451.3115999999999
1364.8,451.32220000000007
1364.9,451.37839999999994
1365.0,451.4
1365.1,451.4138
1365.2,451.3890099009899
1365.3,451.34900000000005
1365.4,451.369
1365.5,451.389
1365.6,451.4
1365.7,451.39099999999996
1365.8,451.32599999999985
1365.9,451.2510891089109
1366.0,451.24
1366.1,451.2180000000001
1366.2,451.20320000000004
1366.3,451.24639999999994
1366.4,451.25360000000006
1366.5,451.22
1366.6,451.19800000000004
1366.7,451.191782178218
1366.8,451.1339999999997
1366.9,450.9941999999999
1367.0,450.9858
1367.1,451.02
1367.2,451.02860000000004
1367.3,451.0141999999999
1367.4,450.98
1367.5,450.99702970297034
1367.6,451.0284
1367.7,451.03159999999997
1367.8,451.03679999999997
1367.9,451.0852
1368.0,451.1116
1368.1,451.1
1368.2,451.07479999999987
1368.3,451.02752475247524
1368.4,451.0305
1368.5,451.06
1368.6,451.05180000000007
1368.7,451.04820000000007
1368.8,451.05589999999995
1368.9,451.0582
1369.0,451.07
1369.1,451.106534653465
1369.2,451.152
1369.3,451.14
1369.4,451.156
1369.5,451.164
1369.6,451.1160000000001
1369.7,451.08
1369.8,451.0245544554454
1369.9,450.8970999999999
1370.0,450.83
1370.1,450.83779999999996
1370.2,450.8343999999999
1370.3,450.81
1370.4,450.8412000000001
1370.5,450.9015841584158
1370.6,450.9427999999999
1370.7,451.00660000000005
1370.8,451.07660000000004
1370.9,451.101
1371.0,451.07
1371.1,451.07
1371.2,451.03579999999994
1371.3,450.9611881188119
1371.4,450.91150000000005
1371.5,450.87260000000003
1371.6,450.82670000000013
1371.7,450.7551999999999
1371.8,450.7263
1371.9,450.68670000000014
1372.0,450.63
1372.1,450.63
1372.2,450.61199999999997
1372.3,450.6124000000001
1372.4,450.6736
1372.5,450.71239999999995
1372.6,450.74840000000023
1372.7,450.7349504950496
1372.8,450.81577227722767
1372.9,450.87300000000005
1373.0,450.86699999999996
1373.1,450.88699999999994
1373.2,450.9
1373.3,450.9175000000001
1373.4,450.95
1373.5,450.96386138613855
1373.6,450.98320000000007
1373.7,450.9904000000001
1373.8,450.99599999999987
1373.9,450.93
1374.0,450.9504
1374.1,450.98320000000007
1374.2,450.9563999999999
1374.3,450.96029702970304
1374.4,451.0101
1374.5,450.9834
1374.6,450.98979999999995
1374.7,451.00689999999986
1374.8,450.8973000000001
1374.9,450.79639999999995
1375.0,450.85
1375.1,450.8271287128714
1375.2,450.78640000000007
1375.3,450.8288000000002
1375.4,450.8836
1375.5,450.88279999999986
1375.6,450.8876000000002
1375.7,450.8111999999998
1375.8,450.74679999999995
1375.9,450.77801980198035
1376.0,450.8476
1376.1,450.8386
1376.2,450.89550000000014
1376.3,450.9238
1376.4,450.8976
1376.5,450.85772277227727
1376.6,450.80593069306946
1376.7,450.77400000000017
1376.8,450.81799999999987
1376.9,450.8320000000001
1377.0,450.8910000000003
1377.1,450.7850000000001
1377.2,450.74699999999996
1377.3,450.73108910891085
1377.4,450.71
1377.5,450.6955
1377.6,450.65999999999997
1377.7,450.65999999999997
1377.8,450.65999999999997
1377.9,450.65999999999997
1378.0,450.6484
1378.1,450.6027722772277
1378.2,450.56
1378.3,450.5319999999998
1378.4,450.46
1378.5,450.45160000000004
1378.6,450.43
1378.7,450.43
1378.8,450.43
1378.9,450.43
1379.0,450.43
1379.1,450.43
1379.2,450.43
1379.3,450.4273
1379.4,450.41999999999996
1379.5,450.41999999999996
1379.6,450.41999999999996
1379.7,450.41999999999996
1379.8,450.41999999999996
1379.9,450.41999999999996
1380.0,450.41999999999996
1380.1,450.41999999999996
1380.2,450.41999999999996
1380.3,450.41999999999996
1380.4,450.41999999999996
1380.5,450.41999999999996
1380.6,450.41999999999996
1380.7,450.41999999999996
1380.8,450.41999999999996
1380.9,450.41999999999996
1381.0,450.4225
1381.1,450.43
1381.2,450.43
1381.3,450.4395999999999
1381.4,450.47
1381.5,450.4412000000001
1381.6,450.35
1381.7,450.35
1381.8,450.35
1381.9,450.35
1382.0,450.35
1382.1,450.35
1382.2,450.35
1382.3,450.3477
1382.4,450.34000000000003
1382.5,450.29900990099054
1382.6,450.15999999999997
1382.7,450.15999999999997
1382.8,450.15999999999997
1382.9,450.15999999999997
1383.0,450.15999999999997
1383.1,450.15999999999997
1383.2,450.15999999999997
1383.3,450.15999999999997
1383.4,450.15999999999997
1383.5,450.15999999999997
1383.6,450.15999999999997
1383.7,450.15999999999997
1383.8,450.15999999999997
1383.9,450.15999999999997
1384.0,450.15999999999997
1384.1,450.15999999999997
1384.2,450.15999999999997
1384.3,450.168
1384.4,450.2
1384.5,450.20990099009896
1384.6,450.25
1384.7,450.25
1384.8,450.25
1384.9,450.25
1385.0,450.2481
1385.1,450.24
1385.2,450.24
1385.3,450.2328
1385.4,450.2
1385.5,450.2
1385.6,450.2
1385.7,450.2
1385.8,450.2
1385.9,450.2
1386.0,450.2
1386.1,450.2
1386.2,450.2
1386.3,450.2017
1386.4,450.21
1386.5,450.20150000000007
1386.6,450.15999999999997
1386.7,450.15999999999997
1386.8,450.15999999999997
1386.9,450.15999999999997
1387.0,450.15999999999997
1387.1,450.15999999999997
1387.2,450.15999999999997
1387.3,450.15999999999997
1387.4,450.15999999999997
1387.5,450.1536633663366
1387.6,450.12
1387.7,450.12
1387.8,450.12
1387.9,450.12
1388.0,450.12149999999997
1388.1,450.13
1388.2,450.13
1388.3,450.1243999999999
1388.4,450.09
1388.5,450.09
1388.6,450.09
1388.7,450.09
1388.8,450.09
1388.9,450.09
1389.0,450.09
1389.1,450.09
1389.2,450.09
1389.3,450.0952
1389.4,450.13
1389.5,450.13519999999994
1389.6,450.17
1389.7,450.17
1389.8,450.17
1389.9,450.17
1390.0,450.17
1390.1,450.17
1390.2,450.17
1390.3,450.1736000000001
1390.4,450.2
1390.5,450.2
1390.6,450.2
1390.7,450.2
1390.8,450.2
1390.9,450.2
1391.0,450.2
1391.1,450.2
1391.2,450.2
1391.3,450.2
1391.4,450.2
1391.5,450.1960000000001
1391.6,450.15999999999997
1391.7,450.15999999999997
1391.8,450.15999999999997
1391.9,450.15999999999997
1392.0,450.15999999999997
1392.1,450.15999999999997
1392.2,450.15999999999997
1392.3,450.14919999999995
1392.4,450.03999999999996
1392.5,450.04359999999997
1392.6,450.08
1392.7,450.08
1392.8,450.08
1392.9,450.08
1393.0,450.0792
1393.1,450.07
1393.2,450.07
1393.3,450.06039999999973
1393.4,449.95
1393.5,449.9404000000002
1393.6,449.83
1393.7,449.83
1393.8,449.83
1393.9,449.83
1394.0,449.83
1394.1,449.83
1394.2,449.83
1394.3,449.82719999999995
1394.4,449.78999999999996
1394.5,449.78999999999996
1394.6,449.78999999999996
1394.7,449.78999999999996
1394.8,449.78999999999996
1394.9,449.78999999999996
1395.0,449.7906
1395.1,449.8
1395.2,449.8
1395.3,449.8
1395.4,449.8
1395.5,449.8025
1395.6,449.85
1395.7,449.85
1395.8,449.85
1395.9,449.939599999998
1396.0,452.4455999999919
1396.1,462.125599999974
1396.2,490.0796000000397
1396.3,501.50319999999107
1396.4,511.3307999999911
1396.5,521.1367999999903
1396.6,532.3297029702735
1396.7,555.5346000000093
1396.8,561.3966000000115
1396.9,568.60550000001
1397.0,577.2290999998049
1397.1,642.7220999998519
1397.2,690.9170999999802
1397.3,678.6361970296911
1397.4,671.136140594046
1397.5,662.256800000006
1397.6,650.2111999999806
1397.7,691.3383999998837
1397.8,662.7388000000024
1397.9,657.601200000004
1398.0,648.5682000000061
1398.1,634.9670000000065
1398.2,620.865740594012
1398.3,609.8108000001127
1398.4,664.1458999999611
1398.5,644.7320000000495
1398.6,625.7089999998552
1398.7,683.1366000000218
1398.8,693.6582999999935
1398.9,690.5427722772324
1399.0,692.82
1399.1,685.45
1399.2,679.77
1399.3,680.47
1399.4,679.59
1399.5,679.6700000000001
1399.6,660.11
1399.7,662.29
1399.8,679.4583168317256
1399.9,672.0070000000154
1400.0,671.8211000000002
1400.1,671.9387999999998
1400.2,678.7017000000171
1400.3,662.7913999999597
1400.4,663.2833999999987
1400.5,664.5838613861391
1400.6,668.5985999999837
1400.7,650.2755999999914
1400.8,652.7126000000013
1400.9,657.1310000000021
1401.0,663.9330000000031
1401.1,667.3137999999867
1401.2,669.068413861391
1401.3,670.5750000000044
1401.4,694.3752999999643
1401.5,695.3524999999996
1401.6,691.693400000006
1401.7,687.6514999999881
1401.8,686.1719999999958
1401.9,683.9281000000033
1402.0,680.6522772277201
1402.1,676.0080000000162
1402.2,670.7031999999951
1402.3,665.3155999999951
1402.4,661.4711999999965
1402.5,658.113599999997
1402.6,656.300000000006
1402.7,654.7419999999986
1402.8,653.1497029702987
1402.9,651.6355000000018
1403.0,641.594500000012
1403.1,637.4980000000044
1403.2,629.3394999999714
1403.3,620.3415000000082
1403.4,609.3545000000126
1403.5,596.1963217822189
1403.6,582.6254000000433
1403.7,570.6427999999838
1403.8,622.4290000000761
1403.9,630.4424000000067
1404.0,626.9330000000118
1404.1,629.1339999999917
1404.2,631.2828000000029
1404.3,635.2909900990077
1404.4,642.6479999999948
1404.5,650.4990999999947
1404.6,658.1551999999948
1404.7,664.7908000000253
1404.8,668.5514999999987
1404.9,667.7956000000008
1405.0,680.4914782177866
1405.1,661.718007920851
1405.2,653.6235999999874
1405.3,645.7099999999855
1405.4,635.6859999999815
1405.5,622.7720000000311
1405.6,608.6744000000386
1405.7,665.8865821783332
1405.8,674.5307287128711
1405.9,680.1761999999987
1406.0,676.696000000001
1406.1,671.5862000000011
1406.2,666.7337999999992
1406.3,661.5680000000011
1406.4,658.3791000000007
1406.5,655.7764356435696
1406.6,652.1360000000085
1406.7,648.2139999999911
1406.8,617.8049999999241
1406.9,613.4890000000021
1407.0,612.3000000000028
1407.1,611.6940000000013
1407.2,614.3040000000067
1407.3,616.9346534653478
1407.4,620.3884000000008
1407.5,624.0552000000008
1407.6,625.3767000000003
1407.7,624.3329999999991
1407.8,638.5457000000038
1407.9,655.6280000000039
1408.0,660.8486881188127
1408.1,664.9522019801915
1408.2,668.4244000000092
1408.3,667.1755999999948
1408.4,665.6388000000019
1408.5,666.8591999999971
1408.6,667.6923999999987
1408.7,650.716799999947
1408.8,649.7056435643578
1408.9,655.3027000000043
1409.0,657.0061000000007
1409.1,655.3565000000068
1409.2,654.9943
1409.3,645.5056999999925
1409.4,641.4190999999979
1409.5,631.9197999999928
1409.6,619.517029702984
1409.7,605.4591999999545
1409.8,660.7875999999515
1409.9,683.991799999978
1410.0,667.4418000000298
1410.1,652.6668000000186
1410.2,651.5942000000031
1410.3,640.3350000000096
1410.4,628.0493069306838
1410.5,615.9874999999863
1410.6,600.7245000000432
1410.7,597.2789999999985
1410.8,588.3519999999883
1410.9,654.03650000009
1411.0,689.5470000000316
1411.1,688.3252772277265
1411.2,688.6287366336691
1411.3,685.3688000000008
1411.4,681.1552000000038
1411.5,681.5131999999988
1411.6,685.9099999999954
1411.7,682.9971999999839
1411.8,684.9527999999995
1411.9,670.1197702970488
1412.0,662.2963495049635
1412.1,675.2920999999501
1412.2,677.5706999999989
1412.3,679.2843000000034
1412.4,683.9677000000082
1412.5,671.1052000000361
1412.6,666.1569000000076
1412.7,666.8129702970297
1412.8,659.940600000004
1412.9,657.6666000000004
1413.0,636.5016000000116
1413.1,634.8747999999985
1413.2,633.8571999999994
1413.3,629.4064000000022
1413.4,622.9176000000031
1413.5,616.7456435643692
1413.6,626.1299999999675
1413.7,623.8776999999881
1413.8,620.0807999999932
1413.9,619.4743000000001
1414.0,617.3173000000044
1414.1,614.3557000000076
1414.2,609.9064356435624
1414.3,607.758
1414.4,607.172
1414.5,607.252
1414.6,608.9380000000001
1414.7,611.9020000000029
1414.8,615.46
1414.9,617.462
1415.0,621.2413861386068
1415.1,621.2099000000024
1415.2,625.6605000000148
1415.3,627.6684000000024
1415.4,626.6613000000017
1415.5,623.5671000000071
1415.6,618.8247000000104
1415.7,612.1359821782114
1415.8,604.3455346534618
1415.9,596.2407999999963
1416.0,574.7471999999885
1416.1,643.8125999997042
1416.2,673.6896000000052
1416.3,678.6838000000014
1416.4,684.366400000003
1416.5,688.8204950495006
1416.6,693.6931999999917
1416.7,692.8548999999922
1416.8,693.043100000003
1416.9,691.6707000000011
1417.0,687.0705000000086
1417.1,684.1460000000035
1417.2,680.267399999987
1417.3,672.2918811881062
1417.4,659.8067999999877
1417.5,644.6787999999858
1417.6,629.902400000037
1417.7,616.9655999999886
1417.8,603.3627999999873
1417.9,588.7163999999865
1418.0,626.1976000000491
1418.1,641.1766336633647
1418.2,650.8025000000407
1418.3,652.7249999999999
1418.4,651.3425000000016
1418.5,653.2049999999966
1418.6,656.2799999999964
1418.7,660.7200000000166
1418.8,665.1127227722772
1418.9,669.1701287128742
1419.0,670.6835999999987
1419.1,656.9528000000598
1419.2,650.0349999999962
1419.3,653.5084000000077
1419.4,654.7801999999997
1419.5,654.6656
1419.6,652.9135643564389
1419.7,650.4257999999986
1419.8,647.5719000000021
1419.9,645.4925000000012
1420.0,644.005300000001
1420.1,656.1640999999883
1420.2,665.7348000000037
1420.3,669.8667999999979
1420.4,673.7484158415888
1420.5,675.939599999998
1420.6,678.2551999999928
1420.7,678.0783999999977
1420.8,677.6695999999998
1420.9,679.4068000000044
1421.0,667.8860000000246
1421.1,666.8469306930645
1421.2,669.0855000000012
1421.3,670.0147999999998
1421.4,668.2536000000007
1421.5,661.8849000000017
1421.6,667.1885999999977
1421.7,648.6675999999668
1421.8,637.3618891089328
1421.9,629.3999009901204
1422.0,616.871000000031
1422.1,665.9069999998275
1422.2,694.9660000000205
1422.3,680.2369999999434
1422.4,671.9090000000011
1422.5,664.9460000000214
1422.6,654.4615841584562
1422.7,643.5006999999976
1422.8,632.6617999999976
1422.9,615.3612999999955
1423.0,599.4230999999968
1423.1,585.7098000000395
1423.2,635.0923000000176
1423.3,671.8729000000042
1423.4,677.8054455445541
1423.5,677.3728000000015
1423.6,673.3188000000102
1423.7,668.5339603960336
1423.8,667.0464999999999
1423.9,667.6598000000006
1424.0,669.3100000000013
1424.1,673.380299999988
1424.2,665.8340999999907
1424.3,662.3285000000011
1424.4,672.5215000000098
1424.5,674.9350495049529
1424.6,673.3902000000007
1424.7,676.4704000000157
1424.8,668.1245999999971
1424.9,665.2237999999953
1425.0,661.5852000000099
1425.1,655.2952000000079
1425.2,648.546633663353
1425.3,632.4899999999764
1425.4,622.2394999999949
1425.5,619.8015000000023
1425.6,616.3600000000157
1425.7,610.6809999999929
1425.8,603.361499999991
1425.9,609.9110247524711
1426.0,611.1951287128768
1426.1,610.5459999999979
1426.2,613.2276000000103
1426.3,617.5780000000038
1426.4,622.6371999999955
1426.5,626.0619999999976
1426.6,628.6247999999977
1426.7,631.8818811881274
1426.8,635.2964000000052
1426.9,638.872500000006
1427.0,641.6585999999971
1427.1,643.4501999999954
1427.2,645.7714000000044
1427.3,650.1264000000084
1427.4,652.5651000000012
1427.5,654.1474257425749
1427.6,655.0415999999999
1427.7,655.3518000000005
1427.8,654.5328000000007
1427.9,650.7904000000024
1428.0,643.1374000000042
1428.1,633.5850000000045
1428.2,622.9372891088791
1428.3,606.5102613860981
1428.4,651.7174999999369
1428.5,684.4703000000044
1428.6,682.8467000000037
1428.7,680.2430999999932
1428.8,674.805899999986
1428.9,667.4164000000056
1429.0,659.3880000000205
1429.1,653.4359405940638
1429.2,648.31799999999
1429.3,643.3919999999999
1429.4,640.41
1429.5,633.852
1429.6,630.132
1429.7,624.8139999999836
1429.8,616.3561782178217
1429.9,608.4985425742667
1430.0,600.3132000000174
1430.1,592.6192000000146
1430.2,584.8265999999794
1430.3,623.5011000001782
1430.4,657.4912999999985
1430.5,672.2872999999602
1430.6,683.7806752475053
1430.7,689.359758415844
1430.8,695.435400000003
1430.9,701.1490000000023
1431.0,707.2082000000031
1431.1,711.7477999999936
1431.2,713.2310000000002
1431.3,715.4906000000016
1431.4,709.1743564356532
1431.5,705.3806999999945
1431.6,706.7931000000002
1431.7,707.8030000000056
1431.8,706.8016999999988
1431.9,701.9245000000097
1432.0,695.8885000000095
1432.1,689.8587000000097
1432.2,685.3324752475187
1432.3,683.0983999999987
1432.4,691.6672000000149
1432.5,696.456399999996
1432.6,686.9776000000221
1432.7,680.6895999999995
1432.8,676.3475999999933
1432.9,671.0231999999966
1433.0,669.6427722772276
1433.1,670.6069999999985
1433.2,672.3155000000069
1433.3,661.8569999999812
1433.4,654.7654999999954
1433.5,653.9905000000053
1433.6,651.1705000000015
1433.7,648.2689999999857
1433.8,642.7378217821631
1433.9,637.9341999999956
1434.0,631.5700000000098
1434.1,621.3928000000355
1434.2,608.5711999999806
1434.3,594.14059999998
1434.4,628.5464000001039
1434.5,664.9326732673273
1434.6,665.9139000000002
1434.7,662.7454999999918
1434.8,655.1769000000063
1434.9,645.392800000007
1435.0,635.7782000000062
1435.1,626.5751000000064
1435.2,616.6171287128419
1435.3,602.714399999969
1435.4,592.4911999999928
1435.5,631.3575999999573
1435.6,679.4995999999448
1435.7,686.7295999999913
1435.8,681.6319999999901
1435.9,678.7670772277223
1436.0,680.7794029702959
1436.1,688.4985999999975
1436.2,689.4543999999829
1436.3,685.1733
1436.4,691.3782999999972
1436.5,678.6061000000084
1436.6,668.7307999999963
1436.7,676.0040594059367
1436.8,678.1749504950621
1436.9,682.36
1437.0,686.4849999999876
1437.1,678.1100000000504
1437.2,667.3650000000015
1437.3,665.5799999999904
1437.4,662.58
1437.5,648.8336633663632
1437.6,637.165299999994
1437.7,640.1990000000008
1437.8,642.6277000000005
1437.9,644.0833000000002
1438.0,646.0226000000007
1438.1,645.695200000007
1438.2,655.1847000000053
1438.3,670.0883168316782
1438.4,676.593599999988
1438.5,683.0579999999884
1438.6,689.806399999987
1438.7,695.8920000000134
1438.8,698.6896000000003
1438.9,697.3520000000061
1439.0,693.6662376237649
1439.1,690.6834000000026
1439.2,688.4803999999981
1439.3,685.2128999999973
1439.4,680.8363999999966
1439.5,675.1385999999954
1439.6,668.6455000000092
1439.7,662.7823455445443
1439.8,655.5552594059075
1439.9,649.909600000001
1440.0,646.469400000009
1440.1,638.3276000000135
1440.2,627.5227999999623
1440.3,615.2013999999859
1440.4,602.2592000000177
1440.5,589.2564732673604
1440.6,608.4265891087981
1440.7,640.2605000000012
1440.8,637.0259999999903
1440.9,630.0449999999942
1441.0,625.6695000000032
1441.1,623.1605000000045
1441.2,623.5065000000027
1441.3,625.9951485148521
1441.4,628.415999999998
1441.5,631.063199999997
1441.6,633.2739999999993
1441.7,636.5264000000103
1441.8,641.8463999999963
1441.9,643.4424000000014
1442.0,643.3983999999983
1442.1,642.6015841584233
1442.2,638.0312999999919
1442.3,630.5590999999831
1442.4,619.374399999981
1442.5,655.3606999999638
1442.6,704.1064000000547
1442.7,701.2427000000284
1442.8,711.0186425742559
1442.9,709.2893801980179
1443.0,706.1938000000016
1443.1,701.5506000000028
1443.2,694.1491999999798
1443.3,683.8130000000053
1443.4,675.2348000000018
1443.5,671.3260000000016
1443.6,659.1997603960706
1443.7,643.8878514851594
1443.8,640.3462999999927
1443.9,635.6077999999989
1444.0,629.0197000000171
1444.1,623.3828000000098
1444.2,619.9219999999942
1444.3,617.3023999999951
1444.4,614.7977227722739
1444.5,612.954
1444.6,612.7499999999994
1444.7,619.002
1444.8,628.778
1444.9,630.6039999999999
1445.0,622.9449504950676
1445.1,604.0994000000277
1445.2,590.4969999999657
1445.3,576.4966999999638
1445.4,562.7013999999907
1445.5,549.766400000027
1445.6,536.4562000000275
1445.7,522.3029999999617
1445.8,507.07752475244945
1445.9,491.20059999999216
1446.0,473.97559999999214
1446.1,461.69140000000505
1446.2,459.16919999999993
1446.3,459.05859999999996
1446.4,459.0476
1446.5,459.0334
1446.6,458.9674257425743
1446.7,458.91519999999986
1446.8,458.87519999999995
1446.9,458.5947000000011
1447.0,457.926900000001
1447.1,457.51890000000003
1447.2,457.48889999999994
1447.3,457.42929999999984
1447.4,457.3270297029703
1447.5,457.24120000000005
1447.6,457.15760000000034
1447.7,457.0603999999999
1447.8,456.9575999999999
1447.9,456.8279999999998
1448.0,456.66760000000005
1448.1,456.5704000000004
1448.2,456.4572277227721
1448.3,456.38
1448.4,456.38
1448.5,456.38
1448.6,456.38
1448.7,456.38
1448.8,456.38
1448.9,456.33450000000016
1449.0,456.2084158415844
1449.1,456.13
1449.2,456.0381999999996
1449.3,455.86
1449.4,455.86
1449.5,455.9008
1449.6,455.9901999999999
1449.7,456.02020000000005
1449.8,456.04673267326734
1449.9,456.0633
1450.0,456.00070000000017
1450.1,455.8732
1450.2,455.9132000000001
1450.3,456.0323999999998
1450.4,456.2101
1450.5,456.1933
1450.6,456.21960396039594
1450.7,456.25359999999995
1450.8,456.2271999999999
1450.9,456.16159999999996
1451.0,456.04160000000036
1451.1,455.95360000000005
1451.2,455.91119999999984
1451.3,455.82439999999986
1451.4,455.77
1451.5,455.7762
1451.6,455.76210000000003
1451.7,455.6720999999998
1451.8,455.5976
1451.9,455.50180000000006
1452.0,455.3345
1452.1,455.2877227722772
1452.2,455.2449999999999
1452.3,455.21
1452.4,455.20399999999995
1452.5,455.1780000000001
1452.6,455.16799999999984
1452.7,455.20399999999995
1452.8,455.18399999999997
1452.9,455.08767524752443
1453.0,454.8784
1453.1,454.86449999999996
1453.2,454.9058
1453.3,454.92
1453.4,454.9461
1453.5,455.0303
1453.6,455.09739999999994
1453.7,455.1285148514851
1453.8,455.1
1453.9,455.0692000000002
1454.0,454.9536000000002
1454.1,454.84320000000014
1454.2,454.7803999999998
1454.3,454.7159999999999
1454.4,454.6689108910891
1454.5,454.6346
1454.6,454.6254
1454.7,454.6346
1454.8,454.6119
1454.9,454.65210000000013
1455.0,454.8092
1455.1,454.86909999999983
1455.2,455.0966336633663
1455.3,455.0469999999999
1455.4,454.99440000000004
1455.5,454.9344000000001
1455.6,454.8562000000002
1455.7,454.7339999999997
1455.8,454.6626
1455.9,454.58214059405975
1456.0,454.3377227722772
1456.1,454.36499999999995
1456.2,454.39000000000004
1456.3,454.43250000000006
1456.4,454.475
1456.5,454.49
1456.6,454.49499999999995
1456.7,454.47249999999985
1456.8,454.3550495049505
1456.9,454.2920000000002
1457.0,454.13280000000003
1457.1,454.1052
1457.2,454.09720000000004
1457.3,454.12239999999997
1457.4,454.13
1457.5,454.12524752475247
1457.6,454.11
1457.7,454.1054
1457.8,454.09
1457.9,454.0762
1458.0,454.03
1458.1,454.01850000000013
1458.2,453.9754
1458.3,453.95316831683164
1458.4,453.9278
1458.5,453.91999999999996
1458.6,453.91999999999996
1458.7,453.91779999999994
1458.8,453.9144
1458.9,453.9432
1459.0,453.98560000000003
1459.1,453.96564356435647
1459.2,453.95
1459.3,453.94579999999996
1459.4,453.93
1459.5,453.92580000000004
1459.6,453.91
1459.7,453.9058
1459.8,453.89420000000007
1459.9,453.8663366336631
1460.0,453.7
1460.1,453.70399999999995
1460.2,453.72
1460.3,453.72
1460.4,453.72
1460.5,453.722
1460.6,453.728
1460.7,453.7160396039604
1460.8,453.7038
1460.9,453.68010000000044
1461.0,453.51379999999995
1461.1,453.5413999999999
1461.2,453.5938000000001
1461.3,453.61
1461.4,453.61
1461.5,453.61
1461.6,453.6082
1461.7,453.591
1461.8,453.5428
1461.9,453.5064
1462.0,453.4936
1462.1,453.51
1462.2,453.531386138614
1462.3,453.6197999999999
1462.4,453.57509999999996
1462.5,453.6051
1462.6,453.63
1462.7,453.5925999999994
1462.8,453.4031999999999
1462.9,453.35980000000006
1463.0,453.3436633663363
1463.1,453.4892000000005
1463.2,453.3575999999999
1463.3,453.23359999999997
1463.4,453.2080000000001
1463.5,453.2468
1463.6,453.2268000000001
1463.7,453.18759999999986
1463.8,453.08108910891093
1463.9,453.1474999999999
1464.0,453.2034999999999
1464.1,453.28299999999996
1464.2,453.28349999999966
1464.3,453.193
1464.4,453.21299999999997
1464.5,453.22405940594064
1464.6,453.18020000000024
1464.7,453.1101999999999
1464.8,453.04299999999995
1464.9,452.98319999999984
1465.0,452.8772
1465.1,452.85720000000003
1465.2,452.84
1465.3,452.8497029702971
1465.4,452.91779999999994
1465.5,452.97909999999996
1465.6,453.03999999999996
1465.7,453.03999999999996
1465.8,453.04389999999995
1465.9,453.0570000000001
1466.0,452.96350000000007
1466.1,452.9122772277228
1466.2,452.85159999999985
1466.3,452.7827999999999
1466.4,452.73
1466.5,452.72640000000007
1466.6,452.6976000000001
1466.7,452.68
1466.8,452.68720000000013
1466.9,452.74831683168327
1467.0,452.8166
1467.1,452.8733
1467.2,452.9044
1467.3,452.94
1467.4,452.94
1467.5,452.94
1467.6,452.93230000000005
1467.7,452.8689108910891
1467.8,452.85599999999994
1467.9,452.81699999999995
1468.0,452.7800000000002
1468.1,452.6810000000002
1468.2,452.599
1468.3,452.59000000000003
1468.4,452.59000000000003
1468.5,452.59198019801977
1468.6,452.6082
1468.7,452.59000000000003
1468.8,452.5864
1468.9,452.55
1469.0,452.55
1469.1,452.5509
1469.2,452.5626732673268
1469.3,452.5892
1469.4,452.58000000000004
1469.5,452.5792
1469.6,452.57
1469.7,452.57
1469.8,452.57
1469.9,452.57239999999996
1470.0,452.6
1470.1,452.6
1470.2,452.5986
1470.3,452.58000000000004
1470.4,452.5786
1470.5,452.56
1470.6,452.55860000000007
1470.7,452.54
1470.8,452.54
1470.9,452.54
1471.0,452.5406
1471.1,452.55060000000003
1471.2,452.55879999999996
1471.3,452.5394
1471.4,452.52880000000005
1471.5,452.5106
1471.6,452.5176237623763
1471.7,452.478905940594
1471.8,452.45899999999995
1471.9,452.438
1472.0,452.40700000000015
1472.1,452.54
1472.2,452.53799999999995
1472.3,452.50100000000003
1472.4,452.52099009900996
1472.5,452.5384
1472.6,452.50159999999994
1472.7,452.54
1472.8,452.542
1472.9,452.5856000000001
1473.0,452.47880000000004
1473.1,452.4512
1473.2,452.480792079208
1473.3,452.5
1473.4,452.4984999999999
1473.5,452.45149999999984
1473.6,452.5
1473.7,452.49879999999996
1473.8,452.45879999999994
1473.9,452.42059405940597
1474.0,452.4404
1474.1,452.4592
1474.2,452.4179999999996
1474.3,452.32
1474.4,452.32099999999997
1474.5,452.36940000000004
1474.6,452.34000000000003
1474.7,452.34020000000004
1474.8,452.3602
1474.9,452.38030000000003
1475.0,452.40960000000007
1475.1,452.37019999999995
1475.2,452.3887999999998
1475.3,452.27
1475.4,452.2693069306929
1475.5,452.2
1475.6,452.23
1475.7,452.23
1475.8,452.15
1475.9,452.18
1476.0,452.15
1476.1,452.24
1476.2,452.28999999999996
1476.3,452.24049504950483
1476.4,452.2993999999999
1476.5,452.26040000000006
1476.6,452.26
1476.7,452.1906999999998
1476.8,452.2296000000001
1476.9,452.23
1477.0,452.16070000000013
1477.1,452.15999999999997
1477.2,452.13059999999996
1477.3,452.0712
1477.4,452.1288
1477.5,452.1594
1477.6,452.2089999999998
1477.7,452.26880000000006
1477.8,452.33860000000004
1477.9,452.31089108910896
1478.0,452.3487999999999
1478.1,452.4081999999999
1478.2,452.39059999999995
1478.3,452.3220999999998
1478.4,452.32
1478.5,452.30060000000003
1478.6,452.21270000000015
1478.7,452.18118811881186
1478.8,452.20880000000005
1478.9,452.17159999999996
1479.0,452.1892
1479.1,452.2763999999997
1479.2,452.2704
1479.3,452.31800000000004
1479.4,452.3770297029702
1479.5,452.42749999999995
1479.6,452.39200000000005
1479.7,452.39
1479.8,452.4185
1479.9,452.3440000000001
1480.0,452.27350000000007
1480.1,452.3358415841582
1480.2,452.2741999999999
1480.3,452.2794
1480.4,452.2141999999999
1480.5,452.15360000000015
1480.6,452.15
1480.7,452.16880000000003
1480.8,452.20760000000007
1480.9,452.21
1481.0,452.21
1481.1,452.21
1481.2,452.1634999999998
1481.3,452.1414
1481.4,452.07490000000007
1481.5,452.13509999999997
1481.6,452.1584158415841
1481.7,452.15999999999997
1481.8,452.23360000000014
1481.9,452.22159999999997
1482.0,452.1648000000001
1482.1,452.21519999999987
1482.2,452.22
1482.3,452.1835643564356
1482.4,452.1982
1482.5,452.2455
1482.6,452.2045
1482.7,452.2455
1482.8,452.2682
1482.9,452.17900000000003
1483.0,452.2330693069306
1483.1,452.2130000000001
1483.2,452.15599999999984
1483.3,452.15
1483.4,452.2039999999999
1483.5,452.2549999999999
1483.6,452.26
1483.7,452.23299999999995
1483.8,452.149801980198
1483.9,452.07769999999994
1484.0,452.0878
1484.1,452.22350000000006
1484.2,452.2489
1484.3,452.4458000000001
1484.4,452.41659999999996
1484.5,452.31306930693086
1484.6,452.20320000000015
1484.7,452.1547999999999
1484.8,452.1764000000001
1484.9,452.2064
1485.0,452.16600000000005
1485.1,452.04560000000026
1485.2,452.0035999999999
1485.3,451.9564356435643
1485.4,451.91519999999997
1485.5,451.8926
1485.6,451.89
1485.7,451.89
1485.8,451.85519999999997
1485.9,451.80649999999997
1486.0,451.7741584158416
1486.1,451.77
1486.2,451.77
1486.3,451.7528
1486.4,451.75
1486.5,451.6898000000001
1486.6,451.68
1486.7,451.68
1486.8,451.68
1486.9,451.64599999999996
1487.0,451.64
1487.1,451.64
1487.2,451.64
1487.3,451.63149999999996
1487.4,451.63
1487.5,451.63
1487.6,451.63
1487.7,451.63
1487.8,451.63
1487.9,451.63
1488.0,451.63
1488.1,451.63
1488.2,451.63
1488.3,451.63
1488.4,451.63
1488.5,451.65489999999994
1488.6,451.65999999999997
1488.7,451.65999999999997
1488.8,451.65999999999997
1488.9,451.65999999999997
1489.0,451.65999999999997
1489.1,451.65999999999997
1489.2,451.65999999999997
1489.3,451.65999999999997
1489.4,451.65999999999997
1489.5,451.65999999999997
1489.6,451.65999999999997
1489.7,451.65999999999997
1489.8,451.65999999999997
1489.9,451.65999999999997
1490.0,451.65999999999997
1490.1,451.65999999999997
1490.2,451.65999999999997
1490.3,451.65999999999997
1490.4,451.65999999999997
1490.5,451.63570000000004
1490.6,451.63
1490.7,451.63
1490.8,451.63
1490.9,451.63
1491.0,451.63
1491.1,451.63
1491.2,451.63
1491.3,451.638
1491.4,451.64
1491.5,451.64
1491.6,451.64
1491.7,451.64
1491.8,451.64
1491.9,451.64
1492.0,451.64
1492.1,451.64
1492.2,451.64
1492.3,451.64
1492.4,451.64
1492.5,451.64
1492.6,451.64
1492.7,451.64
1492.8,451.64
1492.9,451.64
1493.0,451.64
1493.1,451.64
1493.2,451.64
1493.3,451.64
1493.4,451.64
1493.5,451.64
1493.6,451.64
1493.7,451.64
1493.8,451.64
1493.9,451.64
1494.0,451.6476
1494.1,451.65
1494.2,451.65
1494.3,451.65
1494.4,451.65
1494.5,451.65
1494.6,451.65
1494.7,451.65
1494.8,451.65
1494.9,451.65
1495.0,451.6425
1495.1,451.64
1495.2,451.64
1495.3,451.64
1495.4,451.64
1495.5,451.64
1495.6,451.64
1495.7,451.64
1495.8,451.64
1495.9,451.64
1496.0,451.64
1496.1,451.64
1496.2,457.87420000000463
1496.3,471.4073999999895
1496.4,486.4734999999898
1496.5,496.912099999994
1496.6,505.3681999999943
1496.7,513.2921000000042
1496.8,521.8070613861325
1496.9,531.0753306930799
1497.0,595.9711999998742
1497.1,619.920800000001
1497.2,633.284000000034
1497.3,634.7543999999905
1497.4,665.4668000000813
1497.5,670.5928000000149
1497.6,662.152475247532
1497.7,653.9672999999909
1497.8,645.0080000000021
1497.9,689.5620999999849
1498.0,693.8264000000048
1498.1,681.8751000000018
1498.2,672.1727999999888
1498.3,661.4552000000025
1498.4,648.27564356438
1498.5,632.7910000000365
1498.6,666.9389999998734
1498.7,672.7549999999646
1498.8,653.8169999999536
1498.9,632.9160000000193
1499.0,665.0029999998752
1499.1,681.0402970297052
1499.2,678.483177227722
1499.3,678.5171000000004
1499.4,674.1523999999984
1499.5,668.913299999999
1499.6,667.7124999999993
1499.7,667.7692999999999
1499.8,667.5184999999999
1499.9,657.9686138614022
1500.0,666.4011999999657
1500.1,683.64319999997
1500.2,683.7791999999794
1500.3,682.3120000000039
1500.4,683.4943999999996
1500.5,674.0004000000263
1500.6,673.7899999999881
1500.7,672.3083485148444
1500.8,665.9234999999953
1500.9,642.0492999999781
1501.0,626.8036999999953
1501.1,621.0058000000124
1501.2,618.1912999999989
1501.3,616.2462999999985
1501.4,606.2637999999906
1501.5,601.8558415841583
1501.6,611.1733999999809
1501.7,610.3595999999732
1501.8,610.0706000000007
1501.9,613.2281999999961
1502.0,616.6515999999948
1502.1,621.1375999999934
1502.2,625.3508000000123
1502.3,627.6567326732701
1502.4,635.596500000013
1502.5,639.8954999999992
1502.6,642.4909999999871
1502.7,645.535500000003
1502.8,648.8230000000041
1502.9,651.4810000000024
1503.0,655.3044999999914
1503.1,658.0154455445515
1503.2,658.2927999999984
1503.3,654.7151999999961
1503.4,654.7455999999972
1503.5,650.5984000000075
1503.6,643.2852000000062
1503.7,634.3787999999633
1503.8,624.7851999999932
1503.9,613.7816831683087
1504.0,655.847699999906
1504.1,689.0719999999721
1504.2,685.8467999999831
1504.3,680.8263999999972
1504.4,676.4162999999904
1504.5,669.6703000000092
1504.6,661.1573000000275
1504.7,653.9524752475229
1504.8,649.1256000000019
1504.9,644.714200000002
1505.0,639.2686000000027
1505.1,639.9015999999979
1505.2,639.4231999999953
1505.3,633.1854000000036
1505.4,625.243738613875
1505.5,618.5575613861532
1505.6,611.9612000000177
1505.7,604.0637999999827
1505.8,596.1439999999844
1505.9,587.9889000000062
1506.0,630.267499999813
1506.1,664.8916999999775
1506.2,677.0949415841876
1506.3,685.353742574261
1506.4,689.934
1506.5,695.02
1506.6,700.748
1506.7,706.5240000000102
1506.8,711.96
1506.9,714.452
1507.0,718.1754257425673
1507.1,713.1629108911334
1507.2,708.3815000000021
1507.3,708.3405999999984
1507.4,708.4239999999999
1507.5,708.080000000002
1507.6,704.7023000000103
1507.7,709.1300000000275
1507.8,700.8735683168065
1507.9,690.5299564356588
1508.0,689.1229999999997
1508.1,698.8143999999625
1508.2,703.2749999999978
1508.3,698.9367999999981
1508.4,695.3665999999985
1508.5,689.9847999999969
1508.6,685.0830693069331
1508.7,683.7867000000009
1508.8,684.6838000000005
1508.9,685.1631000000002
1509.0,673.1086000000334
1509.1,664.4917999999989
1509.2,662.108199999986
1509.3,659.4828999999996
1509.4,651.4453990099382
1509.5,647.5413108911065
1509.6,643.3060000000166
1509.7,632.8031999999902
1509.8,621.2111999999888
1509.9,607.9899999999873
1510.0,595.8323999999902
1510.1,631.6639999998815
1510.2,670.1948673267436
1510.3,674.322054455468
1510.4,671.204000000005
1510.5,665.6300000000074
1510.6,654.1130000000177
1510.7,642.9564999999742
1510.8,634.9079999999923
1510.9,625.8355000000109
1511.0,615.2555544554584
1511.1,655.6493524750613
1511.2,683.7515999999748
1511.3,684.9800000000246
1511.4,686.2507999999823
1511.5,681.6461999999973
1511.6,684.0411999999927
1511.7,687.466000000006
1511.8,689.6878217821784
1511.9,690.7768999999988
1512.0,691.1289000000006
1512.1,687.5135000000041
1512.2,679.9052999999869
1512.3,675.8548999999998
1512.4,677.4197999999982
1512.5,680.238799999998
1512.6,683.9126732673192
1512.7,688.8712000000102
1512.8,681.0879999999634
1512.9,671.7832000000012
1513.0,670.0564000000021
1513.1,667.0520000000059
1513.2,656.597599999967
1513.3,646.6467999999957
1513.4,644.2955445544537
1513.5,640.946400000001
1513.6,638.0603000000003
1513.7,635.310199999992
1513.8,630.3306000000014
1513.9,637.0844999999956
1514.0,648.0937999999993
1514.1,652.3757425742509
1514.2,656.6600000000078
1514.3,660.5100000000098
1514.4,664.78
1514.5,669.7099999999873
1514.6,675.3099999999873
1514.7,683.820000000026
1514.8,690.4900000000043
1514.9,693.9400990099073
1515.0,698.0480000000008
1515.1,698.6461000000043
1515.2,695.2914999999989
1515.3,691.9889999999996
1515.4,689.7998999999995
1515.5,684.0924435643797
1515.6,676.452099009925
1515.7,668.2511999999712
1515.8,657.2351999999937
1515.9,644.645200000025
1516.0,629.2388000000312
1516.1,612.7544000000286
1516.2,597.2311999999582
1516.3,618.8399009902072
1516.4,653.0972950495074
1516.5,649.9655999999928
1516.6,641.8473000000079
1516.7,637.4853999999979
1516.8,634.3946999999979
1516.9,631.5080999999981
1517.0,629.2926999999988
1517.1,629.460499999997
1517.2,630.2137623762361
1517.3,629.4709999999993
1517.4,630.5137999999959
1517.5,633.0147999999974
1517.6,634.2645999999993
1517.7,634.388199999999
1517.8,633.1243999999974
1517.9,629.8996000000058
1518.0,624.4082178217982
1518.1,615.9945000000348
1518.2,604.6749999999856
1518.3,638.4960000001031
1518.4,697.0325000000219
1518.5,707.9934999999992
1518.6,704.0715000000332
1518.7,698.9630891089115
1518.8,697.6829386138606
1518.9,693.0580000000054
1519.0,685.5560000000086
1519.1,675.7792000000095
1519.2,667.0783999999892
1519.3,654.0760000000192
1519.4,640.7640000000031
1519.5,636.8977742574299
1519.6,632.6226871287201
1519.7,629.803999999998
1519.8,626.944199999992
1519.9,622.3915999999938
1520.0,619.027600000001
1520.1,616.489500000007
1520.2,614.7113999999984
1520.3,614.0970049505074
1520.4,620.496295049516
1520.5,629.7201999999996
1520.6,631.0383999999991
1520.7,630.7273999999923
1520.8,630.2003999999984
1520.9,634.9291999999971
1521.0,640.5885999999978
1521.1,646.4308415841551
1521.2,653.5575247524979
1521.3,654.0988999999822
1521.4,650.2433000000005
1521.5,650.4336000000101
1521.6,647.6318000000026
1521.7,645.242399999991
1521.8,643.4121000000036
1521.9,640.9637019802053
1522.0,631.1291683168616
1522.1,620.7600000000153
1522.2,610.942
1522.3,598.956
1522.4,623.592
1522.5,667.858
1522.6,661.4220396039649
1522.7,657.5758851485089
1522.8,651.2243999999823
1522.9,643.4862999999935
1523.0,635.4129000000141
1523.1,627.4738000000197
1523.2,615.077999999958
1523.3,598.4339999999589
1523.4,617.1278217823042
1523.5,673.4280000000127
1523.6,691.1919999999989
1523.7,693.1104000000016
1523.8,697.2338000000022
1523.9,699.9333999999996
1524.0,699.2167999999999
1524.1,698.0242000000037
1524.2,694.7902970296977
1524.3,690.965899999995
1524.4,680.1169000000359
1524.5,665.0312000000035
1524.6,670.9755999999684
1524.7,684.6396000000091
1524.8,685.8473999999974
1524.9,683.4973267326752
1525.0,677.3560435643633
1525.1,664.7124000000515
1525.2,654.9011999999981
1525.3,654.4844000000023
1525.4,657.3916000000032
1525.5,652.5132000000144
1525.6,638.9080000000089
1525.7,633.6859999999908
1525.8,627.5143564356437
1525.9,627.6905000000013
1526.0,627.1224999999993
1526.1,632.2819999999845
1526.2,643.5520000000229
1526.3,647.7624999999991
1526.4,646.3465000000036
1526.5,642.9292376237694
1526.6,639.3284693069409
1526.7,636.2715999999963
1526.8,633.9875999999981
1526.9,632.1175999999962
1527.0,629.1794000000006
1527.1,625.106800000019
1527.2,619.650399999994
1527.3,616.3597009900983
1527.4,614.2079000000031
1527.5,610.4814000000017
1527.6,608.2297000000013
1527.7,608.5703000000117
1527.8,610.3288000000032
1527.9,608.0218999999984
1528.0,608.9075000000015
1528.1,606.07346534654
1528.2,601.8071999999913
1528.3,596.0219999999856
1528.4,588.4387999999975
1528.5,581.4872000000192
1528.6,600.1495999998001
1528.7,653.0360000000173
1528.8,659.6900000000009
1528.9,661.3448514851533
1529.0,666.0709999999985
1529.1,672.0345999999987
1529.2,677.4466000000141
1529.3,682.2352999999989
1529.4,684.8410000000003
1529.5,684.1313999999995
1529.6,686.1581999999995
1529.7,686.8121782178114
1529.8,680.1949999999649
1529.9,668.6659999999979
1530.0,663.2470000000285
1530.1,649.6390000000367
1530.2,632.775999999958
1530.3,614.3949999999587
1530.4,597.5819306930465
1530.5,604.1174000000127
1530.6,643.6416000000011
1530.7,645.7672000000022
1530.8,652.1034999999995
1530.9,650.1084999999995
1531.0,648.6923000000002
1531.1,649.2897
1531.2,649.808514851487
1531.3,651.8948000000036
1531.4,654.8423999999922
1531.5,658.265199999998
1531.6,653.9960000000328
1531.7,641.2380000000023
1531.8,643.0624000000063
1531.9,645.8944000000018
1532.0,644.7940594059421
1532.1,643.7293000000002
1532.2,644.3345000000023
1532.3,648.0571000000032
1532.4,652.5522000000027
1532.5,656.144900000002
1532.6,664.2663999999878
1532.7,682.3938613861478
1532.8,688.9176000000115
1532.9,694.7243999999919
1533.0,700.6877999999917
1533.1,707.3885999999883
1533.2,712.860399999989
1533.3,710.1543999999989
1533.4,707.8056000000101
1533.5,696.474455445587
1533.6,678.8275000000115
1533.7,675.3424999999957
1533.8,670.727499999992
1533.9,663.3824999999904
1534.0,656.585
1534.1,651.6425000000493
1534.2,638.0974999999876
1534.3,628.1255445544509
1534.4,620.1488000000095
1534.5,610.5704000000064
1534.6,625.4567999999233
1534.7,693.6392000000435
1534.8,707.2943999999974
1534.9,702.042800000028
1535.0,678.1628000000018
1535.1,674.7047524752586
1535.2,669.0384000000033
1535.3,667.2543999999766
1535.4,652.0996999999909
1535.5,635.340200000051
1535.6,640.252199999766
1535.7,698.1378999999789
1535.8,681.3534999999546
1535.9,660.7613861386207
1536.0,665.2666000000005
1536.1,664.3934000000002
1536.2,664.054800000001
1536.3,662.9362000000028
1536.4,657.1214000000019
1536.5,653.5106000000009
1536.6,652.3609999999995
1536.7,652.4306930692945
1536.8,654.2844000000443
1536.9,675.1663000000196
1537.0,688.9690000000053
1537.1,686.1781000000134
1537.2,681.8758999999995
1537.3,677.2957999999569
1537.4,662.3512455445673
1537.5,668.1199207920793
1537.6,659.9320000000271
1537.7,634.322
1537.8,625.918
1537.9,619.76
1538.0,612.698
1538.1,610.1680000000017
1538.2,609.0982178217831
1538.3,610.3164999999973
1538.4,612.5310999999618
1538.5,626.5851000000117
1538.6,622.794099999991
1538.7,626.9466000000078
1538.8,630.2538000000065
1538.9,634.2925178217756
1539.0,638.1737564356449
1539.1,640.7129999999995
1539.2,642.2358000000011
1539.3,644.7132000000015
1539.4,648.2916000000024
1539.5,652.9256000000012
1539.6,655.4535999999989
1539.7,658.7926811881231
1539.8,663.8834178217965
1539.9,673.3523999999622
1540.0,692.8156000000021
1540.1,690.9635000000071
1540.2,686.11909999998
1540.3,678.8866999999793
1540.4,668.764300000021
1540.5,655.0665346534965
1540.6,635.9648000001272
1540.7,617.0780000000597
1540.8,672.8776000000042
1540.9,674.6075999999878
1541.0,661.8463999999983
1541.1,652.6200000000291
1541.2,645.0519999999951
1541.3,639.9567999999977
1541.4,635.5740000000073
1541.5,629.5435000000042
1541.6,626.2970000000007
1541.7,625.4114999999935
1541.8,622.2235000000088
1541.9,615.3625000000023
1542.0,613.4550000000013
1542.1,612.1390445544583
1542.2,609.3166495049369
1542.3,604.8575999999937
1542.4,599.921799999991
1542.5,593.5787999999967
1542.6,588.8784000000173
1542.7,583.1177999999894
1542.8,588.1348000001137
1542.9,662.9878217822029
1543.0,684.0091999999939
1543.1,692.472199999996
1543.2,698.4408000000202
1543.3,704.3225999999972
1543.4,708.0487999999988
1543.5,709.6488999999997
1543.6,710.0671000000002
1543.7,709.6191089108867
1543.8,709.8272000000196
1543.9,719.7444000000044
1544.0,722.1580000000126
1544.1,717.3852000000165
1544.2,711.335599999989
1544.3,705.2419999999893
1544.4,699.5687999999949
1544.5,695.6895049505022
1544.6,693.1273999999997
1544.7,693.4849999999999
1544.8,693.6176000000007
1544.9,690.2001000000018
1545.0,682.7888000000005
1545.1,680.9447000000009
1545.2,674.8571000000103
1545.3,632.8916831683161
1545.4,618.2269999999667
1545.5,600.0110000000391
1545.6,582.8540000000384
1545.7,565.7649999999564
1545.8,546.466999999953
1545.9,526.1189999999676
1546.0,508.47219801983874
1546.1,492.01243168321497
1546.2,473.34669999999653
1546.3,459.37350000000004
1546.4,459.5028
1546.5,459.4237
1546.6,459.3546
1546.7,459.2937
1546.8,459.2255
1546.9,459.17643564356433
1547.0,459.13840000000005
1547.1,458.900000000005
1547.2,456.1819999999936
1547.3,454.01119999999975
1547.4,453.9028000000002
1547.5,453.8096000000002
1547.6,453.68280000000016
1547.7,453.59128712871257
1547.8,453.4822999999999
1547.9,453.37229999999994
1548.0,453.26159999999993
1548.1,453.1297000000011
1548.2,452.8579
1548.3,452.83
1548.4,452.83
1548.5,452.83
1548.6,452.83
1548.7,452.83
1548.8,452.83
1548.9,452.83
1549.0,452.8024000000006
1549.1,452.3484000000005
1549.2,452.00287128712836
1549.3,451.89237623762386
1549.4,451.931
1549.5,451.9495
1549.6,451.94
1549.7,451.93949999999995
1549.8,451.9325
1549.9,451.9825000000001
1550.0,452.0315
1550.1,452.0428910891088
1550.2,451.5763999999997
1550.3,451.49159999999995
1550.4,451.5347999999999
1550.5,451.64880000000005
1550.6,451.6212
1550.7,451.65080000000006
1550.8,451.6707920792079
1550.9,451.6894
1551.0,451.6673000000003
1551.1,451.55330000000265
1551.2,450.6845999999997
1551.3,450.5084999999999
1551.4,450.45669999999984
1551.5,450.34673267326764
1551.6,450.23920000000004
1551.7,450.2008000000002
1551.8,450.23920000000004
1551.9,450.199
1552.0,450.14820000000003
1552.1,450.05400000000014
1552.2,449.7589999999998
1552.3,449.71118811881183
1552.4,449.77
1552.5,449.77049999999986
1552.6,449.82059999999984
1552.7,449.88090000000017
1552.8,449.96979999999996
1552.9,449.95
1553.0,449.95
1553.1,449.95
1553.2,449.71
1553.3,449.69
1553.4,449.64
1553.5,449.58
1553.6,449.49
1553.7,449.41999999999996
1553.8,449.33
1553.9,449.21999999999997
1554.0,449.1110891089111
1554.1,449.0011000000002
1554.2,448.6534999999991
1554.3,448.42229999999944
1554.4,448.31110000000024
1554.5,448.1714000000003
1554.6,448.06110000000024
1554.7,447.9815841584158
1554.8,448.0094
1554.9,447.9512
1555.0,447.90099999999995
1555.1,447.8510000000002
1555.2,447.56579999999985
1555.3,447.52079999999995
1555.4,447.7846000000001
1555.5,447.68326732673285
1555.6,447.65090000000004
1555.7,447.65970000000004
1555.8,447.6308999999999
1555.9,447.62030000000004
1556.0,447.59090000000003
1556.1,447.5706
1556.2,447.249899999999
1556.3,447.19198019801973
1556.4,447.19
1556.5,447.19
1556.6,447.06520000000046
1556.7,447.06
1556.8,447.0888
1556.9,447.1092
1557.0,447.09079999999994
1557.1,447.06148514851486
1557.2,446.89849999999944
1557.3,446.87100000000004
1557.4,446.87
1557.5,446.87
1557.6,446.87
1557.7,446.87
1557.8,446.87
1557.9,446.87
1558.0,446.87
1558.1,446.9075999999999
1558.2,446.83479999999986
1558.3,446.8112
1558.4,446.7818
1558.5,446.80819999999994
1558.6,446.7344277227726
1558.7,446.74860000000007
1558.8,446.7965
1558.9,446.7814
1559.0,446.75210000000004
1559.1,446.7314
1559.2,446.6183999999995
1559.3,446.61
1559.4,446.61
1559.5,446.61
1559.6,446.4996000000003
1559.7,446.50840000000005
1559.8,446.5560000000001
1559.9,446.54159999999996
1560.0,446.49400000000014
1560.1,446.4532000000001
1560.2,446.2860396039604
1560.3,446.2336
1560.4,446.21180000000004
1560.5,446.1827
1560.6,446.16179999999997
1560.7,446.15999999999997
1560.8,446.15999999999997
1560.9,446.15999999999997
1561.0,446.14198019801984
1561.1,446.12200000000007
1561.2,445.8769999999994
1561.3,445.83199999999994
1561.4,445.83
1561.5,445.83
1561.6,445.821
1561.7,445.82
1561.8,445.82
1561.9,445.82
1562.0,446.11370000000005
1562.1,446.1411
1562.2,445.99759999999986
1562.3,446.3004000000001
1562.4,446.3311
1562.5,446.24188118811895
1562.6,446.1860000000001
1562.7,446.16239999999993
1562.8,446.15999999999997
1562.9,446.0720000000001
1563.0,445.9016000000003
1563.1,445.87120000000004
1563.2,445.9140000000001
1563.3,445.91999999999996
1563.4,445.91999999999996
1563.5,445.87649999999996
1563.6,445.8787
1563.7,445.8974
1563.8,445.9
1563.9,445.8042999999999
1564.0,445.75519999999995
1564.1,445.70693069306935
1564.2,445.66559999999987
1564.3,445.65999999999997
1564.4,445.65999999999997
1564.5,445.65999999999997
1564.6,445.5396000000002
1564.7,445.53720000000004
1564.8,445.55719999999997
1564.9,445.58554455445545
1565.0,445.59
1565.1,445.59
1565.2,445.47949999999986
1565.3,445.46
1565.4,445.443
1565.5,445.4145
1565.6,445.2910000000004
1565.7,445.2868316831684
1565.8,445.3152
1565.9,445.25280000000004
1566.0,445.2568
1566.1,445.2264
1566.2,445.1527999999997
1566.3,445.14
1566.4,445.1568
1566.5,445.1433663366337
1566.6,445.14829999999995
1566.7,445.1251
1566.8,445.0867999999999
1566.9,444.9803999999998
1567.0,444.8853000000002
1567.1,444.8119000000002
1567.2,444.82490000000007
1567.3,444.83
1567.4,444.83
1567.5,444.8054
1567.6,444.8
1567.7,444.8
1567.8,444.8
1567.9,444.8
1568.0,444.8
1568.1,444.8
1568.2,444.8081
1568.3,444.81
1568.4,444.81
1568.5,444.8343
1568.6,444.78330000000017
1568.7,444.77
1568.8,444.8020792079208
1568.9,444.81
1569.0,444.81
1569.1,444.794
1569.2,444.814
1569.3,444.82
1569.4,444.82
1569.5,444.788
1569.6,444.7958415841584
1569.7,444.8
1569.8,444.7683999999999
1569.9,444.76
1570.0,444.7363
1570.1,444.7694999999999
1570.2,444.76419999999996
1570.3,444.7362999999999
1570.4,444.73
1570.5,444.7534
1570.6,444.69760000000025
1570.7,444.6488
1570.8,444.6712
1570.9,444.74240000000003
1571.0,444.7444
1571.1,444.69320000000016
1571.2,444.65683168316826
1571.3,444.7501000000004
1571.4,444.72610000000003
1571.5,444.69460000000004
1571.6,444.59760000000017
1571.7,444.5931000000001
1571.8,444.56149999999985
1571.9,444.5423
1572.0,444.570495049505
1572.1,444.5724
1572.2,444.60800000000006
1572.3,444.57439999999997
1572.4,444.5828
1572.5,444.6204
1572.6,444.6907999999998
1572.7,444.6948
1572.8,444.59970297029713
1572.9,444.62249999999995
1573.0,444.655
1573.1,444.62250000000006
1573.2,444.62500000000006
1573.3,444.6825
1573.4,444.6400000000001
1573.5,444.6051485148515
1573.6,444.6001287128713
1573.7,444.6444000000001
1573.8,444.65999999999997
1573.9,444.6081999999999
1574.0,444.61959999999993
1574.1,444.63
1574.2,444.6744000000001
1574.3,444.6313861386139
1574.4,444.59540000000004
1574.5,444.6046
1574.6,444.6319
1574.7,444.64
1574.8,444.59620000000007
1574.9,444.63109999999995
1575.0,444.66459999999995
1575.1,444.6772277227723
1575.2,444.6511999999999
1575.3,444.6472
1575.4,444.7076000000001
1575.5,444.6940000000001
1575.6,444.68
1575.7,444.6583999999999
1575.8,444.699900990099
1575.9,444.72
1576.0,444.6632
1576.1,444.6755
1576.2,444.64739999999995
1576.3,444.68679999999995
1576.4,444.71
1576.5,444.6532
1576.6,444.6862376237622
1576.7,444.69599999999997
1576.8,444.6689999999999
1576.9,444.61800000000005
1577.0,444.62799999999993
1577.1,444.64
1577.2,444.6119999999999
1577.3,444.64900000000017
1577.4,444.6214851485148
1577.5,444.5655
1577.6,444.65349999999955
1577.7,444.7138
1577.8,444.74760000000003
1577.9,444.76
1578.0,444.8014
1578.1,444.7855000000001
1578.2,444.77
1578.3,444.7563999999999
1578.4,444.6956
1578.5,444.67
1578.6,444.7719999999997
1578.7,444.8676000000002
1578.8,444.9580000000003
1578.9,445.01019801980203
1579.0,445.0870000000001
1579.1,445.0999000000001
1579.2,445.09000000000003
1579.3,445.12350000000004
1579.4,445.14
1579.5,445.1266
1579.6,445.12
1579.7,445.12
1579.8,445.13980000000004
1579.9,445.1170000000001
1580.0,445.1132
1580.1,445.0672000000001
1580.2,445.06640000000016
1580.3,445.146
1580.4,445.16020000000003
1580.5,445.15
1580.6,445.19549999999975
1580.7,445.22
1580.8,445.19399999999996
1580.9,445.2060000000001
1581.0,445.23299999999995
1581.1,445.19450000000023
1581.2,445.2155000000001
1581.3,445.24
1581.4,445.1824000000001
1581.5,445.18199999999996
1581.6,445.20640000000003
1581.7,445.16519999999974
1581.8,445.1528
1581.9,445.1984
1582.0,445.18831683168327
1582.1,445.18889999999993
1582.2,445.2441000000001
1582.3,445.2195999999999
1582.4,445.2152000000001
1582.5,445.23
1582.6,445.1481000000004
1582.7,445.10630000000003
1582.8,445.15990099009906
1582.9,445.19
1583.0,445.15900000000005
1583.1,445.19579999999996
1583.2,445.1865999999999
1583.3,445.10420000000005
1583.4,445.07
1583.5,445.00900000000024
1583.6,445.0309999999998
1583.7,445.1066000000001
1583.8,445.1605000000001
1583.9,445.13120000000004
1584.0,445.0879207920792
1584.1,445.08000000000004
1584.2,445.12800000000016
1584.3,445.262
1584.4,445.36
1584.5,445.356
1584.6,445.34000000000003
1584.7,445.3815841584161
1584.8,445.3922999999999
1584.9,445.45079999999996
1585.0,445.48230000000007
1585.1,445.4405000000001
1585.2,445.41409999999996
1585.3,445.2978999999995
1585.4,445.22
1585.5,445.22
1585.6,445.2373999999999
1585.7,445.22679999999997
1585.8,445.181
1585.9,445.15999999999997
1586.0,445.15999999999997
1586.1,445.15999999999997
1586.2,445.15999999999997
1586.3,445.2626000000001
1586.4,445.3741999999999
1586.5,445.4
1586.6,445.4
1586.7,445.3771999999999
1586.8,445.30869999999993
1586.9,445.27
1587.0,445.27
1587.1,445.27
1587.2,445.27
1587.3,445.27
1587.4,445.27
1587.5,445.27
1587.6,445.27
1587.7,445.27
1587.8,445.3365346534653
1587.9,445.39
1588.0,445.39
1588.1,445.39
1588.2,445.39
1588.3,445.39
1588.4,445.39
1588.5,445.39
1588.6,445.39
1588.7,445.39
1588.8,445.46020000000016
1588.9,445.52
1589.0,445.52
1589.1,445.52
1589.2,445.52
1589.3,445.52
1589.4,445.52
1589.5,445.52
1589.6,445.52
1589.7,445.58360000000016
1589.8,445.64
1589.9,445.64
1590.0,445.64
1590.1,445.64
1590.2,445.64
1590.3,445.64
1590.4,445.64
1590.5,445.64
1590.6,445.64
1590.7,445.70240000000024
1590.8,445.76
1590.9,445.76
1591.0,445.76
1591.1,445.76
1591.2,445.76
1591.3,445.76
1591.4,445.76
1591.5,445.76
1591.6,445.76
1591.7,445.76
1591.8,445.76
1591.9,445.76
1592.0,445.76
1592.1,445.76
1592.2,445.76
1592.3,445.76
1592.4,445.76
1592.5,445.76
1592.6,445.76
1592.7,445.76
1592.8,445.76
1592.9,445.76
1593.0,445.76
1593.1,445.76
1593.2,445.76
1593.3,445.8188
1593.4,445.88
1593.5,445.88
1593.6,445.88
1593.7,445.88
1593.8,445.88
1593.9,445.88
1594.0,445.88
1594.1,445.88
1594.2,445.88
1594.3,445.93760000000003
1594.4,446.0
1594.5,446.0
1594.6,446.0
1594.7,446.0
1594.8,446.0
1594.9,446.0
1595.0,446.0
1595.1,446.0
1595.2,446.0
1595.3,446.0
1595.4,446.0
1595.5,446.0
1595.6,446.0
1595.7,446.0
1595.8,446.0
1595.9,446.0
1596.0,446.0
1596.1,446.0
1596.2,446.0
1596.3,446.0
1596.4,446.0
1596.5,446.0
1596.6,446.0
1596.7,446.05280000000016
1596.8,446.12
1596.9,446.12
1597.0,446.12
1597.1,446.12
1597.2,446.12
1597.3,446.12
1597.4,446.12
1597.5,446.12
1597.6,446.12
1597.7,446.1716000000002
1597.8,446.2916000000002
1597.9,446.36
1598.0,446.36
1598.1,446.36
1598.2,446.36
1598.3,446.36
1598.4,446.36
1598.5,446.36
1598.6,446.36
1598.7,446.36
1598.8,446.4104
1598.9,446.48
1599.0,446.48
1599.1,446.48
1599.2,446.48
1599.3,446.48
1599.4,446.48
1599.5,446.48
1599.6,446.48
1599.7,446.48
1599.8,446.48
1599.9,446.48
1600.0,446.48
1600.1,446.48
1600.2,446.48
1600.3,446.48
1600.4,446.48
1600.5,446.48
1600.6,446.48
1600.7,446.48
1600.8,446.48
1600.9,446.48
1601.0,446.48
1601.1,446.48
1601.2,446.48
1601.3,446.48
1601.4,446.5307000000001
1601.5,446.61
1601.6,446.61
1601.7,446.61
1601.8,446.61
1601.9,446.61
1602.0,446.61
1602.1,446.61
1602.2,446.61
1602.3,446.65560000000005
1602.4,446.7743999999998
1602.5,446.85
1602.6,446.85
1602.7,446.85
1602.8,446.85
1602.9,446.85
1603.0,446.85
1603.1,446.85
1603.2,446.85
1603.3,446.8932000000001
1603.4,446.9267999999999
1603.5,446.85
1603.6,446.85
1603.7,446.85
1603.8,446.85
1603.9,446.85
1604.0,446.85
1604.1,446.85
1604.2,446.85
1604.3,446.85
1604.4,446.85
1604.5,446.85
1604.6,446.85
1604.7,446.85
1604.8,446.85
1604.9,446.85
1605.0,446.85
1605.1,446.85
1605.2,446.85
1605.3,446.85
1605.4,446.85
1605.5,446.85
1605.6,446.85
1605.7,446.85
1605.8,446.85
1605.9,446.85
1606.0,446.85
1606.1,446.85
1606.2,446.85
1606.3,446.85
1606.4,446.80839999999995
1606.5,446.72
1606.6,446.72
1606.7,446.72
1606.8,446.72
1606.9,446.72
1607.0,446.72
1607.1,446.72
1607.2,446.72
1607.3,446.72
1607.4,446.72
1607.5,446.72
1607.6,446.72
1607.7,446.72
1607.8,446.72
1607.9,446.72
1608.0,446.72
1608.1,446.72
1608.2,446.72
1608.3,446.72
1608.4,446.7590000000001
1608.5,446.85
1608.6,449.3064356435408
1608.7,459.25250000000324
1608.8,473.5837000000033
1608.9,487.71350000000297
1609.0,499.7122000000021
1609.1,508.87769999999
1609.2,516.8883000000012
1609.3,525.4933000000038
1609.4,558.3517821781918
1609.5,618.2043999999491
1609.6,639.5707999999921
1609.7,650.9084000000798
1609.8,669.6603999999879
1609.9,659.6240000000263
1610.0,645.4960000000242
1610.1,633.1900000000178
1610.2,622.3498019801685
1610.3,631.8516000000491
1610.4,675.2818999999768
1610.5,648.061299999994
1610.6,639.2297000000049
1610.7,629.3541999999915
1610.8,628.0192000000197
1610.9,642.4290871286894
1611.0,625.451908910877
1611.1,626.0438000000141
1611.2,613.8667999999449
1611.3,602.5892000000118
1611.4,636.7945999998435
1611.5,722.816199999994
1611.6,726.2703564356317
1611.7,726.3183168316489
1611.8,724.387499999999
1611.9,721.6549999999904
1612.0,711.23
1612.1,701.7474999999599
1612.2,704.2649999999713
1612.3,684.5499999999962
1612.4,677.2159405940472
1612.5,661.7652000000028
1612.6,658.8796000000023
1612.7,655.9923999999892
1612.8,650.9484000000069
1612.9,641.7072000000132
1613.0,632.6923999999925
1613.1,639.9133188118757
1613.2,642.8271475247517
1613.3,641.6449999999945
1613.4,639.2237000000007
1613.5,639.7651000000047
1613.6,638.6824999999978
1613.7,639.3382000000005
1613.8,640.0255000000029
1613.9,642.946161386146
1614.0,650.4453999999969
1614.1,657.9492000000023
1614.2,653.5901999999951
1614.3,652.5853999999995
1614.4,653.6465999999996
1614.5,654.1332000000007
1614.6,652.2114000000017
1614.7,648.6895049504835
1614.8,645.5610999999936
1614.9,642.4983999999968
1615.0,639.5174000000077
1615.1,636.5666000000062
1615.2,633.8879999999934
1615.3,630.1818999999884
1615.4,624.5961227722684
1615.5,618.7358415841585
1615.6,612.3380000000025
1615.7,609.128
1615.8,603.738
1615.9,597.738
1616.0,592.0920000000001
1616.1,586.2320000000049
1616.2,580.5976237623729
1616.3,573.5010999999864
1616.4,578.6145999998723
1616.5,629.9345999999911
1616.6,633.9002999999951
1616.7,637.2982000000195
1616.8,645.1770000000137
1616.9,653.030631683159
1617.0,658.9089188118837
1617.1,664.5021999999979
1617.2,670.2706000000026
1617.3,675.7750000000021
1617.4,681.0596000000035
1617.5,687.3179999999998
1617.6,686.6174000000008
1617.7,684.437029702968
1617.8,680.0101999999717
1617.9,666.6996000000241
1618.0,651.8839000000212
1618.1,638.1884000000247
1618.2,622.4176999999493
1618.3,618.2344000001295
1618.4,667.7742999999972
1618.5,670.2244554455335
1618.6,674.3164000000153
1618.7,669.7767999999943
1618.8,663.1339999999922
1618.9,655.554799999998
1619.0,654.2276000000006
1619.1,656.6884000000082
1619.2,654.9737623762384
1619.3,655.1190000000063
1619.4,645.1570000000397
1619.5,613.8915000000113
1619.6,606.1154999999945
1619.7,609.7559999999925
1619.8,607.7774999999972
1619.9,610.4580396039507
1620.0,614.1248871286762
1620.1,615.639199999999
1620.2,615.8771999999999
1620.3,615.6023999999975
1620.4,616.278200000022
1620.5,632.5398000000124
1620.6,648.8901999999621
1620.7,659.3080198019813
1620.8,660.9737999999965
1620.9,666.0244999999975
1621.0,669.0557000000008
1621.1,667.9197000000008
1621.2,666.7982000000005
1621.3,664.9804000000101
1621.4,652.4788118811847
1621.5,656.3499999999857
1621.6,663.6291999999396
1621.7,682.9607999999974
1621.8,681.0419999999897
1621.9,675.5311999999942
1622.0,670.2540000000301
1622.1,659.5362455445751
1622.2,651.0307950494782
1622.3,640.3438000000031
1622.4,636.2319999999838
1622.5,702.2344999999946
1622.6,720.6427000000192
1622.7,694.8650000000047
1622.8,675.4067000000025
1622.9,664.5172277227767
1623.0,653.9870000000399
1623.1,636.6030000000366
1623.2,620.6269999999656
1623.3,605.7639999999717
1623.4,602.6330000001469
1623.5,675.9829999999863
1623.6,678.6931287129386
1623.7,654.2100297029709
1623.8,656.3852999999993
1623.9,653.431999999999
1624.0,649.218499999999
1624.1,645.1610000000002
1624.2,644.7045000000014
1624.3,650.3108000000003
1624.4,651.6605940594061
1624.5,653.6224000000323
1624.6,638.7895999999666
1624.7,656.9452000000427
1624.8,671.2583999999964
1624.9,669.9567999999979
1625.0,671.4395999999916
1625.1,674.3140000000312
1625.2,658.7315841584236
1625.3,661.0422999999951
1625.4,654.2689999999984
1625.5,650.3274999999906
1625.6,626.1483000000128
1625.7,622.7892999999973
1625.8,619.0242999999997
1625.9,618.2755999999973
1626.0,614.1573267326696
1626.1,607.5262000000065
1626.2,603.9134000000442
1626.3,616.4473999999747
1626.4,608.1574000000023
1626.5,606.4066000000032
1626.6,604.1225623762385
1626.7,603.5583118811887
1626.8,604.2465000000034
1626.9,607.1250000000022
1627.0,609.0920000000029
1627.1,612.447499999981
1627.2,617.8670000000033
1627.3,620.788500000003
1627.4,623.4275247524794
1627.5,627.3259999999976
1627.6,629.9903999999972
1627.7,633.5060000000541
1627.8,647.9212000000139
1627.9,633.2272000000019
1628.0,631.0856000000035
1628.1,627.0667128712948
1628.2,619.2703079207814
1628.3,612.612699999989
1628.4,605.6504999999875
1628.5,600.040699999726
1628.6,689.4643000000478
1628.7,673.9232000000086
1628.8,679.180396039603
1628.9,678.5427999999999
1629.0,678.6588000000005
1629.1,677.5424000000017
1629.2,673.6413999999803
1629.3,668.6578000000035
1629.4,661.018800000004
1629.5,651.9887108910929
1629.6,644.4658039604045
1629.7,640.909099999961
1629.8,621.9330999999843
1629.9,614.2437999999847
1630.0,606.6137000000216
1630.1,597.966100000026
1630.2,587.5862999999808
1630.3,578.2353465346383
1630.4,570.77
1630.5,562.13
1630.6,553.76
1630.7,617.86
1630.8,638.19
1630.9,657.76
1631.0,666.99
1631.1,674.1385148514706
1631.2,680.5163000000159
1631.3,687.1338000000165
1631.4,693.0211999999883
1631.5,695.495599999995
1631.6,696.5891999999978
1631.7,707.4801000000275
1631.8,713.7260396039635
1631.9,718.6226000000022
1632.0,716.9657999999991
1632.1,711.4322000000225
1632.2,708.5661999999987
1632.3,704.6193999999982
1632.4,697.924999999997
1632.5,690.8123999999968
1632.6,688.1472277227763
1632.7,688.8266000000024
1632.8,683.9999999999852
1632.9,675.7311000000122
1633.0,667.3320000000134
1633.1,667.5940999999992
1633.2,664.7872999999914
1633.3,662.2558881188045
1633.4,661.5173465346528
1633.5,663.621200000002
1633.6,669.1723999999804
1633.7,651.2367999999828
1633.8,628.4863999999792
1633.9,627.5219999999999
1634.0,631.1680000000035
1634.1,646.5754455445381
1634.2,626.0804999999236
1634.3,620.4285000000044
1634.4,613.4165000000081
1634.5,604.4720000000103
1634.6,591.6035000000148
1634.7,574.0779999999395
1634.8,656.9992821781375
1634.9,693.5030811881599
1635.0,688.9500000000204
1635.1,680.3426000000277
1635.2,668.9629999999843
1635.3,655.4389999999814
1635.4,644.928599999986
1635.5,630.7928000000419
1635.6,613.2795287128865
1635.7,597.3552722771667
1635.8,671.0033999999707
1635.9,697.2852999999849
1636.0,697.7240000000007
1636.1,697.5935000000001
1636.2,690.3545999999699
1636.3,684.9205940593956
1636.4,684.7300000000005
1636.5,684.382000000001
1636.6,684.0372000000009
1636.7,688.4720000000088
1636.8,660.3767999999436
1636.9,673.7792000000313
1637.0,668.3888000000175
1637.1,666.6158415841589
1637.2,667.3918000000002
1637.3,675.7609999999979
1637.4,661.6196000000036
1637.5,662.3694999999993
1637.6,663.0085999999999
1637.7,665.7436000000005
1637.8,650.0174257425386
1637.9,651.5719999999933
1638.0,656.673999999988
1638.1,663.8059999999833
1638.2,668.2660000000094
1638.3,671.083000000006
1638.4,670.4140000000019
1638.5,687.6799999999562
1638.6,687.480297029703
1638.7,683.553199999997
1638.8,681.4089999999997
1638.9,679.2953999999995
1639.0,675.063899999999
1639.1,670.2356999999989
1639.2,664.2798999999956
1639.3,659.854199999999
1639.4,655.9886138613922
1639.5,652.9516000000053
1639.6,651.3944000000024
1639.7,649.5315999999947
1639.8,647.5399999999945
1639.9,643.6216000000054
1640.0,640.9112000000046
1640.1,635.6349504950698
1640.2,628.7838999999951
1640.3,622.0061999999954
1640.4,611.4207999999924
1640.5,598.7643999999912
1640.6,585.675600000043
1640.7,574.2694999999924
1640.8,564.4645544554559
1640.9,612.8279999999211
1641.0,625.3145999999931
1641.1,623.9488000000033
1641.2,625.9492000000087
1641.3,628.9271999999978
1641.4,634.0627999999925
1641.5,642.5528851485217
1641.6,649.3399554455272
1641.7,655.7910000000073
1641.8,661.3755000000061
1641.9,665.6495000000045
1642.0,651.0959999999798
1642.1,648.7004999999991
1642.2,645.9449999999963
1642.3,643.2113861386154
1642.4,636.3220000000069
1642.5,625.0940000000109
1642.6,610.2792000000139
1642.7,596.6899999999519
1642.8,582.0876000000027
1642.9,635.6791999999394
1643.0,668.482399999976
1643.1,677.8148514851327
1643.2,674.2600999999912
1643.3,669.8339999999934
1643.4,664.4802999999911
1643.5,659.2223000000113
1643.6,653.6173000000167
1643.7,650.3674999999956
1643.8,648.0428544554458
1643.9,626.0417346534774
1644.0,622.5873999999992
1644.1,620.4838000000013
1644.2,620.1404000000001
1644.3,622.2545999999988
1644.4,624.587799999999
1644.5,627.4927999999986
1644.6,630.3700990098951
1644.7,633.1456000000056
1644.8,634.7716000000028
1644.9,634.4386999999986
1645.0,648.4911999999713
1645.1,655.8780999999875
1645.2,660.8557000000102
1645.3,662.0806930693071
1645.4,668.4215049504982
1645.5,669.986
1645.6,674.494
1645.7,676.412000000001
1645.8,679.162
1645.9,664.072
1646.0,661.812
1646.1,647.1012871287435
1646.2,644.5125000000044
1646.3,642.9049999999937
1646.4,634.408900000011
1646.5,628.8614000000089
1646.6,615.183600000033
1646.7,606.6312999999836
1646.8,597.1308999999742
1646.9,585.8420237623659
1647.0,643.6798000000352
1647.1,684.9991999999038
1647.2,694.8140000000017
1647.3,687.7095999999954
1647.4,669.1835999999905
1647.5,664.2701999999998
1647.6,653.1750495049664
1647.7,640.1817999999625
1647.8,626.6747999999593
1647.9,609.9657000000096
1648.0,664.4861999998789
1648.1,675.173200000014
1648.2,669.7134999999868
1648.3,668.0633267326391
1648.4,668.5665188118728
1648.5,663.763999999994
1648.6,657.8556000000145
1648.7,656.7560000000003
1648.8,657.1516000000004
1648.9,655.8211999999983
1649.0,658.9268000000043
1649.1,660.2456435643563
1649.2,672.8724752475819
1649.3,676.91
1649.4,677.2574999999994
1649.5,678.4174999999984
1649.6,666.880000000018
1649.7,668.3875000000248
1649.8,663.7525
1649.9,659.0232673267302
1650.0,635.8486000000603
1650.1,623.2840000000203
1650.2,618.0161999999933
1650.3,613.9083999999948
1650.4,608.018599999991
1650.5,602.3706000000107
1650.6,596.0098000000214
1650.7,605.6310891089088
1650.8,605.3854000000041
1650.9,605.2053999999986
1651.0,608.9300999999971
1651.1,613.9570999999964
1651.2,617.1466000000013
1651.3,619.5446999999983
1651.4,623.0160396039647
1651.5,626.1663999999959
1651.6,629.6771999999897
1651.7,632.5228000000045
1651.8,634.9264000000044
1651.9,637.6132000000051
1652.0,641.877599999993
1652.1,646.1955445544515
1652.2,648.7745000000021
1652.3,650.5611999999996
1652.4,652.0184999999997
1652.5,651.5793000000003
1652.6,644.2181000000023
1652.7,638.793999999996
1652.8,631.556831683155
1652.9,621.5130000000097
1653.0,608.2080000000328
1653.1,654.7109999998348
1653.2,683.7100000000235
1653.3,677.4059999999695
1653.4,669.5160000000051
1653.5,662.330000000018
1653.6,653.2857425742926
1653.7,644.9617999999982
1653.8,640.1763999999991
1653.9,635.7565999999988
1654.0,629.4337999999984
1654.1,624.7170000000108
1654.2,626.9510000000012
1654.3,624.4841910890729
1654.4,618.8869900990013
1654.5,613.38320000001
1654.6,606.9960000000124
1654.7,600.4339999999825
1654.8,593.2291999999794
1654.9,585.5740000000028
1655.0,578.2888000000129
1655.1,632.5205940591403
1655.2,665.9499000000062
1655.3,674.8797000000061
1655.4,681.4246000000037
1655.5,687.199900000004
1655.6,692.7343999999874
1655.7,697.5251000000031
1655.8,700.1408900990087
1655.9,701.8517663366313
1656.0,703.363999999998
1656.1,702.421000000003
1656.2,693.8491999999623
1656.3,688.6351999999997
1656.4,678.35440000002
1656.5,677.6401999999912
1656.6,676.285148514866
1656.7,671.2279999999945
1656.8,666.692499999995
1656.9,663.434499999997
1657.0,662.6494999999995
1657.1,662.4180000000016
1657.2,668.4055000000108
1657.3,669.9259999999969
1657.4,665.5233663366347
1657.5,649.5528000000199
1657.6,628.1808000000191
1657.7,610.8499999999445
1657.8,593.1359999999861
1657.9,574.8040000000162
1658.0,557.4800000000155
1658.1,539.0796039604384
1658.2,519.3169999999681
1658.3,501.7810999999745
1658.4,486.76539999997703
1658.5,471.3500000000204
1658.6,455.98000000004436
1658.7,450.24099999999953
1658.8,450.0606999999998
1658.9,449.9825742574257
1659.0,449.9166
1659.1,449.8652
1659.2,449.81899999999996
1659.3,449.7876
1659.4,449.7676
1659.5,448.1046000000012
1659.6,447.02180000000004
1659.7,446.91247524752447
1659.8,446.79679999999973
1659.9,446.6951000000001
1660.0,446.6051000000002
1660.1,446.51510000000025
1660.2,446.4250999999998
1660.3,446.3289999999998
1660.4,446.23564356435634
1660.5,446.044
1660.6,445.94
1660.7,445.94
1660.8,445.94
1660.9,445.94
1661.0,445.94
1661.1,445.94
1661.2,445.94
1661.3,445.94
1661.4,445.94
1661.5,445.69220000000087
1661.6,445.52
1661.7,445.52
1661.8,445.57310000000024
1661.9,445.6454
1662.0,445.7108910891088
1662.1,445.7805999999998
1662.2,445.8216
1662.3,445.8242
1662.4,445.82
1662.5,445.75039999999996
1662.6,445.87399999999934
1662.7,445.9712871287128
1662.8,445.9329
1662.9,445.89150000000006
1663.0,445.8586
1663.1,445.7873000000002
1663.2,445.6772999999997
1663.3,445.5901
1663.4,445.5998999999999
1663.5,445.4945544554456
1663.6,445.37320000000005
1663.7,445.33199999999994
1663.8,445.34920000000005
1663.9,445.41360000000003
1664.0,445.45120000000003
1664.1,445.4208000000001
1664.2,445.44040000000007
1664.3,445.529900990099
1664.4,445.6194999999999
1664.5,445.5665000000002
1664.6,445.5174999999999
1664.7,445.60050000000035
1664.8,445.7050000000001
1664.9,445.73350000000005
1665.0,445.68188118811895
1665.1,445.6554
1665.2,445.68160000000006
1665.3,445.68919999999997
1665.4,445.62599999999986
1665.5,445.5314000000001
1665.6,445.46840000000014
1665.7,445.46080000000006
1665.8,445.4379207920792
1665.9,445.3835
1666.0,445.36
1666.1,445.41299999999995
1666.2,445.4918000000001
1666.3,445.5465
1666.4,445.54350000000005
1666.5,445.47801980198034
1666.6,445.45039999999995
1666.7,445.47040000000004
1666.8,445.4435999999999
1666.9,445.38919999999996
1667.0,445.3492
1667.1,445.4027999999996
1667.2,445.4387999999999
1667.3,445.38425742574253
1667.4,445.3294
1667.5,445.22350000000006
1667.6,445.27239999999995
1667.7,445.36959999999993
1667.8,445.3347
1667.9,445.3047
1668.0,445.2748514851486
1668.1,445.2400000000001
1668.2,445.19999999999993
1668.3,445.16999999999996
1668.4,445.15
1668.5,445.13000000000005
1668.6,445.12999999999994
1668.7,445.1600000000001
1668.8,445.2047524752476
1668.9,445.2398
1669.0,445.25980000000004
1669.1,445.2455000000001
1669.2,445.22
1669.3,445.22
1669.4,445.22
1669.5,445.1375247524754
1669.6,445.04040000000003
1669.7,445.03960000000006
1669.8,445.0596
1669.9,445.07
1670.0,445.08439999999996
1670.1,445.1
1670.2,445.1
1670.3,445.1095049504951
1670.4,445.12940000000003
1670.5,445.08359999999993
1670.6,445.00120000000004
1670.7,444.9659
1670.8,444.9312
1670.9,444.90999999999997
1671.0,444.90999999999997
1671.1,444.8495049504951
1671.2,444.75699999999983
1671.3,444.7438
1671.4,444.76
1671.5,444.76
1671.6,444.7370000000001
1671.7,444.70079999999996
1671.8,444.68089108910885
1671.9,444.66099999999994
1672.0,444.65
1672.1,444.65
1672.2,444.65
1672.3,444.65
1672.4,444.65
1672.5,444.63200000000006
1672.6,444.61
1672.7,444.6188
1672.8,444.63
1672.9,444.63
1673.0,444.63
1673.1,444.6783999999999
1673.2,444.73119999999994
1673.3,444.70680000000004
1673.4,444.70306930693073
1673.5,444.7501
1673.6,444.80719999999985
1673.7,444.8515000000001
1673.8,444.8886
1673.9,444.9
1674.0,444.9
1674.1,444.89574257425744
1674.2,444.89
1674.3,444.89
1674.4,444.8816
1674.5,444.84900000000005
1674.6,444.8242
1674.7,444.82579999999996
1674.8,444.82
1674.9,444.8033663366337
1675.0,444.78819999999996
1675.1,444.8163999999999
1675.2,444.85640000000006
1675.3,444.8635999999999
1675.4,444.8031
1675.5,444.75
1675.6,444.88801980197906
1675.7,445.082
1675.8,445.034
1675.9,444.94399999999996
1676.0,444.874
1676.1,444.8699999999999
1676.2,444.908
1676.3,444.92
1676.4,444.8966
1676.5,444.88729999999987
1676.6,444.9533999999999
1676.7,445.0173000000002
1676.8,445.06
1676.9,445.06780000000003
1677.0,445.08779999999996
1677.1,445.10772277227716
1677.2,445.10479999999995
1677.3,445.0458
1677.4,444.9063999999999
1677.5,444.7586
1677.6,444.7476
1677.7,444.75239999999997
1677.8,444.7324752475248
1677.9,444.72
1678.0,444.7421999999999
1678.1,444.8058999999999
1678.2,444.8833000000003
1678.3,444.94
1678.4,444.94739999999996
1678.5,444.9711
1678.6,444.99732673267323
1678.7,444.98839999999996
1678.8,444.92119999999994
1678.9,444.84839999999997
1679.0,444.7884
1679.1,444.75
1679.2,444.7356
1679.3,444.6703999999999
1679.4,444.6320792079208
1679.5,444.6935
1679.6,444.7
1679.7,444.71400000000017
1679.8,444.73299999999995
1679.9,444.7235
1680.0,444.7544999999999
1680.1,444.81732673267317
1680.2,444.8261999999999
1680.3,444.7732
1680.4,444.7838000000001
1680.5,444.82320000000004
1680.6,444.81
1680.7,444.81
1680.8,444.81
1680.9,444.81
1681.0,444.8166
1681.1,444.83000000000004
1681.2,444.82339999999994
1681.3,444.80010000000004
1681.4,444.7473267326734
1681.5,444.68
1681.6,444.6768
1681.7,444.66999999999996
1681.8,444.66999999999996
1681.9,444.66999999999996
1682.0,444.67959999999994
1682.1,444.70633663366334
1682.2,444.72
1682.3,444.7262
1682.4,444.70590000000004
1682.5,444.63
1682.6,444.63
1682.7,444.63306930693074
1682.8,444.6309999999999
1682.9,444.61
1683.0,444.61
1683.1,444.60100000000006
1683.2,444.58
1683.3,444.60400000000016
1683.4,444.6840000000001
1683.5,444.74594059405933
1683.6,444.7860999999999
1683.7,444.8442
1683.8,444.8242
1683.9,444.81
1684.0,444.7984
1684.1,444.7729
1684.2,444.7742574257426
1684.3,444.7712000000001
1684.4,444.83639999999974
1684.5,444.93
1684.6,444.9411999999999
1684.7,444.9587999999999
1684.8,444.93
1684.9,444.9411999999999
1685.0,444.9838613861385
1685.1,445.0119
1685.2,445.0008
1685.3,445.04890000000006
1685.4,445.0946
1685.5,445.07189999999997
1685.6,445.03920000000005
1685.7,445.01534653465353
1685.8,445.03
1685.9,445.0196000000001
1686.0,444.99
1686.1,444.99
1686.2,445.01860000000033
1686.3,445.09479999999996
1686.4,445.08000000000004
1686.5,445.09801980198006
1686.6,445.15999999999985
1686.7,445.19
1686.8,445.185
1686.9,445.18500000000006
1687.0,445.225
1687.1,445.2374999999996
1687.2,445.3224752475248
1687.3,445.3348
1687.4,445.34520000000003
1687.5,445.31800000000004
1687.6,445.27520000000004
1687.7,445.25519999999995
1687.8,445.2448
1687.9,445.25520000000006
1688.0,445.24
1688.1,445.2698999999996
1688.2,445.37
1688.3,445.36539999999997
1688.4,445.33849999999995
1688.5,445.3160999999998
1688.6,445.37
1688.7,445.37460000000004
1688.8,445.39683168316833
1688.9,445.42
1689.0,445.41560000000004
1689.1,445.389
1689.2,445.3389999999998
1689.3,445.2912
1689.4,445.2644
1689.5,445.2952475247524
1689.6,445.33950000000016
1689.7,445.31470000000013
1689.8,445.37420000000003
1689.9,445.3837
1690.0,445.3704999999999
1690.1,445.42889999999977
1690.2,445.48739999999987
1690.3,445.43376237623755
1690.4,445.42
1690.5,445.456
1690.6,445.42600000000004
1690.7,445.37
1690.8,445.366
1690.9,445.336
1691.0,445.28
1691.1,445.289900990099
1691.2,445.33
1691.3,445.3395000000001
1691.4,445.3951999999998
1691.5,445.4486000000001
1691.6,445.40379999999993
1691.7,445.41623762376236
1691.8,445.4
1691.9,445.39099999999996
1692.0,445.35540000000003
1692.1,445.3602
1692.2,445.26099999999997
1692.3,445.2128712871287
1692.4,445.17150000000004
1692.5,445.13679999999994
1692.6,445.17
1692.7,445.16489999999993
1692.8,445.14510000000007
1692.9,445.16495049504954
1693.0,445.1368
1693.1,445.12159999999994
1693.2,445.1396000000001
1693.3,445.1868
1693.4,445.1684
1693.5,445.16792079207926
1693.6,445.1920000000001
1693.7,445.0960000000001
1693.8,445.1404999999999
1693.9,445.20599999999996
1694.0,445.24
1694.1,445.24749999999995
1694.2,445.29280000000006
1694.3,445.3015999999999
1694.4,445.25840000000005
1694.5,445.31
1694.6,445.3044000000001
1694.7,445.27
1694.8,445.2630693069306
1694.9,445.2148
1695.0,445.1709000000001
1695.1,445.1165
1695.2,445.15349999999984
1695.3,445.1074
1695.4,445.1002970297029
1695.5,445.1628000000002
1695.6,445.11
1695.7,445.11240000000004
1695.8,445.13840000000016
1695.9,445.2
1696.0,445.1967
1696.1,445.17769999999996
1696.2,445.23010000000005
1696.3,445.15
1696.4,445.15
1696.5,445.1401
1696.6,445.0621782178218
1696.7,445.0840000000001
1696.8,445.1250000000001
1696.9,445.1629999999999
1697.0,445.1089999999998
1697.1,445.19
1697.2,445.1829999999999
1697.3,445.12495049504963
1697.4,445.1727
1697.5,445.20450000000005
1697.6,445.2581
1697.7,445.34180000000003
1697.8,445.3618
1697.9,445.3818
1698.0,445.4045
1698.1,445.44287128712875
1698.2,445.3756000000002
1698.3,445.44
1698.4,445.43680000000006
1698.5,445.39840000000004
1698.6,445.3816
1698.7,445.3984
1698.8,445.3815841584159
1698.9,445.39509999999996
1699.0,445.3237
1699.1,445.23370000000034
1699.2,445.15
1699.3,445.14579999999995
1699.4,445.0907
1699.5,445.1028
1699.6,445.1427722772276
1699.7,445.17759999999987
1699.8,445.1357999999998
1699.9,445.06640000000004
1700.0,445.01239999999996
1700.1,445.04999999999995
1700.2,445.05240000000015
1700.3,445.09480000000025
1700.4,445.16821782178226
1700.5,445.139
1700.6,445.12
1700.7,445.11799999999994
1700.8,445.08
1700.9,445.08
1701.0,445.07899999999995
1701.1,445.0590000000001
1701.2,445.0385148514851
1701.3,445.01
1701.4,445.01
1701.5,445.0092
1701.6,444.99
1701.7,444.9912000000001
1701.8,445.02
1701.9,445.02
1702.0,445.02
1702.1,445.0191000000001
1702.2,444.9903
1702.3,445.0
1702.4,445.0
1702.5,445.0
1702.6,445.0
1702.7,445.000297029703
1702.8,445.01
1702.9,445.01
1703.0,445.01
1703.1,445.01
1703.2,445.00919999999985
1703.3,444.97
1703.4,444.97
1703.5,444.97
1703.6,444.97
1703.7,444.97
1703.8,444.97
1703.9,444.97
1704.0,444.97
1704.1,444.96880000000033
1704.2,444.85
1704.3,444.85
1704.4,444.85
1704.5,444.85
1704.6,444.85
1704.7,444.85
1704.8,444.73
1704.9,444.73
1705.0,444.73
1705.1,444.73
1705.2,444.6124
1705.3,444.61
1705.4,444.61
1705.5,444.61
1705.6,444.4434000000007
1705.7,444.2733999999999
1705.8,444.27
1705.9,447.025117821778
1706.0,459.39019999997987
1706.1,470.8473999999818
1706.2,481.4332000000312
1706.3,491.71190000003037
1706.4,542.615199999924
1706.5,557.8860999999774
1706.6,563.7362376237425
1706.7,576.545600000012
1706.8,587.9660000000104
1706.9,598.8744000000099
1707.0,652.5036000000504
1707.1,644.5344000000366
1707.2,632.7627999999893
1707.3,621.4132950494946
1707.4,611.1889207920898
1707.5,602.8520000000094
1707.6,585.5205000000202
1707.7,690.4315000003797
1707.8,687.5355000000081
1707.9,687.2134999999998
1708.0,677.5518217821634
1708.1,664.7113900990487
1708.2,654.294999999986
1708.3,644.4021999999866
1708.4,629.0331999999786
1708.5,611.8280000000503
1708.6,690.6617999997295
1708.7,681.3121999999789
1708.8,681.7395049504943
1708.9,682.3049999999996
1709.0,679.4012000000021
1709.1,676.3993000000021
1709.2,677.0828000000037
1709.3,669.9611000000028
1709.4,664.2213000000038
1709.5,663.2308405940232
1709.6,642.580677227776
1709.7,657.3976000000328
1709.8,678.5004000000388
1709.9,678.149199999996
1710.0,675.1548000000073
1710.1,672.0764000000083
1710.2,664.0518099009905
1710.3,659.0403089108921
1710.4,658.62
1710.5,664.2073999999986
1710.6,645.7137000000048
1710.7,640.9634999999994
1710.8,638.7508000000005
1710.9,638.7492980198016
1711.0,638.7699702970297
1711.1,639.8949999999971
1711.2,645.0870000000128
1711.3,656.2070000000267
1711.4,655.1840000000044
1711.5,651.7810000000079
1711.6,649.2970000000053
1711.7,647.099603960395
1711.8,644.6171999999993
1711.9,640.3171999999989
1712.0,635.930699999999
1712.1,631.8098999999991
1712.2,628.5653999999977
1712.3,624.722299999999
1712.4,620.5800217821848
1712.5,614.1576118812003
1712.6,607.1196000000128
1712.7,602.7851999999891
1712.8,605.9268000000112
1712.9,605.1352000000018
1713.0,598.7736000000127
1713.1,599.8835999999959
1713.2,596.7606930693033
1713.3,591.0834999999959
1713.4,585.4727999999963
1713.5,577.5463999999944
1713.6,570.5018000000224
1713.7,636.9480000000528
1713.8,655.7274000000069
1713.9,657.2108910891086
1714.0,661.9957999999925
1714.1,667.9815999999918
1714.2,673.3192000000166
1714.3,676.0365999999983
1714.4,677.4607999999982
1714.5,679.557799999997
1714.6,681.5383999999974
1714.7,683.2404950495073
1714.8,665.2319999999755
1714.9,657.1989999999936
1715.0,651.122499999993
1715.1,639.1075000000357
1715.2,623.753999999982
1715.3,607.1864999999809
1715.4,592.6369306930776
1715.5,579.1727841584279
1715.6,564.4400000000137
1715.7,608.7524000002023
1715.8,634.1139999999964
1715.9,644.5243999999922
1716.0,643.3312000000028
1716.1,640.7736000000023
1716.2,643.2408237623828
1716.3,645.953083168321
1716.4,648.1579000000033
1716.5,658.015199999975
1716.6,660.1425999999994
1716.7,656.2789999999925
1716.8,659.0822000000069
1716.9,662.8661000000059
1717.0,665.347227722772
1717.1,666.9799999999993
1717.2,666.5119999999997
1717.3,665.2348000000006
1717.4,663.333600000001
1717.5,662.7568000000001
1717.6,656.8142000000032
1717.7,658.431893069308
1717.8,662.7965910891161
1717.9,666.4707000000071
1718.0,671.3500999999915
1718.1,675.4341999999905
1718.2,677.6990000000039
1718.3,677.3066999999982
1718.4,677.3001000000004
1718.5,679.0321782178227
1718.6,681.962
1718.7,672.1259999999882
1718.8,670.934
1718.9,655.0179999999999
1719.0,647.662
1719.1,641.808
1719.2,629.7579999999878
1719.3,628.2481188118841
1719.4,623.8990000000065
1719.5,615.4710000000186
1719.6,604.6488000000231
1719.7,592.4918999999691
1719.8,651.6048000001954
1719.9,693.9772999999641
1720.0,703.8582999999923
1720.1,710.0548514851237
1720.2,692.730799999989
1720.3,696.101400000005
1720.4,696.2411999999987
1720.5,693.6321999999989
1720.6,694.1329999999957
1720.7,691.8325999999985
1720.8,685.3279227723049
1720.9,675.0721772277411
1721.0,668.4675000000084
1721.1,666.6594000000013
1721.2,667.5965000000043
1721.3,668.6307000000027
1721.4,662.9418000000042
1721.5,658.5389000000055
1721.6,668.826945544509
1721.7,661.1459762376105
1721.8,658.5952000000011
1721.9,659.9640000000013
1722.0,675.8724000000186
1722.1,678.0084000000094
1722.2,673.4135999999955
1722.3,677.8108000000068
1722.4,668.4634653465439
1722.5,671.0124999999906
1722.6,669.4950000000055
1722.7,664.572499999983
1722.8,640.605
1722.9,627.9300000000077
1723.0,620.6425000000085
1723.1,613.462500000008
1723.2,610.8360396039582
1723.3,608.4087999999961
1723.4,599.2683999999846
1723.5,605.547799999975
1723.6,604.3426000000192
1723.7,606.2432000000064
1723.8,609.1546000000031
1723.9,613.5515485148505
1724.0,618.6775198019767
1724.1,623.7099999999965
1724.2,627.2281000000016
1724.3,629.6578999999984
1724.4,632.5302999999979
1724.5,634.4211999999991
1724.6,635.795499999999
1724.7,636.2250495049507
1724.8,637.9564000000044
1724.9,641.5144000000073
1725.0,641.9704000000013
1725.1,638.0740000000138
1725.2,638.8704000000055
1725.3,638.541999999997
1725.4,636.1863999999953
1725.5,631.942673267325
1725.6,624.424000000002
1725.7,614.5317999999886
1725.8,603.8491000000025
1725.9,655.4609999999825
1726.0,683.9472999999981
1726.1,678.4149792079396
1726.2,674.3269108910869
1726.3,671.7759999999927
1726.4,666.4560000000057
1726.5,658.8850000000185
1726.6,649.9790000000211
1726.7,643.2829999999873
1726.8,639.0729999999918
1726.9,633.880099009896
1727.0,630.0106999999994
1727.1,619.857800000039
1727.2,611.5837999999986
1727.3,604.8240999999985
1727.4,597.8382999999984
1727.5,591.3912999999986
1727.6,584.9819000000189
1727.7,578.0853465346397
1727.8,570.5363999999788
1727.9,561.9572000000032
1728.0,608.9407999998666
1728.1,648.2439999999576
1728.2,668.4704000000513
1728.3,678.1316000000147
1728.4,682.6170613861441
1728.5,688.221167326737
1728.6,694.581199999985
1728.7,699.0451000000024
1728.8,703.3523000000032
1728.9,703.3321999999984
1729.0,708.3890000000059
1729.1,708.9418000000081
1729.2,708.8414851485185
1729.3,705.713599999999
1729.4,702.1866000000034
1729.5,698.5218000000058
1729.6,692.1200000000102
1729.7,684.3625999999749
1729.8,680.1619999999996
1729.9,680.2579960396021
1730.0,673.2212871287435
1730.1,667.7095000000081
1730.2,662.3039999999919
1730.3,657.2399999999955
1730.4,657.9525000000037
1730.5,659.9024999999978
1730.6,659.0205000000069
1730.7,658.4921930693072
1730.8,659.3945267326731
1730.9,660.511999999999
1731.0,649.5364000000162
1731.1,634.2796000000126
1731.2,629.3604000000004
1731.3,629.8992000000005
1731.4,629.4440000000011
1731.5,624.2268316831849
1731.6,616.2273000000245
1731.7,610.6840999999938
1731.8,603.8182999999863
1731.9,592.9413999999806
1732.0,579.9465000000171
1732.1,631.0147999997371
1732.2,681.0578287128886
1732.3,687.4736693069153
1732.4,683.1768000000015
1732.5,676.2704000000042
1732.6,665.9318000000051
1732.7,652.9369999999819
1732.8,637.1750000000076
1732.9,622.2788000000063
1733.0,608.4252475247763
1733.1,653.3615999997935
1733.2,698.1138000000421
1733.3,703.6206999999915
1733.4,701.0157000000012
1733.5,698.0193000000097
1733.6,695.9183000000024
1733.7,690.8955445544493
1733.8,685.456
1733.9,684.028
1734.0,682.892
1734.1,667.87
1734.2,669.2160000000327
1734.3,672.9639999999999
1734.4,669.376831683171
1734.5,666.9305188118866
1734.6,666.0582999999992
1734.7,655.5250999999547
1734.8,650.5072000000101
1734.9,654.3688999999994
1735.0,657.3590999999949
1735.1,650.2439000000282
1735.2,645.3377227722789
1735.3,648.9150000000024
1735.4,654.6522000000027
1735.5,661.5252000000033
1735.6,665.8853999999953
1735.7,667.1396000000002
1735.8,677.4108000000078
1735.9,684.5962
1736.0,682.9420792079228
1736.1,679.1793000000072
1736.2,674.543899999986
1736.3,669.2267999999979
1736.4,663.3642000000094
1736.5,658.279200000007
1736.6,654.3237000000057
1736.7,651.7415841584125
1736.8,649.5623999999978
1736.9,647.7407999999989
1737.0,645.0095999999966
1737.1,640.9064000000071
1737.2,636.8315999999965
1737.3,634.4479999999988
1737.4,631.0527999999954
1737.5,621.3370297029733
1737.6,613.6625000000034
1737.7,605.0849999999552
1737.8,592.8319999999894
1737.9,583.1035000000094
1738.0,574.3840000000104
1738.1,565.7700000000093
1738.2,594.3284059407287
1738.3,624.0862633663436
1738.4,625.1315999999966
1738.5,625.9493999999961
1738.6,629.1543999999909
1738.7,634.2662000000096
1738.8,642.9054000000136
1738.9,650.7230000000081
1739.0,656.5877227722788
1739.1,662.8291999999955
1739.2,667.8580000000052
1739.3,669.2850000000003
1739.4,667.417600000002
1739.5,663.669800000003
1739.6,658.3970000000043
1739.7,650.4976237623498
1739.8,639.2891999999767
1739.9,625.4747999999731
1740.0,610.9904000000078
1740.1,637.6739999998241
1740.2,669.187200000002
1740.3,672.5956000000101
1740.4,672.078463366332
1740.5,667.3101000000008
1740.6,662.5859000000014
1740.7,656.1709999999862
1740.8,651.3977000000007
1740.9,648.7544000000005
1741.0,646.2301000000006
1741.1,642.822100000001
1741.2,624.2535643563295
1741.3,606.349999999992
1741.4,605.365
1741.5,606.9599999999963
1741.6,609.0199999999944
1741.7,611.7450000000067
1741.8,615.880000000012
1741.9,619.9757425742383
1742.0,621.9088831682948
1742.1,621.7432000000026
1742.2,629.2138000000037
1742.3,645.8044000000037
1742.4,655.8768000000008
1742.5,658.8489000000005
1742.6,661.5764999999943
1742.7,661.9238613861354
1742.8,663.1836000000028
1742.9,665.7768000000001
1743.0,666.5459999999969
1743.1,658.5980000000335
1743.2,651.4684000000138
1743.3,654.7244000000007
1743.4,656.0571999999975
1743.5,656.8370297029703
1743.6,655.616900000004
1743.7,650.8047999999951
1743.8,644.0583999999957
1743.9,633.3697999999894
1744.0,621.5120999999949
1744.1,611.366500000019
1744.2,639.2770000000505
1744.3,682.6171287128689
1744.4,676.4846000000321
1744.5,663.6068000000005
1744.6,658.7064000000139
1744.7,649.0891999999714
1744.8,639.0465999999876
1744.9,627.880800000015
1745.0,615.8634653465649
1745.1,601.3155000000553
1745.2,585.1549999999817
1745.3,611.9715000000901
1745.4,662.0905000000165
1745.5,670.7304999999986
1745.6,671.7524999999985
1745.7,671.7479999999994
1745.8,667.8979207920775
1745.9,662.4208000000023
1746.0,660.9104000000003
1746.1,660.8959999999997
1746.2,661.8724000000027
1746.3,657.0044000000121
1746.4,658.4031999999818
1746.5,675.9760396039344
1746.6,681.6644000000175
1746.7,678.1738999999995
1746.8,678.1490000000005
1746.9,671.9903999999766
1747.0,665.2898999999986
1747.1,665.5434000000137
1747.2,660.5406999999913
1747.3,643.4569306930459
1747.4,622.5458000000023
1747.5,617.2124000000026
1747.6,614.3219999999995
1747.7,613.4773999999923
1747.8,609.4308000000021
1747.9,604.1794000000027
1748.0,606.8653465346345
1748.1,612.0096000000211
1748.2,606.1935999999959
1748.3,604.1125999999956
1748.4,602.5424999999999
1748.5,602.3213999999987
1748.6,603.5132999999947
1748.7,605.5982000000042
1748.8,607.9631683168352
1748.9,611.648
1749.0,616.0880000000001
1749.1,619.5119999999946
1749.2,622.3439999999999
1749.3,625.306
1749.4,628.472
1749.5,629.9017029702974
1749.6,630.0979999999976
1749.7,629.9563999999943
1749.8,625.333499999979
1749.9,620.6105000000007
1750.0,618.0466000000165
1750.1,610.2908000000149
1750.2,602.9923039603914
1750.3,595.4340039604022
1750.4,620.4560000000358
1750.5,676.029200000008
1750.6,683.6054000000116
1750.7,677.5247999999996
1750.8,676.7849999999999
1750.9,676.0333999999992
1751.0,673.8897504950504
1751.1,669.9188247524839
1751.2,663.6701999999777
1751.3,655.2384999999874
1751.4,646.1358000000122
1751.5,640.0113000000056
1751.6,635.5948000000095
1751.7,628.1658999999707
1751.8,619.0782178217653
1751.9,611.019199999992
1752.0,601.3356000000082
1752.1,590.3336000000381
1752.2,580.6571999999925
1752.3,572.2471999999921
1752.4,589.610000000058
1752.5,632.5627999999956
1752.6,641.9931683167889
1752.7,653.3175000000117
1752.8,658.1150000000133
1752.9,665.3519999999919
1753.0,671.9854999999934
1753.1,676.9699999999959
1753.2,681.0145000000166
1753.3,686.3111881188283
1753.4,691.8226653465406
1753.5,691.044600000002
1753.6,685.0455999999893
1753.7,688.4264000000047
1753.8,692.0904000000055
1753.9,695.5452000000031
1754.0,697.5600673267325
1754.1,698.1360732673296
1754.2,696.5180999999943
1754.3,693.1113000000037
1754.4,687.6124000000038
1754.5,689.9113999999873
1754.6,700.9938000000028
1754.7,695.5040999999806
1754.8,682.7790099009871
1754.9,658.9183999999898
1755.0,634.3884000000461
1755.1,615.2716000000652
1755.2,592.0575999999603
1755.3,571.239199999966
1755.4,552.7603999999934
1755.5,534.295516831736
1755.6,515.3843306931049
1755.7,497.4234999999472
1755.8,479.3107000000041
1755.9,462.2727000000034
1756.0,452.0679
1756.1,452.1238
1756.2,452.11
1756.3,452.09465346534654
1756.4,452.048
1756.5,452.0050000000001
1756.6,451.96400000000006
1756.7,451.94399999999996
1756.8,451.0809999999936
1756.9,448.8386138613847
1757.0,448.22
1757.1,448.22
1757.2,448.1939
1757.3,448.10389999999995
1757.4,448.0139
1757.5,447.9239
1757.6,447.8341584158416
1757.7,447.74479999999977
1757.8,447.6155999999997
1757.9,447.4052000000003
1758.0,447.26480000000015
1758.1,447.16640000000024
1758.2,447.08
1758.3,447.08
1758.4,447.08
1758.5,447.08
1758.6,447.08
1758.7,447.08
1758.8,447.0448999999999
1758.9,446.93109999999996
1759.0,446.88
1759.1,446.79980198019797
1759.2,446.58
1759.3,446.58
1759.4,446.58
1759.5,446.58
1759.6,446.58
1759.7,446.62680000000057
1759.8,446.7339999999998
1759.9,446.6239603960397
1760.0,446.525
1760.1,446.54249999999996
1760.2,446.63000000000034
1760.3,446.87750000000005
1760.4,446.9075
1760.5,446.9225
1760.6,446.89000000000016
1760.7,446.8550495049505
1760.8,446.82320000000004
1760.9,446.7316000000001
1761.0,446.5932000000001
1761.1,446.5232000000001
1761.2,446.4651999999999
1761.3,446.43320000000006
1761.4,446.3586138613863
1761.5,446.27160000000026
1761.6,446.20310000000006
1761.7,446.1915000000001
1761.8,446.1908999999997
1761.9,446.04619999999994
1762.0,445.9839000000002
1762.1,445.9413861386137
1762.2,445.98
1762.3,445.969
1762.4,445.9212
1762.5,445.90319999999997
1762.6,445.96099999999996
1762.7,446.00440000000003
1762.8,445.98920000000004
1762.9,445.89960396039595
1763.0,445.9825999999998
1763.1,446.0446999999998
1763.2,446.0894999999999
1763.3,446.04999999999995
1763.4,446.06050000000005
1763.5,446.10839999999985
1763.6,446.1316000000001
1763.7,446.0854455445543
1763.8,446.022
1763.9,445.95399999999995
1764.0,445.81
1764.1,445.81
1764.2,445.792
1764.3,445.72799999999995
1764.4,445.7560396039604
1764.5,445.74379999999996
1764.6,445.75620000000004
1764.7,445.73619999999994
1764.8,445.6743999999996
1764.9,445.46860000000015
1765.0,445.4218811881188
1765.1,445.41380000000004
1765.2,445.32559999999995
1765.3,445.2708
1765.4,445.3092
1765.5,445.26
1765.6,445.2851999999999
1765.7,445.4
1765.8,445.37959999999975
1765.9,445.33779999999945
1766.0,445.60470000000015
1766.1,445.53
1766.2,445.53
1766.3,445.5317
1766.4,445.5281000000001
1766.5,445.4565346534655
1766.6,445.3820000000002
1766.7,445.33039999999994
1766.8,445.2816
1766.9,445.2739999999999
1767.0,445.19320000000005
1767.1,445.2068000000001
1767.2,445.1868316831683
1767.3,445.1625000000001
1767.4,445.11400000000003
1767.5,445.07700000000006
1767.6,445.0435000000001
1767.7,444.9454999999999
1767.8,444.91702970297035
1767.9,444.8831999999999
1768.0,444.78
1768.1,444.78
1768.2,444.78
1768.3,444.77579999999995
1768.4,444.74719999999996
1768.5,444.7272
1768.6,444.71277227722766
1768.7,444.73
1768.8,444.73
1768.9,444.7326
1769.0,444.75
1769.1,444.75
1769.2,444.7539000000001
1769.3,444.7826
1769.4,444.7974257425743
1769.5,444.7764000000001
1769.6,444.75
1769.7,444.75
1769.8,444.7560000000001
1769.9,444.80480000000006
1770.0,444.8459999999999
1770.1,444.8864356435644
1770.2,444.86
1770.3,444.8556
1770.4,444.82
1770.5,444.8211
1770.6,444.83000000000004
1770.7,444.8267
1770.8,444.80330000000004
1770.9,444.8321782178218
1771.0,444.852
1771.1,444.86800000000005
1771.2,444.8449999999999
1771.3,444.79599999999994
1771.4,444.758
1771.5,444.73800000000006
1771.6,444.71900990099016
1771.7,444.71000000000004
1771.8,444.71000000000004
1771.9,444.69919999999996
1772.0,444.59180000000003
1772.1,444.6118
1772.2,444.6282
1772.3,444.61
1772.4,444.6082178217822
1772.5,444.58840000000004
1772.6,444.56840000000005
1772.7,444.55
1772.8,444.5403999999997
1772.9,444.4124000000004
1773.0,444.20680000000004
1773.1,444.1668000000001
1773.2,444.12683168316823
1773.3,444.0893
1773.4,444.08140000000003
1773.5,444.1028
1773.6,444.13930000000005
1773.7,444.13
1773.8,444.1286
1773.9,444.13287128712886
1774.0,444.4406
1774.1,444.4494
1774.2,444.43579999999974
1774.3,444.36759999999987
1774.4,444.32700000000006
1774.5,444.28
1774.6,444.2758000000001
1774.7,444.20881188118807
1774.8,444.18899999999996
1774.9,444.16299999999984
1775.0,444.031
1775.1,444.05099999999993
1775.2,444.06899999999996
1775.3,444.0505
1775.4,444.06
1775.5,444.06
1775.6,444.0616
1775.7,444.09919999999994
1775.8,444.08
1775.9,444.0788
1776.0,444.05159999999995
1776.1,444.09198019801977
1776.2,444.14210000000014
1776.3,444.2106
1776.4,444.2303
1776.5,444.24
1776.6,444.24149999999986
1776.7,444.29
1776.8,444.28849999999994
1776.9,444.2385148514851
1777.0,444.18860000000006
1777.1,444.11920000000003
1777.2,444.07919999999984
1777.3,444.03860000000003
1777.4,443.96860000000004
1777.5,443.9
1777.6,443.90019009900993
1777.7,443.90979999999996
1777.8,443.8894999999999
1777.9,443.84030000000007
1778.0,443.87
1778.1,443.86990000000003
1778.2,443.86
1778.3,443.85979999999995
1778.4,443.84000000000003
1778.5,443.84000000000003
1778.6,443.84000000000003
1778.7,443.79
1778.8,443.79
1778.9,443.78
1779.0,443.78
1779.1,443.75
1779.2,443.75
1779.3,443.75
1779.4,443.75
1779.5,443.7698
1779.6,443.77
1779.7,443.7799
1779.8,443.7502999999999
1779.9,443.75
1780.0,443.77969999999993
1780.1,443.799603960396
1780.2,443.8098
1780.3,443.81
1780.4,443.8786
1780.5,443.86039999999997
1780.6,443.8404000000001
1780.7,443.7027999999999
1780.8,443.7388118811882
1780.9,443.74969999999996
1781.0,443.6821000000001
1781.1,443.68
1781.2,443.66059999999993
1781.3,443.70850000000013
1781.4,443.6421000000001
1781.5,443.6206
1781.6,443.639207920792
1781.7,443.5439999999999
1781.8,443.5112
1781.9,443.462
1782.0,443.4119999999999
1782.1,443.3620000000002
1782.2,443.3696
1782.3,443.3316
1782.4,443.3109900990099
1782.5,443.32899999999995
1782.6,443.29200000000003
1782.7,443.39450000000033
1782.8,443.362
1782.9,443.3979999999999
1783.0,443.3715
1783.1,443.5675247524746
1783.2,443.59880000000004
1783.3,443.6094
1783.4,443.6288
1783.5,443.5924000000001
1783.6,443.62759999999986
1783.7,443.81800000000027
1783.8,443.84880000000004
1783.9,443.81277227722774
1784.0,443.72630000000004
1784.1,443.77579999999995
1784.2,443.78
1784.3,443.78
1784.4,443.72420000000005
1784.5,443.7386
1784.6,443.7772
1784.7,443.7615841584158
1784.8,443.7324
1784.9,443.7208
1785.0,443.78439999999983
1785.1,443.76240000000007
1785.2,443.7231999999999
1785.3,443.7568000000001
1785.4,443.76
1785.5,443.82376237623765
1785.6,443.7936
1785.7,443.7536
1785.8,443.7682
1785.9,443.8337
1786.0,443.8218
1786.1,443.7749504950496
1786.2,443.8330000000002
1786.3,443.84000000000003
1786.4,443.84000000000003
1786.5,443.77700000000016
1786.6,443.77
1786.7,443.77
1786.8,443.7069999999999
1786.9,443.6732673267327
1787.0,443.6344
1787.1,443.69230000000005
1787.2,443.6733
1787.3,443.6344
1787.4,443.66560000000004
1787.5,443.6967
1787.6,443.77049504950486
1787.7,443.72719999999987
1787.8,443.6583999999998
1787.9,443.6676
1788.0,443.6260000000001
1788.1,443.62
1788.2,443.62
1788.3,443.68099009901
1788.4,443.69
1788.5,443.7074
1788.6,443.72739999999993
1788.7,443.68649999999997
1788.8,443.7583000000001
1788.9,443.8831000000001
1789.0,443.9
1789.1,443.93445544554453
1789.2,443.94
1789.3,443.88840000000005
1789.4,443.8628
1789.5,443.86
1789.6,443.7826000000001
1789.7,443.75305544554453
1789.8,443.71599999999995
1789.9,443.66749999999996
1790.0,443.6004999999999
1790.1,443.66649999999976
1790.2,443.7225000000001
1790.3,443.73
1790.4,443.79732673267324
1790.5,443.8855999999999
1790.6,443.86640000000006
1790.7,443.86
1790.8,443.9188
1790.9,443.84600000000006
1791.0,443.771782178218
1791.1,443.76
1791.2,443.7267999999999
1791.3,443.64529999999985
1791.4,443.61339999999996
1791.5,443.61
1791.6,443.5934000000001
1791.7,443.64752475247525
1791.8,443.6928
1791.9,443.67539999999997
1792.0,443.6864
1792.1,443.7064
1792.2,443.71
1792.3,443.71
1792.4,443.7830693069308
1792.5,443.8162
1792.6,443.82
1792.7,443.82
1792.8,443.7875999999999
1792.9,443.80430000000007
1793.0,443.8504999999999
1793.1,443.86
1793.2,443.86
1793.3,443.924
1793.4,443.924
1793.5,443.88800000000003
1793.6,443.91200000000003
1793.7,443.904
1793.8,443.8683168316831
1793.9,443.9310999999999
1794.0,443.95
1794.1,443.93420000000003
1794.2,443.93
1794.3,443.9616000000001
1794.4,443.9542
1794.5,444.0047524752475
1794.6,444.0122871287129
1794.7,443.94759999999997
1794.8,443.93
1794.9,443.83639999999997
1795.0,443.8412
1795.1,443.8578
1795.2,443.91405940594075
1795.3,443.92229999999995
1795.4,443.8969
1795.5,443.8515000000001
1795.6,443.83230000000003
1795.7,443.8916000000002
1795.8,443.89459999999997
1795.9,443.87475247524753
1796.0,443.9916000000002
1796.1,443.99200000000013
1796.2,443.9724
1796.3,443.9548
1796.4,443.91959999999995
1796.5,443.90999999999997
1796.6,443.90999999999997
1796.7,443.90999999999997
1796.8,443.90999999999997
1796.9,443.93999999999994
1797.0,443.8750000000001
1797.1,443.85
1797.2,443.68499999999926
1797.3,443.63
1797.4,443.60779999999994
1797.5,443.6
1797.6,443.6
1797.7,443.6
1797.8,443.6
1797.9,443.63700000000006
1798.0,443.65
1798.1,443.65
1798.2,443.7668000000001
1798.3,443.81
1798.4,443.81
1798.5,443.81
1798.6,443.81
1798.7,443.81
1798.8,443.81
1798.9,443.81
1799.0,443.8316
1799.1,443.84000000000003
1799.2,443.9264000000002
1799.3,443.96000000000004
1799.4,443.96000000000004
1799.5,443.96000000000004
1799.6,443.96000000000004
1799.7,443.96000000000004
1799.8,443.96000000000004
1799.9,443.9671
1800.0,443.97
1800.1,443.97
1800.2,443.9349999999999
1800.3,443.92
1800.4,443.92
1800.5,443.92
1800.6,443.92
1800.7,443.92
1800.8,443.92
1800.9,443.92
1801.0,443.8993
1801.1,443.89
1801.2,443.89
1801.3,443.89
1801.4,443.89
1801.5,443.89
1801.6,443.89
1801.7,443.89
1801.8,443.89
1801.9,443.89
1802.0,443.97839999999974
1802.1,444.02
1802.2,444.02
1802.3,444.02
1802.4,444.02
1802.5,444.02
1802.6,444.02
1802.7,444.02
1802.8,444.02
1802.9,444.05350000000004
1803.0,444.14960396039595
1803.1,444.19
1803.2,444.2230000000002
1803.3,444.24
1803.4,444.2466
1803.5,444.25
1803.6,444.25
1803.7,444.25
1803.8,444.25
1803.9,444.29550000000006
1804.0,444.32
1804.1,444.32
1804.2,444.3525000000001
1804.3,444.37
1804.4,444.37
1804.5,444.37
1804.6,444.37
1804.7,444.37
1804.8,444.37
1804.9,444.4467999999999
1805.0,444.49
1805.1,444.49
1805.2,444.49
1805.3,446.6194000000054
1805.4,453.21870000001354
1805.5,465.82259999998087
1805.6,479.21089999996326
1805.7,490.19950990100654
1805.8,499.3213465346563
1805.9,508.2577999999958
1806.0,556.3279999999672
1806.1,588.8393999999962
1806.2,594.9154000000059
1806.3,596.9565999999998
1806.4,623.9225999999803
1806.5,635.494356435657
1806.6,625.2176000000296
1806.7,612.7553999999736
1806.8,600.7066999999764
1806.9,584.394300000014
1807.0,573.0031000000157
1807.1,626.0233999997726
1807.2,656.4408910891023
1807.3,660.864
1807.4,664.388
1807.5,658.686
1807.6,650.174
1807.7,640.8199999999827
1807.8,630.7
1807.9,618.454
1808.0,602.4620990099224
1808.1,657.952359405723
1808.2,700.1321999999939
1808.3,696.0955999999871
1808.4,693.5434000000001
1808.5,695.4465999999923
1808.6,695.1569000000063
1808.7,700.6455000000286
1808.8,705.3028475247305
1808.9,704.9835326732493
1809.0,701.3505999999973
1809.1,681.0888000000668
1809.2,668.5970000000002
1809.3,672.8546000000031
1809.4,677.016000000001
1809.5,681.1880000000026
1809.6,671.2628356435795
1809.7,661.0910396039542
1809.8,657.5952999999984
1809.9,655.9005999999991
1810.0,658.640899999993
1810.1,651.605200000025
1810.2,648.4311000000184
1810.3,651.8339000000005
1810.4,652.5509999999995
1810.5,654.9487128712865
1810.6,655.3560871287168
1810.7,667.6728000000217
1810.8,682.1672000000065
1810.9,687.4112000000034
1811.0,688.8403999999996
1811.1,686.5040000000063
1811.2,682.9059999999969
1811.3,679.1363999999962
1811.4,675.457199999997
1811.5,671.0369306930705
1811.6,666.1720000000053
1811.7,662.4094999999894
1811.8,658.7109999999963
1811.9,653.3925000000071
1812.0,647.7255000000059
1812.1,644.895000000001
1812.2,643.9839999999969
1812.3,643.591782178218
1812.4,630.3961999999667
1812.5,615.2196000000079
1812.6,608.1162000000222
1812.7,599.2939999999858
1812.8,587.4467999999822
1812.9,574.4099999999822
1813.0,562.7947524752446
1813.1,553.226000000006
1813.2,577.869000000079
1813.3,605.8385999999969
1813.4,615.1384999999909
1813.5,622.7478999999984
1813.6,625.1195999999984
1813.7,628.2827722772386
1813.8,634.1224000000138
1813.9,642.3612000000161
1814.0,650.1675999999962
1814.1,657.0007999999815
1814.2,662.0904000000064
1814.3,664.9899009901008
1814.4,664.6408000000007
1814.5,661.1394000000009
1814.6,656.3297000000013
1814.7,649.7490999999848
1814.8,640.3945000000025
1814.9,628.191900000003
1815.0,613.6614851485347
1815.1,643.1099999998304
1815.2,668.6049999999464
1815.3,664.1200000000333
1815.4,668.0649999999999
1815.5,662.4550000000102
1815.6,657.987326732688
1815.7,653.8479999999992
1815.8,650.5085999999993
1815.9,648.0209999999995
1816.0,643.9462999999987
1816.1,638.9678000000075
1816.2,627.0292999999954
1816.3,614.8246534653493
1816.4,613.4291999999981
1816.5,612.8516000000043
1816.6,610.4640000000045
1816.7,608.671599999997
1816.8,607.6491999999995
1816.9,608.2683999999958
1817.0,609.9167999999984
1817.1,612.2909900989989
1817.2,615.6966000000019
1817.3,625.2446000000117
1817.4,635.8352000000023
1817.5,638.6850000000018
1817.6,640.2684999999992
1817.7,641.9888000000021
1817.8,646.0477227722758
1817.9,650.6861999999945
1818.0,654.8861999999939
1818.1,657.7737999999987
1818.2,653.8771999999692
1818.3,649.3400000000017
1818.4,651.5805999999957
1818.5,653.3920792079202
1818.6,651.4350000000161
1818.7,646.9059999999951
1818.8,646.9240000000061
1818.9,644.2249999999858
1819.0,628.6605000000176
1819.1,614.0260000000304
1819.2,647.040297029722
1819.3,683.9120000000214
1819.4,658.6492000000251
1819.5,640.9352000000047
1819.6,635.5496000000052
1819.7,630.6639999999936
1819.8,620.3444000000168
1819.9,606.077659405939
1820.0,596.1937178217863
1820.1,584.7790000000346
1820.2,572.2834999999784
1820.3,605.9647000001532
1820.4,682.3027000000794
1820.5,707.8547000000025
1820.6,702.2503960396117
1820.7,695.9438277227521
1820.8,694.5315999999957
1820.9,700.1013999999999
1821.0,702.2159999999978
1821.1,705.8945999999991
1821.2,696.9917821781396
1821.3,680.2530999999875
1821.4,676.3893999999999
1821.5,675.9426000000003
1821.6,677.1063999999924
1821.7,681.1427000000112
1821.8,674.2634999999495
1821.9,660.2199564356439
1822.0,661.2880594059405
1822.1,657.8980000000178
1822.2,652.6659999999999
1822.3,653.4200000000001
1822.4,644.7239999999999
1822.5,630.102
1822.6,624.208000000013
1822.7,618.3299999999961
1822.8,613.0390999999818
1822.9,614.1570000000104
1823.0,621.2147000000087
1823.1,616.6912000000101
1823.2,614.0722000000025
1823.3,613.0481019801908
1823.4,609.29573861386
1823.5,606.3083999999988
1823.6,604.0736000000015
1823.7,603.0177999999997
1823.8,602.8142000000003
1823.9,603.959000000001
1824.0,606.4992000000016
1824.1,609.7288118811872
1824.2,612.8821000000098
1824.3,616.3009000000045
1824.4,617.7508000000034
1824.5,613.600200000012
1824.6,609.2236999999984
1824.7,610.3225000000037
1824.8,610.4066336633622
1824.9,607.5231999999958
1825.0,602.1228000000049
1825.1,595.0504000000277
1825.2,587.5555999999933
1825.3,580.0891999999928
1825.4,571.13559999999
1825.5,595.4826732673424
1825.6,658.6889999999789
1825.7,673.5190000000271
1825.8,682.5895000000203
1825.9,690.7634999999971
1826.0,692.4320000000001
1826.1,692.8244999999986
1826.2,693.7297029702977
1826.3,691.9080653465268
1826.4,688.1684000000004
1826.5,693.3413999999973
1826.6,700.9386000000197
1826.7,692.603599999983
1826.8,679.3955999999799
1826.9,663.6715009900747
1827.0,646.3219485148404
1827.1,623.9378000000235
1827.2,595.9403999999643
1827.3,603.6101999999632
1827.4,640.248299999999
1827.5,644.5632999999932
1827.6,650.5671000000015
1827.7,648.3329702970219
1827.8,647.1116000000025
1827.9,648.0692
1828.0,648.9131999999931
1828.1,651.560799999992
1828.2,655.1248000000089
1828.3,658.7188000000015
1828.4,648.5747524752082
1828.5,626.0527999999996
1828.6,627.3903
1828.7,627.2970999999983
1828.8,626.4002000000004
1828.9,624.9287000000003
1829.0,624.5232999999996
1829.1,626.7438613861352
1829.2,631.1380000000122
1829.3,635.4990000000046
1829.4,643.1420000000188
1829.5,664.1729999999507
1829.6,681.223999999986
1829.7,687.5840000000154
1829.8,694.2437326732818
1829.9,699.9545544554525
1830.0,704.3413000000012
1830.1,708.119399999999
1830.2,708.6023999999999
1830.3,701.857799999995
1830.4,684.6628999999989
1830.5,680.4278475247515
1830.6,681.8633940593741
1830.7,688.8075999999875
1830.8,683.4715999999894
1830.9,675.0184000000208
1831.0,663.6464000000202
1831.1,651.792800000025
1831.2,639.121041584126
1831.3,628.6475524752091
1831.4,643.7829000000602
1831.5,713.3203000000129
1831.6,722.3418000000096
1831.7,704.5872999999876
1831.8,688.5024801980185
1831.9,677.4593405940749
1832.0,663.0922000000307
1832.1,645.1408000000067
1832.2,638.4475999999627
1832.3,625.3867999999663
1832.4,608.0598000000256
1832.5,614.7489999998382
1832.6,676.904702970262
1832.7,685.1525000000025
1832.8,686.607499999999
1832.9,686.5075000000022
1833.0,687.375
1833.1,686.2999999999879
1833.2,688.5024999999979
1833.3,690.1866336633741
1833.4,695.600400000015
1833.5,678.8804000000157
1833.6,670.4487999999822
1833.7,689.1016000000396
1833.8,700.1964000000029
1833.9,698.0259999999992
1834.0,698.9428712871273
1834.1,695.0072000000602
1834.2,679.3599000000002
1834.3,679.315099999999
1834.4,678.3423999999989
1834.5,670.3804000000813
1834.6,648.301881188128
1834.7,645.0259999999962
1834.8,642.9966000000022
1834.9,638.5348000000013
1835.0,635.474400000002
1835.1,630.6336000000028
1835.2,629.7502752475892
1835.3,642.6183792079125
1835.4,639.0534000000027
1835.5,641.3455999999966
1835.6,643.1885999999909
1835.7,646.9452000000084
1835.8,650.6746000000046
1835.9,653.2105940594117
1836.0,657.178
1836.1,662.699999999995
1836.2,668.144
1836.3,673.636
1836.4,679.7180000000001
1836.5,686.722
1836.6,691.6694059405936
1836.7,693.3411396039686
1836.8,694.1659999999844
1836.9,685.7801000000065
1837.0,679.6897000000376
1837.1,664.2457000000061
1837.2,659.4744999999689
1837.3,646.9142999999724
1837.4,632.0700376237519
1837.5,610.8231999999942
1837.6,611.0195999999785
1837.7,659.8788000000008
1837.8,658.073799999992
1837.9,643.0703999999986
1838.0,639.3949999999975
1838.1,633.5786138613856
1838.2,627.9168999999898
1838.3,624.7673999999961
1838.4,622.6117000000063
1838.5,619.835499999995
1838.6,621.7156000000068
1838.7,618.6621000000092
1838.8,623.5676237624117
1838.9,632.4243999999856
1839.0,618.7479999999996
1839.1,616.7756000000076
1839.2,614.5335999999973
1839.3,611.3175999999962
1839.4,606.611199999993
1839.5,598.5473267326673
1839.6,602.8379999999025
1839.7,678.6790000000542
1839.8,696.3024999999943
1839.9,700.7379999999982
1840.0,702.0914999999995
1840.1,702.3815000000004
1840.2,701.54204950494
1840.3,697.983029702964
1840.4,692.9613999999898
1840.5,685.0919999999926
1840.6,672.9418000000768
1840.7,649.5285999999741
1840.8,632.8985999999973
1840.9,630.5106554455381
1841.0,626.0193801980164
1841.1,622.6482000000033
1841.2,617.4475999999754
1841.3,610.2640000000035
1841.4,605.3409000000021
1841.5,602.4672000000011
1841.6,600.7959405940617
1841.7,600.2984000000247
1841.8,614.0340000000272
1841.9,627.0483999999985
1842.0,626.2343999999948
1842.1,626.9404000000213
1842.2,620.9836000000141
1842.3,628.5764237623875
1842.4,634.5978990099081
1842.5,639.4904999999983
1842.6,644.8966000000087
1842.7,635.1631999999981
1842.8,644.5767999999955
1842.9,661.5077000000016
1843.0,655.2006158415819
1843.1,653.480356435623
1843.2,649.0250000000071
1843.3,650.6099999999716
1843.4,638.3069999999808
1843.5,627.8480000000224
1843.6,617.6280000000314
1843.7,613.7810891090888
1843.8,691.0590999999978
1843.9,680.1058999999954
1844.0,660.9514999999988
1844.1,655.1107000000014
1844.2,646.9986999999974
1844.3,635.4241999999974
1844.4,623.7343029702965
1844.5,611.2807445544793
1844.6,597.9352000000292
1844.7,588.7792000001916
1844.8,655.7224000000687
1844.9,682.2164000000049
1845.0,679.7016000000013
1845.1,679.3008831683102
1845.2,682.725339603963
1845.3,686.3942
1845.4,686.550100000001
1845.5,687.8533999999999
1845.6,687.0786000000232
1845.7,679.5206999999809
1845.8,653.5817000000009
1845.9,656.3496891089228
1846.0,677.2895069306901
1846.1,679.5857999999939
1846.2,683.7746000000013
1846.3,683.1171999999494
1846.4,666.3924000000088
1846.5,660.100400000005
1846.6,656.5934000000016
1846.7,655.6004950495076
1846.8,655.3109999999753
1846.9,634.4579999999963
1847.0,631.1174999999953
1847.1,626.1349999999996
1847.2,626.1269999999977
1847.3,624.2360000000015
1847.4,626.2409900990255
1847.5,640.8899999999949
1847.6,646.3336000000018
1847.7,644.3979999999912
1847.8,641.9667999999996
1847.9,642.2548000000027
1848.0,639.3948000000021
1848.1,637.006237623765
1848.2,634.3479198019726
1848.3,629.6016999999911
1848.4,623.9490999999898
1848.5,617.0139000000114
1848.6,613.1799000000079
1848.7,610.4993999999951
1848.8,607.467821782173
1848.9,604.0302000000022
1849.0,599.2329999999979
1849.1,603.747600000001
1849.2,601.6653999999991
1849.3,601.394400000001
1849.4,599.0766336633684
1849.5,594.8970019802113
1849.6,589.5866000000184
1849.7,582.2353999999827
1849.8,573.7961999999869
1849.9,568.2379000001517
1850.0,643.3736999999741
1850.1,653.6394000000001
1850.2,653.6328712871394
1850.3,658.92
1850.4,665.48
1850.5,671.22
1850.6,674.74
1850.7,675.84
1850.8,677.74
1850.9,680.43
1851.0,681.4990099009879
1851.1,676.70850000001
1851.2,668.9181999999805
1851.3,659.6032999999767
1851.4,645.640100000028
1851.5,628.9670000000342
1851.6,610.0296000000387
1851.7,593.617526732665
1851.8,580.3147920792019
1851.9,634.1950000000251
1852.0,635.8586000000003
1852.1,645.5523999999605
1852.2,644.5641999999995
1852.3,642.0703999999988
1852.4,642.1752475247522
1852.5,642.810499999999
1852.6,645.3228999999959
1852.7,647.9802000000079
1852.8,653.0846000000153
1852.9,653.6182999999994
1853.0,637.1012000000271
1853.1,639.1542574257332
1853.2,639.8648000000005
1853.3,639.0835999999993
1853.4,641.2484000000021
1853.5,643.9224000000024
1853.6,648.8395999999827
1853.7,652.0063049504979
1853.8,656.8064405940545
1853.9,659.9379999999966
1854.0,681.9779999999739
1854.1,690.5874999999911
1854.2,695.4925000000162
1854.3,698.1144999999977
1854.4,668.5620000000356
1854.5,648.9970297030283
1854.6,627.9508000000675
1854.7,605.7179999999696
1854.8,584.9783999999718
1854.9,563.00359999997
1855.0,540.5488000000654
1855.1,517.6740000000729
1855.2,493.9487544554126
1855.3,472.45436831684316
1855.4,452.6762000000134
1855.5,451.67199999999974
1855.6,451.5977000000001
1855.7,451.53419999999977
1855.8,451.48350000000005
1855.9,451.42420000000004
1856.0,451.3739603960397
1856.1,451.3332000000001
1856.2,451.3023999999999
1856.3,449.9567999999973
1856.4,447.0063999999944
1856.5,446.6772000000002
1856.6,446.5872000000002
1856.7,446.47980198019803
1856.8,446.3881
1856.9,446.27990000000005
1857.0,446.16990000000004
1857.1,446.0599
1857.2,445.94989999999996
1857.3,445.81386138613834
1857.4,445.6110000000004
1857.5,445.59
1857.6,445.59
1857.7,445.59
1857.8,445.59
1857.9,445.59
1858.0,445.59
1858.1,445.59
1858.2,445.59
1858.3,445.42979999999994
1858.4,445.2587
1858.5,445.24
1858.6,445.24
1858.7,445.24
1858.8,445.24
1858.9,445.3543999999998
1859.0,445.3612
1859.1,445.3512871287129
1859.2,445.34999999999997
1859.3,445.27169999999995
1859.4,445.1991
1859.5,445.2422
1859.6,445.2413
1859.7,445.23130000000003
1859.8,445.2387
1859.9,445.31752475247515
1860.0,445.31280000000004
1860.1,445.29280000000006
1860.2,445.29
1860.3,445.18680000000006
1860.4,444.9292000000004
1860.5,444.8126000000001
1860.6,444.7063366336637
1860.7,444.6474999999999
1860.8,444.66550000000007
1860.9,444.6104999999999
1861.0,444.5234999999999
1861.1,444.4505000000002
1861.2,444.49950000000007
1861.3,444.5436633663366
1861.4,444.5752
1861.5,444.58
1861.6,444.64719999999994
1861.7,444.7356000000003
1861.8,444.8256
1861.9,444.80640000000005
1862.0,444.81663366336625
1862.1,444.8366
1862.2,444.8566
1862.3,444.8434
1862.4,444.6905999999997
1862.5,444.61020000000013
1862.6,444.55850000000015
1862.7,444.53356435643565
1862.8,444.4972
1862.9,444.449
1863.0,444.4564
1863.1,444.501
1863.2,444.55920000000003
1863.3,444.52940594059396
1863.4,444.3255999999995
1863.5,444.2719
1863.6,444.27
1863.7,444.2781
1863.8,444.28
1863.9,444.26379999999995
1864.0,444.26
1864.1,444.3722772277227
1864.2,444.34399999999994
1864.3,444.266
1864.4,444.354
1864.5,444.324
1864.6,444.27
1864.7,444.21199999999993
1864.8,444.15247524752465
1864.9,444.09260000000006
1865.0,444.0563000000001
1865.1,444.05
1865.2,444.0421
1865.3,444.0004999999999
1865.4,443.9189000000001
1865.5,443.88435643564355
1865.6,443.8410000000001
1865.7,443.8066
1865.8,443.7844
1865.9,443.76439999999997
1866.0,443.7288
1866.1,443.71999999999997
1866.2,443.71999999999997
1866.3,443.71229999999997
1866.4,443.62530000000004
1866.5,443.5846
1866.6,443.55690000000004
1866.7,443.5808000000001
1866.8,443.60540000000003
1866.9,443.61762376237624
1867.0,443.5970811881188
1867.1,443.59
1867.2,443.5976
1867.3,443.6
1867.4,443.4327999999998
1867.5,443.3648
1867.6,443.3448000000001
1867.7,443.32495049504945
1867.8,443.32
1867.9,443.34999999999997
1868.0,443.3675
1868.1,443.40749999999997
1868.2,443.3899999999999
1868.3,443.35772277227716
1868.4,443.20939999999973
1868.5,443.14520000000005
1868.6,443.14
1868.7,443.14
1868.8,443.1326
1868.9,443.15220000000005
1869.0,443.16
1869.1,443.1746
1869.2,443.1508
1869.3,443.1254
1869.4,443.09080000000006
1869.5,443.05080000000004
1869.6,443.0254
1869.7,443.02
1869.8,443.02
1869.9,443.02
1870.0,443.02
1870.1,443.03439999999995
1870.2,443.04
1870.3,443.04
1870.4,443.02574257425744
1870.5,442.9987
1870.6,442.99
1870.7,443.0042
1870.8,443.0029
1870.9,443.0
1871.0,442.9361
1871.1,442.8959405940594
1871.2,442.89700000000005
1871.3,443.10300000000063
1871.4,443.2739999999999
1871.5,443.31
1871.6,443.31
1871.7,443.29599999999994
1871.8,443.21299999999974
1871.9,443.1176237623762
1872.0,443.0624
1872.1,443.0293000000001
1872.2,442.97860000000003
1872.3,442.8427
1872.4,442.73479999999995
1872.5,442.7236633663366
1872.6,442.75719999999995
1872.7,442.80400000000014
1872.8,442.83360000000005
1872.9,442.92159999999996
1873.0,442.95320000000004
1873.1,442.95
1873.2,442.95
1873.3,442.79589999999985
1873.4,442.67979999999994
1873.5,442.6332
1873.6,442.63339999999994
1873.7,442.64
1873.8,442.64
1873.9,442.58659900990097
1874.0,442.5666
1874.1,442.5832
1874.2,442.60980000000006
1874.3,442.5738
1874.4,442.53020000000004
1874.5,442.5068
1874.6,442.48039603960405
1874.7,442.47
1874.8,442.457
1874.9,442.437
1875.0,442.43649999999997
1875.1,442.4529999999999
1875.2,442.47950000000003
1875.3,442.5157425742574
1875.4,442.56199999999995
1875.5,442.58
1875.6,442.5736
1875.7,442.57640000000004
1875.8,442.58
1875.9,442.56080000000003
1876.0,442.5373267326733
1876.1,442.53
1876.2,442.55520000000007
1876.3,442.6141000000001
1876.4,442.6589
1876.5,442.65110000000004
1876.6,442.6777999999998
1876.7,442.7311881188119
1876.8,442.74379999999996
1876.9,442.6532
1877.0,442.5938
1877.1,442.59
1877.2,442.5589999999999
1877.3,442.509
1877.4,442.4593069306931
1877.5,442.3851000000002
1877.6,442.33170000000007
1877.7,442.3016999999999
1877.8,442.28999999999996
1877.9,442.29609999999997
1878.0,442.29999999999995
1878.1,442.2939603960396
1878.2,442.28999999999996
1878.3,442.28999999999996
1878.4,442.296
1878.5,442.294
1878.6,442.28999999999996
1878.7,442.28999999999996
1878.8,442.27799999999996
1878.9,442.3412871287127
1879.0,442.3841
1879.1,442.35050000000007
1879.2,442.33590000000004
1879.3,442.3222999999999
1879.4,442.3041
1879.5,442.2823000000001
1879.6,442.2758415841584
1879.7,442.3206
1879.8,442.3442
1879.9,442.40380000000005
1880.0,442.4384
1880.1,442.42420000000004
1880.2,442.42
1880.3,442.3970297029703
1880.4,442.43129999999985
1880.5,442.4814
1880.6,442.47860000000003
1880.7,442.4871000000001
1880.8,442.50570000000005
1880.9,442.44730000000015
1881.0,442.4
1881.1,442.37200000000007
1881.2,442.3892000000001
1881.3,442.43120000000005
1881.4,442.44
1881.5,442.4176
1881.6,442.2488000000004
1881.7,442.15217821782187
1881.8,442.13699999999994
1881.9,442.02750000000015
1882.0,441.93800000000005
1882.1,441.94199999999995
1882.2,441.96
1882.3,441.9273267326731
1882.4,441.9108
1882.5,441.92
1882.6,441.99559999999957
1882.7,442.0275999999999
1882.8,442.0
1882.9,442.0756000000002
1883.0,442.16138613861386
1883.1,442.18
1883.2,442.1587999999999
1883.3,442.17709999999994
1883.4,442.21000000000004
1883.5,442.21000000000004
1883.6,442.1888
1883.7,442.180495049505
1883.8,442.2160000000001
1883.9,442.21399999999994
1884.0,442.19
1884.1,442.1692000000001
1884.2,442.1708000000001
1884.3,442.20560000000006
1884.4,442.19940594059403
1884.5,442.2004
1884.6,442.1843
1884.7,442.16020000000003
1884.8,442.1394
1884.9,442.0488
1885.0,442.00009900990096
1885.1,442.0199999999999
1885.2,442.04
1885.3,441.9899999999997
1885.4,441.93
1885.5,441.9649999999998
1885.6,441.9750000000001
1885.7,441.96485148514853
1885.8,441.9996
1885.9,442.0298
1886.0,442.0498
1886.1,442.06
1886.2,442.0404
1886.3,441.9808
1886.4,441.9642574257425
1886.5,441.98040000000003
1886.6,441.97
1886.7,441.97
1886.8,441.97
1886.9,441.9987999999999
1887.0,442.03959999999995
1887.1,442.059504950495
1887.2,442.0794
1887.3,442.13700000000006
1887.4,442.22760000000005
1887.5,442.24179999999996
1887.6,442.2428999999999
1887.7,442.31290000000007
1887.8,442.33603960396044
1887.9,442.2924000000001
1888.0,442.26
1888.1,442.2508
1888.2,442.1985999999997
1888.3,442.12699999999995
1888.4,442.1
1888.5,442.0817821782179
1888.6,442.0240000000003
1888.7,441.971
1888.8,441.96000000000004
1888.9,441.96000000000004
1889.0,441.96000000000004
1889.1,441.9911881188117
1889.2,442.01679999999993
1889.3,442.0527999999999
1889.4,442.15079999999995
1889.5,442.19
1889.6,442.1768
1889.7,442.16
1889.8,442.16
1889.9,442.18613861386143
1890.0,442.2458
1890.1,442.28000000000003
1890.2,442.2541999999999
1890.3,442.2673000000002
1890.4,442.3127999999999
1890.5,442.28148514851483
1890.6,442.2784
1890.7,442.26059999999984
1890.8,442.2116
1890.9,442.2
1891.0,442.1874
1891.1,442.1532
1891.2,442.1591089108913
1891.3,442.2
1891.4,442.1918
1891.5,442.19639999999987
1891.6,442.2036000000001
1891.7,442.1512999999999
1891.8,442.1384158415842
1891.9,442.18
1892.0,442.15999999999997
1892.1,442.1659999999998
1892.2,442.248
1892.3,442.278
1892.4,442.288
1892.5,442.3022772277228
1892.6,442.27559999999994
1892.7,442.3
1892.8,442.3312000000002
1892.9,442.36049999999994
1893.0,442.39239999999967
1893.1,442.54849999999965
1893.2,442.62069306930687
1893.3,442.5824
1893.4,442.62320000000005
1893.5,442.67199999999997
1893.6,442.5948000000001
1893.7,442.57
1893.8,442.5624
1893.9,442.53871287128715
1894.0,442.45710000000025
1894.1,442.3537
1894.2,442.36370000000005
1894.3,442.3626
1894.4,442.3352000000001
1894.5,442.31
1894.6,442.31
1894.7,442.31
1894.8,442.2992
1894.9,442.28
1895.0,442.28
1895.1,442.24400000000037
1895.2,442.162
1895.3,442.13
1895.4,442.06000000000023
1895.5,441.93
1895.6,441.93
1895.7,441.93
1895.8,441.93
1895.9,441.93
1896.0,441.93
1896.1,441.9401999999999
1896.2,441.96000000000004
1896.3,441.96000000000004
1896.4,441.99400000000014
1896.5,442.06
1896.6,442.06
1896.7,442.06
1896.8,442.06
1896.9,442.06
1897.0,442.06989999999996
1897.1,442.09000000000003
1897.2,442.09000000000003
1897.3,442.09000000000003
1897.4,442.12920792079194
1897.5,442.21
1897.6,442.21
1897.7,442.21
1897.8,442.21
1897.9,442.21
1898.0,442.20040000000006
1898.1,442.18
1898.2,442.18
1898.3,442.18
1898.4,442.18
1898.5,442.18
1898.6,442.18
1898.7,442.18
1898.8,442.18
1898.9,442.18
1899.0,442.17100000000005
1899.1,442.15
1899.2,442.15
1899.3,442.15
1899.4,442.15
1899.5,442.15
1899.6,442.15
1899.7,442.15
1899.8,442.15
1899.9,442.15
1900.0,442.15
1900.1,442.15
1900.2,442.15
1900.3,442.15
1900.4,442.15
1900.5,442.15
1900.6,442.15
1900.7,442.15
1900.8,442.15
1900.9,442.15
1901.0,442.15810000000005
1901.1,442.18
1901.2,442.18
1901.3,442.18
1901.4,442.18
1901.5,442.18
1901.6,442.18
1901.7,442.18
1901.8,442.22420000000034
1901.9,442.35
1902.0,442.3578
1902.1,442.38
1902.2,442.38
1902.3,442.38
1902.4,442.38
1902.5,442.38
1902.6,442.38
1902.7,442.38
1902.8,442.41250000000014
1902.9,442.51
1903.0,442.51
1903.1,442.51
1903.2,442.5196000000001
1903.3,442.54999999999995
1903.4,442.54999999999995
1903.5,442.54999999999995
1903.6,442.54999999999995
1903.7,442.54999999999995
1903.8,442.54769999999996
1903.9,442.53999999999996
1904.0,442.5331000000001
1904.1,442.51
1904.2,442.51
1904.3,442.51
1904.4,442.51
1904.5,442.51
1904.6,442.51
1904.7,442.51
1904.8,442.5122
1904.9,442.52
1905.0,442.53979999999996
1905.1,442.61
1905.2,442.6268000000001
1905.3,442.69
1905.4,442.69
1905.5,442.69
1905.6,442.69
1905.7,442.69
1905.8,442.6794999999999
1905.9,442.64
1906.0,442.646
1906.1,442.67
1906.2,442.694
1906.3,442.78999999999996
1906.4,442.78999999999996
1906.5,442.78999999999996
1906.6,442.78999999999996
1906.7,442.78999999999996
1906.8,442.78999999999996
1906.9,442.78999999999996
1907.0,442.76720000000023
1907.1,442.67
1907.2,442.67
1907.3,442.67
1907.4,442.67
1907.5,442.67
1907.6,442.67
1907.7,442.67
1907.8,442.67900000000003
1907.9,442.72
1908.0,442.71465346534654
1908.1,442.69
1908.2,442.69
1908.3,442.69
1908.4,442.7103999999998
1908.5,442.81
1908.6,442.81
1908.7,442.81
1908.8,442.81640000000004
1908.9,442.85
1909.0,442.86920000000003
1909.1,442.97
1909.2,442.97
1909.3,442.97
1909.4,442.98900990099014
1909.5,443.09000000000003
1909.6,443.09000000000003
1909.7,443.09000000000003
1909.8,443.10949999999985
1909.9,443.22
1910.0,443.23799999999983
1910.1,443.34000000000003
1910.2,443.3470000000001
1910.3,443.39
1910.4,443.39140000000003
1910.5,443.4
1910.6,443.4
1910.7,443.4
1910.8,443.41680000000014
1910.9,443.52
1911.0,443.52
1911.1,443.52
1911.2,443.52
1911.3,443.52
1911.4,443.5187
1911.5,443.51
1911.6,443.51
1911.7,443.51
1911.8,443.5039999999999
1911.9,443.46
1912.0,443.46
1912.1,443.46
1912.2,443.47319999999996
1912.3,443.58
1912.4,443.5811
1912.5,443.59
1912.6,443.59
1912.7,443.59
1912.8,443.59
1912.9,443.59
1913.0,443.59
1913.1,443.59
1913.2,443.60700000000037
1913.3,443.76
1913.4,443.7720000000002
1913.5,443.88
1913.6,443.88
1913.7,443.88
1913.8,443.8845
1913.9,443.93
1914.0,443.93
1914.1,443.93
1914.2,443.9255
1914.3,443.88
1914.4,443.8895999999998
1914.5,444.0
1914.6,444.0
1914.7,444.0
1914.8,444.0096000000003
1914.9,444.12
1915.0,444.12
1915.1,444.12
1915.2,444.1165
1915.3,444.07
1915.4,444.07
1915.5,444.07
1915.6,444.07
1915.7,444.07
1915.8,444.07720000000035
1915.9,444.19
1916.0,444.19
1916.1,444.19
1916.2,444.19300000000015
1916.3,444.24
1916.4,444.24
1916.5,444.24
1916.6,444.24
1916.7,444.24
1916.8,444.23749999999995
1916.9,444.19
1917.0,444.19
1917.1,444.19
1917.2,444.19
1917.3,444.19
1917.4,444.19
1917.5,444.19
1917.6,444.19
1917.7,444.19
1917.8,444.19
1917.9,444.19
1918.0,444.19
1918.1,444.19
1918.2,444.1884999999999
1918.3,444.14
1918.4,444.14
1918.5,444.14
1918.6,444.14
1918.7,444.14
1918.8,444.14099999999996
1918.9,444.19
1919.0,444.19
1919.1,444.19
1919.2,444.1909900990101
1919.3,444.24
1919.4,444.24
1919.5,444.24
1919.6,444.24
1919.7,444.24
1919.8,444.24
1919.9,444.24
1920.0,444.24
1920.1,444.24
1920.2,444.24
1920.3,444.24
1920.4,444.24
1920.5,444.24
1920.6,444.24
1920.7,444.24
1920.8,444.24
1920.9,444.19049504950505
1921.0,444.19
1921.1,444.21969999999993
1921.2,444.22
1921.3,444.22
1921.4,444.22
1921.5,444.22
1921.6,444.22
1921.7,444.22
1921.8,444.22
1921.9,444.22
1922.0,444.22
1922.1,444.3473999999995
1922.2,444.35
1922.3,444.4664356435647
1922.4,447.76840990098503
1922.5,459.3838999999811
1922.6,473.5236999999774
1922.7,484.27080000003144
1922.8,491.43820000002086
1922.9,497.9064999999906
1923.0,556.9013999999034
1923.1,567.498019801948
1923.2,581.0888000000125
1923.3,592.20960000001
1923.4,598.6596000000056
1923.5,642.0524000000408
1923.6,637.5332000000228
1923.7,628.1499999999915
1923.8,616.9989900989997
1923.9,607.6913861386234
1924.0,598.2525000000107
1924.1,700.522499999877
1924.2,669.6684999998698
1924.3,668.3584999999994
1924.4,664.6755000000044
1924.5,651.3795000000157
1924.6,649.2697029703016
1924.7,638.2195999999841
1924.8,625.8263999999831
1924.9,611.7225999999806
1925.0,599.232800000036
1925.1,584.8788000000461
1925.2,679.6174000001388
1925.3,694.4871287128663
1925.4,694.4704000000005
1925.5,693.6574000000005
1925.6,693.1257000000004
1925.7,694.3455000000052
1925.8,688.7763000000023
1925.9,683.7651000000035
1926.0,682.2854000000009
1926.1,658.2962376238283
1926.2,656.4516000000003
1926.3,673.5452000000337
1926.4,670.9267999999919
1926.5,667.7640000000072
1926.6,664.4104000000092
1926.7,646.1999999999645
1926.8,633.4815841584164
1926.9,636.5941999999989
1927.0,641.4234999999989
1927.1,644.9630999999993
1927.2,631.7200999999973
1927.3,632.0179999999996
1927.4,636.1293999999991
1927.5,640.340468316823
1927.6,648.643980198
1927.7,653.3540000000097
1927.8,671.4020000000445
1927.9,685.5459999999754
1928.0,685.1090000000045
1928.1,681.6250000000083
1928.2,678.3192277227708
1928.3,673.8570782178208
1928.4,668.8910999999988
1928.5,663.3648999999987
1928.6,657.1251999999986
1928.7,652.0689999999964
1928.8,649.0023999999994
1928.9,648.7968000000001
1929.0,648.043366336635
1929.1,645.8544000000044
1929.2,643.1323999999925
1929.3,639.3591999999894
1929.4,637.1828000000025
1929.5,627.780400000019
1929.6,624.4092000000044
1929.7,617.8815841584092
1929.8,606.711399999992
1929.9,594.3571999999915
1930.0,581.9345999999915
1930.1,571.2111000000343
1930.2,561.6632999999936
1930.3,610.4041000000391
1930.4,623.4345544554386
1930.5,622.6185861386166
1930.6,625.1779999999954
1930.7,628.7274000000115
1930.8,632.3001999999974
1930.9,639.9379999999887
1931.0,648.1777999999888
1931.1,653.6901999999931
1931.2,659.6962376237713
1931.3,664.0370000000046
1931.4,666.0000000000018
1931.5,663.1884999999959
1931.6,658.0175000000148
1931.7,651.997999999993
1931.8,643.9059999999904
1931.9,633.1921237623955
1932.0,619.5246653465499
1932.1,604.5088000000138
1932.2,660.1240000002514
1932.3,674.2963999999993
1932.4,679.3083999999952
1932.5,673.1444000000075
1932.6,669.088400000003
1932.7,664.3450495049408
1932.8,658.9166999999912
1932.9,653.7635999999919
1933.0,650.0780000000075
1933.1,647.2673000000079
1933.2,644.1041999999949
1933.3,616.7575999999486
1933.4,608.2653999999943
1933.5,606.3598019801982
1933.6,604.7762000000007
1933.7,605.3100000000004
1933.8,608.7781999999982
1933.9,610.7627999999993
1934.0,614.9841999999978
1934.1,618.5149999999985
1934.2,619.4664831682825
1934.3,618.9743356435552
1934.4,632.0025000000333
1934.5,638.4352999999933
1934.6,641.4312999999931
1934.7,644.1937000000057
1934.8,644.0395999999982
1934.9,642.1303999999956
1935.0,642.6743564356441
1935.1,644.094
1935.2,647.918000000004
1935.3,644.312
1935.4,647.142
1935.5,651.442
1935.6,651.3311485148266
1935.7,649.2567217821654
1935.8,645.1833999999886
1935.9,641.7573000000034
1936.0,635.8465000000136
1936.1,625.2544000000238
1936.2,611.3154999999637
1936.3,580.3901297028823
1936.4,648.3429366337493
1936.5,663.5111999999966
1936.6,657.049600000019
1936.7,651.9381999999978
1936.8,643.6493999999958
1936.9,633.8489999999955
1937.0,620.0847999999933
1937.1,606.015841584174
1937.2,593.1202999999628
1937.3,580.7412999999636
1937.4,638.8400999999568
1937.5,671.6237999999698
1937.6,672.7691000000066
1937.7,675.3751000000137
1937.8,671.473499999981
1937.9,666.7346534653407
1938.0,662.4823999999961
1938.1,663.1319999999944
1938.2,663.8424000000002
1938.3,667.0008000000037
1938.4,658.0543999999882
1938.5,653.1643999999978
1938.6,664.2911999999609
1938.7,666.7007920792032
1938.8,667.6225000000001
1938.9,669.8849999999973
1939.0,658.9550000000174
1939.1,655.5449999999994
1939.2,652.2099999999841
1939.3,649.4675
1939.4,647.9078217821773
1939.5,632.4688000000408
1939.6,628.2873999999953
1939.7,627.8881999999985
1939.8,623.7619999999929
1939.9,617.0449999999901
1940.0,611.830000000009
1940.1,620.0357999999596
1940.2,620.0402970297037
1940.3,616.6062000000021
1940.4,613.4951000000021
1940.5,608.6788000000038
1940.6,606.2683000000009
1940.7,604.8176999999991
1940.8,605.7166999999988
1940.9,608.5724999999978
1941.0,611.59663366336
1941.1,615.9695999999866
1941.2,620.8060000000087
1941.3,623.9284000000046
1941.4,626.996000000006
1941.5,630.4759999999949
1941.6,632.1179999999976
1941.7,635.0503247524766
1941.8,635.6898000000001
1941.9,629.169700000002
1942.0,628.6957999999993
1942.1,625.3781000000013
1942.2,617.9757999999913
1942.3,610.1120000000018
1942.4,601.9869465346671
1942.5,592.1600297029942
1942.6,650.5539999998001
1942.7,680.7450000000124
1942.8,682.5620000000006
1942.9,681.7790000000011
1943.0,679.9890000000047
1943.1,677.6579306930748
1943.2,670.4262168316752
1943.3,665.4178999999993
1943.4,658.8571999999981
1943.5,650.1644999999979
1943.6,644.5127000000122
1943.7,635.9956999999977
1943.8,630.4246999999992
1943.9,622.5278217821899
1944.0,612.6927366336812
1944.1,601.9100000000205
1944.2,589.9595999999665
1944.3,580.0595999999761
1944.4,571.7148000000029
1944.5,610.8347999998884
1944.6,634.8287999999883
1944.7,646.857821782198
1944.8,654.3264000000026
1944.9,656.6786000000011
1945.0,660.9252000000038
1945.1,671.1282999999705
1945.2,678.204700000003
1945.3,682.6549000000031
1945.4,687.741631683172
1945.5,691.0856455445529
1945.6,682.2968000000197
1945.7,679.7294000000114
1945.8,683.9200000000008
1945.9,686.4927999999979
1946.0,690.0989999999937
1946.1,693.7193999999957
1946.2,694.8889960396352
1946.3,695.2442673267499
1946.4,696.011000000001
1946.5,693.844000000007
1946.6,703.8619999999404
1946.7,708.6344999999976
1946.8,705.7129999999961
1946.9,701.4619999999946
1947.0,700.3890653465345
1947.1,701.0427999999995
1947.2,699.8475999999921
1947.3,696.9451999999976
1947.4,694.2460000000021
1947.5,677.3744000000228
1947.6,669.3263999999987
1947.7,664.3444554455243
1947.8,657.5463999999909
1947.9,647.6242999999803
1948.0,642.4856000000011
1948.1,635.8537000000297
1948.2,624.2875999999801
1948.3,612.4627999999818
1948.4,601.104699999982
1948.5,589.3475247524715
1948.6,633.952199999964
1948.7,669.7382000000116
1948.8,673.2434
1948.9,671.2736000000014
1949.0,665.5364000000034
1949.1,657.4690000000039
1949.2,647.8662277227432
1949.3,637.0621297029475
1949.4,625.0545000000092
1949.5,612.3154000000321
1949.6,596.3993000000447
1949.7,635.4850000001545
1949.8,673.7079000000294
1949.9,676.0826514851442
1950.0,674.9559207920792
1950.1,678.356
1950.2,682.0100000000056
1950.3,684.586
1950.4,684.5120000000001
1950.5,670.3660000000001
1950.6,658.556
1950.7,653.5552475247351
1950.8,662.9781000000489
1950.9,675.1045999999988
1951.0,679.0591999999962
1951.1,681.2164999999952
1951.2,685.248000000013
1951.3,675.338099999949
1951.4,665.2700990098972
1951.5,663.2189999999994
1951.6,647.8780000000554
1951.7,638.1786000000008
1951.8,639.5122000000005
1951.9,638.844799999999
1952.0,635.2343999999978
1952.1,633.0377227722774
1952.2,631.946699999995
1952.3,628.5808999999983
1952.4,639.9507999999627
1952.5,651.5860999999957
1952.6,655.273699999993
1952.7,661.0118000000199
1952.8,667.4429277227835
1952.9,673.6699128712928
1953.0,679.7968000000055
1953.1,684.6059999999936
1953.2,686.7928000000007
1953.3,686.4463999999988
1953.4,684.4867999999977
1953.5,681.4847999999969
1953.6,678.1114851485156
1953.7,674.0689999999843
1953.8,668.7504999999946
1953.9,672.7219999999863
1954.0,667.2830000000224
1954.1,657.5310000000018
1954.2,650.4509999999605
1954.3,638.623499999989
1954.4,626.5283168316805
1954.5,613.4340000000152
1954.6,599.6582000000435
1954.7,623.8854000000771
1954.8,651.041000000003
1954.9,648.2877999999905
1955.0,633.5980000000231
1955.1,622.0764910891193
1955.2,620.8512455445544
1955.3,621.801999999999
1955.4,623.6100999999985
1955.5,626.2305999999979
1955.6,629.2664999999979
1955.7,631.060400000001
1955.8,624.6861000000085
1955.9,620.0094059405956
1956.0,624.7275999999962
1956.1,627.1356000000047
1956.2,625.0463999999956
1956.3,621.04599999999
1956.4,613.4379999999825
1956.5,603.6040000000055
1956.6,593.2659405940747
1956.7,582.0111999999763
1956.8,630.3060999999759
1956.9,692.4642999999954
1957.0,701.4293000000004
1957.1,698.206900000001
1957.2,693.1877999999896
1957.3,685.7087019802002
1957.4,676.0518811881309
1957.5,667.8050000000155
1957.6,662.4550000000088
1957.7,647.9399999999428
1957.8,640.1250000000217
1957.9,642.755
1958.0,637.8000000000128
1958.1,631.0578712871674
1958.2,625.2873594059545
1958.3,621.5973999999992
1958.4,619.2685999999999
1958.5,618.9819
1958.6,621.0313999999922
1958.7,623.6860000000004
1958.8,627.1244000000013
1958.9,631.8666336633634
1959.0,635.224399999995
1959.1,636.3628000000011
1959.2,638.8092000000158
1959.3,644.6184000000031
1959.4,651.3315999999861
1959.5,658.9583999999862
1959.6,664.2346376237574
1959.7,667.8721504950578
1959.8,664.5935999999917
1959.9,648.9814999999867
1960.0,639.8279000000018
1960.1,641.2087999999999
1960.2,640.2476999999986
1960.3,634.5574999999933
1960.4,624.0292079207952
1960.5,611.5266000000188
1960.6,597.4744000000196
1960.7,584.9037999999666
1960.8,572.7041999999844
1960.9,607.6205999998737
1961.0,665.045199999978
1961.1,667.733017821786
1961.2,658.6681534653248
1961.3,651.5804999999882
1961.4,641.90949999999
1961.5,632.3040000000095
1961.6,622.6115000000298
1961.7,612.7339999999872
1961.8,641.0945000000874
1961.9,685.4829356435654
1962.0,686.3018891089147
1962.1,683.7960000000003
1962.2,681.0699999999906
1962.3,678.4395999999988
1962.4,681.4559999999954
1962.5,684.7799999999991
1962.6,686.9212554455381
1962.7,687.9637435643526
1962.8,686.1741999999983
1962.9,673.5815999999556
1963.0,664.8967999999938
1963.1,673.3664000000074
1963.2,675.7656000000142
1963.3,681.3144000000017
1963.4,674.0111881187986
1963.5,664.5479999999986
1963.6,666.9523999999992
1963.7,666.9503999999947
1963.8,665.0534000000006
1963.9,654.1004000000112
1964.0,641.6357999999982
1964.1,643.1515009901015
1964.2,640.7752831683106
1964.3,636.2803999999866
1964.4,629.986899999999
1964.5,631.9570999999667
1964.6,635.3574000000272
1964.7,627.1910999999913
1964.8,622.855999999991
1964.9,618.5549683168266
1965.0,614.832
1965.1,610.6740000000106
1965.2,606.492
1965.3,604.99
1965.4,605.038
1965.5,607.5600000000001
1965.6,611.0608910891062
1965.7,614.56143960397
1965.8,618.3842000000095
1965.9,622.0511000000026
1966.0,624.6284999999976
1966.1,627.3384999999895
1966.2,631.1976000000046
1966.3,631.5633999999952
1966.4,629.271782178213
1966.5,625.5491999999977
1966.6,619.8344000000084
1966.7,612.6329999999963
1966.8,604.0877999999958
1966.9,594.5405999999955
1967.0,621.2896000000396
1967.1,679.2455861385869
1967.2,686.5658574257403
1967.3,689.5968000000059
1967.4,691.4803000000045
1967.5,690.1761999999981
1967.6,690.3262000000027
1967.7,687.5242999999864
1967.8,683.8910999999974
1967.9,682.3240336633669
1968.0,680.5360633663391
1968.1,669.9756000000848
1968.2,651.3295999999906
1968.3,641.3859999999918
1968.4,632.1495999999916
1968.5,622.172800000008
1968.6,610.4148000000475
1968.7,597.4412871286899
1968.8,584.5384999999762
1968.9,571.0355000000162
1969.0,580.2119999999401
1969.1,622.5369999999739
1969.2,642.5540000000492
1969.3,652.7345000000041
1969.4,654.4934999999991
1969.5,655.9833663366286
1969.6,658.8301999999903
1969.7,662.2138000000056
1969.8,667.1984000000092
1969.9,674.930800000013
1970.0,681.5927999999998
1970.1,683.3559999999892
1970.2,685.9638000000015
1970.3,685.8115841584141
1970.4,687.043799999994
1970.5,694.0029999999979
1970.6,697.4659999999972
1970.7,701.6462000000098
1970.8,705.4759999999978
1970.9,708.0060999999992
1971.0,708.8684158415839
1971.1,711.1003999999823
1971.2,714.4311999999939
1971.3,712.3584000000012
1971.4,697.7239999999829
1971.5,660.3892000000455
1971.6,642.5120000000557
1971.7,621.6355168316434
1971.8,599.7834861385885
1971.9,577.8222000000051
1972.0,555.2314000000052
1972.1,532.3388000000051
1972.2,510.4480999999404
1972.3,490.6308000000042
1972.4,471.64740000000467
1972.5,457.6497029702967
1972.6,457.91700000000003
1972.7,457.8919999999998
1972.8,457.83499999999987
1972.9,457.78799999999995
1973.0,457.7450000000001
1973.1,457.6980000000001
1973.2,457.664
1973.3,457.6410891089108
1973.4,456.0887999999988
1973.5,452.30809999999997
1973.6,452.2039000000001
1973.7,452.1168
1973.8,452.03389999999996
1973.9,451.93809999999996
1974.0,451.82809999999995
1974.1,451.7155445544555
1974.2,451.5991999999997
1974.3,451.48919999999987
1974.4,451.37080000000026
1974.5,451.27
1974.6,451.27
1974.7,451.27
1974.8,451.27
1974.9,451.27
1975.0,451.27
1975.1,451.27
1975.2,451.27
1975.3,451.21059999999983
1975.4,450.99329999999986
1975.5,450.84
1975.6,450.86940594059405
1975.7,450.9526
1975.8,450.96520000000004
1975.9,450.98779999999994
1976.0,451.01259999999996
1976.1,451.0174
1976.2,451.01
1976.3,451.00739999999996
1976.4,450.98970297029706
1976.5,450.9525
1976.6,450.91250000000025
1976.7,450.85249999999996
1976.8,450.8425000000001
1976.9,450.885
1977.0,450.9
1977.1,450.9
1977.2,450.9173267326733
1977.3,450.9891999999999
1977.4,450.99480000000017
1977.5,450.8104000000001
1977.6,450.78479999999996
1977.7,450.8216000000002
1977.8,450.9115999999999
1977.9,450.9728
1978.0,450.9357425742575
1978.1,450.87850000000014
1978.2,450.83079999999995
1978.3,450.7838999999999
1978.4,450.6494999999998
1978.5,450.35930000000025
1978.6,450.2808000000001
1978.7,450.2591089108911
1978.8,450.27680000000004
1978.9,450.2146
1979.0,450.1556
1979.1,450.1554
1979.2,450.2232000000002
1979.3,450.2854
1979.4,450.2718000000001
1979.5,450.03000000000003
1979.6,450.03419999999994
1979.7,450.05420000000004
1979.8,450.06159999999994
1979.9,450.0216
1980.0,449.97950000000014
1980.1,449.9316000000001
1980.2,449.9
1980.3,449.876
1980.4,449.746
1980.5,449.604
1980.6,449.58
1980.7,449.57599999999996
1980.8,449.61199999999997
1980.9,449.81600000000003
1981.0,449.79603960396037
1981.1,449.7781
1981.2,449.76239999999984
1981.3,449.71479999999985
1981.4,449.68419999999963
1981.5,449.81480000000016
1981.6,449.7424000000001
1981.7,449.698712871287
1981.8,449.64279999999997
1981.9,449.5866
1982.0,449.4818
1982.1,449.4936
1982.2,449.5154
1982.3,449.54720000000003
1982.4,449.58
1982.5,449.5834
1982.6,449.60509999999994
1982.7,449.63340000000005
1982.8,449.62279999999964
1982.9,449.48660000000007
1983.0,449.46490000000006
1983.1,449.44
1983.2,449.4484158415843
1983.3,449.49640000000005
1983.4,449.5123999999999
1983.5,449.4136
1983.6,449.36880000000025
1983.7,449.2987999999999
1983.8,449.2384
1983.9,449.23
1984.0,449.23
1984.1,449.23
1984.2,449.23300000000006
1984.3,449.25449999999995
1984.4,449.26350000000014
1984.5,449.16700000000003
1984.6,449.14250000000004
1984.7,449.09702970297025
1984.8,449.07719999999995
1984.9,449.05719999999997
1985.0,449.03999999999996
1985.1,449.03999999999996
1985.2,449.03999999999996
1985.3,449.03579999999994
1985.4,448.9903999999998
1985.5,448.87
1985.6,448.8726
1985.7,448.89
1985.8,448.8874
1985.9,448.8674
1986.0,448.8526
1986.1,448.87
1986.2,448.87
1986.3,448.87
1986.4,448.87
1986.5,448.87
1986.6,448.86760000000004
1986.7,448.85
1986.8,448.85769999999997
1986.9,448.92879999999997
1987.0,449.00989999999996
1987.1,449.0878
1987.2,449.07
1987.3,449.07
1987.4,449.07
1987.5,449.0678217821782
1987.6,449.04500000000013
1987.7,448.99399999999986
1987.8,448.93799999999993
1987.9,448.91999999999996
1988.0,448.91999999999996
1988.1,448.91999999999996
1988.2,448.9348514851488
1988.3,449.0673
1988.4,449.03909999999996
1988.5,449.0561000000001
1988.6,449.31460000000004
1988.7,449.251
1988.8,449.15819999999997
1988.9,449.1337
1989.0,449.0646534653465
1989.1,449.0020000000002
1989.2,448.9019999999997
1989.3,448.81160000000006
1989.4,448.8339999999999
1989.5,448.88319999999993
1989.6,448.92559999999986
1989.7,448.9915841584159
1989.8,449.0114
1989.9,449.03
1990.0,449.03
1990.1,449.01950000000056
1990.2,448.87719999999996
1990.3,448.83649999999994
1990.4,448.7773999999999
1990.5,448.61069306930693
1990.6,448.62
1990.7,448.6181999999999
1990.8,448.5863999999998
1990.9,448.53
1991.0,448.53119999999996
1991.1,448.55119999999994
1991.2,448.5687999999999
1991.3,448.54881188118804
1991.4,448.5229999999998
1991.5,448.391
1991.6,448.40800000000013
1991.7,448.36699999999996
1991.8,448.3054999999999
1991.9,448.2219801980198
1992.0,448.26359999999994
1992.1,448.3508
1992.2,448.3712000000001
1992.3,448.398
1992.4,448.3508
1992.5,448.37239999999997
1992.6,448.43118811881186
1992.7,448.4603
1992.8,448.46939999999995
1992.9,448.4521000000001
1993.0,448.5194000000001
1993.1,448.4973000000003
1993.2,448.40999999999997
1993.3,448.40999999999997
1993.4,448.41118811881194
1993.5,448.44960000000003
1993.6,448.43
1993.7,448.42959999999994
1993.8,448.4102
1993.9,448.42
1994.0,448.42
1994.1,448.4196
1994.2,448.4
1994.3,448.4
1994.4,448.4
1994.5,448.4
1994.6,448.4001999999999
1994.7,448.42
1994.8,448.4202
1994.9,448.44
1995.0,448.44
1995.1,448.44
1995.2,448.44
1995.3,448.49
1995.4,448.46
1995.5,448.43
1995.6,448.38
1995.7,448.4097029702971
1995.8,448.40999999999997
1995.9,448.3605000000001
1996.0,448.36
1996.1,448.36
1996.2,448.4095000000001
1996.3,448.3604999999999
1996.4,448.36
1996.5,448.45801980198024
1996.6,448.5089999999998
1996.7,448.51
1996.8,448.4806
1996.9,448.529
1997.0,448.53
1997.1,448.54940594059406
1997.2,448.51119999999986
1997.3,448.51970000000006
1997.4,448.54909999999995
1997.5,448.51120000000003
1997.6,448.46150000000006
1997.7,448.4405999999999
1997.8,448.49820000000017
1997.9,448.4519801980198
1998.0,448.4404
1998.1,448.4112000000001
1998.2,448.41
1998.3,448.41
1998.4,448.37159999999994
1998.5,448.3892
1998.6,448.68465346534623
1998.7,448.70950000000005
1998.8,448.6625
1998.9,448.6505
1999.0,448.70699999999994
1999.1,448.6815
1999.2,448.69900000000007
1999.3,448.65250000000003
1999.4,448.7158415841585
1999.5,448.61660000000035
1999.6,448.5442000000002
1999.7,448.54
1999.8,448.52119999999996
1999.9,448.5764000000001
2000.0,448.53300000000013
2000.1,448.4830000000002
2000.2,448.5079207920793
2000.3,448.5286
2000.4,448.55789999999996
2000.5,448.4577000000001
2000.6,448.49649999999997
2000.7,448.5558000000002
2000.8,448.56
2000.9,448.64287128712886
2001.0,448.6224000000001
2001.1,448.67519999999985
2001.2,448.66159999999996
2001.3,448.6784
2001.4,448.6339999999999
2001.5,448.77719999999965
2001.6,448.8175999999999
2001.7,448.72891089108913
2001.8,448.6927
2001.9,448.78099999999995
2002.0,448.8355
2002.1,448.8127
2002.2,448.7554
2002.3,448.8046
2002.4,448.81
2002.5,448.91811881188096
2002.6,448.87600000000015
2002.7,448.9060000000001
2002.8,448.9820000000002
2002.9,448.9630000000001
2003.0,448.91500000000013
2003.1,448.91
2003.2,448.9278217821782
2003.3,448.9033
2003.4,448.84659999999997
2003.5,448.8044
2003.6,448.81780000000003
2003.7,448.8111
2003.8,448.8723
2003.9,448.88
2004.0,448.8623762376238
2004.1,448.90399999999994
2004.2,448.91
2004.3,448.89239999999995
2004.4,448.89
2004.5,448.9076
2004.6,448.84840000000014
2004.7,448.81359999999995
2004.8,448.81
2004.9,448.6707999999999
2005.0,448.6065
2005.1,448.65219999999977
2005.2,448.7035
2005.3,448.7274
2005.4,448.76480000000004
2005.5,448.83891089108903
2005.6,448.8929999999999
2005.7,448.8827999999999
2005.8,448.94019999999995
2005.9,448.82960000000014
2006.0,448.7498000000001
2006.1,448.74
2006.2,448.74
2006.3,448.65485148514836
2006.4,448.623
2006.5,448.5944999999999
2006.6,448.59
2006.7,448.5304999999999
2006.8,448.60500000000013
2006.9,448.72200000000015
2007.0,448.71449999999993
2007.1,448.77732673267326
2007.2,448.79
2007.3,448.7312
2007.4,448.72
2007.5,448.8711999999998
2007.6,448.87480000000005
2007.7,448.8447999999999
2007.8,448.9072
2007.9,449.0031683168318
2008.0,449.02
2008.1,449.06149999999985
2008.2,449.0035999999999
2008.3,448.99
2008.4,449.0481000000001
2008.5,449.0434
2008.6,448.99891089108917
2008.7,449.04740000000004
2008.8,449.0436
2008.9,449.04
2009.0,449.0564
2009.1,448.97800000000007
2009.2,448.9108
2009.3,448.9487128712872
2009.4,448.94379999999995
2009.5,448.90760000000006
2009.6,448.9404999999999
2009.7,449.03100000000023
2009.8,449.0338
2009.9,449.0705000000001
2010.0,448.99980198019796
2010.1,448.9
2010.2,448.88
2010.3,448.936
2010.4,448.97400000000005
2010.5,449.004
2010.6,448.986
2010.7,448.972
2010.8,448.92247524752463
2010.9,448.8863
2011.0,448.8484000000001
2011.1,448.8321
2011.2,448.86160000000007
2011.3,448.86209999999994
2011.4,448.7731000000001
2011.5,448.7343564356436
2011.6,448.7611999999999
2011.7,448.75440000000003
2011.8,448.75
2011.9,448.7032
2012.0,448.69
2012.1,448.69
2012.2,448.69
2012.3,448.69
2012.4,448.60530000000006
2012.5,448.58000000000004
2012.6,448.58000000000004
2012.7,448.5337999999998
2012.8,448.52
2012.9,448.45900990099
2013.0,448.44
2013.1,448.44
2013.2,448.44
2013.3,448.44
2013.4,448.44
2013.5,448.44
2013.6,448.44
2013.7,448.44
2013.8,448.44
2013.9,448.44
2014.0,448.44
2014.1,448.44
2014.2,448.44
2014.3,448.44
2014.4,448.44
2014.5,448.44
2014.6,448.44
2014.7,448.44
2014.8,448.44
2014.9,448.44
2015.0,448.44
2015.1,448.44
2015.2,448.44
2015.3,448.44
2015.4,448.44
2015.5,448.44
2015.6,448.44
2015.7,448.44
2015.8,448.44
2015.9,448.44
2016.0,448.44
2016.1,448.44
2016.2,448.44
2016.3,448.44
2016.4,448.44
2016.5,448.44
2016.6,448.44
2016.7,448.44
2016.8,448.44
2016.9,448.44
2017.0,448.44
2017.1,448.44
2017.2,448.44
2017.3,448.44
2017.4,448.44
2017.5,448.44
2017.6,448.44
2017.7,448.44
2017.8,448.44
2017.9,448.44
2018.0,448.44
2018.1,448.44
2018.2,448.44
2018.3,448.44
2018.4,448.44
2018.5,448.44
2018.6,448.44
2018.7,448.44
2018.8,448.44
2018.9,448.44
2019.0,448.44
2019.1,448.44
2019.2,448.44
2019.3,448.44
2019.4,448.44
2019.5,448.44
2019.6,448.44
2019.7,448.44
2019.8,448.44
2019.9,448.44
2020.0,448.44
2020.1,448.44
2020.2,448.44
2020.3,448.44
2020.4,448.44
2020.5,448.44
2020.6,448.44
2020.7,448.44
2020.8,448.44
2020.9,448.44
2021.0,448.44
2021.1,448.44
2021.2,448.44
2021.3,450.12350000000293
2021.4,457.9590000000121
2021.5,482.58749999994154
2021.6,503.45999999994956
2021.7,516.5375000000138
2021.8,528.4145000000133
2021.9,537.7396930693161
2022.0,553.715508910887
2022.1,562.3539999999981
2022.2,566.3996000000187
2022.3,616.3460000000547
2022.4,634.6320000000125
2022.5,663.472799999952
2022.6,674.6556000000111
2022.7,664.1753108910406
2022.8,653.9074990098691
2022.9,686.2343000000917
2023.0,684.315600000047
2023.1,664.0172000000312
2023.2,647.3398999999678
2023.3,635.1023999999879
2023.4,625.963299999984
2023.5,612.9172277227676
2023.6,601.2860000000044
2023.7,589.8437999999841
2023.8,618.3281999999756
2023.9,628.6684000000074
2024.0,625.5827999999977
2024.1,673.9785999999658
2024.2,701.3296792079154
2024.3,703.2657000000089
2024.4,706.9829999999976
2024.5,711.173599999988
2024.6,713.0482999999999
2024.7,712.5841999999984
2024.8,708.693199999988
2024.9,689.3505000000204
2025.0,677.2843564356455
2025.1,677.6659999999999
2025.2,679.2880000000025
2025.3,681.36
2025.4,682.2520000000001
2025.5,672.466
2025.6,659.4200000000001
2025.7,655.2716831683181
2025.8,654.8045999999973
2025.9,656.5057999999993
2026.0,658.0371999999998
2026.1,643.2020000000515
2026.2,630.2562999999889
2026.3,628.5993000000007
2026.4,628.4471871287122
2026.5,633.149316831687
2026.6,637.223599999998
2026.7,640.6086000000024
2026.8,641.3299999999989
2026.9,638.1861999999984
2027.0,635.5679999999992
2027.1,633.4186000000052
2027.2,630.9526732673219
2027.3,628.5845574257418
2027.4,624.5976000000085
2027.5,619.5797000000076
2027.6,617.0070000000014
2027.7,614.3627999999883
2027.8,611.2634999999991
2027.9,608.8781188118816
2028.0,606.7523999999983
2028.1,604.182000000005
2028.2,602.0503999999987
2028.3,597.6107999999938
2028.4,594.5763999999999
2028.5,593.7995999999988
2028.6,591.6490970296874
2028.7,587.6386831682893
2028.8,582.2759999999948
2028.9,576.6290000000064
2029.0,570.0575000000083
2029.1,563.1640000000074
2029.2,601.5570000002563
2029.3,641.093702970289
2029.4,652.6913623762405
2029.5,661.4905999999942
2029.6,667.4961999999791
2029.7,673.4862000000076
2029.8,677.3692000000034
2029.9,679.0986000000015
2030.0,680.7663999999976
2030.1,683.4388118811823
2030.2,693.984106930718
2030.3,698.6957000000043
2030.4,690.1438000000072
2030.5,678.8141000000082
2030.6,665.0722000000104
2030.7,648.2486999999735
2030.8,629.6571000000129
2030.9,612.1854920791977
2031.0,635.0739999999678
2031.1,663.4375999999996
2031.2,657.6967999999797
2031.3,650.7227999999943
2031.4,648.2991999999967
2031.5,646.472800000001
2031.6,646.9579999999928
2031.7,648.991980198021
2031.8,650.9900999999994
2031.9,653.8111999999994
2032.0,656.0029999999997
2032.1,649.7448000000031
2032.2,633.4554999999621
2032.3,625.9447999999992
2032.4,628.1905999999998
2032.5,628.6342574257428
2032.6,629.0349999999978
2032.7,628.4299999999951
2032.8,626.919999999998
2032.9,626.6700000000001
2033.0,626.5600000000014
2033.1,635.3849999999586
2033.2,653.8600495049931
2033.3,665.1357405940643
2033.4,668.0455000000004
2033.5,671.2499000000009
2033.6,670.2180000000136
2033.7,670.8366000000019
2033.8,675.09
2033.9,677.045100000001
2034.0,673.1660396039697
2034.1,668.3443999999945
2034.2,670.448000000003
2034.3,671.4568000000005
2034.4,669.8420000000078
2034.5,662.9960000000174
2034.6,653.1868000000184
2034.7,644.4119999999799
2034.8,636.5076237623613
2034.9,619.1877999999814
2035.0,604.3263999999995
2035.1,634.6825999999046
2035.2,674.7651000000078
2035.3,667.4078999999806
2035.4,652.8570000000008
2035.5,643.3833495049562
2035.6,634.7827188118723
2035.7,633.5211999999673
2035.8,618.0063999999763
2035.9,604.3872000000057
2036.0,597.1436000000148
2036.1,585.7838000000163
2036.2,614.0592000002404
2036.3,664.9689722772773
2036.4,672.3998366336516
2036.5,669.9739999999933
2036.6,670.8725000000237
2036.7,666.2219999999979
2036.8,664.2964999999976
2036.9,663.8865000000018
2037.0,666.6264999999962
2037.1,670.1675247524689
2037.2,664.6227999999736
2037.3,654.7672000000017
2037.4,661.2835999999843
2037.5,670.6636000000005
2037.6,670.2928000000002
2037.7,673.2252000000112
2037.8,669.9088000000147
2037.9,660.6500990099008
2038.0,659.6861000000006
2038.1,657.6465000000072
2038.2,655.5533999999974
2038.3,647.8316999999748
2038.4,638.8027999999999
2038.5,638.2009900990089
2038.6,635.8240000000017
2038.7,631.490599999989
2038.8,625.4840000000033
2038.9,626.5923999999942
2039.0,631.9498000000021
2039.1,627.0474000000023
2039.2,622.2609999999903
2039.3,617.2930693069274
2039.4,612.9354999999996
2039.5,610.665900000005
2039.6,608.1352000000081
2039.7,605.3676999999959
2039.8,603.4934999999966
2039.9,602.2780999999999
2040.0,602.019225742574
2040.1,602.7138811881163
2040.2,604.5640000000001
2040.3,607.37
2040.4,609.9839999999999
2040.5,612.552
2040.6,615.8339999999957
2040.7,617.224
2040.8,616.1725742574231
2040.9,612.8010999999967
2041.0,607.8387000000116
2041.1,601.7514000000137
2041.2,594.6759999999811
2041.3,586.7249999999788
2041.4,611.8703000000565
2041.5,661.599299999988
2041.6,666.1260396039536
2041.7,669.1006000000017
2041.8,673.4646000000024
2041.9,679.0412000000028
2042.0,686.4592000000043
2042.1,692.1626000000002
2042.2,692.2556000000002
2042.3,692.6588118811881
2042.4,691.5652000000048
2042.5,685.3173000000187
2042.6,676.8263000000047
2042.7,671.4667999999723
2042.8,660.6600999999831
2042.9,646.5206000000248
2043.0,630.9709000000246
2043.1,614.4947524752903
2043.2,590.6311999999692
2043.3,590.0472000000532
2043.4,635.6072000000205
2043.5,652.6839999999946
2043.6,655.1124000000234
2043.7,650.635599999999
2043.8,649.0557782178196
2043.9,647.5977178217823
2044.0,648.270792079206
2044.1,649.0039999999997
2044.2,650.712334653472
2044.3,647.1169643564222
2044.4,631.6248000000044
2044.5,626.8381000000011
2044.6,625.9228999999999
2044.7,626.7063000000051
2044.8,628.8393999999985
2044.9,630.1119000000004
2045.0,629.8047564356559
2045.1,629.9394574257673
2045.2,629.3599999999968
2045.3,627.2451999999947
2045.4,630.4064000000058
2045.5,646.4519999999561
2045.6,658.4143999999914
2045.7,661.6644000000063
2045.8,664.6652950495088
2045.9,665.8433663366327
2046.0,664.9180000000003
2046.1,664.0745
2046.2,664.5112000000045
2046.3,660.3458000000038
2046.4,649.6203999999993
2046.5,652.9980198019763
2046.6,656.7549999999958
2046.7,657.4949999999958
2046.8,654.6789999999885
2046.9,649.2579999999944
2047.0,643.2430000000124
2047.1,637.0720000000176
2047.2,627.8499009900779
2047.3,614.6981999999967
2047.4,624.1771000000155
2047.5,679.8450000000058
2047.6,689.7807000000307
2047.7,670.4934000000005
2047.8,669.5313999999978
2047.9,659.8926999999976
2048.0,648.7887128712918
2048.1,634.87720000003
2048.2,618.8515999999597
2048.3,604.8359999999825
2048.4,618.1707999998571
2048.5,676.1311881188064
2048.6,679.5909000000001
2048.7,678.8477999999988
2048.8,675.4784999999949
2048.9,669.216499999998
2049.0,666.6605999999991
2049.1,665.7214000000001
2049.2,666.9805000000035
2049.3,671.2612871287131
2049.4,672.9135999999987
2049.5,674.5821999999946
2049.6,677.1898000000017
2049.7,676.335800000001
2049.8,676.5253999999995
2049.9,678.078199999991
2050.0,678.0488594059761
2050.1,664.2534653465323
2050.2,665.0724999999995
2050.3,664.1049999999967
2050.4,661.5249999999978
2050.5,654.8725
2050.6,637.8900000000165
2050.7,633.2799999999954
2050.8,630.0454207920785
2050.9,627.9860000000044
2051.0,622.6008000000064
2051.1,620.7311999999868
2051.2,630.6859999999876
2051.3,625.5792000000054
2051.4,619.8464000000047
2051.5,615.5944000000013
2051.6,613.8845544554491
2051.7,611.180899999995
2051.8,607.8314999999938
2051.9,604.3966999999991
2052.0,602.9834000000012
2052.1,602.6370000000003
2052.2,602.9579000000027
2052.3,604.9869000000049
2052.4,608.1079207920831
2052.5,611.4311999999986
2052.6,613.3704000000007
2052.7,613.4416000000194
2052.8,618.5643999999995
2052.9,619.1048000000005
2053.0,616.5368000000034
2053.1,610.6574257425741
2053.2,609.5040217821663
2053.3,603.485199999986
2053.4,596.3888999999914
2053.5,588.2332000000227
2053.6,597.9523999997988
2053.7,663.5160000000196
2053.8,671.5683000000046
2053.9,674.5525742574351
2054.0,680.376
2054.1,685.5059999999979
2054.2,687.5939999999999
2054.3,688.736
2054.4,689.604
2054.5,688.3259999999999
2054.6,684.6185148514861
2054.7,678.7923999999474
2054.8,660.5130999999893
2054.9,653.6364000000173
2055.0,644.478200000025
2055.1,631.9751000000281
2055.2,618.5006999999688
2055.3,605.9506930692796
2055.4,592.7627999999934
2055.5,578.0751999999931
2055.6,576.0567999999787
2055.7,627.8688000000092
2055.8,645.7032000000033
2055.9,651.0891999999985
2056.0,647.7512693069302
2056.1,643.7667178217837
2056.2,643.0346000000011
2056.3,643.7614000000053
2056.4,646.4584999999936
2056.5,651.7800999999816
2056.6,657.5811000000352
2056.7,639.3381000000028
2056.8,640.9078217821906
2056.9,645.6148000000044
2057.0,649.8380000000002
2057.1,651.2531999999926
2057.2,652.8923999999997
2057.3,652.418799999999
2057.4,651.2383999999984
2057.5,649.5599999999997
2057.6,647.2616831683421
2057.7,643.4275000000509
2057.8,659.9099999999952
2057.9,663.6599999999987
2058.0,665.1419999999964
2058.1,668.283499999996
2058.2,671.4180000000031
2058.3,672.1195297029722
2058.4,670.8990950495039
2058.5,672.2976000000014
2058.6,672.0446000000418
2058.7,661.3622000000058
2058.8,665.0168000000001
2058.9,664.709799999996
2059.0,662.2656000000004
2059.1,661.4877702970622
2059.2,652.4528415841714
2059.3,642.8938000000039
2059.4,636.8925000000053
2059.5,628.7460000000074
2059.6,617.4273000000101
2059.7,613.9213000002358
2059.8,679.9213999999824
2059.9,700.0009900990269
2060.0,682.1068000000453
2060.1,667.3028000000043
2060.2,664.5607999999793
2060.3,653.2611999999809
2060.4,641.8999999999774
2060.5,624.3984000000428
2060.6,608.8900000000389
2060.7,605.7171287129943
2060.8,675.2592999999999
2060.9,675.8430999999999
2061.0,676.0684999999999
2061.1,675.5924000000052
2061.2,667.5689000000034
2061.3,652.0958000000044
2061.4,632.6625742574353
2061.5,614.0189999999909
2061.6,617.9129999999932
2061.7,620.9210000000064
2061.8,621.3949999999533
2061.9,604.6300000000315
2062.0,619.9740000000052
2062.1,618.0934356435605
2062.2,619.885009900991
2062.3,625.065300000003
2062.4,638.8869000000046
2062.5,657.7354000000007
2062.6,659.1124000000028
2062.7,645.0708000000005
2062.8,645.6652999999966
2062.9,632.5210891089112
2063.0,636.0268000000019
2063.1,635.1899999999972
2063.2,636.3491999999925
2063.3,633.6907999999964
2063.4,632.2472000000016
2063.5,632.639599999972
2063.6,646.7340594059417
2063.7,646.6760950495076
2063.8,653.1689000000001
2063.9,653.4886000000007
2064.0,654.4567000000003
2064.1,655.2323999999987
2064.2,655.3325999999981
2064.3,652.5293999999983
2064.4,649.8964356435625
2064.5,646.5422000000049
2064.6,642.7550000000085
2064.7,636.6981999999904
2064.8,633.6591999999907
2064.9,630.3586000000071
2065.0,625.0906000000089
2065.1,618.7808970297082
2065.2,615.2824059405898
2065.3,611.4509999999939
2065.4,606.0309999999929
2065.5,599.9464999999961
2065.6,595.5665000000221
2065.7,589.0894999999924
2065.8,582.4964999999929
2065.9,578.9568316832184
2066.0,625.055200000007
2066.1,617.4212000000073
2066.2,610.8072000000897
2066.3,635.7947999999978
2066.4,638.3527999999935
2066.5,645.4527999999929
2066.6,653.1447999999959
2066.7,657.75940594061
2066.8,662.2885000000094
2066.9,668.2217000000078
2067.0,673.5651999999886
2067.1,677.5263999999767
2067.2,685.0832999999953
2067.3,682.1746999999943
2067.4,678.5427633663251
2067.5,670.8778059405995
2067.6,658.7486000000061
2067.7,645.195399999949
2067.8,633.6977999999779
2067.9,681.2460000000083
2068.0,662.9638000000101
2068.1,641.8609999999827
2068.2,679.0802970296888
2068.3,675.5757999999889
2068.4,670.15989999999
2068.5,665.1481000000131
2068.6,659.9758000000086
2068.7,656.5568999999932
2068.8,653.2569999999953
2068.9,650.9803000000002
2069.0,650.9614851485269
2069.1,646.1099999999999
2069.2,616.56
2069.3,611.04
2069.4,617.72
2069.5,621.17
2069.6,623.13
2069.7,628.22
2069.8,632.88663366333
2069.9,634.187211881185
2070.0,633.0615000000024
2070.1,631.6343000000029
2070.2,648.3510000000422
2070.3,660.3307000000298
2070.4,663.3110999999942
2070.5,666.0327999999944
2070.6,634.5743732674232
2070.7,617.1033782178133
2070.8,598.2771999999915
2070.9,579.1819999999914
2071.0,561.0913999999918
2071.1,544.1484000000678
2071.2,528.0221999999927
2071.3,511.25559999999234
2071.4,494.2988118812141
2071.5,476.02930000002914
2071.6,455.0518000000335
2071.7,453.02319999999577
2071.8,452.89269999999976
2071.9,452.80270000000013
2072.0,452.7418000000001
2072.1,452.6915000000001
2072.2,452.6511999999999
2072.3,452.6115841584158
2072.4,452.58119999999997
2072.5,452.5608
2072.6,450.98560000000566
2072.7,450.81439999999986
2072.8,450.7235999999999
2072.9,450.6335999999999
2073.0,450.5435999999999
2073.1,450.43544554455457
2073.2,450.3444999999997
2073.3,450.25450000000006
2073.4,450.1455000000001
2073.5,450.0545000000001
2073.6,449.86000000000024
2073.7,449.85
2073.8,449.85
2073.9,449.85
2074.0,449.85
2074.1,449.85
2074.2,449.85
2074.3,449.85
2074.4,449.85
2074.5,449.6082000000002
2074.6,449.25520000000023
2074.7,449.23
2074.8,449.23
2074.9,449.23
2075.0,449.23
2075.1,449.3880999999999
2075.2,449.38158415841576
2075.3,449.38
2075.4,449.3708
2075.5,449.38839999999993
2075.6,449.2244000000005
2075.7,449.1824
2075.8,449.16159999999996
2075.9,449.1876000000001
2076.0,449.2173267326733
2076.1,449.1563
2076.2,449.1318
2076.3,449.1937
2076.4,449.2546
2076.5,449.32370000000003
2076.6,449.02970000000005
2076.7,449.0364
2076.8,449.12108910891106
2076.9,449.21099999999984
2077.0,449.15700000000015
2077.1,449.08700000000016
2077.2,449.06199999999995
2077.3,449.10500000000013
2077.4,449.0650000000001
2077.5,448.97980198019803
2077.6,448.72079999999994
2077.7,448.69
2077.8,448.7078
2077.9,448.61209999999994
2078.0,448.5021
2078.1,448.4722
2078.2,448.4878
2078.3,448.4547524752474
2078.4,448.37080000000014
2078.5,448.3160000000001
2078.6,448.0900000000005
2078.7,448.0776
2078.8,448.09760000000006
2078.9,448.0824
2079.0,448.1235643564356
2079.1,448.1821999999998
2079.2,448.26830000000007
2079.3,448.2974
2079.4,448.2826
2079.5,448.28
2079.6,448.019000000001
2079.7,447.90169999999995
2079.8,447.83831683168324
2079.9,447.83
2080.0,447.7698000000001
2080.1,447.76
2080.2,447.6825999999997
2080.3,447.63560000000007
2080.4,447.5870000000001
2080.5,447.5970297029703
2080.6,447.4215000000006
2080.7,447.40700000000004
2080.8,447.4015
2080.9,447.3915
2081.0,447.3049999999999
2081.1,447.28150000000005
2081.2,447.2715
2081.3,447.31207920792076
2081.4,447.30320000000006
2081.5,447.2748
2081.6,447.1944000000001
2081.7,447.34800000000075
2081.8,447.3296
2081.9,447.3368
2082.0,447.34000000000003
2082.1,447.34000000000003
2082.2,447.36490000000003
2082.3,447.37
2082.4,447.37
2082.5,447.37
2082.6,447.24550000000045
2082.7,446.9875999999996
2082.8,446.94
2082.9,446.94
2083.0,446.9564
2083.1,446.9764
2083.2,447.021
2083.3,447.0628
2083.4,447.0372
2083.5,447.03
2083.6,446.7465000000009
2083.7,446.6638
2083.8,446.66
2083.9,446.64379999999994
2084.0,446.6238
2084.1,446.62
2084.2,446.63620000000003
2084.3,446.6560396039604
2084.4,446.628
2084.5,446.60400000000004
2084.6,446.352
2084.7,446.258
2084.8,446.21
2084.9,446.20799999999997
2085.0,446.21
2085.1,446.21
2085.2,446.21
2085.3,446.22580000000005
2085.4,446.2458
2085.5,446.25
2085.6,446.13940000000025
2085.7,445.99149999999963
2085.8,445.94419999999997
2085.9,445.9556435643565
2086.0,445.9522
2086.1,445.95
2086.2,445.97339999999997
2086.3,445.9566
2086.4,445.95
2086.5,445.95
2086.6,445.8882178217823
2086.7,445.77759999999967
2086.8,445.75
2086.9,445.75
2087.0,445.7654
2087.1,445.8007999999999
2087.2,445.8485000000002
2087.3,445.87540000000007
2087.4,445.849504950495
2087.5,445.80199999999996
2087.6,445.57720000000074
2087.7,445.45679999999993
2087.8,445.4172
2087.9,445.3948
2088.0,445.3748
2088.1,445.40009900990094
2088.2,445.3649999999998
2088.3,445.305
2088.4,445.25250000000005
2088.5,445.2325
2088.6,445.21500000000003
2088.7,445.45000000000107
2088.8,445.4625
2088.9,445.410297029703
2089.0,445.3778000000001
2089.1,445.3182000000002
2089.2,445.27779999999996
2089.3,445.24039999999997
2089.4,445.23
2089.5,445.1930000000001
2089.6,445.0912000000004
2089.7,445.0970000000001
2089.8,445.09540000000004
2089.9,445.0754
2090.0,445.07
2090.1,445.0846
2090.2,445.1046
2090.3,445.11
2090.4,445.11
2090.5,445.0955445544555
2090.6,445.00360000000035
2090.7,444.53079999999886
2090.8,444.3456
2090.9,444.32559999999995
2091.0,444.33439999999996
2091.1,444.35439999999994
2091.2,444.3960000000001
2091.3,444.43851485148514
2091.4,444.4642
2091.5,444.47
2091.6,444.47
2091.7,444.0368999999993
2091.8,443.8458
2091.9,443.8116
2092.0,443.66559207920807
2092.1,443.5820000000001
2092.2,443.58400000000006
2092.3,443.59000000000003
2092.4,443.59000000000003
2092.5,443.5550000000001
2092.6,443.45600000000024
2092.7,443.44100000000003
2092.8,443.46386138613866
2092.9,443.45619999999997
2093.0,443.33959999999996
2093.1,443.28999999999996
2093.2,443.28999999999996
2093.3,443.2762
2093.4,443.2079
2093.5,443.1248
2093.6,443.02485148514864
2093.7,443.0104316831684
2093.8,443.03360000000004
2093.9,443.0128
2094.0,442.9864
2094.1,443.0071999999999
2094.2,443.0063999999999
2094.3,443.0
2094.4,442.9663366336633
2094.5,442.98350000000005
2094.6,442.98660000000007
2094.7,442.8459999999999
2094.8,442.7867
2094.9,442.79
2095.0,442.81010000000003
2095.1,442.82
2095.2,442.82
2095.3,442.82
2095.4,442.82
2095.5,442.82
2095.6,442.82
2095.7,442.7341999999996
2095.8,442.6702
2095.9,442.64680000000004
2096.0,442.64
2096.1,442.6335
2096.2,442.6039999999999
2096.3,442.59000000000003
2096.4,442.73300000000023
2096.5,442.8035
2096.6,442.7740000000001
2096.7,442.91445544554523
2096.8,442.96799999999996
2096.9,442.9116000000001
2097.0,442.85800000000006
2097.1,442.80800000000005
2097.2,442.80280000000005
2097.3,442.78439999999995
2097.4,442.7378732673268
2097.5,442.66960000000006
2097.6,442.64629999999994
2097.7,442.6184999999999
2097.8,442.5558999999999
2097.9,442.5741000000001
2098.0,442.61889999999994
2098.1,442.63
2098.2,442.5988118811881
2098.3,442.58
2098.4,442.5676
2098.5,442.5042
2098.6,442.45140000000004
2098.7,442.3841999999999
2098.8,442.3748
2098.9,442.39
2099.0,442.29815247524783
2099.1,442.2643999999999
2099.2,442.28
2099.3,442.29220000000004
2099.4,442.2878
2099.5,442.28
2099.6,442.3043999999999
2099.7,442.350198019802
2099.8,442.352
2099.9,442.316
2100.0,442.324
2100.1,442.34
2100.2,442.34
2100.3,442.304
2100.4,442.322
2100.5,442.37376237623755
2100.6,442.3546000000001
2100.7,442.33590000000004
2100.8,442.3104999999999
2100.9,442.3313
2101.0,442.4130999999998
2101.1,442.4264000000001
2101.2,442.42168316831686
2101.3,442.43
2101.4,442.4126
2101.5,442.3768
2101.6,442.37159999999994
2101.7,442.4032
2101.8,442.4316
2101.9,442.45722772277225
2102.0,442.41287227722785
2102.1,442.37
2102.2,442.39280000000014
2102.3,442.3872
2102.4,442.34720000000004
2102.5,442.34139999999996
2102.6,442.3841999999999
2102.7,442.41592574257436
2102.8,442.4312
2102.9,442.4680000000001
2103.0,442.51800000000003
2103.1,442.5903999999998
2103.2,442.66920000000005
2103.3,442.66079999999994
2103.4,442.658
2103.5,442.71849999999995
2103.6,442.7225000000001
2103.7,442.68899999999996
2103.8,442.68
2103.9,442.66350000000006
2104.0,442.6005000000001
2104.1,442.538
2104.2,442.50910891089103
2104.3,442.47299999999996
2104.4,442.4662000000001
2104.5,442.5231999999999
2104.6,442.5761999999999
2104.7,442.61160000000007
2104.8,442.65160000000003
2104.9,442.71320000000014
2105.0,442.7446534653465
2105.1,442.7294
2105.2,442.74120000000005
2105.3,442.7282
2105.4,442.67350000000005
2105.5,442.65
2105.6,442.65
2105.7,442.6027722772275
2105.8,442.5860000000001
2105.9,442.6204
2106.0,442.5676000000001
2106.1,442.52039999999994
2106.2,442.57680000000016
2106.3,442.5835999999999
2106.4,442.55
2106.5,442.57574257425745
2106.6,442.58979999999997
2106.7,442.62080000000014
2106.8,442.7059
2106.9,442.7398
2107.0,442.65860000000004
2107.1,442.59000000000003
2107.2,442.5445544554453
2107.3,442.46499999999986
2107.4,442.46500000000003
2107.5,442.5
2107.6,442.48500000000007
2107.7,442.50500000000017
2107.8,442.54
2107.9,442.51
2108.0,442.5592079207919
2108.1,442.63020000000006
2108.2,442.5857
2108.3,442.58430000000004
2108.4,442.5857
2108.5,442.52549999999997
2108.6,442.5097999999999
2108.7,442.4908910891088
2108.8,442.4696
2108.9,442.5039999999999
2109.0,442.5779999999998
2109.1,442.5772000000002
2109.2,442.5007999999999
2109.3,442.60000000000014
2109.4,442.7012000000001
2109.5,442.70326732673266
2109.6,442.74
2109.7,442.74
2109.8,442.8058000000001
2109.9,442.8517999999999
2110.0,442.7729999999999
2110.1,442.7247
2110.2,442.71138613861376
2110.3,442.6209999999998
2110.4,442.5078000000001
2110.5,442.4792
2110.6,442.4670000000001
2110.7,442.44
2110.8,442.4308
2110.9,442.3790099009901
2111.0,442.33
2111.1,442.33
2111.2,442.33
2111.3,442.2444999999998
2111.4,442.1445
2111.5,442.15
2111.6,442.1054455445547
2111.7,442.05
2111.8,442.05
2111.9,442.0104000000001
2112.0,441.96000000000004
2112.1,441.96000000000004
2112.2,441.96000000000004
2112.3,442.0303999999999
2112.4,442.10693069306933
2112.5,442.09000000000003
2112.6,442.11149999999986
2112.7,442.14
2112.8,442.14
2112.9,442.14
2113.0,442.14
2113.1,442.14
2113.2,442.14
2113.3,442.2113999999999
2113.4,442.31
2113.5,442.31
2113.6,442.3268
2113.7,442.35
2113.8,442.35
2113.9,442.35
2114.0,442.35
2114.1,442.35
2114.2,442.35
2114.3,442.33359999999993
2114.4,442.31
2114.5,442.31
2114.6,442.31
2114.7,442.31
2114.8,442.31
2114.9,442.358
2115.0,442.43
2115.1,442.43
2115.2,442.43
2115.3,442.382
2115.4,442.2981188118812
2115.5,442.28
2115.6,442.2644000000001
2115.7,442.24
2115.8,442.24
2115.9,442.24
2116.0,442.24
2116.1,442.24
2116.2,442.24
2116.3,442.2362
2116.4,442.23
2116.5,442.23
2116.6,442.21100000000007
2116.7,442.18
2116.8,442.18
2116.9,442.1356000000002
2117.0,442.06
2117.1,442.06
2117.2,442.06
2117.3,442.10810000000015
2117.4,442.19
2117.5,442.19
2117.6,442.2079999999998
2117.7,442.24
2117.8,442.24
2117.9,442.2832000000001
2118.0,442.36
2118.1,442.36
2118.2,442.36
2118.3,442.36
2118.4,442.36
2118.5,442.41779999999994
2118.6,442.53
2118.7,442.53
2118.8,442.53
2118.9,442.53
2119.0,442.53
2119.1,442.53
2119.2,442.53
2119.3,442.53
2119.4,442.53
2119.5,442.53
2119.6,442.53
2119.7,442.53
2119.8,442.53
2119.9,442.53
2120.0,442.53
2120.1,445.6115999999737
2120.2,456.1824000000229
2120.3,475.9870297030115
2120.4,505.2013999999964
2120.5,519.8393999999973
2120.6,530.7764999999979
2120.7,539.4739000000224
2120.8,543.5865000000008
2120.9,540.7657000000002
2121.0,542.4025999999985
2121.1,565.3740594058895
2121.2,606.9669999999984
2121.3,603.0859999999743
2121.4,592.4719999999918
2121.5,599.9929999998949
2121.6,629.7510000000195
2121.7,620.7520297029479
2121.8,610.2797732673068
2121.9,625.7666000000188
2122.0,682.8851999999988
2122.1,677.3331000000072
2122.2,671.0913999999988
2122.3,663.515499999997
2122.4,650.6597999999972
2122.5,638.2098267326656
2122.6,646.2305346533228
2122.7,685.2335999999513
2122.8,679.9508000000394
2122.9,688.5220000000711
2123.0,659.286400000007
2123.1,658.4039999999876
2123.2,663.6416000000033
2123.3,663.8685425742524
2123.4,663.1555000000025
2123.5,665.3663999999989
2123.6,663.8808000000006
2123.7,662.810099999999
2123.8,660.3546999999963
2123.9,655.4992999999977
2124.0,658.2777000000133
2124.1,674.1800990099018
2124.2,677.91879999999
2124.3,676.514800000007
2124.4,681.0269999999898
2124.5,680.0114000000342
2124.6,661.235000000001
2124.7,659.6529999999874
2124.8,650.5341999999523
2124.9,633.4431683168302
2125.0,635.1525
2125.1,634.8850000000095
2125.2,631.8249999999955
2125.3,629.577500000003
2125.4,631.5299999999996
2125.5,630.3475
2125.6,633.2474999999218
2125.7,651.6032673267356
2125.8,656.734799999994
2125.9,663.1659999999944
2126.0,669.2703999999947
2126.1,675.6431999999929
2126.2,682.701600000013
2126.3,686.4596000000004
2126.4,685.6870297029727
2126.5,683.879123762382
2126.6,681.6639000000091
2126.7,678.8445999999968
2126.8,676.4229999999939
2126.9,672.161899999997
2127.0,666.7057000000159
2127.1,665.2171999999656
2127.2,671.941485148504
2127.3,661.8090000000052
2127.4,650.8002000000041
2127.5,641.298800000005
2127.6,630.0726000000055
2127.7,617.4185999999555
2127.8,603.0508000000066
2127.9,604.7617999999733
2128.0,651.0083168316812
2128.1,650.926000000021
2128.2,639.5775999999541
2128.3,621.4257999999959
2128.4,620.1051000000014
2128.5,621.0182000000015
2128.6,620.9673999999951
2128.7,622.5861000000008
2128.8,623.4713861386181
2128.9,625.792
2129.0,623.7760000000001
2129.1,613.8279999999954
2129.2,617.63
2129.3,617.376
2129.4,620.394
2129.5,615.4171089108982
2129.6,608.9677841584481
2129.7,602.1370999999826
2129.8,594.7900999999849
2129.9,585.1374000000236
2130.0,596.7355999997744
2130.1,689.9401999999579
2130.2,706.452299999998
2130.3,705.1065158415767
2130.4,701.6528811881174
2130.5,698.799999999999
2130.6,696.4166000000016
2130.7,691.8059999999969
2130.8,684.4191999999955
2130.9,671.8877999999892
2131.0,655.3572000000075
2131.1,668.3412910891012
2131.2,665.3246900989661
2131.3,662.8958999999918
2131.4,660.7774999999908
2131.5,663.1258000000227
2131.6,650.21900000001
2131.7,644.4612999999908
2131.8,641.350020792065
2131.9,638.3234891088823
2132.0,635.9991999999997
2132.1,634.1724000000104
2132.2,631.8692000000005
2132.3,630.4875999999892
2132.4,621.7192000000069
2132.5,628.7824000000007
2132.6,633.3673267326508
2132.7,640.2685000000184
2132.8,646.7419999999946
2132.9,651.5659999999937
2133.0,653.7995000000194
2133.1,637.178000000016
2133.2,625.5550000000063
2133.3,627.0780000000034
2133.4,625.6993069306876
2133.5,630.5321999999933
2133.6,621.4442000000254
2133.7,613.0625999999851
2133.8,602.246399999986
2133.9,591.9811999999857
2134.0,581.3175999999912
2134.1,584.8039999996829
2134.2,672.388118811896
2134.3,684.4180999999998
2134.4,683.4439000000068
2134.5,673.418000000007
2134.6,662.7957000000083
2134.7,650.4958999999556
2134.8,637.0468000000086
2134.9,623.8257000000117
2135.0,618.2961386137933
2135.1,682.684799999976
2135.2,690.2291999999971
2135.3,689.0196000000029
2135.4,689.7979999999935
2135.5,685.8019999999888
2135.6,689.6499999999946
2135.7,691.2144475247449
2135.8,689.7905445544188
2135.9,689.2320000000016
2136.0,682.6080000000012
2136.1,675.9373000000136
2136.2,661.7419999999952
2136.3,680.8013999999996
2136.4,682.7503999999992
2136.5,685.8614851485154
2136.6,683.0640000000396
2136.7,666.3859999999781
2136.8,657.7370000000006
2136.9,657.5909999999928
2137.0,654.2399999999966
2137.1,653.6280000000445
2137.2,634.8419999999743
2137.3,624.9365346534705
2137.4,626.9558999999995
2137.5,624.2129999999988
2137.6,619.4386
2137.7,621.0280000000027
2137.8,632.2479000000003
2137.9,633.2032999999994
2138.0,630.5516999999993
2138.1,627.6040594059405
2138.2,623.6643999999827
2138.3,617.9140000000019
2138.4,618.3068000000078
2138.5,614.0696000000066
2138.6,610.329200000009
2138.7,605.5239999999933
2138.8,603.202799999998
2138.9,602.4933663366323
2139.0,603.4057000000008
2139.1,605.9828999999866
2139.2,609.2205000000001
2139.3,609.873800000005
2139.4,616.6810999999998
2139.5,616.2976999999994
2139.6,614.0929633663602
2139.7,608.0493861386117
2139.8,607.0919999999846
2139.9,601.7782000000076
2140.0,596.2014000000086
2140.1,589.7360000000122
2140.2,586.2216000002575
2140.3,662.4130000000089
2140.4,665.7762712871174
2140.5,673.780198019795
2140.6,677.4354999999928
2140.7,679.481500000001
2140.8,680.6025000000075
2140.9,686.8144999999976
2141.0,684.7159999999983
2141.1,682.7735000000107
2141.2,679.6168316831645
2141.3,675.2324000000197
2141.4,654.1384000000062
2141.5,646.7804000000191
2141.6,626.4968000000031
2141.7,622.813999999958
2141.8,610.6756000000108
2141.9,598.7406930693205
2142.0,585.035400000038
2142.1,572.1887000000405
2142.2,560.4884000000848
2142.3,612.8147000000342
2142.4,634.0506000000189
2142.5,646.6254000000054
2142.6,644.9286999999933
2142.7,647.2064356435673
2142.8,649.0949999999989
2142.9,651.3589999999987
2143.0,654.3089999999986
2143.1,657.3081999999976
2143.2,662.6588000000097
2143.3,665.1231999999984
2143.4,668.7266039603957
2143.5,669.3957415841621
2143.6,662.353899999974
2143.7,672.6672000000056
2143.8,675.3935000000068
2143.9,678.7577000000095
2144.0,683.5291999999877
2144.1,688.4486999999879
2144.2,693.2903524752521
2144.3,695.1225742574323
2144.4,698.35
2144.5,699.1800000000001
2144.6,701.1400000000001
2144.7,706.4300000000001
2144.8,707.0
2144.9,705.25
2145.0,705.75
2145.1,702.5123762376303
2145.2,700.886099999996
2145.3,673.575699999931
2145.4,655.4305000000361
2145.5,640.0040000000315
2145.6,638.3452000000032
2145.7,633.6274999999881
2145.8,624.0165999999758
2145.9,614.1866336633615
2146.0,605.3757999999959
2146.1,594.8218000000423
2146.2,585.2313999999956
2146.3,570.6045999999933
2146.4,651.7970000000378
2146.5,697.0308000000202
2146.6,695.4600059406041
2146.7,688.1909960395827
2146.8,680.2196999999765
2146.9,669.1936000000162
2147.0,659.7517000000149
2147.1,646.714500000021
2147.2,629.8008999999497
2147.3,613.9057999999532
2147.4,692.7299009902265
2147.5,688.8473148514804
2147.6,688.1372000000015
2147.7,690.347200000002
2147.8,693.3968000000027
2147.9,691.3023999999979
2148.0,692.1316000000008
2148.1,687.5140000000167
2148.2,683.7081188118689
2148.3,680.0525000000033
2148.4,677.6090000000027
2148.5,672.6735000000058
2148.6,680.1149999999908
2148.7,682.8665000000084
2148.8,684.2598019802
2148.9,687.9966059405994
2149.0,672.8234000000477
2149.1,670.3830000000048
2149.2,669.9703999999996
2149.3,669.3295999999991
2149.4,648.55359999997
2149.5,646.7600000000015
2149.6,644.2543564356458
2149.7,640.0337999999832
2149.8,637.8049000000008
2149.9,634.7584000000021
2150.0,628.9321000000041
2150.1,646.4217999999869
2150.2,649.8439000000086
2150.3,654.966199999998
2150.4,658.3325742574309
2150.5,663.3371999999878
2150.6,668.2579999999866
2150.7,673.7468000000101
2150.8,679.2592000000101
2150.9,685.4500000000114
2151.0,691.4607999999859
2151.1,696.2087999999874
2151.2,699.9594059405939
2151.3,700.3719
2151.4,697.7501000000007
2151.5,695.2059000000006
2151.6,694.9618
2151.7,690.6010999999992
2151.8,683.0902000000017
2151.9,671.9745544554693
2152.0,659.8500000000276
2152.1,647.0560000000293
2152.2,632.5939999999667
2152.3,615.4969999999605
2152.4,598.6040000000306
2152.5,653.1069999998581
2152.6,663.7869999999889
2152.7,649.7641584158343
2152.8,643.949399999999
2152.9,638.1633999999987
2153.0,634.8488999999993
2153.1,631.8410999999993
2153.2,628.8577999999977
2153.3,626.7321999999996
2153.4,626.7058000000001
2153.5,624.8266336633696
2153.6,627.6675999999936
2153.7,627.438799999998
2153.8,627.1563999999994
2153.9,625.5988000000023
2154.0,623.9380000000031
2154.1,620.7128000000063
2154.2,616.0495999999869
2154.3,608.6739603960323
2154.4,599.1787999999933
2154.5,675.5140000000608
2154.6,703.5790999999381
2154.7,709.6331000000029
2154.8,712.1710000000015
2154.9,711.234599999999
2155.0,708.8667306930677
2155.1,707.6011306930704
2155.2,703.3649999999849
2155.3,695.9060000000057
2155.4,686.621400000013
2155.5,664.0738000000337
2155.6,660.069600000001
2155.7,658.7673999999955
2155.8,655.0959405940536
2155.9,649.7384999999937
2156.0,655.8190000000093
2156.1,645.2760000000378
2156.2,637.3774999999922
2156.3,632.2954999999946
2156.4,629.8714999999977
2156.5,627.8699999999978
2156.6,638.2076237623689
2156.7,635.4639999999795
2156.8,632.2752000000005
2156.9,623.8936000000086
2157.0,628.1843999999937
2157.1,631.4739999999977
2157.2,638.3076000000278
2157.3,643.8895999999991
2157.4,651.4067663366429
2157.5,638.7413000000369
2157.6,637.8619999999929
2157.7,642.461500000008
2157.8,645.7104000000046
2157.9,645.8596999999993
2158.0,641.9471000000101
2158.1,642.2365346534641
2158.2,635.614799999997
2158.3,622.2200000000066
2158.4,609.6798000000056
2158.5,596.3398000000061
2158.6,671.2487999999571
2158.7,681.8585999999972
2158.8,675.4182178217725
2158.9,667.8266999999838
2159.0,659.0462000000147
2159.1,649.7989000000233
2159.2,637.7915999999741
2159.3,623.4586999999699
2159.4,610.9642999999755
2159.5,598.3949000000208
2159.6,654.5004950494691
2159.7,691.734000000026
2159.8,700.6220000000001
2159.9,701.3799999999999
2160.0,704.146
2160.1,706.096
2160.2,703.6259999999968
2160.3,700.962
2160.4,713.8402970296759
2160.5,703.3591000000363
2160.6,678.049300000056
2160.7,672.8235000000017
2160.8,688.8943000000504
2160.9,691.708000000002
2161.0,691.1167000000005
2161.1,687.0626000000103
2161.2,676.8328712871183
2161.3,663.7811999999939
2161.4,661.4050000000003
2161.5,659.9709999999991
2161.6,659.6447999999996
2161.7,644.0331999999909
2161.8,633.9649999999967
2161.9,634.1770514851459
2162.0,634.5713544554458
2162.1,633.0439000000031
2162.2,635.0486000000093
2162.3,641.6320000000225
2162.4,652.2734999999936
2162.5,653.0666000000039
2162.6,652.2713000000006
2162.7,654.3192534653504
2162.8,655.1471524752477
2162.9,654.4779999999992
2163.0,651.7115999999969
2163.1,648.5844000000078
2163.2,645.5243999999972
2163.3,642.7987999999976
2163.4,639.8063999999972
2163.5,636.7649504950515
2163.6,632.9125000000047
2163.7,627.4624999999799
2163.8,620.905
2163.9,615.9475000000049
2164.0,611.7025000000048
2164.1,602.9775000000116
2164.2,598.8374999999928
2164.3,594.2555445544452
2164.4,588.520999999992
2164.5,582.9004000000111
2164.6,576.8202000000199
2164.7,569.6473999999898
2164.8,604.4854000000679
2164.9,629.9678000000231
2165.0,635.142199999998
2165.1,639.329801980191
2165.2,647.0818000000047
2165.3,654.9022999999949
2165.4,661.0617999999961
2165.5,666.6852999999962
2165.6,672.2514999999962
2165.7,677.1372000000025
2165.8,682.7627722772345
2165.9,683.7631999999983
2166.0,681.8440000000033
2166.1,678.0032000000122
2166.2,669.5671999999819
2166.3,657.6907999999771
2166.4,643.878399999974
2166.5,628.8873108910836
2166.6,611.7581000000041
2166.7,648.3890000000642
2166.8,666.4497999999996
2166.9,670.8117999999987
2167.0,669.263400000001
2167.1,664.3845000000011
2167.2,658.2836999999928
2167.3,654.4448811881193
2167.4,651.9981089108949
2167.5,652.2099999999971
2167.6,652.320000000001
2167.7,648.6229999999883
2167.8,625.7679999999308
2167.9,617.0079999999995
2168.0,618.3179999999962
2168.1,620.7159405940494
2168.2,622.6295000000003
2168.3,626.6152000000012
2168.4,630.4946000000008
2168.5,632.1786000000002
2168.6,631.6075000000037
2168.7,629.9365999999995
2168.8,641.0216831683496
2168.9,654.6375999999956
2169.0,660.1319999999956
2169.1,651.169200000026
2169.2,636.0975999999579
2169.3,620.5247999999573
2169.4,603.1372000000066
2169.5,584.947600000033
2169.6,567.1458415842147
2169.7,550.1610999999887
2169.8,533.7657999999889
2169.9,517.0903999999884
2170.0,500.1165999999884
2170.1,482.7147000000416
2170.2,463.42289999998627
2170.3,455.85539999999907
2170.4,455.30049504950506
2170.5,455.19060000000013
2170.6,455.1204000000001
2170.7,455.0537999999998
2170.8,455.0036
2170.9,454.9570000000001
2171.0,454.9136000000001
2171.1,454.88020000000006
2171.2,453.61534653465
2171.3,452.87849999999986
2171.4,452.7684999999999
2171.5,452.67150000000015
2171.6,452.5815000000003
2171.7,452.4914999999999
2171.8,452.3884999999999
2171.9,452.2784999999999
2172.0,452.16920792079213
2172.1,452.0596000000001
2172.2,451.75119999999845
2172.3,451.6
2172.4,451.6
2172.5,451.6
2172.6,451.6
2172.7,451.6
2172.8,451.6
2172.9,451.6
2173.0,451.6
2173.1,451.6
2173.2,451.1715999999989
2173.3,450.91999999999996
2173.4,450.91999999999996
2173.5,450.91999999999996
2173.6,450.91999999999996
2173.7,450.91999999999996
2173.8,450.91999999999996
2173.9,450.98199999999997
2174.0,451.0386
2174.1,451.0686
2174.2,450.8239158415833
2174.3,450.7576000000003
2174.4,450.8017
2174.5,450.78999999999996
2174.6,450.7839
2174.7,450.78610000000003
2174.8,450.7716999999999
2174.9,450.7418811881188
2175.0,450.706
2175.1,450.64799999999997
2175.2,450.3259999999991
2175.3,450.082
2175.4,450.03200000000004
2175.5,450.05
2175.6,450.04
2175.7,449.98435643564335
2175.8,449.9068999999998
2175.9,449.9113
2176.0,449.9753999999999
2176.1,450.0294999999999
2176.2,449.9083999999994
2176.3,449.84540000000015
2176.4,449.9113
2176.5,449.98089108910887
2176.6,449.9694000000002
2176.7,449.94
2176.8,449.96320000000003
2176.9,450.009
2177.0,450.0184
2177.1,449.9578000000002
2177.2,449.7575999999999
2177.3,449.6285148514852
2177.4,449.6086
2177.5,449.54870000000017
2177.6,449.45870000000014
2177.7,449.4085999999999
2177.8,449.43420000000003
2177.9,449.48849999999993
2178.0,449.53279999999995
2178.1,449.52742574257434
2178.2,449.37559999999974
2178.3,449.2812
2178.4,449.28999999999996
2178.5,449.2395999999999
2178.6,449.2
2178.7,449.2
2178.8,449.2
2178.9,449.1395000000001
2179.0,449.04050000000007
2179.1,448.9395000000001
2179.2,448.7084999999989
2179.3,448.5765
2179.4,448.6008910891089
2179.5,448.63159999999993
2179.6,448.75799999999936
2179.7,448.83919999999995
2179.8,448.81919999999997
2179.9,448.7991999999999
2180.0,448.7954
2180.1,448.78920000000005
2180.2,448.6463366336633
2180.3,448.5882999999999
2180.4,448.59760000000006
2180.5,448.5441
2180.6,448.5088
2180.7,448.4528999999999
2180.8,448.4253
2180.9,448.4194
2181.0,448.40999999999997
2181.1,448.40999999999997
2181.2,448.35799999999983
2181.3,448.32040000000006
2181.4,448.33
2181.5,448.3404
2181.6,448.30320000000023
2181.7,448.26
2181.8,448.26
2181.9,448.2753
2182.0,448.29
2182.1,448.2747
2182.2,448.1885999999997
2182.3,448.12
2182.4,448.1302
2182.5,448.16524752475243
2182.6,448.1500000000002
2182.7,448.0899999999999
2182.8,448.05999999999995
2182.9,448.03499999999997
2183.0,448.02
2183.1,448.02
2183.2,447.87148514851447
2183.3,447.72
2183.4,447.72
2183.5,447.7347
2183.6,447.69610000000023
2183.7,447.6155
2183.8,447.5802
2183.9,447.55039999999997
2184.0,447.50574257425745
2184.1,447.46080000000006
2184.2,447.3823999999997
2184.3,447.31039999999996
2184.4,447.3
2184.5,447.3
2184.6,447.3
2184.7,447.3
2184.8,447.3
2184.9,447.2906
2185.0,447.2659
2185.1,447.24060000000003
2185.2,447.23940000000005
2185.3,447.2406
2185.4,447.23
2185.5,447.22069306930695
2185.6,447.21000000000004
2185.7,447.21920000000006
2185.8,447.23920000000004
2185.9,447.25
2186.0,447.25
2186.1,447.25
2186.2,447.18559999999957
2186.3,447.11
2186.4,447.119
2186.5,447.14349999999996
2186.6,447.1779999999999
2186.7,447.2
2186.8,447.191
2186.9,447.18
2187.0,447.25199999999984
2187.1,447.3266336633664
2187.2,447.2703999999999
2187.3,447.3563999999997
2187.4,447.49480000000005
2187.5,447.41920000000005
2187.6,447.36240000000004
2187.7,447.3091999999999
2187.8,447.2392000000001
2187.9,447.17821782178214
2188.0,447.11990000000003
2188.1,447.07570000000004
2188.2,447.00979999999976
2188.3,446.94720000000007
2188.4,446.9915000000001
2188.5,447.0329
2188.6,447.05
2188.7,447.05
2188.8,447.05
2188.9,447.00380000000007
2189.0,446.9232
2189.1,446.8706
2189.2,446.80059999999986
2189.3,446.7768
2189.4,446.8
2189.5,446.8
2189.6,446.7385000000004
2189.7,446.6582
2189.8,446.67
2189.9,446.6167
2190.0,446.5113000000002
2190.1,446.4536000000001
2190.2,446.4381188118812
2190.3,446.442
2190.4,446.43
2190.5,446.43
2190.6,446.37000000000023
2190.7,446.292
2190.8,446.318
2190.9,446.27455445544564
2191.0,446.19
2191.1,446.2055999999999
2191.2,446.23780000000005
2191.3,446.26560000000006
2191.4,446.28999999999996
2191.5,446.28220000000005
2191.6,446.24683168316847
2191.7,446.18719999999996
2191.8,446.14239999999995
2191.9,446.13
2192.0,446.1376
2192.1,446.1424
2192.2,446.111
2192.3,446.0838
2192.4,446.09
2192.5,446.09
2192.6,446.07890000000003
2192.7,446.0525999999999
2192.8,446.03999999999996
2192.9,446.03999999999996
2193.0,446.03999999999996
2193.1,446.03999999999996
2193.2,446.0147999999999
2193.3,445.97
2193.4,445.97
2193.5,445.97
2193.6,445.97
2193.7,445.97720000000004
2193.8,446.00800000000004
2193.9,446.04
2194.0,446.033
2194.1,446.0095
2194.2,445.9584999999997
2194.3,445.9
2194.4,445.88250000000005
2194.5,445.85
2194.6,445.85
2194.7,445.85
2194.8,445.8295999999999
2194.9,445.7968
2195.0,445.8168
2195.1,445.8367999999999
2195.2,445.8261999999999
2195.3,445.78
2195.4,445.7936000000001
2195.5,445.809900990099
2195.6,445.79
2195.7,445.7767999999999
2195.8,445.7632
2195.9,445.79
2196.0,445.84609999999986
2196.1,445.9534
2196.2,445.9334653465346
2196.3,446.00320000000045
2196.4,446.14799999999997
2196.5,446.07040000000006
2196.6,446.05959999999993
2196.7,446.08
2196.8,446.0607999999999
2196.9,446.00079999999997
2197.0,445.95683168316833
2197.1,445.9407
2197.2,445.92930000000007
2197.3,445.9345
2197.4,445.9062
2197.5,445.9324
2197.6,445.9414
2197.7,445.8906999999999
2197.8,445.8515841584158
2197.9,445.83400000000006
2198.0,445.83000000000044
2198.1,445.6750000000001
2198.2,445.65800000000013
2198.3,445.697
2198.4,445.696
2198.5,445.68900000000014
2198.6,445.64297029702965
2198.7,445.6645
2198.8,445.7087
2198.9,445.7242
2199.0,445.7274
2199.1,445.7902999999999
2199.2,445.8342
2199.3,445.8229
2199.4,445.81277227722774
2199.5,445.7783999999999
2199.6,445.82239999999985
2199.7,445.86319999999984
2199.8,445.81159999999994
2199.9,445.77600000000007
2200.0,445.75959999999986
2200.1,445.80160000000006
2200.2,445.76336633663357
2200.3,445.73350000000005
2200.4,445.7673
2200.5,445.7735
2200.6,445.7884
2200.7,445.73
2200.8,445.7354
2200.9,445.7581
2201.0,445.7425742574257
2201.1,445.62700000000007
2201.2,445.60820000000024
2201.3,445.65999999999997
2201.4,445.6626
2201.5,445.65700000000004
2201.6,445.60960000000006
2201.7,445.59040000000016
2201.8,445.6122772277227
2201.9,445.59
2202.0,445.6
2202.1,445.65499999999963
2202.2,445.735
2202.3,445.7525
2202.4,445.7775000000001
2202.5,445.81267326732666
2202.6,445.76
2202.7,445.7792000000002
2202.8,445.82800000000003
2202.9,445.78040000000004
2203.0,445.7548
2203.1,445.7604
2203.2,445.7109900990096
2203.3,445.6638000000001
2203.4,445.71
2203.5,445.6939000000002
2203.6,445.6560999999998
2203.7,445.7169
2203.8,445.72159999999985
2203.9,445.65999999999997
2204.0,445.6776
2204.1,445.72900000000004
2204.2,445.67899999999986
2204.3,445.64
2204.4,445.629
2204.5,445.5724
2204.6,445.51439999999997
2204.7,445.53
2204.8,445.53420000000006
2204.9,445.5563
2205.0,445.5988999999998
2205.1,445.66790000000003
2205.2,445.65999999999997
2205.3,445.6768000000002
2205.4,445.7358
2205.5,445.7096039603961
2205.6,445.67799999999994
2205.7,445.714
2205.8,445.71799999999996
2205.9,445.682
2206.0,445.74
2206.1,445.7600000000001
2206.2,445.6819801980198
2206.3,445.69
2206.4,445.67670000000015
2206.5,445.62379999999996
2206.6,445.65329999999983
2206.7,445.70429999999993
2206.8,445.6914000000001
2206.9,445.77574257425715
2207.0,445.92099999999994
2207.1,445.8782
2207.2,445.8736
2207.3,445.87739999999997
2207.4,445.82
2207.5,445.8488000000001
2207.6,445.971
2207.7,445.9478217821783
2207.8,446.01639999999986
2207.9,445.94660000000005
2208.0,445.9215000000001
2208.1,445.8698000000001
2208.2,445.8148999999999
2208.3,445.8036000000002
2208.4,445.88189999999986
2208.5,445.96524752475216
2208.6,446.09
2208.7,446.08199999999994
2208.8,446.0352
2208.9,445.99079999999987
2209.0,445.882
2209.1,445.8495999999998
2209.2,445.90960000000007
2209.3,445.9631683168317
2209.4,445.97400000000005
2209.5,445.93250000000006
2209.6,445.8780000000001
2209.7,445.81
2209.8,445.807
2209.9,445.7795000000001
2210.0,445.7482178217819
2210.1,445.9044000000001
2210.2,445.86719999999997
2210.3,445.84439999999995
2210.4,445.81
2210.5,445.8016
2210.6,445.75
2210.7,445.75
2210.8,445.75
2210.9,445.7578
2211.0,445.81
2211.1,445.81
2211.2,445.8034999999999
2211.3,445.76
2211.4,445.76
2211.5,445.7574257425743
2211.6,445.74
2211.7,445.74
2211.8,445.74
2211.9,445.74
2212.0,445.74
2212.1,445.74
2212.2,445.74
2212.3,445.74
2212.4,445.74
2212.5,445.74
2212.6,445.74
2212.7,445.74
2212.8,445.74
2212.9,445.74
2213.0,445.74
2213.1,445.74
2213.2,445.74
2213.3,445.74
2213.4,445.74
2213.5,445.74
2213.6,445.74
2213.7,445.74
2213.8,445.74
2213.9,445.7409
2214.0,445.75
2214.1,445.75
2214.2,445.75
2214.3,445.75
2214.4,445.75
2214.5,445.75
2214.6,445.75
2214.7,445.75
2214.8,445.75
2214.9,445.75
2215.0,445.75
2215.1,445.75
2215.2,445.75
2215.3,445.75
2215.4,445.75
2215.5,445.75
2215.6,445.75
2215.7,445.75
2215.8,445.75
2215.9,445.75
2216.0,445.75
2216.1,445.75
2216.2,445.75
2216.3,445.75
2216.4,445.75
2216.5,445.75
2216.6,445.75
2216.7,445.75
2216.8,445.75
2216.9,445.75600000000014
2217.0,445.87
2217.1,445.87
2217.2,445.87
2217.3,445.87
2217.4,445.87
2217.5,445.87
2217.6,445.87
2217.7,445.87
2217.8,445.87
2217.9,445.8747999999999
2218.0,445.99
2218.1,445.99
2218.2,445.99
2218.3,445.9935999999999
2218.4,446.08
2218.5,446.08
2218.6,446.08
2218.7,446.08
2218.8,446.08
2218.9,446.08
2219.0,446.08
2219.1,446.08
2219.2,446.08
2219.3,446.08239999999995
2219.4,446.2
2219.5,446.2
2219.6,446.2
2219.7,446.2
2219.8,446.2
2219.9,446.2
2220.0,446.2371029702961
2220.1,448.36029900989377
2220.2,462.90690000003417
2220.3,479.56310000002725
2220.4,492.8159000000152
2220.5,500.4168999999782
2220.6,509.10179999997956
2220.7,517.2825000000169
2220.8,525.5141584158546
2220.9,531.9300000000001
2221.0,539.38
2221.1,606.77
2221.2,619.5699999999999
2221.3,660.31
2221.4,648.28
2221.5,637.98
2221.6,631.7762376237454
2221.7,620.8991188118536
2221.8,605.722199999962
2221.9,585.77990000004
2222.0,648.1182999998707
2222.1,641.1072000000157
2222.2,629.6350999999712
2222.3,616.9734653465284
2222.4,603.744799999994
2222.5,651.3334000000223
2222.6,638.5312000000563
2222.7,619.9141999999915
2222.8,604.9967999999933
2222.9,693.7134000000414
2223.0,701.6158000000028
2223.1,679.9665346534994
2223.2,699.3887000000612
2223.3,693.8116999999811
2223.4,689.662400000006
2223.5,689.1423000000007
2223.6,689.4306999999994
2223.7,689.2847999999994
2223.8,677.164699999963
2223.9,679.5463366336662
2224.0,674.4855999999951
2224.1,670.1804000000147
2224.2,667.0915999999972
2224.3,665.923599999999
2224.4,653.4863999999883
2224.5,656.090000000003
2224.6,658.8051564356408
2224.7,660.2984900990148
2224.8,663.485999999997
2224.9,649.514000000017
2225.0,652.8074999999952
2225.1,657.5514999999946
2225.2,661.0485000000117
2225.3,659.9850000000012
2225.4,661.6883168316855
2225.5,676.7365999999538
2225.6,675.0110000000091
2225.7,670.9953999999944
2225.8,665.6927999999928
2225.9,659.7205999999918
2226.0,655.2240000000128
2226.1,650.7532673267365
2226.2,648.4311999999917
2226.3,646.0201000000009
2226.4,643.3297000000018
2226.5,639.7362000000024
2226.6,635.5275000000029
2226.7,631.7424999999855
2226.8,627.6019000000015
2226.9,624.4279207920742
2227.0,622.0088000000055
2227.1,604.7448000000506
2227.2,596.7923999999872
2227.3,588.8699999999855
2227.4,580.6215999999849
2227.5,573.5844000000163
2227.6,567.5580039603799
2227.7,561.2411346534625
2227.8,555.1190000000014
2227.9,549.0190000000014
2228.0,602.8060999999864
2228.1,613.0393999999987
2228.2,626.6240000000025
2228.3,631.7965999999991
2228.4,638.2977227722633
2228.5,647.4839999999784
2228.6,655.3059999999826
2228.7,662.1360000000153
2228.8,669.2360000000162
2228.9,674.5489999999907
2229.0,680.4059999999865
2229.1,680.2170000000019
2229.2,677.9557425742563
2229.3,674.1121999999991
2229.4,665.446399999998
2229.5,653.9635999999973
2229.6,640.743999999997
2229.7,626.4183999999894
2229.8,608.9790999999959
2229.9,663.1881643564501
2230.0,670.4648871287122
2230.1,675.7547999999892
2230.2,672.5979999999879
2230.3,667.8195999999868
2230.4,662.2064000000073
2230.5,657.8768000000075
2230.6,653.7720000000074
2230.7,651.0495049504926
2230.8,649.3105999999989
2230.9,645.8896999999974
2231.0,616.6564999999774
2231.1,611.7336000000023
2231.2,610.2653999999989
2231.3,614.3491000000033
2231.4,617.3303000000019
2231.5,620.3502970296996
2231.6,624.0565999999948
2231.7,626.9464000000087
2231.8,626.7882000000004
2231.9,626.6656
2232.0,640.8327999999775
2232.1,654.4059999999821
2232.2,658.390000000008
2232.3,660.2897029702996
2232.4,662.5575000000026
2232.5,660.9294999999973
2232.6,660.0360000000018
2232.7,660.7900000000011
2232.8,662.2745000000018
2232.9,651.281499999985
2233.0,651.3145000000027
2233.1,656.5680198019768
2233.2,658.6072000000048
2233.3,657.1904000000004
2233.4,653.5200000000036
2233.5,648.3692000000049
2233.6,642.9488000000049
2233.7,634.4443999999669
2233.8,622.325077227737
2233.9,608.589412871273
2234.0,661.0580999998558
2234.1,682.2831999999644
2234.2,668.0702999999688
2234.3,683.5395000000361
2234.4,670.2919999999672
2234.5,664.515800000006
2234.6,646.09405940596
2234.7,641.8555999999999
2234.8,640.6976000000006
2234.9,639.5826000000005
2235.0,641.070999999999
2235.1,658.5697999999906
2235.2,698.287000000016
2235.3,704.9782534653443
2235.4,698.3414623762216
2235.5,692.5084000000088
2235.6,691.8625999999989
2235.7,691.7474999999995
2235.8,691.6270999999998
2235.9,696.0850495049527
2236.0,684.51
2236.1,680.1
2236.2,676.0379999999958
2236.3,674.5079999999999
2236.4,675.664
2236.5,678.51
2236.6,679.116
2236.7,663.336153465297
2236.8,653.8706999999833
2236.9,651.1112000000019
2237.0,646.1680000000118
2237.1,642.4773000000064
2237.2,623.476199999942
2237.3,617.5126158415828
2237.4,615.5563564356426
2237.5,609.3257999999967
2237.6,604.7672000000116
2237.7,618.7912000000086
2237.8,618.6665999999975
2237.9,616.9663999999997
2238.0,614.2637999999986
2238.1,611.8950495049529
2238.2,610.1471999999951
2238.3,609.2694999999981
2238.4,609.3278999999999
2238.5,610.1830999999984
2238.6,613.0148999999947
2238.7,616.1847000000092
2238.8,621.2351000000167
2238.9,624.1233663366365
2239.0,626.8012000000026
2239.1,630.8035999999889
2239.2,632.2832000000005
2239.3,623.8775999999898
2239.4,622.4036000000015
2239.5,621.9463999999989
2239.6,619.2777980197776
2239.7,615.8717574257222
2239.8,610.65
2239.9,603.0800000000092
2240.0,595.1375000000089
2240.1,587.5375000000085
2240.2,578.5124999999675
2240.3,659.7925
2240.4,684.8582178217795
2240.5,685.8261999999947
2240.6,686.6209999999995
2240.7,684.8617999999967
2240.8,682.5575999999969
2240.9,680.5417999999974
2241.0,675.4224000000124
2241.1,668.2460435643666
2241.2,659.4162930693019
2241.3,661.5281999999956
2241.4,658.5023000000044
2241.5,643.2888000000125
2241.6,635.7915000000023
2241.7,627.2460999999944
2241.8,616.9493069306816
2241.9,604.7199999999764
2242.0,591.9576000000185
2242.1,576.5156000000451
2242.2,634.2060000001575
2242.3,659.6568000000032
2242.4,662.2468000000054
2242.5,664.7238613861394
2242.6,667.3708999999994
2242.7,671.9927000000059
2242.8,678.1365999999986
2242.9,685.0438999999984
2243.0,690.408599999999
2243.1,695.011799999999
2243.2,680.2797999999752
2243.3,661.2844554455178
2243.4,655.8970000000002
2243.5,658.3389999999919
2243.6,661.7829999999923
2243.7,665.1380000000077
2243.8,667.4910000000044
2243.9,668.790999999999
2244.0,668.7326732673271
2244.1,669.3703999999967
2244.2,684.6547000000049
2244.3,703.9663000000041
2244.4,709.7956
2244.5,710.1391000000001
2244.6,708.0796000000092
2244.7,706.6721999999999
2244.8,707.1221782178236
2244.9,707.0596000000002
2245.0,705.6116000000034
2245.1,687.5408000000467
2245.2,676.9059999999903
2245.3,677.4904000000068
2245.4,678.4087999999999
2245.5,675.2350495049511
2245.6,661.0539000000446
2245.7,659.3089000000045
2245.8,654.7094999999931
2245.9,643.8425999999923
2246.0,632.7565999999924
2246.1,620.0147000000321
2246.2,666.5974663366857
2246.3,700.8314851485057
2246.4,682.5314000000474
2246.5,666.1760000000095
2246.6,660.6818000000064
2246.7,652.1167999999666
2246.8,644.5997999999989
2246.9,635.9238653465484
2247.0,623.5932326733038
2247.1,608.6780000000534
2247.2,595.3704999999864
2247.3,583.3144999999863
2247.4,649.9205000001239
2247.5,702.5549999999594
2247.6,713.9479999999812
2247.7,717.5340247524822
2247.8,720.6770930693095
2247.9,720.9252000000015
2248.0,720.0592000000004
2248.1,716.0948000000053
2248.2,712.4111999999911
2248.3,695.0727999999813
2248.4,685.8163999999999
2248.5,692.682574257402
2248.6,697.5634999999958
2248.7,696.128099999995
2248.8,699.4619000000114
2248.9,688.0950999999646
2249.0,680.6889999999984
2249.1,679.5131000000077
2249.2,679.8945000000034
2249.3,680.2284158415839
2249.4,664.2640000000115
2249.5,651.4508000000023
2249.6,647.3138000000015
2249.7,642.4335999999927
2249.8,639.4602000000006
2249.9,635.4732000000025
