t,pwr
0.0,0.0
0.1,27.11
0.2,27.11
0.3,27.11
0.4,27.11
0.5,27.10675213675213
0.6,27.09034188034188
0.7,27.1074358974359
0.8,27.11
0.9,27.11
1.0,27.11
1.1,27.11
1.2,27.11
1.3,27.11
1.4,27.11
1.5,27.11
1.6,27.11
1.7,27.11
1.8,27.11
1.9,27.11
2.0,27.11
2.1,27.11
2.2,27.11
2.3,27.11
2.4,27.11
2.5,27.11
2.6,27.11
2.7,27.11
2.8,27.11
2.9,27.11
3.0,27.11
3.1,27.11
3.2,27.11
3.3,27.11
3.4,27.11
3.5,27.11
3.6,27.11
3.7,27.11
3.8,27.11
3.9,27.11
4.0,27.11
4.1,27.11
4.2,27.11
4.3,27.11
4.4,27.11
4.5,27.11
4.6,27.11
4.7,27.11
4.8,27.11
4.9,27.11
5.0,27.11
5.1,27.11
5.2,27.11
5.3,27.11
5.4,27.11
5.5,27.11
5.6,27.11
5.7,27.11
5.8,27.11
5.9,27.11
6.0,27.11
6.1,27.11
6.2,27.11
6.3,27.11
6.4,27.11
6.5,27.11
6.6,27.11
6.7,27.11
6.8,27.11
6.9,27.11
7.0,27.11
7.1,27.11
7.2,27.11
7.3,27.11
7.4,27.11
7.5,27.11
7.6,27.11
7.7,27.11
7.8,27.11
7.9,27.11
8.0,27.11
8.1,27.11
8.2,27.11
8.3,27.11
8.4,27.11
8.5,27.11
8.6,27.11
8.7,27.11
8.8,27.11
8.9,27.11
9.0,27.11
9.1,27.11
9.2,27.11
9.3,27.11
9.4,27.11
9.5,27.11
9.6,27.11
9.7,27.11
9.8,27.11
9.9,27.11
10.0,26.93068965517241
10.1,26.993448275862068
10.2,27.11
10.3,27.11
10.4,27.11
10.5,27.11
10.6,27.11
10.7,27.11
10.8,27.11
10.9,27.11
11.0,27.11
11.1,27.11
11.2,27.11
11.3,27.11
11.4,27.11
11.5,27.11
11.6,27.11
11.7,27.11
11.8,27.11
11.9,27.11
12.0,27.11
12.1,27.11
12.2,27.11
12.3,27.11
12.4,27.10593220338983
12.5,27.09
12.6,27.09
12.7,27.07521008403361
12.8,47.957631578947485
12.9,61.84052631578948
13.0,62.366
13.1,62.81
13.2,62.81
13.3,62.81
13.4,62.81
13.5,62.81
13.6,62.81
13.7,62.81
13.8,62.81
13.9,62.81
14.0,62.81
14.1,62.81
14.2,62.97631578947368
14.3,63.05
14.4,63.05429824561404
14.5,63.05708333333333
14.6,63.05
14.7,63.05
14.8,63.05
14.9,63.05
15.0,63.05
15.1,63.05
15.2,63.05
15.3,63.05
15.4,63.05
15.5,63.05
15.6,63.05
15.7,63.05
15.8,63.05
15.9,63.05
16.0,63.05
16.1,63.05
16.2,63.05
16.3,63.05844827586207
16.4,63.05310924369748
16.5,63.05552631578947
16.6,63.05577586206896
16.7,63.05
16.8,63.05
16.9,63.05
17.0,63.05
17.1,63.05
17.2,63.05617391304348
17.3,63.05513043478261
17.4,63.05359649122807
17.5,63.05765217391304
17.6,63.05
17.7,63.05
17.8,63.05
17.9,63.05
18.0,63.05
18.1,63.05
18.2,63.05
18.3,63.05
18.4,63.05
18.5,63.05
18.6,63.05780701754386
18.7,63.05336283185841
18.8,63.05
18.9,63.053859649122806
19.0,63.057391304347824
19.1,63.05
19.2,63.05008547008547
19.3,63.05863247863248
19.4,63.05269565217391
19.5,63.05
19.6,63.05
19.7,63.05322033898305
19.8,63.06
19.9,63.06
20.0,63.06
20.1,63.05220338983051
20.2,63.20050847457627
20.3,63.29
20.4,63.20940170940172
20.5,63.10884955752213
20.6,63.29
20.7,63.29
20.8,63.29817391304348
20.9,63.293070175438594
21.0,63.29
21.1,63.19681034482758
21.2,63.121465517241376
21.3,63.29129310344828
21.4,63.29991379310344
21.5,63.29153846153846
21.6,63.29
21.7,63.29516666666667
21.8,63.3
21.9,63.297758620689656
22.0,63.29
22.1,63.29
22.2,63.29805084745762
22.3,63.27433333333333
22.4,63.27413223140496
22.5,63.29
22.6,63.29
22.7,63.29
22.8,63.29862068965517
22.9,63.29256637168142
23.0,63.29612068965517
23.1,63.2953781512605
23.2,63.29313043478261
23.3,63.29818965517241
23.4,63.29
23.5,63.29
23.6,63.29
23.7,63.35581196581197
23.8,63.35017094017094
23.9,63.29
24.0,63.29
24.1,63.29
24.2,63.29
24.3,63.29
24.4,63.356086956521736
24.5,63.39
24.6,63.39
24.7,63.36758620689656
24.8,63.29
24.9,63.29
25.0,63.29
25.1,63.29
25.2,63.29
25.3,63.33122807017544
25.4,63.39
25.5,63.378793103448274
25.6,63.29258620689655
25.7,63.37220338983051
25.8,63.32189655172414
25.9,63.34478260869565
26.0,63.39
26.1,63.36142857142857
26.2,63.29129310344828
26.3,63.29991379310344
26.4,63.377478260869566
26.5,63.31631578947368
26.6,63.34982905982906
26.7,63.34470085470085
26.8,63.29
26.9,63.29
27.0,63.29
27.1,63.29
27.2,63.297435897435896
27.3,63.35478260869565
27.4,63.34217391304348
27.5,63.32418803418803
27.6,63.37050847457627
27.7,63.29427350427351
27.8,63.37974358974359
27.9,63.39
28.0,63.32931623931624
28.1,63.33736842105263
28.2,63.39
28.3,63.39
28.4,63.39
28.5,63.39
28.6,63.39
28.7,63.39
28.8,63.34084745762712
28.9,63.325398230088496
29.0,63.39
29.1,63.39
29.2,63.39
29.3,63.39
29.4,63.39652173913044
29.5,63.3948717948718
29.6,63.39
29.7,63.39
29.8,63.39
29.9,63.39
30.0,63.39
30.1,63.39
30.2,63.345
30.3,63.333652173913045
30.4,63.39245614035088
30.5,63.39881355932203
30.6,63.390338983050846
30.7,63.39820512820513
30.8,63.393130434782606
30.9,63.39
31.0,63.39
31.1,63.39
31.2,63.39
31.3,63.39
31.4,63.39
31.5,63.39
31.6,63.52912280701754
31.7,63.64587719298245
31.8,63.568879310344826
31.9,63.427280701754384
32.0,63.64
32.1,63.64
32.2,63.46252100840336
32.3,63.544
32.4,63.64
32.5,63.64299145299145
32.6,63.61052631578947
32.7,63.39966101694915
32.8,63.39118644067797
32.9,63.39
33.0,63.39
33.1,63.49869565217392
33.2,63.64304347826087
33.3,63.6482905982906
33.4,63.63358974358975
33.5,63.419914529914536
33.6,63.57376068376068
33.7,63.64
33.8,63.64
33.9,63.64
34.0,63.64
34.1,63.64
34.2,63.64
34.3,63.64
34.4,63.64
34.5,63.64
34.6,63.63
34.7,63.61545454545455
34.8,63.64
34.9,63.64
35.0,63.64
35.1,63.64
35.2,63.64
35.3,63.64
35.4,63.64
35.5,63.64
35.6,63.64
35.7,63.64
35.8,63.64
35.9,63.64
36.0,63.64
36.1,63.64
36.2,63.64
36.3,63.64
36.4,63.64
36.5,63.64
36.6,63.64
36.7,63.64
36.8,63.64
36.9,63.64
37.0,63.64
37.1,63.64
37.2,63.64
37.3,63.64
37.4,63.64
37.5,63.64
37.6,63.64
37.7,63.64
37.8,63.64
37.9,63.64
38.0,63.64
38.1,63.64
38.2,63.64
38.3,63.64
38.4,63.64
38.5,63.64
38.6,63.64
38.7,63.64
38.8,63.64
38.9,63.64
39.0,63.64
39.1,63.64
39.2,63.64
39.3,63.64
39.4,63.63425
39.5,63.610743801652895
39.6,63.63553719008264
39.7,63.64
39.8,63.64
39.9,63.64
40.0,63.64
40.1,63.64
40.2,63.64
40.3,63.64
40.4,63.64
40.5,63.64
40.6,63.64
40.7,63.64219298245614
40.8,63.64906779661017
40.9,63.640593220338985
41.0,63.64
41.1,63.64
41.2,63.64
41.3,63.64
41.4,63.64
41.5,63.64
41.6,63.64
41.7,63.64
41.8,63.64
41.9,63.64
42.0,63.64
42.1,63.64
42.2,63.64
42.3,63.64
42.4,63.64
42.5,63.64
42.6,63.64398230088496
42.7,63.64719298245614
42.8,63.64
42.9,63.64
43.0,63.64
43.1,63.64
43.2,63.64
43.3,63.64
43.4,63.64
43.5,63.64
43.6,63.64
43.7,63.64
43.8,63.64
43.9,63.64
44.0,63.64
44.1,63.64
44.2,63.64032786885246
44.3,63.64852459016393
44.4,63.64310924369748
44.5,63.64
44.6,63.64
44.7,63.64
44.8,63.64
44.9,63.64
45.0,63.64
45.1,63.64
45.2,63.64
45.3,63.64
45.4,63.64
45.5,63.64
45.6,63.64
45.7,63.64
45.8,63.64
45.9,63.64
46.0,63.64
46.1,63.64
46.2,63.64
46.3,63.64
46.4,63.64
46.5,63.64
46.6,63.64
46.7,63.64
46.8,63.64
46.9,63.64
47.0,63.64
47.1,63.64
47.2,63.64
47.3,63.64
47.4,63.64
47.5,63.64
47.6,63.64
47.7,63.64
47.8,63.64
47.9,63.64
48.0,63.64
48.1,63.64
48.2,63.64
48.3,63.64
48.4,63.64
48.5,63.64
48.6,63.64
48.7,63.79517241379311
48.8,63.7693103448276
48.9,63.67859649122807
49.0,63.7800826446281
49.1,63.89
49.2,63.89
49.3,63.89
49.4,63.745603448275865
49.5,63.64
49.6,63.71608695652175
49.7,63.848677685950406
49.8,63.64206611570249
49.9,63.64
50.0,63.818260869565215
50.1,63.74805084745763
50.2,63.74652173913044
50.3,63.816086956521744
50.4,63.681304347826085
50.5,63.89
50.6,63.89
50.7,63.89
50.8,63.89
50.9,63.89
51.0,63.89
51.1,63.89
51.2,63.89
51.3,63.89
51.4,63.89
51.5,63.89
51.6,63.7751282051282
51.7,63.73068965517242
51.8,63.912
51.9,63.99234782608696
52.0,63.89669565217391
52.1,63.89
52.2,63.89
52.3,63.89
52.4,63.89
52.5,63.89
52.6,63.891282051282055
52.7,63.89982905982906
52.8,63.984482758620686
52.9,63.92290598290599
53.0,63.94909090909091
53.1,63.95863247863248
53.2,63.89
53.3,63.89
53.4,63.89
53.5,63.89
53.6,63.89
53.7,63.89
53.8,63.89
53.9,63.89
54.0,63.89
54.1,63.89
54.2,63.94504273504274
54.3,63.985
54.4,63.94872881355932
54.5,63.89
54.6,63.91181034482759
54.7,63.993583333333326
54.8,63.90191666666667
54.9,63.89
55.0,63.89
55.1,63.89452173913043
55.2,63.9313559322034
55.3,64.0
55.4,63.99908333333334
55.5,63.90741666666666
55.6,63.96615384615384
55.7,63.93982905982906
55.8,63.93495652173912
55.9,63.97016949152543
56.0,63.89
56.1,63.89
56.2,63.89
56.3,63.95581967213115
56.4,64.0
56.5,64.0
56.6,63.98577586206896
56.7,63.89094827586207
56.8,63.98307692307692
56.9,63.9215652173913
57.0,63.89
57.1,63.935833333333335
57.2,63.97179487179487
57.3,63.902327586206894
57.4,63.99715517241379
57.5,63.90721739130435
57.6,63.89
57.7,63.89
57.8,63.92727272727272
57.9,63.98166666666667
58.0,63.89
58.1,63.98090909090909
58.2,63.92818181818181
58.3,63.94316666666666
58.4,64.0
58.5,64.0
58.6,64.0
58.7,64.0
58.8,64.0
58.9,64.0
59.0,64.0
59.1,64.0
59.2,64.0
59.3,63.91704918032787
59.4,63.954166666666666
59.5,64.0
59.6,64.0
59.7,64.0
59.8,64.0
59.9,64.0
60.0,64.0
60.1,64.0
60.2,64.0
60.3,64.0
60.4,64.0
60.5,64.0
60.6,63.9125641025641
60.7,63.89
60.8,63.945
60.9,63.96425
61.0,63.89
61.1,63.89286956521739
61.2,63.988521739130434
61.3,63.91726495726496
61.4,63.89
61.5,63.89
61.6,63.923189655172415
61.7,63.993391304347824
61.8,63.96135593220339
61.9,63.99525423728814
62.0,64.0
62.1,64.0
62.2,64.0
62.3,64.0
62.4,64.0
62.5,64.0
62.6,64.0
62.7,64.0
62.8,64.0
62.9,64.0
63.0,64.0
63.1,63.97727272727273
63.2,63.89376068376069
63.3,63.98777777777777
63.4,64.0
63.5,63.92956140350877
63.6,63.94453781512605
63.7,64.0
63.8,64.0
63.9,64.0
64.0,64.0
64.1,63.9142372881356
64.2,63.95898305084746
64.3,64.0
64.4,64.0
64.5,64.0
64.6,64.0
64.7,64.0
64.8,63.91350427350428
64.9,63.96236842105264
65.0,64.0
65.1,64.0
65.2,64.0
65.3,64.0
65.4,64.0
65.5,64.0
65.6,63.97243697478992
65.7,63.98135593220339
65.8,64.0
65.9,63.97049180327869
66.0,63.8525
66.1,63.9775
66.2,64.0
66.3,64.0
66.4,63.987
66.5,63.96628099173554
66.6,63.999338842975206
66.7,64.0
66.8,64.0
66.9,64.0
67.0,64.0
67.1,64.0
67.2,64.0
67.3,64.0
67.4,63.976260162601626
67.5,63.96
67.6,63.970247933884295
67.7,64.0
67.8,64.0
67.9,63.919090909090905
68.0,63.92901639344262
68.1,63.96
68.2,63.96892561983472
68.3,64.0
68.4,64.0
68.5,64.0
68.6,64.0
68.7,64.0
68.8,64.0
68.9,64.0
69.0,64.0
69.1,64.0
69.2,64.0
69.3,64.0
69.4,64.0
69.5,64.0
69.6,63.98545454545455
69.7,63.89454545454545
69.8,63.97931623931623
69.9,64.0
70.0,64.0
70.1,64.0
70.2,64.0
70.3,64.0
70.4,64.0
70.5,64.0
70.6,64.0
70.7,64.0
70.8,64.0
70.9,64.0
71.0,64.0
71.1,64.0
71.2,64.0
71.3,64.0
71.4,64.0
71.5,64.0
71.6,64.0
71.7,64.0
71.8,64.0
71.9,63.90957627118644
72.0,63.96427350427351
72.1,64.0
72.2,64.0
72.3,64.0
72.4,64.0
72.5,64.0
72.6,64.0
72.7,64.0
72.8,64.11895652173912
72.9,64.24
73.0,64.18991304347826
73.1,64.01862068965518
73.2,64.22551724137932
73.3,64.04591304347827
73.4,64.0
73.5,64.0
73.6,64.0
73.7,64.0
73.8,64.0
73.9,64.0
74.0,64.19282051282052
74.1,64.24
74.2,64.11076923076922
74.3,64.09599999999999
74.4,64.24
74.5,64.21473684210525
74.6,64.00421052631582
74.7,64.0
74.8,64.16067796610169
74.9,64.11157894736841
75.0,64.0
75.1,64.0
75.2,64.03076923076922
75.3,64.23589743589741
75.4,64.24
75.5,64.06678260869565
75.6,64.0
75.7,64.10551724137932
75.8,64.23086956521739
75.9,64.21521739130435
76.0,64.24
76.1,64.24
76.2,64.24
76.3,64.24
76.4,64.12896551724135
76.5,63.97052631578948
76.6,64.03310344827584
76.7,64.24
76.8,64.00068376068376
76.9,64.1586324786325
77.0,64.24
77.1,64.24
77.2,64.24
77.3,64.19897435897437
77.4,64.0
77.5,64.0
77.6,64.17999999999998
77.7,64.24
77.8,64.24
77.9,64.24
78.0,64.24
78.1,64.24
78.2,64.24
78.3,64.24
78.4,64.08410256410255
78.5,64.12313043478261
78.6,64.24
78.7,64.24
78.8,64.219173553719
78.9,63.98776859504133
79.0,63.98885245901639
79.1,64.13199999999999
79.2,64.1487603305785
79.3,64.04999999999998
79.4,64.24
79.5,64.24
79.6,64.24
79.7,64.09103448275862
79.8,64.11686956521739
79.9,64.24
80.0,64.24
80.1,64.24
80.2,64.03310344827584
80.3,64.17230769230768
80.4,64.24
80.5,64.24
80.6,64.24
80.7,64.24
80.8,64.24
80.9,64.24
81.0,64.05491525423729
81.1,64.14479338842975
81.2,64.24
81.3,64.24
81.4,64.24
81.5,64.24
81.6,64.24
81.7,64.24
81.8,64.24
81.9,64.24
82.0,64.24
82.1,64.24
82.2,64.24
82.3,64.24
82.4,64.24
82.5,64.24
82.6,64.24
82.7,64.23479338842975
82.8,64.21
82.9,64.23586206896552
83.0,64.24
83.1,64.24
83.2,64.24
83.3,64.24
83.4,64.24
83.5,64.24
83.6,64.24
83.7,64.24
83.8,64.24
83.9,64.24
84.0,64.24
84.1,64.24
84.2,64.24
84.3,64.24
84.4,64.24
84.5,64.24
84.6,64.24
84.7,64.24
84.8,64.24
84.9,64.24
85.0,64.24
85.1,64.24
85.2,64.24
85.3,64.24
85.4,64.24
85.5,64.23743589743589
85.6,64.21179487179487
85.7,64.21
85.8,64.2301724137931
85.9,64.24
86.0,64.24
86.1,64.24
86.2,64.24
86.3,64.24
86.4,64.24
86.5,64.24
86.6,64.24
86.7,64.24
86.8,64.24
86.9,64.24
87.0,64.24
87.1,64.24
87.2,64.24
87.3,64.22834710743801
87.4,64.21644628099173
87.5,64.24
87.6,64.24
87.7,64.24
87.8,64.24
87.9,64.24
88.0,64.24
88.1,64.24
88.2,64.24
88.3,64.24
88.4,64.24
88.5,64.24
88.6,64.23553719008264
88.7,64.21074380165288
88.8,64.23404958677685
88.9,64.24
89.0,64.22636363636363
89.1,64.21
89.2,64.21413793103447
89.3,64.24
89.4,64.24
89.5,64.24
89.6,64.24
89.7,64.24
89.8,64.24
89.9,64.24
90.0,64.24
90.1,64.24
90.2,64.24
90.3,64.24
90.4,64.24
90.5,64.24
90.6,64.24
90.7,64.24
90.8,64.21825
90.9,64.22675
91.0,64.24
91.1,64.24
91.2,64.24
91.3,64.24
91.4,64.24
91.5,64.24
91.6,64.24
91.7,64.24
91.8,64.24
91.9,64.24
92.0,64.24
92.1,64.24
92.2,64.24
92.3,64.24
92.4,64.24
92.5,64.24
92.6,64.24
92.7,64.24
92.8,64.24
92.9,64.24
93.0,64.24
93.1,64.24
93.2,64.24
93.3,64.24
93.4,64.24
93.5,64.24
93.6,64.24
93.7,64.24
93.8,64.24
93.9,64.24
94.0,64.24
94.1,64.24
94.2,64.24
94.3,64.24
94.4,64.24
94.5,64.24
94.6,64.24
94.7,64.24
94.8,64.24
94.9,64.24
95.0,64.24
95.1,64.24
95.2,64.24
95.3,64.24
95.4,64.24
95.5,64.24
95.6,64.24
95.7,64.24
95.8,64.24
95.9,64.24
96.0,64.24
96.1,64.24
96.2,64.24
96.3,64.24
96.4,64.22809917355372
96.5,64.21674999999999
96.6,64.24
96.7,64.24
96.8,64.24
96.9,64.24
97.0,64.24
97.1,64.24
97.2,64.24
97.3,64.24
97.4,64.24
97.5,64.24
97.6,64.24
97.7,64.24
97.8,64.24
97.9,64.24
98.0,64.2408547008547
98.1,64.32632478632479
98.2,64.26758620689655
98.3,64.24
98.4,64.24
98.5,64.23193277310924
98.6,64.21333333333332
98.7,64.23897435897436
98.8,64.24
98.9,64.24
99.0,64.24
99.1,64.22825
99.2,64.21680672268907
99.3,64.24
99.4,64.24
99.5,64.24
99.6,64.24
99.7,64.24
99.8,64.24
99.9,64.24
100.0,64.2425641025641
100.1,64.32803418803418
100.2,64.26711864406779
100.3,64.22241379310344
100.4,64.2235652173913
100.5,64.23075
100.6,64.21424999999999
100.7,64.23925
100.8,64.24
100.9,64.24
101.0,64.24
101.1,64.24
101.2,64.24
101.3,64.24
101.4,64.24
101.5,64.24
101.6,64.24
101.7,64.22550847457626
101.8,64.22026315789473
101.9,64.24
102.0,64.24
102.1,64.24
102.2,64.24
102.3,64.24
102.4,64.24
102.5,64.24
102.6,64.24
102.7,64.24
102.8,64.24
102.9,64.24
103.0,64.24
103.1,64.24
103.2,64.24
103.3,64.23736842105262
103.4,64.21105263157894
103.5,64.23420168067227
103.6,64.24
103.7,64.24
103.8,64.24
103.9,64.24
104.0,64.24
104.1,64.24
104.2,64.24
104.3,64.24
104.4,64.24
104.5,64.24
104.6,64.24
104.7,64.24
104.8,64.24
104.9,64.24
105.0,64.24
105.1,64.24
105.2,64.24
105.3,64.23210526315789
105.4,64.21421052631578
105.5,64.24
105.6,64.24
105.7,64.24
105.8,64.24
105.9,64.24
106.0,64.24
106.1,64.24
106.2,64.24
106.3,64.24
106.4,64.24
106.5,64.24
106.6,64.24
106.7,64.24
106.8,64.24
106.9,64.24
107.0,64.24
107.1,64.24
107.2,64.31217391304348
107.3,64.28035087719299
107.4,64.24
107.5,64.24
107.6,64.24
107.7,64.24
107.8,64.24
107.9,64.24
108.0,64.24
108.1,64.24
108.2,64.24
108.3,64.24
108.4,64.24504201680672
108.5,64.32907563025209
108.6,64.34
108.7,64.25888888888888
108.8,64.22486725663717
108.9,64.27524590163935
109.0,64.31725
109.1,64.21025862068964
109.2,64.23612068965517
109.3,64.24
109.4,64.24
109.5,64.24
109.6,64.24
109.7,64.24
109.8,64.24
109.9,64.31916666666667
110.0,64.2753448275862
110.1,64.24
110.2,64.27771929824561
110.3,64.31603305785124
110.4,64.24
110.5,64.24
110.6,64.24
110.7,64.24
110.8,64.24
110.9,64.24
111.0,64.24
111.1,64.24
111.2,64.24
111.3,64.29371900826446
111.4,64.32545454545455
111.5,64.28887096774193
111.6,64.24048387096774
111.7,64.32389830508475
111.8,64.34
111.9,64.2870588235294
112.0,64.24
112.1,64.24
112.2,64.24
112.3,64.24
112.4,64.31899159663867
112.5,64.34
112.6,64.29126050420169
112.7,64.24
112.8,64.24
112.9,64.24
113.0,64.24
113.1,64.24
113.2,64.24
113.3,64.24
113.4,64.26820512820512
113.5,64.3259649122807
113.6,64.24
113.7,64.24
113.8,64.24
113.9,64.29206611570248
114.0,64.34
114.1,64.34
114.2,64.34
114.3,64.34
114.4,64.2598275862069
114.5,64.24
114.6,64.24
114.7,64.27524590163935
114.8,64.32205128205129
114.9,64.24
115.0,64.24
115.1,64.24
115.2,64.30016949152542
115.3,64.34
115.4,64.34
115.5,64.34
115.6,64.34
115.7,64.25228070175437
115.8,64.24
115.9,64.29583333333333
116.0,64.29913043478261
116.1,64.24
116.2,64.24
116.3,64.24
116.4,64.32173913043478
116.5,64.27247863247862
116.6,64.24
116.7,64.24
116.8,64.24
116.9,64.24
117.0,64.24
117.1,64.21521739130435
117.2,64.23016806722688
117.3,64.29350877192982
117.4,64.29948275862068
117.5,64.24
117.6,64.23586206896552
117.7,64.21
117.8,64.28758620689655
117.9,64.43034482758621
118.0,64.39793103448277
118.1,64.29630252100841
118.2,64.26920353982301
118.3,64.322905982906
118.4,64.24258620689655
118.5,64.32879310344828
118.6,64.26627118644068
118.7,64.29847457627119
118.8,64.29565217391304
118.9,64.27103448275862
119.0,64.31719298245615
119.1,64.21465517241379
119.2,64.29224137931035
119.3,64.43846153846154
119.4,64.32765217391302
119.5,64.24
119.6,64.27565217391303
119.7,64.34
119.8,64.3323076923077
119.9,64.2468376068376
120.0,64.32000000000001
120.1,64.34
120.2,64.28741379310344
120.3,64.2775
120.4,64.31826086956521
120.5,64.24
120.6,64.24
120.7,64.32173913043478
120.8,64.27189655172414
120.9,64.24
121.0,64.28102564102564
121.1,64.31304347826088
121.2,64.28689655172415
121.3,64.58
121.4,64.34271186440678
121.5,64.25758620689655
121.6,64.37773913043476
121.7,64.52434782608697
121.8,64.47448275862068
121.9,64.24
122.0,64.24
122.1,64.24
122.2,64.24
122.3,64.24
122.4,64.28957264957265
122.5,64.3040350877193
122.6,64.26307692307692
122.7,64.3315254237288
122.8,64.24677966101696
122.9,64.24
123.0,64.24
123.1,64.29431034482758
123.2,64.29982905982907
123.3,64.23230769230769
123.4,64.22469565217392
123.5,64.3377391304348
123.6,64.34
123.7,64.26966101694914
123.8,64.29603448275861
123.9,64.34
124.0,64.30956521739131
124.1,64.24
124.2,64.24
124.3,64.24
124.4,64.3178761061947
124.5,64.34
124.6,64.41122807017543
124.7,64.38817391304349
124.8,64.24
124.9,64.24
125.0,64.24
125.1,64.44307692307692
125.2,64.37840707964601
125.3,64.28152542372881
125.4,64.24
125.5,64.24
125.6,64.24
125.7,64.24
125.8,64.24
125.9,64.24
126.0,64.22386554621848
126.1,64.22115702479338
126.2,64.23379310344826
126.3,64.23573913043477
126.4,64.55747826086959
126.5,64.30741379310344
126.6,64.24
126.7,64.24
126.8,64.31735537190082
126.9,64.44429752066115
127.0,64.24595041322314
127.1,64.42774193548387
127.2,64.33399999999999
127.3,64.3335294117647
127.4,64.39049999999999
127.5,64.26847457627117
127.6,64.47186440677966
127.7,64.26033898305083
127.8,64.2301724137931
127.9,64.35421052631581
128.0,64.38949579831933
128.1,64.2776923076923
128.2,64.2131304347826
128.3,64.23921739130435
128.4,64.32508771929825
128.5,64.43603305785123
128.6,64.341652892562
128.7,64.21
128.8,64.26355371900827
128.9,64.48
129.0,64.48
129.1,64.37530434782609
129.2,64.42719298245613
129.3,64.52710743801654
129.4,64.50677966101695
129.5,64.3565
129.6,64.44816666666667
129.7,64.35786324786326
129.8,64.50904347826089
129.9,64.5221052631579
130.0,64.52297520661158
130.1,64.51901639344261
130.2,64.33224137931036
130.3,64.2460344827586
130.4,64.32017241379312
130.5,64.43293103448278
130.6,64.48
130.7,64.51833333333333
130.8,64.52711864406777
130.9,64.34925619834712
131.0,64.46495867768596
131.1,64.48
131.2,64.39576271186444
131.3,64.4496551724138
131.4,64.47155172413792
131.5,64.28199999999998
131.6,64.47883333333333
131.7,64.36216666666668
131.8,64.43371900826448
131.9,64.4105785123967
132.0,64.38439024390243
132.1,64.46117647058826
132.2,64.34352941176472
132.3,64.45223140495868
132.4,64.48
132.5,64.48
132.6,64.4341379310345
132.7,64.38591304347824
132.8,64.58
132.9,64.58
133.0,64.3193333333333
133.1,64.39157894736842
133.2,64.48
133.3,64.48
133.4,64.5
133.5,64.57344262295081
133.6,64.49147540983607
133.7,64.48
133.8,64.48
133.9,64.36827586206894
134.0,64.33913043478263
134.1,64.5477966101695
134.2,64.57565217391304
134.3,64.4886956521739
134.4,64.37322033898305
134.5,64.42765217391305
134.6,64.52956521739131
134.7,64.58
134.8,64.55948717948718
134.9,64.4861403508772
135.0,64.5738596491228
135.1,64.3859130434783
135.2,64.50137931034479
135.3,64.58
135.4,64.58
135.5,64.51435897435896
135.6,64.36608695652173
135.7,64.54
135.8,64.46372881355933
135.9,64.45
136.0,64.52573913043479
136.1,64.53438596491229
136.2,64.48
136.3,64.48991304347827
136.4,64.53689655172413
136.5,64.45931034482759
136.6,64.27101694915254
136.7,64.37293103448272
136.8,64.52695652173914
136.9,64.54637931034482
137.0,64.49169491525424
137.1,64.54173913043479
137.2,64.57652173913043
137.3,64.50372881355932
137.4,64.48
137.5,64.48
137.6,64.4241379310345
137.7,64.33050847457625
137.8,64.48172413793105
137.9,64.56793103448277
138.0,64.50521739130434
138.1,64.46210084033613
138.2,64.46333333333334
138.3,64.48
138.4,64.44949152542371
138.5,64.30482758620691
138.6,64.54620689655171
138.7,64.58
138.8,64.4416949152542
138.9,64.44619469026551
139.0,64.54890756302521
139.1,64.48
139.2,64.48085470085468
139.3,64.5663247863248
139.4,64.58
139.5,64.58
139.6,64.58
139.7,64.58
139.8,64.58
139.9,64.58
140.0,64.58
140.1,64.50695652173914
140.2,64.48
140.3,64.41918032786886
140.4,64.40413793103448
140.5,64.56695652173914
140.6,64.48
140.7,64.3593103448276
140.8,64.43882352941178
140.9,64.53652173913045
141.0,64.53833333333333
141.1,64.50608695652174
141.2,64.58
141.3,64.58
141.4,64.58
141.5,64.58
141.6,64.52655172413795
141.7,64.51801652892561
141.8,64.58
141.9,64.57210526315788
142.0,64.48438596491228
142.1,64.48
142.2,64.39145299145301
142.3,64.40879310344829
142.4,64.51388429752066
142.5,64.58
142.6,64.58
142.7,64.58
142.8,64.48358333333331
142.9,64.52666666666667
143.0,64.5351724137931
143.1,64.51050847457627
143.2,64.54275862068965
143.3,64.3424347826087
143.4,64.46417391304348
143.5,64.48
143.6,64.48
143.7,64.52913793103448
143.8,64.58
143.9,64.55886178861788
144.0,64.48
144.1,64.48
144.2,64.48
144.3,64.48
144.4,64.52912280701756
144.5,64.54410256410256
144.6,64.47180327868853
144.7,64.44365217391302
144.8,64.56539130434783
144.9,64.58
145.0,64.58
145.1,64.58
145.2,64.54551724137932
145.3,64.48
145.4,64.48
145.5,64.48
145.6,64.55652173913042
145.7,64.58
145.8,64.58
145.9,64.54551724137932
146.0,64.50105263157894
146.1,64.56080000000001
146.2,64.36880000000004
146.3,64.34
146.4,64.4783050847458
146.5,64.58
146.6,64.50758620689656
146.7,64.37999999999997
146.8,64.58
146.9,64.58
147.0,64.34939130434783
147.1,64.4230769230769
147.2,64.46800000000003
147.3,64.34728813559323
147.4,64.49130434782609
147.5,64.57826086956521
147.6,64.54760330578513
147.7,64.50017241379311
147.8,64.48
147.9,64.51931623931624
148.0,64.58
148.1,64.58
148.2,64.58
148.3,64.58
148.4,64.58
148.5,64.58
148.6,64.58
148.7,64.56827586206897
148.8,64.54620689655172
148.9,64.57589743589742
149.0,64.37076923076921
149.1,64.50585365853658
149.2,64.58
149.3,64.58
149.4,64.58
149.5,64.58
149.6,64.58
149.7,64.58
149.8,64.51719008264462
149.9,64.5282456140351
150.0,64.58
150.1,64.58
150.2,64.58
150.3,64.58
150.4,64.58
150.5,64.58
150.6,64.58
150.7,64.58
150.8,64.55948717948718
150.9,64.48603448275863
151.0,64.57224137931036
151.1,64.50017543859649
151.2,64.54581196581195
151.3,64.58
151.4,64.545
151.5,64.48
151.6,64.48526315789474
151.7,64.57298245614034
151.8,64.58
151.9,64.55411764705883
152.0,64.559173553719
152.1,64.58
152.2,64.55513043478263
152.3,64.45771186440679
152.4,64.5678813559322
152.5,64.50327586206896
152.6,64.54347826086956
152.7,64.58
152.8,64.58
152.9,64.58
153.0,64.58
153.1,64.58
153.2,64.54701754385965
153.3,64.5671186440678
153.4,64.58
153.5,64.48924369747901
153.6,64.39379310344825
153.7,64.58
153.8,64.58
153.9,64.58
154.0,64.58
154.1,64.58
154.2,64.58
154.3,64.58
154.4,64.5672881355932
154.5,64.48254237288135
154.6,64.48
154.7,64.48
154.8,64.53811965811967
154.9,64.58
155.0,64.55107438016529
155.1,64.49206896551723
155.2,64.57827586206895
155.3,64.58
155.4,64.58
155.5,64.58
155.6,64.58
155.7,64.55603305785124
155.8,64.48695652173915
155.9,64.57391304347826
156.0,64.58
156.1,64.58
156.2,64.58
156.3,64.58
156.4,64.58
156.5,64.58
156.6,64.58
156.7,64.58
156.8,64.58
156.9,64.58
157.0,64.58
157.1,64.58
157.2,64.58
157.3,64.57912280701754
157.4,64.49140350877194
157.5,64.55435897435898
157.6,64.58
157.7,64.58
157.8,64.58
157.9,64.58
158.0,64.58
158.1,64.58
158.2,64.58
158.3,64.52999999999999
158.4,64.51675213675215
158.5,64.58
158.6,64.58
158.7,64.58
158.8,64.58
158.9,64.58
159.0,64.58
159.1,64.58
159.2,64.58
159.3,64.58
159.4,64.58
159.5,64.5080701754386
159.6,64.53964912280702
159.7,64.58
159.8,64.5677966101695
159.9,64.54620689655172
160.0,64.58
160.1,64.58
160.2,64.5495575221239
160.3,64.56373983739837
160.4,64.56333333333333
160.5,64.55000000000001
160.6,64.58
160.7,64.58
160.8,64.58
160.9,64.58
161.0,64.58
161.1,64.58
161.2,64.58
161.3,64.58
161.4,64.58
161.5,64.58
161.6,64.58
161.7,64.58
161.8,64.58
161.9,64.58
162.0,64.58
162.1,64.50543859649123
162.2,64.54228070175438
162.3,64.53128205128205
162.4,64.48
162.5,64.50280701754387
162.6,64.58
162.7,64.58
162.8,64.58
162.9,64.58
163.0,64.58
163.1,64.58
163.2,64.55758620689656
163.3,64.48840336134455
163.4,64.57243697478992
163.5,64.5008695652174
163.6,64.48
163.7,64.53087719298244
163.8,64.58
163.9,64.58
164.0,64.58
164.1,64.58
164.2,64.58
164.3,64.58
164.4,64.58
164.5,64.58
164.6,64.56196721311476
164.7,64.48
164.8,64.5640336134454
164.9,64.58
165.0,64.58
165.1,64.58
165.2,64.58
165.3,64.58
165.4,64.58
165.5,64.58
165.6,64.58
165.7,64.47150000000002
165.8,64.52377049180329
165.9,64.5375
166.0,64.50561983471074
166.1,64.58
166.2,64.58
166.3,64.58
166.4,64.58
166.5,64.58
166.6,64.58
166.7,64.58
166.8,64.58
166.9,64.58
167.0,64.58
167.1,64.5435593220339
167.2,64.50192982456139
167.3,64.58
167.4,64.58
167.5,64.58
167.6,64.58
167.7,64.58
167.8,64.58
167.9,64.58
168.0,64.5748275862069
168.1,64.54034482758621
168.2,64.54
168.3,64.56921739130435
168.4,64.58
168.5,64.58
168.6,64.58
168.7,64.56141592920355
168.8,64.48672268907565
168.9,64.570756302521
169.0,64.58
169.1,64.55641025641026
169.2,64.55808695652173
169.3,64.58
169.4,64.58
169.5,64.58
169.6,64.58
169.7,64.58
169.8,64.58
169.9,64.56350877192983
170.0,64.551
170.1,64.58
170.2,64.58
170.3,64.58
170.4,64.58
170.5,64.58
170.6,64.58
170.7,64.58
170.8,64.58
170.9,64.58
171.0,64.54521739130435
171.1,64.56982456140351
171.2,64.58
171.3,64.56151260504201
171.4,64.52121739130435
171.5,64.48
171.6,64.4851282051282
171.7,64.57059829059827
171.8,64.58
171.9,64.58
172.0,64.58
172.1,64.53233333333334
172.2,64.47621848739496
172.3,64.58
172.4,64.58
172.5,64.58
172.6,64.51418803418804
172.7,64.46448275862069
172.8,64.46137931034484
172.9,64.49486725663716
173.0,64.54512820512821
173.1,64.57931623931623
173.2,64.58
173.3,64.58
173.4,64.58
173.5,64.58
173.6,64.55310924369749
173.7,64.4912068965517
173.8,64.57741379310346
173.9,64.58
174.0,64.55182608695652
174.1,64.56275862068965
174.2,64.53652173913045
174.3,64.48
174.4,64.49578947368421
174.5,64.58
174.6,64.58
174.7,64.58
174.8,64.55724137931034
174.9,64.55694915254239
175.0,64.58
175.1,64.58
175.2,64.58
175.3,64.58
175.4,64.58
175.5,64.58
175.6,64.58
175.7,64.58
175.8,64.57298245614034
175.9,64.48526315789474
176.0,64.55966101694915
176.1,64.58
176.2,64.58
176.3,64.54106194690264
176.4,64.50627118644069
176.5,64.58
176.6,64.58
176.7,64.58
176.8,64.58
176.9,64.58
177.0,64.58
177.1,64.58
177.2,64.58
177.3,64.58
177.4,64.58
177.5,64.58
177.6,64.58
177.7,64.58
177.8,64.58
177.9,64.58
178.0,64.58
178.1,64.58
178.2,64.58
178.3,64.58
178.4,64.58
178.5,64.58
178.6,64.58
178.7,64.58
178.8,64.58
178.9,64.52
179.0,64.5248275862069
179.1,64.58
179.2,64.57266666666666
179.3,64.54070175438598
179.4,64.57578947368421
179.5,64.58
179.6,64.55747899159664
179.7,64.55641025641026
179.8,64.56912280701754
179.9,64.54571428571428
180.0,64.57932773109243
180.1,64.58
180.2,64.55278688524591
180.3,64.56033333333333
180.4,64.58
180.5,64.57272727272728
180.6,64.54033057851241
180.7,64.57338842975206
180.8,64.55398373983739
180.9,64.55868852459017
181.0,64.58
181.1,64.57418803418804
181.2,64.54
181.3,64.57478260869566
181.4,64.58
181.5,64.55680672268909
181.6,64.55754385964913
181.7,64.56789915966387
181.8,64.54596491228071
181.9,64.58
182.0,64.58
182.1,64.58
182.2,64.58
182.3,64.58
182.4,64.56735042735042
182.5,64.54683760683761
182.6,64.58
182.7,64.58
182.8,64.58
182.9,64.58
183.0,64.58
183.1,64.58
183.2,64.58
183.3,64.58
183.4,64.58
183.5,64.58
183.6,64.58
183.7,64.58
183.8,64.58
183.9,64.58
184.0,64.58
184.1,64.58
184.2,64.58
184.3,64.58
184.4,64.58
184.5,64.58
184.6,64.57186440677965
184.7,64.54206896551725
184.8,64.57655172413793
184.9,64.58
185.0,64.58
185.1,64.58
185.2,64.58
185.3,64.58
185.4,64.58
185.5,64.58
185.6,64.58
185.7,64.58
185.8,64.58
185.9,64.58
186.0,64.58
186.1,64.58
186.2,64.58
186.3,64.58
186.4,64.58
186.5,64.58
186.6,64.58
186.7,64.58
186.8,64.58
186.9,64.58
187.0,64.58
187.1,64.58
187.2,64.58
187.3,64.58
187.4,64.58
187.5,64.58
187.6,64.58
187.7,64.58
187.8,64.58
187.9,64.58
188.0,64.555
188.1,64.49111111111112
188.2,64.57658119658117
188.3,64.58
188.4,64.58
188.5,64.58
188.6,64.58
188.7,64.58
188.8,64.5740350877193
188.9,64.54102564102566
189.0,64.57521367521367
189.1,64.58
189.2,64.58
189.3,64.58
189.4,64.55130434782608
189.5,64.49538461538462
189.6,64.58
189.7,64.58
189.8,64.58
189.9,64.58
190.0,64.58
190.1,64.58
190.2,64.58
190.3,64.58
190.4,64.58
190.5,64.58
190.6,64.58
190.7,64.58
190.8,64.58
190.9,64.58
191.0,64.58
191.1,64.58
191.2,64.58
191.3,64.5548275862069
191.4,64.56
191.5,64.58
191.6,64.57137931034482
191.7,64.54310344827586
191.8,64.57758620689656
191.9,64.58
192.0,64.58
192.1,64.53042735042736
192.2,64.5153448275862
192.3,64.58
192.4,64.58
192.5,64.58
192.6,64.58
192.7,64.58
192.8,64.58
192.9,64.58
193.0,64.58
193.1,64.58
193.2,64.58
193.3,64.58
193.4,64.58
193.5,64.58
193.6,64.58
193.7,64.58
193.8,64.58
193.9,64.58
194.0,64.58
194.1,64.48922413793103
194.2,64.52412280701753
194.3,64.58
194.4,64.58
194.5,64.58
194.6,64.58
194.7,64.58
194.8,64.58
194.9,64.58
195.0,64.58
195.1,64.58
195.2,64.58
195.3,64.58
195.4,64.58
195.5,64.58
195.6,64.58
195.7,64.58
195.8,64.58
195.9,64.58
196.0,64.58
196.1,64.58
196.2,64.58
196.3,64.50275862068963
196.4,64.49793103448276
196.5,64.58
196.6,64.58
196.7,64.58
196.8,64.58
196.9,64.58
197.0,64.58
197.1,64.58
197.2,64.58
197.3,64.58
197.4,64.58
197.5,64.58
197.6,64.58
197.7,64.58
197.8,64.58
197.9,64.58
198.0,64.58
198.1,64.58
198.2,64.58
198.3,64.58
198.4,64.58
198.5,64.58
198.6,64.58
198.7,64.58
198.8,64.58
198.9,64.58
199.0,64.58
199.1,64.58
199.2,64.58
199.3,64.58
199.4,64.58
199.5,64.58
199.6,64.58
199.7,64.58
199.8,64.58
199.9,64.58
200.0,64.58
200.1,64.58
200.2,64.57413793103449
200.3,64.54034482758621
200.4,64.5748275862069
200.5,64.58
200.6,64.58
200.7,64.58
200.8,64.58
200.9,64.58
201.0,64.58
201.1,64.58
201.2,64.58
201.3,64.58
201.4,64.58
201.5,64.58
201.6,64.58
201.7,64.58
201.8,64.58
201.9,64.58
202.0,64.58
202.1,64.58
202.2,64.58
202.3,64.58
202.4,64.58
202.5,64.58
202.6,64.58
202.7,64.58
202.8,64.58
202.9,64.58
203.0,64.58
203.1,64.58
203.2,64.58
203.3,64.58
203.4,64.58
203.5,64.58
203.6,64.58
203.7,64.58
203.8,64.58
203.9,64.58
204.0,64.58
204.1,64.58
204.2,64.58
204.3,64.58
204.4,64.58
204.5,64.58
204.6,64.58
204.7,64.58
204.8,64.55196581196581
204.9,64.56203389830509
205.0,64.58
205.1,64.58
205.2,64.58
205.3,64.58
205.4,64.58
205.5,64.58
205.6,64.58
205.7,64.58
205.8,64.58
205.9,64.58
206.0,64.58
206.1,64.58
206.2,64.58
206.3,64.58
206.4,64.58
206.5,64.58
206.6,64.58
206.7,64.58
206.8,64.58
206.9,64.58
207.0,64.58
207.1,64.58
207.2,64.58
207.3,64.58
207.4,64.58
207.5,64.58
207.6,64.58
207.7,64.58
207.8,64.58
207.9,64.58
208.0,64.58
208.1,64.58
208.2,64.58
208.3,65.02400000000003
208.4,65.55482758620691
208.5,65.3705982905983
208.6,64.58
208.7,64.58
208.8,64.58
208.9,64.58
209.0,65.00508474576269
209.1,65.33078260869563
209.2,65.10591304347837
209.3,64.91647058823554
209.4,65.89999999999985
209.5,64.67777777777788
209.6,66.11068965517235
209.7,65.30770491803302
209.8,64.58
209.9,64.58
210.0,64.58
210.1,64.58
210.2,64.58
210.3,65.02250000000004
210.4,64.82663934426226
210.5,64.58
210.6,64.58
210.7,64.58
210.8,64.58
210.9,64.58
211.0,65.05454545454546
211.1,64.88000000000001
211.2,64.58
211.3,64.58
211.4,64.58
211.5,64.58
211.6,64.81811475409833
211.7,64.7535537190083
211.8,64.58
211.9,64.58
212.0,64.58
212.1,64.58
212.2,64.58
212.3,64.93330578512403
212.4,65.10685950413225
212.5,64.75727272727259
212.6,65.9390909090909
212.7,64.89909090909106
212.8,64.97818181818182
212.9,64.95636363636363
213.0,64.58
213.1,64.58
213.2,64.58
213.3,64.58
213.4,64.97100000000005
213.5,65.00290322580643
213.6,64.58
213.7,64.58
213.8,64.58
213.9,64.58
214.0,64.88500000000005
214.1,64.95129310344826
214.2,64.58
214.3,64.58
214.4,64.58
214.5,64.58
214.6,64.58
214.7,64.90199999999989
214.8,65.06471074380161
214.9,64.72631147540996
215.0,65.70172131147537
215.1,64.84775000000013
215.2,65.24308333333312
215.3,65.19256198347102
215.4,64.58
215.5,64.58
215.6,64.58
215.7,64.58
215.8,64.97347107438023
215.9,65.09545454545454
216.0,64.83
216.1,64.81760330578513
216.2,64.61099173553721
216.3,64.93416666666668
216.4,64.81140495867766
216.5,64.58
216.6,64.58
216.7,64.58
216.8,64.58
216.9,64.58
217.0,64.92785123966944
217.1,65.32172413793103
217.2,65.24315789473684
217.3,64.58
217.4,64.58
217.5,64.58
217.6,64.58
217.7,64.94599999999993
217.8,64.9915789473683
217.9,64.58
218.0,64.58
218.1,64.58
218.2,64.58
218.3,65.018
218.4,66.32824561403517
218.5,66.28087719298222
218.6,64.58
218.7,64.58
218.8,64.58
218.9,64.58
219.0,65.071186440678
219.1,64.87741379310347
219.2,64.58
219.3,64.58
219.4,64.58
219.5,64.58905172413789
219.6,64.89077586206895
219.7,72.1632231404944
219.8,69.21638655462162
219.9,64.72304347826089
220.0,64.8342735042735
220.1,64.66534482758614
220.2,65.23431034482755
220.3,64.66684210526307
220.4,64.58
220.5,64.58
220.6,64.58
220.7,64.79999999999994
220.8,65.33456140350884
220.9,65.6499999999999
221.0,64.65000000000005
221.1,64.58
221.2,64.58
221.3,64.58
221.4,64.8571794871795
221.5,65.08842105263157
221.6,64.58
221.7,64.58
221.8,64.58
221.9,64.58
222.0,64.91282051282056
222.1,67.22135593220327
222.2,68.61930434782691
222.3,64.62869565217397
222.4,64.92695652173913
222.5,64.6226086956522
222.6,64.58
222.7,64.58
222.8,64.58
222.9,64.65327586206895
223.0,64.79086956521739
223.1,64.58
223.2,64.58
223.3,64.58
223.4,64.58
223.5,64.58
223.6,64.58
223.7,64.6999999999999
223.8,65.25070175438587
223.9,64.8647368421052
224.0,64.63043859649122
224.1,64.58
224.2,64.58
224.3,64.58
224.4,64.75068965517244
224.5,65.15965217391299
224.6,64.5857391304348
224.7,64.58
224.8,64.58
224.9,64.58
225.0,64.86844262295078
225.1,65.45660869565214
225.2,65.83591304347847
225.3,64.59243478260841
225.4,64.58
225.5,64.58
225.6,64.58
225.7,64.86448275862062
225.8,65.04486956521728
225.9,64.58
226.0,64.58
226.1,64.58
226.2,64.58
226.3,64.58
226.4,66.70280701754426
226.5,67.968
226.6,64.58
226.7,64.58
226.8,64.58
226.9,64.58
227.0,64.58
227.1,64.89199999999992
227.2,65.04605263157903
227.3,64.69598290598302
227.4,65.13948275862069
227.5,64.63086206896547
227.6,64.77396551724136
227.7,64.67188034188037
227.8,64.58
227.9,64.58
228.0,64.58
228.1,64.61421487603306
228.2,65.18446280991728
228.3,64.76871794871786
228.4,64.58
228.5,64.58
228.6,64.58
228.7,64.70545454545449
228.8,65.27413223140498
228.9,65.68735537190088
229.0,64.98322314049581
229.1,64.58
229.2,64.58
229.3,64.58
229.4,64.58
229.5,65.16293103448277
229.6,64.95626086956527
229.7,64.68805084745766
229.8,64.68560344827588
229.9,64.76067226890753
230.0,64.58
230.1,64.58
230.2,65.80043103448249
230.3,64.97791304347811
230.4,64.58
230.5,64.58
230.6,64.58
230.7,64.58
230.8,64.58
230.9,64.58
231.0,65.05815789473687
231.1,65.02762711864406
231.2,64.72692982456141
231.3,64.58
231.4,64.58
231.5,64.58
231.6,64.79551724137927
231.7,79.89842105263024
231.8,72.89538461538277
231.9,64.58
232.0,64.58
232.1,64.58
232.2,64.62677966101684
232.3,65.21152542372886
232.4,65.44851239669421
232.5,64.95681034482762
232.6,64.96379310344821
232.7,65.14495575221255
232.8,64.58
232.9,64.58
233.0,64.58
233.1,64.58
233.2,65.02399999999986
233.3,64.92205128205127
233.4,64.58
233.5,64.58
233.6,64.58
233.7,64.58
233.8,65.01871794871796
233.9,67.08578947368443
234.0,66.48339130434759
234.1,64.58
234.2,64.58
234.3,64.58
234.4,64.58
234.5,64.58
234.6,65.14973913043475
234.7,64.95982608695664
234.8,64.8220512820513
234.9,65.0175833333333
235.0,64.61262711864406
235.1,64.90923728813559
235.2,64.64939655172421
235.3,64.58
235.4,64.58
235.5,64.58
235.6,64.72949999999993
235.7,65.23578512396693
235.8,64.66553719008256
235.9,64.58
236.0,64.58
236.1,64.58
236.2,64.75443478260864
236.3,66.1811864406783
236.4,71.39177966101667
236.5,65.56974576271166
236.6,64.58
236.7,64.58
236.8,64.58
236.9,64.7741176470588
237.0,65.28495867768592
237.1,65.56595041322315
237.2,64.78833333333337
237.3,64.58
237.4,65.54049180327884
237.5,66.17133333333317
237.6,64.58
237.7,64.58
237.8,64.58
237.9,64.58
238.0,64.58
238.1,64.58
238.2,64.60923728813556
238.3,65.19398305084759
238.4,66.04652892561992
238.5,65.3765
238.6,64.58
238.7,64.58
238.8,64.58
238.9,64.58
239.0,65.05149999999995
239.1,64.91644628099178
239.2,64.58
239.3,64.58
239.4,64.58
239.5,64.58
239.6,64.80561983471074
239.7,64.7651239669422
239.8,64.68500000000003
239.9,64.88483870967738
240.0,64.60258064516131
240.1,65.03999999999995
240.2,64.80917355371912
240.3,64.58
240.4,64.58
240.5,64.58
240.6,64.58
240.7,65.01999999999998
240.8,67.88900826446344
240.9,67.7277685950412
241.0,64.58
241.1,64.58
241.2,64.58
241.3,64.58
241.4,64.95636363636362
241.5,65.01549180327872
241.6,64.58
241.7,64.58
241.8,64.58
241.9,64.58
242.0,64.58
242.1,64.58
242.2,64.58
242.3,64.58
242.4,64.58
242.5,64.80136752136752
242.6,64.76375000000004
242.7,64.58
242.8,64.58
242.9,64.58
243.0,64.58
243.1,64.83726495726494
243.2,73.26307692307623
243.3,72.67898305084616
243.4,64.58
243.5,64.58
243.6,64.58
243.7,64.58
243.8,65.09750000000004
243.9,65.20771929824562
244.0,64.88500000000005
244.1,65.56686956521723
244.2,66.8879310344828
244.3,64.58
244.4,64.58
244.5,64.58
244.6,64.58
244.7,64.58
244.8,64.58
244.9,64.58
245.0,64.63307692307684
245.1,65.22282051282045
245.2,65.19000000000003
245.3,64.77836206896548
245.4,64.58
245.5,64.58
245.6,64.58
245.7,64.58
245.8,64.58
245.9,64.58
246.0,64.58
246.1,64.58
246.2,64.58
246.3,64.58
246.4,64.65800000000003
246.5,65.25799999999994
246.6,64.69694915254243
246.7,64.58
246.8,64.58
246.9,64.58
247.0,64.58
247.1,64.70279661016941
247.2,65.26923076923077
247.3,65.24358974358974
247.4,65.18810344827585
247.5,64.81396551724137
247.6,64.85465517241377
247.7,64.98159663865555
247.8,64.58
247.9,64.58
248.0,64.58
248.1,64.58
248.2,64.9915789473683
248.3,65.072
248.4,64.75916666666667
248.5,64.58
248.6,64.58
248.7,64.58
248.8,64.98159663865555
248.9,69.5535087719305
249.0,69.74092436974776
249.1,64.58
249.2,64.58
249.3,64.58
249.4,64.58
249.5,65.01487394957977
249.6,65.42362831858402
249.7,65.21865546218505
249.8,64.92512396694221
249.9,66.27499999999978
250.0,64.77500000000005
250.1,65.01499999999996
250.2,64.82789915966393
250.3,64.58
250.4,64.58
250.5,64.58
250.6,64.58
250.7,65.13758620689653
250.8,66.04621848739517
250.9,66.49765217391305
251.0,65.72469026548669
251.1,64.81931623931624
251.2,65.25478260869565
251.3,64.58
251.4,64.58
251.5,64.58
251.6,64.58
251.7,64.58
251.8,64.58
251.9,64.712
252.0,65.3206896551725
252.1,66.32931034482749
252.2,64.97102564102576
252.3,64.58
252.4,64.58
252.5,64.58
252.6,64.72119658119655
252.7,65.11307017543862
252.8,64.5955263157894
252.9,64.58
253.0,64.58
253.1,64.58
253.2,64.68087719298244
253.3,64.8583185840708
253.4,64.93
253.5,64.92401709401707
253.6,64.62487179487184
253.7,64.58
253.8,64.58
253.9,64.58
254.0,69.98711864406626
254.1,77.92631578947572
254.2,64.58
254.3,64.58
254.4,64.58
254.5,64.58
254.6,64.58
254.7,64.92288135593213
254.8,65.60298245614015
254.9,64.71113043478323
255.0,71.26765217391277
255.1,66.60756302521077
255.2,66.11864406779631
255.3,66.12815126050394
255.4,64.58
255.5,64.58
255.6,64.58
255.7,64.58
255.8,65.06512820512832
255.9,65.55525862068968
256.0,65.22156521739137
256.1,64.58
256.2,64.58
256.3,64.58
256.4,64.58
256.5,65.12256410256418
256.6,64.81999999999977
256.7,64.58
256.8,64.58
256.9,64.58
257.0,64.64210526315792
257.1,65.15964912280727
257.2,68.37576271186343
257.3,65.8795575221245
257.4,64.91499999999976
257.5,64.91640350877199
257.6,65.96235294117713
257.7,68.63172413793247
257.8,64.58
257.9,64.58
258.0,64.83128205128203
258.1,64.72784482758617
258.2,64.58
258.3,64.58
258.4,64.58
258.5,64.57406779661017
258.6,64.48932203389828
258.7,64.5587610619469
258.8,64.58
258.9,64.93999999999998
259.0,64.99763157894735
259.1,64.58
259.2,64.58
259.3,64.58
259.4,64.58
259.5,64.99556521739136
259.6,66.81717948718
259.7,66.64470588235324
259.8,64.58
259.9,64.58
260.0,64.58
260.1,64.58
260.2,65.08128205128185
260.3,65.00522123893812
260.4,64.71445378151267
260.5,64.58
260.6,64.58
260.7,64.58
260.8,64.83931034482761
260.9,75.80710743801468
261.0,73.69867768595061
261.1,64.58
261.2,64.58
261.3,64.58
261.4,64.58
261.5,65.08445378151266
261.6,65.35717948717952
261.7,65.0630000000001
261.8,64.58
261.9,64.58
262.0,64.58
262.1,64.58
262.2,64.96776859504129
262.3,65.00198347107431
262.4,64.58
262.5,64.59739130434778
262.6,64.81478260869564
262.7,64.62605263157899
262.8,64.58
262.9,64.58
263.0,64.58
263.1,64.58
263.2,64.58
263.3,64.58
263.4,65.14025641025614
263.5,64.8060344827587
263.6,64.58
263.7,64.58
263.8,64.58
263.9,64.6677118644067
264.0,65.25245762711872
264.1,66.18894736842113
264.2,65.06131578947388
264.3,64.58
264.4,64.58
264.5,64.58
264.6,64.64432203389845
264.7,65.22906779661014
264.8,64.91105263157898
264.9,64.6307826086957
265.0,64.56081300813008
265.1,64.87186440677965
265.2,65.26163934426246
265.3,64.59166666666705
265.4,65.75833333333328
265.5,65.0504918032786
265.6,64.58
265.7,64.58
265.8,64.58
265.9,64.58
266.0,64.58
266.1,64.58
266.2,66.23983606557354
266.3,67.31305084745684
266.4,64.58
266.5,64.58
266.6,64.58
266.7,64.58
266.8,64.58
266.9,64.68245901639338
267.0,64.77166666666662
267.1,64.58
267.2,64.58
267.3,64.58
267.4,64.58
267.5,71.74087719298078
267.6,76.21327586206473
267.7,64.68810344827585
267.8,65.22363636363643
267.9,64.678181818182
268.0,64.58
268.1,64.58
268.2,64.58
268.3,64.6843697478993
268.4,65.26420168067207
268.5,64.89769230769222
268.6,64.65478632478624
268.7,64.58
268.8,64.58
268.9,64.58
269.0,65.88823529411893
269.1,74.06470588235416
269.2,66.17370689655237
269.3,64.58
269.4,64.58
269.5,64.58
269.6,64.78400000000028
269.7,65.39226086956523
269.8,65.96068965517217
269.9,64.72793103448278
270.0,67.81661016949248
270.1,66.27826086956354
270.2,65.43394736842092
270.3,65.72974358974344
270.4,64.58
270.5,64.58
270.6,64.58
270.7,64.58
270.8,64.93355371900839
270.9,65.12213114754101
271.0,64.79074380165288
271.1,64.58413223140487
271.2,64.58
271.3,64.58
271.4,64.69983471074374
271.5,70.5359504132206
271.6,80.98950413222795
271.7,65.3614049586771
271.8,64.58
271.9,64.58
272.0,64.58
272.1,64.76818181818193
272.2,65.2015702479339
272.3,64.63132231404965
272.4,66.15469565217371
272.5,65.25486956521712
272.6,65.67584070796524
272.7,65.7911764705884
272.8,64.58
272.9,64.58
273.0,64.58
273.1,64.58
273.2,64.58
273.3,64.58
273.4,64.58
273.5,64.58
273.6,64.58
273.7,64.58
273.8,64.58
273.9,64.58
274.0,64.58
274.1,64.58
274.2,64.58
274.3,64.58
274.4,64.58
274.5,64.58
274.6,64.58
274.7,64.58
274.8,64.58
274.9,64.58
275.0,64.58
275.1,64.58
275.2,64.58
275.3,64.58
275.4,64.58
275.5,64.58
275.6,64.8394871794874
275.7,65.2475
275.8,65.17899999999976
275.9,64.47900000000004
276.0,65.57210526315778
276.1,65.31478260869564
276.2,64.20069565217403
276.3,63.96017391304377
276.4,64.58
276.5,64.58
276.6,64.58
276.7,64.58
276.8,64.58
276.9,64.58
277.0,64.58
277.1,64.58
277.2,64.58
277.3,64.58
277.4,64.58
277.5,64.58
277.6,64.58
277.7,64.58
277.8,64.58
277.9,64.58
278.0,64.58
278.1,64.58
278.2,64.78689655172407
278.3,64.6560869565217
278.4,64.58
278.5,64.58
278.6,64.58
278.7,64.58
278.8,64.58
278.9,64.58
279.0,64.58
279.1,64.58
279.2,64.58
279.3,64.58
279.4,64.58
279.5,64.58
279.6,64.58
279.7,64.58
279.8,64.58
279.9,64.58
280.0,64.58
280.1,64.58
280.2,64.58
280.3,64.58
280.4,64.58
280.5,64.58
280.6,64.58
280.7,64.58
280.8,64.56782608695652
280.9,64.54701754385964
281.0,64.58
281.1,64.58
281.2,64.58
281.3,64.58
281.4,64.58
281.5,64.58
281.6,64.58
281.7,64.58
281.8,64.58
281.9,64.58
282.0,64.58
282.1,64.58
282.2,64.58
282.3,64.58
282.4,64.58
282.5,64.58
282.6,64.58
282.7,64.58
282.8,64.58
282.9,64.58
283.0,64.58
283.1,64.58
283.2,64.58
283.3,64.58
283.4,64.58
283.5,64.58
283.6,64.58
283.7,64.58
283.8,64.58
283.9,64.58
284.0,64.58
284.1,64.58
284.2,64.58
284.3,64.58
284.4,64.58
284.5,64.58
284.6,64.58
284.7,64.58
284.8,64.58
284.9,64.58
285.0,64.58
285.1,64.58
285.2,64.58
285.3,64.58
285.4,64.58
285.5,64.58
285.6,64.58
285.7,64.58
285.8,64.58
285.9,64.58
286.0,64.58
286.1,64.58
286.2,64.58
286.3,64.58
286.4,64.58
286.5,64.58
286.6,64.58
286.7,64.58
286.8,64.58
286.9,64.58
287.0,64.58
287.1,64.58
287.2,64.58
287.3,64.58
287.4,64.58
287.5,64.58
287.6,64.58
287.7,64.58
287.8,64.58
287.9,64.58
288.0,64.58
288.1,64.58
288.2,64.58
288.3,64.58
288.4,64.58
288.5,64.58
288.6,64.58
288.7,64.58
288.8,64.58
288.9,64.58
289.0,64.58
289.1,64.58
289.2,64.58
289.3,64.58
289.4,64.58
289.5,64.58
289.6,64.58
289.7,64.58
289.8,64.58
289.9,64.58
290.0,64.58
290.1,64.58
290.2,64.58
290.3,64.58
290.4,64.58
290.5,64.58
290.6,64.58
290.7,64.58
290.8,64.58
290.9,64.58
291.0,64.58
291.1,64.58
291.2,64.58
291.3,64.58
291.4,64.58
291.5,64.58
291.6,64.58
291.7,64.58
291.8,64.58
291.9,64.58
292.0,64.58
292.1,64.58
292.2,64.58
292.3,64.58
292.4,64.58
292.5,64.58
292.6,64.58
292.7,64.58
292.8,64.58
292.9,64.58
293.0,64.58
293.1,64.58
293.2,64.58
293.3,64.58
293.4,64.58
293.5,64.58
293.6,64.58
293.7,64.58
293.8,64.58
293.9,64.58
294.0,64.58
294.1,64.58
294.2,64.58
294.3,64.58
294.4,64.58
294.5,64.58
294.6,64.58
294.7,64.58
294.8,64.58
294.9,64.58
295.0,64.58
295.1,64.58
295.2,64.58
295.3,64.58
295.4,64.58
295.5,64.58
295.6,64.58
295.7,64.58
295.8,64.58
295.9,64.58
296.0,64.58
296.1,64.58
296.2,64.58
296.3,64.58
296.4,64.58
296.5,64.58
296.6,64.58
296.7,64.58
296.8,64.58
296.9,64.58
297.0,64.58
297.1,64.58
297.2,64.58
297.3,64.58
297.4,64.58
297.5,64.58
297.6,64.58
297.7,64.58
297.8,64.58
297.9,64.58
298.0,64.58
298.1,64.58
298.2,64.58
298.3,64.58
298.4,64.58
298.5,64.58
298.6,64.58
298.7,64.58
298.8,64.58
298.9,64.58
299.0,64.58
299.1,64.58
299.2,64.58
299.3,64.58
299.4,64.58
299.5,64.58
299.6,64.58
299.7,64.58
299.8,64.58
299.9,64.58
300.0,64.58
300.1,64.58
300.2,64.58
300.3,64.58
300.4,64.58
300.5,64.58
300.6,64.58
300.7,64.58
300.8,64.58
300.9,64.58
301.0,64.58
301.1,64.58
301.2,64.58
301.3,64.58
301.4,64.58
301.5,64.58
301.6,64.58
301.7,64.58
301.8,64.58
301.9,64.58
302.0,64.58
302.1,64.58
302.2,64.58
302.3,64.58
302.4,64.58
302.5,64.58
302.6,64.58
302.7,64.58
302.8,64.58
302.9,64.58
303.0,64.58
303.1,64.58
303.2,64.58
303.3,64.58
303.4,64.58
303.5,64.58
303.6,64.58
303.7,64.58
303.8,64.58
303.9,64.58
304.0,64.58
304.1,64.58
304.2,64.58
304.3,64.58
304.4,64.58
304.5,64.58
304.6,64.58
304.7,64.58
304.8,64.58
304.9,64.58
305.0,64.58
305.1,64.58
305.2,64.58
305.3,64.58
305.4,64.58
305.5,64.58
305.6,64.58
305.7,64.58
305.8,64.58
305.9,64.58
306.0,64.58
306.1,64.58
306.2,64.58
306.3,64.58
306.4,64.58
306.5,64.58
306.6,64.58
306.7,64.58
306.8,64.58
306.9,64.58
307.0,64.58
307.1,64.58
307.2,64.58
307.3,64.58
307.4,64.58
307.5,64.58
307.6,64.58
307.7,64.58
307.8,64.58
307.9,64.58
308.0,64.58
308.1,64.58
308.2,64.58
308.3,64.58
308.4,64.58
308.5,64.58
308.6,64.58
308.7,64.58
308.8,64.58
308.9,64.58
309.0,64.58
309.1,64.58
309.2,64.58
309.3,64.58
309.4,64.58
309.5,64.58
309.6,64.58
309.7,64.58
309.8,64.58
309.9,64.58
310.0,64.58
310.1,64.58
310.2,64.58
310.3,64.58
310.4,64.58
310.5,64.58
310.6,64.58
310.7,64.58
310.8,64.58
310.9,64.58
311.0,64.58
311.1,64.58
311.2,64.58
311.3,64.58
311.4,64.58
311.5,64.58
311.6,64.58
311.7,64.58
311.8,64.58
311.9,64.58
312.0,64.58
312.1,64.58
312.2,64.58
312.3,64.58
312.4,64.58
312.5,64.58
312.6,64.58
312.7,64.58
312.8,64.58
312.9,64.58
313.0,64.58
313.1,64.58
313.2,64.58
313.3,64.58
313.4,64.58
313.5,64.58
313.6,64.58
313.7,64.58
313.8,64.58
313.9,64.58
314.0,64.58
314.1,64.58
314.2,64.58
314.3,64.58
314.4,64.58
314.5,64.58
314.6,64.58
314.7,64.58
314.8,64.58
314.9,64.58
315.0,64.58
315.1,64.58
315.2,64.58
315.3,64.58
315.4,64.58
315.5,64.58
315.6,64.58
315.7,64.58
315.8,64.58
315.9,64.58
316.0,64.58
316.1,64.58
316.2,64.58
316.3,64.58
316.4,64.58
316.5,64.58
316.6,64.58
316.7,64.58
316.8,64.58
316.9,64.58
317.0,64.58
317.1,64.58
317.2,64.58
317.3,64.58
317.4,64.58
317.5,64.58
317.6,64.58
317.7,64.58
317.8,64.58
317.9,64.58
318.0,64.58
318.1,64.58
318.2,64.58
318.3,64.58
318.4,64.58
318.5,64.58
318.6,64.58
318.7,64.58
318.8,64.58
318.9,64.58
319.0,64.58
319.1,64.58
319.2,64.58
319.3,64.58
319.4,64.58
319.5,64.58
319.6,64.58
319.7,64.58
319.8,64.58
319.9,64.58
320.0,64.58
320.1,64.58
320.2,64.58
320.3,64.58
320.4,64.58
320.5,64.58
320.6,64.58
320.7,64.58
320.8,64.58
320.9,64.58
321.0,64.58
321.1,64.58
321.2,64.58
321.3,64.58
321.4,64.58
321.5,64.58
321.6,64.58
321.7,64.58
321.8,64.58
321.9,64.58
322.0,64.58
322.1,64.58
322.2,64.58
322.3,64.58
322.4,64.58
322.5,64.58
322.6,64.58
322.7,64.58
322.8,64.58
322.9,64.58
323.0,64.58
323.1,64.58
323.2,64.58
323.3,64.58
323.4,64.58
323.5,64.58
323.6,64.58
323.7,64.58
323.8,64.58
323.9,64.58
324.0,64.58
324.1,64.58
324.2,64.58
324.3,64.58
324.4,64.58
324.5,64.58
324.6,64.58
324.7,64.58
324.8,64.58
324.9,64.58
325.0,64.58
325.1,64.58
325.2,64.58
325.3,64.58
325.4,64.58
325.5,64.58
325.6,64.58
325.7,64.58
325.8,64.58
325.9,64.58
326.0,64.58
326.1,64.58
326.2,64.58
326.3,64.58
326.4,64.58
326.5,64.58
326.6,64.58
326.7,64.58
326.8,64.58
326.9,64.58
327.0,64.58
327.1,64.58
327.2,64.58
327.3,64.58
327.4,64.58
327.5,64.58
327.6,64.58
327.7,64.58
327.8,64.58
327.9,64.58
328.0,64.58
328.1,64.58
328.2,64.58
328.3,64.58
328.4,64.58
328.5,64.58
328.6,64.58
328.7,64.58
328.8,64.58
328.9,64.58
329.0,64.58
329.1,64.58
329.2,64.58
329.3,64.58
329.4,64.58
329.5,64.58
329.6,64.58
329.7,64.58
329.8,64.58
329.9,64.58
330.0,64.58
330.1,64.58
330.2,64.58
330.3,64.58
330.4,64.58
330.5,64.58
330.6,64.58
330.7,64.58
330.8,64.58
330.9,64.58
331.0,64.58
331.1,64.58
331.2,64.58
331.3,64.58
331.4,64.58
331.5,64.58
331.6,64.58
331.7,64.58
331.8,64.58
331.9,64.58
332.0,64.58
332.1,64.58
332.2,64.58
332.3,64.58
332.4,64.58
332.5,64.58
332.6,64.58
332.7,64.58
332.8,64.58
332.9,64.58
333.0,64.58
333.1,64.58
333.2,64.58
333.3,64.58
333.4,64.58
333.5,64.58
333.6,64.58
333.7,64.58
333.8,64.58
333.9,64.58
334.0,64.58
334.1,64.58
334.2,64.58
334.3,64.58
334.4,64.58
334.5,64.58
334.6,64.58
334.7,64.58
334.8,64.58
334.9,64.58
335.0,64.58
335.1,64.58
335.2,64.58
335.3,64.58
335.4,64.58
335.5,64.58
335.6,64.58
335.7,64.58
335.8,64.58
335.9,64.58
336.0,64.58
336.1,64.58
336.2,64.58
336.3,64.58
336.4,64.58
336.5,64.58
336.6,64.58
336.7,64.58
336.8,64.58
336.9,64.58
337.0,64.58
337.1,64.58
337.2,64.58
337.3,64.58
337.4,64.58
337.5,64.58
337.6,64.58
337.7,64.58
337.8,64.58
337.9,64.58
338.0,64.58
338.1,64.58
338.2,64.58
338.3,64.58
338.4,64.58
338.5,64.58
338.6,64.58
338.7,64.58
338.8,64.58
338.9,64.58
339.0,64.58
339.1,64.58
339.2,64.58
339.3,64.58
339.4,64.58
339.5,64.58
339.6,64.58
339.7,64.58
339.8,64.58
339.9,64.58
340.0,64.58
340.1,64.58
340.2,64.58
340.3,64.58
340.4,64.57310344827587
340.5,64.5413223140496
340.6,64.57438016528926
340.7,64.58
340.8,64.58
340.9,64.58
341.0,64.58
341.1,64.58
341.2,64.58
341.3,64.58
341.4,64.58
341.5,64.58
341.6,64.58
341.7,64.58
341.8,64.58
341.9,64.58
342.0,64.58
342.1,64.58
342.2,64.58
342.3,64.58
342.4,64.55152542372883
342.5,64.49024390243902
342.6,64.45213114754105
342.7,64.66524590163931
342.8,64.67762295081967
342.9,64.5904878048781
343.0,64.46853658536585
343.1,64.62008196721312
343.2,64.54196721311477
343.3,64.55796610169494
343.4,64.71
343.5,64.70023437500001
343.6,64.50492187499994
343.7,64.62885964912275
343.8,64.71
343.9,64.71
344.0,64.65220338983049
344.1,64.48680327868851
344.2,64.46221311475409
344.3,64.46
344.4,64.58292682926825
344.5,64.68593495934958
344.6,64.71
344.7,64.70747899159664
344.8,64.66546218487393
344.9,64.66731092436974
345.0,64.66408695652174
345.1,64.66464912280702
345.2,64.68258064516128
345.3,64.71
345.4,64.71
345.5,64.71
345.6,64.58076923076918
345.7,64.6004347826087
345.8,64.69608695652173
345.9,64.63120689655176
346.0,64.48785714285714
346.1,64.4640476190476
346.2,64.63735042735041
346.3,64.68953488372092
346.4,64.5935537190083
346.5,64.45965811965816
346.6,64.70752136752142
346.7,64.66695652173914
346.8,64.69620689655173
346.9,64.5799130434783
347.0,64.47067708333333
347.1,64.43421875
347.2,64.48099999999998
347.3,64.58100000000002
347.4,64.63
347.5,64.58785123966945
347.6,64.47561983471077
347.7,64.64917355371901
347.8,64.64090909090909
347.9,64.67393442622948
348.0,64.67974789915965
348.1,64.57666666666663
348.2,64.39547826086957
348.3,64.45634782608697
348.4,64.59775862068959
348.5,64.68073170731705
348.6,64.6742276422764
348.7,64.64094017094015
348.8,64.67
348.9,64.67
349.0,64.4873913043478
349.1,64.43190082644628
349.2,64.55333333333331
349.3,64.64114754098358
349.4,64.60385826771653
349.5,64.6668503937008
349.6,64.70166666666667
349.7,64.65827586206896
349.8,64.66746031746032
349.9,64.69909090909091
350.0,64.67
350.1,64.67
350.2,64.65992
350.3,64.51591999999995
350.4,64.64033333333332
350.5,64.68459016393442
350.6,64.68295081967214
350.7,64.68426229508202
350.8,64.43016393442613
350.9,64.42
351.0,64.56243902439022
351.1,64.66
351.2,64.59898305084751
351.3,64.44526315789474
351.4,64.65578947368418
351.5,64.66830508474577
351.6,64.69666666666667
351.7,64.69048780487805
351.8,64.67
351.9,64.6644262295082
352.0,64.63163934426228
352.1,64.49869918699181
352.2,64.58923076923075
352.3,64.67
352.4,64.67
352.5,64.67
352.6,64.67
352.7,64.67
352.8,64.66372881355932
352.9,64.68413793103447
353.0,64.71
353.1,64.70419354838708
353.2,64.67193548387098
353.3,64.63840336134453
353.4,64.65439024390244
353.5,64.61222222222221
353.6,64.51260869565216
353.7,64.47040816326529
353.8,64.57244897959184
353.9,64.65934959349592
354.0,64.61525423728811
354.1,64.53870967741939
354.2,64.65661157024792
354.3,64.73925619834712
354.4,64.65874125874129
354.5,64.61407999999999
354.6,64.64
354.7,64.64
354.8,64.64
354.9,64.54206611570253
355.0,64.49
355.1,64.50524590163934
355.2,64.54631147540982
355.3,64.50532786885245
355.4,64.55658536585365
355.5,64.64243902439024
355.6,64.6796694214876
355.7,64.64
355.8,64.64
355.9,64.60649572649572
356.0,64.62793103448276
356.1,64.66850877192982
356.2,64.60428571428571
356.3,64.50576354679804
356.4,64.55502463054187
356.5,64.56734375
356.6,64.48973913043477
356.7,64.46365217391303
356.8,64.62251968503938
356.9,64.61778688524596
357.0,64.56032786885245
357.1,64.62621848739494
357.2,64.60100840336135
357.3,64.44973913043479
357.4,64.60533898305076
357.5,64.58043478260872
357.6,64.57135593220339
357.7,64.67706896551725
357.8,64.62235294117646
357.9,64.49630252100839
358.0,64.61179487179488
358.1,64.60694915254236
358.2,64.66258064516128
358.3,64.69239669421486
358.4,64.59829268292681
358.5,64.72024390243905
358.6,64.65983050847454
358.7,64.58896551724139
358.8,64.65418803418805
358.9,64.70758620689656
359.0,64.64209677419353
359.1,64.69073770491805
359.2,64.76450819672131
359.3,64.7217213114754
359.4,64.67084033613446
359.5,64.63333333333334
359.6,64.59793103448276
359.7,64.58316239316241
359.8,64.49769230769232
359.9,64.49733870967742
360.0,66.36172131147539
360.1,94.56000000000842
360.2,150.08268722466073
360.3,194.373436123354
360.4,238.6641850220221
360.5,221.4413043478251
360.6,238.34163793104344
360.7,233.74449101796495
360.8,214.99
360.9,235.95666666665872
361.0,253.756504065039
361.1,219.41327868851744
361.2,187.8378225806349
361.3,229.6514655172444
361.4,241.5738793103453
361.5,247.28722689075656
361.6,258.6368965517283
361.7,247.43260869565285
361.8,262.19571428573045
361.9,299.4003305785128
362.0,212.0862809917433
362.1,221.44396694215203
362.2,228.78188034187949
362.3,219.0518918918916
362.4,198.73837837838525
362.5,214.04461538461896
362.6,237.05491228070832
362.7,244.22714285714343
362.8,237.31166666666655
362.9,237.5631999999996
363.0,247.0272000000017
363.1,201.78666666664435
363.2,201.20688524589983
363.3,228.3896610169503
363.4,232.02344537815537
363.5,214.59999999999224
363.6,247.60000000000676
363.7,217.36
363.8,266.3513114754253
363.9,263.50307086616584
364.0,195.80025210083943
364.1,223.3646153846304
364.2,258.8517948717921
364.3,233.2264347826066
364.4,250.7652586206812
364.5,259.5488793103426
364.6,243.50362068965043
364.7,219.58254385966305
364.8,177.5447457627187
364.9,223.3752542372813
365.0,202.38099173553096
365.1,239.63471074382
365.2,265.21895161290456
365.3,245.7864754098263
365.4,217.96974999998812
365.5,301.29475000000394
365.6,255.9766666666428
365.7,238.70069767441737
365.8,256.07853448276
365.9,264.25523809524225
366.0,240.5568253968304
366.1,266.1768103448307
366.2,233.8096551724204
366.3,177.74068965515926
366.4,216.14295652173195
366.5,238.20666666667023
366.6,236.7192173912971
366.7,239.85714285714172
366.8,257.82300884955737
366.9,242.17913793103835
367.0,229.9894827586202
367.1,258.6509016393493
367.2,248.5063414634185
367.3,264.1906451612914
367.4,284.6951612903551
367.5,204.4827419354864
367.6,231.6198387096809
367.7,242.15
367.8,259.9825600000091
367.9,252.48365217391404
368.0,209.9968695652236
368.1,252.77025641025185
368.2,236.2745299145336
368.3,189.1080341880201
368.4,207.49967213114505
368.5,229.3873170731705
368.6,232.97842975207232
368.7,249.18725806451755
368.8,243.8082258064504
368.9,247.3931578947352
369.0,253.24438016528893
369.1,257.3238461538465
369.2,254.2173684210557
369.3,242.30652173913103
369.4,245.7414285714288
369.5,244.8842857142855
369.6,249.1676470588252
369.7,248.8292241379312
369.8,246.90122807017545
369.9,246.22102564102636
370.0,245.4668965517251
370.1,252.51
370.2,246.0100000000014
370.3,248.5172972972982
370.4,249.6315789473688
370.5,247.45210526315765
370.6,241.6933057850747
370.7,103.73462809921438
370.8,86.94585365853654
370.9,87.31517241379315
371.0,91.4605084745766
371.1,133.4108695652498
371.2,235.4781578947364
371.3,240.0982608695678
371.4,247.92434782608623
371.5,240.05559322033727
371.6,233.59428571428455
371.7,230.89324561403515
371.8,230.8975423728817
371.9,232.1999999999999
372.0,233.1968067226889
372.1,233.8774789915968
372.2,233.93745762711865
372.3,234.0920689655173
372.4,234.58643478260868
372.5,216.42076923076343
372.6,171.133448275865
372.7,184.78
372.8,219.70173913044
372.9,187.19560344828025
373.0,178.75370689655108
373.1,193.153620689656
373.2,210.1792982456124
373.3,229.7042857142941
373.4,276.4185714285504
373.5,242.2984745762803
373.6,236.3409243697496
373.7,201.78495726496536
373.8,155.40128
373.9,164.26710526313448
374.0,241.24078947369455
374.1,250.3818103448277
374.2,245.44605263158067
374.3,233.22848739495456
374.4,208.83876033058317
374.5,189.2446153846144
374.6,214.0324137931232
374.7,258.7565517241261
374.8,250.8443859649107
374.9,197.3765546218711
375.0,198.16886178861083
375.1,220.03295081967136
375.2,225.69136752133707
375.3,320.6999145299367
375.4,235.61228813559865
375.5,236.50789473684085
375.6,243.5829661016949
375.7,207.412941176478
375.8,177.9196638655628
375.9,244.73249999999692
376.0,254.4825000000004
376.1,248.0661206896523
376.2,242.8394736842112
376.3,226.7427419354805
376.4,234.5171874999914
376.5,279.7262831858392
376.6,286.39
376.7,250.52076923078025
376.8,248.5608547008567
376.9,256.5301612903221
377.0,260.50700854700824
377.1,266.30624000000006
377.2,283.85823999999405
377.3,274.4163934426203
377.4,254.0355371900881
377.5,251.12181818181568
377.6,256.5884426229384
377.7,200.27220338983372
377.8,186.4925423728809
377.9,229.0551282051048
378.0,252.19736842105175
378.1,218.2366666666576
378.2,174.24869565217253
378.3,185.46153846154704
378.4,211.96852173911643
378.5,309.58591304347874
378.6,227.89121951216424
378.7,224.77487394957055
378.8,247.99766666666773
378.9,221.70652892564937
379.0,159.19805084745428
379.1,236.35906779662764
379.2,243.89347826087007
379.3,238.81344827586136
379.4,236.81647058823492
379.5,230.97032520325547
379.6,212.0270940170901
379.7,185.2920512820478
379.8,271.1570338982999
379.9,258.46179487180416
380.0,251.09347826087048
380.1,257.30237704918017
380.2,233.1641176470745
380.3,149.39426229510258
380.4,223.1319672131017
380.5,262.04603305785656
380.6,251.0201999999888
380.7,225.00078260868503
380.8,268.852956521735
380.9,240.29838709677944
381.0,204.83330434782368
381.1,201.8606666666716
381.2,223.94252173912665
381.3,234.2341379310332
381.4,205.07674796747756
381.5,217.0360975609771
381.6,223.8014285714295
381.7,253.45049180327752
381.8,263.0888524590056
381.9,238.52193277310928
382.0,238.20121739130488
382.1,234.57513043478255
382.2,180.0050847457817
382.3,167.33260869565115
382.4,203.9183760683569
382.5,242.63208695652207
382.6,247.2325641025652
382.7,250.27150000000947
382.8,216.96316666666985
382.9,191.18886956521945
383.0,222.80513043479397
383.1,272.0291452991593
383.2,285.50296610169886
383.3,260.1347540983624
383.4,274.3478688524543
383.5,194.86100000001144
383.6,221.2959504132342
383.7,252.7821367521344
383.8,261.99853448275866
383.9,264.028706896551
384.0,264.35793103447907
384.1,231.66827586206975
384.2,216.8559999999998
384.3,196.3022499999923
384.4,199.7117829457336
384.5,210.6240336134473
384.6,173.04942622950796
384.7,181.237950819672
384.8,202.32731707317865
384.9,210.13578947368464
385.0,240.57830508474177
385.1,270.0271186440522
385.2,204.95130434782504
385.3,215.46434782608748
385.4,177.40228813560358
385.5,178.11491666666603
385.6,196.77350000000325
385.7,221.85272727272252
385.8,246.08051282051284
385.9,246.20871794871792
386.0,222.6804310344823
386.1,190.7014782608628
386.2,213.4977966101628
386.3,254.01913043478496
386.4,266.0841228070235
386.5,249.20206611570345
386.6,260.45
386.7,159.86025641025788
386.8,228.50982608697743
386.9,293.7149122806848
387.0,289.8077685950498
387.1,252.7845454545422
387.2,241.39545454545387
387.3,261.9409090909067
387.4,220.2054032258181
387.5,197.56955752212312
387.6,209.8565289256321
387.7,238.4673275862077
387.8,249.7927350427344
387.9,204.75
388.0,222.7000000000034
388.1,230.85068376068537
388.2,251.76078740156987
388.3,263.17400000000004
388.4,244.36595041322505
388.5,238.90314049586755
388.6,212.62959016393
388.7,198.73747899159693
388.8,210.1243902439052
388.9,242.1094117646888
389.0,273.30837209302365
389.1,244.7114728682152
389.2,224.36376068376123
389.3,213.1835199999977
389.4,171.61282258065518
389.5,94.93201754385969
389.6,87.63454545454537
389.7,87.45272727272732
389.8,87.23237288135594
389.9,86.97789915966392
390.0,86.79974789915966
390.1,86.68999999999996
390.2,86.48704347826089
390.3,86.5653043478261
390.4,86.48896551724141
390.5,86.46344537815126
390.6,86.42614754098359
390.7,86.35579831932775
390.8,86.26779661016947
390.9,86.2
391.0,86.21739130434783
391.1,86.14543859649122
391.2,86.05931623931625
391.3,78.07230769230448
391.4,68.7581739130435
391.5,68.6606779661017
391.6,68.61967741935484
391.7,68.6116129032258
391.8,68.57581196581197
391.9,68.48396551724139
392.0,68.38615999999998
392.1,68.31871794871792
392.2,68.27206611570247
392.3,68.31338842975208
392.4,68.32677419354839
392.5,68.32478260869564
392.6,68.30461538461537
392.7,68.25103448275866
392.8,68.16105263157894
392.9,68.16982456140352
393.0,68.21224137931036
393.1,68.12159999999993
393.2,68.11871794871796
393.3,68.15387096774194
393.4,68.12129032258065
393.5,68.12935483870967
393.6,68.04566666666663
393.7,67.99293233082707
393.8,67.71710937500005
393.9,67.11800000000007
394.0,66.91800000000003
394.1,67.58960937500014
394.2,67.92338983050847
394.3,67.97
394.4,67.97245762711864
394.5,67.96842105263156
394.6,67.86315789473683
394.7,67.84492227979274
394.8,67.82658119658117
394.9,67.74111111111114
395.0,67.8341025641026
395.1,67.77869565217385
395.2,67.70151260504203
395.3,67.70842105263159
395.4,67.76260504201682
395.5,67.73100840336134
395.6,67.76462184873951
395.7,67.81235294117646
395.8,67.80149122807018
395.9,67.82285714285712
396.0,67.80393442622952
396.1,67.60250000000006
396.2,67.7275
396.3,67.69537190082644
396.4,67.65680672268908
396.5,67.64
396.6,67.67843478260875
396.7,67.73887931034483
396.8,67.58399999999997
396.9,67.71733333333333
397.0,67.66719298245614
397.1,67.60491525423728
397.2,67.56703389830508
397.3,67.56090909090909
397.4,67.57935483870968
397.5,67.49064516129033
397.6,67.45704347826087
397.7,67.53111111111107
397.8,67.58
397.9,67.52743589743591
398.0,67.40245901639345
398.1,67.29304000000002
398.2,67.44503999999996
398.3,67.42225
398.4,67.38512820512821
398.5,67.40666666666668
398.6,67.43894736842101
398.7,67.34705882352938
398.8,67.46470588235297
398.9,67.42151260504204
399.0,67.42247933884298
399.1,67.39504347826085
399.2,67.33542372881355
399.3,67.3596551724138
399.4,67.42862068965518
399.5,67.30327586206893
399.6,67.35809523809527
399.7,67.39026086956522
399.8,67.38
399.9,67.36206896551727
400.0,67.28534482758621
400.1,67.13879310344824
400.2,67.32709677419349
400.3,67.278
400.4,67.25864406779655
400.5,67.34804878048782
400.6,67.26739837398372
400.7,67.20235772357724
400.8,67.21722689075631
400.9,67.18118110236222
401.0,67.13307017543859
401.1,67.16000000000003
401.2,67.2552380952381
401.3,67.24442622950819
401.4,67.2360752688172
401.5,67.23069892473119
401.6,67.20147540983605
401.7,67.21184873949579
401.8,67.21067226890757
401.9,67.15652173913045
402.0,67.08101694915254
402.1,67.08949152542374
402.2,67.13051724137931
402.3,67.11463414634146
402.4,67.09521739130435
402.5,67.07608695652173
402.6,67.03290598290596
402.7,66.97347826086956
402.8,67.01695652173912
402.9,66.97956521739133
403.0,66.97
403.1,67.01769230769233
403.2,67.04026315789474
403.3,66.99949152542374
403.4,66.97
403.5,66.97
403.6,67.00739837398376
403.7,67.02
403.8,67.02
403.9,66.99951219512198
404.0,66.93088495575222
404.1,66.94858407079647
404.2,66.96628318584071
404.3,66.99611570247934
404.4,66.99033898305085
404.5,66.9908695652174
404.6,66.99234939759032
404.7,66.84174698795181
404.8,66.72913793103449
404.9,66.74331288343554
405.0,66.89055214723929
405.1,67.01411764705885
405.2,67.02318965517242
405.3,66.9828
405.4,66.95524590163936
405.5,66.88147540983607
405.6,66.79833333333333
405.7,66.7419512195122
405.8,66.7475
405.9,66.74016260162605
406.0,66.66380165289257
406.1,66.86214876033065
406.2,66.72958677685955
406.3,66.68
406.4,66.69777777777777
406.5,66.68315789473682
406.6,66.63915254237291
406.7,66.81557377049182
406.8,66.66803278688525
406.9,66.64
407.0,66.70103448275863
407.1,66.71991525423729
407.2,66.64784482758621
407.3,66.64307692307693
407.4,66.67726495726495
407.5,66.64958677685951
407.6,66.66427350427351
407.7,66.69862068965517
407.8,66.69423728813558
407.9,66.64672268907563
408.0,66.67966942148762
408.1,66.64661157024793
408.2,66.64
408.3,66.70669565217393
408.4,66.73586206896553
408.5,66.6703448275862
408.6,66.64
408.7,66.64
408.8,66.64
408.9,66.66393162393162
409.0,66.69827586206897
409.1,66.70701754385964
409.2,66.6741525423729
409.3,66.64959349593497
409.4,66.64146341463415
409.5,66.64
409.6,66.58545454545454
409.7,66.56730434782607
409.8,66.64
409.9,66.64051724137931
410.0,66.64913793103449
410.1,66.6423076923077
410.2,66.5162711864407
410.3,66.45913043478261
410.4,66.54837606837603
410.5,66.67206896551724
410.6,66.62888888888888
410.7,66.47015873015874
410.8,66.5738842975207
410.9,66.54082644628102
411.0,66.44
411.1,66.43023437499998
411.2,66.391171875
411.3,66.42975409836066
411.4,66.40926229508197
411.5,66.41245762711864
411.6,66.46240000000002
411.7,66.52983606557376
411.8,66.62819672131148
411.9,66.4957377049181
412.0,66.44
412.1,66.41948717948718
412.2,66.41426086956523
412.3,66.47452991452991
412.4,66.44034188034189
412.5,66.39975609756098
412.6,66.42015873015875
412.7,66.41899159663865
412.8,66.40324786324787
412.9,66.44365217391304
413.0,66.46973913043479
413.1,66.40230769230767
413.2,66.39
413.3,66.43611570247936
413.4,66.45333333333335
413.5,66.40626086956522
413.6,66.44
413.7,66.44
413.8,66.40163793103447
413.9,66.42016528925619
414.0,66.44
414.1,66.44
414.2,66.44
414.3,66.44
414.4,66.44
414.5,66.41051282051282
414.6,66.43034482758623
414.7,66.46747826086957
414.8,66.44
414.9,66.43456896551726
415.0,66.25353448275858
415.1,66.35000000000002
415.2,66.4200847457627
415.3,66.41896825396825
415.4,66.40173913043478
415.5,66.41781512605043
415.6,66.23294117647059
415.7,66.251
415.8,66.15658333333329
415.9,66.12785714285714
416.0,66.18
416.1,66.18
416.2,66.18
416.3,66.20745762711866
416.4,66.19967741935486
416.5,66.18
416.6,66.18478723404257
416.7,66.2113829787234
416.8,66.22739130434783
416.9,66.20750000000001
417.0,66.12416666666667
417.1,66.13637931034484
417.2,66.19495652173913
417.3,66.19754385964913
417.4,66.20100840336134
417.5,66.23
417.6,66.23
417.7,66.23
417.8,66.13899999999997
417.9,66.13386554621847
418.0,65.80966386554626
418.1,65.19406779661045
418.2,65.90568965517244
418.3,66.19017241379309
418.4,66.19293103448278
418.5,66.12793388429752
418.6,66.12644628099176
418.7,66.17768595041323
418.8,66.1705785123967
418.9,66.17884297520662
419.0,66.1377049180328
419.1,66.15096774193549
419.2,66.16347107438018
419.3,66.13633333333333
419.4,66.16966666666666
419.5,66.22033898305085
419.6,66.16519999999998
419.7,66.15276422764227
419.8,66.19118644067798
419.9,66.20836206896553
420.0,66.13077586206894
420.1,66.16245901639346
420.2,66.17641666666667
420.3,66.13327868852458
420.4,66.09458333333332
420.5,66.12482758620689
420.6,66.09034482758621
420.7,66.1250442477876
420.8,66.19559322033899
420.9,66.14379310344829
421.0,66.13069565217393
421.1,66.16251968503936
421.2,66.1250847457627
421.3,66.17593220338985
421.4,65.96831858407083
421.5,65.96086206896553
421.6,66.01258620689656
421.7,66.07007999999999
421.8,66.07818181818183
421.9,65.89
422.0,65.89
422.1,66.05661157024797
422.2,66.03025000000002
422.3,66.02190476190479
422.4,66.139918699187
422.5,65.90414634146335
422.6,65.88182608695651
422.7,66.03800000000001
422.8,66.10525
422.9,66.02275862068967
423.0,65.89
423.1,65.89305084745763
423.2,65.92694915254238
423.3,65.92241666666666
423.4,65.8976377952756
423.5,65.86871794871794
423.6,65.85
423.7,65.85190476190475
423.8,65.87571428571428
423.9,65.89
424.0,65.89
424.1,65.8882905982906
424.2,65.85410256410256
424.3,65.87933333333334
424.4,65.88418803418803
424.5,65.88
424.6,66.75684210526416
424.7,68.33166666666712
424.8,65.89
424.9,65.88145299145299
425.0,65.88664
425.1,65.88504273504273
425.2,65.87016
425.3,65.85396694214876
425.4,65.87876033057852
425.5,65.85624999999999
425.6,65.87479338842975
425.7,65.87258064516129
425.8,65.85
425.9,65.84903225806451
426.0,65.84096774193549
426.1,65.87577235772359
426.2,65.89
426.3,65.854
426.4,65.81882352941174
426.5,65.88073770491803
426.6,65.88893442622951
426.7,65.861
426.8,65.86661157024794
426.9,65.86830508474576
427.0,65.85
427.1,65.85433333333334
427.2,65.88766666666666
427.3,65.88191304347825
427.4,65.86
427.5,65.88528925619833
427.6,65.91016393442622
427.7,65.88394957983193
427.8,65.85033613445377
427.9,65.9072727272727
428.0,65.89421487603306
428.1,65.86574999999999
428.2,65.84703999999999
428.3,65.8449180327869
428.4,65.88590163934424
428.5,65.85311475409836
428.6,65.73495934959342
428.7,65.7237704918033
428.8,65.85
428.9,65.85
429.0,65.63448275862072
429.1,65.63471074380166
429.2,65.72941176470589
429.3,65.7454545454545
429.4,65.68770491803274
429.5,65.84958677685951
429.6,65.8082644628099
429.7,65.832
429.8,65.82727272727271
429.9,65.8
430.0,65.8
430.1,65.8
430.2,65.69024390243905
430.3,65.61809523809524
430.4,65.66552631578945
430.5,65.79052631578948
430.6,65.76983193277313
430.7,65.84546218487392
430.8,65.64741379310342
430.9,65.72682926829265
431.0,65.82217741935483
431.1,65.85
431.2,65.82406504065048
431.3,65.58829268292683
431.4,65.58957983193277
431.5,65.62974137931035
431.6,65.62675438596492
431.7,65.61585365853658
431.8,65.63789915966386
431.9,65.56226890756307
432.0,65.78869918699183
432.1,65.85
432.2,65.69139130434779
432.3,65.5513559322034
432.4,65.63271186440676
432.5,65.79016393442627
432.6,65.62622950819666
432.7,65.6
432.8,65.6
432.9,65.6
433.0,65.6
433.1,65.63193548387098
433.2,65.58827586206897
433.3,65.5651304347826
433.4,65.55932038834952
433.5,65.53504854368931
433.6,65.53310344827587
433.7,65.56
433.8,65.56031496062994
433.9,65.59181102362204
434.0,65.6
434.1,65.6
434.2,65.6
434.3,65.60573770491803
434.4,65.6467213114754
434.5,65.61290322580645
434.6,65.6
434.7,65.6
434.8,65.61293103448277
434.9,65.64877192982458
435.0,65.64
435.1,65.58214876033055
435.2,65.58264
435.3,65.59453781512605
435.4,65.58861788617887
435.5,65.56387096774193
435.6,65.59612903225806
435.7,65.5846956521739
435.8,65.5500819672131
435.9,65.51285714285714
436.0,65.5433333333333
436.1,65.66934426229507
436.2,65.49721311475409
436.3,65.61278688524594
436.4,65.50950819672137
436.5,65.42365853658536
436.6,65.51770491803283
436.7,65.67957264957266
436.8,65.63683760683759
436.9,65.53740157480314
437.0,65.53239669421487
437.1,65.59525423728813
437.2,65.63
437.3,65.62500000000001
437.4,65.45833333333334
437.5,65.52931623931626
437.6,65.46189655172407
437.7,65.44506849315069
437.8,65.57162601626017
437.9,65.61227642276423
438.0,65.56688524590164
438.1,65.53040650406504
438.2,65.511
438.3,65.49528925619835
438.4,65.52834710743802
438.5,65.49106557377048
438.6,65.53341463414637
438.7,65.51262295081966
438.8,65.42770491803279
438.9,65.4273770491803
439.0,65.55032786885243
439.1,65.53082901554403
439.2,65.48419689119171
439.3,65.63826086956523
439.4,65.64068965517244
439.5,65.54695652173913
439.6,65.53487804878051
439.7,65.61881355932204
439.8,65.57
439.9,65.57
440.0,65.43809917355368
440.1,65.44768595041324
440.2,65.53390243902437
440.3,65.54168067226888
440.4,65.34
440.5,65.46396694214874
440.6,65.40512396694213
440.7,65.43544715447153
440.8,65.51146341463414
440.9,65.48305785123966
441.0,65.42520661157026
441.1,65.4662711864407
441.2,65.50991803278687
441.3,65.46976377952755
441.4,65.38786885245901
441.5,65.41933884297521
441.6,65.38628099173553
441.7,65.44639344262295
441.8,65.39845528455281
441.9,65.34540983606557
442.0,65.43564516129034
442.1,65.47596774193549
442.2,65.51130434782607
442.3,134.8852173913226
442.4,218.49538461537887
442.5,252.64220338982852
442.6,221.70786324784729
442.7,176.8572173912949
442.8,225.8224347826065
442.9,239.32121951219167
443.0,240.9386440677967
443.1,247.53555555555744
443.2,249.83614035088232
443.3,245.27093220339893
443.4,299.3719354838777
443.5,253.4364516129083
443.6,216.36016393441395
443.7,257.77
443.8,275.2987931034377
443.9,217.3164601769873
444.0,243.93528455284667
444.1,254.187317073175
444.2,254.63225
444.3,270.40919354839
444.4,257.2762903225907
444.5,216.00438016528904
444.6,215.5025217391336
444.7,249.1286086956412
444.8,261.5733050847451
444.9,209.71000000002016
445.0,194.59974358974284
445.1,206.57984848484568
445.2,181.9442105263017
445.3,234.3477192982545
445.4,243.4440677966096
445.5,237.4488135593205
445.6,258.2992982456248
445.7,247.6845217391568
445.8,205.91428571427903
445.9,286.8659677419387
446.0,273.4627419354866
446.1,245.72074999998983
446.2,208.9285950413229
446.3,197.49756097561144
446.4,226.8922222222328
446.5,184.9862393162471
446.6,222.8565142857261
446.7,253.62043103448212
446.8,246.74396694214784
446.9,270.2233057851188
447.0,244.9757024793332
447.1,223.11749999999384
447.2,241.91537190082204
447.3,279.6589830508514
447.4,231.49634782607768
447.5,255.9050434782552
447.6,262.34347826087105
447.7,214.51508196721065
447.8,202.95184000000813
447.9,235.48016949152355
448.0,249.61327731092427
448.1,248.98302521008395
448.2,235.81421487603464
448.3,247.6620000000027
448.4,231.54206896552705
448.5,224.57341880342187
448.6,268.70967213114403
448.7,240.66049180328795
448.8,245.537983193278
448.9,273.3629059828964
449.0,241.18434782609884
449.1,240.7117948718081
449.2,267.1175
449.3,190.92275862069064
449.4,207.8193103448249
449.5,239.65816666666825
449.6,245.51344537815075
449.7,239.10275862069184
449.8,237.06105263157963
449.9,236.71825000000263
450.0,208.75574999999736
450.1,180.79324999999204
450.2,202.52508771928848
450.3,222.42256198347027
450.4,255.5427586206757
450.5,281.2302399999977
450.6,245.7281967213173
450.7,266.5314754098324
450.8,257.7741379310325
450.9,250.863913043479
451.0,247.3871052631576
451.1,247.77000000000248
451.2,251.3736363636367
451.3,244.66516393442703
451.4,247.18155737704888
451.5,245.6996747967476
451.6,243.7354098360651
451.7,246.64591999999908
451.8,256.6181896551716
451.9,251.26474137931064
452.0,235.17909836065456
452.1,149.19231999996987
452.2,87.08421052631577
452.3,86.87831932773152
452.4,96.78777777776082
452.5,163.84760683759447
452.6,237.41000000001765
452.7,254.05068965517256
452.8,250.08603448275807
452.9,242.87347826087117
453.0,237.9239130434777
453.1,235.39695652173805
453.2,232.54470588235296
453.3,231.83882352941183
453.4,230.8058620689659
453.5,230.1791228070175
453.6,229.8180701754385
453.7,229.7254237288135
453.8,230.2715789473685
453.9,230.47793103448376
454.0,217.85724137930688
454.1,192.07965217390148
454.2,202.15833333333427
454.3,231.423189655174
454.4,220.4914912281004
454.5,172.01424999999946
454.6,184.2092622950848
454.7,205.2010655737637
454.8,269.92663865546933
454.9,236.3979365079649
455.0,208.88692307691667
455.1,247.14478260869768
455.2,243.82966101695695
455.3,153.62627118642416
455.4,244.22859649118357
455.5,264.3112903225809
455.6,248.22927999999203
455.7,236.71813559321976
455.8,255.25959999999316
455.9,226.6196000000029
456.0,222.77452173913045
456.1,249.58156521739917
456.2,252.2622608695705
456.3,234.82858333333365
456.4,235.67363636362492
456.5,265.31
456.6,215.67363636361725
456.7,228.93008403361011
456.8,248.7387500000012
456.9,252.53866666666968
457.0,235.04262295081995
457.1,205.23114754098052
457.2,183.335000000006
457.3,177.8386206896552
457.4,202.9465853658436
457.5,237.1557627118651
457.6,242.93444444443932
457.7,226.81478632478928
457.8,219.66894736841945
457.9,244.438613138684
458.0,274.53050420168216
458.1,281.1822033898242
458.2,232.34504273503956
458.3,248.5330769230748
458.4,258.5038983050805
458.5,188.24837606837315
458.6,214.10717948721825
458.7,281.76577586207065
458.8,255.59120689654003
458.9,217.6203200000012
459.0,241.19632000000652
459.1,225.30365217390224
459.2,221.74228346456707
459.3,223.5134482758606
459.4,223.8738095238085
459.5,243.55634920634745
459.6,210.1845454545356
459.7,205.24759999999992
459.8,199.29699999999715
459.9,212.36393442621392
460.0,270.34250000000713
460.1,195.26749999999288
460.2,231.08439024389372
460.3,250.22586776859592
460.4,212.3197478991761
460.5,173.8552892561898
460.6,263.6976923076915
460.7,260.82589743589807
460.8,247.0140983606575
460.9,257.11704347825594
461.0,250.79368421052436
461.1,214.108861788612
461.2,187.81524590162903
461.3,254.7168852458988
461.4,253.7084000000024
461.5,203.058421052633
461.6,180.3283478260919
461.7,202.34165289256023
461.8,234.5946341463588
461.9,291.3426016260186
462.0,233.4605084745855
462.1,237.0288709677464
462.2,245.36075630252185
462.3,217.6816666666734
462.4,156.58725806451602
462.5,156.8533870967742
462.6,221.5350847457883
462.7,245.1632530120484
462.8,250.16435897436088
462.9,257.0703418803403
463.0,204.6050819672201
463.1,207.29266666666825
463.2,242.92884297519748
463.3,265.62442622950664
463.4,244.74540983607125
463.5,229.1306557377016
463.6,212.2647933884255
463.7,211.72463414633975
463.8,228.0431147541001
463.9,251.24114754098176
464.0,257.0608196721327
464.1,222.62235772357172
464.2,214.58912698412632
464.3,221.10894736842133
464.4,215.8914406779853
464.5,185.5011111111063
464.6,210.97119658120587
464.7,230.81229508196571
464.8,200.0638983050773
464.9,189.94999999999536
465.0,204.87
465.1,218.3126229508449
465.2,279.2634426229482
465.3,213.36073770491276
465.4,224.48316666665124
465.5,209.23760330578827
465.6,157.20378151260516
465.7,164.76707317071111
465.8,229.37682926829177
465.9,248.355365853655
466.0,240.29418032787075
466.1,225.1721311475389
466.2,213.09114754098093
466.3,191.76327868851956
466.4,259.4467826086831
466.5,281.326
466.6,257.51206611568847
466.7,244.0601639344266
466.8,253.90949999999185
466.9,197.49299999999067
467.0,236.79299999999813
467.1,236.25077586206623
467.2,249.92377192981905
467.3,243.7776315789479
467.4,219.53280991735568
467.5,216.90394957983088
467.6,210.36613445378052
467.7,182.77983050847905
467.8,190.71888888889285
467.9,227.5499159663783
468.0,245.60213114754723
468.1,199.70170731707316
468.2,195.46593495935065
468.3,215.6002439024403
468.4,256.18714285713787
468.5,253.23162393161277
468.6,220.3243902439137
468.7,246.6880327868813
468.8,152.80278688523146
468.9,161.25185483869996
469.0,208.26299145299055
469.1,246.30411764706173
469.2,250.74577235772608
469.3,238.65084033613303
469.4,224.69285714285715
469.5,197.97561983471047
469.6,199.1947154471578
469.7,233.16033898304465
469.8,273.7194871794852
469.9,255.5427118644229
470.0,212.61050847458085
470.1,217.20000000000468
470.2,174.32804878049248
470.3,151.07762711863762
470.4,235.50295081966408
470.5,260.8963934426296
470.6,238.13666666665443
470.7,228.1480991735542
470.8,206.451520000001
470.9,158.22823529414083
471.0,88.19682926829282
471.1,89.05048780487844
471.2,88.85790322580647
471.3,88.59
471.4,88.45017241379311
471.5,88.36878260869568
471.6,88.10358333333333
471.7,88.01191666666669
471.8,88.07249999999999
471.9,88.04322033898309
472.0,87.92940677966105
472.1,87.81931034482758
472.2,87.8003448275862
472.3,87.86931034482761
472.4,87.7419827586207
472.5,87.62316666666663
472.6,87.58525
472.7,87.57915966386555
472.8,83.49252173913061
472.9,68.17499999999953
473.0,69.34166666666671
473.1,69.31363636363633
473.2,68.68193798449612
473.3,68.04842105263157
473.4,68.09870689655122
473.5,69.0072
473.6,69.05520000000001
473.7,69.09025210084033
473.8,69.01547619047618
473.9,68.8942148760331
474.0,68.80203389830508
474.1,68.81
474.2,68.81
474.3,68.74203125
474.4,68.65456375838929
474.5,68.58196581196579
474.6,68.70162393162391
474.7,68.82128205128204
474.8,68.72443478260867
474.9,68.66
475.0,68.64225806451613
475.1,68.60145299145297
475.2,68.55876033057852
475.3,68.51743801652891
475.4,68.48289256198348
475.5,68.46495867768594
475.6,68.41409836065571
475.7,68.321512605042
475.8,68.32991596638655
475.9,68.41048780487804
476.0,68.38603305785124
476.1,68.38254098360656
476.2,68.37181818181817
476.3,68.27487804878048
476.4,68.31552845528454
476.5,68.34894308943089
476.6,68.30923076923075
476.7,68.27823529411765
476.8,68.25974789915965
476.9,68.184224137931
477.0,68.31353448275861
477.1,68.35304347826087
477.2,68.24571428571429
477.3,68.24806722689078
477.4,68.13555555555577
477.5,67.58000000000014
477.6,67.02444444444436
477.7,67.9904918032784
477.8,68.28612903225806
477.9,68.24017241379312
478.0,68.10304347826091
478.1,67.8147540983607
478.2,67.91311475409836
478.3,68.03128205128206
478.4,68.06655172413792
478.5,68.09479338842975
478.6,68.13625000000002
478.7,68.16846774193549
478.8,68.16040322580645
478.9,68.09048780487807
479.0,68.03459016393442
479.1,67.97551724137931
479.2,67.94452991452991
479.3,67.99758620689656
479.4,68.1000847457627
479.5,68.1085593220339
479.6,68.07483050847456
479.7,68.06436241610739
479.8,68.05032786885243
479.9,67.92737704918036
480.0,68.00103448275863
480.1,67.95759999999997
480.2,67.94154471544715
480.3,67.93311475409833
480.4,67.82655737704916
480.5,67.90852459016392
480.6,67.89133333333332
480.7,67.8226086956522
480.8,67.791953125
480.9,67.82319672131146
481.0,67.87877049180331
481.1,67.75581967213111
481.2,67.79657303370787
481.3,67.87879310344823
481.4,67.7581034482759
481.5,67.73285714285714
481.6,67.73
481.7,67.70909836065574
481.8,67.7023076923077
481.9,67.7971304347826
482.0,68.02321739130439
482.1,67.81913043478255
482.2,67.75243697478992
482.3,67.80658536585365
482.4,67.80770491803285
482.5,67.68
482.6,67.68
482.7,67.60913385826773
482.8,67.66842975206613
482.9,67.63901639344269
483.0,67.5572727272727
483.1,67.64295081967214
483.2,67.67573770491803
483.3,67.61040000000001
483.4,67.63254237288132
483.5,67.66211382113822
483.6,67.60396694214873
483.7,67.48
483.8,67.44638655462185
483.9,67.44
484.0,67.49812500000002
484.1,67.54521739130433
484.2,67.51966101694916
484.3,67.56956896551722
484.4,67.52646551724139
484.5,67.57862068965515
484.6,67.58184210526315
484.7,67.42897435897436
484.8,67.31523809523812
484.9,67.43428571428569
485.0,67.52
485.1,67.52258620689656
485.2,67.5656896551724
485.3,67.41117647058822
485.4,67.4212068965517
485.5,67.46454545454546
485.6,67.4866666666667
485.7,67.5356862745098
485.8,67.49118644067788
485.9,67.26
486.0,67.26
486.1,67.22626086956521
486.2,67.39982456140345
486.3,67.37933333333332
486.4,67.29
486.5,67.28393162393164
486.6,67.35521739130434
486.7,67.31173913043479
486.8,67.26826086956522
486.9,67.23344262295082
487.0,67.25933333333334
487.1,67.28721311475408
487.2,67.22600000000001
487.3,67.02599999999997
487.4,67.17772357723575
487.5,67.22
487.6,67.23896551724138
487.7,67.27289256198347
487.8,67.29379310344827
487.9,67.26085470085468
488.0,67.30358974358975
488.1,67.2757258064516
488.2,67.16240000000003
488.3,67.09654822335025
488.4,67.19807106598982
488.5,67.17860869565222
488.6,67.05368421052633
488.7,67.18333333333334
488.8,67.21666666666667
488.9,67.25076923076922
489.0,67.26
489.1,67.17457627118644
489.2,67.05258620689655
489.3,67.08434782608697
489.4,67.25826086956516
489.5,67.010347826087
489.6,67.033
489.7,67.06
489.8,67.04578512396694
489.9,66.99888
490.0,66.90288
490.1,67.0202479338843
490.2,67.16399999999994
490.3,67.13516129032259
490.4,66.96529914529918
490.5,66.85050847457624
490.6,67.05389830508477
490.7,67.02626086956522
490.8,67.02
490.9,67.02
491.0,67.03470085470086
491.1,67.05111111111111
491.2,67.01615384615384
491.3,66.9734188034188
491.4,67.03399999999998
491.5,67.00149606299213
491.6,66.99083333333334
491.7,67.02999999999999
491.8,67.059173553719
491.9,67.05090909090909
492.0,67.02946153846153
492.1,67.00474137931033
492.2,67.00075
492.3,67.02773109243698
492.4,67.05866666666668
492.5,67.02533333333334
492.6,66.92666666666663
492.7,66.98991228070174
492.8,67.03735042735042
492.9,66.95483870967743
493.0,66.82
493.1,66.82
493.2,66.75478991596638
493.3,66.766
493.4,66.78
493.5,66.78
493.6,66.78
493.7,66.77304347826087
493.8,66.74833333333332
493.9,66.91499999999998
494.0,66.84516949152541
494.1,66.72950413223138
494.2,66.79892561983465
494.3,66.94181818181818
494.4,66.85338842975207
494.5,66.78727272727274
494.6,66.77270491803279
494.7,66.77558333333333
494.8,66.78
494.9,66.78
495.0,66.778046875
495.1,66.73898437499999
495.2,66.73
495.3,66.75280000000001
495.4,66.76666666666668
495.5,66.73305084745763
495.6,66.7584745762712
495.7,66.7365
495.8,66.70470085470086
495.9,66.66605042016808
496.0,66.68626086956523
496.1,66.7705737704918
496.2,66.7299180327869
496.3,66.7217213114754
496.4,66.60150000000003
496.5,66.62896825396828
496.6,66.75454545454546
496.7,66.81599999999999
496.8,66.78266666666666
496.9,66.76440677966103
497.0,66.76621848739495
497.1,66.65043478260868
497.2,66.62265486725654
497.3,66.79056000000001
497.4,66.72082644628097
497.5,66.76214876033058
497.6,66.6052542372881
497.7,66.60474576271186
497.8,66.69347826086957
497.9,66.73
498.0,66.73362903225808
498.1,66.77395161290323
498.2,66.53086206896555
498.3,66.46379310344828
498.4,66.48
498.5,66.46689655172413
498.6,66.44
498.7,66.44096774193548
498.8,66.47322580645161
498.9,66.47347107438017
499.0,66.47464
499.1,66.45545454545453
499.2,66.399
499.3,66.47400000000002
499.4,66.4495867768595
499.5,66.49280991735537
499.6,66.5093388429752
499.7,66.52408
499.8,66.66213675213672
499.9,66.46555555555561
500.0,66.44
500.1,66.46063492063493
500.2,66.49344827586206
500.3,66.51233333333332
500.4,66.47900826446282
500.5,66.44595041322313
500.6,66.44
500.7,66.45512396694214
500.8,66.47338983050848
500.9,66.4742105263158
501.0,66.44619047619048
501.1,66.39857142857142
501.2,66.44606837606837
501.3,66.47
501.4,66.48626984126983
501.5,66.52
501.6,66.52
501.7,66.48056910569106
501.8,66.45165289256198
501.9,66.44
502.0,66.45057851239669
502.1,66.48376068376069
502.2,66.5179487179487
502.3,66.45785123966941
502.4,66.40853448275863
502.5,66.43539823008851
502.6,66.4765625
502.7,66.43631578947375
502.8,66.23369230769232
502.9,66.41830769230765
503.0,66.4518487394958
503.1,66.44
503.2,66.44820512820512
503.3,66.44391304347828
503.4,66.27
503.5,66.48008403361344
503.6,66.48538461538462
503.7,66.45344827586207
503.8,66.45190082644628
503.9,66.4723275862069
504.0,66.45587719298241
504.1,66.23657894736839
504.2,66.40560344827584
504.3,66.44
504.4,66.44
504.5,66.44
504.6,66.44
504.7,66.36553719008263
504.8,66.31129032258069
504.9,66.43067226890757
505.0,66.43907563025209
505.1,66.2712068965517
505.2,66.35383333333328
505.3,66.34034188034185
505.4,66.2231304347826
505.5,66.22166666666666
505.6,66.18198412698413
505.7,66.18
505.8,66.22698412698415
505.9,66.24758620689656
506.0,66.7458620689653
506.1,67.83517241379275
506.2,66.18
506.3,66.18
506.4,66.20905982905983
506.5,66.22
506.6,66.20210526315789
506.7,66.18
506.8,66.18698412698413
506.9,66.21873015873015
507.0,66.188
507.1,66.22903225806452
507.2,66.24295081967215
507.3,66.20991596638655
507.4,66.18
507.5,66.18
507.6,66.21026086956523
507.7,66.22631578947369
507.8,66.18721311475409
507.9,66.17661016949151
508.0,66.24769230769233
508.1,66.18
508.2,66.18
508.3,66.2096551724138
508.4,66.1964705882353
508.5,66.18
508.6,66.19344537815128
508.7,66.22429824561405
508.8,66.18043859649123
508.9,66.21384615384615
509.0,66.22677685950414
509.1,66.2052032520325
509.2,66.19225806451614
509.3,66.21529411764705
509.4,66.18168067226891
509.5,66.18
509.6,66.18
509.7,66.16153846153847
509.8,66.16596491228071
509.9,66.20317073170733
510.0,66.13
510.1,65.93165289256191
510.2,66.11016393442623
510.3,66.2066393442623
510.4,66.18
510.5,66.16474576271187
510.6,66.03762711864404
510.7,66.14370967741934
510.8,66.15685950413223
510.9,66.14
511.0,66.13352
511.1,66.11184873949581
511.2,66.20428571428572
511.3,66.14031999999997
511.4,66.15799999999999
511.5,66.19466666666666
511.6,66.13571428571429
511.7,66.11190476190477
511.8,65.93991596638654
511.9,65.91896825396825
512.0,66.02034188034187
512.1,66.14
512.2,66.13015748031496
512.3,65.93330708661429
512.4,66.08333333333334
512.5,66.18
512.6,66.16799999999999
512.7,66.13349593495933
512.8,66.09284552845531
512.9,65.98058823529419
513.0,65.91448000000003
513.1,65.90975806451614
513.2,65.97151260504212
513.3,66.08243697478996
513.4,65.95638655462189
513.5,65.97717948717948
513.6,65.95956521739129
513.7,65.94
513.8,65.92500000000003
513.9,65.89496894409938
514.0,65.9260248447205
514.1,65.94
514.2,65.97652173913052
514.3,66.03068965517244
514.4,65.89131147540984
514.5,65.92409836065573
514.6,65.91526946107784
514.7,65.89873949579831
514.8,65.89033613445379
514.9,65.90599999999999
515.0,65.90371900826446
515.1,65.89556451612903
515.2,65.9029166666667
515.3,65.93175000000002
515.4,65.85675
515.5,65.87912
515.6,65.86762711864407
515.7,65.8840157480315
515.8,65.92622950819674
515.9,65.8606557377049
516.0,65.86
516.1,65.84758620689655
516.2,65.86688000000002
516.3,65.91024793388429
516.4,65.94413223140495
516.5,65.98545454545456
516.6,65.89111111111103
516.7,65.85
516.8,65.86910569105689
516.9,65.90774193548387
517.0,65.94
517.1,65.8055462184874
517.2,65.81240000000001
517.3,65.82529411764706
517.4,65.87858333333325
517.5,65.99534482758618
517.6,65.90921739130437
517.7,65.83095652173913
517.8,65.91089430894303
517.9,65.97669491525423
518.0,65.95243902439026
518.1,65.85377049180326
518.2,65.78
518.3,65.77186991869918
518.4,65.83311475409832
518.5,65.80237704918036
518.6,65.74704918032789
518.7,65.80647540983597
518.8,65.68352459016403
518.9,65.70042735042733
519.0,65.71
519.1,65.71
519.2,65.83404580152684
519.3,65.93675213675215
519.4,65.85049586776869
519.5,65.67694214876036
519.6,65.81950819672137
519.7,65.77508196721308
519.8,65.79967741935475
519.9,65.89833333333333
520.0,65.84985915492953
520.1,65.72309859154927
520.2,65.7811290322581
520.3,65.85278688524593
520.4,65.8100826446281
520.5,65.76049586776858
520.6,65.81544000000002
520.7,65.84850000000002
520.8,65.88655737704916
520.9,65.84516129032271
521.0,65.63620689655176
521.1,65.71379310344834
521.2,65.7596551724138
521.3,65.80304347826082
521.4,65.86537190082639
521.5,65.8000000000001
521.6,65.59626016260162
521.7,65.67756097560982
521.8,65.7118032786885
521.9,65.78147540983602
522.0,65.7331896551724
522.1,65.67219298245617
522.2,65.75206896551724
522.3,65.72790322580639
522.4,65.84080645161285
522.5,65.75895652173918
522.6,65.66724137931035
522.7,65.65260869565218
522.8,65.70685483870965
522.9,65.75999999999998
523.0,65.68307692307694
523.1,65.76622754491017
523.2,65.83719008264463
523.3,65.85344262295088
523.4,65.77147540983609
523.5,65.7320325203252
523.6,118.18230769231498
523.7,164.39857142857247
523.8,186.33623999994825
523.9,257.3602479339174
524.0,186.87264462810512
524.1,203.84813559324272
524.2,224.38305084746543
524.3,243.3682203389653
524.4,269.83610619467964
524.5,281.8838016528889
524.6,251.76809917353845
524.7,284.0170731707461
524.8,241.6395348837775
524.9,216.77504132228768
525.0,262.5851724137881
525.1,292.3719199999954
525.2,268.41991999999
525.3,221.97233870971107
525.4,222.7633333333191
525.5,244.1388524590125
525.6,232.99172248804888
525.7,247.75248803828725
525.8,260.32948717949535
525.9,243.8935897435888
526.0,256.64268292682885
526.1,250.35036231884212
526.2,228.57033057851208
526.3,204.79533333327245
526.4,285.1119999999543
526.5,229.7968965517415
526.6,232.6733628318713
526.7,249.1100000000029
526.8,230.48296610171525
526.9,199.587899159672
527.0,240.88661157025035
527.1,253.05190082645336
527.2,246.8128448275768
527.3,202.9895652173901
527.4,201.04521739131312
527.5,216.75461538461045
527.6,189.50162393161827
527.7,236.97000000000384
527.8,245.96999999999565
527.9,246.2045901639344
528.0,269.4213333333497
528.1,270.60229508193976
528.2,215.45737704918892
528.3,273.3672131147304
528.4,215.19050847461443
528.5,231.3332758620528
528.6,268.89295652173536
528.7,277.9700862068941
528.8,249.98170731709956
528.9,205.61271186441215
529.0,236.68050847457508
529.1,242.52758620689696
529.2,206.63793103445215
529.3,213.9589473683968
529.4,247.0904347826103
529.5,248.48711864406613
529.6,263.84450819671366
529.7,250.6231967213085
529.8,217.38108527135088
529.9,242.7276521738962
530.0,273.08533980580887
530.1,240.4154368931828
530.2,238.01304347830344
530.3,272.3832000000079
530.4,228.99919999999804
530.5,279.3317094016906
530.6,261.57237288135
530.7,240.68123966941516
530.8,215.6206896551763
530.9,188.7537719298335
531.0,235.0537815126063
531.1,245.09579831932888
531.2,248.45041322314168
531.3,250.56271999999925
531.4,253.3656910569092
531.5,263.311304347812
531.6,291.34568965518366
531.7,250.44051724137609
531.8,228.09500000001728
531.9,211.55188034188643
532.0,228.6165289256224
532.1,256.31999999999545
532.2,247.32400000000573
532.3,254.0573333333327
532.4,252.12344827586128
532.5,252.04542372881383
532.6,249.2361403508768
532.7,243.56043478260835
532.8,241.8731147540931
532.9,248.24666666666795
533.0,242.9133333333336
533.1,249.26043478260968
533.2,248.64826086956376
533.3,248.5371794871768
533.4,203.3211304347981
533.5,87.39368852459012
533.6,86.9920491803276
533.7,88.49158333333473
533.8,88.84358333333333
533.9,164.26371900822716
534.0,247.36123966942367
534.1,242.7862295081972
534.2,237.2944262295055
534.3,235.52275000000063
534.4,233.81208333333376
534.5,234.31909090909105
534.6,235.767333333333
534.7,234.8699999999995
534.8,233.8700000000008
534.9,231.8242500000013
535.0,231.68474999999967
535.1,232.3270247933884
535.2,232.27809917355336
535.3,230.36195121951647
535.4,222.5326829268348
535.5,198.87299999999397
535.6,201.9347154471651
535.7,211.21254237287928
535.8,207.5611965811936
535.9,209.6122123893865
536.0,185.8157522123779
536.1,236.3836521739508
536.2,286.4140000000412
536.3,255.73798319329575
536.4,222.4502586206856
536.5,239.0419999999768
536.6,150.2812605042256
536.7,216.172016806746
536.8,277.6332758620403
536.9,269.26000000000806
537.0,235.1319166666683
537.1,221.1229565217426
537.2,240.58495575220655
537.3,224.1974358974389
537.4,185.1461538461732
537.5,201.81466666665747
537.6,230.3171900826429
537.7,216.0279166666513
537.8,172.3029999999906
537.9,186.1760330578399
538.0,208.5479338842948
538.1,260.74934426231954
538.2,235.3633884296887
538.3,213.25764227641832
538.4,233.51321167885163
538.5,159.92927007302626
538.6,185.6337398374052
538.7,243.1987603306233
538.8,273.0276033057868
538.9,250.56919354838496
539.0,242.2869354838685
539.1,227.92305785123
539.2,204.2181300812833
539.3,191.50741379310284
539.4,207.80241935483213
539.5,248.48983739837357
539.6,251.88821138211287
539.7,254.56714285714415
539.8,229.89829268294275
539.9,214.920254237286
540.0,231.7855932203481
540.1,258.99336206896766
540.2,272.3640517241448
540.3,242.49678260871104
540.4,187.7823437500313
540.5,157.29304347826096
540.6,180.76391304347823
540.7,238.23724137932436
540.8,254.50817391306285
540.9,233.2125217391256
541.0,249.1333884297492
541.1,214.66227642275197
541.2,193.5965217391491
541.3,228.20999999998767
541.4,269.74393162393136
541.5,243.91487179488232
541.6,249.6587288135614
541.7,259.5625000000053
541.8,256.18728813560426
541.9,244.30700854701303
542.0,241.91478260869275
542.1,254.64210526315816
542.2,228.48421052629152
542.3,212.98388429752976
542.4,194.8929752066219
542.5,183.33411764705983
542.6,194.4227586206792
542.7,232.8798260869568
542.8,235.59286956521493
542.9,197.15634782611613
543.0,190.34585365853664
543.1,195.06372881356003
543.2,228.9913223140585
543.3,265.4203278688961
543.4,189.74
543.5,243.85016949151395
543.6,248.97210526315496
543.7,193.21571428564985
543.8,156.43547008546608
543.9,187.7823199999389
544.0,262.52647540984657
544.1,241.1904098360638
544.2,259.7879338843103
544.3,250.26638655463668
544.4,223.2461538461602
544.5,207.5822608695664
544.6,216.9513600000099
544.7,246.42336000001663
544.8,207.83092436977444
544.9,208.25049999999055
545.0,221.57504132231347
545.1,226.01322033898344
545.2,231.01478260869567
545.3,234.96260869565216
545.4,238.3481355932199
545.5,216.32394736842812
545.6,196.5135537190085
545.7,193.5214876033103
545.8,200.55025641026089
545.9,190.17656250000837
546.0,237.0906250000033
546.1,242.03615384615
546.2,228.5177868852376
546.3,208.874491525438
546.4,204.83983333333717
546.5,285.52316666668577
546.6,240.3692499999802
546.7,236.7339130434828
546.8,255.6027586206828
546.9,234.9827272727207
547.0,198.12230769232167
547.1,245.0727350427356
547.2,235.50008547008076
547.3,222.9987826087016
547.4,222.7104201680658
547.5,217.17429752066369
547.6,214.56603448276053
547.7,215.0288888888663
547.8,178.4267521367488
547.9,221.16179487177368
548.0,246.13631578948
548.1,231.2503999999806
548.2,206.1291666666468
548.3,209.03230769229336
548.4,269.5010256410078
548.5,303.5095726495736
548.6,267.92083916083607
548.7,255.73333333333815
548.8,229.2941176470987
548.9,162.08258064512043
549.0,263.3487096773822
549.1,283.2774576271229
549.2,268.1380487804777
549.3,261.4847107437949
549.4,260.4723140495933
549.5,232.02688524589945
549.6,208.4367213114816
549.7,201.54794871794795
549.8,209.1339999999919
549.9,198.7463865546418
550.0,174.2981512604998
550.1,191.74894736844368
550.2,229.59105263159933
550.3,226.0373043478292
550.4,263.85241379309554
550.5,247.3797435897252
550.6,230.56565217393575
550.7,229.06557377043552
550.8,154.69999999999357
550.9,163.7000000000002
551.0,223.36666666664547
551.1,255.27551724137564
551.2,257.44188034187687
551.3,253.43760330578365
551.4,242.65645161290536
551.5,184.1
551.6,209.8155172413884
551.7,262.175217391335
551.8,228.5333620689889
551.9,217.97426229506647
552.0,228.4700813008366
552.1,166.2864406779716
552.2,182.1169491525445
552.3,110.97844827591908
552.4,89.53578512396714
552.5,89.24652542372883
552.6,89.10136752136759
552.7,88.76338983050839
552.8,88.56
552.9,88.59448275862066
553.0,88.50504347826084
553.1,88.3461538461538
553.2,88.28666666666669
553.3,88.28902654867261
553.4,88.2029310344828
553.5,88.12454545454547
553.6,88.03363636363635
553.7,88.11132231404964
553.8,88.1135772357724
553.9,88.0732786885246
554.0,88.04389830508475
554.1,87.79453781512984
554.2,71.24831932771923
554.3,69.27379310344833
554.4,69.5006086956521
554.5,69.27428571428565
554.6,69.21983739837403
554.7,69.28155737704897
554.8,68.07663934426276
554.9,68.80426229508217
555.0,69.18131147540984
555.1,69.18601626016259
555.2,69.1583606557377
555.3,69.15016393442625
555.4,68.94897435897438
555.5,68.98043478260871
555.6,68.91817391304345
555.7,68.85
555.8,68.86330645161287
555.9,68.89628099173554
556.0,68.85495867768593
556.1,68.93741721854309
556.2,68.95534482758616
556.3,68.85823529411765
556.4,68.84914529914532
556.5,68.80641025641025
556.6,68.87264957264964
556.7,68.87614035087717
556.8,68.89692307692303
556.9,68.85276422764241
557.0,68.64537190082645
557.1,68.61231404958676
557.2,68.73000000000008
557.3,68.7346153846154
557.4,68.65591999999998
557.5,68.56893442622949
557.6,68.5320325203252
557.7,68.5726829268293
557.8,68.54639344262297
557.9,68.52016393442624
558.0,68.49689655172413
558.1,68.47
558.2,68.47241379310347
558.3,68.50689655172414
558.4,68.4483050847458
558.5,68.51377049180329
558.6,68.57
558.7,68.5615
558.8,68.53017543859649
558.9,68.46
559.0,68.54474576271184
559.1,68.40151260504192
559.2,68.34894736842108
559.3,68.40589743589742
559.4,68.35568345323702
559.5,67.1686330935246
559.6,67.74547008547034
559.7,68.26934426229509
559.8,68.29458333333332
559.9,68.31560000000002
560.0,68.21959999999999
560.1,68.28758620689659
560.2,68.31573643410853
560.3,68.33475409836065
560.4,68.34399999999998
560.5,68.26959349593491
560.6,68.13951219512192
560.7,68.14857142857143
560.8,68.13953488372096
560.9,68.12
561.0,68.11173913043478
561.1,68.0741379310345
561.2,68.1775862068966
561.3,68.21275862068964
561.4,68.22620689655173
561.5,68.18087719298244
561.6,67.64699999999966
561.7,66.96813559322072
561.8,67.92689655172397
561.9,68.09931034482749
562.0,68.15859649122808
562.1,68.13172413793103
562.2,68.06206611570248
562.3,68.02865546218484
562.4,68.06256198347106
562.5,68.0212396694215
562.6,68.0282905982906
562.7,67.9882608695652
562.8,67.9414912280702
562.9,67.98102564102558
563.0,68.00913385826772
563.1,67.87059322033899
563.2,67.87906779661017
563.3,67.9629661016949
563.4,67.94788135593221
563.5,67.94264957264959
563.6,67.95758620689654
563.7,67.90560975609746
563.8,67.78365853658542
563.9,67.7468376068376
564.0,67.82253968253967
564.1,67.78590163934427
564.2,67.71702479338849
564.3,67.8128455284553
564.4,67.74780487804881
564.5,67.91299145299143
564.6,67.79713043478256
564.7,67.79713043478267
564.8,67.86521008403369
564.9,67.7890163934426
565.0,67.83
565.1,67.7070491803278
565.2,67.68672413793104
565.3,67.74391304347823
565.4,67.73777777777778
565.5,67.69846153846152
565.6,67.80888888888889
565.7,67.80034188034188
565.8,67.608
565.9,67.62280991735534
566.0,67.61769230769232
566.1,67.57
566.2,67.57
566.3,67.57
566.4,67.56254098360657
566.5,67.56579831932773
566.6,67.58587301587302
566.7,67.59243902439023
566.8,67.52066115702478
566.9,67.58677685950414
567.0,67.58048780487805
567.1,67.57
567.2,67.5954032258065
567.3,67.65545454545456
567.4,67.61413223140495
567.5,67.58049180327869
567.6,67.59229508196721
567.7,67.59887096774193
567.8,67.58559322033896
567.9,67.60873015873015
568.0,67.57698412698413
568.1,67.57
568.2,67.61243902439026
568.3,67.63459677419357
568.4,67.5463636363637
568.5,67.33148760330577
568.6,67.38043478260872
568.7,67.34685039370073
568.8,67.32935483870968
568.9,67.36
569.0,67.36
569.1,67.38479338842976
569.2,67.39652892561985
569.3,67.33233333333335
569.4,67.34032520325202
569.5,67.48829268292684
569.6,67.27691056910554
569.7,67.228547008547
569.8,67.2975862068965
569.9,67.32447368421055
570.0,67.31
570.1,67.28951219512194
570.2,67.22162601626016
570.3,67.25414634146341
570.4,67.32890756302518
570.5,67.36
570.6,67.34347107438015
570.7,67.30387096774193
570.8,67.2716129032258
570.9,67.23169354838709
571.0,67.24347107438018
571.1,67.29007518796996
571.2,67.29999999999988
571.3,67.0647058823531
571.4,67.22610169491527
571.5,67.26
571.6,67.24033333333333
571.7,67.23356521739134
571.8,67.23704347826087
571.9,67.15543103448277
572.0,67.215775862069
572.1,67.29033613445382
572.2,67.16560975609748
572.3,67.02920000000005
572.4,66.99840336134447
572.5,67.09766666666668
572.6,67.06433333333335
572.7,66.26131147540966
572.8,66.3767999999996
572.9,66.86067226890746
573.0,67.02
573.1,67.02067796610172
573.2,67.05457627118646
573.3,66.99538461538464
573.4,66.99938596491228
573.5,66.999296875
573.6,66.97
573.7,66.98354838709683
573.8,67.09645161290317
573.9,67.03578313253013
574.0,66.97
574.1,66.97
574.2,66.97
574.3,66.97
574.4,67.0153846153846
574.5,67.04539130434782
574.6,67.00846153846152
574.7,66.97
574.8,66.97
574.9,66.97
575.0,66.97
575.1,66.97
575.2,66.95842105263156
575.3,66.94266666666667
575.4,67.00933333333329
575.5,67.02
575.6,67.02
575.7,66.95613445378144
575.8,66.85166666666667
575.9,67.01833333333337
576.0,66.98132812499999
576.1,66.97
576.2,66.99100840336136
576.3,66.96095238095246
576.4,66.78982905982906
576.5,66.98641025641037
576.6,66.9793913043478
576.7,66.98258620689656
576.8,66.88372881355944
576.9,66.78652542372879
577.0,66.813
577.1,66.7803448275862
577.2,66.81482758620689
577.3,66.96529914529906
577.4,66.85145299145297
577.5,66.76317073170733
577.6,66.803
577.7,66.77655172413792
577.8,66.73344827586209
577.9,66.73
578.0,66.73
578.1,66.75564102564104
578.2,66.78
578.3,66.78
578.4,66.78
578.5,66.81333333333333
578.6,66.81327731092436
578.7,66.81525862068966
578.8,66.80461538461539
578.9,66.79851239669422
579.0,66.8552136752137
579.1,66.78683760683761
579.2,66.73263157894736
579.3,66.75193277310923
579.4,66.77483050847458
579.5,66.77666666666667
579.6,66.7794827586207
579.7,66.82
579.8,66.82
579.9,66.78847457627118
580.0,66.78
580.1,66.79685950413224
580.2,66.8175
580.3,66.80444444444446
580.4,66.7488888888889
580.5,66.72387096774193
580.6,66.73967741935483
580.7,66.78
580.8,66.78
580.9,66.84406779661016
581.0,66.70356521739124
581.1,66.66947368421057
581.2,66.78
581.3,66.77879310344828
581.4,66.7701724137931
581.5,66.8011111111111
581.6,66.66600000000001
581.7,66.66694915254244
581.8,66.69556521739133
581.9,66.612
582.0,66.7734426229508
582.1,66.60950819672134
582.2,66.67896551724138
582.3,66.5822608695654
582.4,66.56282051282044
582.5,66.64428571428573
582.6,66.60479338842973
582.7,66.77008264462815
582.8,66.5841666666668
582.9,66.52412698412698
583.0,66.57508196721312
583.1,66.68983606557381
583.2,66.62877049180317
583.3,66.54
583.4,66.54565573770492
583.5,66.56922413793104
583.6,66.49163793103448
583.7,66.54483050847463
583.8,66.55282051282052
583.9,66.53152542372882
584.0,66.50886956521738
584.1,66.49296610169495
584.2,66.56923728813561
584.3,66.53644067796611
584.4,66.56403361344537
584.5,66.50644067796611
584.6,66.48575999999998
584.7,66.56350427350426
584.8,66.52901098901101
584.9,66.47956043956046
585.0,66.44
585.1,66.44
585.2,66.51916666666669
585.3,66.49625000000005
585.4,66.13936416185001
585.5,65.53820809248573
585.6,66.12052631578992
585.7,66.41931034482761
585.8,66.45322033898303
585.9,66.49051724137931
586.0,66.53052631578947
586.1,66.48
586.2,66.48
586.3,66.44983050847458
586.4,66.44
586.5,66.4594871794872
586.6,66.49355932203392
586.7,66.52
586.8,66.51863247863251
586.9,66.48444444444446
587.0,66.45
587.1,66.44
587.2,66.45947826086957
587.3,66.49389830508473
587.4,66.53008771929825
587.5,66.560564516129
587.6,66.4557258064516
587.7,66.44
587.8,66.44
587.9,66.44
588.0,66.44
588.1,66.44
588.2,66.43211382113822
588.3,66.43616666666667
588.4,66.3239669421488
588.5,66.18
588.6,66.18302521008404
588.7,66.21663865546219
588.8,66.24926829268291
588.9,66.21606557377052
589.0,66.20975206611568
589.1,66.25200000000001
589.2,66.21863247863247
589.3,66.18444444444447
589.4,66.18
589.5,66.1543859649123
589.6,66.18282258064517
589.7,66.21565573770489
589.8,66.18499999999997
589.9,66.22346153846152
590.0,66.22271929824561
590.1,66.34279661016957
590.2,66.35031249999996
590.3,66.22818897637796
590.4,66.22031496062992
590.5,66.18745762711866
590.6,66.21362068965517
590.7,66.22465517241379
590.8,66.22
590.9,66.23059829059828
591.0,66.25661290322581
591.1,66.23241935483871
591.2,66.1925
591.3,66.20372881355931
591.4,66.20280991735538
591.5,66.19280991735536
591.6,66.22224137931036
591.7,66.14465517241378
591.8,66.21356521739125
591.9,66.28401709401709
592.0,66.28350427350426
592.1,66.22896551724136
592.2,66.1698245614035
592.3,66.1348717948718
592.4,66.10068376068378
592.5,66.14117647058825
592.6,66.17025641025641
592.7,66.14192982456137
592.8,66.12210084033613
592.9,66.1304132231405
593.0,66.10260162601627
593.1,66.13512195121952
593.2,66.16764227642277
593.3,66.20540983606554
593.4,66.21275862068967
593.5,66.18
593.6,66.17373913043478
593.7,66.10417391304345
593.8,66.1326956521739
593.9,66.17495575221238
594.0,66.16155172413791
594.1,66.1765853658537
594.2,66.21258064516127
594.3,66.14975000000001
594.4,66.14141666666667
594.5,66.1944262295082
594.6,66.20032258064515
594.7,66.18
594.8,66.18
594.9,66.18
595.0,66.17166666666668
595.1,66.131452991453
595.2,65.96051282051273
595.3,66.0774999999999
595.4,66.14
595.5,66.15388429752068
595.6,66.17483606557376
595.7,66.15024590163934
595.8,66.17434426229508
595.9,66.14844262295084
596.0,66.15254098360654
596.1,66.18
596.2,66.17219512195119
596.3,66.10715447154476
596.4,65.97829059829064
596.5,66.0828099173554
596.6,66.04051282051279
596.7,65.94350877192986
596.8,66.11520661157027
596.9,65.99123966942145
597.0,65.94975609756096
597.1,65.94
597.2,66.03435897435911
597.3,66.160826446281
597.4,66.10528925619829
597.5,66.17140495867767
597.6,66.12295081967211
597.7,66.0154471544715
597.8,65.90876033057856
597.9,65.8999180327868
598.0,66.13762295081973
598.1,65.9777049180328
598.2,65.97262711864408
598.3,65.92229508196728
598.4,65.87846153846148
598.5,65.93824561403508
598.6,65.92950819672132
598.7,65.92131147540984
598.8,65.84631578947375
598.9,65.93176470588233
599.0,65.99097014925371
599.1,65.96739130434784
599.2,66.00934426229506
599.3,65.9765573770492
599.4,66.02950413223137
599.5,65.965
599.6,65.90208695652179
599.7,65.96
599.8,65.95684210526319
599.9,65.92175438596492
600.0,65.87833333333333
600.1,65.83478260869565
600.2,65.87546218487397
600.3,65.94043478260866
600.4,65.9391228070176
600.5,65.86980198019803
600.6,65.9242574257426
600.7,65.95699186991864
600.8,65.87569105691063
600.9,65.86191304347827
601.0,65.97488372093018
601.1,66.01786885245902
601.2,65.95672131147538
601.3,65.90625
601.4,65.83124999999998
601.5,65.82
601.6,65.95356521739146
601.7,65.95862068965506
601.8,65.83422413793099
601.9,65.88983333333327
602.0,66.00649999999996
602.1,65.85817391304352
602.2,65.88655172413793
602.3,65.85500000000008
602.4,65.88411111111103
602.5,66.04522222222222
602.6,65.98867469879517
602.7,65.82
602.8,65.77833333333336
602.9,65.86523809523803
603.0,65.8730434782609
603.1,65.87880952380951
603.2,65.98796610169485
603.3,65.81847457627119
603.4,65.74214285714288
603.5,65.87580645161293
603.6,65.91516393442615
603.7,65.8042148760331
603.8,65.94934959349595
603.9,65.9168292682927
604.0,65.84817391304345
604.1,65.84245614035089
604.2,65.8472881355932
604.3,65.82728813559322
604.4,65.83707317073171
604.5,65.95902439024388
604.6,65.81576271186431
604.7,65.74482758620688
604.8,65.79999999999994
604.9,65.85223140495867
605.0,66.34250000000112
605.1,69.74688524593677
605.2,123.59114754099969
605.3,193.40137931029847
605.4,232.42579831931783
605.5,254.11442622950207
605.6,259.07134453780367
605.7,203.0419008264548
605.8,246.3394214875793
605.9,280.25999999999374
606.0,267.17458333333167
606.1,224.5851181102144
606.2,195.07453781517663
606.3,250.08140495868145
606.4,234.2219008264439
606.5,193.5425619834812
606.6,189.36975806451915
606.7,213.33760330580355
606.8,239.45324786324844
606.9,296.33358974356656
607.0,239.62806722691664
607.1,214.15315789473212
607.2,256.7850877193434
607.3,254.39682539685435
607.4,205.35466666666792
607.5,254.99911111112695
607.6,262.83084033613534
607.7,254.67462809916572
607.8,227.4393333333433
607.9,206.79795081966552
608.0,233.14341666669415
608.1,180.33508333335084
608.2,219.79570247934035
608.3,255.169090909072
608.4,262.25500000000693
608.5,257.02672131147153
608.6,282.6204999999807
608.7,237.30383333330545
608.8,269.4057024793307
608.9,263.3219008264378
609.0,247.5187500000093
609.1,265.7315573770608
609.2,285.21516393443096
609.3,258.873170731711
609.4,239.0736507936565
609.5,236.4136206896504
609.6,240.5514285714288
609.7,226.36235294116068
609.8,182.8917647059164
609.9,212.9804918032681
610.0,229.61346456693093
610.1,247.88517241380924
610.2,268.69161290322
610.3,236.99
610.4,217.6729268292713
610.5,265.8578260869511
610.6,274.2291082802558
610.7,248.8621186440672
610.8,280.9044915254108
610.9,260.731750000004
611.0,241.58842975206343
611.1,234.4810169491531
611.2,237.94193548387207
611.3,242.77800000005453
611.4,185.22800000004364
611.5,204.93225806451863
611.6,223.7065573770512
611.7,262.03500000000827
611.8,326.0985915493297
611.9,284.53521126762337
612.0,246.8776315789452
612.1,283.4302631578904
612.2,246.8619999999964
612.3,217.99098360657
612.4,236.31181818181108
612.5,276.2553906249905
612.6,220.2788281249965
612.7,248.11750000000765
612.8,257.6614049586766
612.9,254.3663793103464
613.0,250.64545454545504
613.1,242.6722608695338
613.2,183.6735897436185
613.3,227.853076923037
613.4,247.75142857142603
613.5,243.09999999999377
613.6,240.98842975207128
613.7,252.702
613.8,257.46863247863905
613.9,250.4344444444471
614.0,250.773389830509
614.1,248.77473684210332
614.2,243.14982758620167
614.3,242.4226890756281
614.4,248.8162393162401
614.5,242.42836206896337
614.6,237.040431034484
614.7,246.4007692307713
614.8,251.65684210526103
614.9,252.49760683760712
615.0,253.56508620689627
615.1,225.69599999996976
615.2,102.2475862068911
615.3,88.3424137931089
615.4,88.56599999999968
615.5,110.72982905983568
615.6,191.7121052632065
615.7,252.76017241379117
615.8,249.29724137931112
615.9,246.3508620689654
616.0,245.42844827586163
616.1,244.1978947368416
616.2,235.023389830506
616.3,236.1362608695589
616.4,239.50743589743604
616.5,237.56526315789569
616.6,233.5003361344538
616.7,233.68499999999864
616.8,232.1850000000013
616.9,231.70869565217396
617.0,231.54155172413795
617.1,257.09810344826656
617.2,285.7662068965514
617.3,273.38626086959846
617.4,228.3785483870895
617.5,242.0720967741868
617.6,260.1488983050873
617.7,268.00260504201754
617.8,257.0190756302718
617.9,241.78421052630864
618.0,251.014396551716
618.1,227.971293103432
618.2,242.7839669421516
618.3,186.58612903228703
618.4,159.94413793102936
618.5,184.7984615384482
618.6,215.19666666666663
618.7,240.94487603305996
618.8,186.24239669425805
618.9,200.82099999998425
619.0,221.0704065040649
619.1,253.76521739133292
619.2,276.7579310344313
619.3,214.2415517241355
619.4,245.45706896552585
619.5,212.6654385964824
619.6,181.3515384615184
619.7,186.10000000001537
619.8,194.33827586207576
619.9,200.1047999999874
620.0,243.3492561983476
620.1,230.13438016528468
620.2,219.79355371900107
620.3,202.76769230770347
620.4,212.4168067226746
620.5,238.73573913042367
620.6,219.35410256411976
620.7,254.05495726496
620.8,257.0461983471065
620.9,189.13116666671036
621.0,172.7003305785038
621.1,225.3297435897598
621.2,274.11466666665217
621.3,254.95633333333697
621.4,263.42789473683985
621.5,244.26752136751617
621.6,208.5499999999948
621.7,192.89896551724232
621.8,214.35517241376388
621.9,249.43551724137868
622.0,251.22
622.1,214.3500813008188
622.2,197.982352941171
622.3,206.2615384615288
622.4,255.5214782608133
622.5,299.63983050850186
622.6,226.10719008266048
622.7,266.32206611573383
622.8,191.43926829272377
622.9,200.42835294116327
623.0,266.26952941178234
623.1,260.028421052629
623.2,225.81966386553745
623.3,229.91157024791173
623.4,245.33902439024536
623.5,233.99115702478613
623.6,215.5861983471104
623.7,209.8704878048752
623.8,223.43499999999517
623.9,213.091120000001
624.0,186.7693442622952
624.1,189.87747899159524
624.2,195.83546218487817
624.3,206.3073170731658
624.4,200.21606299212783
624.5,209.9274358974416
624.6,248.98360000000315
624.7,231.7515999999992
624.8,176.76355371904893
624.9,173.64070175437556
625.0,210.38931034480373
625.1,241.85862068965437
625.2,245.98677685950332
625.3,241.87991803279493
625.4,225.5930327868839
625.5,196.47025862067488
625.6,225.13612068966336
625.7,243.23307017543328
625.8,239.20642857142784
625.9,252.9115517241414
626.0,268.30810344826966
626.1,168.9642148760379
626.2,216.450344827616
626.3,275.28102564101346
626.4,264.9132758620607
626.5,217.19214876033348
626.6,228.5923140495902
626.7,215.96421487603163
626.8,215.9824999999985
626.9,192.8326315789681
627.0,200.74196581195213
627.1,214.32966942148187
627.2,185.61620967741757
627.3,181.9468548387119
627.4,209.0976470588055
627.5,206.65900000000647
627.6,234.77016129033075
627.7,272.90371900825096
627.8,252.4093548387193
627.9,241.9577419354836
628.0,180.51542372881423
628.1,161.83818181818305
628.2,188.7240322580849
628.3,232.7639344262172
628.4,254.1
628.5,260.6725806451616
628.6,238.3473770491651
628.7,203.06254237285685
628.8,189.6515384615248
628.9,224.7840869565238
629.0,271.41479338841566
629.1,200.034628099132
629.2,209.2604958677734
629.3,221.22793388429423
629.4,229.4599999999908
629.5,252.926982758599
629.6,302.7343478260897
629.7,247.82130434782067
629.8,232.8800000000074
629.9,192.67297520662825
630.0,176.4337288135556
630.1,194.00411764705723
630.2,217.54760683762183
630.3,240.28264957262925
630.4,257.4268421052637
630.5,230.9083760683824
630.6,200.67322580644225
630.7,197.2604273504466
630.8,234.1776923076555
630.9,285.4673913043506
631.0,257.4413043478247
631.1,197.0826724137688
631.2,210.1461157025048
631.3,227.77066666666607
631.4,270.04957264955897
631.5,337.35533333335434
631.6,278.9997777777693
631.7,239.81333333332893
631.8,220.26695652178708
631.9,166.67951219511087
632.0,182.6632520325215
632.1,220.085210084043
632.2,239.58576000000164
632.3,245.28354838709205
632.4,248.79336134455053
632.5,222.1547058823405
632.6,193.19389830507487
632.7,216.7230252100954
632.8,247.31157894736083
632.9,252.49452173912547
633.0,246.05008064517136
633.1,268.98557377045813
633.2,186.83803278688063
633.3,130.4195000000501
633.4,160.8636206895972
633.5,217.54153846153176
633.6,236.05578947368423
633.7,234.11451612902903
633.8,218.1467741935481
633.9,194.8309917355465
634.0,128.33078947367653
634.1,89.73568965517228
634.2,89.54849999999982
634.3,89.33311999999998
634.4,88.98111999999989
634.5,88.92866666666666
634.6,88.76556521739117
634.7,88.74051282051286
634.8,88.69137931034503
634.9,88.50224137931035
635.0,88.50920634920635
635.1,88.50126984126985
635.2,88.32769230769213
635.3,88.26
635.4,88.26859504132231
635.5,88.24669421487609
635.6,87.52235772357747
635.7,81.24593495934502
635.8,71.49000000000001
635.9,69.42552631578955
636.0,69.85608695652172
636.1,69.68293103448272
636.2,69.55449999999988
636.3,69.34622448979613
636.4,68.61663265306136
636.5,68.08434782608683
636.6,69.32782608695658
636.7,69.31083333333332
636.8,69.19948275862076
636.9,69.23358333333329
637.0,69.25231404958679
637.1,69.12317073170733
637.2,69.19634146341464
637.3,69.12629310344833
637.4,69.04753488372094
637.5,68.96846511627903
637.6,69.0337931034483
637.7,69.08677419354837
637.8,69.05417391304347
637.9,69.07620689655172
638.0,69.14517241379315
638.1,68.9094827586207
638.2,68.91078947368425
638.3,68.97999999999996
638.4,68.99805084745766
638.5,68.93362068965517
638.6,68.84794871794868
638.7,68.77957264957264
638.8,68.79243478260868
638.9,68.84773109243697
639.0,68.87095652173913
639.1,68.8568376068376
639.2,68.82565217391293
639.3,68.7096
639.4,68.7016
639.5,68.60427350427352
639.6,68.56
639.7,68.66087719298254
639.8,68.7443589743591
639.9,68.59827868852457
640.0,68.78680327868861
640.1,68.68277310924364
640.2,68.5971428571428
640.3,68.58051282051281
640.4,68.63841666666661
640.5,68.69973684210531
640.6,68.51552631578936
640.7,68.58525862068966
640.8,68.63403361344537
640.9,68.58570370370369
641.0,68.49342105263156
641.1,68.43779661016949
641.2,68.42084745762712
641.3,68.48178861788615
641.4,67.94875
641.5,67.18312499999986
641.6,67.86361344537838
641.7,68.40791304347833
641.8,68.50600000000004
641.9,68.45096491228072
642.0,68.38827586206894
642.1,68.32115702479335
642.2,68.43685950413224
642.3,68.33118644067801
642.4,68.3015254237288
642.5,68.36060869565216
642.6,68.37529914529914
642.7,68.2501652892561
642.8,68.08487603305787
642.9,68.17616666666666
643.0,68.15538461538463
643.1,68.18690265486727
643.2,68.24573913043477
643.3,68.13544715447172
643.4,67.79870967741984
643.5,67.08903225806432
643.6,67.81930434782673
643.7,68.2733333333334
643.8,68.25468750000005
643.9,68.12089430894311
644.0,68.06398373983737
644.1,68.06768595041322
644.2,68.166
644.3,68.18555555555562
644.4,68.13833333333332
644.5,68.16362903225807
644.6,68.20395161290323
644.7,68.10102564102556
644.8,68.03634782608697
644.9,67.97470085470088
645.0,67.96426229508191
645.1,68.05823529411764
645.2,67.97420168067227
645.3,67.97805084745762
645.4,68.03049180327866
645.5,68.01840336134455
645.6,67.98878260869569
645.7,68.01894736842102
645.8,67.9753389830508
645.9,68.05161016949155
646.0,67.88199999999989
646.1,67.9160000000001
646.2,68.04631578947378
646.3,68.08239316239319
646.4,67.99317073170731
646.5,67.92
646.6,68.00943089430893
646.7,67.90377049180324
646.8,67.91636363636357
646.9,67.97896551724138
647.0,67.87704918032786
647.1,67.86065573770492
647.2,67.78320000000001
647.3,67.78933884297518
647.4,67.8059349593496
647.5,67.82307692307694
647.6,67.89655172413794
647.7,67.86206896551724
647.8,67.77826086956529
647.9,67.79291666666664
648.0,67.81
648.1,67.81
648.2,67.81
648.3,67.67842105263173
648.4,67.72261538461524
648.5,67.77826446281001
648.6,67.569173553719
648.7,67.56090909090909
648.8,67.53610738255036
648.9,67.56869565217386
649.0,67.64170731707317
649.1,67.57
649.2,67.57
649.3,67.59666666666664
649.4,67.59080000000002
649.5,67.57291666666666
649.6,67.58905172413792
649.7,67.64939655172415
649.8,67.58288135593222
649.9,67.57
650.0,67.59166666666668
650.1,67.59524590163933
650.2,67.57991379310346
650.3,67.61720000000003
650.4,67.5772
650.5,67.57
650.6,67.58903225806452
650.7,67.5983333333333
650.8,67.56879032258064
650.9,67.56072580645161
651.0,67.629406779661
651.1,67.60213114754097
651.2,67.58645161290323
651.3,67.60114754098362
651.4,67.5627966101695
651.5,67.41872881355937
651.6,67.52428571428578
651.7,67.57
651.8,67.45140350877206
651.9,67.37650000000002
652.0,67.5275
652.1,67.56916666666667
652.2,67.39410256410255
652.3,67.38042016806722
652.4,67.34866666666666
652.5,67.31
652.6,67.31
652.7,67.33211864406785
652.8,67.57788135593215
652.9,67.41491525423736
653.0,67.32826086956523
653.1,67.31
653.2,67.32721311475412
653.3,67.12528925619853
653.4,65.9517355371898
653.5,67.08292682926839
653.6,67.38
653.7,67.37415384615385
653.8,67.26646153846164
653.9,67.34245614035088
654.0,67.32521739130434
654.1,67.33777777777779
654.2,67.36
654.3,67.32528000000006
654.4,67.22465517241378
654.5,67.30224137931036
654.6,67.3487931034483
654.7,67.36
654.8,67.30871794871798
654.9,67.27733870967742
655.0,67.30227642276424
655.1,67.26162601626018
655.2,67.228
655.3,67.27560975609752
655.4,67.28809917355372
655.5,67.22357723577234
655.6,67.12750000000001
655.7,67.21083333333335
655.8,67.22723577235773
655.9,67.24622950819672
656.0,67.18478632478633
656.1,67.06
656.2,67.05636363636361
656.3,67.02330578512397
656.4,67.02
656.5,67.02
656.6,67.03026315789474
656.7,67.05217391304349
656.8,67.05672131147541
656.9,67.02393442622952
657.0,67.16426229508195
657.1,67.0813445378151
657.2,66.99855140186918
657.3,67.05929906542055
657.4,67.07663716814159
657.5,67.00720000000001
657.6,66.94319999999999
657.7,67.0049572649573
657.8,67.02
657.9,67.02
658.0,67.03586206896551
658.1,67.04695652173913
658.2,67.00482758620687
658.3,66.97034482758623
658.4,67.01090909090907
658.5,67.02
658.6,66.99307692307691
658.7,66.97
658.8,66.97
658.9,66.97
659.0,66.97
659.1,67.01017094017094
659.2,66.98944444444443
659.3,67.00956896551719
659.4,67.0480341880342
659.5,67.00105263157891
659.6,66.90369747899162
659.7,66.99613445378154
659.8,66.9816666666667
659.9,66.99731092436974
660.0,67.02
660.1,66.97087719298243
660.2,66.84046153846155
660.3,66.98661538461528
660.4,66.84487179487185
660.5,66.91289256198351
660.6,66.95815126050415
660.7,66.88538461538467
660.8,66.97
660.9,66.97
661.0,67.00166666666668
661.1,67.01646551724139
661.2,66.92008064516116
661.3,66.81
661.4,66.81123966942148
661.5,66.8195041322314
661.6,66.78967741935483
661.7,66.78
661.8,66.7964516129032
661.9,66.82
662.0,66.82
662.1,66.82
662.2,66.78544715447154
662.3,66.77399999999999
662.4,66.78
662.5,66.78
662.6,66.84585365853658
662.7,66.8416101694915
662.8,66.80338983050848
662.9,66.78
663.0,66.78
663.1,66.78
663.2,66.80333333333334
663.3,66.82275862068965
663.4,66.82491228070175
663.5,66.80545454545455
663.6,66.78760330578513
663.7,66.81983999999999
663.8,66.81184
663.9,66.81647058823529
664.0,66.81516666666667
664.1,66.72449999999998
664.2,66.57428571428578
664.3,66.76476190476183
664.4,66.81172413793102
664.5,66.84471544715447
664.6,66.86
664.7,66.84504273504271
664.8,66.80530434782611
664.9,66.78
665.0,66.78
665.1,66.8084745762712
665.2,66.82
665.3,66.81596638655462
665.4,66.8
665.5,66.77110169491526
665.6,66.77957627118644
665.7,66.78
665.8,66.7794827586207
665.9,66.72775862068964
666.0,66.5892307692308
666.1,66.6685039370079
666.2,66.69731092436966
666.3,66.54727272727271
666.4,66.58
666.5,66.58
666.6,66.58
666.7,66.55565217391303
666.8,66.54
666.9,66.54
667.0,66.53157024793387
667.1,66.48198347107439
667.2,66.72
667.3,66.60781250000011
667.4,66.52199999999999
667.5,66.56311475409835
667.6,66.54
667.7,66.54
667.8,66.0244444444446
667.9,65.43858585858581
668.0,66.2330434782611
668.1,66.53355932203391
668.2,66.52539130434782
668.3,66.4941176470588
668.4,66.51213675213674
668.5,66.48521739130433
668.6,66.57217391304347
668.7,66.57201754385963
668.8,66.48444444444449
668.9,66.4605128205128
669.0,66.49869565217392
669.1,66.47931034482754
669.2,67.67310344828249
669.3,78.94896551723917
669.4,68.84806722689285
669.5,66.4218181818182
669.6,66.47525423728814
669.7,66.54904000000002
669.8,66.70336065573787
669.9,66.49844262295086
670.0,66.48
670.1,66.45619834710743
670.2,66.48214876033062
670.3,66.53760000000001
670.4,66.53042016806722
670.5,66.53882352941177
670.6,66.5691525423729
670.7,66.5186885245901
670.8,66.45850000000002
670.9,66.44859504132229
671.0,66.48
671.1,66.48
671.2,66.52184873949584
671.3,66.54
671.4,66.50260869565217
671.5,66.44
671.6,66.43396551724138
671.7,66.3908620689655
671.8,66.46349999999997
671.9,66.48
672.0,66.46066666666667
672.1,66.44991304347826
672.2,66.46456692913385
672.3,66.44094488188976
672.4,66.44
672.5,66.30433333333342
672.6,66.22
672.7,66.27770491803288
672.8,66.44338983050847
672.9,66.47728813559321
673.0,66.44983606557376
673.1,66.44
673.2,66.46066115702482
673.3,66.42768595041328
673.4,66.22933333333334
673.5,66.22099999999999
673.6,66.19138211382113
673.7,66.32083333333345
673.8,66.37305785123972
673.9,66.31743589743587
674.0,66.53070796460185
674.1,66.39796460176989
674.2,66.21982758620679
674.3,66.32351999999996
674.4,66.31008196721318
674.5,66.23336065573764
674.6,66.39
674.7,66.39
674.8,66.42686440677964
674.9,66.24370689655181
675.0,66.12358974358975
675.1,66.16482758620694
675.2,66.21359999999997
675.3,66.1816
675.4,66.14724137931036
675.5,66.14
675.6,66.27888888888891
675.7,66.305294117647
675.8,66.22108333333333
675.9,66.34092436974788
676.0,66.24008403361344
676.1,66.38120000000005
676.2,66.27884297520644
676.3,66.15408
676.4,66.18
676.5,66.17865546218488
676.6,66.14504201680671
676.7,66.16931034482761
676.8,66.20999999999998
676.9,66.20672413793105
677.0,66.18
677.1,66.17426229508197
677.2,66.11688524590161
677.3,66.18806451612899
677.4,66.1924731182796
677.5,66.14946236559142
677.6,66.14
677.7,66.159
677.8,66.18
677.9,66.18
678.0,66.18
678.1,66.18
678.2,66.16983050847456
678.3,66.14380952380951
678.4,66.17555555555556
678.5,66.15180327868852
678.6,66.14524590163936
678.7,66.16032786885248
678.8,66.17344262295083
678.9,66.14065573770495
679.0,66.17239669421487
679.1,66.2126271186441
679.2,66.18382608695646
679.3,66.14372881355932
679.4,66.15661016949153
679.5,66.18327868852461
679.6,66.22426229508197
679.7,66.1675806451613
679.8,66.11950413223143
679.9,66.11355371900824
680.0,66.1464
680.1,66.17840000000001
680.2,66.18
680.3,66.18
680.4,66.18
680.5,66.16065040650408
680.6,66.10650793650794
680.7,66.0747619047619
680.8,66.07
680.9,66.04051282051282
681.0,66.03793103448277
681.1,66.04448275862066
681.2,66.01645161290325
681.3,66.04870967741935
681.4,66.17100840336133
681.5,66.07058823529415
681.6,66.03592920353984
681.7,66.07762711864407
681.8,66.06322314049594
681.9,65.97245901639343
682.0,66.01344262295083
682.1,65.98528925619831
682.2,66.01609756097567
682.3,66.10590163934424
682.4,66.17299999999996
682.5,66.02299999999993
682.6,66.12192000000007
682.7,66.09524999999994
682.8,66.03715517241382
682.9,66.04135593220334
683.0,66.12623931623932
683.1,66.20228070175412
683.2,65.81631578947345
683.3,66.00015384615376
683.4,66.01921739130437
683.5,65.9748695652174
683.6,66.05486956521739
683.7,66.05464566929129
683.8,65.93653543307089
683.9,65.94991304347826
684.0,65.99008474576272
684.1,66.05608695652174
684.2,66.0763716814159
684.3,66.00145299145301
684.4,65.97199999999998
684.5,65.99700000000001
684.6,65.98614173228346
684.7,65.99512396694216
684.8,66.026
684.9,66.05369747899161
685.0,66.01168067226892
685.1,66.03622950819673
685.2,66.06
685.3,66.06
685.4,66.02341463414635
685.5,66.0386324786325
685.6,66.00262295081963
685.7,65.92973913043478
685.8,65.95432038834954
685.9,65.91063106796119
686.0,65.86385964912286
686.1,65.77614035087714
686.2,65.80875000000002
686.3,65.91201680672263
686.4,65.90250000000003
686.5,65.83079365079365
686.6,65.87040650406509
686.7,66.00048780487808
686.8,66.04107438016527
686.9,66.05528925619835
687.0,120.43151260503718
687.1,223.1744094488216
687.2,250.85944881891697
687.3,192.45586776859795
687.4,209.4424347826153
687.5,242.84939655173628
687.6,225.5731034482509
687.7,183.9094999999984
687.8,217.8928688524319
687.9,246.14696721310395
688.0,242.89480000000088
688.1,254.840731707328
688.2,259.5873109243463
688.3,246.37393442621868
688.4,282.6936065573534
688.5,205.00380165291512
688.6,202.90474999999896
688.7,220.9144537815216
688.8,240.726837606834
688.9,261.29791304347924
689.0,259.00358974359034
689.1,256.7300854700848
689.2,225.2160799999805
689.3,241.60122580644065
689.4,279.7886956521692
689.5,245.44086956520755
689.6,190.08119658120208
689.7,202.8285833333317
689.8,229.87363636361675
689.9,245.52252173912808
690.0,257.1355652173739
690.1,289.79958677688245
690.2,205.62603305784177
690.3,251.62926829266124
690.4,236.2684745762815
690.5,218.3769105691086
690.6,258.8688235294283
690.7,282.55717948716085
690.8,253.91615384617967
690.9,218.44606837608652
691.0,226.34649122805985
691.1,236.16764705882272
691.2,222.8282051281896
691.3,212.92730434777076
691.4,274.64445378152925
691.5,250.45957983192653
691.6,305.79975609758054
691.7,280.8732283464067
691.8,214.0309565217424
691.9,203.22865079365712
692.0,273.3794444444799
692.1,210.4538016528912
692.2,242.50870967745948
692.3,260.094
692.4,225.2904132231408
692.5,212.55664062498872
692.6,236.0800781250071
692.7,248.85817391304928
692.8,242.20066666667276
692.9,241.92921568627
693.0,261.6547058823503
693.1,237.9729411764743
693.2,196.33157894734316
693.3,199.6967187499894
693.4,220.91161290323316
693.5,204.3244094488005
693.6,275.06456692915793
693.7,266.8733834586344
693.8,269.3726562499845
693.9,291.5339669421401
694.0,233.88933884299848
694.1,228.10737288135465
694.2,251.73316666668572
694.3,257.8267741935531
694.4,258.71548387095874
694.5,279.17363636363734
694.6,275.9339669421485
694.7,243.9686776859342
694.8,202.40459016394144
694.9,194.60073170731957
695.0,223.98525423728657
695.1,239.546779661016
695.2,243.326440677968
695.3,250.8199999999941
695.4,254.58929824561372
695.5,254.85170940170931
695.6,256.638347826086
695.7,259.94999999999976
695.8,254.8962068965474
695.9,260.723793103446
696.0,243.9706666666702
696.1,244.82917355372015
696.2,247.1019047619028
696.3,243.92189655172447
696.4,242.9994782608705
696.5,249.66034782608887
696.6,250.7302608695655
696.7,252.80233333333484
696.8,235.46422413793837
696.9,171.3318644067932
697.0,90.20913043478276
697.1,89.59239316239318
697.2,89.21632478632459
697.3,187.52773109237236
697.4,236.78728813559152
697.5,248.86321739130375
697.6,245.78131578947145
697.7,241.73008474576247
697.8,240.7163865546257
697.9,236.5651260504201
698.0,234.61052631578937
698.1,231.8671304347821
698.2,232.029122807018
698.3,234.12526315789367
698.4,234.64974576271183
698.5,232.58358974358976
698.6,232.2075213675212
698.7,231.50478632478627
698.8,177.51186440681553
698.9,195.2223076923136
699.0,241.37000000000975
699.1,253.2341228070124
699.2,249.092857142868
699.3,271.2861344537669
699.4,231.8108064516383
699.5,201.44239316239864
699.6,224.1158974359184
699.7,257.63789473683806
699.8,233.4968421053038
699.9,169.26745762710954
700.0,187.49627118644528
700.1,212.8841379310507
700.2,221.13862068965588
700.3,227.64235772357145
700.4,236.60423728813268
700.5,244.31581967213108
700.6,244.4387704918033
700.7,171.66701612901204
700.8,155.65538461538324
700.9,193.0887179487252
701.0,230.93234782608832
701.1,238.40214876034045
701.2,256.8298275862081
701.3,226.22637931037
701.4,195.28435483870769
701.5,209.5266379310341
701.6,251.05301724137237
701.7,262.85684210524187
701.8,214.4336231884056
701.9,192.9263768115944
702.0,201.975
702.1,222.81974137931357
702.2,261.77591304347254
702.3,248.3063478260945
702.4,236.14454545454797
702.5,224.84330434782584
702.6,213.73220338983077
702.7,212.39421052631863
702.8,225.13222222222467
702.9,218.12055999998483
703.0,239.4725599999897
703.1,229.8180000000052
703.2,218.534552845527
703.3,206.24117647059776
703.4,193.1979310344676
703.5,236.31
703.6,222.25782608695445
703.7,251.1571428571488
703.8,260.16491525423976
703.9,215.9429032258128
704.0,152.316
704.1,163.95426086957937
704.2,239.31078260872096
704.3,249.4109565217378
704.4,258.0989743589721
704.5,247.0200847457651
704.6,214.08689075629624
704.7,184.965882352958
704.8,203.89412280700355
704.9,262.30640350875444
705.0,203.66203389827865
705.1,194.8616129032388
705.2,216.59025210085403
705.3,229.93456140351492
705.4,224.73271186438632
705.5,265.58864406780685
705.6,244.26208695651076
705.7,223.64034482757177
705.8,193.78511627907736
705.9,174.8281415929168
706.0,188.4661983471029
706.1,200.21
706.2,229.96968992248296
706.3,239.68866666666528
706.4,228.87451612903956
706.5,206.35749999999055
706.6,190.83321739134823
706.7,262.4506086957067
706.8,285.1524137931027
706.9,255.2333333333333
707.0,248.96892561983853
707.1,220.39322314043875
707.2,163.20222222229995
707.3,255.5692307692056
707.4,291.5435897435845
707.5,271.87182608695485
707.6,244.2789743589609
707.7,232.2337704918037
707.8,222.3080000000248
707.9,192.8293103448307
708.0,187.15689655172525
708.1,229.910338983075
708.2,241.83315789473855
708.3,220.5744067796831
708.4,210.2409230769116
708.5,226.39999999999856
708.6,231.4000000000023
708.7,256.2776666666834
708.8,256.4933333333385
708.9,246.1056034482848
709.0,228.54230769231387
709.1,206.06966101694763
709.2,189.1387179487175
709.3,196.62589743589265
709.4,232.57017241378267
709.5,244.6224137931038
709.6,244.3797368421047
709.7,233.0028455284448
709.8,224.99303030302696
709.9,257.0889898989788
710.0,283.3688888888852
710.1,289.1371186440612
710.2,254.88288135589988
710.3,271.00578947368047
710.4,218.4577419354962
710.5,210.7171199999986
710.6,250.82400000000197
710.7,255.4275396825264
710.8,218.56246031747364
710.9,231.60140495867827
711.0,221.3141025641056
711.1,216.0756521739088
711.2,215.31714285713727
711.3,188.839487179483
711.4,206.70273504272345
711.5,195.30844827586583
711.6,210.10137931034564
711.7,222.29421052631676
711.8,227.95809917355064
711.9,238.1964462809803
712.0,260.1633884297524
712.1,256.09727272727145
712.2,217.7183471074084
712.3,194.8219672131224
712.4,193.86747899159224
712.5,199.3264999999926
712.6,185.5799173553914
712.7,220.1501652892565
712.8,237.9641379310209
712.9,213.27103448278157
713.0,195.85153846153815
713.1,205.285344827594
713.2,235.17767241384345
713.3,294.5769491525488
713.4,198.91593220341656
713.5,238.1565254237494
713.6,211.12049180325656
713.7,172.80809523809276
713.8,165.57000000000275
713.9,207.65807017542
714.0,246.88176470588508
714.1,244.181206896548
714.2,258.5094915254177
714.3,227.1705084745823
714.4,195.36222222223836
714.5,212.09070175438868
714.6,251.7617241379601
714.7,246.2346956521107
714.8,205.7938333333321
714.9,229.89414634146272
715.0,223.4957723577239
715.1,147.83880341876795
715.2,192.63859504141024
715.3,244.47677966101784
715.4,245.89478260869103
715.5,253.8571052631642
715.6,218.6735658914801
715.7,187.03015503873652
715.8,122.13521739130664
715.9,89.18641025641007
716.0,89.62687500000004
716.1,89.36999999999986
716.2,89.1199999999998
716.3,89.18649572649565
716.4,88.96000000000014
716.5,88.85499999999999
716.6,88.84333333333329
716.7,88.71528455284539
716.8,88.53934959349596
716.9,88.5068292682927
717.0,88.38422413793108
717.1,88.35739130434781
717.2,88.36736842105262
717.3,88.32428571428572
717.4,87.12895161290447
717.5,79.58862903225904
717.6,71.18284482758455
717.7,69.52008403361361
717.8,69.7660683760684
717.9,69.6586086956522
718.0,69.47762711864408
718.1,69.39290322580644
718.2,69.44129032258068
718.3,69.38798319327734
718.4,69.35461538461539
718.5,69.3701754385965
718.6,69.37773913043476
718.7,69.32435897435899
718.8,69.35
718.9,69.40645161290323
719.0,69.29118644067799
719.1,69.22662857142856
719.2,69.23805714285714
719.3,69.1842016806723
719.4,69.13333333333335
719.5,69.12788617886179
719.6,69.18237704918039
719.7,69.28893442622955
719.8,69.14150000000011
719.9,69.14291666666664
720.0,69.15528
720.1,69.1384745762712
720.2,69.08078260869551
720.3,68.90052173913043
720.4,68.9526956521739
720.5,68.87844827586204
720.6,68.87800000000001
720.7,68.88155737704916
720.8,68.86189655172409
720.9,68.91529411764702
721.0,68.99092436974793
721.1,68.96965517241378
721.2,68.86153846153842
721.3,68.73836206896557
721.4,68.72615999999998
721.5,68.8524347826087
721.6,68.86982608695654
721.7,68.77771186440678
721.8,68.70567073170739
721.9,68.65435897435897
722.0,68.68
722.1,68.75826086956522
722.2,68.0584831460671
722.3,67.3555263157889
722.4,68.43447368420989
722.5,68.56564102564101
722.6,68.54833333333333
722.7,68.57131147540989
722.8,68.61709401709402
722.9,68.58948275862076
723.0,68.46991304347826
723.1,68.46121739130434
723.2,68.43831932773108
723.3,68.51237704918029
723.4,68.55352941176474
723.5,68.47862068965523
723.6,68.38228070175438
723.7,68.50508771929836
723.8,68.478
723.9,68.49491803278688
724.0,68.54123966942149
724.1,68.48128205128198
724.2,68.24241379310351
724.3,68.32
724.4,68.27726495726498
724.5,68.3684745762712
724.6,68.31409836065572
724.7,68.33203389830516
724.8,68.48131147540988
724.9,68.37372093023248
725.0,68.49775193798453
725.1,67.78999999999948
725.2,67.42114754098365
725.3,67.73639344262237
725.4,68.31153846153848
725.5,68.23461538461537
725.6,68.31173913043482
725.7,68.28273504273504
725.8,68.1618333333334
725.9,68.12163934426229
726.0,68.2282644628099
726.1,68.26958677685951
726.2,68.26188524590164
726.3,68.19739837398376
726.4,68.11462184873953
726.5,68.07959999999999
726.6,68.138547008547
726.7,68.22401709401714
726.8,68.14104347826091
726.9,68.12
727.0,68.17299145299148
727.1,68.16098360655731
727.2,68.06
727.3,68.06
727.4,67.99388429752071
727.5,68.00569105691056
727.6,68.02
727.7,68.0320634920635
727.8,68.04677966101701
727.9,67.9366101694915
728.0,68.07760330578509
728.1,68.13738095238095
728.2,68.05903225806449
728.3,67.91950413223137
728.4,67.95772357723583
728.5,67.84390243902435
728.6,67.917131147541
728.7,67.97
728.8,67.94172413793108
728.9,67.87290598290599
729.0,67.81264462809919
729.1,67.84570247933883
729.2,67.81282051282051
729.3,67.86034482758616
729.4,67.9
729.5,67.87129310344825
729.6,67.81
729.7,67.81
729.8,67.81
729.9,67.81
730.0,67.81
730.1,67.83593220338985
730.2,67.88999999999996
730.3,67.82750000000001
730.4,67.84076923076921
730.5,67.8362931034483
730.6,67.84052173913042
730.7,67.9
730.8,67.88025641025655
730.9,67.59820512820511
731.0,67.75305084745762
731.1,67.68692307692304
731.2,67.59239999999997
731.3,67.5905128205128
731.4,67.66824561403513
731.5,67.8085964912281
731.6,67.56249999999984
731.7,67.5629310344828
731.8,67.70841666666668
731.9,67.7204761904762
732.0,67.57717948717946
732.1,67.60871999999999
732.2,67.57671999999998
732.3,67.57
732.4,67.59
732.5,67.5955172413793
732.6,67.57904347826089
732.7,67.60630252100837
732.8,67.57268907563025
732.9,67.57
733.0,67.59367999999998
733.1,67.59380165289257
733.2,67.59000000000002
733.3,67.66
733.4,67.66
733.5,67.59384615384612
733.6,67.59400000000002
733.7,67.61
733.8,67.59754098360656
733.9,67.57547008547007
734.0,67.60965811965812
734.1,66.80267857142822
734.2,66.58504347826154
734.3,67.496347826087
734.4,67.35186440677961
734.5,67.53830508474567
734.6,67.4533884297521
734.7,67.35105263157891
734.8,67.39516129032258
734.9,67.48741935483872
735.0,67.31
735.1,67.31
735.2,67.3423529411765
735.3,67.38017391304348
735.4,67.4
735.5,67.37868421052629
735.6,67.31550847457629
735.7,67.35788135593221
735.8,67.36
735.9,67.36
736.0,67.3143220338983
736.1,67.25492063492064
736.2,67.27344827586207
736.3,67.34241379310339
736.4,67.28153846153849
736.5,67.29025210084033
736.6,67.28695652173914
736.7,67.30707964601774
736.8,67.37307692307695
736.9,67.26538461538462
737.0,67.30166666666668
737.1,67.27625
737.2,67.3116949152543
737.3,67.27103448275868
737.4,67.15661016949146
737.5,67.27854838709678
737.6,67.26241935483871
737.7,67.26
737.8,67.28711864406777
737.9,67.25051724137938
738.0,67.18631578947368
738.1,67.26
738.2,67.26
738.3,67.26
738.4,67.26
738.5,67.17311475409834
738.6,67.06262711864407
738.7,67.09080000000004
738.8,67.2507999999999
738.9,67.08967213114755
739.0,67.1808403361345
739.1,67.22705882352939
739.2,67.1
739.3,67.10143999999998
739.4,67.11743999999999
739.5,67.01322033898306
739.6,67.03050000000002
739.7,67.0566101694915
739.8,67.02
739.9,67.02532786885247
740.0,67.06631147540982
740.1,66.96557377049176
740.2,66.96393442622953
740.3,66.98241935483871
740.4,66.99752136752137
740.5,67.10282051282054
740.6,66.98316239316236
740.7,66.93904347826086
740.8,66.95508474576269
740.9,66.97
741.0,66.9842857142857
741.1,67.02
741.2,67.02
741.3,66.97847457627122
741.4,66.94192982456141
741.5,66.99886956521742
741.6,67.01682926829267
741.7,66.99135593220342
741.8,67.06413223140495
741.9,67.10545454545456
742.0,67.10264462809917
742.1,67.05577235772355
742.2,67.01621848739495
742.3,67.01
742.4,67.01043103448275
742.5,67.05353448275862
742.6,67.03235772357723
742.7,67.00499999999998
742.8,66.9994214876033
742.9,66.98922413793113
743.0,66.81008403361345
743.1,66.81848739495797
743.2,66.81333333333333
743.3,66.81495798319327
743.4,66.80677685950414
743.5,66.78628099173554
743.6,66.81933884297521
743.7,66.82
743.8,66.82
743.9,66.80151260504203
744.0,66.79190082644627
744.1,66.81504132231404
744.2,66.78198347107437
744.3,66.78
744.4,66.84026086956521
744.5,66.82061946902657
744.6,66.7592372881356
744.7,66.7428099173554
744.8,66.78
744.9,66.78
745.0,66.80329842931938
745.1,66.82947643979058
745.2,66.82140350877192
745.3,66.79200000000002
745.4,66.78
745.5,66.79433333333333
745.6,66.81811475409835
745.7,66.81
745.8,66.81
745.9,66.78396825396825
746.0,66.78866666666667
746.1,66.80121951219512
746.2,66.78888888888892
746.3,66.85726495726495
746.4,66.82799999999999
746.5,66.80700854700854
746.6,66.78991452991453
746.7,66.78
746.8,66.78682926829266
746.9,66.8193495934959
747.0,66.82
747.1,66.81315789473683
747.2,66.76547826086951
747.3,66.74975806451612
747.4,66.50435897435914
747.5,65.55567901234598
747.6,66.37666666666698
747.7,66.81616666666666
747.8,66.81
747.9,66.80878048780488
748.0,66.78439024390245
748.1,66.80733333333333
748.2,66.82
748.3,66.73731092436988
748.4,66.58
748.5,66.58
748.6,66.7461016949153
748.7,66.80033898305085
748.8,66.81
748.9,66.81408695652173
749.0,66.74944881889759
749.1,66.54982905982907
749.2,66.74641025641036
749.3,66.59847457627133
749.4,66.54
749.5,66.53631578947369
749.6,66.53239316239316
749.7,66.53905982905982
749.8,66.53051282051283
749.9,66.56213675213674
750.0,66.55137096774195
750.1,66.55370689655173
750.2,66.57321739130434
750.3,66.58
750.4,66.57768595041324
750.5,66.54462809917356
750.6,66.56842975206612
750.7,66.58
750.8,66.57639344262294
750.9,66.97516666666544
751.0,68.74243902439112
751.1,66.86439024390187
751.2,66.47647540983607
751.3,66.50826446280988
751.4,66.54
751.5,66.54
751.6,66.54
751.7,66.49512195121949
751.8,66.45737704918034
751.9,66.49529411764708
752.0,66.5703448275862
752.1,66.54
752.2,66.54
752.3,66.57084745762711
752.4,66.52016393442622
752.5,66.48
752.6,66.4968
752.7,66.53200000000001
752.8,66.45200000000008
752.9,66.51264957264954
753.0,66.54
753.1,66.51316666666665
753.2,66.47
753.3,66.47
753.4,66.47
753.5,66.47
753.6,66.45523809523809
753.7,66.4705084745763
753.8,66.52500000000008
753.9,66.44166666666672
754.0,66.4718699186992
754.1,66.47380165289256
754.2,66.5017647058824
754.3,66.51083333333337
754.4,66.40776859504135
754.5,66.19289256198341
754.6,66.18
754.7,66.18
754.8,66.21173553719007
754.9,66.25313559322036
755.0,66.24561983471078
755.1,66.4191735537191
755.2,66.2897560975609
755.3,66.34470588235281
755.4,66.3601652892563
755.5,66.21958333333335
755.6,66.18970149253731
755.7,66.3837313432836
755.8,66.25478260869589
755.9,66.28117647058815
756.0,66.42418803418803
756.1,66.40666666666665
756.2,66.49
756.3,66.37429752066124
756.4,66.28577235772359
756.5,66.2170588235294
756.6,66.18
756.7,66.17487179487178
756.8,66.14068376068379
756.9,66.3227118644068
757.0,66.21333333333327
757.1,66.14
757.2,66.15312977099238
757.3,66.18
757.4,66.18
757.5,66.20975206611571
757.6,66.15268292682921
757.7,66.115593220339
757.8,66.13081967213117
757.9,66.10649999999997
758.0,66.21483333333333
758.1,66.19475409836065
758.2,66.15901639344261
758.3,66.14
758.4,66.14
758.5,66.14
758.6,66.14
758.7,66.15310924369751
758.8,66.18826446280991
758.9,66.22958677685952
759.0,66.18942622950821
759.1,66.2198275862069
759.2,66.17275590551174
759.3,66.12365217391303
759.4,66.17387096774193
759.5,66.1416129032258
759.6,66.17140495867771
759.7,66.18
759.8,66.16276422764228
759.9,66.1499173553719
760.0,66.18378151260505
760.1,66.22579831932774
760.2,66.1925
760.3,66.18
760.4,66.16569105691059
760.5,66.14688524590163
760.6,66.17967213114756
760.7,66.18
760.8,66.12861788617892
760.9,66.11836065573769
761.0,66.14
761.1,66.14
761.2,66.14
761.3,66.17361344537815
761.4,66.21461538461537
761.5,66.20333333333336
761.6,66.18
761.7,66.18
761.8,66.18
761.9,66.2118699186992
762.0,66.18900826446281
762.1,66.17469565217392
762.2,66.14301724137925
762.3,66.07982905982902
762.4,66.11951612903226
762.5,66.11145161290322
762.6,66.04223140495867
762.7,66.03584745762716
762.8,66.06
762.9,66.09166666666661
763.0,66.24246031746033
763.1,66.14959349593498
763.2,66.11404958677686
763.3,66.15214876033052
763.4,66.1386885245902
763.5,65.92600000000003
763.6,66.00100000000005
763.7,66.01
763.8,66.10905982905973
763.9,66.16507936507938
764.0,66.07230769230766
764.1,65.92067796610168
764.2,65.98847457627122
764.3,66.14188034188034
764.4,66.12034482758624
764.5,66.06
764.6,66.04440944881888
764.7,66.0023841059603
764.8,66.042119205298
764.9,66.0788034188034
765.0,66.03829059829056
765.1,65.94192000000011
765.2,66.09392000000014
765.3,66.076
765.4,66.05774193548386
765.5,66.05440677966102
765.6,66.03552
765.7,65.98086206896554
765.8,66.10155172413785
765.9,65.95622047244096
766.0,65.95365853658538
766.1,65.98529914529914
766.2,65.98866141732289
766.3,66.09889763779518
766.4,66.07324324324324
766.5,65.96305785123967
766.6,65.87615384615381
766.7,65.99427419354835
766.8,65.873306451613
766.9,65.83008403361343
767.0,65.82
767.1,65.91200000000009
767.2,66.06211382113821
767.3,66.07
767.4,66.07
767.5,66.05859649122804
767.6,65.97087719298243
767.7,65.96201612903225
767.8,66.03926829268289
767.9,66.01264462809921
768.0,65.88750000000002
768.1,65.8205737704918
768.2,65.82877049180328
768.3,65.92132231404952
768.4,65.8871544715447
768.5,98.99846153848355
768.6,175.41547826086895
768.7,234.3389565217428
768.8,260.6606956521516
768.9,201.94921739134932
769.0,210.01239669420488
769.1,230.57759999999888
769.2,221.7054545454424
769.3,174.36820512818585
769.4,211.10324786324887
769.5,245.3825000000081
769.6,226.49851239667325
769.7,242.19739130439785
769.8,258.3786956521823
769.9,238.59909090909488
770.0,317.9247499999631
770.1,231.4164166666134
770.2,208.0552419354768
770.3,244.9528448275698
770.4,259.8118644067869
770.5,220.987711864405
770.6,239.39882352942172
770.7,255.95344537816104
770.8,200.00426229508443
770.9,202.85950000001088
771.0,234.01081967213625
771.1,237.05407999999943
771.2,177.4460799999859
771.3,230.5638461538272
771.4,243.108060606061
771.5,250.4932786885361
771.6,277.3949180327889
771.7,251.2355999999921
771.8,215.77347826089604
771.9,255.4992241378864
772.0,275.73318965518104
772.1,200.84975000001012
772.2,242.78520661157592
772.3,255.95876033057428
772.4,213.41516129033465
772.5,213.673898305094
772.6,241.4456000000072
772.7,247.6072950819568
772.8,236.18926229508853
772.9,224.8976923076933
773.0,237.19698412699125
773.1,230.1120168067036
773.2,225.5528333333708
773.3,276.9480158730234
773.4,252.38452380952117
773.5,298.0140495868057
773.6,249.82196721307048
773.7,196.6890909090992
773.8,221.83975609754356
773.9,256.79097560973315
774.0,257.49803278688523
774.1,249.3553333333313
774.2,245.3344000000005
774.3,244.01728070175855
774.4,229.9014285714524
774.5,181.08630252098604
774.6,214.17512396693985
774.7,241.74525862069163
774.8,267.2563559321916
774.9,271.38414634146585
775.0,243.51000000000835
775.1,208.0039130434737
775.2,299.68217391305257
775.3,218.92627118647533
775.4,227.5530769230547
775.5,256.7279508196686
775.6,242.6519354838649
775.7,186.57925000000617
775.8,229.9042499999651
775.9,240.2159504132204
776.0,221.37815165877404
776.1,190.74308056872152
776.2,200.26591304348295
776.3,218.80196721312225
776.4,219.8249999999908
776.5,268.35
776.6,250.2129032258058
776.7,220.27333333331217
776.8,255.3437068965056
776.9,274.92495726503137
777.0,197.89801652891703
777.1,255.08809917356717
777.2,251.60848739495705
777.3,248.68401709401832
777.4,250.46823529411648
777.5,251.70181818181845
777.6,247.8735042735019
777.7,241.4913793103528
777.8,250.68103448275932
777.9,249.479130434782
778.0,248.6730578512397
778.1,249.30314049586752
778.2,251.60000000000085
778.3,254.22611570248372
778.4,246.1104132231418
778.5,245.8501666666667
778.6,241.8514876033036
778.7,241.13081967213287
778.8,208.31884297532133
778.9,88.83834710743781
779.0,89.24330578512391
779.1,89.08499999999998
779.2,119.12465116280036
779.3,182.17867256631573
779.4,251.5470247933882
779.5,246.84292682926372
779.6,235.9404878048752
779.7,234.1125423728814
779.8,233.9828099173558
779.9,233.5018333333336
780.0,233.3627049180324
780.1,234.51844262295108
780.2,231.86836065573556
780.3,231.09470588235297
780.4,231.07766666666663
780.5,232.02619834710785
780.6,235.27352459016728
780.7,243.1177868852465
780.8,195.8464754098627
780.9,220.2719672131172
781.0,245.0684745762709
781.1,224.7339999999916
781.2,174.04000000000133
781.3,178.03999999999735
781.4,208.5601754385742
781.5,291.17206896547737
781.6,261.134745762695
781.7,231.5241379310557
781.8,242.24438596491652
781.9,214.0174193548489
782.0,167.65451612904076
782.1,177.56421052631288
782.2,204.1527350427411
782.3,241.3444827585997
782.4,259.25117647059034
782.5,247.2632786885288
782.6,221.53133333332107
782.7,189.1729999999816
782.8,219.57206896550807
782.9,261.65913043478133
783.0,242.3799137930878
783.1,211.79666666667467
783.2,227.78915966386376
783.3,220.56226890756952
783.4,231.0584615384578
783.5,250.64208695651897
783.6,254.5939473684216
783.7,237.41529411763707
783.8,199.28852459018
783.9,151.04378378377476
784.0,169.40864864865486
784.1,206.03321739133867
784.2,238.02452991453984
784.3,245.86724137931776
784.4,233.6926315789561
784.5,212.74234375001035
784.6,190.35953124999284
784.7,244.5520353982562
784.8,282.8704799999914
784.9,280.4509756097655
785.0,259.48939130435247
785.1,273.7154782608763
785.2,184.2698245613652
785.3,229.44352941171232
785.4,269.68050420167776
785.5,271.6704065040577
785.6,248.4338793103385
785.7,225.71722222220973
785.8,205.9632539682557
785.9,216.2361538461478
786.0,203.56333333334453
786.1,196.39619047618856
786.2,215.8500000000039
786.3,226.84999999999772
786.4,227.714
786.5,205.98266666666123
786.6,224.9915702479615
786.7,270.1438888889025
786.8,288.4990243902808
786.9,249.37707317073856
787.0,260.1973553719058
787.1,226.68166666663447
787.2,213.3634482758981
787.3,245.9966949152542
787.4,246.77913793103264
787.5,252.5894827586209
787.6,213.19017699115884
787.7,191.85121739129283
787.8,193.1433050847435
787.9,190.56152542373573
788.0,192.4957983193158
788.1,229.32000000000076
788.2,230.6533333333342
788.3,210.4229411764828
788.4,197.33133333333583
788.5,209.84102564102452
788.6,246.9585714285899
788.7,283.7683064515472
788.8,210.598951612918
788.9,226.99093220337448
789.0,203.01362903228784
789.1,157.10110169491526
789.2,171.03172413797608
789.3,252.13991228070512
789.4,238.1311403508814
789.5,236.09067226890764
789.6,231.24433333333465
789.7,211.95525423727932
789.8,196.4493220338884
789.9,223.8152631578711
790.0,273.1924561403736
790.1,247.5510344827624
790.2,242.51031746031745
790.3,223.14933884299757
790.4,209.96674796746777
790.5,234.26157894736372
790.6,244.02473684210972
790.7,262.18382608696794
790.8,233.4856779661272
790.9,242.74777777776453
791.0,242.8073770491733
791.1,208.760508474563
791.2,188.7094957983274
791.3,210.9531932772935
791.4,243.8364655172253
791.5,205.3254385965186
791.6,188.20213675213483
791.7,206.1751239669495
791.8,240.56099999996243
791.9,326.76957264959617
792.0,225.7268376068052
792.1,241.1926315789609
792.2,228.5017647058709
792.3,194.53150000002395
792.4,179.5811864406687
792.5,206.94445378152224
792.6,238.44025210084968
792.7,239.9049565217389
792.8,228.07686390533155
792.9,212.63735042735163
793.0,191.9108547008444
793.1,235.57692307693011
793.2,274.7684297520784
793.3,258.37396551726704
793.4,233.64198275861835
793.5,256.2955084745762
793.6,252.8749137931057
793.7,195.5731896551545
793.8,240.5191666666312
793.9,256.39384000000115
794.0,249.0303278688527
794.1,242.82508196721955
794.2,261.03
794.3,197.36333333339363
794.4,211.1482608695652
794.5,244.3266949152629
794.6,252.787982456138
794.7,244.35923728814012
794.8,257.61467741935326
794.9,267.1791935483859
795.0,271.46818965517315
795.1,286.4394117647111
795.2,282.49121739129663
795.3,251.3623893805485
795.4,223.9877600000034
795.5,239.9506249999928
795.6,222.63812499999463
795.7,198.8484615384434
795.8,234.9757894736648
795.9,273.40321839080644
796.0,257.5468965517204
796.1,229.038275862049
796.2,202.5522399999824
796.3,211.5925
796.4,284.9592372881428
796.5,310.64567796610345
796.6,257.28
796.7,231.65923076922283
796.8,214.37694214876456
796.9,167.99855932204463
797.0,132.2624793388216
797.1,241.43533333333292
797.2,239.31866666666585
797.3,250.5196721311442
797.4,234.2816949152596
797.5,207.05586206896763
797.6,168.84620689653042
797.7,89.19517241379357
797.8,89.9882758620688
797.9,89.66000000000011
798.0,89.51094017094017
798.1,89.3689830508474
798.2,89.204406779661
798.3,89.15578947368425
798.4,88.92789473684216
798.5,88.7173684210527
798.6,88.73078125000002
798.7,88.72965517241376
798.8,88.61362068965524
798.9,88.49685950413212
799.0,88.64958677685955
799.1,88.47603305785123
799.2,88.31428571428569
799.3,88.29384615384612
799.4,81.33647058824006
799.5,70.91775862069001
799.6,69.70189655172419
799.7,70.07258620689673
799.8,68.71970149253806
799.9,69.02134453781449
800.0,69.63379032258065
800.1,69.49102564102562
800.2,69.45173913043479
800.3,69.49521739130431
800.4,69.46877192982456
800.5,69.46
800.6,69.39888888888885
800.7,69.32
800.8,69.32722222222218
800.9,69.38277777777775
801.0,69.38317073170732
801.1,69.28838709677413
801.2,69.15181818181819
801.3,69.16090163934423
801.4,69.25106557377043
801.5,69.13260869565212
801.6,69.13764227642282
801.7,69.17024193548384
801.8,69.10113043478265
801.9,69.04949152542373
802.0,69.02406779661015
802.1,68.98053691275165
802.2,68.99525862068977
802.3,69.10982758620689
802.4,69.1534453781514
802.5,68.93495798319323
802.6,69.00926829268296
802.7,68.93601626016246
802.8,68.81
802.9,68.88000000000007
803.0,69.14974358974355
803.1,69.02153846153848
803.2,68.9322222222222
803.3,68.91
803.4,68.84965517241383
803.5,68.79944881889763
803.6,68.88111111111111
803.7,68.89698412698414
803.8,68.72838983050859
803.9,68.73330578512397
804.0,68.26647058823504
804.1,67.56600000000029
804.2,68.75068965517242
804.3,68.75931034482758
804.4,68.72198347107438
804.5,68.6745
804.6,68.65
804.7,68.69137931034496
804.8,68.76896551724138
804.9,68.47586206896571
805.0,68.42701754385963
805.1,68.45333333333333
805.2,68.55847457627122
805.3,68.62288135593224
805.4,68.57758620689653
805.5,68.60482758620692
805.6,68.51862068965517
805.7,68.61769230769238
805.8,68.60879032258066
805.9,68.51000000000005
806.0,68.46172413793099
806.1,68.58033898305081
806.2,68.36847457627098
806.3,68.25147826086958
806.4,68.29923076923075
806.5,68.40111111111108
806.6,68.48982608695653
806.7,68.526
806.8,68.50095652173923
806.9,68.38791304347832
807.0,68.42078947368422
807.1,68.39594827586204
807.2,68.31309734513268
807.3,68.34606557377045
807.4,68.38551724137932
807.5,68.14899999999989
807.6,68.39066666666683
807.7,68.30047619047616
807.8,68.27073170731707
807.9,68.2583193277311
808.0,68.26032000000001
808.1,68.42832000000004
808.2,68.22692307692292
808.3,68.28189655172413
808.4,68.2974358974359
808.5,68.31408695652172
808.6,68.30525423728812
808.7,68.17503937007876
808.8,68.20653543307084
808.9,68.09327868852462
809.0,68.03352459016392
809.1,68.07901639344269
809.2,68.18779661016951
809.3,68.21347826086956
809.4,68.08304347826085
809.5,68.15534482758625
809.6,68.07614035087713
809.7,67.97499999999997
809.8,67.99153846153843
809.9,68.11982905982906
810.0,68.15692307692309
810.1,68.105641025641
810.2,68.04016806722686
810.3,68.04295081967211
810.4,68.08360655737704
810.5,68.07777777777784
810.6,67.92925000000001
810.7,67.92091666666667
810.8,67.87435897435898
810.9,67.89130434782608
811.0,67.91
811.1,67.91
811.2,67.90764705882353
811.3,67.89084033613446
811.4,67.86605042016807
811.5,67.84071065989848
811.6,67.81532994923857
811.7,67.81
811.8,67.81
811.9,67.82709401709401
812.0,67.86950413223141
812.1,67.90883870967738
812.2,67.85077419354836
812.3,67.81587719298246
812.4,67.80731707317074
812.5,67.808547008547
812.6,67.89401709401714
812.7,67.68763779527553
812.8,67.7190909090908
812.9,67.82814516129031
813.0,67.86
813.1,67.85404761904753
813.2,67.65563492063475
813.3,67.61652542372882
813.4,67.70896825396822
813.5,67.76909090909088
813.6,67.65404958677682
813.7,67.60446280991731
813.8,67.58520325203253
813.9,67.64285714285711
814.0,67.6780487804878
814.1,67.64066115702475
814.2,67.57162601626015
814.3,67.6041463414634
814.4,67.61
814.5,67.73820512820505
814.6,67.77327731092439
814.7,67.60000000000001
814.8,67.52429752066105
814.9,67.63173553719002
815.0,67.59372881355931
815.1,66.84086956521683
815.2,66.86264462810006
815.3,67.6824347826087
815.4,67.65396551724137
815.5,67.6108620689655
815.6,67.57760330578512
815.7,67.57
815.8,67.59086956521736
815.9,67.6253846153846
816.0,67.62199999999999
816.1,67.52199999999995
816.2,67.59289256198353
816.3,67.58475409836066
816.4,67.5744
816.5,67.54379310344831
816.6,67.43170370370369
816.7,67.37244444444443
816.8,67.50552631578934
816.9,67.4291666666668
817.0,67.40590163934421
817.1,67.52974999999995
817.2,67.36508064516136
817.3,67.53443548387085
817.4,67.39593220338985
817.5,67.3362931034483
817.6,67.34043478260867
817.7,67.31
817.8,67.32666666666664
817.9,67.4377777777777
818.0,67.32824561403505
818.1,67.31
818.2,67.33827868852461
818.3,67.36
818.4,67.36
818.5,67.35682539682539
818.6,67.31714285714287
818.7,67.31
818.8,67.35538461538461
818.9,67.3671304347826
819.0,67.32153846153848
819.1,67.3557264957265
819.2,67.31299145299144
819.3,67.35008620689653
819.4,67.36
819.5,67.36
819.6,67.36
819.7,67.36
819.8,67.35663865546222
819.9,67.31462184873949
820.0,67.31
820.1,67.27975806451612
820.2,67.30322033898307
820.3,67.32084745762721
820.4,67.2353846153846
820.5,67.33794871794876
820.6,67.14920353982298
820.7,67.25304347826092
820.8,67.3341463414634
820.9,67.31188976377953
821.0,67.25260869565216
821.1,67.34629032258066
821.2,67.07209677419355
821.3,67.18735537190065
821.4,67.14804878048784
821.5,67.03468253968254
821.6,67.07
821.7,67.07
821.8,67.09389830508474
821.9,67.08051282051282
822.0,67.01913793103449
822.1,66.98837606837607
822.2,67.02
822.3,67.02
822.4,67.02
822.5,67.04871794871794
822.6,67.04417322834645
822.7,67.03677966101696
822.8,67.03533333333337
822.9,66.97
823.0,66.97
823.1,67.07035087719304
823.2,67.1
823.3,67.06617886178866
823.4,67.00811475409837
823.5,66.97455284552842
823.6,67.03959349593498
823.7,67.02846153846151
823.8,67.02
823.9,67.0367741935484
824.0,67.05042735042736
824.1,67.02
824.2,67.02
824.3,67.02
824.4,67.02
824.5,67.05749999999996
824.6,67.089262295082
824.7,66.97100840336135
824.8,67.00462184873948
824.9,66.88129032258075
825.0,66.92169491525419
825.1,66.94062992125976
825.2,66.80375000000016
825.3,66.96208333333334
825.4,67.01025423728812
825.5,67.02
825.6,67.02
825.7,66.96285714285712
825.8,66.81527559055118
825.9,66.78377952755908
826.0,66.78
826.1,66.79586776859504
826.2,66.81
826.3,66.81146551724137
826.4,66.82
826.5,66.82
826.6,66.82
826.7,66.79714285714283
826.8,66.81408695652172
826.9,66.56141025641044
827.0,65.68320512820547
827.1,66.36254237288153
827.2,66.78894736842103
827.3,66.7896581196581
827.4,66.81064516129032
827.5,66.78381355932203
827.6,66.86008474576269
827.7,66.86309523809524
827.8,66.83949579831933
827.9,66.80622950819672
828.0,66.78
828.1,66.78
828.2,66.80459016393445
828.3,66.81644628099173
828.4,66.81536585365853
828.5,66.7989430894309
828.6,66.77088709677419
828.7,66.77895161290323
828.8,66.78
828.9,66.82965517241378
829.0,66.83275862068965
829.1,66.77721739130435
829.2,66.77139344262295
829.3,66.77959016393443
829.4,66.78
829.5,66.79923076923077
829.6,66.83521739130434
829.7,66.84504347826086
829.8,66.81042735042737
829.9,66.78363636363635
830.0,66.81669421487602
830.1,66.79096774193548
830.2,66.80275862068966
830.3,66.81565217391305
830.4,66.80347826086957
830.5,66.78484472049689
830.6,66.78
830.7,66.67926829268282
830.8,66.58551724137928
830.9,66.61827586206897
831.0,66.61596491228073
831.1,66.76508771929826
831.2,66.78
831.3,66.6267226890757
831.4,66.6775862068966
831.5,66.74447368421045
831.6,66.60319327731091
831.7,66.5774193548387
831.8,66.54516129032261
831.9,66.56754098360655
832.0,66.57504
832.1,66.57316239316239
832.2,66.58
832.3,66.57929824561405
832.4,66.54421052631581
832.5,66.54
832.6,66.54
832.7,66.57328000000003
832.8,66.91538461538396
832.9,67.7959677419356
833.0,66.7556451612904
833.1,66.58157024793387
833.2,66.55333333333331
833.3,66.5193103448276
833.4,66.48719298245614
833.5,66.48907563025212
833.6,66.53949579831935
833.7,66.53188524590163
833.8,66.53631147540983
833.9,66.53545454545456
834.0,66.50532258064517
834.1,66.4506557377049
834.2,66.55721311475415
834.3,66.47545454545457
834.4,66.51081300813006
834.5,66.55135593220338
834.6,66.53356521739134
834.7,66.5762393162393
834.8,66.54205128205132
834.9,66.49338842975209
835.0,66.51532258064515
835.1,66.55245762711864
835.2,66.5496721311475
835.3,66.4892561983471
835.4,66.4809917355372
835.5,66.48
835.6,66.45836065573769
835.7,66.44
835.8,66.43777777777778
835.9,66.43868421052633
836.0,66.5351754385965
836.1,66.565
836.2,66.50873949579832
836.3,66.5120689655172
836.4,66.51557522123896
836.5,66.46852173913044
836.6,66.4445
836.7,66.46950000000001
836.8,66.52863247863247
836.9,66.36503999999996
837.0,66.40548387096781
837.1,66.56193277310923
837.2,66.52925619834708
837.3,66.44661157024797
837.4,66.31074380165289
837.5,66.26413223140496
837.6,66.31416666666674
837.7,66.42813559322043
837.8,66.53473684210529
837.9,66.49087719298248
838.0,66.47324786324786
838.1,66.26749999999994
838.2,66.1631896551724
838.3,66.2893965517241
838.4,66.39073770491805
838.5,66.17218487394953
838.6,66.37386554621862
838.7,66.22199999999984
838.8,66.18
838.9,66.28681034482754
839.0,66.30601562500001
839.1,66.17151260504201
839.2,66.38159663865565
839.3,66.21469565217393
839.4,66.20817391304348
839.5,66.17448275862066
839.6,66.1568067226891
839.7,66.16991869918698
839.8,66.14
839.9,66.14
840.0,66.17076923076922
840.1,66.21201754385967
840.2,66.20601626016258
840.3,66.18
840.4,66.22170731707317
840.5,66.44121951219509
840.6,66.27048780487794
840.7,66.19504273504272
840.8,66.1560683760684
840.9,66.13333333333333
841.0,66.14739495798321
841.1,66.17893805309734
841.2,66.14353982300885
841.3,66.14
841.4,66.1506896551724
841.5,66.18
841.6,66.18
841.7,66.18
841.8,66.13545454545458
841.9,66.14350427350425
842.0,66.18
842.1,66.18
842.2,66.18
842.3,66.18
842.4,66.15268292682927
842.5,66.16
842.6,66.19278688524591
842.7,66.21476923076922
842.8,66.18400000000001
842.9,66.15075630252102
843.0,66.19099999999999
843.1,66.19210526315791
843.2,66.14
843.3,66.15252173913038
843.4,66.22024193548387
843.5,66.22830645161291
843.6,66.17644067796608
843.7,66.1450406504065
843.8,66.1527731092437
843.9,66.18628099173554
844.0,66.21933884297522
844.1,66.10470588235289
844.2,66.0731896551724
844.3,66.10834782608694
844.4,66.08446280991734
844.5,66.0243442622951
844.6,66.10615384615384
844.7,66.02923076923072
844.8,66.04861788617885
844.9,66.10606299212597
845.0,66.09661157024792
845.1,66.0044915254238
845.2,66.14855932203393
845.3,66.00272727272736
845.4,66.02808510638296
845.5,66.10255319148936
845.6,66.11
845.7,66.0308196721311
845.8,66.0226399999999
845.9,66.1272173913043
846.0,66.19222222222228
846.1,66.08111111111113
846.2,66.0931967213115
846.3,66.04229508196728
846.4,65.99642857142852
846.5,66.06
846.6,66.06
846.7,66.11915966386559
846.8,66.0936134453782
846.9,66.16162601626013
847.0,66.24024999999989
847.1,66.00564516129037
847.2,66.0862903225807
847.3,66.03826446280993
847.4,66.08056910569105
847.5,66.1372131147541
847.6,66.1050485436893
847.7,66.07592233009707
847.8,66.06330645161286
847.9,66.18427419354835
848.0,66.06728813559316
848.1,66.04804878048782
848.2,66.02852459016387
848.3,65.98146341463413
848.4,66.06841269841273
848.5,65.9096825396825
848.6,65.89542372881357
848.7,65.91
848.8,65.95533333333331
848.9,66.05306451612901
849.0,65.93209677419354
849.1,65.98480000000002
849.2,65.95868421052629
849.3,65.9314606741573
849.4,65.95393258426965
849.5,65.96
849.6,65.91166666666668
849.7,65.92178861788624
849.8,66.04401639344265
849.9,65.9374590163935
850.0,65.99860655737704
850.1,65.8791269841269
850.2,65.84627118644076
850.3,65.99076923076919
850.4,66.0394871794872
850.5,65.83435897435886
850.6,148.1694782609291
850.7,177.34591240876605
850.8,208.04299145296488
850.9,251.9823478260869
851.0,255.10675000000117
851.1,263.1817500000027
851.2,238.76304347824708
851.3,219.4414529914563
851.4,232.1180000000041
851.5,224.92176470586935
851.6,182.878760330588
851.7,216.35967213116547
851.8,243.8432786885016
851.9,225.66835820895923
852.0,237.92350877195187
852.1,265.8132203389722
852.2,235.2810434782651
852.3,283.00278260865275
852.4,229.1281818182102
852.5,210.5843801652904
852.6,253.8989075630276
852.7,269.136666666631
852.8,214.34517241377944
852.9,277.5907317073245
853.0,267.22487804877994
853.1,241.47927419354264
853.2,204.97999999997637
853.3,191.7252755905409
853.4,223.2486086956325
853.5,257.5703478260724
853.6,288.7522033898401
853.7,252.49741379306312
853.8,214.04913043479272
853.9,185.4491463414625
854.0,187.40646341463383
854.1,205.8539344262405
854.2,244.96196581197
854.3,251.2867521367465
854.4,227.060263157894
854.5,220.32999999999944
854.6,236.04805309734465
854.7,250.80042372881485
854.8,230.920325203282
854.9,178.7252892561707
855.0,229.43603305784316
855.1,197.84677966099477
855.2,234.62663793105423
855.3,260.2715384615417
855.4,255.59434782608915
855.5,261.54805084745374
855.6,295.8252991452719
855.7,248.32957264956528
855.8,209.7556521739465
855.9,195.30565217391805
856.0,203.78043478260872
856.1,221.7996610169583
856.2,237.2370796460237
856.3,244.1012499999992
856.4,229.0387500000008
856.5,221.90578947368493
856.6,232.13758620689848
856.7,209.43491228068893
856.8,194.19634615381696
856.9,231.7828846153694
857.0,260.05683760683786
857.1,273.5028571428714
857.2,302.813781512619
857.3,253.00694214877484
857.4,227.77818181818003
857.5,224.5477966101707
857.6,235.57956521739257
857.7,256.84400000000875
857.8,289.6593442623184
857.9,257.65114754098835
858.0,222.5240869565196
858.1,219.75726495727025
858.2,226.19649484536276
858.3,229.0418556701013
858.4,204.64557377050608
858.5,197.29114754099567
858.6,238.7878399999973
858.7,235.21183999999644
858.8,279.61452173913096
858.9,261.7501739130373
859.0,256.6847058823564
859.1,261.2817391304316
859.2,251.86710526315707
859.3,248.54655172414587
859.4,238.4431034482802
859.5,242.14652173912927
859.6,248.25153846153975
859.7,250.41519999999988
859.8,250.3
859.9,250.37213114754093
860.0,250.73278688524607
860.1,254.55383333333592
860.2,253.26983471074303
860.3,253.6702439024372
860.4,251.7254237288161
860.5,243.47118644067604
860.6,250.16610169491835
860.7,246.35443478260615
860.8,243.2587068965523
860.9,156.6014166666606
861.0,88.19008620689614
861.1,87.78606837606907
861.2,89.16686956521737
861.3,89.00165217391319
861.4,224.79076923072125
861.5,250.70643478260848
861.6,249.6636206896548
861.7,245.35921052631392
861.8,240.9377391304359
861.9,238.51042735043103
862.0,232.9947457627112
862.1,242.68966101694645
862.2,239.19147826086584
862.3,233.63426086956537
862.4,230.9548275862068
862.5,230.71241379310345
862.6,231.1160869565214
862.7,232.49614035087717
862.8,234.55754385964863
862.9,189.376
863.0,206.9093548387125
863.1,228.4306779661016
863.2,215.5697391304234
863.3,175.7247413793099
863.4,180.48368421050787
863.5,207.27315789474352
863.6,265.8031623931612
863.7,225.2715384615173
863.8,221.3635087718911
863.9,252.2717600000056
864.0,232.77826446283535
864.1,159.57991735536913
864.2,156.7791304347828
864.3,217.416198347062
864.4,241.92026086956912
864.5,239.23260869565053
864.6,236.796666666668
864.7,209.6750847457585
864.8,188.06491525424147
864.9,257.9943103448431
865.0,300.80896551723566
865.1,272.68025210083243
865.2,242.68666666668832
865.3,255.21737704919576
865.4,203.5042622951157
865.5,227.95000000000675
865.6,232.12365853658537
865.7,234.2236440677989
865.8,247.05339130434857
865.9,256.18069565216814
866.0,225.5389999999938
866.1,206.83899999999025
866.2,191.44252173912025
866.3,211.54666666665528
866.4,241.59367521366588
866.5,246.60688000000465
866.6,217.75793103447984
866.7,182.81715517243276
866.8,226.7223275861914
866.9,270.0215652173836
867.0,252.50237288136785
867.1,245.71902439024453
867.2,240.04912698408012
867.3,178.306956521736
867.4,241.646086956528
867.5,258.97230769230447
867.6,262.1430434782609
867.7,244.54537190082587
867.8,230.4858620689555
867.9,239.0261538461573
868.0,227.8582608695575
868.1,186.81478260868187
868.2,200.69844827587585
868.3,226.78922413792773
868.4,226.4242519685069
868.5,217.63411764705137
868.6,236.41543103448416
868.7,232.01025862068948
868.8,262.1244827585969
868.9,263.4634482758647
869.0,249.949652173916
869.1,228.0231707316999
869.2,201.2413223140304
869.3,176.00403361343336
869.4,189.1048739495802
869.5,220.12982905982275
869.6,236.6992173913025
869.7,231.0817094017068
869.8,217.0711475409866
869.9,208.27139130434608
870.0,188.5670434782562
870.1,283.3497391304718
870.2,232.829391304306
870.3,237.14599999998117
870.4,254.0046774193564
870.5,227.24822580647788
870.6,153.51173913043075
870.7,171.20739130436394
870.8,236.18620689650325
870.9,239.38750000001343
871.0,238.7872727272668
871.1,239.17338842975283
871.2,212.7899166666589
871.3,189.4815833333477
871.4,258.3517499999677
871.5,251.01418032786708
871.6,240.75446280992605
871.7,256.1269747899261
871.8,256.6281818182125
871.9,157.70256198346362
872.0,240.12322314054316
872.1,262.7889999999906
872.2,248.69796747966387
872.3,243.5477235772229
872.4,264.77798387098886
872.5,234.04411290321764
872.6,203.82817391302592
872.7,219.68638655464812
872.8,250.72391304347025
872.9,242.073965517258
873.0,183.3638016528945
873.1,199.2480991735618
873.2,229.76050420169727
873.3,228.6923728813656
873.4,228.39344827585583
873.5,238.5003448275827
873.6,238.45461538461225
873.7,203.55088709676104
873.8,181.84927419355915
873.9,189.1159999999952
874.0,192.4085714285719
874.1,212.9182051282026
874.2,223.4620661156764
874.3,172.01181818181513
874.4,181.8465289256206
874.5,208.7425000000082
874.6,213.54810344827263
874.7,239.58142857145432
874.8,271.56867768596976
874.9,250.92841666667
875.0,244.62008333333543
875.1,182.63283464565416
875.2,158.88500000000414
875.3,188.8434710743609
875.4,241.79608000000036
875.5,247.8280800000017
875.6,256.91857142857407
875.7,235.94661157023012
875.8,205.94600000000827
875.9,192.395609756094
876.0,210.8893650793548
876.1,244.4290476190513
876.2,211.7421739130303
876.3,218.1748275861914
876.4,228.8131034482767
876.5,230.43886956521828
876.6,251.0725000000142
876.7,295.79885964909374
876.8,247.21114035090628
876.9,235.9049999999992
877.0,214.21181818182163
877.1,210.7689999999955
877.2,209.1545161290264
877.3,179.70848739495509
877.4,204.8933613445347
877.5,197.4620000000008
877.6,186.80485714285737
877.7,203.4830327868958
877.8,211.71824561403608
877.9,236.00951612900428
878.0,265.90564516130905
878.1,195.59919354833875
878.2,235.12177419358068
878.3,193.32184873952372
878.4,159.17258620689674
878.5,185.33539130435335
878.6,241.7311403508789
878.7,250.3734453781511
878.8,249.63394957983192
878.9,249.55268292682928
879.0,214.98685950412303
879.1,203.3742372881458
879.2,242.27620689656305
879.3,280.5694871795049
879.4,246.73188034187933
879.5,245.7339130434784
879.6,229.79039999999176
879.7,205.15363636361587
879.8,157.45456140352408
879.9,89.22655172413793
880.0,89.19188034188026
880.1,88.73888888888901
880.2,88.66499999999999
880.3,88.49294117647067
880.4,88.33193277310923
880.5,88.25589743589742
880.6,88.18521739130418
880.7,87.97173913043494
880.8,88.14565217391304
880.9,87.94983999999997
881.0,87.85
881.1,87.84301587301587
881.2,87.78756097560967
881.3,87.55178861788617
881.4,87.75024590163929
881.5,87.67237704918031
881.6,79.80571428570933
881.7,69.51322033898317
881.8,69.71362068965517
881.9,69.73948275862067
882.0,69.78260869565216
882.1,69.68982758620693
882.2,69.511746031746
882.3,69.44999999999995
882.4,69.5368421052631
882.5,69.3656692913386
882.6,69.50740157480314
882.7,69.44532786885243
882.8,69.4395901639344
882.9,69.47762711864407
883.0,69.39782608695654
883.1,69.25
883.2,69.19915254237284
883.3,69.20438596491228
883.4,69.2431707317073
883.5,69.22909090909094
883.6,69.12717948717948
883.7,69.01542372881369
883.8,69.23576271186424
883.9,69.18973684210526
884.0,69.00749999999991
884.1,68.95508196721315
884.2,69.01
884.3,69.01
884.4,69.01
884.5,69.09684210526318
884.6,68.92271186440678
884.7,68.95894308943096
884.8,69.0390909090909
884.9,68.97871794871793
885.0,68.80750000000002
885.1,68.76583333333335
885.2,68.87661016949161
885.3,68.9140350877193
885.4,68.89603448275862
885.5,68.86034482758619
885.6,68.84256410256413
885.7,68.93868421052632
885.8,68.91236842105263
885.9,68.87388888888887
886.0,68.00999999999983
886.1,67.8529268292686
886.2,68.7212820512822
886.3,68.90307086614179
886.4,68.81645669291339
886.5,68.70040983606562
886.6,68.65
886.7,68.61016129032254
886.8,68.54372881355933
886.9,68.71322033898302
887.0,68.56639999999999
887.1,68.56694214876035
887.2,68.60406504065041
887.3,68.61885245901638
887.4,68.64661016949154
887.5,68.57881355932204
887.6,68.49627118644065
887.7,68.40947368421048
887.8,68.38864406779659
887.9,68.41
888.0,68.42239669421487
888.1,68.50504132231407
888.2,68.50189655172413
888.3,68.4798275862069
888.4,68.41608695652174
888.5,68.35433333333333
888.6,68.3718965517242
888.7,68.50278688524585
888.8,68.43721311475416
888.9,68.41504201680672
889.0,68.3142735042735
889.1,68.25883333333333
889.2,68.28706896551725
889.3,68.31595041322319
889.4,68.23330578512399
889.5,68.14724137931033
889.6,68.15051282051283
889.7,68.1876315789474
889.8,68.25529411764703
889.9,68.3321951219512
890.0,68.37
890.1,68.37
890.2,68.33218487394957
890.3,68.25771929824565
890.4,68.24000000000001
890.5,68.19008130081303
890.6,68.10126984126981
890.7,68.3076190476191
890.8,68.32
890.9,68.2562903225807
891.0,68.14478632478637
891.1,68.06330434782609
891.2,68.10000000000002
891.3,68.2132203389831
891.4,68.12847457627119
891.5,68.04372881355933
891.6,67.98624999999997
891.7,68.01409836065582
891.8,68.1009836065574
891.9,68.06
892.0,68.02610169491525
892.1,68.09579831932777
892.2,68.01594827586199
892.3,67.89974137931038
892.4,67.92034188034182
892.5,68.05430894308944
892.6,68.01365853658538
892.7,68.0941176470589
892.8,68.04067796610173
892.9,67.9319834710744
893.0,67.8733064516129
893.1,67.90256198347106
893.2,67.81991735537186
893.3,67.84577235772355
893.4,67.86
893.5,67.87791666666666
893.6,67.90065040650406
893.7,67.86
893.8,67.81934959349596
893.9,67.81
894.0,67.84796610169492
894.1,67.89314049586777
894.2,67.9
894.3,67.9
894.4,67.81304347826085
894.5,67.86071428571432
894.6,67.87901554404144
894.7,67.83238341968911
894.8,67.84617391304342
894.9,67.880826446281
895.0,67.85344262295084
895.1,67.81245901639343
895.2,67.69347107438008
895.3,67.62932773109245
895.4,67.60542372881356
895.5,67.65052631578943
895.6,67.73203389830503
895.7,67.609
895.8,67.58400000000002
895.9,67.60065573770491
896.0,67.16812154696133
896.1,66.45541436464089
896.2,67.1626612903226
896.3,67.61
896.4,67.62767241379308
896.5,67.66
896.6,67.65541666666667
896.7,67.61374999999997
896.8,67.61
896.9,67.58709677419354
897.0,67.58566666666667
897.1,67.61
897.2,67.61169491525425
897.3,67.65406779661016
897.4,67.6531746031746
897.5,67.65487804878049
897.6,67.64165289256196
897.7,67.60135593220339
897.8,67.60983050847457
897.9,67.61
898.0,67.63710743801653
898.1,67.62896551724137
898.2,67.59434782608693
898.3,67.50809523809528
898.4,67.32025641025645
898.5,67.5766666666666
898.6,67.46024590163931
898.7,67.39453781512606
898.8,67.39389830508475
898.9,67.39026086956521
899.0,67.36
899.1,67.36
899.2,67.38325000000002
899.3,67.39
899.4,67.35591304347827
899.5,67.28554621848735
899.6,67.25473684210533
899.7,67.39743999999999
899.8,67.36544000000002
899.9,67.38837606837608
900.0,67.4
900.1,67.38709677419352
900.2,67.35860869565217
900.3,67.350078125
900.4,67.357890625
900.5,67.36
900.6,67.36417391304347
900.7,67.36738095238096
900.8,67.36
900.9,67.36
901.0,67.3233620689655
901.1,67.3392372881356
901.2,67.37758620689657
901.3,67.4
901.4,67.39399999999999
901.5,67.36066666666665
901.6,67.31950413223142
901.7,67.34104838709679
901.8,67.36
901.9,67.3711475409836
902.0,67.39121951219516
902.1,67.31804878048779
902.2,67.12910569105686
902.3,67.19306451612897
902.4,67.31
902.5,67.28439024390248
902.6,67.16243902439018
902.7,67.28564102564104
902.8,67.31
902.9,67.29023999999995
903.0,67.13823999999993
903.1,67.0447863247863
903.2,67.03731707317074
903.3,67.05842105263157
903.4,67.05817391304348
903.5,67.04436974789917
903.6,67.12
903.7,67.0790163934426
903.8,67.09034782608694
903.9,67.07808695652174
904.0,67.0801680672269
904.1,67.09991304347827
904.2,67.07573770491803
904.3,67.1167213114754
904.4,67.12
904.5,67.08644067796611
904.6,67.02487804878047
904.7,66.97
904.8,66.97228813559316
904.9,67.04855932203391
905.0,67.0673275862069
905.1,67.064
905.2,67.06
905.3,67.05680000000001
905.4,67.04634146341463
905.5,67.0219512195122
905.6,66.98377952755905
905.7,67.01262295081972
905.8,67.03897435897436
905.9,67.02904347826085
906.0,67.06
906.1,67.06
906.2,67.03263157894735
906.3,67.02
906.4,67.02974999999999
906.5,67.01264957264955
906.6,66.82306451612912
906.7,66.97629032258075
906.8,66.98442622950822
906.9,66.99276422764225
907.0,67.00601694915254
907.1,66.94948717948719
907.2,66.81273504273499
907.3,66.78443478260871
907.4,66.94599999999993
907.5,66.88180327868851
907.6,66.78
907.7,66.78857142857144
907.8,66.82
907.9,66.82
908.0,66.80294416243656
908.1,66.78263959390864
908.2,66.78
908.3,66.78
908.4,66.79929824561403
908.5,66.81682170542635
908.6,66.80699999999999
908.7,66.78199999999998
908.8,66.78
908.9,66.80347107438016
909.0,66.81590163934426
909.1,66.81
909.2,66.8048387096774
909.3,66.74032258064521
909.4,66.78333333333332
909.5,66.31923076923067
909.6,65.5132203389838
909.7,66.67423728813611
909.8,66.83128205128206
909.9,66.81412280701754
910.0,66.79617391304348
910.1,66.7897435897436
910.2,66.81
910.3,66.81254237288134
910.4,66.85491525423727
910.5,66.79982905982907
910.6,66.77427419354838
910.7,66.78974789915966
910.8,66.82669856459327
910.9,66.85062200956936
911.0,66.85525862068965
911.1,66.78
911.2,66.78
911.3,66.78
911.4,66.80341463414634
911.5,66.80295652173913
911.6,66.79182608695652
911.7,66.8264406779661
911.8,66.85965217391305
911.9,66.82486956521738
912.0,66.7926984126984
912.1,66.69355932203385
912.2,66.59923076923076
912.3,66.63217391304343
912.4,66.8165811965812
912.5,66.78239316239315
912.6,66.80364406779663
912.7,66.79185483870967
912.8,66.69355932203398
912.9,66.58825
913.0,66.60660869565217
913.1,66.58052173913042
913.2,66.54561403508771
913.3,66.54
913.4,66.54
913.5,66.55641975308643
913.6,66.59962962962963
913.7,66.56333333333333
913.8,66.64155172413778
913.9,66.65333333333339
914.0,66.54
914.1,66.54780487804882
914.2,66.61284552845531
914.3,66.50589743589747
914.4,66.64856
914.5,66.69047619047613
914.6,66.54743362831861
914.7,66.57931034482758
914.8,66.57068965517242
914.9,66.57793103448276
915.0,66.58
915.1,66.5357258064516
915.2,66.51406504065044
915.3,66.57117647058823
915.4,66.57957983193278
915.5,66.54910569105692
915.6,66.54
915.7,66.54
915.8,66.51812500000007
915.9,66.44
916.0,66.51758620689658
916.1,66.53672
916.2,66.54
916.3,66.54
916.4,66.5259504132232
916.5,66.44330578512398
916.6,66.44
916.7,66.49853658536588
916.8,66.51233870967744
916.9,66.47206611570248
917.0,66.48292682926831
917.1,66.5560975609756
917.2,66.53625
917.3,66.4996666666667
917.4,66.46598290598293
917.5,66.44
917.6,66.43921739130434
917.7,66.43052173913044
917.8,66.4658778625954
917.9,66.43026315789476
918.0,66.42527999999999
918.1,66.47801652892562
918.2,66.46380165289247
918.3,66.2571900826447
918.4,66.38015624999993
918.5,66.47
918.6,66.46033898305083
918.7,66.45724137931042
918.8,66.53034482758645
918.9,66.28896551724152
919.0,66.42834782608688
919.1,66.34504201680667
919.2,66.39147826086977
919.3,66.54
919.4,66.49791304347839
919.5,66.32975409836058
919.6,66.46909836065575
919.7,66.45653543307084
919.8,66.46017391304348
919.9,66.3759677419355
920.0,66.21270491803281
920.1,66.3848360655739
920.2,66.4300826446281
920.3,66.4098412698413
920.4,66.29948275862077
920.5,66.27008547008548
920.6,66.44417391304334
920.7,66.18452173913059
920.8,66.4106086956521
920.9,66.44
921.0,66.46081300813009
921.1,66.37023622047236
921.2,66.14121739130435
921.3,66.14991304347826
921.4,66.17357142857142
921.5,66.21041666666666
921.6,66.20809917355372
921.7,66.18
921.8,66.18081300813009
921.9,66.1889430894309
922.0,66.21949152542375
922.1,66.20261904761904
922.2,66.16590163934426
922.3,66.15549180327866
922.4,66.229262295082
922.5,66.18942622950821
922.6,66.15475409836066
922.7,66.18057377049183
922.8,66.22729508196723
922.9,66.21642276422764
923.0,66.18390243902438
923.1,66.1509090909091
923.2,66.15835616438358
923.3,66.18
923.4,66.18
923.5,66.1470588235294
923.6,66.16590163934427
923.7,66.18
923.8,66.16754098360657
923.9,66.14
924.0,66.14
924.1,66.20768595041325
924.2,66.22430894308943
924.3,66.22776859504131
924.4,66.21040650406508
924.5,66.10155172413795
924.6,66.15327586206898
924.7,66.20500000000001
924.8,66.14717948717954
924.9,66.13570247933883
925.0,66.18
925.1,66.17739837398373
925.2,66.14487804878048
925.3,66.2042857142857
925.4,66.20272727272729
925.5,66.18
925.6,66.18736196319018
925.7,66.21803680981596
925.8,66.20436974789918
925.9,66.18
926.0,66.17858333333334
926.1,66.17025
926.2,66.08848739495792
926.3,66.12243697478989
926.4,66.20408333333332
926.5,66.19556521739133
926.6,66.09921739130434
926.7,66.20146551724136
926.8,66.10663793103454
926.9,66.02784482758624
927.0,66.05017391304347
927.1,66.11769230769231
927.2,66.14066666666663
927.3,66.06907563025206
927.4,66.1447058823529
927.5,66.11999999999999
927.6,66.02949999999991
927.7,66.0085826771654
927.8,66.06810344827586
927.9,66.05798319327732
928.0,66.02436974789917
928.1,66.04740157480316
928.2,66.0333990147783
928.3,65.98906403940887
928.4,66.03762711864405
928.5,66.106953125
928.6,66.08827868852461
928.7,65.98172131147538
928.8,65.97
928.9,65.91188034188033
929.0,65.89637931034483
929.1,65.96888888888887
929.2,66.06620689655173
929.3,66.09961904761906
929.4,66.08057142857143
929.5,66.06152380952382
929.6,66.06
929.7,66.08372881355933
929.8,66.08295081967215
929.9,66.07209677419354
930.0,66.10508196721314
930.1,66.02311475409834
930.2,66.07096774193552
930.3,66.12479338842974
930.4,66.12122950819672
930.5,66.05442622950818
930.6,66.02163934426228
930.7,66.04317073170733
930.8,66.06142857142856
930.9,66.05050847457628
931.0,66.02903225806452
931.1,66.06
931.2,66.06
931.3,66.02626016260166
931.4,65.99080000000002
931.5,66.0430434782608
931.6,66.17220472440947
931.7,65.9832283464566
931.8,65.96237704918032
931.9,65.9306611570248
932.0,65.96952380952376
932.1,66.06
932.2,66.05153225806444
932.3,65.9305645161291
932.4,65.8555737704918
932.5,113.74888888888584
932.6,165.0172173913009
932.7,191.2700869565331
932.8,234.77952755905525
932.9,238.20472440944792
933.0,200.92982608696423
933.1,213.81857142857703
933.2,218.8513333333192
933.3,211.7922580644864
933.4,268.3053719008308
933.5,259.0739669421495
933.6,260.66125000000056
933.7,249.31121951218057
933.8,226.00561983471576
933.9,218.2220338982612
934.0,302.64576271188395
934.1,227.73793103443776
934.2,205.3996551724032
934.3,221.0234745762648
934.4,231.3835937500034
934.5,232.8378448275704
934.6,271.1542857142857
934.7,270.43999999999977
934.8,252.9818181818262
934.9,216.99454545454455
935.0,201.33221311475884
935.1,227.209476744188
935.2,194.0059883720704
935.3,193.1513157894712
935.4,233.4173913043457
935.5,269.6646280991782
935.6,307.6976859504325
935.7,252.0543801652333
935.8,226.2419130434786
935.9,254.63765217392
936.0,269.7159504132067
936.1,234.9217073170751
936.2,237.92983739837544
936.3,255.3809836065557
936.4,211.75382113821604
936.5,206.23666666666665
936.6,251.7020754717108
936.7,240.40401574801868
936.8,202.0685950413448
936.9,186.9944262294957
937.0,212.6315702479351
937.1,238.3152500000174
937.2,279.1569166666918
937.3,255.6300826446343
937.4,240.545
937.5,259.06550000000493
937.6,291.1848437499868
937.7,233.9895312499929
937.8,269.29941176469805
937.9,238.646694214894
938.0,207.51033057851257
938.1,217.55341463415064
938.2,252.05000000001195
938.3,266.04999999999865
938.4,278.0872580645157
938.5,269.1618965517199
938.6,249.6582758620596
938.7,221.4286440677569
938.8,177.32634782606948
938.9,207.7959130434653
939.0,238.17182539682483
939.1,264.25043859649264
939.2,265.23435897435314
939.3,257.63913043478027
939.4,272.3200854700795
939.5,305.12272727270806
939.6,245.0318181818323
939.7,229.06288000000103
939.8,244.340826446253
939.9,234.79666666669203
940.0,187.3896774193656
940.1,229.27677419356067
940.2,246.34853658536812
940.3,244.7423529411796
940.4,241.40222222222204
940.5,245.7672881355919
940.6,254.12965217391405
940.7,256.84929824564097
940.8,297.8142105262937
940.9,250.1303252032443
941.0,251.73438016529056
941.1,265.0908148148168
941.2,252.4346153846151
941.3,250.81923076923144
941.4,246.20794871794803
941.5,249.21368421052767
941.6,248.4892372881352
941.7,247.22422413793143
941.8,246.932857142865
941.9,238.20367521366853
942.0,247.37461538461375
942.1,252.2611570247944
942.2,251.6555555555538
942.3,245.70758620689773
942.4,203.24233333330943
942.5,87.45196721311527
942.6,88.97655737704915
942.7,88.93491525423711
942.8,157.2444827586128
942.9,226.62192982456384
943.0,251.06947826086943
943.1,247.2675833333309
943.2,237.21675
943.3,237.10841666666676
943.4,238.29349999999957
943.5,237.49330434782644
943.6,236.2898260869565
943.7,235.46417391304325
943.8,233.45400000000143
943.9,231.75400000000116
944.0,231.32293103448288
944.1,231.33410256410255
944.2,231.6950000000001
944.3,205.87302521011424
944.4,173.1364347826133
944.5,200.25756521740303
944.6,236.1619130434953
944.7,240.0227586206923
944.8,225.28632478633585
944.9,201.35450819673105
945.0,223.68344537814792
945.1,287.5179999999999
945.2,276.71799999999746
945.3,260.9792682926851
945.4,262.07300000000123
945.5,208.39553719008643
945.6,174.6427868852281
945.7,260.08647058825017
945.8,308.6747058823121
945.9,244.75527131782508
946.0,233.53638655463007
946.1,232.1782926829181
946.2,214.4298347107481
946.3,228.62266666668677
946.4,186.256000000012
946.5,237.1044827586235
946.6,221.91779661016835
946.7,191.59440677966143
946.8,194.19951219512
946.9,199.61717948717447
947.0,209.71974358974416
947.1,269.36500000001854
947.2,267.49925619832845
947.3,244.5340650406565
947.4,217.8797560975803
947.5,160.12050847457877
947.6,166.13745762711986
947.7,210.57416666668365
947.8,239.50839999999
947.9,248.13153846153932
948.0,239.1867605633761
948.1,213.1726760563376
948.2,195.95137931034
948.3,257.8651724137397
948.4,269.73702479338425
948.5,246.6864285714311
948.6,243.68558333334116
948.7,251.84950819669024
948.8,198.21782608695452
948.9,238.1743478260909
949.0,236.1776923076941
949.1,247.50793388429585
949.2,235.8419130434717
949.3,202.30301724139733
949.4,186.77524999999272
949.5,203.49115702479665
949.6,189.6068595041301
949.7,210.8684000000123
949.8,210.28055118110996
949.9,191.9789256198347
950.0,192.9710833333301
950.1,199.12941666666464
950.2,209.121739130442
950.3,256.1551724137571
950.4,247.37173913044927
950.5,221.1018644067896
950.6,225.8366393442388
950.7,154.4266386554673
950.8,160.09050420167927
950.9,211.840236220442
951.0,246.82083333332656
951.1,252.14922413793343
951.2,241.44482758620543
951.3,222.56646551726453
951.4,189.78198275863227
951.5,206.42289473683348
951.6,253.6326724137865
951.7,265.9890517241331
951.8,239.80324786326395
951.9,220.10721311475052
952.0,246.5240000000056
952.1,234.72400000000331
952.2,269.75230769231695
952.3,268.06000000001376
952.4,242.34728813560375
952.5,225.17230769230812
952.6,224.40736000000015
952.7,226.03136000000052
952.8,188.99917355373748
952.9,193.93504132231251
953.0,226.9735344827712
953.1,234.47956896547416
953.2,182.0683620689803
953.3,198.99077586205388
953.4,232.71669565214845
953.5,272.9409917355204
953.6,255.5663414634031
953.7,231.17200000001304
953.8,241.18386554622347
953.9,212.2763025210137
954.0,179.888
954.1,182.0179661016934
954.2,205.09341880342237
954.3,234.9413043478076
954.4,251.31050000000948
954.5,231.7918965517271
954.6,220.9901724137923
954.7,196.89793103447167
954.8,292.7432743361703
954.9,279.73116666669165
955.0,233.2475000000233
955.1,263.7597560975463
955.2,240.71097560974505
955.3,174.12788617891667
955.4,157.55094827586186
955.5,208.933189655152
955.6,249.82370689654937
955.7,239.96057851240508
955.8,254.78917355372647
955.9,227.4420661156994
956.0,199.7949999999908
956.1,208.05289256200135
956.2,231.4153600000173
956.3,238.5481196581223
956.4,200.935299145286
956.5,229.20025641025887
956.6,217.4969565217336
956.7,220.988260869571
956.8,249.32008547007237
956.9,261.61333333333334
957.0,232.04666666666537
957.1,215.86025862066592
957.2,178.0068103447905
957.3,185.93222222221596
957.4,205.83206521738407
957.5,228.34836956521903
957.6,240.4692307692375
957.7,254.54362068965975
957.8,241.09760330581608
957.9,208.41000000001245
958.0,199.01887931035048
958.1,268.0284210526222
958.2,245.6424561403429
958.3,260.8268032786832
958.4,267.96117647058816
958.5,219.7178512396599
958.6,172.60537190087427
958.7,266.2767199999975
958.8,263.3887200000001
958.9,234.31152542373525
959.0,247.3777499999941
959.1,257.8976315789492
959.2,227.79622807017049
959.3,201.2197540983632
959.4,189.81811475410493
959.5,230.04415999998275
959.6,213.4645614034944
959.7,192.8753846153848
959.8,197.9089743589656
959.9,208.403448275862
960.0,212.00885245903044
960.1,295.73016393441065
960.2,268.8337984495849
960.3,252.9927731092413
960.4,231.09557377051823
960.5,145.5960000000089
960.6,125.97933333331994
960.7,196.9995081967566
960.8,244.61918032785547
960.9,238.71655462185348
961.0,203.78368
961.1,203.8759322033886
961.2,196.77423728813588
961.3,120.54066115710124
961.4,89.47681818181842
961.5,88.91956521739127
961.6,88.62902439024386
961.7,88.40138211382113
961.8,88.39
961.9,88.22239669421491
962.0,88.06666666666662
962.1,88.0
962.2,87.96431034482754
962.3,87.82057377049179
962.4,87.82877049180328
962.5,87.81521739130434
962.6,87.74245614035085
962.7,87.71423728813562
962.8,87.6789075630252
962.9,87.57161016949152
963.0,87.42076923077295
963.1,71.4976923076872
963.2,69.63660869565261
963.3,69.88405172413793
963.4,69.77220338983057
963.5,69.59800000000004
963.6,69.47861788617887
963.7,69.36479674796739
963.8,69.47860869565214
963.9,69.49619834710744
964.0,69.48432203389831
964.1,69.43834782608694
964.2,69.30389830508473
964.3,69.27
964.4,69.31132231404956
964.5,69.39770491803276
964.6,69.31024390243904
964.7,69.16
964.8,69.15121951219515
964.9,69.07804878048778
965.0,69.05465517241379
965.1,69.06226890756302
965.2,69.08265625000001
965.3,69.10226086956521
965.4,69.09387931034487
965.5,68.94732758620688
965.6,69.03827586206901
965.7,69.09264462809921
965.8,69.03201680672272
965.9,68.98404761904762
966.0,69.0429508196721
966.1,68.91180327868854
966.2,68.94475409836068
966.3,68.81846153846158
966.4,68.80098360655737
966.5,68.89571428571429
966.6,68.8490243902439
966.7,68.82463414634145
966.8,68.70713114754108
966.9,68.73776859504129
967.0,68.79396551724136
967.1,68.72765217391306
967.2,68.75474999999996
967.3,68.67975000000003
967.4,68.65561983471075
967.5,68.20133004926082
967.6,67.52152709359555
967.7,68.07230769230847
967.8,68.7406722689076
967.9,68.71
968.0,68.70853658536582
968.1,68.65975609756097
968.2,68.55588235294115
968.3,68.54155172413789
968.4,68.60552631578942
968.5,68.67078260869565
968.6,68.66878048780474
968.7,68.47365853658525
968.8,68.57624999999994
968.9,68.58566666666667
969.0,68.48608333333334
969.1,68.4173043478261
969.2,68.49421052631577
969.3,68.41201680672263
969.4,68.46243697478991
969.5,68.46303278688524
969.6,68.35941176470583
969.7,68.3281818181819
969.8,68.40102362204735
969.9,68.27503937007876
970.0,68.32236363636365
970.1,68.38795081967217
970.2,68.46146551724136
970.3,68.36663793103455
970.4,68.27769911504424
970.5,68.29305785123967
970.6,68.31983333333334
970.7,68.3108196721311
970.8,68.26433333333335
970.9,68.23100000000002
971.0,68.41438016528924
971.1,68.3104918032786
971.2,68.19299999999996
971.3,68.13190082644628
971.4,68.08685950413228
971.5,68.29347107438011
971.6,68.20266666666669
971.7,68.20540983606558
971.8,68.1603278688525
971.9,68.05322580645161
972.0,68.03133333333334
972.1,68.06466666666667
972.2,68.13406779661018
972.3,68.16
972.4,68.10467213114757
972.5,68.00456692913386
972.6,67.98094488188977
972.7,68.01147540983608
972.8,68.05189655172411
972.9,68.02433070866144
973.0,67.99305785123964
973.1,68.05677419354839
973.2,68.02451612903226
973.3,68.04097560975607
973.4,68.0608620689655
973.5,68.04956521739129
973.6,68.00905982905981
973.7,67.98384615384619
973.8,68.00948717948717
973.9,68.01816666666666
974.0,67.89333333333333
974.1,67.8830434782609
974.2,67.92603448275862
974.3,67.93779661016947
974.4,67.96620689655182
974.5,67.7679310344828
974.6,67.80033613445377
974.7,67.86680327868855
974.8,67.9
974.9,67.88809917355374
975.0,67.84717948717949
975.1,67.76170940170937
975.2,67.79266666666669
975.3,67.7728695652174
975.4,67.8080508474576
975.5,67.85384615384615
975.6,67.84793103448276
975.7,67.81
975.8,67.81
975.9,67.68961206896574
976.0,67.11633620689658
976.1,66.54306034482741
976.2,67.3479338842982
976.3,67.7393333333333
976.4,67.8039344262295
976.5,67.82083333333331
976.6,67.8576
976.7,67.8176
976.8,67.67386554621855
976.9,67.61
977.0,67.58619834710747
977.1,67.53860655737705
977.2,67.5959836065574
977.3,67.60762295081967
977.4,67.58652892561985
977.5,67.57
977.6,67.57
977.7,67.5746551724138
977.8,67.60017094017093
977.9,67.60871794871795
978.0,67.5836434108527
978.1,67.58866666666667
978.2,67.62578947368424
978.3,67.65051724137933
978.4,67.60961783439491
978.5,67.6032484076433
978.6,67.62429752066114
978.7,67.64833333333333
978.8,67.61
978.9,67.61
979.0,67.5442857142857
979.1,67.5686885245902
979.2,67.61
979.3,67.57530434782608
979.4,67.4
979.5,67.4
979.6,67.3732258064516
979.7,67.36
979.8,67.36
979.9,67.36
980.0,67.36
980.1,67.39172413793104
980.2,67.37007874015745
980.3,67.36991869918697
980.4,67.38960000000002
980.5,67.3496694214876
980.6,67.31661157024793
980.7,67.3959504132232
980.8,67.4196551724138
980.9,67.38491228070176
981.0,67.36
981.1,67.35579831932773
981.2,67.313781512605
981.3,67.3476033057851
981.4,67.38413793103447
981.5,67.36142857142859
981.6,67.3212
981.7,67.3565853658536
981.8,67.24276422764237
981.9,67.28050420168066
982.0,67.32512396694216
982.1,67.3569491525424
982.2,67.37495726495723
982.3,67.31219298245614
982.4,67.35605263157895
982.5,67.33354651162792
982.6,67.31
982.7,67.31
982.8,67.31
982.9,67.31
983.0,67.33692307692309
983.1,67.34034188034187
983.2,67.31
983.3,67.28199999999998
983.4,67.08199999999995
983.5,67.04754098360657
983.6,67.20766129032255
983.7,67.22677685950413
983.8,67.080655737705
983.9,66.98583333333332
984.0,67.14416666666668
984.1,67.13
984.2,67.08982758620687
984.3,67.07
984.4,67.06344827586206
984.5,67.0536974789916
984.6,67.06874999999998
984.7,67.02708333333331
984.8,67.05516949152539
984.9,67.09896039603957
985.0,67.14351485148512
985.1,67.1102631578947
985.2,67.0490598290598
985.3,67.0282051282051
985.4,67.05130434782609
985.5,67.06
985.6,66.98241379310342
985.7,67.03247933884303
985.8,67.09123966942148
985.9,67.08440677966101
986.0,67.03878260869566
986.1,67.10447368421052
986.2,67.0430701754386
986.3,67.00106557377052
986.4,67.00824999999999
986.5,67.03811965811967
986.6,67.04857142857142
986.7,67.01586776859504
986.8,66.97454545454549
986.9,67.0776612903226
987.0,67.0400819672131
987.1,66.97
987.2,66.95017241379308
987.3,66.87
987.4,66.87
987.5,66.9825
987.6,67.02
987.7,66.92434782608684
987.8,66.82
987.9,66.82
988.0,66.83206896551715
988.1,67.00448275862065
988.2,66.86206611570245
988.3,66.79384615384618
988.4,66.77652173913044
988.5,66.78906779661015
988.6,66.85521367521363
988.7,66.7868376068376
988.8,66.9615789473684
988.9,66.86553719008272
989.0,66.8899999999999
989.1,66.95057851239675
989.2,66.78462809917356
989.3,66.81768595041319
989.4,66.82
989.5,66.80207999999999
989.6,66.64677685950397
989.7,66.22033057851243
989.8,65.8236363636367
989.9,66.57111111111085
990.0,66.79142857142855
990.1,66.78869918699188
990.2,66.81239669421487
990.3,66.78
990.4,66.78
990.5,66.84177966101694
990.6,66.82112068965517
990.7,66.78
990.8,66.7882051282051
990.9,66.80631147540984
991.0,66.7817213114754
991.1,66.80286885245903
991.2,66.81617391304347
991.3,66.82
991.4,66.80689655172412
991.5,66.78752136752138
991.6,66.82169491525423
991.7,66.855593220339
991.8,66.82973913043479
991.9,66.82
992.0,66.82
992.1,66.80689655172412
992.2,66.78
992.3,66.78543103448273
992.4,66.8630172413793
992.5,66.83239669421486
992.6,66.79685950413221
992.7,66.78
992.8,66.78
992.9,66.79161290322581
993.0,66.7628205128205
993.1,66.59388429752077
993.2,66.79223140495867
993.3,66.78293103448279
993.4,66.7759829059829
993.5,66.68782608695653
993.6,66.65728813559328
993.7,66.81830508474575
993.8,66.80931034482761
993.9,66.7748275862069
994.0,66.60094017094009
994.1,66.54
994.2,66.55733333333335
994.3,66.58
994.4,66.56965517241385
994.5,66.48344827586209
994.6,66.72615384615393
994.7,66.61368421052623
994.8,66.67565217391291
994.9,66.69101694915257
995.0,66.63736842105268
995.1,66.80621052631578
995.2,66.78515789473684
995.3,66.72603305785138
995.4,66.57762711864409
995.5,66.54372881355931
995.6,66.56918032786885
995.7,66.58
995.8,66.55983870967744
995.9,66.53213114754098
996.0,66.5409917355372
996.1,66.56578512396695
996.2,66.54278688524589
996.3,66.52487394957983
996.4,66.62066115702478
996.5,66.77104838709683
996.6,66.5855645161289
996.7,66.58
996.8,66.54951219512196
996.9,66.53429752066116
997.0,66.5373949579832
997.1,66.53096000000001
997.2,66.53896000000002
997.3,66.56139344262293
997.4,66.57
997.5,66.56
997.6,66.54704000000002
997.7,66.57904000000002
997.8,66.58
997.9,66.55587301587303
998.0,66.51520661157028
998.1,66.4704132231405
998.2,66.44262295081968
998.3,66.47540983606557
998.4,66.51583333333333
998.5,66.53550000000001
998.6,66.5022950819672
998.7,66.44
998.8,66.44024590163933
998.9,66.46483606557375
999.0,66.44956896551724
999.1,66.49384615384616
999.2,66.51224137931031
999.3,66.47260869565217
999.4,66.4752
999.5,66.44319999999999
999.6,66.5015384615385
999.7,66.55775862068967
999.8,66.51060869565222
999.9,66.45041322314049
1000.0,66.4809565217391
1000.1,66.5325641025641
1000.2,66.57529914529916
1000.3,66.54228813559322
1000.4,66.55406779661017
1000.5,66.55629310344827
1000.6,66.54
1000.7,66.54
1000.8,66.54
1000.9,66.29917355371913
1001.0,66.36102564102565
1001.1,66.41565217391303
1001.2,66.4075213675214
1001.3,66.44203389830508
1001.4,66.44947368421053
1001.5,66.44070175438597
1001.6,66.44766666666666
1001.7,66.4124347826087
1001.8,66.41478260869563
1001.9,66.38399999999996
1002.0,66.31060869565223
1002.1,66.44
1002.2,66.44
1002.3,66.40544715447156
1002.4,66.44040650406502
1002.5,66.42
1002.6,66.30112000000005
1002.7,66.39712000000007
1002.8,66.26701612903231
1002.9,66.35166666666663
1003.0,66.3040163934426
1003.1,66.16325000000005
1003.2,66.22552845528453
1003.3,66.18487804878052
1003.4,66.15138211382114
1003.5,66.19000000000001
1003.6,66.20948717948718
1003.7,66.16912280701753
1003.8,66.14581196581194
1003.9,66.18
1004.0,66.36103448275868
1004.1,66.27610169491523
1004.2,66.20105263157895
1004.3,66.1628099173554
1004.4,66.15302521008401
1004.5,66.1851612903226
1004.6,66.1448387096774
1004.7,66.14
1004.8,66.18965517241378
1004.9,66.19823529411767
1005.0,66.14421052631577
1005.1,66.17929824561406
1005.2,66.18
1005.3,66.1864705882353
1005.4,66.18495652173914
1005.5,66.16578512396694
1005.6,66.14
1005.7,66.14155172413798
1005.8,66.21913793103448
1005.9,66.17360655737708
1006.0,66.15
1006.1,66.17842975206612
1006.2,66.22105691056909
1006.3,66.18040650406509
1006.4,66.18
1006.5,66.18
1006.6,66.15878260869565
1006.7,66.17450000000004
1006.8,66.21016949152548
1006.9,66.14264462809915
1007.0,66.17570247933884
1007.1,66.16098360655738
1007.2,66.14
1007.3,66.14
1007.4,66.16688524590163
1007.5,66.16512396694216
1007.6,66.17149606299213
1007.7,66.19966101694907
1007.8,66.03016949152556
1007.9,66.21105691056908
1008.0,66.14403225806448
1008.1,66.07811965811969
1008.2,66.12789473684214
1008.3,66.15
1008.4,66.15
1008.5,66.15833333333333
1008.6,66.10049586776854
1008.7,66.04581967213112
1008.8,66.00165289256202
1008.9,65.99333333333325
1009.0,66.20166666666663
1009.1,66.21
1009.2,66.08606557377044
1009.3,66.04878048780482
1009.4,66.07645161290331
1009.5,65.92262500000004
1009.6,66.01012500000002
1009.7,66.10236453201972
1009.8,66.20088669950732
1009.9,66.27355932203389
1010.0,66.28293103448273
1010.1,66.20634782608697
1010.2,66.14547826086951
1010.3,66.11016393442624
1010.4,66.04781512605047
1010.5,66.01
1010.6,66.029756097561
1010.7,66.09399999999997
1010.8,65.94400000000012
1010.9,66.00735999999995
1011.0,66.125
1011.1,66.13717741935477
1011.2,66.01
1011.3,66.01
1011.4,66.01
1011.5,66.08520661157027
1011.6,66.08723577235772
1011.7,66.03532786885242
1011.8,65.99434426229506
1011.9,66.05147540983603
1012.0,66.10065573770491
1012.1,66.01121951219514
1012.2,66.049593495935
1012.3,66.13842975206613
1012.4,66.10317073170731
1012.5,66.05439024390245
1012.6,66.1327272727273
1012.7,66.07393442622941
1012.8,66.02548387096775
1012.9,66.05201680672269
1013.0,66.06162601626016
1013.1,66.0941463414634
1013.2,66.1
1013.3,66.1508474576271
1013.4,66.12820512820512
1013.5,65.98093220338984
1013.6,65.91059829059829
1013.7,65.9191452991453
1013.8,65.98328124999998
1013.9,65.93051282051286
1014.0,110.11652173908668
1014.1,188.74655462184688
1014.2,214.82434782606543
1014.3,187.9547826087007
1014.4,261.57714285715974
1014.5,240.36297520661455
1014.6,217.3881818181791
1014.7,231.60066666666685
1014.8,234.12147540982124
1014.9,254.51491803278384
1015.0,279.5044262295192
1015.1,275.41845528454166
1015.2,254.0834399999882
1015.3,227.26719298247792
1015.4,177.24881355929986
1015.5,225.1894915254376
1015.6,213.72508474575744
1015.7,247.64608695653797
1015.8,269.9858677686053
1015.9,252.28487179487524
1016.0,244.195565217414
1016.1,313.69991304351123
1016.2,241.52241379304164
1016.3,213.2025619834838
1016.4,199.35421487604071
1016.5,201.4272131147492
1016.6,223.7302439024444
1016.7,247.78715447154627
1016.8,250.63553571428417
1016.9,259.8453846153666
1017.0,281.97009009009366
1017.1,238.37099099098072
1017.2,194.77189189186777
1017.3,233.7045528454941
1017.4,254.5199999999976
1017.5,243.98406504064843
1017.6,225.0047500000168
1017.7,248.3038888888794
1017.8,237.69277777778552
1017.9,198.97697478992285
1018.0,194.28032786885464
1018.1,213.41222797927463
1018.2,212.62466321243505
1018.3,223.45024793386955
1018.4,238.0955172413851
1018.5,204.9581739130543
1018.6,262.66252173914984
1018.7,207.49939130431437
1018.8,225.40418803417816
1018.9,251.94508620689888
1019.0,255.4646031746017
1019.1,247.3678688524608
1019.2,226.220327868842
1019.3,246.3469999999901
1019.4,238.5918333333379
1019.5,210.2748387096821
1019.6,192.62080645161032
1019.7,219.83623931623907
1019.8,228.16102564102053
1019.9,292.4528813559405
1020.0,240.63862068966543
1020.1,203.7546956521787
1020.2,238.51487394963144
1020.3,272.7663636363717
1020.4,218.9481818181692
1020.5,232.70627118644109
1020.6,253.84461538462529
1020.7,222.85649122803355
1020.8,206.0849999999869
1020.9,230.52790322580088
1021.0,242.94056000001655
1021.1,184.1165600000032
1021.2,201.69165289257265
1021.3,225.71809917354636
1021.4,245.2150413223125
1021.5,266.0791735537206
1021.6,270.9634710743836
1021.7,242.2089743589651
1021.8,270.25666666663443
1021.9,244.00871794874317
1022.0,211.5199999999988
1022.1,231.09237288135807
1022.2,249.37882352942455
1022.3,265.73176470587646
1022.4,223.91103448276047
1022.5,239.56666666666663
1022.6,253.144
1022.7,245.1126271186354
1022.8,236.9183471074343
1022.9,250.1172413793085
1023.0,252.58275862068868
1023.1,245.47457627118385
1023.2,248.19292682927093
1023.3,251.73714285714223
1023.4,252.34573913043465
1023.5,252.31728070175356
1023.6,250.58612068965516
1023.7,250.4568103448275
1023.8,244.97669491525733
1023.9,248.3519999999965
1024.0,253.55789473684248
1024.1,251.3900826446349
1024.2,232.979145299139
1024.3,178.3767213115123
1024.4,102.2127868852232
1024.5,87.18689655172398
1024.6,88.43649122806715
1024.7,89.19217391304363
1024.8,139.71379310324377
1024.9,254.95779661016772
1025.0,243.858000000001
1025.1,239.65800000000516
1025.2,239.53706896551736
1025.3,239.67586206896556
1025.4,239.437647058823
1025.5,236.8208474576249
1025.6,231.54228070175188
1025.7,233.20146551724096
1025.8,232.91698275862103
1025.9,231.91842105263007
1026.0,231.3089565217388
1026.1,231.9621739130433
1026.2,232.9071304347829
1026.3,236.07316239316543
1026.4,247.0820175438879
1026.5,261.82763157895795
1026.6,225.8699137931064
1026.7,250.15073770495056
1026.8,251.4486991870052
1026.9,227.25372881354144
1027.0,211.30304000000496
1027.1,228.4310399999894
1027.2,236.0409016393457
1027.3,214.56959349597284
1027.4,199.3786206896555
1027.5,198.37271186441373
1027.6,203.665739130318
1027.7,315.1353043478525
1027.8,228.17327731092095
1027.9,233.73304347830413
1028.0,252.44444444445435
1028.1,212.78256410263748
1028.2,163.31105263158005
1028.3,220.25950000002248
1028.4,282.60950000004607
1028.5,241.4681578947581
1028.6,260.7099145298769
1028.7,244.58699999996267
1028.8,207.5964999999988
1028.9,189.05491228071395
1029.0,214.3894782608343
1029.1,275.8851304346866
1029.2,260.295086206898
1029.3,251.901463414642
1029.4,229.2133333333176
1029.5,215.0964705882427
1029.6,235.9484297520636
1029.7,262.94016528926943
1029.8,251.68813008131065
1029.9,221.36199999998345
1030.0,182.51864406780456
1030.1,166.4121367521128
1030.2,196.88043478260025
1030.3,188.35
1030.4,224.8029914530531
1030.5,232.4627049180334
1030.6,214.6119512195431
1030.7,196.73727272727407
1030.8,200.61194915254535
1030.9,210.976355932206
1031.0,298.50272727276376
1031.1,240.3233913043793
1031.2,237.87758620695644
1031.3,219.47024590164125
1031.4,164.75375000009456
1031.5,246.0926086957027
1031.6,292.54478260870025
1031.7,270.7823076923077
1031.8,244.1681578947394
1031.9,252.73153846157112
1032.0,243.8090625000398
1032.1,189.65438596489315
1032.2,207.4
1032.3,251.9999999999594
1032.4,251.29754098358416
1032.5,221.5718399999533
1032.6,194.0708196721315
1032.7,203.6757894736875
1032.8,207.6056140350863
1032.9,275.182222222316
1033.0,233.2457142857496
1033.1,225.43304347816664
1033.2,220.92770491803887
1033.3,155.4353781512599
1033.4,158.99
1033.5,219.7359016393669
1033.6,251.3680952380927
1033.7,248.9121052631264
1033.8,241.13982758621043
1033.9,244.43086206885863
1034.0,185.30429752068653
1034.1,216.70925619831937
1034.2,265.2567521367852
1034.3,267.72165289257634
1034.4,228.10999999998444
1034.5,188.7184745762511
1034.6,224.87367999999
1034.7,235.46568000000445
1034.8,270.61801724136296
1034.9,235.97384615374887
1035.0,215.2107692308001
1035.1,251.64939130434735
1035.2,247.49258064506768
1035.3,170.1538709677334
1035.4,226.63810344838777
1035.5,250.8356896551784
1035.6,242.2029565217416
1035.7,240.890000000028
1035.8,248.4858620689574
1035.9,214.41974789911228
1036.0,184.1676470588397
1036.1,260.1133913042134
1036.2,261.7257600000055
1036.3,237.00191304351145
1036.4,227.01533333334177
1036.5,237.9372173912977
1036.6,215.1462068965424
1036.7,228.35310344828625
1036.8,262.96210526314434
1036.9,251.2638135592827
1037.0,234.60115044247576
1037.1,207.93508474579696
1037.2,169.2112903225967
1037.3,183.8
1037.4,225.15000000001567
1037.5,229.02975609755853
1037.6,236.78188976376808
1037.7,242.15384615385025
1037.8,218.07672268909545
1037.9,190.05151260500347
1038.0,227.2746551724397
1038.1,259.32157894735434
1038.2,262.0041176470586
1038.3,260.1262499999876
1038.4,246.3532031249079
1038.5,158.4860156249391
1038.6,246.3152631578501
1038.7,262.8510256410265
1038.8,259.5984210526309
1038.9,244.7735087719016
1039.0,221.9610169491459
1039.1,209.14655172413444
1039.2,228.67724137924995
1039.3,183.35827586204408
1039.4,206.6354098361118
1039.5,229.55545454545083
1039.6,229.8382786885452
1039.7,208.62072580642345
1039.8,187.58040322580143
1039.9,231.1145762711958
1040.0,308.8821487603241
1040.1,277.82067226904485
1040.2,232.061206896527
1040.3,242.21956521752213
1040.4,157.45344827586183
1040.5,160.48793103448014
1040.6,214.83655999989836
1040.7,247.66508196722364
1040.8,248.59296610170404
1040.9,237.5751304347816
1041.0,244.997739130489
1041.1,193.26730434793143
1041.2,256.1100000000651
1041.3,272.35360000000287
1041.4,254.2902564102297
1041.5,240.69896551722587
1041.6,252.79449999999412
1041.7,254.5284347825939
1041.8,230.36321739131344
1041.9,272.8913793103979
1042.0,258.07188034186413
1042.1,244.56241666666557
1042.2,252.25333333333336
1042.3,260.7236363636465
1042.4,236.5719658119743
1042.5,240.76854700854489
1042.6,274.27999999994074
1042.7,247.98747967481853
1042.8,212.34058823525208
1042.9,243.80818181819035
1043.0,257.1718181818041
1043.1,157.55958333345333
1043.2,105.73097560975046
1043.3,89.32433333333344
1043.4,89.09103448275827
1043.5,88.88379310344814
1043.6,88.72
1043.7,88.6156521739129
1043.8,88.27478260869553
1043.9,88.12440677966097
1044.0,88.12184873949577
1044.1,88.10245762711877
1044.2,87.97279999999995
1044.3,87.92479999999999
1044.4,87.905
1044.5,87.89421487603306
1044.6,87.80163934426238
1044.7,87.6633606557377
1044.8,87.63508196721322
1044.9,87.53672131147526
1045.0,73.98461538462362
1045.1,69.20363636363493
1045.2,69.81672413793099
1045.3,69.76033898305084
1045.4,69.6819827586204
1045.5,69.51818965517258
1045.6,69.57229508196717
1045.7,69.58370689655172
1045.8,69.49925000000006
1045.9,69.42554621848741
1046.0,69.44958677685949
1046.1,69.39173553719017
1046.2,69.40603305785125
1046.3,69.3466666666667
1046.4,69.3418699186992
1046.5,69.37440677966103
1046.6,69.34093220338998
1046.7,69.21381355932193
1046.8,69.16150000000006
1046.9,69.26846153846158
1047.0,69.19666666666674
1047.1,69.08869565217387
1047.2,69.12941176470589
1047.3,69.14093220338982
1047.4,68.92906779661017
1047.5,69.06411290322589
1047.6,69.10864406779662
1047.7,69.08295652173913
1047.8,69.06
1047.9,69.02647058823526
1048.0,68.85
1048.1,68.3714723926385
1048.2,68.27582781456964
1048.3,68.83211920529736
1048.4,68.80530434782608
1048.5,68.79347107438016
1048.6,68.84658536585361
1048.7,68.89107438016529
1048.8,68.86457627118634
1048.9,68.94084745762716
1049.0,68.88113043478265
1049.1,68.81632478632486
1049.2,68.81413793103451
1049.3,68.86033898305084
1049.4,68.9
1049.5,68.89526315789468
1049.6,68.81631578947372
1049.7,68.88863247863259
1049.8,68.84346774193546
1049.9,68.74565573770478
1050.0,68.65573770491804
1050.1,68.6158333333332
1050.2,68.69916666666671
1050.3,68.56500000000017
1050.4,68.59440944881894
1050.5,68.65347107438016
1050.6,68.62478991596639
1050.7,68.65
1050.8,68.5774193548388
1050.9,68.56622950819673
1051.0,68.56526315789473
1051.1,68.56
1051.2,68.53906976744182
1051.3,68.42279069767439
1051.4,68.52508620689679
1051.5,68.43304347826071
1051.6,68.44081967213108
1051.7,68.51199999999999
1051.8,68.44948717948736
1051.9,68.32128205128201
1052.0,68.39425000000001
1052.1,68.3386805555556
1052.2,68.32411764705888
1052.3,68.41688524590175
1052.4,68.33491803278677
1052.5,68.28451612903224
1052.6,68.30529411764705
1052.7,68.30512195121945
1052.8,68.29524590163935
1052.9,68.37172413793091
1053.0,68.23379310344826
1053.1,68.33637931034474
1053.2,68.3375438596491
1053.3,68.32
1053.4,68.30305084745757
1053.5,68.26043478260873
1053.6,68.22365217391295
1053.7,68.2758260869565
1053.8,68.27245901639344
1053.9,68.14327586206865
1054.0,68.15775862068982
1054.1,68.20391304347824
1054.2,68.1093162393164
1054.3,68.25728813559351
1054.4,68.04542372881345
1054.5,68.05826086956519
1054.6,68.1635897435896
1054.7,68.12743801652893
1054.8,68.02
1054.9,68.04177419354842
1055.0,68.16274193548377
1055.1,68.08661290322598
1055.2,68.06603448275861
1055.3,68.04906976744189
1055.4,68.0306837606838
1055.5,68.07
1055.6,68.07
1055.7,68.13999999999997
1055.8,68.07145299145314
1055.9,68.0396551724138
1056.0,68.03000000000006
1056.1,67.97156521739129
1056.2,67.97791304347815
1056.3,67.90834782608692
1056.4,67.90758620689655
1056.5,67.8802479338843
1056.6,67.83450000000006
1056.7,67.82795081967211
1056.8,67.90922413793103
1056.9,67.90060344827586
1057.0,67.90801724137931
1057.1,67.84304347826088
1057.2,67.81
1057.3,67.5392307692314
1057.4,66.9238461538455
1057.5,66.94275862069037
1057.6,67.852
1057.7,67.81199999999995
1057.8,67.84653846153844
1057.9,67.86
1058.0,67.86
1058.1,67.85226890756303
1058.2,67.85640350877193
1058.3,67.83929824561405
1058.4,67.81634146341463
1058.5,67.81909090909089
1058.6,67.85795081967218
1058.7,67.65303278688513
1058.8,67.78025862068957
1058.9,67.75230769230748
1059.0,67.64034188034185
1059.1,67.60275
1059.2,67.58615384615386
1059.3,67.65452991452989
1059.4,67.66
1059.5,67.62782608695649
1059.6,67.68564102564102
1059.7,67.70661016949143
1059.8,67.60424000000003
1059.9,67.58023999999999
1060.0,67.5716806722689
1060.1,67.63153846153843
1060.2,67.61194915254235
1060.3,67.58578947368417
1060.4,67.61
1060.5,67.60612068965516
1060.6,67.5802586206897
1060.7,67.60582608695655
1060.8,67.64684210526318
1060.9,67.57764705882343
1061.0,67.55824999999999
1061.1,67.60008000000002
1061.2,67.57
1061.3,67.57
1061.4,67.47555555555549
1061.5,67.48689655172413
1061.6,67.54222222222218
1061.7,67.57
1061.8,67.57
1061.9,67.56647058823498
1062.0,67.39000000000006
1062.1,67.38886956521735
1062.2,67.52101694915258
1062.3,67.48394957983196
1062.4,67.33305785123979
1062.5,67.41721311475408
1062.6,67.5893442622948
1062.7,67.42034482758626
1062.8,67.45509433962256
1062.9,67.54086206896518
1063.0,67.31672413793088
1063.1,67.35217391304347
1063.2,67.32719999999996
1063.3,67.33394957983191
1063.4,67.37310344827587
1063.5,67.39247863247866
1063.6,67.35784482758626
1063.7,67.31474137931033
1063.8,67.37846153846152
1063.9,67.37559322033893
1064.0,67.23294117647053
1064.1,67.13155038759672
1064.2,67.27450000000006
1064.3,67.34949999999992
1064.4,67.33203252032516
1064.5,67.34100000000001
1064.6,67.36
1064.7,67.35057377049175
1064.8,67.30957983193278
1064.9,67.26756302521001
1065.0,67.29360655737707
1065.1,67.35285714285712
1065.2,67.3593162393161
1065.3,67.26
1065.4,67.26
1065.5,67.26806722689076
1065.6,67.32680327868849
1065.7,67.36
1065.8,67.26769230769231
1065.9,67.0766666666667
1066.0,67.1559677419354
1066.1,67.07532258064516
1066.2,67.09888000000007
1066.3,67.21739130434788
1066.4,67.24869565217362
1066.5,67.1065517241379
1066.6,67.06165289256198
1066.7,67.07818181818182
1066.8,67.2477868852457
1066.9,67.31
1067.0,67.27974789915966
1067.1,67.2027160493829
1067.2,67.09777777777784
1067.3,67.06
1067.4,67.05298913043477
1067.5,67.03668478260869
1067.6,67.02512396694216
1067.7,67.02
1067.8,67.02272727272725
1067.9,67.04752066115702
1068.0,67.06475409836065
1068.1,67.0147154471545
1068.2,66.98829268292685
1068.3,67.01090909090911
1068.4,66.9711206896554
1068.5,67.08318965517233
1068.6,67.1073913043478
1068.7,67.07982758620692
1068.8,67.04137931034488
1068.9,67.01087999999999
1069.0,66.99666666666663
1069.1,67.04794871794864
1069.2,66.40721739130437
1069.3,66.07394736842136
1069.4,66.58741666666728
1069.5,67.04433333333334
1069.6,67.02
1069.7,67.02
1069.8,67.02
1069.9,67.05213675213678
1070.0,67.00025862068965
1070.1,66.97
1070.2,66.98228813559322
1070.3,67.01647435897436
1070.4,66.98442307692304
1070.5,66.89826086956514
1070.6,66.88956521739124
1070.7,67.02
1070.8,67.02
1070.9,67.02
1071.0,66.8639024390243
1071.1,66.79915966386552
1071.2,66.8166371681416
1071.3,66.81219298245614
1071.4,66.83880341880372
1071.5,67.00974358974345
1071.6,66.86590163934434
1071.7,66.82
1071.8,66.82
1071.9,66.81725806451611
1072.0,66.80674796747968
1072.1,66.77422764227647
1072.2,66.7770731707317
1072.3,66.78
1072.4,66.8124590163935
1072.5,66.85293103448281
1072.6,66.77745762711871
1072.7,66.73508474576269
1072.8,66.76760683760683
1072.9,66.79852173913048
1073.0,66.81478632478633
1073.1,66.81675
1073.2,66.81162393162393
1073.3,66.82
1073.4,66.82
1073.5,66.79123966942151
1073.6,66.80181818181813
1073.7,66.82
1073.8,66.8093103448276
1073.9,66.77369747899155
1074.0,66.73168067226888
1074.1,66.8051304347826
1074.2,66.79299999999998
1074.3,66.82537190082644
1074.4,66.86669421487602
1074.5,66.84803149606299
1074.6,66.78503937007876
1074.7,66.78
1074.8,66.78
1074.9,66.79250000000003
1075.0,66.75201680672271
1075.1,66.60256410256405
1075.2,66.80769230769259
1075.3,66.78730434782607
1075.4,66.78
1075.5,66.80064516129035
1075.6,66.8165811965812
1075.7,66.79230769230762
1075.8,66.72049999999999
1075.9,66.72883333333334
1076.0,66.78982608695652
1076.1,66.79225000000001
1076.2,66.70589743589733
1076.3,66.61
1076.4,66.63737288135596
1076.5,66.78
1076.6,66.78
1076.7,66.78
1076.8,66.79999999999995
1076.9,66.83245901639346
1077.0,66.82137931034464
1077.1,66.58
1077.2,66.54799999999996
1077.3,66.54
1077.4,66.54743243243244
1077.5,66.56094594594595
1077.6,66.635476190476
1077.7,66.8176470588235
1077.8,66.78403361344536
1077.9,66.62852459016369
1078.0,66.55377049180328
1078.1,66.5700854700854
1078.2,66.597868852459
1078.3,66.5225210084033
1078.4,66.57294117647064
1078.5,66.55109243697477
1078.6,66.54
1078.7,66.5577777777778
1078.8,66.56870967741938
1078.9,66.54
1079.0,66.54
1079.1,66.53268292682928
1079.2,66.5516129032258
1079.3,66.55933884297522
1079.4,66.52307692307681
1079.5,66.44615384615386
1079.6,66.44
1079.7,66.44
1079.8,66.44
1079.9,66.4819008264463
1080.0,66.56534482758619
1080.1,66.54
1080.2,66.54
1080.3,66.52525423728812
1080.4,66.55421487603311
1080.5,66.52491803278691
1080.6,66.46131147540973
1080.7,66.53677419354828
1080.8,66.45612903225805
1080.9,66.50896551724152
1081.0,66.51355371900826
1081.1,66.47529914529918
1081.2,66.45896551724141
1081.3,66.48834710743802
1081.4,66.47181818181818
1081.5,66.44678260869567
1081.6,66.44
1081.7,66.44
1081.8,66.45067796610168
1081.9,66.46404958677684
1082.0,66.4431967213114
1082.1,66.54975409836062
1082.2,66.53680327868848
1082.3,66.54418032786882
1082.4,66.53120967741933
1082.5,66.43891666666667
1082.6,66.43058333333335
1082.7,66.27976923076923
1082.8,66.22538461538461
1082.9,66.37122807017555
1083.0,66.54472440944889
1083.1,66.44162601626012
1083.2,66.47414634146341
1083.3,66.48661290322579
1083.4,66.44042735042734
1083.5,66.42306451612897
1083.6,66.4871666666667
1083.7,66.47049999999999
1083.8,66.44634146341464
1083.9,66.40942148760324
1084.0,66.39
1084.1,66.35000000000008
1084.2,66.23925619834719
1084.3,66.37148760330564
1084.4,66.41796747967484
1084.5,66.32838709677405
1084.6,66.21375000000003
1084.7,66.21893442622951
1084.8,66.42385245901609
1084.9,66.39766666666665
1085.0,66.22405172413791
1085.1,66.16563025210083
1085.2,66.2833333333335
1085.3,66.4029914529917
1085.4,66.22404958677683
1085.5,66.14966942148756
1085.6,66.14
1085.7,66.18500000000009
1085.8,66.21389830508477
1085.9,66.17504132231406
1086.0,66.1502479338843
1086.1,66.21545454545445
1086.2,66.19854838709679
1086.3,66.16229508196724
1086.4,66.14
1086.5,66.16692307692321
1086.6,66.34641025640994
1086.7,66.20385964912263
1086.8,66.16344827586208
1086.9,66.14374384236453
1087.0,66.16655737704919
1087.1,66.18983333333333
1087.2,66.19585106382979
1087.3,66.18521276595746
1087.4,66.20073170731713
1087.5,66.21823529411763
1087.6,66.17709677419354
1087.7,66.14483870967737
1087.8,66.14
1087.9,66.1611570247934
1088.0,66.18
1088.1,66.16688524590167
1088.2,66.1013114754098
1088.3,66.16479338842967
1088.4,66.16106557377047
1088.5,66.16398305084746
1088.6,66.18
1088.7,66.18
1088.8,66.18
1088.9,66.18
1089.0,66.1783739837398
1089.1,66.1458536585366
1089.2,66.14
1089.3,66.15524193548384
1089.4,66.17
1089.5,66.18256198347107
1089.6,66.2486776859503
1089.7,66.0922033898305
1089.8,66.22393442622926
1089.9,66.19682926829253
1090.0,66.10729508196728
1090.1,66.18008064516142
1090.2,66.02685483870962
1090.3,66.08355371900817
1090.4,66.1437190082645
1090.5,66.10886178861789
1090.6,66.01983606557373
1090.7,66.06081300813007
1090.8,66.10146341463415
1090.9,66.14237704918038
1091.0,66.18435897435899
1091.1,66.17521739130437
1091.2,66.0994957983193
1091.3,66.07293103448245
1091.4,66.2884482758621
1091.5,66.2067213114755
1091.6,66.10816666666648
1091.7,66.22483333333341
1091.8,66.0759836065575
1091.9,66.08459016393445
1092.0,66.12157024793393
1092.1,66.0681512605042
1092.2,66.06
1092.3,66.06
1092.4,66.03483870967736
1092.5,66.03800000000001
1092.6,66.06
1092.7,66.05414634146344
1092.8,66.00536585365853
1092.9,66.08090909090919
1093.0,66.02999999999996
1093.1,66.00527999999998
1093.2,66.06
1093.3,66.06113821138209
1093.4,66.11804878048783
1093.5,66.08746153846153
1093.6,66.07689655172413
1093.7,66.08918032786882
1093.8,66.06
1093.9,66.06
1094.0,66.03049180327868
1094.1,66.0142372881356
1094.2,66.01
1094.3,66.01924369747897
1094.4,66.05879999999993
1094.5,66.01879999999998
1094.6,66.0814999999999
1094.7,66.0445528455285
1094.8,66.02885245901619
1094.9,66.17999999999977
1095.0,66.0261538461537
1095.1,66.04267716535429
1095.2,66.05565573770492
1095.3,66.07540983606557
1095.4,66.08170731707311
1095.5,66.0131147540983
1095.6,66.16885245901638
1095.7,66.0163934426227
1095.8,65.98655737704914
1095.9,66.50307692307778
1096.0,92.2884482758723
1096.1,219.2473275861973
1096.2,232.8249137931141
1096.3,222.824285714285
1096.4,270.262413793239
1096.5,280.3856896551073
1096.6,222.8452173913041
1096.7,230.66878048783403
1096.8,255.30292682926557
1096.9,246.24358333332933
1097.0,269.4221951219575
1097.1,278.0733057851321
1097.2,259.4115384615346
1097.3,248.24152542373056
1097.4,203.15677966093355
1097.5,247.22716814162004
1097.6,198.5058620689951
1097.7,196.63538461543524
1097.8,230.6841025640961
1097.9,243.85508771929045
1098.0,234.48811023624708
1098.1,268.2755118109716
1098.2,244.1399145299164
1098.3,256.7867460317232
1098.4,249.1617073170428
1098.5,213.6589655172209
1098.6,244.78933884296396
1098.7,253.1116528925712
1098.8,235.07309523808337
1098.9,219.9870247933737
1099.0,224.0373015873064
1099.1,247.6476859504124
1099.2,248.96173553719
1099.3,194.7075000000136
1099.4,212.21073770496648
1099.5,224.85354838710464
1099.6,218.55529914523427
1099.7,264.4061290322549
1099.8,255.8577419354901
1099.9,221.3065289255597
1100.0,222.906488549634
1100.1,244.41122137403383
1100.2,256.67577586207165
1100.3,245.2533620689772
1100.4,254.1468376068456
1100.5,215.06958677690352
1100.6,208.8539999998825
1100.7,251.1536363636422
1100.8,236.69658536586624
1100.9,184.3551219511808
1101.0,197.49848739496764
1101.1,230.0668799999897
1101.2,252.99733333333543
1101.3,253.6266129032402
1101.4,240.1024193548372
1101.5,223.39193548388783
1101.6,266.0802564101279
1101.7,265.2588709677663
1101.8,224.237999999904
1101.9,294.59
1102.0,240.9851612902833
1102.1,240.9646280991672
1102.2,254.21666666666763
1102.3,260.0395867768621
1102.4,255.9257377049013
1102.5,241.46672131148023
1102.6,251.1506666666613
1102.7,247.84428571427375
1102.8,220.38770491802185
1102.9,194.05524590168483
1103.0,238.3090756302528
1103.1,236.7628571428581
1103.2,264.59652892562616
1103.3,270.2836220472532
1103.4,258.0091803278605
1103.5,256.170087719234
1103.6,332.8630701752826
1103.7,235.68026086944587
1103.8,233.4110169491432
1103.9,252.65000000000248
1104.0,242.7181739130806
1104.1,220.97341880340704
1104.2,227.9881818181821
1104.3,237.0790909090929
1104.4,237.70181818181865
1104.5,246.45801652893223
1104.6,257.71324999999547
1104.7,260.78330578512333
1104.8,251.36803149606385
1104.9,250.7932283464565
1105.0,241.255314285718
1105.1,234.2189830508329
1105.2,249.35457627120044
1105.3,245.8926315789484
1105.4,245.5715384615392
1105.5,246.31791666666655
1105.6,249.0511570247881
1105.7,235.5172131146813
1105.8,163.30643478264082
1105.9,95.6281739129886
1106.0,87.16461538461546
1106.1,88.44260869565102
1106.2,89.09913043478251
1106.3,143.70344827581917
1106.4,246.61230769230244
1106.5,242.672368421053
1106.6,243.277631578947
1106.7,240.1050862068936
1106.8,239.77465517241384
1106.9,240.3697435897446
1107.0,238.5265517241329
1107.1,234.17175438596456
1107.2,231.72
1107.3,231.72
1107.4,231.22663793103453
1107.5,231.0595652173914
1107.6,232.08258620689355
1107.7,233.3180165289257
1107.8,240.7125
1107.9,260.0886206896444
1108.0,252.8472413793052
1108.1,234.8547500000212
1108.2,225.7903508771945
1108.3,231.15147826085365
1108.4,229.22302521007776
1108.5,217.0909565217391
1108.6,221.07888888886248
1108.7,247.21380952382367
1108.8,203.98133333339723
1108.9,187.95735537190157
1109.0,192.9716000000024
1109.1,224.82724137924012
1109.2,323.40348837200565
1109.3,213.29496124043624
1109.4,230.73155172414224
1109.5,249.75842975206655
1109.6,216.95032786889752
1109.7,155.38948275862137
1109.8,159.0552542372524
1109.9,236.3179661018051
1110.0,237.7380869565148
1110.1,249.16652542372796
1110.2,241.60094827583853
1110.3,206.78076271190503
1110.4,188.02405172416297
1110.5,233.3750877192936
1110.6,252.8838596490948
1110.7,252.95953124999892
1110.8,263.3932478632456
1110.9,242.22785123958343
1111.0,192.6777118643896
1111.1,247.3130252100702
1111.2,267.41386554624654
1111.3,240.4258974359247
1111.4,230.1977777777785
1111.5,220.1251282051348
1111.6,211.54487179485443
1111.7,222.38457627115545
1111.8,185.8506779660848
1111.9,202.48730434785728
1112.0,183.00559322034783
1112.1,185.8374999999785
1112.2,208.51041322315072
1112.3,227.3641025641106
1112.4,225.18702479343747
1112.5,295.71595041328544
1112.6,264.1454782608667
1112.7,245.0703478260773
1112.8,202.98764705884213
1112.9,159.08711864406763
1113.0,173.4310256410346
1113.1,248.8269911504392
1113.2,255.676548672569
1113.3,245.0921739130518
1113.4,231.5326903553146
1113.5,217.6849746192788
1113.6,190.4291304347851
1113.7,243.24026086969107
1113.8,282.3289166666739
1113.9,240.96396551721315
1114.0,191.0787931034384
1114.1,222.6132758620344
1114.2,226.859827586208
1114.3,232.20305785123296
1114.4,247.33349206349288
1114.5,256.5721487603374
1114.6,238.1890000000118
1114.7,211.08900000000156
1114.8,184.5855555555789
1114.9,183.4269827586285
1115.0,210.12087999999093
1115.1,241.0095041322338
1115.2,237.88756097558635
1115.3,222.8062601625977
1115.4,217.77347107437785
1115.5,203.06760330577728
1115.6,213.72525423726023
1115.7,256.15529914530515
1115.8,207.74892561980477
1115.9,252.0464462810708
1116.0,245.39431034483528
1116.1,194.4329310346108
1116.2,162.88511627906934
1116.3,181.7469491525204
1116.4,250.4336521738898
1116.5,235.5553913043393
1116.6,239.98310344827425
1116.7,225.59408695649657
1116.8,204.9615000000076
1116.9,215.26008196726252
1117.0,262.0916528925361
1117.1,232.76933884299888
1117.2,244.0923140495836
1117.3,263.40015873013294
1117.4,228.5368103447968
1117.5,189.37815126047772
1117.6,269.4829752066175
1117.7,260.507768595042
1117.8,235.39852459016092
1117.9,226.0466666666655
1118.0,217.8786666666782
1118.1,207.31487603304632
1118.2,217.86857142857124
1118.3,218.29714285714277
1118.4,224.69663934428385
1118.5,227.4419512195131
1118.6,177.9785365854308
1118.7,219.1375609755948
1118.8,226.49739495798855
1118.9,271.1976271187462
1119.0,289.7631034482097
1119.1,214.03218487393136
1119.2,256.5498245614121
1119.3,220.5322807018061
1119.4,199.1794615384485
1119.5,191.722542372882
1119.6,209.6304918032632
1119.7,245.7492561983466
1119.8,244.5095867768611
1119.9,250.8150413223213
1120.0,212.9517073170644
1120.1,212.3643333333117
1120.2,259.9334482759069
1120.3,292.7540869565764
1120.4,247.99226086957992
1120.5,255.21834782609452
1120.6,265.0076859504077
1120.7,265.15222222221826
1120.8,276.145999999987
1120.9,287.0495041322138
1121.0,252.68916666664987
1121.1,222.10583333337448
1121.2,225.86078947368105
1121.3,215.1776315789492
1121.4,198.28999999998163
1121.5,196.87355932202627
1121.6,217.58283185838323
1121.7,235.7479661016961
1121.8,204.0276271186575
1121.9,199.89330578512352
1122.0,198.18661016949235
1122.1,214.3776521738744
1122.2,220.57330434782324
1122.3,204.9823529411382
1122.4,255.3806299212532
1122.5,250.3963779527519
1122.6,189.13735042744904
1122.7,159.05260869565103
1122.8,195.4174999999108
1122.9,251.7821739130346
1123.0,244.85610169491449
1123.1,265.51711864405905
1123.2,239.60833333333107
1123.3,209.1700000000139
1123.4,201.07888888890812
1123.5,225.5373913043844
1123.6,251.056491228084
1123.7,198.58853658538803
1123.8,225.23081300811776
1123.9,227.8648333333297
1124.0,171.21694915253045
1124.1,172.60517241362723
1124.2,250.97824561403536
1124.3,250.6287499999875
1124.4,261.6204166666792
1124.5,235.1852892562117
1124.6,204.0275000000292
1124.7,143.47923076914182
1124.8,89.81117187500008
1124.9,89.12406779661012
1125.0,88.83593220338989
1125.1,88.7366129032259
1125.2,88.49239316239306
1125.3,88.23000000000009
1125.4,88.13855932203401
1125.5,88.23293103448277
1125.6,88.24861788617889
1125.7,88.11040650406494
1125.8,87.90737704918048
1125.9,87.87479338842988
1126.0,87.925652173913
1126.1,87.87
1126.2,87.86886956521742
1126.3,87.75582608695666
1126.4,87.62338983050839
1126.5,87.5233333333333
1126.6,79.74256410257632
1126.7,68.99254385964915
1126.8,69.97534482758616
1126.9,69.8877235772353
1127.0,69.66008130081283
1127.1,69.51409836065582
1127.2,69.50307692307696
1127.3,69.55319672131147
1127.4,69.55567796610168
1127.5,69.53025423728813
1127.6,69.42669565217399
1127.7,69.39588235294116
1127.8,69.40666666666665
1127.9,69.41586206896551
1128.0,69.40452991452992
1128.1,69.35923076923102
1128.2,69.15410256410247
1128.3,69.15803278688523
1128.4,69.18512396694219
1128.5,69.16239316239312
1128.6,69.08365217391304
1128.7,69.04000000000018
1128.8,69.1539495798319
1128.9,69.07831932773105
1129.0,68.14411290322658
1129.1,68.34737288135473
1129.2,68.91268907563038
1129.3,69.04321739130432
1129.4,68.95327586206888
1129.5,68.9015517241379
1129.6,68.9
1129.7,68.90626016260163
1129.8,68.95153846153836
1129.9,68.94307692307684
1130.0,68.82521739130434
1130.1,68.84793388429756
1130.2,68.80661157024788
1130.3,68.821
1130.4,68.84084745762713
1130.5,68.7853125
1130.6,68.66256198347115
1130.7,68.62123966942147
1130.8,68.6448717948718
1130.9,68.66391304347829
1131.0,68.69241379310347
1131.1,68.76863247863247
1131.2,68.82935483870958
1131.3,68.7576422764227
1131.4,68.60317073170711
1131.5,68.5657142857143
1131.6,68.59167999999991
1131.7,68.65049586776858
1131.8,68.66130434782613
1131.9,68.43085470085472
1132.0,68.44794871794873
1132.1,68.55035087719291
1132.2,68.62177419354842
1132.3,68.61086956521743
1132.4,68.56
1132.5,68.5543
1132.6,68.52430000000004
1132.7,68.48843478260869
1132.8,68.43260162601621
1132.9,68.49764227642277
1133.0,68.38538461538472
1133.1,68.21869565217418
1133.2,68.22715517241376
1133.3,68.34890756302524
1133.4,68.33252032520335
1133.5,68.4219512195122
1133.6,68.31258064516145
1133.7,68.27582608695653
1133.8,68.3336507936507
1133.9,68.40147540983605
1134.0,68.37347826086949
1134.1,68.46043478260853
1134.2,68.32669491525425
1134.3,68.31060344827583
1134.4,68.34896551724141
1134.5,68.35142857142858
1134.6,68.15906779661103
1134.7,66.99805084745628
1134.8,67.95080000000029
1134.9,68.26396551724136
1135.0,68.29258620689662
1135.1,68.28128205128212
1135.2,68.18529411764706
1135.3,68.21184873949575
1135.4,68.30428571428585
1135.5,68.1499180327868
1135.6,68.17517241379298
1135.7,68.22769230769222
1135.8,68.13827586206894
1135.9,68.06899999999997
1136.0,68.06066666666668
1136.1,67.99762711864413
1136.2,68.06084033613459
1136.3,68.02218487394958
1136.4,67.92
1136.5,67.93982758620682
1136.6,68.0350413223137
1136.7,68.24991735537209
1136.8,68.12617886178866
1136.9,68.01868852459012
1137.0,67.97666666666667
1137.1,67.98263157894725
1137.2,68.0467619047618
1137.3,67.9658095238095
1137.4,67.88485714285703
1137.5,67.98612903225809
1137.6,68.02
1137.7,68.0291525423729
1137.8,67.99868852459012
1137.9,67.88941176470581
1138.0,67.81378151260512
1138.1,67.84275862068958
1138.2,67.85658333333333
1138.3,67.86
1138.4,67.84135593220334
1138.5,67.81222222222223
1138.6,67.71692307692307
1138.7,66.57162393162423
1138.8,67.3370940170931
1138.9,67.78710526315797
1139.0,67.89474137931036
1139.1,67.83956896551742
1139.2,67.77198347107439
1139.3,67.81
1139.4,67.81
1139.5,67.84606557377046
1139.6,67.87649999999996
1139.7,67.76733333333308
1139.8,67.61049180327876
1139.9,67.76166666666673
1140.0,67.80333333333331
1140.1,67.65292682926838
1140.2,67.62100840336139
1140.3,67.66
1140.4,67.65214876033056
1140.5,67.61082644628097
1140.6,67.61
1140.7,67.58528455284552
1140.8,67.58796610169487
1140.9,67.61280000000001
1141.0,67.61590163934427
1141.1,67.57491803278695
1141.2,67.63491803278694
1141.3,67.62754098360655
1141.4,67.58935483870965
1141.5,67.59086956521736
1141.6,67.67739130434812
1141.7,67.42521739130433
1141.8,67.5575
1141.9,67.61
1142.0,67.59214876033056
1142.1,67.58137931034479
1142.2,67.61708333333334
1142.3,67.65874999999993
1142.4,67.60894736842097
1142.5,67.60703389830508
1142.6,67.5875862068966
1142.7,67.57
1142.8,67.60547826086943
1142.9,67.64330508474572
1143.0,67.40139344262292
1143.1,67.54073770491779
1143.2,67.59633333333333
1143.3,67.59112
1143.4,67.58162393162397
1143.5,67.60149999999999
1143.6,67.55150000000008
1143.7,67.59582677165355
1143.8,67.43926829268315
1143.9,67.413559322034
1144.0,67.50869918699189
1144.1,67.31730434782591
1144.2,67.43904347826086
1144.3,67.34383333333336
1144.4,67.31
1144.5,67.330325203252
1144.6,67.34865546218494
1144.7,67.31341880341883
1144.8,67.35615384615384
1144.9,67.31839999999994
1145.0,67.27869918699186
1145.1,67.27056910569105
1145.2,67.33804878048784
1145.3,67.33008547008549
1145.4,67.36939655172426
1145.5,67.41470085470083
1145.6,67.35137931034484
1145.7,67.31
1145.8,67.31
1145.9,67.31
1146.0,67.28583333333331
1146.1,67.21950819672132
1146.2,67.16172413793119
1146.3,67.36
1146.4,67.31689655172407
1146.5,67.31
1146.6,67.33923728813559
1146.7,67.36
1146.8,67.34677685950415
1146.9,67.31
1147.0,67.31
1147.1,67.31
1147.2,67.28245762711862
1147.3,67.26
1147.4,67.26730434782615
1147.5,67.28758620689636
1147.6,67.08068965517239
1147.7,67.21652173913068
1147.8,67.23413793103447
1147.9,67.16611872146102
1148.0,67.07479452054788
1148.1,67.11914529914525
1148.2,67.25677685950386
1148.3,67.02900826446283
1148.4,66.9794214876033
1148.5,67.00374999999998
1148.6,67.02
1148.7,67.05675213675225
1148.8,67.10643478260866
1148.9,67.05617391304341
1149.0,67.02139130434779
1149.1,67.02
1149.2,67.04491803278688
1149.3,66.83984615384652
1149.4,66.40897435897374
1149.5,65.97417061611404
1149.6,66.46232227488134
1149.7,66.95047393364975
1149.8,66.97
1149.9,67.00360655737707
1150.0,67.03999999999999
1150.1,67.04688524590166
1150.2,67.01268292682926
1150.3,66.97203252032524
1150.4,66.97
1150.5,66.99862903225802
1150.6,66.9999145299146
1150.7,67.01396551724135
1150.8,67.13074380165295
1150.9,67.06462809917345
1151.0,67.06
1151.1,67.0377049180328
1151.2,67.03572649572652
1151.3,67.06
1151.4,67.05517241379306
1151.5,67.02068965517239
1151.6,66.97882352941183
1151.7,67.0222314049587
1151.8,67.03017094017093
1151.9,67.01356521739132
1152.0,66.98413793103438
1152.1,66.87379310344826
1152.2,67.01172413793122
1152.3,66.9549230769231
1152.4,66.9800869565218
1152.5,66.91705882352937
1152.6,66.77254237288135
1152.7,66.78413793103446
1152.8,66.81862068965512
1152.9,66.78745762711863
1153.0,66.78
1153.1,66.7988429752066
1153.2,66.80758620689653
1153.3,66.78683760683761
1153.4,66.81872881355925
1153.5,66.77635593220342
1153.6,66.77732758620688
1153.7,66.7976923076923
1153.8,66.81415999999999
1153.9,66.82
1154.0,66.82
1154.1,66.82
1154.2,66.78758620689653
1154.3,66.78
1154.4,66.80068965517248
1154.5,66.82
1154.6,66.82
1154.7,66.81582608695653
1154.8,66.78104347826093
1154.9,66.8036585365854
1155.0,66.79118644067798
1155.1,66.78
1155.2,66.80495798319335
1155.3,66.85932203389838
1155.4,66.78305084745756
1155.5,66.78
1155.6,66.80043103448276
1155.7,66.79384615384612
1155.8,66.79169491525424
1155.9,66.81235294117647
1156.0,66.82
1156.1,66.82
1156.2,66.78730434782607
1156.3,66.80488188976376
1156.4,66.82
1156.5,66.80758620689653
1156.6,66.7851282051282
1156.7,66.80896551724133
1156.8,66.77448275862074
1156.9,66.77731092436976
1157.0,66.78
1157.1,66.70904347826098
1157.2,66.61689655172414
1157.3,66.64305785123962
1157.4,66.80834710743805
1157.5,66.78524999999999
1157.6,66.77347107438017
1157.7,66.79338709677418
1157.8,66.75084745762733
1157.9,66.61147540983619
1158.0,66.8081967213113
1158.1,66.78209677419362
1158.2,66.66008264462808
1158.3,66.67237704918023
1158.4,66.8122131147541
1158.5,66.80956521739107
1158.6,66.60086956521737
1158.7,66.73652173913068
1158.8,66.6430434782608
1158.9,66.67769230769244
1159.0,66.72360655737712
1159.1,66.61818965517242
1159.2,66.60705882352936
1159.3,66.54823529411772
1159.4,66.54
1159.5,66.68163934426227
1159.6,66.69666666666673
1159.7,66.57206896551725
1159.8,66.59641025641031
1159.9,66.80153846153846
1160.0,66.5885087719297
1160.1,66.49681034482758
1160.2,66.48525862068966
1160.3,66.50923076923071
1160.4,66.54
1160.5,66.53873949579832
1160.6,66.53033613445379
1160.7,66.53806722689077
1160.8,66.54
1160.9,66.5612173913044
1161.0,66.56413793103447
1161.1,66.55008403361343
1161.2,66.57627118644069
1161.3,66.54237288135596
1161.4,66.54
1161.5,66.49610169491528
1161.6,66.50266666666658
1161.7,66.51808695652171
1161.8,66.47330708661417
1161.9,66.48905511811026
1162.0,66.48229508196721
1162.1,66.51692307692304
1162.2,66.5065217391304
1162.3,66.49314049586773
1162.4,66.54
1162.5,66.54
1162.6,66.54
1162.7,66.49180327868852
1162.8,66.49561983471072
1162.9,66.52661290322582
1163.0,66.53120689655171
1163.1,66.4796551724138
1163.2,66.44517241379306
1163.3,66.44
1163.4,66.45735537190085
1163.5,66.47
1163.6,66.47
1163.7,66.46879032258062
1163.8,66.44459677419354
1163.9,66.44
1164.0,66.45620967741935
1164.1,66.45976190476193
1164.2,66.45123966942151
1164.3,66.51735537190073
1164.4,66.48631578947362
1164.5,66.45196581196582
1164.6,66.43439655172415
1164.7,66.33120967741942
1164.8,66.22999999999973
1164.9,66.43
1165.0,66.21260869565239
1165.1,66.33127118644042
1165.2,66.39
1165.3,66.41241379310341
1165.4,66.36264462809896
1165.5,66.2060330578514
1165.6,66.37958677685937
1165.7,66.45878048780489
1165.8,66.45633333333335
1165.9,66.43595238095237
1166.0,66.41347107438013
1166.1,66.34616000000008
1166.2,66.25015999999997
1166.3,66.19535087719302
1166.4,66.30327586206909
1166.5,66.39573913043479
1166.6,66.34389830508489
1166.7,66.21950819672128
1166.8,66.15393442622957
1166.9,66.1729268292683
1167.0,66.20347107438016
1167.1,66.18610169491527
1167.2,66.14
1167.3,66.14561403508768
1167.4,66.18
1167.5,66.18
1167.6,66.18
1167.7,66.2850000000002
1167.8,66.3094214876034
1167.9,66.14566929133859
1168.0,66.17716535433071
1168.1,66.18
1168.2,66.18
1168.3,66.19975806451612
1168.4,66.21140495867763
1168.5,66.14
1168.6,66.14
1168.7,66.11311475409833
1168.8,66.12594594594593
1168.9,66.16918918918925
1169.0,66.13041322314051
1169.1,66.13599999999991
1169.2,66.2026666666667
1169.3,66.20412280701757
1169.4,66.18
1169.5,66.18
1169.6,66.17741935483878
1169.7,66.11290322580643
1169.8,66.15333333333334
1169.9,66.199512195122
1170.0,66.18447999999997
1170.1,66.10827586206892
1170.2,66.17724137931042
1170.3,66.14826446280995
1170.4,66.14
1170.5,66.15586776859503
1170.6,66.19106557377043
1170.7,66.22796747967476
1170.8,66.18731707317075
1170.9,66.18
1171.0,66.14381355932207
1171.1,66.07663793103455
1171.2,66.0342105263158
1171.3,66.10075630252089
1171.4,66.26042016806744
1171.5,66.17829268292682
1171.6,66.21016949152538
1171.7,66.27304347826092
1171.8,66.2058119658119
1171.9,66.03763157894761
1172.0,66.1544444444444
1172.1,66.07507936507938
1172.2,66.16041322314058
1172.3,66.09196721311493
1172.4,65.97311475409836
1172.5,65.99170731707322
1172.6,66.06487804878044
1172.7,66.13048780487807
1172.8,66.06967213114767
1172.9,65.99439024390242
1173.0,65.98844262295087
1173.1,66.06
1173.2,66.06
1173.3,66.19225806451591
1173.4,66.20638655462182
1173.5,66.10596774193552
1173.6,66.01769230769224
1173.7,66.06897435897437
1173.8,66.07
1173.9,66.16269565217402
1174.0,66.17184873949579
1174.1,66.13439024390244
1174.2,66.08154471544707
1174.3,65.97147540983603
1174.4,66.04524590163936
1174.5,66.06655737704918
1174.6,66.01770491803282
1174.7,65.98950819672133
1174.8,66.05430894308948
1174.9,66.01365853658538
1175.0,66.06423841059602
1175.1,66.0863247863248
1175.2,66.06760330578517
1175.3,66.0994827586207
1175.4,66.07362068965514
1175.5,66.19603448275865
1175.6,66.19087719298251
1175.7,66.11764705882347
1175.8,66.02374999999999
1175.9,65.93904000000006
1176.0,66.05103999999996
1176.1,66.06
1176.2,65.94916666666667
1176.3,65.8537398373984
1176.4,65.87084033613455
1176.5,66.01689655172417
1176.6,66.10310344827583
1176.7,66.07034482758615
1176.8,66.15913043478263
1176.9,66.08701612903198
1177.0,65.96
1177.1,65.96569105691052
1177.2,66.00634146341463
1177.3,66.04033333333332
1177.4,66.19549180327888
1177.5,101.87826086954657
1177.6,165.48771929818489
1177.7,204.6016666666667
1177.8,215.61
1177.9,252.80008264464976
1178.0,252.48801652892172
1178.1,228.7119354838771
1178.2,221.9261983471431
1178.3,253.6831200000464
1178.4,195.7071199999673
1178.5,221.75000000001705
1178.6,245.6247107437895
1178.7,252.4688617886175
1178.8,244.75975206612944
1178.9,229.5175000000081
1179.0,234.7675000000009
1179.1,205.92429752072223
1179.2,215.94082644628688
1179.3,257.1075206611601
1179.4,249.80252032521884
1179.5,294.20902439020205
1179.6,228.13016949165075
1179.7,209.69636363637545
1179.8,235.6447154471668
1179.9,263.91722689074703
1180.0,256.26983999999004
1180.1,266.7658399999805
1180.2,263.7990909090885
1180.3,250.28
1180.4,221.6682677164677
1180.5,191.68024793392036
1180.6,232.48190082641327
1180.7,211.3817948717744
1180.8,252.32470588229617
1180.9,255.65408695652627
1181.0,226.4479824561462
1181.1,240.082100840302
1181.2,313.7722857142901
1181.3,246.19514285719117
1181.4,233.84478632487048
1181.5,292.64774193546225
1181.6,208.35741935490984
1181.7,246.9569354838863
1181.8,266.5789830508453
1181.9,234.47107438010025
1182.0,201.2139843749842
1182.1,246.67382608695615
1182.2,247.13469565217417
1182.3,240.35747967480205
1182.4,241.4456451612928
1182.5,242.89241379310613
1182.6,228.3174576271724
1182.7,192.23631578951196
1182.8,256.1836842104881
1182.9,247.69612068964315
1183.0,229.32162601626635
1183.1,204.56369747902104
1183.2,192.927751937994
1183.3,214.72948275856635
1183.4,253.22086206896853
1183.5,256.42384615384657
1183.6,228.91427350431496
1183.7,234.9272413793292
1183.8,253.1608196721399
1183.9,232.11749999997716
1184.0,181.82583333331047
1184.1,222.43471999998147
1184.2,243.5635245901706
1184.3,220.4530000000132
1184.4,196.03450819680117
1184.5,240.32607999999743
1184.6,222.83808000001332
1184.7,279.8103448276364
1184.8,244.1924800000141
1184.9,204.4683471074565
1185.0,228.16454545453237
1185.1,258.87803278690154
1185.2,191.68131147537352
1185.3,216.13754098356011
1185.4,246.977560975627
1185.5,258.441551724138
1185.6,248.13363636374004
1185.7,190.042727272688
1185.8,228.0859016393129
1185.9,249.2769565217449
1186.0,258.96932203389684
1186.1,258.1165217391399
1186.2,252.5954918032812
1186.3,260.86260504202454
1186.4,254.1147058823466
1186.5,229.6994488188854
1186.6,233.24065573768863
1186.7,250.48449152542597
1186.8,253.32735537190104
1186.9,250.83975206611447
1187.0,252.52824817518243
1187.1,253.76104347826012
1187.2,253.93068965517205
1187.3,253.29448275862083
1187.4,251.6471929824461
1187.5,243.27
1187.6,238.51576271186624
1187.7,139.9173015871553
1187.8,88.28321739130486
1187.9,89.09094017094004
1188.0,89.39179487179315
1188.1,100.11895652152064
1188.2,231.6754782608201
1188.3,248.6959999999904
1188.4,249.5837719298233
1188.5,247.820508474576
1188.6,241.28782608697517
1188.7,232.8476923076924
1188.8,232.6449565217369
1188.9,235.37539130434917
1189.0,235.43
1189.1,234.69482758620788
1189.2,233.6735897435892
1189.3,233.12
1189.4,232.7307692307676
1189.5,231.74
1189.6,231.74929824561383
1189.7,232.67912280701836
1189.8,255.4343801652687
1189.9,250.09540983604077
1190.0,229.5449180327732
1190.1,206.60934426232296
1190.2,170.97
1190.3,183.72206611570488
1190.4,194.98723577237385
1190.5,221.97262295082265
1190.6,247.8329032258076
1190.7,244.3636974789921
1190.8,217.8006722689132
1190.9,196.762711864372
1191.0,233.500775862128
1191.1,275.8271304347862
1191.2,277.96305084742613
1191.3,254.3403361344355
1191.4,267.9682926828286
1191.5,176.33414634148374
1191.6,232.1277049178849
1191.7,282.03521739128985
1191.8,280.28521739132765
1191.9,260.4739655172597
1192.0,266.88904000003305
1192.1,235.02504000006203
1192.2,215.98336206897372
1192.3,196.8122881356123
1192.4,200.61695652175283
1192.5,229.7073913043328
1192.6,242.16916666673976
1192.7,182.2975806451872
1192.8,206.24919354838667
1192.9,211.43000000000123
1193.0,260.1530769230578
1193.1,256.86128205145434
1193.2,207.3757894736661
1193.3,237.0996610170627
1193.4,157.47254237284454
1193.5,157.7428099173566
1193.6,218.59588235286773
1193.7,249.3638461538457
1193.8,248.9096581196561
1193.9,253.02789473684587
1194.0,250.4904918032872
1194.1,193.69540983615872
1194.2,217.6950427350407
1194.3,258.6086440677749
1194.4,261.535304347791
1194.5,222.8541379310269
1194.6,190.5733870967576
1194.7,214.4524193548501
1194.8,227.55935483870164
1194.9,268.00008695655345
1195.0,267.8767716535465
1195.1,243.95456140350905
1195.2,239.18495652173215
1195.3,213.68256410259016
1195.4,176.43470085466393
1195.5,188.28152542374028
1195.6,218.11615384615584
1195.7,238.39269565218405
1195.8,236.77846153846156
1195.9,222.74288135593144
1196.0,217.63491666667176
1196.1,195.1265833333385
1196.2,261.00390243911085
1196.3,269.9761983471323
1196.4,247.01919354839217
1196.5,262.0652066115751
1196.6,254.643719008268
1196.7,173.42525423731513
1196.8,223.5111864405603
1196.9,261.59173553718057
1197.0,248.9139130434634
1197.1,239.4389473684144
1197.2,263.90292682924394
1197.3,234.61837398375337
1197.4,200.78103174599724
1197.5,219.34983193280684
1197.6,249.05837209302825
1197.7,234.4050000000038
1197.8,251.23833333333715
1197.9,266.9475206611725
1198.0,229.79677165353775
1198.1,212.31913793100892
1198.2,247.90032786885453
1198.3,249.9070000000144
1198.4,228.8069999999664
1198.5,228.2038842975213
1198.6,218.61666666668887
1198.7,199.45333333333332
1198.8,188.30419354836928
1198.9,213.86870967743155
1199.0,231.25233333334117
1199.1,205.68770491805944
1199.2,200.4347154471582
1199.3,219.1271794871658
1199.4,241.96524590168
1199.5,302.4980327868356
1199.6,239.4377966102597
1199.7,233.11
1199.8,243.3275438596397
1199.9,210.38599999996487
1200.0,175.09136752138858
1200.1,240.818524590159
1200.2,253.44147540984105
1200.3,252.51449152542403
1200.4,263.2743478261088
1200.5,252.14225806450656
1200.6,216.99719298249008
1200.7,185.8515789473712
1200.8,198.52899999996296
1200.9,239.2540000000556
1201.0,216.7615254237488
1201.1,219.4909090908819
1201.2,228.6988281249938
1201.3,225.4029914529944
1201.4,236.95
1201.5,248.13181818182028
1201.6,249.9101639344269
1201.7,229.11768595038487
1201.8,198.87935483869936
1201.9,182.5203389830681
1202.0,193.689830508466
1202.1,231.1124590163716
1202.2,245.4829508196757
1202.3,243.9331707317124
1202.4,233.409173553706
1202.5,215.42525423727136
1202.6,193.67949152545725
1202.7,276.4149572649516
1202.8,264.3106779661301
1202.9,240.24704347826605
1203.0,249.4265079365109
1203.1,256.3006194690652
1203.2,194.38911504423285
1203.3,240.75232758618083
1203.4,241.86347457626053
1203.5,235.47618644067992
1203.6,247.56966386549288
1203.7,261.6605982905892
1203.8,231.27600000001016
1203.9,207.8760000000013
1204.0,195.1665217391226
1204.1,220.49000000000584
1204.2,207.36144067793737
1204.3,189.42282258062417
1204.4,209.6212605042072
1204.5,238.47
1204.6,232.66491525423956
1204.7,273.411724137991
1204.8,245.8031034482492
1204.9,225.3668376068651
1205.0,221.251666666729
1205.1,158.34626016259995
1205.2,159.43569105691196
1205.3,218.13243478264587
1205.4,241.9600800000061
1205.5,244.2100000000009
1205.6,237.6749152542484
1205.7,213.43649572650105
1205.8,195.22282051283645
1205.9,222.86025641028132
1206.0,258.21686440679383
1206.1,267.2098347107517
1206.2,248.03709677419232
1206.3,216.42744000002
1206.4,197.12343999999368
1206.5,209.4225641025594
1206.6,137.23384615393934
1206.7,89.22784482758614
1206.8,89.01206611570265
1206.9,88.65732283464563
1207.0,88.53133858267718
1207.1,88.48270491803285
1207.2,88.26705882352938
1207.3,88.1362601626016
1207.4,88.14184873949576
1207.5,88.06774193548381
1207.6,87.91451612903236
1207.7,87.9594214876033
1207.8,87.93025862068976
1207.9,87.87591304347826
1208.0,87.83170940170949
1208.1,87.73124999999999
1208.2,87.73958333333334
1208.3,87.66276422764228
1208.4,75.86769230766943
1208.5,69.15008620689737
1208.6,69.88666666666661
1208.7,69.87085714285729
1208.8,69.55657142857157
1208.9,69.60336134453803
1209.0,69.57525423728812
1209.1,69.53347826086949
1209.2,69.51260869565222
1209.3,69.3762499999998
1209.4,69.5512500000002
1209.5,69.28291666666685
1209.6,69.32491935483863
1209.7,69.40842975206614
1209.8,69.35553719008276
1209.9,69.15926229508196
1210.0,69.1510655737705
1210.1,69.15719008264462
1210.2,69.13338709677419
1210.3,69.11
1210.4,69.13184873949587
1210.5,69.2118103448276
1210.6,69.23767241379309
1210.7,69.25582608695655
1210.8,68.6586813186812
1210.9,67.86747252747139
1211.0,68.84689075630186
1211.1,69.02322580645169
1211.2,68.9765853658537
1211.3,68.97934426229507
1211.4,68.9085245901639
1211.5,68.88393442622952
1211.6,68.86634146341464
1211.7,68.88380487804882
1211.8,68.92282926829266
1211.9,68.85058823529398
1212.0,68.82758064516135
1212.1,68.99934426229515
1212.2,68.91737704918033
1212.3,68.82370689655181
1212.4,68.78242187499998
1212.5,68.80554621848744
1212.6,68.79555555555561
1212.7,68.57132231404955
1212.8,68.63743801652892
1212.9,68.69016528925623
1213.0,68.7358620689655
1213.1,68.8136585365852
1213.2,68.8822314049587
1213.3,68.75
1213.4,68.60470085470061
1213.5,68.5727192982456
1213.6,68.54680672268911
1213.7,68.521452991453
1213.8,68.52706896551719
1213.9,68.58452991452995
1214.0,68.67
1214.1,68.6524561403509
1214.2,68.62008695652173
1214.3,68.5493162393163
1214.4,68.5323140495868
1214.5,68.51875000000008
1214.6,68.4331355932202
1214.7,68.61110169491546
1214.8,68.542131147541
1214.9,68.52623931623933
1215.0,68.53
1215.1,68.52752066115703
1215.2,68.50620967741933
1215.3,68.35298387096789
1215.4,68.33
1215.5,68.38684210526317
1215.6,68.47296650717695
1215.7,68.53394957983195
1215.8,68.46499999999996
1215.9,68.26828124999999
1216.0,68.26046875000002
1216.1,68.3062295081967
1216.2,68.25898305084745
1216.3,68.266956521739
1216.4,68.28776859504129
1216.5,68.23487603305786
1216.6,68.31752066115689
1216.7,68.32
1216.8,68.199090909091
1216.9,68.12533333333333
1217.0,68.12
1217.1,68.12
1217.2,68.12
1217.3,68.19097560975605
1217.4,68.27672131147543
1217.5,68.25389830508483
1217.6,68.16725806451613
1217.7,68.15669421487603
1217.8,68.12363636363636
1217.9,68.0769354838709
1218.0,68.06532786885246
1218.1,68.08762295081962
1218.2,68.12182608695652
1218.3,68.13243902439018
1218.4,68.17308943089438
1218.5,68.03102564102574
1218.6,67.97573913043477
1218.7,67.99743589743592
1218.8,68.04593220338975
1218.9,68.09924369747893
1219.0,68.03201680672264
1219.1,68.12851562499986
1219.2,67.99042372881357
1219.3,67.95499999999987
1219.4,68.00577586206892
1219.5,67.89533898305083
1219.6,67.92078260869563
1219.7,67.94686956521741
1219.8,67.8728070175439
1219.9,67.82448275862066
1220.0,67.81
1220.1,67.82114754098356
1220.2,67.85102564102563
1220.3,67.85957264957264
1220.4,67.81043478260868
1220.5,67.77264957264958
1220.6,67.78082644628097
1220.7,67.8
1220.8,67.81794871794868
1220.9,67.89711999999992
1221.0,67.82511999999997
1221.1,67.77788617886182
1221.2,67.77898305084749
1221.3,67.78774193548387
1221.4,67.77138211382123
1221.5,67.85268292682926
1221.6,67.88353448275859
1221.7,67.83827586206893
1221.8,67.81
1221.9,67.824347826087
1222.0,67.85256198347106
1222.1,67.81123966942155
1222.2,67.71459016393432
1222.3,67.61948717948725
1222.4,67.66419354838723
1222.5,67.78786885245908
1222.6,67.85500000000003
1222.7,67.81333333333335
1222.8,67.65793388429756
1222.9,67.75200000000028
1223.0,67.78396694214874
1223.1,67.64780487804885
1223.2,67.60099999999997
1223.3,67.65099999999997
1223.4,67.62611570247932
1223.5,67.61
1223.6,67.59461538461542
1223.7,67.57245614035087
1223.8,67.58349999999997
1223.9,67.60850000000003
1224.0,67.57943089430893
1224.1,67.59427350427347
1224.2,67.61
1224.3,67.62200000000001
1224.4,67.64316239316236
1224.5,67.60042735042734
1224.6,67.65076923076921
1224.7,67.60533333333332
1224.8,67.59524590163933
1224.9,67.60652173913041
1225.0,67.5912280701754
1225.1,67.56094017094017
1225.2,67.56948717948718
1225.3,67.60159663865544
1225.4,67.61
1225.5,67.61
1225.6,67.6263793103448
1225.7,67.60310344827602
1225.8,67.36198347107434
1225.9,67.39504132231409
1226.0,67.4
1226.1,67.37884297520664
1226.2,67.45267241379338
1226.3,67.58214285714281
1226.4,67.4789344262293
1226.5,67.37237704918027
1226.6,67.35420212765956
1226.7,67.35952127659574
1226.8,67.391652173913
1226.9,67.37528455284549
1227.0,67.36
1227.1,67.34940170940172
1227.2,67.32482758620694
1227.3,67.3593103448276
1227.4,67.36
1227.5,67.32666666666664
1227.6,67.41085470085469
1227.7,67.45931034482741
1227.8,67.35677966101694
1227.9,67.31
1228.0,67.31
1228.1,67.38245762711854
1228.2,67.37454545454543
1228.3,67.33723577235772
1228.4,67.3212820512821
1228.5,67.34448275862066
1228.6,67.31
1228.7,67.35273504273503
1228.8,67.32483050847462
1228.9,67.29374999999997
1229.0,67.27237288135593
1229.1,67.25156250000006
1229.2,67.22031249999999
1229.3,67.2936363636364
1229.4,67.14043478260827
1229.5,67.17025000000007
1229.6,67.28312977099232
1229.7,67.30487179487181
1229.8,67.26213675213681
1229.9,67.29830645161292
1230.0,67.16569105691053
1230.1,67.04344827586206
1230.2,67.09669421487634
1230.3,67.30131578947372
1230.4,67.22236842105258
1230.5,67.24309523809525
1230.6,67.19894736842107
1230.7,67.02769230769236
1230.8,67.07897435897438
1230.9,67.07203252032518
1231.0,67.2212605042016
1231.1,67.18008000000043
1231.2,67.02
1231.3,67.01882352941178
1231.4,67.01042016806723
1231.5,66.98967914438504
1231.6,66.97314960629913
1231.7,67.01251968503936
1231.8,67.04677685950413
1231.9,67.03948717948715
1232.0,67.00208333333336
1232.1,66.82125748503044
1232.2,66.1745508982029
1232.3,66.41297520661153
1232.4,67.00588709677416
1232.5,66.97470085470084
1232.6,67.01743589743586
1232.7,67.02
1232.8,67.04599999999996
1232.9,67.01857142857142
1233.0,66.98322314049585
1233.1,67.02
1233.2,67.02
1233.3,67.05008264462809
1233.4,67.05430894308942
1233.5,67.03815126050418
1233.6,67.02
1233.7,67.02
1233.8,67.02
1233.9,67.04133333333336
1234.0,67.05438596491226
1234.1,67.0191525423729
1234.2,66.97677966101689
1234.3,67.02793103448269
1234.4,67.03271186440678
1234.5,66.99881355932204
1234.6,66.98367521367518
1234.7,67.01888888888888
1234.8,67.01148148148148
1234.9,67.01701754385967
1235.0,67.03636363636363
1235.1,67.05365853658535
1235.2,67.06
1235.3,67.05589743589753
1235.4,66.85076923076898
1235.5,66.81260869565217
1235.6,66.79205128205129
1235.7,66.78
1235.8,66.79057851239668
1235.9,66.81620689655166
1236.0,66.78172413793106
1236.1,66.77246031746033
1236.2,66.77570247933885
1236.3,66.79180327868852
1236.4,66.81216666666667
1236.5,66.81949579831931
1236.6,66.8110924369748
1236.7,66.78824999999999
1236.8,66.78
1236.9,66.78
1237.0,66.78871794871796
1237.1,66.81146551724136
1237.2,66.81991525423729
1237.3,66.8114406779661
1237.4,66.78815789473683
1237.5,66.78
1237.6,66.78
1237.7,66.7894871794872
1237.8,66.81175438596492
1237.9,66.81749999999995
1238.0,66.7758333333333
1238.1,66.79730158730155
1238.2,66.79474576271187
1238.3,66.78
1238.4,66.74660869565201
1238.5,66.63252173913045
1238.6,66.77165217391293
1238.7,66.78
1238.8,66.78
1238.9,66.79593495934961
1239.0,66.82904347826089
1239.1,66.85648
1239.2,66.82447999999997
1239.3,66.79180327868853
1239.4,66.78
1239.5,66.79354838709675
1239.6,66.82
1239.7,66.82
1239.8,66.58859504132228
1239.9,66.66104838709703
1240.0,66.66292682926824
1240.1,66.63203252032505
1240.2,66.78
1240.3,66.78
1240.4,66.78
1240.5,66.74695652173912
1240.6,66.75606837606836
1240.7,66.78
1240.8,66.77833333333334
1240.9,66.76025423728791
1241.0,66.56533898305071
1241.1,66.495
1241.2,66.6652173913047
1241.3,66.67073170731705
1241.4,66.54792000000003
1241.5,66.58391304347832
1241.6,66.75782608695641
1241.7,69.30636363636368
1241.8,67.95200000000133
1241.9,66.54
1242.0,66.54947368421054
1242.1,66.5772727272727
1242.2,66.60942148760331
1242.3,66.5515702479339
1242.4,66.54
1242.5,66.51560975609759
1242.6,66.51426229508186
1242.7,66.57126050420167
1242.8,66.57966386554621
1242.9,66.45692307692303
1243.0,66.43681034482758
1243.1,66.51060344827573
1243.2,66.55872
1243.3,66.54
1243.4,66.54032000000007
1243.5,66.57232000000003
1243.6,66.55528455284554
1243.7,66.57226086956528
1243.8,66.6001724137931
1243.9,66.57807017543858
1244.0,66.56791304347824
1244.1,66.54182608695655
1244.2,66.4217796610168
1244.3,66.44172413793108
1244.4,66.50051724137936
1244.5,66.50867768595045
1244.6,66.47
1244.7,66.46898305084743
1244.8,66.44355932203392
1244.9,66.51413793103451
1245.0,66.4995041322314
1245.1,66.4985833333333
1245.2,66.547131147541
1245.3,66.5670833333333
1245.4,66.52541666666663
1245.5,66.49216
1245.6,66.45983739837402
1245.7,66.42388429752064
1245.8,66.36362068965512
1245.9,66.22017094017096
1246.0,66.22871794871794
1246.1,66.34929824561397
1246.2,66.4446153846154
1246.3,66.38341463414646
1246.4,66.30852173913071
1246.5,66.43322033898302
1246.6,66.39084745762719
1246.7,66.43049586776861
1246.8,66.4079166666667
1246.9,66.29188524590148
1247.0,66.24024590163945
1247.1,66.36336065573788
1247.2,66.15844262295084
1247.3,66.36561983471073
1247.4,66.41131147540979
1247.5,66.40573770491802
1247.6,66.38630252100864
1247.7,66.24157480314972
1247.8,66.40692913385828
1247.9,66.23999999999981
1248.0,66.1643902439024
1248.1,66.1741880341881
1248.2,66.14
1248.3,66.15050847457603
1248.4,66.41322033898331
1248.5,66.25809917355384
1248.6,66.18
1248.7,66.18
1248.8,66.18950413223139
1248.9,66.22913793103442
1249.0,66.18603448275859
1249.1,66.15008695652173
1249.2,66.29570175438623
1249.3,66.31462809917359
1249.4,66.20299999999993
1249.5,66.14520325203254
1249.6,66.17772357723575
1249.7,66.1492561983471
1249.8,66.14
1249.9,66.15655172413794
1250.0,66.18
1250.1,66.17877049180332
1250.2,66.15418032786887
1250.3,66.11626016260163
1250.4,66.13870967741946
1250.5,66.18
1250.6,66.18
1250.7,66.18
1250.8,66.18
1250.9,66.17702479338843
1251.0,66.14396694214875
1251.1,66.14
1251.2,66.16469565217396
1251.3,66.1413793103448
1251.4,66.14262295081984
1251.5,66.2167213114754
1251.6,66.14295081967222
1251.7,66.14
1251.8,66.16528
1251.9,66.18
1252.0,66.18
1252.1,66.18487804878048
1252.2,66.22552845528458
1252.3,66.16487804878055
1252.4,66.16146341463416
1252.5,66.16590163934428
1252.6,66.13305785123968
1252.7,66.1
1252.8,66.06800000000003
1252.9,66.15072580645165
1253.0,66.17357142857146
1253.1,66.11791666666667
1253.2,66.11409836065583
1253.3,66.19606557377045
1253.4,66.14252032520321
1253.5,66.16409836065576
1253.6,66.15512195121951
1253.7,66.02363636363646
1253.8,66.11454545454538
1253.9,66.08115702479333
1254.0,66.0640650406504
1254.1,66.09688524590159
1254.2,66.17276422764229
1254.3,66.24788135593225
1254.4,66.20550847457625
1254.5,66.05626086956525
1254.6,66.04789473684204
1254.7,66.07
1254.8,66.11121951219509
1254.9,66.17658536585355
1255.0,66.03024390243911
1255.1,66.02
1255.2,66.04809917355374
1255.3,66.06611570247934
1255.4,66.06213114754098
1255.5,66.07617886178848
1255.6,66.23065040650401
1255.7,66.21983471074377
1255.8,66.13333333333338
1255.9,66.07182608695656
1256.0,66.09344827586206
1256.1,66.06381355932194
1256.2,66.19093220338998
1256.3,66.1880172413793
1256.4,66.19725000000003
1256.5,66.19008130081302
1256.6,66.12722689075648
1256.7,66.01671232876718
1256.8,66.11260273972603
1256.9,66.15508333333334
1257.0,66.13024193548391
1257.1,66.06170731707324
1257.2,66.01292682926824
1257.3,66.04317647058824
1257.4,66.04663716814149
1257.5,65.96351999999999
1257.6,65.99551999999996
1257.7,65.98542372881356
1257.8,65.99593750000001
1257.9,66.02322314049593
1258.0,66.05966101694916
1258.1,66.108347826087
1258.2,65.94313043478243
1258.3,66.01868852459012
1258.4,66.03848739495794
1258.5,66.03487603305786
1258.6,66.06
1258.7,66.0553719008263
1258.8,65.93966942148765
1258.9,65.97487603305787
1259.0,65.95350000000003
1259.1,65.94387096774186
1259.2,66.00389830508473
1259.3,65.97
1259.4,68.73859504132392
1259.5,110.9633606557652
1259.6,166.77353448270733
1259.7,198.32663793103816
1259.8,210.13130434773285
1259.9,268.9600000000003
1260.0,250.9600000000038
1260.1,251.4088888888872
1260.2,272.9540170940435
1260.3,253.8102654867323
1260.4,247.93548387101757
1260.5,279.9758064516274
1260.6,213.85483870976472
1260.7,242.49615384616524
1260.8,277.8693043478061
1260.9,275.7993913043306
1261.0,230.9219827586312
1261.1,202.6666393442029
1261.2,246.43042016807
1261.3,235.16151260504697
1261.4,192.1382758620187
1261.5,204.45226086957007
1261.6,228.34931623930484
1261.7,245.72637795277237
1261.8,253.31571428570564
1261.9,226.7610924369616
1262.0,219.60487603305356
1262.1,269.0036363635953
1262.2,261.98861788616694
1262.3,218.27727272727364
1262.4,221.77829268299325
1262.5,261.6807317073318
1262.6,260.0588524590238
1262.7,270.99577235771994
1262.8,274.44426229509475
1262.9,247.69874999991808
1263.0,187.01125000004745
1263.1,237.4199999999269
1263.2,240.88666666666663
1263.3,204.51689655177148
1263.4,192.87200000001536
1263.5,222.88491525422972
1263.6,240.89119047619548
1263.7,234.4388095238045
1263.8,228.8469266055068
1263.9,223.38362385320764
1264.0,252.841120689641
1264.1,252.9622807018068
1264.2,234.87293103448152
1264.3,249.76367521366572
1264.4,260.3225862068918
1264.5,254.865689655172
1264.6,194.25684210533504
1264.7,225.96800000005712
1264.8,246.32965517240768
1264.9,217.6055462184124
1265.0,184.0719999999838
1265.1,220.6162790697313
1265.2,246.8875968992438
1265.3,212.9676470588721
1265.4,219.0438333333552
1265.5,239.3924137930996
1265.6,229.5333333333068
1265.7,272.8666666667074
1265.8,218.04516129033124
1265.9,209.8238983051025
1266.0,217.0522580645189
1266.1,231.39049180326103
1266.2,269.55661016950165
1266.3,293.51423728813654
1266.4,258.2323999999391
1266.5,242.2328225806443
1266.6,240.7965289256203
1266.7,239.86347826087007
1266.8,235.2256779661522
1266.9,191.5392372881036
1267.0,214.405
1267.1,234.51443478259483
1267.2,252.438064516135
1267.3,259.403333333348
1267.4,237.301652173884
1267.5,203.1625217391352
1267.6,271.91882352938006
1267.7,226.4889655171237
1267.8,221.5331034483064
1267.9,258.71226890755685
1268.0,255.5707894736836
1268.1,255.3510169491853
1268.2,235.07983050846912
1268.3,248.3015966386565
1268.4,254.35237288135676
1268.5,251.61314285714576
1268.6,245.3054237288165
1268.7,239.5172881355852
1268.8,247.52123966941943
1268.9,254.95221311475757
1269.0,255.98825000000105
1269.1,252.54940677966133
1269.2,250.935877192973
1269.3,244.3657017543844
1269.4,242.1650434782576
1269.5,246.81868852459084
1269.6,248.9952136752138
1269.7,218.3393965516709
1269.8,149.30582608696076
1269.9,87.84882352941314
1270.0,89.1261344537802
1270.1,89.03166666666672
1270.2,196.7572268908021
1270.3,252.32879310344063
1270.4,252.84366666665903
1270.5,245.1777777777735
1270.6,239.87848739495792
1270.7,237.86168067226848
1270.8,234.77842105263505
1270.9,232.57591304347795
1271.0,232.0786956521736
1271.1,237.98350877191749
1271.2,246.8102564102577
1271.3,245.9060344827753
1271.4,232.61293103447963
1271.5,233.54425000000023
1271.6,233.8847863247863
1271.7,246.0273043478496
1271.8,260.096101694912
1271.9,261.667815126048
1272.0,247.23170940171045
1272.1,229.24880341881496
1272.2,223.1863478260835
1272.3,219.09666666666664
1272.4,196.66782608690696
1272.5,191.41200000001317
1272.6,218.02016666664912
1272.7,232.9790909090988
1272.8,194.8799173553726
1272.9,190.56421487603265
1273.0,205.78357142856535
1273.1,239.60307692303115
1273.2,261.7364799999633
1273.3,208.0899999999912
1273.4,244.09000000001217
1273.5,234.80735537189773
1273.6,205.719516129047
1273.7,193.84842105265383
1273.8,221.85128205127623
1273.9,237.6806896551711
1274.0,236.69793103448225
1274.1,224.81462184875812
1274.2,218.2356800000014
1274.3,229.77862068961664
1274.4,263.3918644067939
1274.5,292.4056302521024
1274.6,213.1619327731259
1274.7,243.79097345135915
1274.8,263.3524999999863
1274.9,209.4888429751488
1275.0,197.55513043482765
1275.1,298.7470085470347
1275.2,255.4768571428412
1275.3,241.01399999999344
1275.4,230.5305172413776
1275.5,229.02050000000312
1275.6,225.5955000000031
1275.7,193.71119658116908
1275.8,214.63747826086663
1275.9,234.78513043479427
1276.0,218.4015254237059
1276.1,197.11374045800656
1276.2,235.7473282442936
1276.3,229.5199999999981
1276.4,285.791282051319
1276.5,264.2976859504401
1276.6,224.21911999999003
1276.7,227.6573170731245
1276.8,161.82804878052673
1276.9,158.4100847457643
1277.0,208.7860344827953
1277.1,237.38547008546985
1277.2,236.85426086955937
1277.3,231.4906779661012
1277.4,221.3333870967709
1277.5,195.7043548387346
1277.6,237.6957142856442
1277.7,312.84641025645544
1277.8,312.1348717948771
1277.9,221.0835897434411
1278.0,254.361818181819
1278.1,231.39538461542705
1278.2,218.18726495727773
1278.3,235.2487826086972
1278.4,252.8420338983226
1278.5,262.59368421049777
1278.6,236.06736842105585
1278.7,186.76842519685408
1278.8,177.97551724135778
1278.9,196.93386554622683
1279.0,218.69
1279.1,237.5469827586056
1279.2,256.831465517255
1279.3,245.98193277310335
1279.4,209.31934426222668
1279.5,231.68358974363304
1279.6,283.35974999999166
1279.7,286.0092561983324
1279.8,230.21586776856984
1279.9,214.830862068937
1280.0,241.6872173913406
1280.1,245.06525862068767
1280.2,250.31538461540163
1280.3,266.5029565217341
1280.4,264.6199999999989
1280.5,238.268595041332
1280.6,227.48347107438784
1280.7,185.54467213113043
1280.8,194.78606837604156
1280.9,228.3407826087121
1281.0,244.62982608695572
1281.1,254.69016528926488
1281.2,247.11991735537617
1281.3,225.3614049586893
1281.4,202.1207692307365
1281.5,236.9071052631973
1281.6,267.4449572649778
1281.7,237.6847933884447
1281.8,253.2526446280894
1281.9,267.6741322314307
1282.0,188.50333333325776
1282.1,207.09999999988537
1282.2,265.3884375000011
1282.3,259.9213157894926
1282.4,237.31605263157357
1282.5,263.0200799999824
1282.6,245.9134426229713
1282.7,213.52840336132095
1282.8,204.90818181815715
1282.9,239.99536585366
1283.0,240.87341463414663
1283.1,223.14846774195053
1283.2,232.85666666668612
1283.3,233.4644827586186
1283.4,234.34069565226292
1283.5,279.5032231404865
1283.6,255.8751239669728
1283.7,239.7286776859332
1283.8,216.3815702479373
1283.9,198.20190082644103
1284.0,193.7436363636301
1284.1,206.18499999998
1284.2,235.55999999999108
1284.3,245.8338709677293
1284.4,231.04385826771423
1284.5,213.87162393162612
1284.6,206.00000000001947
1284.7,197.40843478264503
1284.8,294.13886956515813
1284.9,240.1365217390865
1285.0,252.4798347107644
1285.1,266.6635537190085
1285.2,231.20735537187173
1285.3,157.81975206605006
1285.4,217.0180991736338
1285.5,248.01644628098515
1285.6,242.3738842975308
1285.7,248.5170247934156
1285.8,258.9986178861981
1285.9,227.65436974788136
1286.0,187.2089915966286
1286.1,232.39016260157447
1286.2,253.97377049180295
1286.3,241.3687804878273
1286.4,217.244508196742
1286.5,229.17073770492087
1286.6,222.29344537815095
1286.7,268.8116239316391
1286.8,270.6082352941436
1286.9,247.6301694915122
1287.0,233.05431034481023
1287.1,209.01440677966548
1287.2,189.65847457627643
1287.3,201.6631707317081
1287.4,220.36600000003725
1287.5,242.0098275862282
1287.6,250.27033333333736
1287.7,234.5296610169421
1287.8,216.25
1287.9,198.64999999997735
1288.0,218.26387931035717
1288.1,245.1719999999876
1288.2,248.02499999999387
1288.3,234.359504132236
1288.4,223.06186440671425
1288.5,172.38389830513648
1288.6,182.64576923075396
1288.7,135.4551219511959
1288.8,89.0438983050849
1288.9,88.86791304347825
1289.0,88.84093220338978
1289.1,88.62906779661022
1289.2,88.4111764705882
1289.3,88.33153846153847
1289.4,88.18016949152518
1289.5,88.03964601769913
1289.6,88.04512820512835
1289.7,87.9088429752066
1289.8,87.8923140495868
1289.9,87.83810344827585
1290.0,87.83666666666664
1290.1,87.78868852459038
1290.2,87.67278688524591
1290.3,87.64
1290.4,87.6230508474576
1290.5,87.579
1290.6,78.91417322835744
1290.7,69.80696721311467
1290.8,69.67991869918713
1290.9,69.52544715447154
1291.0,69.61327868852463
1291.1,69.66088
1291.2,69.64359649122801
1291.3,69.58749999999999
1291.4,69.54434782608689
1291.5,69.50086956521737
1291.6,69.38273504273505
1291.7,69.42806722689078
1291.8,69.38452173913056
1291.9,69.35678260869567
1292.0,69.34220338983063
1292.1,69.15881355932204
1292.2,69.15033898305084
1292.3,69.29191304347825
1292.4,69.17789473684192
1292.5,69.11441666666667
1292.6,69.06691666666681
1292.7,69.03319672131151
1292.8,69.14221311475428
1292.9,68.98647540983582
1293.0,69.06462184873948
1293.1,69.0837704918033
1293.2,68.97804878048755
1293.3,68.85677419354839
1293.4,69.0503225806454
1293.5,68.93540983606562
1293.6,68.90603305785123
1293.7,68.8965517241379
1293.8,68.88
1293.9,68.8825806451613
1294.0,68.89870967741935
1294.1,68.90793103448274
1294.2,68.85299999999992
1294.3,68.87918699186993
1294.4,68.91644067796595
1294.5,68.82340659340655
1294.6,68.77945054945054
1294.7,68.76706896551731
1294.8,68.80442622950818
1294.9,68.77163934426225
1295.0,68.80247863247865
1295.1,68.7828695652174
1295.2,68.76447368421051
1295.3,68.7150833333334
1295.4,68.65475409836067
1295.5,68.66661290322578
1295.6,68.61822580645163
1295.7,68.53966101694905
1295.8,68.59666666666666
1295.9,68.67
1296.0,68.65016393442626
1296.1,68.56
1296.2,68.51999999999995
1296.3,68.5487931034483
1296.4,67.85109243697325
1296.5,67.56961240310069
1296.6,68.56426086956523
1296.7,68.5120869565217
1296.8,68.51
1296.9,68.40826086956514
1297.0,68.40826086956514
1297.1,68.53295081967207
1297.2,68.58118644067788
1297.3,68.51338983050854
1297.4,68.47752136752135
1297.5,68.43099999999997
1297.6,68.34819672131152
1297.7,68.32069565217398
1297.8,68.39541666666669
1297.9,68.32597222222216
1298.0,68.3166956521739
1298.1,68.32543859649121
1298.2,68.3057983193277
1298.3,68.26768
1298.4,68.2636363636365
1298.5,68.35454545454542
1298.6,68.33541666666669
1298.7,68.32504
1298.8,68.34288135593219
1298.9,68.38848739495798
1299.0,68.47757812500006
1299.1,68.23539062500015
1299.2,68.13224137931029
1299.3,68.1869047619048
1299.4,68.28
1299.5,68.27530434782608
1299.6,68.22313043478265
1299.7,68.27672413793108
1299.8,68.14295081967227
1299.9,68.06
1300.0,68.12641025641034
1300.1,68.24241379310347
1300.2,68.11173913043484
1300.3,68.15521739130436
1300.4,68.20603448275871
1300.5,68.11843478260857
1300.6,68.06
1300.7,68.0447787610619
1300.8,68.0225
1300.9,68.03
1301.0,68.03
1301.1,68.02276422764228
1301.2,68.04200000000003
1301.3,68.03032258064513
1301.4,68.00588235294134
1301.5,68.11495798319339
1301.6,67.94689075630266
1301.7,67.94048780487806
1301.8,67.945234375
1301.9,67.97050420168075
1302.0,68.03278688524601
1302.1,67.90983606557384
1302.2,68.0468907563025
1302.3,67.94271929824563
1302.4,67.95915966386576
1302.5,68.00736842105269
1302.6,67.87829268292698
1302.7,67.76
1302.8,67.76
1302.9,67.85775862068984
1303.0,67.92280701754387
1303.1,67.92285714285715
1303.2,67.87579831932764
1303.3,67.80892561983472
1303.4,67.80066115702478
1303.5,67.84088888888894
1303.6,67.83500000000001
1303.7,67.79193277310922
1303.8,67.77770491803273
1303.9,67.84932773109237
1304.0,67.8157142857143
1304.1,67.81
1304.2,67.74947826086958
1304.3,67.72999999999993
1304.4,67.8134482758621
1304.5,67.838078817734
1304.6,67.83273504273511
1304.7,67.58487179487145
1304.8,67.60269565217392
1304.9,67.64347457627122
1305.0,67.63393162393164
1305.1,67.59592000000004
1305.2,67.57
1305.3,67.57
1305.4,67.57
1305.5,67.62974137931035
1305.6,67.61184210526322
1305.7,67.64833333333335
1305.8,67.7207142857144
1305.9,67.60766666666665
1306.0,67.5743333333333
1306.1,67.59949152542369
1306.2,67.63875
1306.3,67.63941176470587
1306.4,67.59965517241375
1306.5,67.57
1306.6,67.57
1306.7,67.57
1306.8,67.4657142857144
1306.9,67.47513043478273
1307.0,67.54666666666667
1307.1,67.53622950819666
1307.2,67.61
1307.3,67.57638655462185
1307.4,67.4246153846151
1307.5,67.53964912280719
1307.6,67.64982758620692
1307.7,67.58384615384607
1307.8,67.49770491803272
1307.9,67.36655737704902
1308.0,67.35214876033058
1308.1,67.35616666666665
1308.2,67.35538461538461
1308.3,67.4207826086957
1308.4,67.52947368421023
1308.5,67.35674796747966
1308.6,67.31609756097565
1308.7,67.52794871794889
1308.8,67.46714285714306
1308.9,67.37675213675213
1309.0,67.3887719298246
1309.1,67.36631578947363
1309.2,67.39874015748028
1309.3,67.36724409448823
1309.4,67.37862903225809
1309.5,66.73974789915908
1309.6,66.37677685950302
1309.7,67.50295081967194
1309.8,67.37180327868853
1309.9,67.36
1310.0,67.38338983050848
1310.1,67.4
1310.2,67.38799999999999
1310.3,67.36
1310.4,67.36
1310.5,67.36
1310.6,67.36
1310.7,67.3744827586207
1310.8,67.37632478632479
1310.9,67.3237719298244
1311.0,67.23285714285717
1311.1,67.3757142857143
1311.2,67.32999999999997
1311.3,67.23941176470589
1311.4,67.24321739130451
1311.5,67.31
1311.6,67.31905172413792
1311.7,67.35796747967476
1311.8,67.31731707317074
1311.9,67.18333333333322
1312.0,67.21581196581195
1312.1,67.31
1312.2,67.3036507936508
1312.3,67.27190476190479
1312.4,67.23016949152537
1312.5,67.27385826771658
1312.6,67.2220512820513
1312.7,67.10533333333335
1312.8,67.11084745762716
1312.9,67.03457627118634
1313.0,67.00207920792077
1313.1,66.97237623762378
1313.2,67.04931034482767
1313.3,67.12241379310348
1313.4,67.08157894736824
1313.5,67.03982758620691
1313.6,67.0801694915254
1313.7,67.12451612903222
1313.8,67.24548387096779
1313.9,67.04188034188022
1314.0,67.07142857142851
1314.1,67.08573913043489
1314.2,67.0492105263158
1314.3,67.08271186440687
1314.4,66.97195312500004
1314.5,67.01101562500003
1314.6,67.02
1314.7,67.03983739837402
1314.8,67.08849999999998
1314.9,67.13016949152538
1315.0,67.02
1315.1,67.02
1315.2,67.02
1315.3,67.03934426229506
1315.4,67.06313559322034
1315.5,67.07
1315.6,67.06920000000001
1315.7,67.02919999999996
1315.8,66.98818181818184
1315.9,67.00642276422765
1316.0,67.04161016949155
1316.1,67.01928909952606
1316.2,67.01454976303317
1316.3,67.01034782608696
1316.4,67.01904347826087
1316.5,67.02
1316.6,66.9416756756757
1316.7,66.828162162162
1316.8,66.81705882352941
1316.9,66.79886178861787
1317.0,66.79448275862066
1317.1,66.82
1317.2,66.81833333333329
1317.3,66.78500000000003
1317.4,66.78696721311476
1317.5,66.80575
1317.6,66.80542372881358
1317.7,66.78635593220342
1317.8,66.81284552845531
1317.9,66.85349593495941
1318.0,66.86
1318.1,66.83317073170736
1318.2,66.79942622950817
1318.3,66.78
1318.4,66.78
1318.5,66.80419354838712
1318.6,66.97239316239295
1318.7,66.92312000000007
1318.8,66.77280991735536
1318.9,66.7842975206612
1319.0,66.8173553719008
1319.1,66.81239669421488
1319.2,66.81606837606837
1319.3,66.81542372881357
1319.4,66.80060869565216
1319.5,66.78
1319.6,66.78127999999997
1319.7,66.81328
1319.8,66.84507936507936
1319.9,66.84140350877189
1320.0,66.80752
1320.1,66.78
1320.2,66.78
1320.3,66.8097520661157
1320.4,66.82
1320.5,66.82
1320.6,66.79260869565229
1320.7,66.74538461538461
1320.8,66.81903225806454
1320.9,66.78677419354837
1321.0,66.78
1321.1,66.8253846153846
1321.2,66.8366666666666
1321.3,66.77132231404957
1321.4,66.77958677685952
1321.5,66.8033606557377
1321.6,66.79219512195127
1321.7,66.7926050420168
1321.8,66.76971751412434
1321.9,66.63977401129924
1322.0,66.57542372881356
1322.1,66.63352941176444
1322.2,66.78443478260871
1322.3,66.81
1322.4,66.81
1322.5,66.63551724137936
1322.6,66.69895652173894
1322.7,66.78982608695652
1322.8,66.7138983050849
1322.9,66.55448275862076
1323.0,66.61
1323.1,66.61
1323.2,66.55764705882353
1323.3,66.54
1323.4,66.55434782608697
1323.5,66.63885245901629
1323.6,66.74974789915997
1323.7,66.58168067226887
1323.8,71.11403361344556
1323.9,68.27615384614538
1324.0,66.55657894736844
1324.1,66.46347826086962
1324.2,66.07196721311412
1324.3,65.53655999999951
1324.4,66.42456000000071
1324.5,66.56900000000002
1324.6,66.55821138211383
1324.7,66.54
1324.8,66.54
1324.9,66.54062015503882
1325.0,66.57162790697674
1325.1,66.57376068376068
1325.2,66.55634146341463
1325.3,66.54
1325.4,66.53915966386555
1325.5,66.53075630252101
1325.6,66.53
1325.7,66.55727272727272
1325.8,66.57628099173554
1325.9,66.56414634146338
1326.0,66.53983333333335
1326.1,66.52316666666667
1326.2,66.55266129032262
1326.3,66.57
1326.4,66.53132231404948
1326.5,66.44635593220342
1326.6,66.48872881355925
1326.7,66.53217391304347
1326.8,66.54
1326.9,66.54
1327.0,66.54
1327.1,66.54
1327.2,66.5388596491228
1327.3,66.53008771929825
1327.4,66.53825
1327.5,66.54
1327.6,66.55401639344262
1327.7,66.58166666666668
1327.8,66.57574803149635
1327.9,66.34740157480303
1328.0,66.43681415929193
1328.1,66.50488372093017
1328.2,66.53380165289256
1328.3,66.54862068965514
1328.4,66.57237288135592
1328.5,66.48762711864408
1328.6,66.51823529411763
1328.7,66.47688524590158
1328.8,66.46066115702476
1328.9,66.49
1329.0,66.47764705882344
1329.1,66.30117647058852
1329.2,66.39540983606568
1329.3,66.44
1329.4,66.45721311475414
1329.5,66.47347107438019
1329.6,66.39082644628115
1329.7,66.42384615384614
1329.8,66.26858267716554
1329.9,66.27788135593237
1330.0,66.41529914529917
1330.1,66.4131034482759
1330.2,66.14347826086968
1330.3,66.23043478260873
1330.4,66.19474576271185
1330.5,66.21034188034186
1330.6,66.32152542372863
1330.7,66.41799999999999
1330.8,66.39
1330.9,66.39
1331.0,66.26137499999994
1331.1,66.2104
1331.2,66.28
1331.3,66.28
1331.4,66.23462184873948
1331.5,66.23173553719008
1331.6,66.23186991869919
1331.7,66.20214876033056
1331.8,66.14195121951215
1331.9,66.1744715447155
1332.0,66.1513793103448
1332.1,66.19447154471543
1332.2,66.23633333333332
1332.3,66.22000000000004
1332.4,66.18
1332.5,66.18
1332.6,66.18
1332.7,66.20826086956525
1332.8,66.21251748251751
1332.9,66.17764705882351
1333.0,66.14403361344536
1333.1,66.13234782608696
1333.2,66.16236453201975
1333.3,66.20669950738917
1333.4,66.17130434782598
1333.5,66.1578861788618
1333.6,66.16942148760334
1333.7,66.14
1333.8,66.14
1333.9,66.16852459016397
1334.0,66.18
1334.1,66.18
1334.2,66.18
1334.3,66.18
1334.4,66.14754098360653
1334.5,66.14631147540983
1334.6,66.13181818181822
1334.7,66.11829268292685
1334.8,66.14360655737704
1334.9,66.17639344262297
1335.0,66.17258333333334
1335.1,66.26599999999993
1335.2,66.30749999999999
1335.3,66.23677966101708
1335.4,66.13278260869566
1335.5,66.15008620689656
1335.6,66.1587068965517
1335.7,66.22594827586211
1335.8,66.25
1335.9,66.14399999999978
1336.0,66.12627118644076
1336.1,66.30333333333341
1336.2,66.07
1336.3,65.945
1336.4,66.0510344827589
1336.5,66.13226086956524
1336.6,66.11620689655173
1336.7,66.0671304347826
1336.8,66.07045161290324
1336.9,66.12851612903238
1337.0,66.1201578947368
1337.1,66.07278947368422
1337.2,66.11615384615394
1337.3,66.178
1337.4,66.17754098360652
1337.5,66.1131623931623
1337.6,66.20717948717933
1337.7,66.14252173913044
1337.8,66.11621848739496
1337.9,66.18669565217404
1338.0,66.13774193548389
1338.1,66.00682926829244
1338.2,66.19836206896557
1338.3,66.03456896551741
1338.4,66.07692913385833
1338.5,66.08661290322581
1338.6,66.08428571428564
1338.7,66.15571428571437
1338.8,66.11113043478258
1338.9,66.06421487603306
1339.0,66.0676
1339.1,66.06040983606556
1339.2,66.06860655737704
1339.3,66.03452991452995
1339.4,65.96843749999995
1339.5,65.96325203252032
1339.6,66.04109243697494
1339.7,65.91504201680661
1339.8,66.0338709677419
1339.9,66.06404958677685
1340.0,66.03512195121951
1340.1,65.99317073170731
1340.2,65.97756302521024
1340.3,66.1288235294116
1340.4,66.10723756906073
1340.5,66.05605263157886
1340.6,65.97710526315791
1340.7,66.03882352941177
1340.8,66.06
1340.9,66.04243902439022
1341.0,65.99227642276428
1341.1,65.91266666666661
1341.2,65.94600000000001
1341.3,65.98636363636359
1341.4,66.00540322580646
1341.5,67.3364406779635
1341.6,87.3111570247164
1341.7,157.49533333340952
1341.8,216.6286666666308
1341.9,248.7630578512808
1342.0,283.2597391304725
1342.1,273.61413793102963
1342.2,226.01925619832605
1342.3,219.28568965514984
1342.4,291.3374137931882
1342.5,247.41543103446315
1342.6,268.4698305084715
1342.7,278.38185840706865
1342.8,250.11625000002772
1342.9,214.1031034482735
1343.0,229.26968503935703
1343.1,243.2618110236015
1343.2,198.5541379310296
1343.3,203.4574789915802
1343.4,232.3691228070212
1343.5,235.152748538012
1343.6,257.4525423728662
1343.7,263.2854838709518
1343.8,249.2608333333364
1343.9,245.62090909092288
1344.0,302.075454545479
1344.1,252.79688524595625
1344.2,263.00780487805145
1344.3,256.9661111111886
1344.4,199.03666666669417
1344.5,239.37000000002752
1344.6,250.38870689655093
1344.7,263.95630252101336
1344.8,241.2313793103876
1344.9,226.3439655172529
1345.0,243.8822033898294
1345.1,244.34438016533227
1345.2,178.964214876038
1345.3,212.3999130434296
1345.4,231.94747899160583
1345.5,220.3839655172345
1345.6,216.47741935481648
1345.7,237.66677685949017
1345.8,202.2948760331037
1345.9,262.7087603306487
1346.0,225.7013934426216
1346.1,221.2078333332963
1346.2,261.046065573782
1346.3,267.3050819672239
1346.4,239.7149180327761
1346.5,192.8187903226177
1346.6,203.8899186991532
1346.7,234.83000000001775
1346.8,246.2091735537189
1346.9,251.83089108910988
1347.0,253.41504950495005
1347.1,256.7634782608258
1347.2,293.63304347826454
1347.3,243.38206896555957
1347.4,226.09919354838584
1347.5,245.46282051280852
1347.6,265.4737931034696
1347.7,246.7862393162397
1347.8,247.47
1347.9,258.66827586208564
1348.0,207.2733333332853
1348.1,206.3533884297288
1348.2,239.12033057851315
1348.3,249.2981818181893
1348.4,243.6618181818118
1348.5,223.09788617886375
1348.6,226.0878048780315
1348.7,241.41138211383029
1348.8,262.68754098362206
1348.9,289.64688524585034
1349.0,250.31901639345
1349.1,286.7273333333092
1349.2,265.94975206606483
1349.3,228.3159677419333
1349.4,238.48760683763257
1349.5,282.65
1349.6,260.82391304349983
1349.7,246.63304347825704
1349.8,255.98666666666668
1349.9,250.5959999999461
1350.0,233.7309016393607
1350.1,254.55575000000036
1350.2,254.08075000000017
1350.3,240.4113223140582
1350.4,247.204876033074
1350.5,255.0492500000025
1350.6,246.26705882352948
1350.7,246.11019607843124
1350.8,248.8904273504276
1350.9,253.39573913044225
1351.0,254.4368749999992
1351.1,249.26721739130247
1351.2,250.23243478260807
1351.3,248.6843220339001
1351.4,247.4999999999993
1351.5,250.5498245614021
1351.6,251.9699159663909
1351.7,247.38689655171927
1351.8,243.1905042016809
1351.9,248.8627731092449
1352.0,149.95307692313492
1352.1,100.31483333335184
1352.2,88.43473684210683
1352.3,95.10517241379196
1352.4,134.21863247880935
1352.5,248.50852173913367
1352.6,252.3172173913038
1352.7,245.47578947367663
1352.8,240.9002654867271
1352.9,236.40999999999505
1353.0,236.4315789473691
1353.1,238.14521739131075
1353.2,232.82711864406755
1353.3,232.2
1353.4,233.59130434782787
1353.5,233.7254385964912
1353.6,233.19373913043543
1353.7,232.88
1353.8,232.5223333333333
1353.9,230.1840869565171
1354.0,222.23191304345687
1354.1,267.32756521732534
1354.2,223.6869999999612
1354.3,228.68138211381455
1354.4,245.1577419354771
1354.5,225.74897435898208
1354.6,163.41948275857624
1354.7,226.4022413793597
1354.8,247.2756410256436
1354.9,240.1724137930752
1355.0,232.91327868852488
1355.1,228.96152000001004
1355.2,219.25750000002523
1355.3,259.5074999999937
1355.4,295.1055172414261
1355.5,250.4733333332835
1355.6,235.9605263157831
1355.7,255.96333333333956
1355.8,242.0242400001072
1355.9,147.00023999997754
1356.0,277.1023076922614
1356.1,270.5233333333896
1356.2,241.21110236220684
1356.3,223.1348275862109
1356.4,216.9197599999931
1356.5,207.8557600000013
1356.6,181.9287068965777
1356.7,202.76109243701157
1356.8,233.2353333333295
1356.9,230.13769230765476
1357.0,186.84166666666664
1357.1,188.41890756301217
1357.2,199.79705882354008
1357.3,259.3775806451588
1357.4,236.57951219504253
1357.5,207.54726562500423
1357.6,249.1032173913071
1357.7,240.85973913042696
1357.8,174.5200826446772
1357.9,205.53338983056292
1358.0,248.2482051282144
1358.1,253.07087719299568
1358.2,240.67916666667955
1358.3,267.6308196721792
1358.4,231.81114754093687
1358.5,199.6270000000072
1358.6,223.64058823523715
1358.7,251.7506034482719
1358.8,235.22
1358.9,199.1296491228375
1359.0,220.3577192982507
1359.1,222.2715624999998
1359.2,232.4484210526479
1359.3,245.31906779660235
1359.4,246.841130434785
1359.5,232.51102564103732
1359.6,219.1616528926289
1359.7,176.75669421483855
1359.8,182.26354838709628
1359.9,199.32786324789143
1360.0,224.6212000000237
1360.1,250.53360655737723
1360.2,249.951639344262
1360.3,228.45903225807817
1360.4,198.98347826084924
1360.5,203.671367521364
1360.6,231.22157894734565
1360.7,246.84966666666423
1360.8,243.9600000000077
1360.9,269.4600000000174
1361.0,218.7696000000211
1361.1,215.10315789469368
1361.2,239.20348101265975
1361.3,257.1085443037939
1361.4,225.55991379305487
1361.5,225.32179487180315
1361.6,217.34290322581052
1361.7,210.8318181818373
1361.8,230.73848000000697
1361.9,222.0344799999951
1362.0,248.5906779661053
1362.1,248.1379032258173
1362.2,232.6909917355349
1362.3,227.19999999996023
1362.4,256.36
1362.5,272.971570247937
1362.6,256.069827586217
1362.7,247.28347457627132
1362.8,256.12370689652465
1362.9,248.6843859648801
1363.0,195.17250000003463
1363.1,235.78916666662437
1363.2,258.2122413793188
1363.3,239.4048717948787
1363.4,215.1542372881024
1363.5,184.1815624999814
1363.6,152.8245454545013
1363.7,185.91545454549183
1363.8,219.45833333331103
1363.9,242.33750000002195
1364.0,235.9165546218493
1364.1,217.27926829268637
1364.2,212.18766666664027
1364.3,192.5543333333441
1364.4,232.05271186446095
1364.5,227.90652542371168
1364.6,243.93168141592395
1364.7,265.35663865545934
1364.8,237.96247933894125
1364.9,152.05869918701413
1365.0,169.02617886178894
1365.1,235.824434782528
1365.2,248.42810344826748
1365.3,246.2978151260488
1365.4,248.3215126049981
1365.5,217.52526315791016
1365.6,191.7357894737305
1365.7,225.1989655172305
1365.8,260.69137931030565
1365.9,245.1554621848411
1366.0,239.8040476190599
1366.1,256.7013793103662
1366.2,206.63261904765696
1366.3,241.08500000001305
1366.4,266.9462931034926
1366.5,264.1538135593196
1366.6,234.643421052704
1366.7,198.05146551725164
1366.8,183.72387931030968
1366.9,211.74974137931693
1367.0,191.73500000001124
1367.1,216.4050434782099
1367.2,232.1813559322048
1367.3,218.19919354840647
1367.4,196.28229508197552
1367.5,211.83466666666
1367.6,219.20133333332663
1367.7,284.4699173553676
1367.8,255.12414634149383
1367.9,214.3858677686513
1368.0,228.36383999999583
1368.1,151.69984000006554
1368.2,215.3766956522055
1368.3,288.1978448275577
1368.4,275.94249999993167
1368.5,241.7385344827578
1368.6,236.086201550398
1368.7,223.17583333334844
1368.8,189.9675000000151
1368.9,209.4586440678433
1369.0,252.27200000000747
1369.1,270.5493650793913
1369.2,243.31297520660345
1369.3,189.32950413231455
1369.4,218.95785714285657
1369.5,231.7765517241341
1369.6,251.9903174602672
1369.7,254.39965811965396
1369.8,196.02571428569237
1369.9,236.5733333333743
1370.0,183.33644628102908
1370.1,163.07041666666018
1370.2,175.9819827586377
1370.3,196.63966101695124
1370.4,216.38034482764425
1370.5,249.65620689651848
1370.6,184.4647826087096
1370.7,206.8823076923192
1370.8,153.05461538473315
1370.9,91.29610169491342
1371.0,89.39188034188024
1371.1,89.07241379310346
1371.2,89.00344827586198
1371.3,88.65859375000032
1371.4,88.50504347826087
1371.5,88.408888888889
1371.6,88.3109482758621
1371.7,88.28025641025641
1371.8,88.22888000000003
1371.9,88.17287999999995
1372.0,88.04153846153842
1372.1,88.01809523809521
1372.2,88.00942148760319
1372.3,87.88426229508194
1372.4,87.91704918032787
1372.5,87.78790322580639
1372.6,81.05689075630977
1372.7,73.23413793103406
1372.8,69.64499999999974
1372.9,70.06601626016214
1373.0,69.71642276422764
1373.1,69.68347107438011
1373.2,69.71935483870969
1373.3,69.71299999999998
1373.4,69.6487786259542
1373.5,69.64114503816795
1373.6,68.4994017094039
1373.7,68.8998305084748
1373.8,69.462380952381
1373.9,69.40016949152547
1374.0,69.43431034482751
1374.1,69.33948275862068
1374.2,69.45631578947385
1374.3,69.47017391304347
1374.4,69.2997457627117
1374.5,69.13504347826088
1374.6,69.14620689655169
1374.7,69.25898305084746
1374.8,69.25050847457628
1374.9,69.31878048780489
1375.0,69.29344262295082
1375.1,69.20024390243908
1375.2,69.13000000000005
1375.3,69.1826050420168
1375.4,68.9893277310924
1375.5,69.03153846153842
1375.6,68.99336206896561
1375.7,68.96483050847458
1375.8,69.01403225806449
1375.9,69.10353448275858
1376.0,69.06043103448275
1376.1,68.9352100840336
1376.2,68.93782608695658
1376.3,68.92198275862073
1376.4,68.94859504132235
1376.5,69.00085470085467
1376.6,68.92756521739135
1376.7,68.81452173913033
1376.8,68.86793103448277
1376.9,68.83932203389828
1377.0,68.86728813559316
1377.1,68.89533333333335
1377.2,68.86199999999995
1377.3,68.8191304347826
1377.4,68.74189655172397
1377.5,68.78736842105273
1377.6,68.76833333333344
1377.7,68.6880327868853
1377.8,68.80406779661013
1377.9,68.71932203389827
1378.0,68.6093913043479
1378.1,68.69193277310909
1378.2,68.67538461538449
1378.3,68.59570247933883
1378.4,68.6285950413223
1378.5,68.6203305785124
1378.6,68.56991304347827
1378.7,68.49017241379298
1378.8,68.48280701754386
1378.9,68.54636363636375
1379.0,68.60262295081968
1379.1,68.57525423728825
1379.2,68.51593220338984
1379.3,68.40736842105275
1379.4,68.46591304347828
1379.5,68.54024793388429
1379.6,68.59689075630246
1379.7,68.60008196721316
1379.8,68.36237704918027
1379.9,68.48801724137954
1380.0,68.44615384615389
1380.1,68.32736842105275
1380.2,68.30766666666675
1380.3,68.35644067796613
1380.4,68.33750000000013
1380.5,68.46249999999989
1380.6,68.43050420168072
1380.7,68.3909302325581
1380.8,68.33068376068378
1380.9,68.25739130434782
1381.0,68.23339130434772
1381.1,68.32904347826067
1381.2,68.36443478260874
1381.3,68.27591999999994
1381.4,68.24843750000004
1381.5,68.21575000000004
1381.6,68.06549999999999
1381.7,68.1155
1381.8,68.22528925619835
1381.9,68.14434782608669
1382.0,68.11267241379315
1382.1,68.18034782608694
1382.2,68.18773109243686
1382.3,68.06672268907548
1382.4,68.20117647058836
1382.5,68.19008695652174
1382.6,68.20469565217388
1382.7,68.14341880341873
1382.8,68.06
1382.9,68.04401639344253
1383.0,67.9374590163935
1383.1,68.10824999999987
1383.2,68.06504065040642
1383.3,68.05371900826437
1383.4,68.11113821138208
1383.5,68.05097560975611
1383.6,68.0672357723577
1383.7,68.0413793103448
1383.8,67.96591304347827
1383.9,67.90751999999996
1384.0,67.93426229508201
1384.1,68.09203252032516
1384.2,68.13268292682926
1384.3,68.14
1384.4,68.01487179487145
1384.5,67.90382608695653
1384.6,67.8975
1384.7,67.85349999999993
1384.8,67.80350000000003
1384.9,67.87622950819674
1385.0,67.84762295081967
1385.1,67.83112068965517
1385.2,67.83179487179481
1385.3,67.76
1385.4,67.76
1385.5,67.79333333333334
1385.6,67.2569948186533
1385.7,66.57823834196837
1385.8,67.52957627118685
1385.9,67.87599999999993
1386.0,67.86
1386.1,67.86
1386.2,67.86
1386.3,67.86
1386.4,67.88119658119663
1386.5,67.88155737704916
1386.6,67.84245901639348
1386.7,67.81070312499999
1386.8,67.88101562499996
1386.9,67.71749999999975
1387.0,67.63394957983195
1387.1,67.66
1387.2,67.69220338983054
1387.3,67.86
1387.4,67.86
1387.5,67.86
1387.6,67.75586776859514
1387.7,67.64249999999996
1387.8,67.61
1387.9,67.61775862068977
1388.0,67.74706896551726
1388.1,67.65137931034492
1388.2,67.6139344262295
1388.3,67.63260869565212
1388.4,67.6445833333333
1388.5,67.61732758620693
1388.6,67.65962406015038
1388.7,67.62203007518794
1388.8,67.63719999999999
1388.9,67.66
1389.0,67.64879310344824
1389.1,67.58787610619473
1389.2,67.36663716814144
1389.3,67.49379310344825
1389.4,67.58177966101708
1389.5,67.59015748031496
1389.6,67.30916167664779
1389.7,66.58461077844285
1389.8,66.9839999999996
1389.9,67.49219512195134
1390.0,67.59966666666668
1390.1,67.57
1390.2,67.57
1390.3,67.60042735042734
1390.4,67.48294117647029
1390.5,67.44854961832068
1390.6,67.5372173913043
1390.7,67.60758620689653
1390.8,67.57310344827586
1390.9,67.57
1391.0,67.48901639344264
1391.1,67.421052631579
1391.2,67.36949152542374
1391.3,67.31191304347826
1391.4,67.32182608695653
1391.5,67.34791304347824
1391.6,67.35760330578512
1391.7,67.37704000000004
1391.8,67.35907563025211
1391.9,67.32959677419358
1392.0,67.3987704918033
1392.1,67.35778688524591
1392.2,67.35669421487604
1392.3,67.37983471074376
1392.4,67.38361344537815
1392.5,67.35166666666666
1392.6,67.36
1392.7,67.36
1392.8,67.28719298245615
1392.9,67.32000000000016
1393.0,67.33822580645159
1393.1,67.30016393442625
1393.2,67.27838709677422
1393.3,67.38322580645153
1393.4,67.34305084745755
1393.5,67.34129032258065
1393.6,67.37423728813557
1393.7,67.39231999999997
1393.8,67.36031999999999
1393.9,67.32039999999994
1394.0,67.31
1394.1,67.25170454545467
1394.2,67.14374999999994
1394.3,67.30666666666667
1394.4,67.23026086956482
1394.5,67.16743801652895
1394.6,67.31
1394.7,67.30878048780481
1394.8,67.26813008130081
1394.9,67.12324786324756
1395.0,67.06
1395.1,67.13008771929806
1395.2,67.26605042016817
1395.3,67.33223140495885
1395.4,67.13388429752035
1395.5,67.12
1395.6,67.23629310344815
1395.7,67.19521739130423
1395.8,67.05620689655173
1395.9,67.0279661016949
1396.0,67.02241935483875
1396.1,67.06274193548386
1396.2,67.09120689655175
1396.3,67.10568965517241
1396.4,67.08844827586199
1396.5,67.07046153846156
1396.6,67.10123076923074
1396.7,67.0998275862069
1396.8,67.05206896551728
1396.9,67.02
1397.0,67.02
1397.1,67.05066666666666
1397.2,67.11853658536593
1397.3,67.09823529411763
1397.4,67.01983606557383
1397.5,67.05066666666667
1397.6,67.05899999999998
1397.7,67.10400000000003
1397.8,67.01495934959357
1397.9,66.97915966386567
1398.0,67.05118644067795
1398.1,67.02
1398.2,67.02
1398.3,67.02
1398.4,66.98749999999994
1398.5,66.98901639344261
1398.6,67.01302521008402
1398.7,67.0185593220339
1398.8,67.01008474576271
1398.9,67.04413793103454
1399.0,67.056484375
1399.1,67.04211382113824
1399.2,67.02
1399.3,67.02396694214872
1399.4,67.04876033057853
1399.5,66.91512345679011
1399.6,66.8172268907563
1399.7,66.83409836065594
1399.8,67.00622950819665
1399.9,67.02
1400.0,66.89575000000004
1400.1,66.91537190082623
1400.2,66.99684210526323
1400.3,66.82
1400.4,66.81991304347824
1400.5,66.81121739130434
1400.6,66.78850000000001
1400.7,66.80163934426228
1400.8,66.82
1400.9,66.8118032786885
1401.0,66.77880000000003
1401.1,66.73880000000007
1401.2,66.76250000000002
1401.3,66.78
1401.4,66.8058196721312
1401.5,66.85991379310352
1401.6,66.78232758620702
1401.7,66.73889830508473
1401.8,66.76291666666668
1401.9,66.79525862068968
1402.0,66.81377192982455
1402.1,66.8176984126984
1402.2,66.81120967741941
1402.3,66.85153225806454
1402.4,66.8090322580644
1402.5,66.79363636363637
1402.6,66.81293103448274
1402.7,66.82
1402.8,66.82
1402.9,66.78615384615378
1403.0,66.77286956521738
1403.1,66.77567796610168
1403.2,66.78
1403.3,66.79785123966944
1403.4,66.85596638655456
1403.5,66.78873949579827
1403.6,66.78
1403.7,66.78
1403.8,66.79344262295079
1403.9,66.82
1404.0,66.82
1404.1,66.82
1404.2,66.82
1404.3,66.81495798319328
1404.4,66.81356521739131
1404.5,66.82
1404.6,66.82
1404.7,66.82
1404.8,66.78974137931034
1404.9,66.7465600000001
1405.0,66.81856000000003
1405.1,66.78786885245906
1405.2,66.78
1405.3,66.70739495798333
1405.4,66.66646017699124
1405.5,66.7718487394958
1405.6,66.77368421052647
1405.7,66.56315789473678
1405.8,66.7494117647059
1405.9,66.69851239669403
1406.0,66.59754237288135
1406.1,66.5693103448276
1406.2,66.54
1406.3,66.54
1406.4,66.77243478260905
1406.5,66.58967213114751
1406.6,66.51520325203246
1406.7,66.61932203389833
1406.8,66.73728813559329
1406.9,66.541052631579
1407.0,66.57614035087721
1407.1,66.5493103448276
1407.2,66.54
1407.3,66.54
1407.4,66.56051724137939
1407.5,66.58406779661011
1407.6,66.44
1407.7,66.59044247787624
1407.8,66.58
1407.9,66.55147826086953
1408.0,66.54
1408.1,66.5252941176471
1408.2,66.50170731707321
1408.3,66.57487804878045
1408.4,66.54188524590163
1408.5,66.55386554621847
1408.6,66.51172413793113
1408.7,66.44
1408.8,66.44503703703705
1408.9,66.47466666666674
1409.0,66.52032786885249
1409.1,66.54
1409.2,66.51747826086955
1409.3,66.47948275862066
1409.4,66.52104347826088
1409.5,66.5384347826087
1409.6,66.49293103448281
1409.7,66.51913043478264
1409.8,66.54
1409.9,66.55050000000003
1410.0,66.54636363636368
1410.1,66.44033057851239
1410.2,66.47338842975208
1410.3,66.51252032520321
1410.4,66.48689075630247
1410.5,66.40016129032257
1410.6,66.33556521739112
1410.7,66.51817391304351
1410.8,66.49439655172415
1410.9,66.41905982905973
1411.0,66.44322580645162
1411.1,66.45528925619844
1411.2,66.39853658536585
1411.3,66.43918699186993
1411.4,66.48083333333336
1411.5,66.35235294117642
1411.6,66.38773913043471
1411.7,66.49
1411.8,66.47750000000002
1411.9,66.44330578512397
1412.0,66.47636363636364
1412.1,66.4132500000001
1412.2,66.41875
1412.3,66.45929133858267
1412.4,66.49
1412.5,66.49
1412.6,66.28545454545484
1412.7,66.36786885245914
1412.8,66.46314049586776
1412.9,66.49
1413.0,66.47934426229513
1413.1,66.39737704918035
1413.2,66.22666666666672
1413.3,66.33948275862038
1413.4,66.29352941176464
1413.5,66.17689655172414
1413.6,66.26172413793091
1413.7,66.37478260869553
1413.8,66.15739130434791
1413.9,66.33658119658148
1414.0,66.25983471074383
1414.1,66.18
1414.2,66.19685950413228
1414.3,66.23048780487811
1414.4,66.15731707317073
1414.5,66.21050420168066
1414.6,66.20066115702485
1414.7,66.18
1414.8,66.18991735537188
1414.9,66.22895833333328
1415.0,66.1942361111111
1415.1,66.18
1415.2,66.16852459016393
1415.3,66.14951219512189
1415.4,66.22268292682928
1415.5,66.19280991735538
1415.6,66.15809523809526
1415.7,66.1542148760331
1415.8,66.18
1415.9,66.18
1416.0,66.18
1416.1,66.15366666666671
1416.2,66.14
1416.3,66.17008130081302
1416.4,66.23299999999995
1416.5,66.18300000000005
1416.6,66.1496774193549
1416.7,66.16295081967215
1416.8,66.16809917355373
1416.9,66.14780487804879
1417.0,66.14396694214867
1417.1,66.2431404958677
1417.2,66.22422413793099
1417.3,66.26849206349208
1417.4,66.28303278688512
1417.5,66.19586776859505
1417.6,66.12148760330592
1417.7,66.25544715447168
1417.8,66.30271186440677
1417.9,66.22078260869563
1418.0,66.13699999999999
1418.1,66.16833333333327
1418.2,66.25069444444443
1418.3,66.28541666666662
1418.4,66.15745762711859
1418.5,66.03
1418.6,66.06827586206896
1418.7,66.06482758620706
1418.8,66.18551724137937
1418.9,66.17684210526312
1419.0,66.244
1419.1,66.19924369747916
1419.2,66.08094827586206
1419.3,66.06811965811967
1419.4,66.10741379310322
1419.5,65.97810344827572
1419.6,66.02935483870968
1419.7,66.10065573770498
1419.8,66.19217391304343
1419.9,66.24472440944864
1420.0,66.06362204724401
1420.1,66.06830508474576
1420.2,66.16043478260886
1420.3,66.15601503759396
1420.4,66.08398373983728
1420.5,66.01
1420.6,66.01
1420.7,66.14439024390238
1420.8,66.15239669421494
1420.9,66.09177966101689
1421.0,66.04922413793099
1421.1,66.0123076923077
1421.2,66.03794871794872
1421.3,66.04799999999999
1421.4,66.0241176470588
1421.5,66.03396694214874
1421.6,66.07468253968247
1421.7,66.11983739837397
1421.8,66.20926829268296
1421.9,66.09636363636346
1422.0,66.00097560975611
1422.1,65.94196721311481
1422.2,65.9442622950819
1422.3,66.1
1422.4,66.02622950819666
1422.5,65.9835593220339
1422.6,66.01695652173909
1422.7,66.0407692307692
1422.8,66.03314049586777
1422.9,66.1019008264462
1423.0,65.98619834710733
1423.1,66.00350649350649
1423.2,66.0424675324676
1423.3,65.99728070175433
1423.4,65.99666666666691
1423.5,66.13453781512605
1423.6,66.15974789915961
1423.7,140.038750000017
1423.8,215.7699159663924
1423.9,239.35190082643197
1424.0,227.10148760331165
1424.1,230.0369999998576
1424.2,308.3536666667023
1424.3,233.62000000001967
1424.4,252.08600000002545
1424.5,249.11950819673623
1424.6,217.97548387095787
1424.7,248.49615384618832
1424.8,287.9320512820628
1424.9,216.91155172398524
1425.0,218.95588235294315
1425.1,236.43115183245584
1425.2,239.7295811518315
1425.3,203.7689473685058
1425.4,193.91495726495484
1425.5,231.47776859502963
1425.6,253.2600806451757
1425.7,211.8971774193207
1425.8,255.3334710743359
1425.9,245.2455737704408
1426.0,254.78333333337469
1426.1,291.77365853669835
1426.2,200.1914876033035
1426.3,210.34024793388392
1426.4,267.65739495802416
1426.5,267.9784166666766
1426.6,248.04760683760023
1426.7,261.3397391304465
1426.8,264.9419999999963
1426.9,200.07533333330505
1427.0,224.9143442623152
1427.1,231.26642857143688
1427.2,212.99754098360896
1427.3,193.98166666666663
1427.4,232.28608695653907
1427.5,248.2078260869581
1427.6,200.3076923077212
1427.7,215.02198347108884
1427.8,239.81041322313683
1427.9,257.7548760331111
1428.0,284.515
1428.1,237.265
1428.2,229.86177419354456
1428.3,262.78499999998246
1428.4,258.2330508474062
1428.5,217.5385470085573
1428.6,250.37608695651744
1428.7,263.15869565218605
1428.8,222.3340000000392
1428.9,235.6290909091236
1429.0,256.69637795276674
1429.1,261.7334482758668
1429.2,249.97299999999424
1429.3,262.6646666666609
1429.4,259.1016470588206
1429.5,247.75622950820937
1429.6,213.83
1429.7,248.3093388429953
1429.8,260.2051239669356
1429.9,270.6936666666729
1430.0,269.5958399999972
1430.1,246.01569105692008
1430.2,234.82869918699043
1430.3,220.30512195123688
1430.4,200.68378151259287
1430.5,225.51626086956367
1430.6,252.84500000006636
1430.7,202.7520833333512
1430.8,252.293749999924
1430.9,261.7846086956657
1431.0,215.3891304347237
1431.1,209.5370338982877
1431.2,229.66211864406856
1431.3,242.59852459016625
1431.4,234.79311475408443
1431.5,181.38327868849075
1431.6,215.94536585363736
1431.7,239.68262295082388
1431.8,255.4690163934173
1431.9,267.887685950412
1432.0,236.27611570247225
1432.1,261.35918032783684
1432.2,258.079230769228
1432.3,244.658717948723
1432.4,241.8938333333432
1432.5,251.95170731707248
1432.6,253.22
1432.7,251.8250420168065
1432.8,249.17685950413247
1432.9,246.0909090909051
1433.0,246.96775000000164
1433.1,252.78859504132237
1433.2,252.6233057851239
1433.3,246.67520661157755
1433.4,246.5459322033905
1433.5,249.00903225806323
1433.6,251.6105785123948
1433.7,252.2658064516052
1433.8,245.87870967741867
1433.9,247.11692307692672
1434.0,215.89785123965387
1434.1,148.6598347108627
1434.2,87.73058333333293
1434.3,89.3093442622952
1434.4,89.0306557377048
1434.5,183.9704166666909
1434.6,235.92885245899447
1434.7,248.44424999999717
1434.8,243.35842975206444
1434.9,236.3880165289256
1435.0,236.354958677686
1435.1,237.6249999999983
1435.2,238.82685950413227
1435.3,239.41
1435.4,237.7714876032972
1435.5,230.8147933884292
1435.6,232.05446280991703
1435.7,233.46148760330675
1435.8,237.05
1435.9,240.7046280991761
1436.0,241.7728925619836
1436.1,240.52495867768815
1436.2,259.5593103448215
1436.3,240.321043478296
1436.4,243.7893043478265
1436.5,238.79888888890932
1436.6,212.70008620693105
1436.7,198.2433333333333
1436.8,225.10072580644945
1436.9,226.91524193548383
1437.0,230.29749999999916
1437.1,250.54487179485383
1437.2,243.57508474569696
1437.3,212.5566666666761
1437.4,248.43706896552052
1437.5,269.62672413791773
1437.6,227.732142857206
1437.7,248.97629310345684
1437.8,260.3516800000209
1437.9,230.38413223137692
1438.0,203.1550000000113
1438.1,213.6549999999998
1438.2,237.0944067796656
1438.3,208.95350000004103
1438.4,177.08272000000684
1438.5,185.21867768595328
1438.6,204.43355371897863
1438.7,271.3387603306376
1438.8,226.25079999998235
1438.9,213.8893220339447
1439.0,245.842857142868
1439.1,230.54313559332016
1439.2,168.87364406778
1439.3,201.2176363636194
1439.4,237.0880000000093
1439.5,246.143870967759
1439.6,226.7406451612932
1439.7,219.13317073170157
1439.8,206.3271428571377
1439.9,207.5313793104279
1440.0,259.0518421053421
1440.1,339.58948717951165
1440.2,234.538205128052
1440.3,234.8817948717794
1440.4,208.90166666663336
1440.5,207.91834710743208
1440.6,245.6385234899409
1440.7,239.9405369127476
1440.8,255.98461538462064
1440.9,246.82051282048985
1441.0,209.2359677419528
1441.1,175.38025423728322
1441.2,198.2635344827609
1441.3,188.6169827586305
1441.4,223.7347826087084
1441.5,237.93586776859527
1441.6,229.6482352941328
1441.7,210.57370967742585
1441.8,194.77101694909143
1441.9,238.78796610171696
1442.0,310.7243589743546
1442.1,266.080166666688
1442.2,233.69033057854392
1442.3,225.6249152542476
1442.4,153.86769911513468
1442.5,208.68185840709288
1442.6,291.77878260863304
1442.7,269.8471186440241
1442.8,246.9068067226953
1442.9,252.53336134455367
1443.0,252.93429752066243
1443.1,191.2854471544484
1443.2,206.2204065040841
1443.3,239.0991525423519
1443.4,252.85048387096813
1443.5,227.00173553721436
1443.6,185.84016528922905
1443.7,232.46
1443.8,234.189508196722
1443.9,263.2062295082542
1444.0,240.0888135592734
1444.1,212.1292000000045
1444.2,238.5376229507216
1444.3,168.36549180328524
1444.4,176.19291666667166
1444.5,214.4041176470416
1444.6,238.36109243697356
1444.7,243.09789915967264
1444.8,251.757787610618
1444.9,252.9653719007159
1445.0,198.5025619834527
1445.1,238.99749999998173
1445.2,276.475964912296
1445.3,271.6712101910915
1445.4,238.17439490445423
1445.5,252.2994782608436
1445.6,203.81000000009672
1445.7,197.75545454551428
1445.8,273.6875833333281
1445.9,280.77794871793185
1446.0,270.0429059828954
1446.1,267.9158064516129
1446.2,251.7181967212885
1446.3,228.5100000000148
1446.4,207.5678512396684
1446.5,180.8571074380105
1446.6,208.41463414631184
1446.7,209.15728813558837
1446.8,204.813492063492
1446.9,201.26333333332445
1447.0,199.02128205126365
1447.1,234.11529914526028
1447.2,281.2769105691013
1447.3,256.41074380166987
1447.4,240.21142857144736
1447.5,226.38758620695597
1447.6,156.56017543858803
1447.7,163.35700854697433
1447.8,236.70743589735892
1447.9,250.60000000000105
1448.0,249.90559322033965
1448.1,244.26917355373044
1448.2,226.02153846155468
1448.3,191.49413793103685
1448.4,189.16655172413684
1448.5,250.9975438596038
1448.6,253.3720000000084
1448.7,211.2606837606237
1448.8,200.8014062499853
1448.9,235.8973728813541
1449.0,224.7139999999874
1449.1,280.1139999999874
1449.2,239.8734146340838
1449.3,234.81338983051697
1449.4,254.25537815125136
1449.5,233.03447368424744
1449.6,166.92692982442912
1449.7,245.8830701753913
1449.8,264.4856410256238
1449.9,245.83899999997365
1450.0,236.4741379310373
1450.1,233.5140350877272
1450.2,231.02491525426748
1450.3,266.45203389830885
1450.4,280.4774576271219
1450.5,240.28932203391437
1450.6,245.28949579830456
1450.7,261.68166666667514
1450.8,236.24227272729723
1450.9,169.64042372887823
1451.0,268.3607627118911
1451.1,267.7686666666854
1451.2,237.8484426229326
1451.3,239.6544444444633
1451.4,263.71157480310603
1451.5,235.6699159664143
1451.6,195.33378151264048
1451.7,205.57411764708277
1451.8,239.1640163934495
1451.9,242.63943548381923
1452.0,206.09132231404917
1452.1,210.83512396693368
1452.2,235.04756097563435
1452.3,253.6400826446259
1452.4,254.43297520660585
1452.5,241.5018181818265
1452.6,227.13560975611028
1452.7,206.26569105690285
1452.8,202.14396551724235
1452.9,134.07404958674385
1453.0,89.54247933884308
1453.1,89.22960317460337
1453.2,88.83532786885257
1453.3,88.94188524590159
1453.4,88.63915966386499
1453.5,88.38313043478247
1453.6,88.26958333333336
1453.7,88.2225
1453.8,88.16008474576277
1453.9,88.08381355932194
1454.0,88.05919708029195
1454.1,87.96274336283192
1454.2,87.94050420168081
1454.3,87.98361445783124
1454.4,87.76674698795165
1454.5,87.71025210084034
1454.6,82.3245833333466
1454.7,71.5282352941181
1454.8,69.84433333333324
1454.9,70.06100000000039
1455.0,69.89825396825404
1455.1,69.77178861788622
1455.2,69.70840336134442
1455.3,69.42588235294234
1455.4,68.18218487394816
1455.5,69.26791666666585
1455.6,69.49968750000014
1455.7,69.4300847457627
1455.8,69.41624
1455.9,69.46609756097548
1456.0,69.36853658536585
1456.1,69.32182608695656
1456.2,69.24172413793099
1456.3,69.17333333333333
1456.4,69.15
1456.5,69.17314049586763
1456.6,69.33842975206599
1456.7,69.20025423728794
1456.8,69.02842105263153
1456.9,69.09260869565249
1457.0,69.19050847457623
1457.1,69.14870967741935
1457.2,69.11
1457.3,69.11
1457.4,68.97504065040641
1457.5,68.9352100840336
1457.6,69.01040983606546
1457.7,69.09754098360656
1457.8,69.03196721311485
1457.9,69.12463414634159
1458.0,68.99710743801651
1458.1,68.88262295081972
1458.2,68.87008130081301
1458.3,68.9
1458.4,68.9
1458.5,68.88621848739496
1458.6,68.86923076923078
1458.7,68.78799999999993
1458.8,68.7013793103448
1458.9,68.76652173913048
1459.0,68.81
1459.1,68.88142857142853
1459.2,68.83934426229506
1459.3,68.8
1459.4,68.8
1459.5,68.77051282051292
1459.6,68.65
1459.7,68.65
1459.8,68.75403225806451
1459.9,68.75230769230758
1460.0,68.72890756302522
1460.1,68.71517241379338
1460.2,68.56087719298246
1460.3,68.569649122807
1460.4,68.63295081967222
1460.5,68.65
1460.6,68.61620689655173
1460.7,68.5435999999999
1460.8,68.47585365853661
1460.9,68.549024390244
1461.0,68.62270491803278
1461.1,68.58395161290338
1461.2,68.53652542372882
1461.3,68.5523529411765
1461.4,68.46808695652156
1461.5,68.37243478260862
1461.6,68.3375
1461.7,68.50598290598298
1461.8,68.5713114754099
1461.9,68.45847457627102
1462.0,68.3297391304347
1462.1,68.39930434782595
1462.2,68.40868421052632
1462.3,67.68041666666707
1462.4,67.7888709677422
1462.5,68.22890756302516
1462.6,68.34225806451619
1462.7,68.26161290322577
1462.8,68.2198360655738
1462.9,68.27796747967491
1463.0,68.29827868852455
1463.1,68.26474576271187
1463.2,68.23078260869543
1463.3,68.08295652173906
1463.4,68.24051724137962
1463.5,68.09773109243694
1463.6,68.06609756097549
1463.7,68.14636363636365
1463.8,68.22644067796611
1463.9,68.25921739130419
1464.0,68.18095652173905
1464.1,68.2077192982456
1464.2,68.27901639344267
1464.3,68.23803278688537
1464.4,68.12239316239317
1464.5,68.14243478260866
1464.6,68.25547826086942
1464.7,68.13946188340805
1464.8,68.01390134529154
1464.9,68.16559322033932
1465.0,68.13909090909085
1465.1,67.9727868852459
1465.2,67.98892561983469
1465.3,68.06330578512394
1465.4,68.06266129032257
1465.5,68.06
1465.6,68.02983606557385
1465.7,67.96983050847454
1465.8,67.93453781512595
1465.9,68.01016806722694
1466.0,67.92165217391306
1466.1,67.86714285714288
1466.2,67.92603305785126
1466.3,68.01694214876048
1466.4,67.89200000000007
1466.5,67.94199999999998
1466.6,67.92268292682928
1466.7,68.00422764227662
1466.8,68.01949152542382
1466.9,67.84322033898304
1467.0,67.811724137931
1467.1,67.89793103448265
1467.2,67.87293103448275
1467.3,67.82929824561407
1467.4,67.81
1467.5,67.81
1467.6,67.83066115702471
1467.7,67.88454545454461
1467.8,67.24818181818173
1467.9,66.61181818181741
1468.0,67.57025423728894
1468.1,67.86544
1468.2,67.85965517241368
1468.3,67.82440000000003
1468.4,67.84181818181787
1468.5,67.6765289256198
1468.6,67.66
1468.7,67.77428571428592
1468.8,67.84466666666667
1468.9,67.77524590163925
1469.0,67.61169491525419
1469.1,67.65406779661011
1469.2,67.65289256198346
1469.3,67.68888888888885
1469.4,67.69473684210521
1469.5,67.63384615384611
1469.6,67.61008130081265
1469.7,67.8458536585369
1469.8,67.70462809917359
1469.9,67.630325203252
1470.0,67.59706896551725
1470.1,67.58803149606297
1470.2,67.61
1470.3,67.61
1470.4,67.61
1470.5,67.63931034482758
1470.6,67.62033898305089
1470.7,67.58192982456143
1470.8,67.61
1470.9,67.61
1471.0,67.57928
1471.1,66.80083333333357
1471.2,66.79685950413345
1471.3,67.53239669421485
1471.4,67.57297520661157
1471.5,67.60603305785125
1471.6,67.58161290322582
1471.7,67.59188034188037
1471.8,67.61
1471.9,67.60193548387093
1472.0,67.57
1472.1,67.57
1472.2,67.59590163934428
1472.3,67.5905128205128
1472.4,67.57
1472.5,67.57
1472.6,67.57
1472.7,67.57
1472.8,67.59590163934423
1472.9,67.59084033613443
1473.0,67.50459016393444
1473.1,67.36533333333328
1473.2,67.3986666666667
1473.3,67.56661157024782
1473.4,67.58540983606552
1473.5,67.4772499999999
1473.6,67.36
1473.7,67.36
1473.8,67.36
1473.9,67.5582758620692
1474.0,67.413448275862
1474.1,67.3358620689655
1474.2,67.34086956521735
1474.3,67.33088
1474.4,67.39863247863244
1474.5,67.36444444444442
1474.6,67.32375000000005
1474.7,67.3316129032258
1474.8,67.33578512396696
1474.9,67.31540983606561
1475.0,67.34
1475.1,67.314358974359
1475.2,67.28137931034479
1475.3,67.29350877192982
1475.4,67.3324576271187
1475.5,67.34577235772355
1475.6,67.2903448275863
1475.7,67.12655172413778
1475.8,67.34588235294092
1475.9,67.34025862068965
1476.0,67.3365217391304
1476.1,67.36
1476.2,67.35059829059831
1476.3,67.31
1476.4,67.31
1476.5,67.24269565217391
1476.6,67.27415254237285
1476.7,67.22813008130068
1476.8,67.15529411764706
1476.9,67.26564102564112
1477.0,67.31692307692303
1477.1,67.10747826086998
1477.2,67.1950427350427
1477.3,67.10890756302535
1477.4,67.00198347107444
1477.5,67.06
1477.6,67.05900000000003
1477.7,67.02566666666668
1477.8,67.2141129032258
1477.9,67.14951999999947
1478.0,66.98428571428573
1478.1,67.02
1478.2,67.02
1478.3,67.04379310344824
1478.4,67.03034482758619
1478.5,67.12526315789461
1478.6,67.16390243902453
1478.7,67.05849999999994
1478.8,67.00897435897438
1478.9,66.9747863247863
1479.0,67.09389830508483
1479.1,67.11675213675213
1479.2,67.08256410256408
1479.3,67.04807017543864
1479.4,67.02672268907563
1479.5,67.06
1479.6,67.06
1479.7,67.03128205128202
1479.8,66.99161016949157
1479.9,67.00675000000001
1480.0,67.05072
1480.1,67.01966101694916
1480.2,67.01118644067796
1480.3,67.0778947368421
1480.4,67.01860869565205
1480.5,66.97
1480.6,66.99666666666661
1480.7,67.03580645161291
1480.8,66.97129032258061
1480.9,67.01049586776864
1481.0,67.04545454545452
1481.1,67.05529411764707
1481.2,67.04111999999999
1481.3,67.0001652892563
1481.4,66.83487603305785
1481.5,66.82
1481.6,66.79586776859506
1481.7,66.83777777777792
1481.8,66.94888888888889
1481.9,66.83732758620667
1482.0,66.78
1482.1,66.81421487603296
1482.2,66.85185483870961
1482.3,66.78196721311471
1482.4,66.97868852459027
1482.5,66.85932203389832
1482.6,66.89889830508466
1482.7,66.93950819672116
1482.8,66.81177966101694
1482.9,66.82
1483.0,66.82
1483.1,66.81268907563026
1483.2,66.83677165354331
1483.3,66.84573913043481
1483.4,66.81777777777776
1483.5,66.8084347826087
1483.6,66.79104347826089
1483.7,66.74300000000002
1483.8,66.78596638655453
1483.9,66.80196721311474
1484.0,66.80474999999996
1484.1,66.86892561983473
1484.2,66.8606611570248
1484.3,66.79917355371903
1484.4,66.78
1484.5,66.78
1484.6,66.78774999999997
1484.7,66.81094017094017
1484.8,66.81948717948717
1484.9,66.81182608695651
1485.0,66.78299145299145
1485.1,66.77525423728812
1485.2,66.78
1485.3,66.78628099173554
1485.4,66.81933884297521
1485.5,66.81169491525424
1485.6,66.79080000000002
1485.7,66.78
1485.8,66.79277310924368
1485.9,66.8264406779661
1486.0,66.85878260869568
1486.1,66.73704347826101
1486.2,66.79288135593225
1486.3,66.7978861788618
1486.4,66.79115702479339
1486.5,66.81193548387097
1486.6,66.82
1486.7,66.82
1486.8,66.79050847457626
1486.9,66.77420168067226
1487.0,66.7915517241379
1487.1,66.80876033057854
1487.2,66.76237288135576
1487.3,66.6267796610171
1487.4,66.61173913043478
1487.5,66.56172413793108
1487.6,66.6690756302519
1487.7,66.69219512195112
1487.8,66.54559322033897
1487.9,66.57034188034189
1488.0,66.5788888888889
1488.1,66.7525
1488.2,66.76060869565208
1488.3,66.66114754098359
1488.4,66.58
1488.5,66.57475409836063
1488.6,66.54196721311479
1488.7,66.72491803278687
1488.8,66.57934426229514
1488.9,66.4813223140497
1489.0,66.54731092436975
1489.1,66.5674358974359
1489.2,66.54179487179489
1489.3,66.54
1489.4,66.56713043478268
1489.5,66.55827586206897
1489.6,66.50050420168081
1489.7,66.44973913043479
1489.8,66.48684210526312
1489.9,66.53947368421055
1490.0,66.57443478260866
1490.1,66.5512820512821
1490.2,66.54
1490.3,66.51008547008549
1490.4,66.47568965517243
1490.5,66.50342105263161
1490.6,66.57877049180331
1490.7,66.5377868852459
1490.8,66.53
1490.9,66.5348717948718
1491.0,66.53052132701423
1491.1,66.5068246445498
1491.2,66.50949579831934
1491.3,66.56754098360655
1491.4,66.54295081967211
1491.5,66.49707317073174
1491.6,66.47462809917356
1491.7,66.49464000000006
1491.8,66.52333333333334
1491.9,66.44555555555567
1492.0,66.55666666666671
1492.1,66.5474358974359
1492.2,66.56469565217397
1492.3,66.56133333333334
1492.4,66.54
1492.5,66.54243478260872
1492.6,66.57721739130433
1492.7,66.54881355932204
1492.8,66.50782608695653
1492.9,66.48516393442621
1493.0,66.46745762711863
1493.1,66.44805084745761
1493.2,66.48956140350877
1493.3,66.44570175438602
1493.4,66.514358974359
1493.5,66.48067796610172
1493.6,66.39930434782616
1493.7,66.39543859649125
1493.8,66.48072580645164
1493.9,66.44040322580643
1494.0,66.48230769230767
1494.1,66.45095238095243
1494.2,66.43462809917355
1494.3,66.39483870967753
1494.4,66.28951351351367
1494.5,66.376
1494.6,66.45111111111105
1494.7,66.49
1494.8,66.49
1494.9,66.49
1495.0,66.34951612903227
1495.1,66.20157024793399
1495.2,66.21081300812999
1495.3,66.48723577235778
1495.4,66.29199999999967
1495.5,66.23372881355932
1495.6,66.32560975609738
1495.7,66.45352459016398
1495.8,66.47441666666673
1495.9,66.33275
1496.0,66.36976562499997
1496.1,66.33025862068976
1496.2,66.32967479674798
1496.3,66.3748780487806
1496.4,66.2293162393161
1496.5,66.16094017094021
1496.6,66.14614678899083
1496.7,66.14155963302753
1496.8,66.19120689655176
1496.9,66.20933884297516
1497.0,66.18
1497.1,66.18
1497.2,66.210701754386
1497.3,66.18692307692312
1497.4,66.15638655462186
1497.5,66.21741935483868
1497.6,66.35451612903208
1497.7,66.21719008264446
1497.8,66.23532786885247
1497.9,66.21443548387086
1498.0,66.14950819672131
1498.1,66.18291666666661
1498.2,66.22458333333337
1498.3,66.19520000000001
1498.4,66.18
1498.5,66.16644628099175
1498.6,66.14655737704918
1498.7,66.1793442622951
1498.8,66.18
1498.9,66.15445378151259
1499.0,66.14
1499.1,66.20155172413781
1499.2,66.26813559322021
1499.3,66.1323577235773
1499.4,66.28682926829289
1499.5,66.31
1499.6,66.20230769230787
1499.7,66.25000000000014
1499.8,66.43573913043483
1499.9,66.33561983471061
1500.0,66.12074380165312
1500.1,66.19119658119644
1500.2,66.24861386138612
1500.3,66.29811881188114
1500.4,66.20781512605032
1500.5,66.1991379310345
1500.6,66.21371681415937
1500.7,66.18620689655175
1500.8,66.2801652892563
1500.9,66.11487603305785
1501.0,66.06111111111115
1501.1,66.06264957264955
1501.2,66.13487804878048
1501.3,66.19894308943091
1501.4,66.1797580645163
1501.5,66.26846774193555
1501.6,66.11779661016975
1501.7,66.01361344537816
1501.8,66.01508771929821
1501.9,66.08817391304352
1502.0,66.16810344827583
1502.1,66.25196850393696
1502.2,66.29133858267718
1502.3,66.23553719008272
1502.4,66.10582608695651
1502.5,66.04230769230765
1502.6,66.06271929824582
1502.7,65.9597540983606
1502.8,66.2302459016394
1502.9,66.17975409836056
1503.0,66.17745901639343
1503.1,66.18140495867773
1503.2,66.16170731707322
1503.3,66.20918699186993
1503.4,66.12788617886173
1503.5,66.07829268292686
1503.6,66.12363636363625
1503.7,66.20278688524591
1503.8,66.19524590163941
1503.9,66.0722950819672
1504.0,66.17065573770496
1504.1,66.18190082644631
1504.2,66.11655462184868
1504.3,66.05233333333334
1504.4,66.06
1504.5,66.06
1504.6,66.06791304347824
1504.7,65.9733898305084
1504.8,65.99016129032256
1504.9,66.06714285714284
1505.0,66.05142857142853
1505.1,65.99428571428578
1505.2,65.99333333333333
1505.3,66.06173913043479
1505.4,66.06639999999992
1505.5,65.99439999999998
1505.6,68.46813559321939
1505.7,111.85769230770951
1505.8,169.5724999999488
1505.9,213.01702479341603
1506.0,250.5023140495777
1506.1,260.56016528924897
1506.2,252.56852459015977
1506.3,243.6938655462209
1506.4,269.50024793396324
1506.5,307.82737704922647
1506.6,222.433934426403
1506.7,269.17983870972324
1506.8,231.52738095243117
1506.9,224.3021367521336
1507.0,267.3466101694803
1507.1,281.34957264959144
1507.2,262.4179487179355
1507.3,190.73955752217404
1507.4,235.21169491532385
1507.5,253.6575939849616
1507.6,227.7854782609353
1507.7,181.88827586208208
1507.8,223.68293103446504
1507.9,261.3294827586591
1508.0,217.70603448274525
1508.1,228.98249999994636
1508.2,245.51487179487395
1508.3,263.7618181817746
1508.4,315.8046153844909
1508.5,233.67641025649323
1508.6,222.50589743591
1508.7,271.5563157894426
1508.8,259.5617647059394
1508.9,245.5807692308012
1509.0,267.8394736842088
1509.1,252.0692982456401
1509.2,227.85
1509.3,206.72288135594036
1509.4,227.1665517241727
1509.5,243.7759999999966
1509.6,259.8929914529533
1509.7,267.5114173228324
1509.8,236.75974789916907
1509.9,216.24714285710957
1510.0,279.9498387097323
1510.1,261.15392000002726
1510.2,222.5971428571803
1510.3,267.4674590164231
1510.4,239.98385245897336
1510.5,229.01918032786685
1510.6,257.52352941174865
1510.7,265.6688888888762
1510.8,250.92482758620068
1510.9,251.9666666666651
1511.0,239.13382113820575
1511.1,250.82487804875973
1511.2,198.69697478991068
1511.3,185.8190163934206
1511.4,215.3016129032272
1511.5,251.2993333333087
1511.6,278.3659999999754
1511.7,260.7199999999849
1511.8,237.9495121951292
1511.9,247.7760869565798
1512.0,288.38521367522424
1512.1,201.81647540980367
1512.2,246.3656557377074
1512.3,264.8858536585208
1512.4,226.62876033053627
1512.5,199.00165289256492
1512.6,244.3528455284467
1512.7,249.8081300812976
1512.8,250.77025641025563
1512.9,233.92482758619988
1513.0,244.2221052631349
1513.1,228.3272268908612
1513.2,185.80656000001647
1513.3,223.07371900825729
1513.4,237.75966942148895
1513.5,274.82649999999035
1513.6,268.11126984129527
1513.7,234.03764705881284
1513.8,224.8748717947512
1513.9,307.5928205128398
1514.0,208.78773109243315
1514.1,239.30778761054813
1514.2,254.99730434782597
1514.3,249.33976000000345
1514.4,248.6387068965552
1514.5,254.7710156250012
1514.6,250.32570312500275
1514.7,251.45133333333337
1514.8,249.9953658536597
1514.9,245.06084745761785
1515.0,241.2577419354789
1515.1,248.3383870967615
1515.2,253.7371186440682
1515.3,240.09
1515.4,242.13862068968345
1515.5,189.99721739117567
1515.6,91.19321739130444
1515.7,89.68235294117618
1515.8,89.41344537815155
1515.9,89.07796610169466
1516.0,128.73605263156662
1516.1,205.7682758619608
1516.2,255.2809649122809
1516.3,252.07058823530383
1516.4,240.4371929824527
1516.5,237.56
1516.6,232.1203448275905
1516.7,231.8394736842108
1516.8,234.78583333333336
1516.9,236.22245614034915
1517.0,234.4231578947353
1517.1,232.7337931034461
1517.2,236.0430508474577
1517.3,236.0938983050848
1517.4,235.8066666666661
1517.5,231.1513043478222
1517.6,208.32031250003547
1517.7,200.37423728811797
1517.8,240.0285245901954
1517.9,204.0940983606591
1518.0,222.09333333332805
1518.1,225.9135000000009
1518.2,230.76088709679425
1518.3,245.43785714286585
1518.4,262.97807017540566
1518.5,246.7850877192847
1518.6,226.93051282054373
1518.7,187.873478260837
1518.8,174.1461538461504
1518.9,189.2604838709684
1519.0,209.75991735533853
1519.1,247.54504132228777
1519.2,239.30584745761269
1519.3,223.6691304347759
1519.4,203.7154237287941
1519.5,218.0917241378804
1519.6,267.4860655737626
1519.7,272.6141379310053
1519.8,250.71758620688453
1519.9,255.74675213675653
1520.0,190.07885964909025
1520.1,206.28294117641852
1520.2,275.796666666666
1520.3,287.986722689102
1520.4,265.36487394955907
1520.5,269.10262295081714
1520.6,248.94813008131527
1520.7,210.7520512820156
1520.8,183.084655172402
1520.9,200.96307692309568
1521.0,253.9571186440688
1521.1,249.6689830508501
1521.2,221.15214876032428
1521.3,220.1949999999784
1521.4,230.9488135593212
1521.5,238.4506451612797
1521.6,286.60387096767835
1521.7,226.09826446273905
1521.8,235.1525000000105
1521.9,209.26491525416515
1522.0,170.49989130430018
1522.1,221.92380434774032
1522.2,248.96396694214928
1522.3,246.87656250000165
1522.4,235.15
1522.5,264.75869565214464
1522.6,247.86160000004796
1522.7,212.07128205129703
1522.8,204.53135999995777
1522.9,240.47230769231484
1523.0,259.8524347826281
1523.1,178.0959130435785
1523.2,181.2773504273574
1523.3,206.65684210524572
1523.4,271.42416666677343
1523.5,294.62739130426235
1523.6,213.3004347826036
1523.7,238.51833333334707
1523.8,251.6849999999888
1523.9,181.52942148749327
1524.0,170.91543859650986
1524.1,217.06264957263176
1524.2,256.4364102564066
1524.3,252.9188034187985
1524.4,256.2863247863256
1524.5,232.99560000001583
1524.6,201.42043478266515
1524.7,209.80103448274969
1524.8,249.0989830508128
1524.9,268.7972807017176
1525.0,233.0843089430783
1525.1,263.2143902438523
1525.2,222.6979999999772
1525.3,220.71896551723972
1525.4,235.83237288137207
1525.5,249.99052173915337
1525.6,258.8606086956503
1525.7,211.8781203007337
1525.8,198.0811278195472
1525.9,203.2726315789629
1526.0,208.00720779220757
1526.1,207.52203389828352
1526.2,238.58983050851168
1526.3,193.44439655169657
1526.4,186.57577586210107
1526.5,207.3950406504289
1526.6,222.5257627118695
1526.7,214.1975206611637
1526.8,198.676859504136
1526.9,238.99756521744388
1527.0,249.4168965517239
1527.1,200.34826086961343
1527.2,157.73928571428948
1527.3,175.66333333333333
1527.4,246.59681034483012
1527.5,248.93301724138004
1527.6,243.08931623931824
1527.7,232.74046153845495
1527.8,235.91757575756267
1527.9,259.6498989899344
1528.0,287.1516239316321
1528.1,293.5089915967435
1528.2,235.2872357723597
1528.3,241.0026829268239
1528.4,211.99057851235116
1528.5,225.32068965520745
1528.6,245.97033898305148
1528.7,248.04999999999671
1528.8,253.10862068967973
1528.9,236.6
1529.0,259.7428571428404
1529.1,224.19157024797715
1529.2,195.3120175438552
1529.3,214.11508620689224
1529.4,256.5679999999982
1529.5,249.4373109243485
1529.6,175.40369747912598
1529.7,179.34795081967974
1529.8,200.58567796608003
1529.9,249.8428695652704
1530.0,271.77719298237946
1530.1,214.1964912280624
1530.2,244.9037931034508
1530.3,247.80034482758643
1530.4,177.303043478152
1530.5,160.63347826087113
1530.6,208.129999999964
1530.7,245.84931034481573
1530.8,241.70652173913317
1530.9,250.92666666662123
1531.0,220.5933333333098
1531.1,195.56394736842972
1531.2,229.5194017094664
1531.3,270.6486324786174
1531.4,277.9400000000022
1531.5,259.36631999998843
1531.6,272.35031999997665
1531.7,194.82852459009885
1531.8,224.7999999999658
1531.9,264.64068965518203
1532.0,265.8234482758708
1532.1,242.5332203389923
1532.2,233.0131578947246
1532.3,218.3991228070228
1532.4,227.33479338843264
1532.5,205.25128205130488
1532.6,198.81413793100995
1532.7,224.68620689655768
1532.8,245.47000000002907
1532.9,210.20379310345805
1533.0,235.126206896542
1533.1,231.46517241380036
1533.2,275.66145299148104
1533.3,258.5337096774492
1533.4,220.76478260871428
1533.5,225.35482758621808
1533.6,156.48627118645095
1533.7,145.39305084744694
1533.8,179.41879310345803
1533.9,204.3350847457744
1534.0,229.43826446279857
1534.1,233.7504065041008
1534.2,183.0702400000077
1534.3,203.1982399999894
1534.4,124.84726495715584
1534.5,90.1541025641016
1534.6,89.14052173913048
1534.7,88.98775862068955
1534.8,88.86103999999992
1534.9,88.58903999999954
1535.0,88.50901639344261
1535.1,88.29636363636402
1535.2,88.13540983606556
1535.3,88.12048780487805
1535.4,88.18265402843586
1535.5,88.03573459715638
1535.6,87.88881516587689
1535.7,87.82327586206893
1535.8,87.80360655737705
1535.9,87.82966887417223
1536.0,87.8741176470587
1536.1,87.75647058823542
1536.2,74.75983050846585
1536.3,69.94172413793103
1536.4,69.95
1536.5,69.9597435897436
1536.6,69.92663934426244
1536.7,69.6725409836065
1536.8,69.60560975609764
1536.9,69.63547008547012
1537.0,69.60499999999999
1537.1,68.9697457627124
1537.2,68.19877192982638
1537.3,69.46305084745762
1537.4,69.49694915254237
1537.5,69.42777777777785
1537.6,69.30000000000024
1537.7,69.2974193548387
1537.8,69.37902439024404
1537.9,69.20914529914512
1538.0,69.12367521367526
1538.1,69.21769230769213
1538.2,69.22564102564101
1538.3,69.0750000000001
1538.4,68.99081967213135
1538.5,69.19084745762716
1538.6,69.11457627118651
1538.7,68.97104347826081
1538.8,69.05678260869557
1538.9,69.02394957983176
1539.0,68.96859504132233
1539.1,69.01170731707312
1539.2,69.05863247863252
1539.3,68.92188034188045
1539.4,68.93968503937012
1539.5,69.01056451612904
1539.6,69.03394957983201
1539.7,68.9542372881357
1539.8,69.0559322033897
1539.9,68.87999999999988
1540.0,68.79094017094016
1540.1,68.78758620689653
1540.2,68.7977192982456
1540.3,68.77
1540.4,68.77362903225814
1540.5,68.84620967741935
1540.6,68.73280991735562
1540.7,68.67
1540.8,68.76170940170934
1540.9,68.93936507936509
1541.0,68.83619047619057
1541.1,68.84540983606556
1541.2,68.72796610169489
1541.3,68.61741379310354
1541.4,68.57677966101694
1541.5,68.59086956521736
1541.6,68.69286885245894
1541.7,68.75024590163932
1541.8,68.65795081967218
1541.9,68.65500000000009
1542.0,68.64381355932203
1542.1,68.52637931034484
1542.2,68.50401709401697
1542.3,68.38435897435892
1542.4,68.59956521739178
1542.5,68.65813008130081
1542.6,68.5301652892564
1542.7,68.38949152542374
1542.8,68.4828448275862
1542.9,68.50870689655176
1543.0,68.30347826086953
1543.1,68.33457627118642
1543.2,68.46000000000016
1543.3,68.47529914529909
1543.4,68.32
1543.5,68.32486956521727
1543.6,68.44660869565193
1543.7,68.35702479338838
1543.8,68.32
1543.9,68.3360655737705
1544.0,68.36446280991736
1544.1,68.3743589743591
1544.2,68.28034188034185
1544.3,68.44799999999987
1544.4,68.41068965517232
1544.5,68.34050420168066
1544.6,68.28694915254242
1544.7,68.19705882352945
1544.8,68.09473684210515
1544.9,68.33157894736856
1545.0,68.33016949152541
1545.1,68.23393442622964
1545.2,68.21067796610171
1545.3,68.2420338983051
1545.4,68.16605042016815
1545.5,68.21647058823527
1545.6,68.16289473684222
1545.7,68.26678260869556
1545.8,68.228133971292
1545.9,68.08459330143523
1546.0,68.02478260869566
1546.1,68.12279999999991
1546.2,68.28829268292662
1546.3,68.07691056910576
1546.4,68.075593220339
1546.5,68.13103448275868
1546.6,68.13499999999999
1546.7,68.06333333333325
1546.8,67.97586776859507
1546.9,67.96360655737716
1547.0,68.05377049180325
1547.1,68.06322314049586
1547.2,68.04032258064511
1547.3,67.99129310344824
1547.4,67.92470588235291
1547.5,67.90016666666666
1547.6,67.90849999999999
1547.7,67.91
1547.8,67.87950000000001
1547.9,67.86680327868858
1548.0,67.88575000000002
1548.1,67.81075000000016
1548.2,67.81
1548.3,67.865041322314
1548.4,67.8609016393442
1548.5,67.83324999999999
1548.6,67.89146551724141
1548.7,67.81387931034475
1548.8,67.84925619834709
1548.9,67.85421874999999
1549.0,67.85915422885573
1549.1,67.87905472636815
1549.2,67.87448275862066
1549.3,67.84033333333333
1549.4,67.80678571428571
1549.5,67.77107142857143
1549.6,67.78874999999996
1549.7,67.83024793388431
1549.8,67.86
1549.9,67.86
1550.0,67.86
1550.1,67.88866666666665
1550.2,67.87921259842518
1550.3,67.86
1550.4,67.82557377049152
1550.5,67.66163934426226
1550.6,67.61805084745764
1550.7,67.59071428571426
1550.8,67.57556451612902
1550.9,67.57
1551.0,67.57360655737703
1551.1,67.60639344262289
1551.2,67.58811475409834
1551.3,67.59703389830506
1551.4,67.63130434782612
1551.5,67.63449999999995
1551.6,67.57462809917351
1551.7,67.6076859504132
1551.8,67.6504347826087
1551.9,67.6263793103448
1552.0,67.59436974789918
1552.1,67.57622807017545
1552.2,67.57
1552.3,67.57297520661156
1552.4,67.60603305785126
1552.5,67.61
1552.6,67.61
1552.7,67.61
1552.8,67.36411764705937
1552.9,66.31225000000165
1553.0,67.38724999999961
1553.1,67.63073170731694
1553.2,67.63435897435899
1553.3,67.50341880341904
1553.4,67.35683333333346
1553.5,67.4962608695653
1553.6,67.60060869565216
1553.7,67.61
1553.8,67.48536585365859
1553.9,67.4
1554.0,67.44940170940178
1554.1,67.53189655172451
1554.2,67.31043478260868
1554.3,67.3539130434782
1554.4,67.36
1554.5,67.36
1554.6,67.3367241379311
1554.7,67.36796610169496
1554.8,67.474
1554.9,67.3939999999999
1555.0,67.32719008264466
1555.1,67.34057851239666
1555.2,67.37796610169492
1555.3,67.3879310344828
1555.4,67.35166666666665
1555.5,67.31210084033619
1555.6,67.35411764705877
1555.7,67.32532258064516
1555.8,67.33627118644065
1555.9,67.35633333333332
1556.0,67.33464000000006
1556.1,67.27064000000013
1556.2,67.30245901639346
1556.3,67.31
1556.4,67.31
1556.5,67.31
1556.6,67.30379310344834
1556.7,67.27068376068374
1556.8,67.30487179487176
1556.9,67.1719658119657
1557.0,67.22590163934417
1557.1,67.23776859504153
1557.2,67.16130434782623
1557.3,67.31
1557.4,67.31
1557.5,67.33264957264959
1557.6,67.27074380165321
1557.7,67.09719008264484
1557.8,67.34512396694196
1557.9,67.28479999999996
1558.0,67.28851239669423
1558.1,67.31
1558.2,67.26760330578509
1558.3,67.1178443113773
1558.4,67.08191616766466
1558.5,67.04710743801654
1558.6,67.05599999999963
1558.7,67.2560000000001
1558.8,67.04487804878066
1558.9,67.03303278688533
1559.0,67.06
1559.1,67.0479310344828
1559.2,67.01188034188033
1559.3,66.97085470085467
1559.4,67.01358974358979
1559.5,66.98458333333335
1559.6,66.99579365079359
1559.7,67.03258064516127
1559.8,67.05491525423733
1559.9,67.02101694915251
1560.0,67.02801652892563
1560.1,66.9932258064516
1560.2,66.97
1560.3,66.97
1560.4,66.98272727272749
1560.5,67.09842975206614
1560.6,67.10256198347108
1560.7,67.07217741935486
1560.8,67.03524590163937
1560.9,67.0118548387097
1561.0,67.0199193548387
1561.1,67.05473684210523
1561.2,67.0233620689655
1561.3,67.01
1561.4,67.03272727272733
1561.5,67.04595041322311
1561.6,67.01974999999993
1561.7,67.09474999999995
1561.8,67.06219512195122
1561.9,67.02741935483866
1562.0,67.01
1562.1,67.01181034482758
1562.2,67.02
1562.3,67.02
1562.4,66.87913043478238
1562.5,66.95894736842108
1562.6,67.04503597122304
1562.7,66.99333333333307
1562.8,66.78820512820539
1562.9,66.81096774193547
1563.0,66.81466666666667
1563.1,66.81
1563.2,66.84034482758612
1563.3,66.96256198347125
1563.4,66.83859504132217
1563.5,66.79094017094015
1563.6,66.8249586776859
1563.7,66.84459016393443
1563.8,66.81816176470589
1563.9,66.81080882352941
1564.0,66.7871794871795
1564.1,66.78
1564.2,66.79410256410259
1564.3,66.81319327731092
1564.4,66.81361344537814
1564.5,66.78
1564.6,66.77137931034483
1564.7,66.7771794871795
1564.8,66.78
1564.9,66.81421487603313
1565.0,66.85109243697475
1565.1,66.77761904761911
1565.2,66.73793650793651
1565.3,66.76305785123968
1565.4,66.79950413223145
1565.5,66.82
1565.6,66.81823529411764
1565.7,66.81087719298245
1565.8,66.85473684210528
1565.9,66.823025210084
1566.0,66.81575
1566.1,66.82
1566.2,66.82
1566.3,66.81915966386555
1566.4,66.81075630252101
1566.5,66.74000000000005
1566.6,66.75860869565209
1566.7,66.78
1566.8,66.77647540983607
1566.9,66.77
1567.0,66.77
1567.1,66.7375409836066
1567.2,66.76104838709676
1567.3,66.78
1567.4,66.78
1567.5,66.75457627118631
1567.6,66.58508474576297
1567.7,66.77728813559328
1567.8,66.81313043478261
1567.9,66.83644628099175
1568.0,66.84578512396696
1568.1,66.81818181818181
1568.2,66.81
1568.3,66.81
1568.4,66.75
1568.5,66.63818965517251
1568.6,66.56817204301079
1568.7,66.54666666666667
1568.8,66.58758620689653
1568.9,66.5837606837606
1569.0,66.54
1569.1,66.54
1569.2,66.54
1569.3,66.54
1569.4,66.46959999999984
1569.5,66.46191304347829
1569.6,66.48377952755905
1569.7,66.50629310344824
1569.8,66.57525862068977
1569.9,66.48043103448273
1570.0,66.52417391304344
1570.1,66.54
1570.2,66.54
1570.3,66.54
1570.4,66.53034482758616
1570.5,66.47
1570.6,66.51310344827583
1570.7,66.55471074380165
1570.8,66.57
1570.9,66.52596774193533
1571.0,66.45525423728817
1571.1,66.54
1571.2,66.48166666666664
1571.3,66.41880000000005
1571.4,66.41235772357726
1571.5,66.4664462809917
1571.6,66.53476190476192
1571.7,66.4871428571428
1571.8,66.47297520661158
1571.9,66.5017355371901
1572.0,66.51223140495871
1572.1,66.47254237288138
1572.2,66.44317460317471
1572.3,66.52253968253973
1572.4,66.49524590163925
1572.5,66.47455284552846
1572.6,66.46871794871798
1572.7,66.44556521739133
1572.8,66.47991452991454
1572.9,66.47136752136751
1573.0,66.44864406779662
1573.1,66.46111999999994
1573.2,66.46586206896554
1573.3,66.44793650793646
1573.4,66.47968253968256
1573.5,66.48
1573.6,66.48
1573.7,66.29623931623924
1573.8,66.34877049180314
1573.9,66.44
1574.0,66.40947826086952
1574.1,66.3231092436974
1574.2,66.4323529411764
1574.3,66.44
1574.4,66.44
1574.5,66.44390625
1574.6,66.44818181818182
1574.7,66.44
1574.8,66.44
1574.9,66.47278688524594
1575.0,66.46583333333331
1575.1,66.36032258064516
1575.2,66.20512820512839
1575.3,66.38461538461512
1575.4,66.46525862068965
1575.5,66.45206896551727
1575.6,66.41173913043485
1575.7,66.28316239316246
1575.8,66.20132743362811
1575.9,66.37203389830508
1576.0,66.47615384615393
1576.1,66.28384615384635
1576.2,66.26400000000008
1576.3,66.34649122807026
1576.4,66.21785714285711
1576.5,66.14642857142859
1576.6,66.1713793103448
1576.7,66.21205128205132
1576.8,66.22491228070176
1576.9,66.19066666666663
1577.0,66.14193548387097
1577.1,66.15
1577.2,66.17479338842978
1577.3,66.34975206611547
1577.4,66.28439024390222
1577.5,66.11889830508476
1577.6,66.15318965517228
1577.7,66.22956521739133
1577.8,66.1860869565218
1577.9,66.18
1578.0,66.20845528455281
1578.1,66.21041666666673
1578.2,66.18
1578.3,66.18
1578.4,66.18
1578.5,66.14739495798318
1578.6,66.16536585365853
1578.7,66.17116465863454
1578.8,66.15510040160643
1578.9,66.14446280991741
1579.0,66.21884297520656
1579.1,66.19544715447158
1579.2,66.15967213114752
1579.3,66.16903225806449
1579.4,66.2234426229508
1579.5,66.18245901639348
1579.6,66.1486666666667
1579.7,66.11612903225804
1579.8,66.15555555555552
1579.9,66.20394736842096
1580.0,66.13339130434782
1580.1,66.10135593220335
1580.2,66.13525423728817
1580.3,66.20396694214872
1580.4,66.20173913043476
1580.5,66.18
1580.6,66.1892920353982
1580.7,66.17516666666673
1580.8,66.02220338983045
1580.9,66.13237288135609
1581.0,66.07363636363633
1581.1,66.03426086956519
1581.2,66.06
1581.3,66.07623931623931
1581.4,66.23863247863274
1581.5,66.17181415929201
1581.6,66.08774336283196
1581.7,66.03136752136751
1581.8,66.03049180327866
1581.9,66.05227586206897
1582.0,66.02468965517242
1582.1,66.09362903225792
1582.2,66.13983333333334
1582.3,66.14669491525424
1582.4,66.15086206896562
1582.5,66.19388297872328
1582.6,66.07154255319153
1582.7,65.98921739130441
1582.8,66.09933333333335
1582.9,66.06599999999995
1583.0,66.06
1583.1,66.03438016528932
1583.2,66.03975806451614
1583.3,66.07428571428566
1583.4,65.92302521008396
1583.5,65.99289256198352
1583.6,66.07525423728805
1583.7,66.09112
1583.8,66.07842975206609
1583.9,66.08699999999986
1584.0,65.98700000000005
1584.1,66.0790983606557
1584.2,66.08113821138207
1584.3,66.03658536585367
1584.4,66.02272727272734
1584.5,66.10544715447165
1584.6,65.9916260162602
1584.7,65.93016393442619
1584.8,66.02606557377037
1584.9,66.1379674796748
1585.0,66.08083333333352
1585.1,65.87250000000019
1585.2,66.04341463414636
1585.3,66.02371900826446
1585.4,66.02645161290341
1585.5,66.11
1585.6,66.10440000000013
1585.7,66.02440000000003
1585.8,66.01
1585.9,66.05462809917364
1586.0,66.07146341463417
1586.1,66.00870967741938
1586.2,66.00064516129032
1586.3,66.0
1586.4,66.04120967741939
1586.5,65.98205128205129
1586.6,65.93733333333307
1586.7,66.14084745762716
1586.8,66.06457627118651
1586.9,66.06
1587.0,66.05355932203389
1587.1,66.03066666666669
1587.2,67.17293103448324
1587.3,99.88173913034214
1587.4,229.00248000000832
1587.5,242.46647999999607
1587.6,244.98487603305784
1587.7,268.49466666670094
1587.8,275.3781147541307
1587.9,252.5842741935492
1588.0,297.0278225805971
1588.1,218.7413934426893
1588.2,208.483965517259
1588.3,230.9220168067091
1588.4,252.1477966101735
1588.5,247.4295652174062
1588.6,178.8857264956578
1588.7,237.8002564102873
1588.8,245.8626399999996
1588.9,210.0524390243456
1589.0,194.997619047605
1589.1,236.3483471074418
1589.2,233.05082644628283
1589.3,263.6371794871389
1589.4,256.90679999999577
1589.5,246.93439655172477
1589.6,257.6844444444008
1589.7,275.5239999999864
1589.8,227.645565217395
1589.9,222.49773913043185
1590.0,250.73291338582615
1590.1,218.7084615385044
1590.2,199.27666666670584
1590.3,240.11780487804435
1590.4,249.0121138211425
1590.5,221.0229032258244
1590.6,237.68779661013053
1590.7,252.55032258064543
1590.8,232.98138211387595
1590.9,179.16107438017502
1591.0,219.06190082646356
1591.1,238.5795238095208
1591.2,272.5273043478797
1591.3,275.41553846154466
1591.4,235.1619658119531
1591.5,213.35
1591.6,289.96475409824643
1591.7,237.41299999995957
1591.8,225.79015873016036
1591.9,256.30800000000124
1592.0,250.29363636366125
1592.1,192.6572727272868
1592.2,228.1342148760557
1592.3,251.5677777777705
1592.4,229.28546218478576
1592.5,184.4804273504412
1592.6,211.8315384614885
1592.7,238.6007692307645
1592.8,202.3864347826565
1592.9,239.4828571428796
1593.0,257.97260869566463
1593.1,253.25943089425584
1593.2,275.2378400000348
1593.3,213.46984000009095
1593.4,225.025785123986
1593.5,233.3174358974364
1593.6,243.8843999999955
1593.7,255.4299999999805
1593.8,238.429999999996
1593.9,282.4745454545824
1594.0,253.655121951247
1594.1,208.6991129032976
1594.2,194.15051724135824
1594.3,229.59709677421623
1594.4,212.17774193548613
1594.5,257.1202542372586
1594.6,253.0035344827894
1594.7,228.64224137930464
1594.8,241.9661739130009
1594.9,270.611612903175
1595.0,192.32295081963608
1595.1,272.9704918032727
1595.2,275.54173913040967
1595.3,221.939661016976
1595.4,205.39500000001487
1595.5,242.171818181816
1595.6,251.8277049180357
1595.7,232.20475409834825
1595.8,248.70399999997403
1595.9,241.0553043478021
1596.0,239.44086956523432
1596.1,251.42383333333183
1596.2,255.38634782608597
1596.3,251.5738793103504
1596.4,243.70318965516623
1596.5,248.47
1596.6,245.29851851852445
1596.7,244.6819130434844
1596.8,254.04637931034364
1596.9,256.21434782607247
1597.0,242.90130434782475
1597.1,249.03153846153413
1597.2,249.854051724136
1597.3,250.0150847457616
1597.4,250.8033333333333
1597.5,249.0362068965552
1597.6,240.10725806460533
1597.7,177.7282258064676
1597.8,110.2907826087824
1597.9,88.46841666666748
1598.0,89.06016949152537
1598.1,126.77188034181452
1598.2,242.35813559321628
1598.3,250.42593220338267
1598.4,246.95551724137667
1598.5,238.2972413793119
1598.6,236.6198275862037
1598.7,238.72218487395008
1598.8,238.4484070796452
1598.9,236.1787179487182
1599.0,236.3838461538463
1599.1,232.8931092437024
1599.2,231.67333333333332
1599.3,232.77547826086777
1599.4,235.1155555555572
1599.5,237.02921052631572
1599.6,238.8148717948596
1599.7,248.7806837606884
1599.8,244.65232000000196
1599.9,252.0787096774287
1600.0,238.01790322581925
1600.1,202.84198347109373
1600.2,186.3016949152702
1600.3,198.8440677965971
1600.4,184.20941176469168
1600.5,202.66379310345403
1600.6,228.30263157893495
1600.7,222.25245762709625
1600.8,190.45593495934943
1600.9,200.17138211383048
1601.0,214.50871794872305
1601.1,265.22560344825223
1601.2,237.47043103439552
1601.3,217.83869565218436
1601.4,230.1997637794236
1601.5,170.91000000001398
1601.6,183.9099999999985
1601.7,207.883983050846
1601.8,234.0201724137598
1601.9,247.27758620689733
1602.0,248.48859504132255
1602.1,237.90852459017768
1602.2,191.85114754096128
1602.3,246.88116279071377
1602.4,283.26897435899485
1602.5,273.1020661157184
1602.6,244.1303305785081
1602.7,239.9357894736954
1602.8,146.5936842106492
1602.9,248.80526315807964
1603.0,297.9918333333428
1603.1,283.01796610172687
1603.2,248.38699999998937
1603.3,239.5391803278469
1603.4,264.5686776858485
1603.5,207.5025619834657
1603.6,197.410245901638
1603.7,214.9496534653377
1603.8,244.0338118811531
1603.9,220.21589743587515
1604.0,189.1492307692266
1604.1,206.960136054408
1604.2,224.39551020409945
1604.3,289.7927586207149
1604.4,270.0947457626352
1604.5,228.69684210526063
1604.6,244.51264000000052
1604.7,244.69815789461128
1604.8,163.97008771926926
1604.9,214.87575000005472
1605.0,246.52399999999287
1605.1,248.62153846155007
1605.2,250.47644067797756
1605.3,261.92868852459185
1605.4,232.0270491803061
1605.5,190.2389344262617
1605.6,230.468292682878
1605.7,258.9960655737625
1605.8,237.8320000000144
1605.9,189.0637974683829
1606.0,216.13974683542477
1606.1,232.89576271185533
1606.2,255.6675
1606.3,306.9335668790158
1606.4,259.6533121018588
1606.5,238.60213114754092
1606.6,215.98714285720683
1606.7,160.1174999999997
1606.8,159.70083333333378
1606.9,234.8446551724448
1607.0,252.09886956521692
1607.1,242.9775862069173
1607.2,229.20697478991136
1607.3,213.48737288135328
1607.4,200.31211864418623
1607.5,266.4222881355588
1607.6,292.5623684210111
1607.7,287.7671304347746
1607.8,256.8440336134487
1607.9,258.15396551717737
1608.0,156.06775862070566
1608.1,213.85599999991703
1608.2,275.2297435897704
1608.3,283.1959055118134
1608.4,265.67728813559484
1608.5,262.7565000000273
1608.6,232.73150000002727
1608.7,199.04169491522023
1608.8,193.0111111111124
1608.9,216.6150000000433
1609.0,243.95008695651424
1609.1,240.80621848745983
1609.2,200.0771074380323
1609.3,228.0357851239354
1609.4,224.72016949152052
1609.5,264.9110344827537
1609.6,259.9169491525868
1609.7,222.9681739130671
1609.8,228.78722222221612
1609.9,161.50944444433398
1610.0,159.6694871794904
1610.1,209.8033913043581
1610.2,242.35228070176996
1610.3,244.35669421487705
1610.4,241.83950000001465
1610.5,253.4298347106964
1610.6,194.7604132231923
1610.7,220.03391304349012
1610.8,254.9082456140077
1610.9,255.0313913043388
1611.0,229.52247933884684
1611.1,210.904693877548
1611.2,220.3281632653092
1611.3,229.14078260868777
1611.4,240.1167826087029
1611.5,292.525478260825
1611.6,255.69688524592544
1611.7,233.66834710742955
1611.8,202.0221951219943
1611.9,170.2760000000052
1612.0,183.86694915255856
1612.1,222.07881355932352
1612.2,246.1
1612.3,256.1531623931563
1612.4,240.5761403508695
1612.5,208.85235294119315
1612.6,190.35805084743916
1612.7,215.61068376073828
1612.8,264.82435897438484
1612.9,247.61683760682436
1613.0,243.1548695652133
1613.1,232.9604347826503
1613.2,224.2599999999945
1613.3,240.4379661016521
1613.4,271.69596774192667
1613.5,257.06693548387824
1613.6,239.8732231405052
1613.7,212.85278688521663
1613.8,199.1713043478202
1613.9,203.1868376068093
1614.0,180.32947368422592
1614.1,223.1978947368062
1614.2,240.85820512821823
1614.3,213.97909090911557
1614.4,197.19193548387133
1614.5,204.40358974357696
1614.6,229.1523728812939
1614.7,281.1015254237649
1614.8,222.18815789476668
1614.9,240.74826086959231
1615.0,250.09806451612985
1615.1,218.3605128205928
1615.2,185.42813559325705
1615.3,244.79603448276143
1615.4,262.64086206899486
1615.5,250.84573913042533
1615.6,252.33333333333331
1615.7,239.5593103448184
1615.8,210.19052631581675
1615.9,213.553539823152
1616.0,277.11747826085514
1616.1,226.9910256410168
1616.2,239.69188034189293
1616.3,236.1726890756358
1616.4,196.26879032258373
1616.5,166.2650420168028
1616.6,153.26521739138516
1616.7,89.11982608695651
1616.8,89.00678260869574
1616.9,88.7393277310921
1617.0,88.47625000000008
1617.1,88.32271186440687
1617.2,88.24398230088494
1617.3,88.13949152542385
1617.4,88.02545454545462
1617.5,88.11636363636354
1617.6,88.00971698113234
1617.7,87.86820754716987
1617.8,87.81078947368421
1617.9,87.83357723577245
1618.0,87.81393442622945
1618.1,87.68688524590159
1618.2,87.73606557377047
1618.3,87.78717948717943
1618.4,82.09384615383502
1618.5,69.28999999999999
1618.6,69.69039999999998
1618.7,69.6984
1618.8,69.73333333333333
1618.9,69.6573170731705
1619.0,69.22971751412423
1619.1,68.3370621468941
1619.2,68.0524137931034
1619.3,68.6518260869549
1619.4,69.51
1619.5,69.48984000000016
1619.6,69.34584000000028
1619.7,69.32270491803278
1619.8,69.32
1619.9,69.30374999999998
1620.0,69.2643902439025
1620.1,69.19957264957266
1620.2,69.15683760683756
1620.3,69.15724137931034
1620.4,69.15442622950819
1620.5,69.11461538461533
1620.6,69.07260869565218
1620.7,69.11459016393447
1620.8,69.14737704918032
1620.9,68.99918032786879
1621.0,69.02241379310338
1621.1,69.04230769230776
1621.2,69.05784482758627
1621.3,69.09771186440688
1621.4,68.81232758620702
1621.5,68.88991379310352
1621.6,68.83250000000001
1621.7,68.81
1621.8,68.87982758620672
1621.9,68.94099999999997
1622.0,68.90580645161292
1622.1,68.938064516129
1622.2,68.91650000000001
1622.3,68.82915966386567
1622.4,68.79833333333337
1622.5,68.78709401709399
1622.6,68.73191304347806
1622.7,68.84948717948714
1622.8,68.83239316239317
1622.9,68.5967796610168
1623.0,68.59000000000005
1623.1,68.63100775193801
1623.2,68.6017094017094
1623.3,68.6115517241379
1623.4,68.66327586206901
1623.5,68.63282051282052
1623.6,68.68086956521734
1623.7,68.63504065040644
1623.8,68.56642276422754
1623.9,68.67
1624.0,68.67
1624.1,68.63395348837213
1624.2,68.53578947368413
1624.3,68.45275862068966
1624.4,68.44114754098364
1624.5,68.46895652173913
1624.6,68.46026086956522
1624.7,68.55278260869562
1624.8,68.49869565217402
1624.9,68.4757264957265
1625.0,68.48
1625.1,68.46625000000003
1625.2,68.42779661016948
1625.3,68.41084745762713
1625.4,68.37724137931033
1625.5,68.37
1625.6,68.34796610169496
1625.7,68.34912790697675
1625.8,68.38982558139531
1625.9,68.41956521739132
1626.0,68.35436974789918
1626.1,68.25983606557381
1626.2,68.2589344262295
1626.3,68.46385245901608
1626.4,68.19743801652868
1626.5,68.25237288135602
1626.6,68.29521367521372
1626.7,68.21652173913041
1626.8,68.12228070175439
1626.9,68.1376800000001
1627.0,68.20168000000004
1627.1,68.32409836065565
1627.2,68.31672131147539
1627.3,68.27
1627.4,68.26173913043478
1627.5,68.22033613445377
1627.6,68.22873949579831
1627.7,68.15796610169484
1627.8,68.06909090909095
1627.9,68.11504132231426
1628.0,68.22652173913028
1628.1,68.07521739130434
1628.2,68.12739130434788
1628.3,68.22827586206901
1628.4,68.18087499999987
1628.5,68.09711864406779
1628.6,68.03
1628.7,68.03
1628.8,67.96739130434788
1628.9,68.04555555555568
1629.0,68.14263157894736
1629.1,68.13118644067805
1629.2,68.04950819672128
1629.3,67.98393442622957
1629.4,68.00369747899163
1629.5,68.10782608695658
1629.6,68.0720689655173
1629.7,67.9359649122806
1629.8,67.86499999999997
1629.9,67.89770491803277
1630.0,67.7747540983606
1630.1,67.87092436974773
1630.2,67.93280991735539
1630.3,67.89624
1630.4,67.80808333333333
1630.5,67.80239999999993
1630.6,67.88239999999988
1630.7,67.83499999999997
1630.8,67.85043478260869
1630.9,67.48154362416024
1631.0,66.50838926174576
1631.1,67.54791999999794
1631.2,67.91
1631.3,67.86310077519379
1631.4,67.81966386554627
1631.5,67.88709844559583
1631.6,67.8456476683938
1631.7,67.81364583333337
1631.8,67.83968750000001
1631.9,67.851129032258
1632.0,67.81080645161289
1632.1,67.7201666666668
1632.2,67.61333333333333
1632.3,67.67078260869552
1632.4,67.78000000000003
1632.5,67.82033333333332
1632.6,67.82836065573778
1632.7,67.63163934426221
1632.8,67.79388429752039
1632.9,67.72290322580626
1633.0,67.59508474576269
1633.1,67.57831999999995
1633.2,67.60966666666667
1633.3,67.57633333333334
1633.4,67.60461538461546
1633.5,67.59377049180326
1633.6,67.57
1633.7,67.57507936507939
1633.8,67.6068253968254
1633.9,67.57974789915964
1634.0,67.59386554621847
1634.1,67.62677419354836
1634.2,67.65
1634.3,67.64826446280996
1634.4,67.59041322314039
1634.5,67.59968000000002
1634.6,66.94256410256499
1634.7,66.7357264957262
1634.8,67.6660000000001
1634.9,67.56931623931622
1635.0,67.56076923076924
1635.1,67.59922413793099
1635.2,67.58599999999998
1635.3,67.48101694915258
1635.4,67.37084745762715
1635.5,67.42556521739112
1635.6,67.6081739130431
1635.7,67.5752631578947
1635.8,67.59764227642276
1635.9,67.58967213114751
1636.0,67.4994117647059
1636.1,67.35288135593221
1636.2,67.32595238095267
1636.3,67.52436507936487
1636.4,67.44064
1636.5,67.45333333333319
1636.6,67.50875000000019
1636.7,67.36
1636.8,67.36
1636.9,67.36
1637.0,67.35471544715446
1637.1,67.36764705882351
1637.2,67.39252032520321
1637.3,67.36
1637.4,67.36
1637.5,67.27798245614034
1637.6,67.28610169491523
1637.7,67.33245762711866
1637.8,67.34588709677423
1637.9,67.31474137931042
1638.0,67.35784482758616
1638.1,67.36
1638.2,67.32652173913044
1638.3,67.31
1638.4,67.29095238095238
1638.5,67.26901639344261
1638.6,67.31
1638.7,67.35310344827593
1638.8,67.32639999999998
1638.9,67.28601626016254
1639.0,67.2907692307693
1639.1,67.35269230769231
1639.2,67.31423076923076
1639.3,67.34903508771926
1639.4,67.29697478991588
1639.5,67.26
1639.6,67.24689655172416
1639.7,67.1901694915255
1639.8,67.06621761658016
1639.9,67.22165803108817
1640.0,67.36
1640.1,67.36
1640.2,67.13655737704919
1640.3,67.04000000000002
1640.4,67.02
1640.5,67.02966666666667
1640.6,67.05697478991597
1640.7,67.0233613445378
1640.8,67.0483464566929
1640.9,67.03846153846149
1641.0,67.0344881889764
1641.1,67.06
1641.2,67.06
1641.3,67.02666666666667
1641.4,67.02
1641.5,67.02
1641.6,67.03573770491798
1641.7,67.07262295081966
1641.8,66.99885245901636
1641.9,67.0400813008131
1642.0,67.06
1642.1,67.0904519774011
1642.2,67.1525988700565
1642.3,67.07608695652189
1642.4,67.03853658536589
1642.5,67.0485714285714
1642.6,67.02517241379306
1642.7,67.0596551724138
1642.8,67.06
1642.9,66.99923076923073
1643.0,66.995
1643.1,67.02
1643.2,67.02543103448275
1643.3,67.04652173913051
1643.4,66.97695652173913
1643.5,66.97
1643.6,66.85125000000018
1643.7,66.88201612903237
1643.8,66.9732203389831
1643.9,66.88516666666683
1644.0,67.00183333333328
1644.1,66.98000000000006
1644.2,66.99243902439026
1644.3,67.01386554621848
1644.4,66.96461538461527
1644.5,66.79879194630873
1644.6,66.98671140939594
1644.7,66.9390082644626
1644.8,66.8073015873016
1644.9,66.78722580645167
1645.0,66.83883870967745
1645.1,66.84033333333336
1645.2,66.81666666666666
1645.3,66.79307692307697
1645.4,66.72306748466264
1645.5,66.78441717791411
1645.6,66.80576271186442
1645.7,66.7978512396695
1645.8,66.86974137931036
1645.9,66.86112068965517
1646.0,66.79894736842108
1646.1,66.78
1646.2,66.78
1646.3,66.78
1646.4,66.78834782608699
1646.5,66.81686956521737
1646.6,66.78208695652177
1646.7,66.77253968253967
1646.8,66.79344827586206
1646.9,66.79677966101691
1647.0,66.78
1647.1,66.79615384615381
1647.2,66.8667213114753
1647.3,66.78475409836066
1647.4,66.77694915254239
1647.5,66.78
1647.6,66.78
1647.7,66.79152542372883
1647.8,66.82
1647.9,66.82
1648.0,66.77689655172416
1648.1,66.77682926829267
1648.2,66.80140350877197
1648.3,66.81598290598289
1648.4,66.81
1648.5,66.80266666666668
1648.6,66.73600000000002
1648.7,66.76370370370375
1648.8,66.78
1648.9,66.78966942148762
1649.0,66.76499999999993
1649.1,66.52521739130422
1649.2,66.78608695652194
1649.3,66.81243478260869
1649.4,66.7922950819672
1649.5,66.78
1649.6,66.7647457627119
1649.7,66.70551724137937
1649.8,66.58482758620706
1649.9,66.74842105263187
1650.0,66.70869565217383
1650.1,66.73275590551175
1650.2,66.78
1650.3,66.7512500000001
1650.4,66.62624999999986
1650.5,66.77560344827593
1650.6,66.79041322314052
1650.7,66.66682926829274
1650.8,66.54
1650.9,66.54338709677423
1651.0,66.56758064516129
1651.1,66.57731707317072
1651.2,66.5578512396694
1651.3,66.62692913385824
1651.4,66.75141592920349
1651.5,66.60819548872178
1651.6,66.57812030075189
1651.7,76.84567796612014
1651.8,74.86067226890786
1651.9,65.58682926829319
1652.0,66.56677685950415
1652.1,66.5419834710744
1652.2,66.56991869918701
1652.3,66.55680672268907
1652.4,66.54
1652.5,66.53772357723578
1652.6,66.53213675213671
1652.7,66.57487179487181
1652.8,66.58
1652.9,66.58
1653.0,66.51948275862058
1653.1,66.47780487804879
1653.2,66.54
1653.3,66.54
1653.4,66.5716666666667
1653.5,66.57353448275862
1653.6,66.51957264957265
1653.7,66.48826086956528
1653.8,66.51149606299212
1653.9,66.48
1654.0,66.44694214876033
1654.1,66.50869565217387
1654.2,66.50606060606059
1654.3,66.47268907563024
1654.4,66.48107438016531
1654.5,66.4893388429752
1654.6,66.48226890756304
1654.7,66.47396694214876
1654.8,66.50058823529409
1654.9,66.51203389830496
1655.0,66.44657894736847
1655.1,66.48957983193277
1655.2,66.44756302521009
1655.3,66.46033057851238
1655.4,66.4752136752137
1655.5,66.47620689655172
1655.6,66.47
1655.7,66.46707317073171
1655.8,66.4345528455285
1655.9,66.43735042735044
1656.0,66.43488888888889
1656.1,66.44440677966098
1656.2,66.45675213675202
1656.3,66.31145299145297
1656.4,66.26805084745762
1656.5,66.35236842105269
1656.6,66.39
1656.7,66.43047619047626
1656.8,66.47958333333338
1656.9,66.4277118644065
1657.0,66.1819491525422
1657.1,66.32114754098349
1657.2,66.39
1657.3,66.40837606837603
1657.4,66.43777777777777
1657.5,66.43477876106196
1657.6,66.48787610619462
1657.7,66.53000000000004
1657.8,66.41551724137926
1657.9,66.369512195122
1658.0,66.40881355932206
1658.1,66.41457627118648
1658.2,66.22926829268295
1658.3,66.15609756097558
1658.4,66.30666666666683
1658.5,66.31375000000003
1658.6,66.32338983050839
1658.7,66.41342105263121
1658.8,66.1523076923077
1658.9,66.17794871794877
1659.0,66.41193277310921
1659.1,66.42701612903237
1659.2,66.29120967741942
1659.3,66.14
1659.4,66.14322580645168
1659.5,66.20774193548387
1659.6,66.19206896551728
1659.7,66.15868852459016
1659.8,66.15482758620686
1659.9,66.19134453781516
1660.0,66.22652173913042
1660.1,66.1830434782609
1660.2,66.15047619047617
1660.3,66.18130136986304
1660.4,66.21398305084735
1660.5,66.14203389830504
1660.6,66.2098305084745
1660.7,66.19959999999999
1660.8,66.185
1660.9,66.18
1661.0,66.17438016528925
1661.1,66.14132231404963
1661.2,66.17121951219512
1661.3,66.20943548387092
1661.4,66.2092372881356
1661.5,66.18
1661.6,66.18150862068963
1661.7,66.20306034482759
1661.8,66.2246120689655
1661.9,66.19794871794869
1662.0,66.16868292682928
1662.1,66.14917073170733
1662.2,66.17942148760336
1662.3,66.21677685950415
1662.4,66.18
1662.5,66.18
1662.6,66.21708333333328
1662.7,66.20240000000003
1662.8,66.16545454545458
1662.9,66.14579831932775
1663.0,66.17363636363628
1663.1,66.26454545454538
1663.2,66.22991379310339
1663.3,66.09448275862066
1663.4,66.03161016949157
1663.5,66.08661290322577
1663.6,66.16371900826447
1663.7,66.20504132231407
1663.8,66.10000000000015
1663.9,66.14793103448275
1664.0,66.21
1664.1,66.21
1664.2,66.12575221238927
1664.3,66.10181818181819
1664.4,66.13170731707315
1664.5,66.11
1664.6,66.11
1664.7,66.07300813008126
1664.8,66.0821138211382
1664.9,66.06680327868848
1665.0,66.03430894308937
1665.1,66.14
1665.2,66.07442622950815
1665.3,66.02163934426233
1665.4,66.00470588235295
1665.5,66.02594827586209
1665.6,66.05822033898305
1665.7,66.05260869565231
1665.8,66.13956521739136
1665.9,66.11991452991451
1666.0,66.08066115702479
1666.1,66.1151181102362
1666.2,66.16447154471525
1666.3,66.01
1666.4,66.01813008130082
1666.5,65.95636363636369
1666.6,65.93821138211378
1666.7,65.99948717948726
1666.8,66.08206896551741
1666.9,65.97
1667.0,66.00508771929827
1667.1,66.14393442622945
1667.2,66.1788429752066
1667.3,66.1250406504066
1667.4,66.06666666666666
1667.5,66.1
1667.6,65.95365853658555
1667.7,66.09818181818201
1667.8,66.2
1667.9,66.17086614173225
1668.0,66.09752066115702
1668.1,66.0727272727273
1668.2,65.96440677966103
1668.3,66.1074999999998
1668.4,66.09565217391291
1668.5,65.97344537815125
1668.6,66.0016935483871
1668.7,66.00975806451613
1668.8,65.85768595041337
1668.9,65.87472000000001
1669.0,65.97652173913033
1669.1,66.03049180327879
1669.2,65.97675213675225
1669.3,66.09641025641007
1669.4,66.06626086956516
1669.5,125.62765217398628
1669.6,161.2705982905807
1669.7,203.85190082645263
1669.8,233.82140495869413
1669.9,178.8513793103573
1670.0,210.6186206896427
1670.1,248.5154385964315
1670.2,235.07149999998725
1670.3,254.8540495867482
1670.4,274.72611570245004
1670.5,246.7694214876224
1670.6,276.7033057850924
1670.7,243.27983870967404
1670.8,217.4272033898412
1670.9,248.0078632479616
1671.0,267.90758620684574
1671.1,209.6575862068914
1671.2,241.629677419368
1671.3,251.621612903228
1671.4,241.15442622949135
1671.5,256.12704918031267
1671.6,272.000578512425
1671.7,245.54754237283987
1671.8,193.06449152550363
1671.9,233.63289256202103
1672.0,258.21735537189386
1672.1,222.3895652175264
1672.2,186.39931623930912
1672.3,220.57735042731275
1672.4,263.9416799999996
1672.5,263.46968000000004
1672.6,251.9522500000032
1672.7,233.39499999997565
1672.8,239.08256198345032
1672.9,265.55380165285743
1673.0,193.6860330578026
1673.1,243.0030894308639
1673.2,257.8519008264464
1673.3,248.2139495798472
1673.4,248.4656410256859
1673.5,277.06913043477255
1673.6,257.22234782610093
1673.7,227.83973913041095
1673.8,235.2792499999875
1673.9,243.13478632478788
1674.0,219.51940170941705
1674.1,204.54052173906857
1674.2,256.922241379314
1674.3,267.7936521739215
1674.4,249.9762608695508
1674.5,281.4246280991429
1674.6,252.86362068977425
1674.7,228.86934426229791
1674.8,245.38870967742224
1674.9,261.94669421479944
1675.0,202.86404958680015
1675.1,221.63677685948588
1675.2,233.8769421487592
1675.3,214.43190082648792
1675.4,183.35516129032632
1675.5,208.8309677419579
1675.6,236.57542372877708
1675.7,252.2810000000056
1675.8,243.08723076924463
1675.9,226.3876859504153
1676.0,233.56862068968624
1676.1,283.12034482757844
1676.2,253.34222222223173
1676.3,234.2483333333448
1676.4,238.34615384617305
1676.5,242.60547826086332
1676.6,225.4171875000045
1676.7,216.99531249998836
1676.8,236.9166086956616
1676.9,238.96302325581087
1677.0,212.6115254237384
1677.1,192.40322580641768
1677.2,233.1440000000116
1677.3,258.5690000000116
1677.4,284.3413114754464
1677.5,259.29500000001747
1677.6,218.4894308943406
1677.7,197.23365853658945
1677.8,200.38
1677.9,252.1155371901128
1678.0,257.7912800000032
1678.1,253.28271186440983
1678.2,253.28869565217664
1678.3,256.0416949152559
1678.4,250.8402631578953
1678.5,251.1823684210528
1678.6,242.3272950819782
1678.7,244.54330508474925
1678.8,244.7220000000018
1678.9,240.4756410256512
1679.0,248.1572727272726
1679.1,247.97545454545477
1679.2,249.90073170731665
1679.3,172.22083969472789
1679.4,87.43266666666652
1679.5,87.52241379310257
1679.6,89.12586206896337
1679.7,180.5720689655322
1679.8,235.2000826446348
1679.9,251.94764705882037
1680.0,248.8995652173928
1680.1,244.86050847458205
1680.2,240.2408620689631
1680.3,236.39603448275923
1680.4,232.4416521739085
1680.5,231.49
1680.6,232.49285714285529
1680.7,234.0591304347834
1680.8,234.79016949152543
1680.9,234.3446086956517
1681.0,234.07504347826065
1681.1,236.7029565217386
1681.2,192.9075862068188
1681.3,192.6483760683517
1681.4,224.82672413793048
1681.5,231.31976190475788
1681.6,236.05785714284968
1681.7,227.40310344827657
1681.8,202.1192857143093
1681.9,222.4981818182573
1682.0,279.8196521739649
1682.1,306.3138333333434
1682.2,230.59716666664804
1682.3,239.9810434782532
1682.4,258.77368421053365
1682.5,256.2064516129128
1682.6,250.82633333332944
1682.7,253.6824590163949
1682.8,255.4436666666873
1682.9,232.7853333333024
1683.0,213.3927868852438
1683.1,204.1416666666682
1683.2,194.7006611570051
1683.3,188.88976377951423
1683.4,228.0314960630468
1683.5,238.5635294117594
1683.6,198.0330327869341
1683.7,190.58893442625876
1683.8,214.81267241379453
1683.9,220.48722689081703
1684.0,275.26873949584854
1684.1,215.0435897436883
1684.2,222.57516666667277
1684.3,249.39183333333943
1684.4,165.65508620675018
1684.5,168.41672413795052
1684.6,219.92051724138977
1684.7,244.2727499999824
1684.8,240.11696721309897
1684.9,258.24262295081184
1685.0,228.16065573768583
1685.1,195.98596638659188
1685.2,200.1453719008389
1685.3,227.3790322580701
1685.4,245.4924242423804
1685.5,211.06818181818537
1685.6,233.6105882352828
1685.7,226.580347826064
1685.8,226.67
1685.9,254.2417355372274
1686.0,279.5038211382397
1686.1,241.2030081301592
1686.2,211.13636363635123
1686.3,187.17540983608131
1686.4,183.3501694915328
1686.5,189.54859504132253
1686.6,196.10384615377205
1686.7,239.95
1686.8,204.0891304348181
1686.9,194.808717948715
1687.0,195.79763779527596
1687.1,204.7003478260765
1687.2,234.5175609756485
1687.3,298.8593750000303
1687.4,255.17187499994645
1687.5,258.81034482759685
1687.6,210.78968503937853
1687.7,168.7696721312419
1687.8,237.90175438595796
1687.9,296.41929824567006
1688.0,250.4743801653252
1688.1,258.3245689654703
1688.2,248.3822413793188
1688.3,215.10495652177232
1688.4,193.1413793103445
1688.5,198.015384615358
1688.6,248.8102564102001
1688.7,204.42649572646687
1688.8,213.79449999997345
1688.9,224.065
1689.0,227.6266666666591
1689.1,245.1696551723284
1689.2,302.48
1689.3,271.66095238098575
1689.4,240.84190476190145
1689.5,213.0608695652418
1689.6,205.3437007874033
1689.7,197.4796551724126
1689.8,196.24666666664723
1689.9,224.3165289256392
1690.0,248.25867768592929
1690.1,222.8024793388764
1690.2,200.312892561979
1690.3,207.32199999997448
1690.4,247.5420661157622
1690.5,294.9336363636652
1690.6,231.11545454547127
1690.7,244.16585365856764
1690.8,210.67382113823516
1690.9,158.45316239316224
1691.0,170.3963636363737
1691.1,237.4872727271693
1691.2,246.0879166666713
1691.3,247.5672727272728
1691.4,235.71172413792112
1691.5,211.1863157894879
1691.6,201.6260344826838
1691.7,246.88101694915164
1691.8,269.9911864406682
1691.9,245.15999999996816
1692.0,244.92862068965795
1692.1,223.1869230769673
1692.2,204.69409836065984
1692.3,238.34666666666632
1692.4,237.1799999999992
1692.5,254.18508474576493
1692.6,230.8291869919077
1692.7,222.9278688524585
1692.8,240.22179487182245
1692.9,217.80454545453009
1693.0,184.98636363634205
1693.1,207.01333333333497
1693.2,231.1474166666847
1693.3,220.96025000001228
1693.4,180.5043307086776
1693.5,190.905905511803
1693.6,214.6155118109889
1693.7,250.05137931035125
1693.8,254.85104838712027
1693.9,235.15173553719563
1694.0,239.2195238094799
1694.1,188.54492063491327
1694.2,192.76130434785267
1694.3,193.17898305085075
1694.4,203.9222608695724
1694.5,230.89339130433692
1694.6,239.46608695655416
1694.7,220.8350427350559
1694.8,192.5871794872091
1694.9,230.02198275864376
1695.0,296.82846153844844
1695.1,283.2377419355816
1695.2,224.5909917355551
1695.3,256.50636363635635
1695.4,243.59727272725792
1695.5,181.50983050843405
1695.6,202.57142857136623
1695.7,244.14517241379025
1695.8,248.02153846156065
1695.9,229.4497391304476
1696.0,246.12525000000488
1696.1,224.6502500000049
1696.2,261.971565217455
1696.3,283.2296521739146
1696.4,258.54874999994166
1696.5,227.47476190475285
1696.6,247.3836752136551
1696.7,264.65717948718856
1696.8,188.0445762711761
1696.9,220.78034482773296
1697.0,259.1565517241366
1697.1,240.62610169493493
1697.2,212.07487603305947
1697.3,255.14925619835685
1697.4,242.8217741935302
1697.5,228.75384615383604
1697.6,260.105
1697.7,273.2525641025203
1697.8,235.16956521736213
1697.9,255.31874015747968
1698.0,267.1061417322765
1698.1,180.3072807019336
1698.2,125.8570689655269
1698.3,101.1666379310556
1698.4,88.9778813559321
1698.5,88.7838095238095
1698.6,88.59333333333345
1698.7,88.45146341463409
1698.8,88.42206896551724
1698.9,88.37834782608688
1699.0,88.231052631579
1699.1,88.01208333333355
1699.2,87.83
1699.3,87.83
1699.4,87.87102564102574
1699.5,87.84274999999997
1699.6,87.72215517241398
1699.7,87.62230769230776
1699.8,87.71434782608698
1699.9,87.55782608695634
1700.0,76.04038461537755
1700.1,69.03048780487778
1700.2,69.80796610169469
1700.3,69.54525423728802
1700.4,68.86466321243391
1700.5,68.25958677686054
1700.6,69.25132231404895
1700.7,69.51769230769241
1700.8,69.4906896551724
1700.9,69.40922413793093
1701.0,69.36406779661017
1701.1,69.35140495867766
1701.2,69.35966942148761
1701.3,69.36780487804879
1701.4,69.26843478260857
1701.5,69.26547826086954
1701.6,69.3275438596491
1701.7,69.35169354838709
1701.8,69.3871074380166
1701.9,69.32925619834703
1702.0,69.17517241379298
1702.1,69.1140350877193
1702.2,69.11
1702.3,69.04606557377055
1702.4,68.93809917355384
1702.5,69.10338842975221
1702.6,68.98512195121955
1702.7,69.05156521739143
1702.8,69.005
1702.9,68.88173913043472
1703.0,68.8611570247934
1703.1,68.89560975609767
1703.2,68.82243902439028
1703.3,68.80308333333333
1703.4,68.8
1703.5,68.8
1703.6,68.81982758620683
1703.7,68.89401709401704
1703.8,68.808547008547
1703.9,68.73017241379297
1704.0,68.74860869565221
1704.1,68.7191379310345
1704.2,68.64405172413785
1704.3,68.5909243697479
1704.4,68.57573770491813
1704.5,68.77245901639361
1704.6,68.62948275862097
1704.7,68.54586206896553
1704.8,68.52068965517243
1704.9,68.55508474576276
1705.0,68.65
1705.1,68.65
1705.2,68.51051282051277
1705.3,68.56853448275858
1705.4,68.56692307692299
1705.5,68.49068376068371
1705.6,68.48596491228068
1705.7,68.63487394957976
1705.8,68.5340336134455
1705.9,68.56282051282052
1706.0,68.50247863247866
1706.1,68.48589743589741
1706.2,68.47479999999996
1706.3,68.4529508196721
1706.4,68.56770491803283
1706.5,68.53813008130084
1706.6,68.49822033898312
1706.7,68.49379032258065
1706.8,68.4965853658537
1706.9,68.44442622950818
1707.0,68.2886885245901
1707.1,68.33599999999991
1707.2,68.4303448275862
1707.3,68.40765217391318
1707.4,68.33298245614036
1707.5,68.36186991869918
1707.6,68.37
1707.7,67.22950413223074
1707.8,67.8134745762711
1707.9,68.22
1708.0,68.20548387096773
1708.1,68.18034482758615
1708.2,68.26655172413801
1708.3,68.23190476190476
1708.4,68.1621487603305
1708.5,68.13675213675214
1708.6,68.16273504273504
1708.7,68.18163793103456
1708.8,68.25922413793106
1708.9,68.31974137931044
1709.0,68.28951219512193
1709.1,68.22384615384618
1709.2,68.14260869565207
1709.3,68.10135593220338
1709.4,68.16051724137932
1709.5,68.06568965517249
1709.6,68.06764227642276
1709.7,68.09366666666669
1709.8,68.14923076923073
1709.9,68.20535433070869
1710.0,68.20823999999989
1710.1,68.04024000000005
1710.2,68.05278260869571
1710.3,68.04824675324674
1710.4,68.0256521739131
1710.5,68.06913043478262
1710.6,68.03786885245906
1710.7,68.05471544715446
1710.8,68.06561983471074
1710.9,68.02617886178847
1711.0,67.9369230769231
1711.1,68.01384615384612
1711.2,68.09731092436974
1711.3,68.01483050847472
1711.4,67.8873983739837
1711.5,67.81
1711.6,67.74043478260874
1711.7,67.04478260869465
1711.8,66.82555555555584
1711.9,67.85538461538461
1712.0,67.80410256410258
1712.1,67.8484210526315
1712.2,67.85338983050848
1712.3,67.82560975609759
1712.4,67.83135593220344
1712.5,67.89833333333334
1712.6,67.88655172413802
1712.7,67.81758620689654
1712.8,67.81
1712.9,67.81
1713.0,67.82880000000002
1713.1,67.86
1713.2,67.86
1713.3,67.86
1713.4,67.79771929824551
1713.5,67.7128925619835
1713.6,67.71901639344242
1713.7,67.83666666666649
1713.8,67.67000000000013
1713.9,67.66
1714.0,67.63154471544719
1714.1,67.61
1714.2,67.61
1714.3,67.61
1714.4,67.61
1714.5,67.6302479338843
1714.6,67.62561403508771
1714.7,67.53086206896562
1714.8,67.6084482758621
1714.9,67.26913043478233
1715.0,67.05661016949092
1715.1,67.6752542372873
1715.2,67.6248695652174
1715.3,67.54873949579834
1715.4,67.54695652173918
1715.5,67.58504
1715.6,67.61
1715.7,67.61043859649122
1715.8,67.65429824561397
1715.9,67.59191304347827
1716.0,67.57
1716.1,67.6119999999999
1716.2,67.64548387096772
1716.3,67.58846153846163
1716.4,67.40897435897415
1716.5,67.6058333333332
1716.6,67.62767241379318
1716.7,67.58947826086957
1716.8,67.58478991596635
1716.9,67.56766129032243
1717.0,67.39966666666668
1717.1,67.36633333333334
1717.2,67.36
1717.3,67.33521367521367
1717.4,67.34208695652187
1717.5,67.38898305084744
1717.6,67.35347826086948
1717.7,67.39695652173911
1717.8,67.32846153846164
1717.9,67.31
1718.0,67.31
1718.1,67.3276470588235
1718.2,67.36
1718.3,67.36096774193545
1718.4,67.39322580645164
1718.5,67.51381355932202
1718.6,67.42000000000027
1718.7,67.29807999999998
1718.8,67.3541666666667
1718.9,67.31249999999994
1719.0,67.34159663865543
1719.1,67.32457627118649
1719.2,67.2903448275862
1719.3,67.28426086956519
1719.4,67.32101694915258
1719.5,67.36
1719.6,67.36
1719.7,67.31714285714281
1719.8,67.30528
1719.9,67.31
1720.0,67.32052631578945
1720.1,67.34833333333336
1720.2,67.23166666666664
1720.3,67.31999999999994
1720.4,67.26888888888875
1720.5,67.24434782608697
1720.6,67.2912068965517
1720.7,67.3429310344828
1720.8,67.3332
1720.9,67.32764705882357
1721.0,67.36760330578511
1721.1,67.39712000000007
1721.2,67.25311999999987
1721.3,67.28637931034483
1721.4,67.2916279069767
1721.5,67.18201680672281
1721.6,66.98008620689649
1721.7,67.05767241379316
1721.8,66.9878512396695
1721.9,66.97
1722.0,66.9947899159664
1722.1,67.004126984127
1722.2,66.977088607595
1722.3,67.0277215189873
1722.4,67.05
1722.5,67.02741935483866
1722.6,66.9839830508474
1722.7,67.11110169491519
1722.8,67.0075
1722.9,67.01677966101701
1723.0,67.01761904761908
1723.1,66.97813008130076
1723.2,67.00933884297523
1723.3,66.97628099173555
1723.4,66.97
1723.5,66.995
1723.6,67.02
1723.7,67.02
1723.8,67.01652173913044
1723.9,66.98173913043475
1724.0,67.04129032258065
1724.1,67.00762295081977
1724.2,67.02352941176471
1724.3,67.1
1724.4,67.1
1724.5,67.1
1724.6,66.99147826086957
1724.7,67.00347107438019
1724.8,66.99580645161292
1724.9,66.99677685950421
1725.0,67.05499999999998
1725.1,67.0216666666667
1725.2,67.02
1725.3,67.02
1725.4,67.02
1725.5,67.02725
1725.6,67.02905172413793
1725.7,66.79629310344839
1725.8,66.81179487179483
1725.9,66.7935652173913
1726.0,66.7947580645161
1726.1,66.81
1726.2,66.81146551724139
1726.3,66.8196694214876
1726.4,66.78661157024793
1726.5,66.8007792207792
1726.6,66.81095652173919
1726.7,66.78
1726.8,66.78
1726.9,66.84827586206899
1727.0,66.83896551724142
1727.1,66.80068965517248
1727.2,66.78
1727.3,66.78
1727.4,66.78050420168071
1727.5,66.80571428571427
1727.6,66.84547008547004
1727.7,66.81233333333333
1727.8,66.7401111111112
1727.9,66.76583333333338
1728.0,66.80237288135595
1728.1,66.82
1728.2,66.81743801652893
1728.3,66.80680000000001
1728.4,66.77479999999996
1728.5,66.7769105691057
1728.6,66.78
1728.7,66.79355932203389
1728.8,66.82
1728.9,66.82
1729.0,66.82
1729.1,66.81263157894739
1729.2,66.79189655172415
1729.3,66.78
1729.4,66.79103448275868
1729.5,66.81448275862066
1729.6,66.78
1729.7,66.78
1729.8,66.78
1729.9,66.80333333333336
1730.0,66.81576271186441
1730.1,66.81
1730.2,66.80516949152542
1730.3,66.78
1730.4,66.78
1730.5,66.78
1730.6,66.79851239669416
1730.7,66.82
1730.8,66.78102564102561
1730.9,66.58341880341911
1731.0,66.75435897435885
1731.1,66.78
1731.2,66.59827586206899
1731.3,66.5172727272727
1731.4,66.63344827586238
1731.5,66.77230769230765
1731.6,66.72102564102573
1731.7,66.60372881355931
1731.8,66.71793103448265
1731.9,66.78
1732.0,66.71299145299146
1732.1,66.66452173913034
1732.2,66.7465573770491
1732.3,66.54983606557398
1732.4,66.56298387096774
1732.5,66.69424999999995
1732.6,66.69221311475427
1732.7,66.57950819672132
1732.8,66.60595041322311
1732.9,66.54809917355365
1733.0,66.54
1733.1,66.5292307692308
1733.2,66.54319327731096
1733.3,66.57765217391304
1733.4,66.55631578947349
1733.5,66.44228070175433
1733.6,66.44
1733.7,66.4595
1733.8,66.4932
1733.9,66.53622950819677
1734.0,66.57043478260873
1734.1,66.48347826086969
1734.2,66.52067796610172
1734.3,66.47384000000002
1734.4,66.49741666666672
1734.5,66.54743589743595
1734.6,66.48860869565219
1734.7,66.47995652173914
1734.8,66.47560869565218
1734.9,66.47126086956521
1735.0,66.45210084033614
1735.1,66.43570247933886
1735.2,66.43
1735.3,66.43
1735.4,66.43
1735.5,66.43715447154472
1735.6,66.44
1735.7,66.45398373983743
1735.8,66.4782905982906
1735.9,66.47127118644075
1736.0,66.51364406779658
1736.1,66.56434782608684
1736.2,66.49623931623937
1736.3,66.44
1736.4,66.46846153846157
1736.5,66.51991596638656
1736.6,66.46787610619474
1736.7,66.25548672566359
1736.8,66.40054263565898
1736.9,66.52425000000011
1737.0,66.54310344827586
1737.1,66.47413793103455
1737.2,66.4419008264463
1737.3,66.46634146341466
1737.4,66.44195121951215
1737.5,66.47016393442625
1737.6,66.33081967213137
1737.7,66.20358974358975
1737.8,66.2483050847457
1737.9,66.44336206896556
1738.0,66.46922413793105
1738.1,66.36789473684215
1738.2,66.41073170731711
1738.3,66.27770491803302
1738.4,66.20172413793107
1738.5,66.39932203389829
1738.6,66.44166666666662
1738.7,66.48333333333339
1738.8,66.41941176470591
1738.9,66.29877192982451
1739.0,66.3163709677418
1739.1,66.44
1739.2,66.43868421052625
1739.3,66.3948245614035
1739.4,66.43603448275871
1739.5,66.44070063694268
1739.6,66.38932203389868
1739.7,66.13508474576258
1739.8,66.13809917355371
1739.9,66.14
1740.0,66.14
1740.1,66.17315789473678
1740.2,66.21813559322032
1740.3,66.18
1740.4,66.18
1740.5,66.18
1740.6,66.1585365853659
1740.7,66.14
1740.8,66.14
1740.9,66.15810344827585
1741.0,66.33913793103432
1741.1,66.21807017543861
1741.2,66.18310344827587
1741.3,66.29487179487157
1741.4,66.30342105263156
1741.5,66.16926829268294
1741.6,66.14212765957447
1741.7,66.16340425531916
1741.8,66.18916666666665
1741.9,66.2291666666666
1742.0,66.18750000000001
1742.1,66.18
1742.2,66.15581967213113
1742.3,66.1455462184874
1742.4,66.18
1742.5,66.18
1742.6,66.34048780487798
1742.7,66.24208333333318
1742.8,66.15658536585363
1742.9,66.17081967213113
1743.0,66.14195121951222
1743.1,66.17447154471544
1743.2,66.21401639344265
1743.3,66.20520325203256
1743.4,66.18
1743.5,66.17475409836064
1743.6,66.14196721311478
1743.7,66.17032258064518
1743.8,66.18
1743.9,66.14173913043474
1744.0,66.12689075630252
1744.1,66.22525862068957
1744.2,66.41821138211357
1744.3,66.18243902439029
1744.4,66.20000000000006
1744.5,66.2202479338843
1744.6,66.16674796747968
1744.7,66.08735537190093
1744.8,66.20305785123956
1744.9,66.05959999999992
1745.0,66.09846153846152
1745.1,66.1008130081302
1745.2,66.01769841269841
1745.3,66.01349999999992
1745.4,66.13016666666685
1745.5,66.03047999999988
1745.6,66.13297520661142
1745.7,66.2926291079812
1745.8,66.24568075117372
1745.9,66.17999999999988
1746.0,66.06504201680661
1746.1,66.19109243697464
1746.2,66.215
1746.3,66.20448275862081
1746.4,66.10103448275859
1746.5,66.14829268292686
1746.6,66.09559322033905
1746.7,66.08017391304347
1746.8,66.1261739130434
1746.9,66.14152542372878
1747.0,66.04666666666667
1747.1,66.01333333333334
1747.2,65.97869565217387
1747.3,66.02869565217395
1747.4,66.0352066115702
1747.5,66.05550000000004
1747.6,66.14377049180328
1747.7,66.11098360655735
1747.8,66.14104
1747.9,66.15
1748.0,66.17544000000005
1748.1,66.15166666666667
1748.2,65.9665573770492
1748.3,66.04852459016384
1748.4,66.12615384615388
1748.5,66.17738095238094
1748.6,66.15341666666674
1748.7,66.09824561403525
1748.8,66.20139130434781
1748.9,66.10573913043464
1749.0,65.98941176470595
1749.1,65.990737704918
1749.2,66.01
1749.3,65.97000000000006
1749.4,65.87920000000027
1749.5,66.03920000000014
1749.6,66.09536585365852
1749.7,66.03533333333331
1749.8,66.00193548387087
1749.9,66.06655737704918
1750.0,66.09934426229509
1750.1,66.02710743801663
1750.2,66.04155737704923
1750.3,65.97504065040644
1750.4,65.90525423728826
1750.5,66.00109375
1750.6,66.00890625
1750.7,65.94655737704922
1750.8,65.9881967213114
1750.9,66.43500000000094
1751.0,81.71931034478605
1751.1,150.92631578930718
1751.2,266.8649122806601
1751.3,253.08721311475688
1751.4,271.80852459021
1751.5,256.5839999999671
1751.6,212.634628099173
1751.7,239.20671999999635
1751.8,233.30272000000173
1751.9,258.37750000000847
1752.0,276.4682113821128
1752.1,273.64520000000283
1752.2,251.86538461536597
1752.3,233.40384615387413
1752.4,218.87887096772187
1752.5,230.132975206619
1752.6,218.32305785129552
1752.7,203.3170588235166
1752.8,243.0006896551711
1752.9,245.4231034482781
1753.0,248.04104347826075
1753.1,293.4280869564648
1753.2,268.88149606295565
1753.3,250.6266666666667
1753.4,285.6956451612285
1753.5,246.49403225804585
1753.6,260.7115384615367
1753.7,280.7753846153846
1753.8,264.1300869565802
1753.9,240.8416528925594
1754.0,233.19570247933896
1754.1,228.61060344823963
1754.2,250.6192241379276
1754.3,208.8329565217933
1754.4,244.7607692307984
1754.5,261.0069565217448
1754.6,254.7349593495847
1754.7,254.72600000000935
1754.8,232.32600000002972
1754.9,224.4762608695655
1755.0,267.2719999999876
1755.1,269.0512820513007
1755.2,246.87292035397505
1755.3,250.45815126049467
1755.4,276.3657599999522
1755.5,248.41375999997763
1755.6,217.83852459018297
1755.7,223.5239669421497
1755.8,237.10000000000184
1755.9,226.24315789472405
1756.0,177.54239316233154
1756.1,243.60222222212207
1756.2,244.50373913043637
1756.3,263.69545454544493
1756.4,263.57834710740354
1756.5,235.2089256198332
1756.6,216.3206611570292
1756.7,275.10578512400565
1756.8,254.8583606557643
1756.9,268.4973770492227
1757.0,273.9677419354538
1757.1,244.23140495868168
1757.2,232.38842975206325
1757.3,190.4634745762777
1757.4,221.8967200000638
1757.5,220.7674193548269
1757.6,211.95689075627257
1757.7,261.1857024793251
1757.8,251.1526446281024
1757.9,263.4464705882476
1758.0,263.2455263157949
1758.1,237.071290322632
1758.2,201.68678260868128
1758.3,262.3650434781865
1758.4,230.29172413791997
1758.5,227.56931034481863
1758.6,246.6520661156852
1758.7,256.52090909089503
1758.8,248.73622950817463
1758.9,283.6214754098413
1759.0,259.9938709677718
1759.1,246.72076923077725
1759.2,242.3309090909077
1759.3,240.3816666666664
1759.4,244.7691452991499
1759.5,256.0084615384595
1759.6,251.64858407080536
1759.7,251.2820338983053
1759.8,246.92528925620653
1759.9,246.45096774194133
1760.0,254.4514876032959
1760.1,243.26140495868677
1760.2,249.42849999999697
1760.3,249.8776271186464
1760.4,248.5673333333326
1760.5,249.56692307692603
1760.6,252.1733333333333
1760.7,247.9610526315751
1760.8,244.38210526315837
1760.9,246.87483050847985
1761.0,251.11872881355887
1761.1,252.2156521739161
1761.2,250.5040707964598
1761.3,220.9953846153846
1761.4,123.17256198347047
1761.5,91.09818181817518
1761.6,88.91641025640982
1761.7,89.27684210526307
1761.8,92.9067796610184
1761.9,152.76260869591545
1762.0,252.70112068963567
1762.1,234.5253846153846
1762.2,242.02965811965623
1762.3,241.67000000000144
1762.4,236.5020000000005
1762.5,233.62193277310965
1762.6,232.30513043478493
1762.7,230.9324561403509
1762.8,231.37
1762.9,231.37
1763.0,234.18896551723915
1763.1,234.86105263157845
1763.2,232.83999999999796
1763.3,231.2773949579832
1763.4,237.29586206897645
1763.5,261.11203539821616
1763.6,303.1534782609634
1763.7,246.63173913045603
1763.8,221.13554621850176
1763.9,188.68730434779476
1764.0,179.29513157894502
1764.1,190.97423728808047
1764.2,230.7115254237487
1764.3,246.79636363635035
1764.4,239.59801724137665
1764.5,225.59960000000763
1764.6,210.96777777781543
1764.7,193.4563559322143
1764.8,250.1936440677857
1764.9,230.8018421052374
1765.0,236.3670588235376
1765.1,255.90683760681472
1765.2,238.34396694216008
1765.3,191.04314049584576
1765.4,256.1588429752225
1765.5,241.0665853658413
1765.6,224.1829032258052
1765.7,223.92180327870457
1765.8,232.8180165289288
1765.9,227.06097560975576
1766.0,225.849593495934
1766.1,190.01114754099908
1766.2,213.21376000004665
1766.3,228.08214285714584
1766.4,180.46000000000336
1766.5,182.6907692307713
1766.6,199.90410256407552
1766.7,210.21730434782148
1766.8,198.4563157894829
1766.9,211.05295081974583
1767.0,248.90499999999915
1767.1,252.0514754099946
1767.2,163.44491803271092
1767.3,165.11272727271836
1767.4,218.37125000008317
1767.5,256.81249999999886
1767.6,255.9181818181728
1767.7,262.5783471073965
1767.8,230.5370247934011
1767.9,193.28271186435805
1768.0,197.7766371681477
1768.1,237.759999999961
1768.2,266.0158823529352
1768.3,255.4754237287964
1768.4,267.50932203390386
1768.5,204.48086206898577
1768.6,219.17130434778548
1768.7,242.6712295081906
1768.8,253.77818965517076
1768.9,252.293070175435
1769.0,244.9280165289217
1769.1,240.5147933884333
1769.2,219.4735897435717
1769.3,190.15803418802685
1769.4,210.0482608696562
1769.5,236.3217391304294
1769.6,225.51966942149667
1769.7,210.64919354838904
1769.8,226.08467741933984
1769.9,234.79285714286448
1770.0,262.474369747881
1770.1,271.0353600000499
1770.2,248.54181818182423
1770.3,233.5818032787001
1770.4,185.76213114751516
1770.5,192.88092436974955
1770.6,193.8879487179532
1770.7,201.3239316239776
1770.8,231.69823008850608
1770.9,241.26359649114823
1771.0,185.67587719296915
1771.1,207.7579999999623
1771.2,208.10358974359107
1771.3,249.31189655165835
1771.4,254.4359677419069
1771.5,207.87655737703432
1771.6,247.77
1771.7,175.96999999990206
1771.8,184.51158653846696
1771.9,219.8337019231163
1772.0,246.052478632485
1772.1,249.15529411766337
1772.2,240.60243902438987
1772.3,245.386386554616
1772.4,224.9662184873856
1772.5,240.26674796746144
1772.6,263.7404918032503
1772.7,261.7125641025232
1772.8,238.04196721311817
1772.9,250.3733333333482
1773.0,264.6399999999878
1773.1,206.92401709413204
1773.2,219.0459292035839
1773.3,250.56983739838063
1773.4,254.4960162601332
1773.5,233.57074380165133
1773.6,212.57900826449676
1773.7,181.7981818181619
1773.8,179.87758064516058
1773.9,204.796521739178
1774.0,235.22643478260937
1774.1,237.76550847458063
1774.2,231.8078813559253
1774.3,218.3525000000092
1774.4,200.4201724137825
1774.5,218.895
1774.6,238.64869565218416
1774.7,234.6200000000232
1774.8,262.0447499999998
1774.9,257.9864166666649
1775.0,179.27148760327108
1775.1,159.67214876032185
1775.2,206.05882352946185
1775.3,260.81785123966984
1775.4,242.453770491819
1775.5,269.6504918032539
1775.6,241.1514285714784
1775.7,204.27538461536565
1775.8,196.8598230088392
1775.9,223.55902439025908
1776.0,250.68152542374372
1776.1,230.3086440678194
1776.2,245.54040650406347
1776.3,227.50073170736104
1776.4,221.59869565218884
1776.5,251.17643478265632
1776.6,281.3635344827556
1776.7,243.40417322831823
1776.8,224.87661417324327
1776.9,190.1946666666305
1777.0,182.31181818181756
1777.1,196.00520661156253
1777.2,207.899833333378
1777.3,248.54149999996764
1777.4,253.1045528455288
1777.5,234.68975206611825
1777.6,203.9868907563388
1777.7,189.2136885245869
1777.8,217.5181967213132
1777.9,236.3870491803444
1778.0,246.20367999999908
1778.1,257.5257377049
1778.2,230.70781512605703
1778.3,181.4468965516883
1778.4,267.8540495867677
1778.5,259.13504132231964
1778.6,237.7674380165468
1778.7,227.76774999999924
1778.8,220.3295041322403
1778.9,211.72316666668524
1779.0,223.8766942148946
1779.1,182.7114049586885
1779.2,217.44155737709323
1779.3,207.9263333333802
1779.4,177.85057851239824
1779.5,187.6404958677732
1779.6,218.30991735532464
1779.7,229.2506611570337
1779.8,246.38983471073652
1779.9,243.3634959349503
1780.0,227.49721311475557
1780.1,221.6455737704947
1780.2,202.3013114753976
1780.3,224.02338983051163
1780.4,149.46380165276372
1780.5,89.05515625
1780.6,88.83528925619845
1780.7,88.67
1780.8,88.71065040650402
1780.9,88.5781578947366
1781.0,88.38615384615385
1781.1,88.19950000000024
1781.2,88.07216666666666
1781.3,88.08152542372878
1781.4,88.10694915254238
1781.5,88.0189655172414
1781.6,87.92684210526328
1781.7,87.85529914529914
1781.8,87.80966386554623
1781.9,87.81344262295099
1782.0,87.92
1782.1,87.83803278688536
1782.2,75.12847457626867
1782.3,69.235
1782.4,69.87857142857152
1782.5,69.93888000000001
1782.6,69.93088000000002
1782.7,69.68727272727261
1782.8,68.91128205128199
1782.9,68.17661016949353
1783.0,69.48169491525323
1783.1,69.48838095238102
1783.2,69.41219047619037
1783.3,69.47433628318586
1783.4,69.4105042016806
1783.5,69.29172413793113
1783.6,69.23180327868849
1783.7,69.25430894308938
1783.8,69.21365853658537
1783.9,69.28222222222233
1784.0,69.34888888888894
1784.1,69.29483870967742
1784.2,69.14974358974354
1784.3,69.1123140495868
1784.4,69.14537190082649
1784.5,69.15
1784.6,69.08663865546227
1784.7,69.04974576271186
1784.8,69.11699999999999
1784.9,69.14897637795255
1785.0,69.04661417322838
1785.1,68.91936000000021
1785.2,68.87041666666667
1785.3,68.90237704918033
1785.4,68.91730434782615
1785.5,69.02165217391301
1785.6,68.86900000000007
1785.7,68.90000000000015
1785.8,68.92669491525425
1785.9,68.88418803418801
1786.0,68.81949152542374
1786.1,68.6722413793103
1786.2,68.7843103448277
1786.3,68.87413793103451
1786.4,68.87008547008539
1786.5,68.77488188976372
1786.6,68.68999999999988
1786.7,68.75922413793104
1786.8,68.75060344827587
1786.9,68.79894736842108
1787.0,68.69521367521371
1787.1,68.65617391304345
1787.2,68.68620689655174
1787.3,68.68256637168147
1787.4,68.59591304347823
1787.5,68.52354330708653
1787.6,68.64165354330694
1787.7,68.65764227642276
1787.8,68.65
1787.9,68.6117187499999
1788.0,68.50823529411764
1788.1,68.48302521008408
1788.2,68.47234782608696
1788.3,68.49495726495724
1788.4,68.51
1788.5,68.49305084745764
1788.6,68.46932203389828
1788.7,68.51034482758622
1788.8,68.51896551724138
1788.9,68.43508771929808
1789.0,68.53333333333333
1789.1,68.54700000000011
1789.2,68.51975609756111
1789.3,68.62138211382124
1789.4,68.36121951219496
1789.5,68.46200000000007
1789.6,68.44507537688446
1789.7,68.34959798994969
1789.8,68.29000000000002
1789.9,68.29368421052634
1790.0,68.32
1790.1,68.32825396825392
1790.2,68.36
1790.3,68.44196721311478
1790.4,68.34201680672253
1790.5,68.37663793103444
1790.6,68.39649572649589
1790.7,68.23807017543852
1790.8,68.15459016393429
1790.9,68.35950819672134
1791.0,68.1568000000002
1791.1,68.10362068965509
1791.2,68.18444444444444
1791.3,68.2487719298246
1791.4,68.20461538461535
1791.5,68.12084033613444
1791.6,68.20487394957979
1791.7,68.29775862068976
1791.8,68.18206896551715
1791.9,68.11347826086971
1792.0,68.16717741935483
1792.1,68.14727272727278
1792.2,68.03157024793386
1792.3,68.05813559322031
1792.4,68.01731707317067
1792.5,68.03055555555555
1792.6,68.11396551724137
1792.7,68.12698275862066
1792.8,68.08387931034483
1792.9,68.06417391304346
1793.0,68.0664406779661
1793.1,68.05040540540541
1793.2,68.01583333333333
1793.3,67.97416666666666
1793.4,68.07956521739148
1793.5,67.94750000000006
1793.6,67.8545081967213
1793.7,67.87375000000004
1793.8,67.9035537190083
1793.9,67.85396694214866
1794.0,67.85754098360655
1794.1,67.21882352941188
1794.2,67.2214754098372
1794.3,67.84056910569106
1794.4,67.81245901639348
1794.5,67.8534426229508
1794.6,67.85275862068967
1794.7,67.88428571428572
1794.8,67.9742622950819
1794.9,68.0110084033612
1795.0,67.81
1795.1,67.81
1795.2,67.82807692307694
1795.3,67.84730769230768
1795.4,67.87162393162397
1795.5,67.89413793103446
1795.6,67.85956896551725
1795.7,67.81646551724133
1795.8,67.84728070175439
1795.9,67.86
1796.0,67.87882352941176
1796.1,67.85296610169515
1796.2,67.775
1796.3,67.89652173913052
1796.4,67.82695652173912
1796.5,67.81237288135594
1796.6,67.73800000000004
1796.7,67.6765517241379
1796.8,67.63428571428571
1796.9,67.57330578512396
1797.0,67.60636363636364
1797.1,67.58081967213118
1797.2,67.59252100840338
1797.3,67.7289743589744
1797.4,67.80441666666623
1797.5,67.53385964912279
1797.6,67.568947368421
1797.7,67.57
1797.8,67.57
1797.9,67.63555555555567
1798.0,67.65293103448285
1798.1,67.51121739130471
1798.2,67.33820512820506
1798.3,67.59461538461515
1798.4,67.57918032786885
1798.5,67.59440677966099
1798.6,67.63231404958674
1798.7,67.63483050847451
1798.8,67.57495867768591
1798.9,67.60801652892566
1799.0,67.61
1799.1,67.58448275862074
1799.2,67.61578947368419
1799.3,67.62586206896562
1799.4,67.57
1799.5,67.57330578512395
1799.6,67.60636363636357
1799.7,67.57931034482759
1799.8,67.43155172413816
1799.9,67.35495652173913
1800.0,67.37448275862066
1800.1,67.44512396694192
1800.2,67.59760330578486
1800.3,67.34966942148776
1800.4,67.52000000000034
1800.5,67.47324786324792
1800.6,67.4589473684208
1800.7,67.59139130434778
1800.8,67.53901639344258
1800.9,67.36688524590147
1801.0,67.32065573770494
1801.1,67.34162393162387
1801.2,67.36
1801.3,67.36857142857143
1801.4,67.38752066115703
1801.5,67.36272727272727
1801.6,67.36
1801.7,67.33276422764229
1801.8,67.32913043478256
1801.9,67.33500000000001
1802.0,67.26560344827584
1802.1,67.30870689655166
1802.2,67.35008264462813
1802.3,67.27206611570251
1802.4,67.28637931034491
1802.5,67.36
1802.6,67.36793103448272
1802.7,67.38958677685943
1802.8,67.24082644628116
1802.9,67.28396694214884
1803.0,67.33708333333333
1803.1,67.36
1803.2,67.33201754385966
1803.3,67.25769230769224
1803.4,67.30897435897438
1803.5,67.15483333333327
1803.6,67.27471074380148
1803.7,67.31128205128202
1803.8,67.21213675213679
1803.9,67.15833333333356
1804.0,67.30618644067796
1804.1,67.26381355932205
1804.2,67.11322580645145
1804.3,67.06
1804.4,67.04358974358973
1804.5,67.03563025210082
1804.6,67.07895652173913
1804.7,67.0702608695652
1804.8,67.03088709677421
1804.9,67.03795081967213
1805.0,67.05439655172414
1805.1,67.04782608695658
1805.2,67.0268376068376
1805.3,67.05895652173916
1805.4,67.02417391304346
1805.5,67.02
1805.6,67.03871794871792
1805.7,67.02078260869563
1805.8,67.00060344827584
1805.9,67.02406504065041
1806.0,67.03885245901643
1806.1,66.98147540983607
1806.2,66.97
1806.3,66.99338709677419
1806.4,67.03192982456143
1806.5,67.06
1806.6,67.06
1806.7,67.06
1806.8,67.03087719298246
1806.9,67.01434426229507
1807.0,67.01391666666666
1807.1,67.02
1807.2,67.02344827586207
1807.3,67.05793103448273
1807.4,67.0284033613445
1807.5,67.0133628318584
1807.6,67.03479999999996
1807.7,67.05727941176471
1807.8,67.04813953488376
1807.9,66.8620930232558
1808.0,66.91666666666663
1808.1,67.04756097560976
1808.2,67.0231707317073
1808.3,67.01262711864406
1808.4,67.06132231404969
1808.5,67.07714285714286
1808.6,67.02952380952388
1808.7,66.90914529914532
1808.8,66.88055999999986
1808.9,67.02439655172415
1809.0,67.05041666666665
1809.1,67.09208333333332
1809.2,66.93663865546212
1809.3,66.96247933884293
1809.4,66.97589743589722
1809.5,66.82
1809.6,66.83916666666663
1809.7,67.03083333333336
1809.8,67.01269430051816
1809.9,66.97124352331603
1810.0,66.83385964912287
1810.1,66.78975609756102
1810.2,66.78
1810.3,66.80909090909086
1810.4,66.8511538461538
1810.5,66.81269230769233
1810.6,66.78552631578953
1810.7,66.78
1810.8,66.78
1810.9,66.79225000000001
1811.0,66.81
1811.1,66.80547826086959
1811.2,66.7706956521739
1811.3,66.77837606837606
1811.4,66.78
1811.5,66.78
1811.6,66.80975206611564
1811.7,66.8441322314049
1811.8,66.78
1811.9,66.78
1812.0,66.79958677685951
1812.1,66.79113821138212
1812.2,66.78206896551727
1812.3,66.81159663865546
1812.4,66.82
1812.5,66.81122807017543
1812.6,66.7875652173913
1812.7,66.82617886178869
1812.8,66.84358974358973
1812.9,66.81732758620687
1813.0,66.80499999999998
1813.1,66.7716666666667
1813.2,66.79275449101799
1813.3,66.8028205128205
1813.4,66.7883898305086
1813.5,66.86466101694911
1813.6,66.86184210526318
1813.7,66.80819672131145
1813.8,66.78
1813.9,66.78
1814.0,66.7842276422764
1814.1,66.81674796747967
1814.2,66.82
1814.3,66.81118110236218
1814.4,66.78
1814.5,66.78
1814.6,66.80008264462806
1814.7,66.79064516129031
1814.8,66.72159663865544
1814.9,66.60433333333332
1815.0,66.57099999999997
1815.1,66.73834710743785
1815.2,66.62925619834691
1815.3,66.66172131147549
1815.4,66.7573109243696
1815.5,66.64198347107424
1815.6,66.7990082644627
1815.7,66.6058536585365
1815.8,66.54
1815.9,66.55573770491806
1816.0,66.56943089430892
1816.1,66.53025
1816.2,66.53858333333334
1816.3,66.6682113821138
1816.4,66.64724137931009
1816.5,66.53699999999996
1816.6,66.48999999999997
1816.7,66.53
1816.8,66.53
1816.9,66.63620689655177
1817.0,66.59134453781519
1817.1,66.54
1817.2,66.55254237288138
1817.3,66.57361344537816
1817.4,66.54
1817.5,66.522905982906
1817.6,66.48706349206354
1817.7,66.45574999999998
1817.8,66.48177419354842
1817.9,66.5649586776858
1818.0,66.44925619834714
1818.1,66.54557377049159
1818.2,66.55107438016529
1818.3,66.50941176470587
1818.4,66.47747899159663
1818.5,66.46623931623932
1818.6,66.43205128205132
1818.7,66.43817391304349
1818.8,66.44
1818.9,66.44
1819.0,66.47836065573775
1819.1,66.56552000000002
1819.2,66.53352
1819.3,66.46094827586211
1819.4,66.46336000000004
1819.5,66.47612903225807
1819.6,66.46409836065577
1819.7,66.44132231404956
1819.8,66.50743801652891
1819.9,66.46599999999997
1820.0,66.4601652892562
1820.1,66.48
1820.2,66.47199999999995
1820.3,66.44
1820.4,66.44
1820.5,66.44
1820.6,66.40681034482758
1820.7,66.43692307692312
1820.8,66.46166666666672
1820.9,66.421652173913
1821.0,66.39769230769232
1821.1,66.48316239316236
1821.2,66.38266666666665
1821.3,66.43842105263141
1821.4,66.47017094017093
1821.5,66.42860869565222
1821.6,66.3349152542376
1821.7,66.16016260162611
1821.8,66.41219512195099
1821.9,66.4081967213114
1822.0,66.27788135593218
1822.1,66.28173913043443
1822.2,66.4374358974359
1822.3,66.43560344827584
1822.4,66.47870689655176
1822.5,66.40663865546215
1822.6,66.39
1822.7,66.39
1822.8,66.40949152542372
1822.9,66.38032786885233
1823.0,66.18288000000005
1823.1,66.23088
1823.2,66.19915966386553
1823.3,66.28333333333319
1823.4,66.31105263157885
1823.5,66.14765217391302
1823.6,66.18
1823.7,66.18
1823.8,66.18
1823.9,66.18
1824.0,66.2663709677418
1824.1,66.33181034482797
1824.2,66.14
1824.3,66.14
1824.4,66.07214285714282
1824.5,66.12732758620686
1824.6,66.18
1824.7,66.18
1824.8,66.18
1824.9,66.18
1825.0,66.14999999999998
1825.1,66.14
1825.2,66.175
1825.3,66.2204166666667
1825.4,66.18
1825.5,66.18
1825.6,66.18
1825.7,66.16016806722689
1825.8,66.15290322580644
1825.9,66.1696774193548
1826.0,66.1051612903226
1826.1,66.19966666666662
1826.2,66.20096774193544
1826.3,66.16400000000002
1826.4,66.14910569105693
1826.5,66.17957264957265
1826.6,66.17102564102565
1826.7,66.1061290322581
1826.8,66.04137931034491
1826.9,66.09205128205132
1827.0,66.22920353982296
1827.1,66.25471074380191
1827.2,66.11421487603296
1827.3,66.0781967213115
1827.4,66.11878048780488
1827.5,66.15
1827.6,66.16512195121949
1827.7,66.21406779661018
1827.8,66.26491525423728
1827.9,66.29975206611573
1828.0,66.31
1828.1,66.27577777777785
1828.2,66.20415254237292
1828.3,66.2634745762712
1828.4,66.25452173913041
1828.5,66.07552845528446
1828.6,66.03106557377035
1828.7,66.11082644628097
1828.8,66.06355932203394
1828.9,66.23305084745766
1829.0,66.11428571428581
1829.1,66.10682926829256
1829.2,66.15338842975207
1829.3,66.14536585365855
1829.4,66.07219512195115
1829.5,66.16619834710752
1829.6,66.07163934426232
1829.7,66.02655737704922
1829.8,66.06
1829.9,66.0544444444444
1830.0,66.01476190476188
1830.1,66.14704918032774
1830.2,66.14879310344824
1830.3,66.09245614035089
1830.4,66.09482758620693
1830.5,66.12704918032792
1830.6,66.01229508196742
1830.7,66.08289256198351
1830.8,66.07389830508473
1830.9,66.11453781512617
1831.0,66.11434782608701
1831.1,66.04043478260853
1831.2,66.15
1831.3,66.15
1831.4,66.11758620689653
1831.5,66.0150434782609
1831.6,65.99647058823525
1831.7,66.03833333333336
1831.8,66.05857142857147
1831.9,66.01095238095236
1832.0,66.05152542372882
1832.1,66.0536
1832.2,66.07254098360657
1832.3,66.09208000000002
1832.4,66.07201680672269
1832.5,66.0972268907563
1832.6,66.03211864406781
1832.7,65.99163793103445
1832.8,65.97059829059829
1832.9,65.99275862068967
1833.0,66.06721311475408
1833.1,66.1
1833.2,144.3327586208062
1833.3,186.16457627116625
1833.4,223.05720000001173
1833.5,260.29823999997825
1833.6,284.55866666671955
1833.7,245.80033333329808
1833.8,237.40899159664656
1833.9,197.43683333329935
1834.0,202.42389830510612
1834.1,227.61443478260992
1834.2,231.893103448326
1834.3,269.1938983050783
1834.4,245.1176271186385
1834.5,231.7023076923141
1834.6,281.67752136744053
1834.7,264.36391304344687
1834.8,234.771666666638
1834.9,278.4283471074206
1835.0,258.75066115704067
1835.1,219.64059829065712
1835.2,242.3117094017191
1835.3,265.10304347825473
1835.4,246.01109243691693
1835.5,212.22909090910343
1835.6,237.3926086956576
1835.7,232.8447826086952
1835.8,192.437826086996
1835.9,229.8465789473839
1836.0,254.5839837398373
1836.1,274.30723577235574
1836.2,308.45661290315405
1836.3,234.634032258074
1836.4,221.17271186439407
1836.5,261.0094166666786
1836.6,252.2761600000784
1836.7,214.02112000000733
1836.8,249.96033057850045
1836.9,267.6380165289572
1837.0,212.23704918028525
1837.1,205.6160975609472
1837.2,237.4559836065605
1837.3,257.0682051282098
1837.4,253.25623931623755
1837.5,234.41881355932057
1837.6,240.0926086956428
1837.7,218.46111111108104
1837.8,222.2402564102653
1837.9,257.51811965812044
1838.0,251.50584070800312
1838.1,205.91999999998475
1838.2,267.9200000000082
1838.3,247.70499999999703
1838.4,259.53008333339903
1838.5,273.0792741935564
1838.6,239.0445901639383
1838.7,236.20852459016555
1838.8,249.416879999978
1838.9,235.1192561983309
1839.0,217.35967213114765
1839.1,218.82571428568448
1839.2,242.935645161297
1839.3,250.863064516127
1839.4,237.9198360655633
1839.5,241.03440944881345
1839.6,233.589508196788
1839.7,186.27059322033105
1839.8,215.82144067794675
1839.9,213.60037499999876
1840.0,231.11948717943253
1840.1,279.0003508772375
1840.2,250.92706896551775
1840.3,249.78051724138075
1840.4,300.2562068965656
1840.5,261.9261403509442
1840.6,212.3940000000491
1840.7,196.69921259842585
1840.8,201.5465573770119
1840.9,245.0219672131925
1841.0,258.52482758621886
1841.1,264.3423931623889
1841.2,219.9693162393253
1841.3,198.0494782608211
1841.4,233.84214876031731
1841.5,218.822720000028
1841.6,251.53471999999823
1841.7,254.0126315789424
1841.8,250.6747008547001
1841.9,251.09826086957156
1842.0,252.23166666666503
1842.1,246.29868852461803
1842.2,225.8232786885364
1842.3,246.73305785122747
1842.4,252.9406557377044
1842.5,252.71793103448263
1842.6,252.86974358974612
1842.7,250.66461538461425
1842.8,251.00638655462205
1842.9,252.04564102564197
1843.0,251.5257391304368
1843.1,246.3182456140487
1843.2,214.07289256185712
1843.3,110.70942148761284
1843.4,91.18049586776677
1843.5,88.77274999999963
1843.6,89.25121951219538
1843.7,94.7169747899216
1843.8,123.1595953757271
1843.9,209.84167630069996
1844.0,252.89676616915065
1844.1,244.73756218905945
1844.2,238.0355263157865
1844.3,233.92379310344936
1844.4,231.88499999999948
1844.5,231.38499999999965
1844.6,230.58239316239303
1844.7,232.16159292035647
1844.8,232.74017391304344
1844.9,232.04754098360536
1845.0,231.225
1845.1,231.3805785123963
1845.2,233.68636363636455
1845.3,217.2326016260336
1845.4,245.5270491803886
1845.5,245.620243902386
1845.6,197.5229479768695
1845.7,219.25127167632087
1845.8,203.35677966100167
1845.9,168.32413793105684
1846.0,187.4017599999569
1846.1,228.98575999991908
1846.2,227.9537606837625
1846.3,232.281874999994
1846.4,229.6028571428356
1846.5,210.92041666665065
1846.6,191.3674999999228
1846.7,259.31750000007725
1846.8,236.44911290321795
1846.9,237.9500800000408
1847.0,257.097190082646
1847.1,246.69750000010848
1847.2,151.28083333322485
1847.3,184.10508196720204
1847.4,251.96486956528557
1847.5,262.945
1847.6,251.8993103448073
1847.7,262.47661016946483
1847.8,228.74302521007183
1847.9,186.28084033611495
1848.0,197.9215517241293
1848.1,225.725083333312
1848.2,213.497565217337
1848.3,189.8182539682577
1848.4,209.73793103450816
1848.5,224.47068965518628
1848.6,238.4248695652168
1848.7,276.8247500000226
1848.8,261.7731034483132
1848.9,234.30931034483044
1849.0,221.44217741935967
1849.1,171.52593220337468
1849.2,184.6445762711961
1849.3,197.57820512820737
1849.4,218.04736842108667
1849.5,231.22206896551955
1849.6,225.27869918700333
1849.7,203.9904065040573
1849.8,187.16926829269693
1849.9,235.538608695675
1850.0,280.55991596638984
1850.1,241.12798319339635
1850.2,207.0700877193035
1850.3,222.35206896547672
1850.4,154.35049180342637
1850.5,232.809508196752
1850.6,278.31566666660626
1850.7,271.9590862944166
1850.8,244.13167512691356
1850.9,246.0384615384804
1851.0,234.8156521738944
1851.1,204.84620689656043
1851.2,196.6010344828217
1851.3,246.22271186440773
1851.4,249.75661016949235
1851.5,233.5578260869729
1851.6,254.0639999999391
1851.7,241.54583333333332
1851.8,211.50842105261853
1851.9,242.97572649573107
1852.0,248.5740170940184
1852.1,234.5268421052768
1852.2,216.7237398373977
1852.3,200.8227350427468
1852.4,198.86925619835208
1852.5,204.6871074380317
1852.6,189.4730645160858
1852.7,249.90854838712448
1852.8,243.42850393701264
1852.9,226.82888888887445
1853.0,212.2549572649512
1853.1,204.21016806710747
1853.2,268.6555462185022
1853.3,273.0689473684174
1853.4,252.9185714285477
1853.5,254.52440677967084
1853.6,218.14829268294213
1853.7,173.99270491810876
1853.8,270.7179508196659
1853.9,279.3163114754103
1854.0,236.00163934425817
1854.1,232.59357142856493
1854.2,246.4414159291758
1854.3,226.3858620689658
1854.4,223.2706779660572
1854.5,190.28762711861228
1854.6,206.7002521008184
1854.7,232.58377192982135
1854.8,224.78330434787227
1854.9,211.96417391304576
1855.0,231.8971551724221
1855.1,226.97573913034023
1855.2,283.914869565196
1855.3,255.0747863248223
1855.4,239.3193277310836
1855.5,209.10754098360303
1855.6,182.3511111110973
1855.7,191.9915702479323
1855.8,187.9419834710796
1855.9,226.1800000000507
1856.0,230.89433333333363
1856.1,209.2700000000237
1856.2,192.8872649572852
1856.3,210.6260869565153
1856.4,215.6
1856.5,301.8413793102772
1856.6,231.3258536585811
1856.7,223.24040650412903
1856.8,224.54902439024684
1856.9,157.19403361344786
1857.0,159.42092436974994
1857.1,237.82794871782505
1857.2,246.6449152542381
1857.3,250.23538461537728
1857.4,259.1420338983101
1857.5,245.2793333333061
1857.6,184.8181034482557
1857.7,199.11982758620803
1857.8,248.4456521738657
1857.9,251.28846153845177
1858.0,213.34609756099195
1858.1,184.9164705882094
1858.2,206.1308771929966
1858.3,226.6436666666391
1858.4,287.3270000001104
1858.5,256.27894736837817
1858.6,237.73213675213657
1858.7,222.8932786884911
1858.8,200.246083333338
1858.9,186.85478991596565
1859.0,183.24134453781505
1859.1,212.00586206894263
1859.2,244.3985964912436
1859.3,241.4651724138056
1859.4,225.6319512195104
1859.5,218.13974576272025
1859.6,193.4899999999612
1859.7,249.49000000006689
1859.8,239.44130434781965
1859.9,243.8660655737897
1860.0,253.71067796610268
1860.1,230.00870967744825
1860.2,152.36410256416792
1860.3,227.09914529916708
1860.4,255.9140163934698
1860.5,245.53790697672903
1860.6,240.5460683760529
1860.7,259.70887096775306
1860.8,235.3701612903605
1860.9,194.0272131147104
1861.0,231.20049586776025
1861.1,255.24573770492484
1861.2,231.58487603298937
1861.3,185.57363636363007
1861.4,200.7885123966968
1861.5,228.7578991596588
1861.6,259.5635245901236
1861.7,268.29411764705685
1861.8,257.41946902654934
1861.9,257.649565217396
1862.0,266.0712195122088
1862.1,237.6321951220017
1862.2,202.14691666665817
1862.3,137.142844827606
1862.4,89.07617187499979
1862.5,88.92801724137921
1862.6,88.78146551724167
1862.7,88.64851562500002
1862.8,88.43250000000019
1862.9,88.2853543307086
1863.0,88.2099173553719
1863.1,88.09918699187016
1863.2,87.94471544715428
1863.3,88.01799999999997
1863.4,87.96779661016933
1863.5,87.94551724137938
1863.6,87.93689655172422
1863.7,87.67118644067797
1863.8,87.67966101694915
1863.9,87.79707317073188
1864.0,87.77614754098357
1864.1,79.63900826448011
1864.2,68.84519083969471
1864.3,69.92916030534376
1864.4,69.77784482758592
1864.5,69.71541666666667
1864.6,69.27772972973045
1864.7,68.60745945945906
1864.8,69.21286956521708
1864.9,69.5862931034483
1865.0,69.52166666666665
1865.1,69.43454545454536
1865.2,69.4902941176471
1865.3,69.40941176470598
1865.4,69.40982608695653
1865.5,69.3174789915967
1865.6,69.2662711864406
1865.7,69.33439024390236
1865.8,69.26903225806454
1865.9,69.17225806451604
1866.0,69.18948717948719
1866.1,69.15957983193287
1866.2,69.11
1866.3,69.1217391304348
1866.4,69.1697560975611
1866.5,69.25105691056913
1866.6,69.15146341463426
1866.7,69.08130434782608
1866.8,68.99405172413802
1866.9,68.92217391304351
1867.0,68.94166666666666
1867.1,68.9
1867.2,68.85901639344259
1867.3,68.88966101694916
1867.4,68.81086956521712
1867.5,68.75781512605043
1867.6,68.82672413793098
1867.7,68.85081967213114
1867.8,68.85901639344263
1867.9,68.8233333333333
1868.0,68.81566666666667
1868.1,68.84921739130434
1868.2,68.9425663716816
1868.3,69.04333333333338
1868.4,68.91
1868.5,68.74050847457633
1868.6,68.75241379310339
1868.7,68.7641592920354
1868.8,68.76
1868.9,68.73652173913028
1869.0,68.65809523809519
1869.1,68.5787301587303
1869.2,68.59918032786886
1869.3,68.53426086956522
1869.4,68.50821705426361
1869.5,68.55399999999997
1869.6,68.57537815126038
1869.7,68.64260504201683
1869.8,68.58380165289266
1869.9,68.56
1870.0,68.0344354838713
1870.1,67.46305084745649
1870.2,68.34882352941194
1870.3,68.61773109243711
1870.4,68.58399999999992
1870.5,68.44474576271183
1870.6,68.41217391304343
1870.7,68.4861403508772
1870.8,68.51032786885243
1870.9,68.55950819672132
1871.0,68.43198275862076
1871.1,68.32700000000007
1871.2,68.3683333333335
1871.3,68.45761904761905
1871.4,68.42375999999993
1871.5,68.37575999999997
1871.6,68.33206896551725
1871.7,68.29749999999999
1871.8,68.29896551724133
1871.9,68.34176470588237
1872.0,68.39538461538464
1872.1,68.56632478632471
1872.2,68.37728813559329
1872.3,68.32
1872.4,68.29682926829264
1872.5,68.28773913043483
1872.6,68.31166666666667
1872.7,68.2264102564104
1872.8,68.35461538461546
1872.9,68.26354838709656
1873.0,68.18745762711865
1873.1,68.2373109243695
1873.2,68.27791999999987
1873.3,67.98471544715436
1873.4,68.22048780487816
1873.5,68.13289256198341
1873.6,68.15822580645158
1873.7,68.26730158730157
1873.8,68.25017543859646
1873.9,68.12736842105247
1874.0,68.18822580645163
1874.1,68.21
1874.2,68.15453781512599
1874.3,68.0420000000001
1874.4,67.97
1874.5,68.02042016806722
1874.6,67.96360655737718
1874.7,67.97282258064513
1874.8,68.00823529411768
1874.9,67.97733333333332
1875.0,67.96066666666664
1875.1,68.00760330578508
1875.2,68.02652173913044
1875.3,67.96157894736851
1875.4,67.88491803278689
1875.5,67.86930232558136
1875.6,67.90806201550383
1875.7,67.7092957746479
1875.8,67.74706896551696
1875.9,67.88039999999997
1876.0,67.81495867768594
1876.1,67.85628099173553
1876.2,67.8152459016393
1876.3,67.82827868852455
1876.4,67.85391666666666
1876.5,67.85771186440677
1876.6,67.85077586206896
1876.7,67.85939655172413
1876.8,67.85184210526316
1876.9,67.82366666666664
1877.0,67.85836065573766
1877.1,67.8941880341881
1877.2,67.85827586206896
1877.3,67.85035087719297
1877.4,67.85912280701754
1877.5,67.82311475409834
1877.6,67.69760330578524
1877.7,67.67250000000007
1877.8,67.80547872340429
1877.9,67.75649122806986
1878.0,67.718695652174
1878.1,67.81
1878.2,67.77923076923055
1878.3,67.57410256410246
1878.4,67.57
1878.5,67.57
1878.6,67.6041025641025
1878.7,67.7535593220337
1878.8,67.59254237288152
1878.9,67.59819672131151
1879.0,67.5891869918699
1879.1,67.59779661016947
1879.2,67.6424590163934
1879.3,67.60966101694916
1879.4,67.57576271186434
1879.5,66.98792207792147
1879.6,66.76473684210515
1879.7,67.58144067796616
1879.8,67.65771186440666
1879.9,67.5840869565216
1880.0,67.57
1880.1,67.57545454545453
1880.2,67.58743801652894
1880.3,67.60196721311475
1880.4,67.60582608695614
1880.5,67.39713043478244
1880.6,67.56487999999997
1880.7,67.60934426229502
1880.8,67.57
1880.9,67.57
1881.0,67.57
1881.1,67.39705882352969
1881.2,67.52344827586198
1881.3,67.58398305084748
1881.4,67.57
1881.5,67.58016949152541
1881.6,67.61
1881.7,67.61
1881.8,67.61
1881.9,67.46756521739096
1882.0,67.37808695652171
1882.1,67.33931034482758
1882.2,67.33526315789486
1882.3,67.39373913043478
1882.4,67.36
1882.5,67.36
1882.6,67.48310344827563
1882.7,67.39877192982463
1882.8,67.33195121951218
1882.9,67.36
1883.0,67.36
1883.1,67.36
1883.2,67.39200000000004
1883.3,67.37344827586207
1883.4,67.36
1883.5,67.36
1883.6,67.35159663865548
1883.7,67.31040983606556
1883.8,67.35139344262296
1883.9,67.32788617886173
1884.0,67.33295081967213
1884.1,67.36
1884.2,67.36
1884.3,67.36
1884.4,67.36
1884.5,67.32767241379308
1884.6,67.28478632478634
1884.7,67.2958974358975
1884.8,67.34983739837402
1884.9,67.30913793103441
1885.0,67.26603448275858
1885.1,67.2377586206897
1885.2,67.11434782608684
1885.3,67.1658474576271
1885.4,67.31303278688526
1885.5,67.31262295081962
1885.6,67.26344262295085
1885.7,67.07243697479
1885.8,67.04387096774192
1885.9,67.14196721311501
1886.0,67.20354838709675
1886.1,67.01360655737696
1886.2,67.10377049180326
1886.3,67.07256198347109
1886.4,67.15675000000016
1886.5,67.2466666666667
1886.6,67.19658536585388
1886.7,67.0665040650405
1886.8,67.02910569105691
1886.9,67.04461538461543
1887.0,67.06
1887.1,67.05049180327869
1887.2,67.02
1887.3,67.02
1887.4,67.04097560975613
1887.5,67.05516393442623
1887.6,67.04573913043481
1887.7,67.00859649122805
1887.8,66.96586206896554
1887.9,66.9313793103448
1888.0,66.96226890756304
1888.1,66.97
1888.2,66.99161016949157
1888.3,67.02853448275859
1888.4,67.05149122807018
1888.5,67.05905511811027
1888.6,67.02755905511815
1888.7,67.02
1888.8,67.02
1888.9,67.0431404958678
1889.0,67.09508771929826
1889.1,67.06
1889.2,67.02638655462184
1889.3,67.0128318584071
1889.4,67.01
1889.5,67.01429752066116
1889.6,67.03078260869563
1889.7,67.02521739130418
1889.8,66.81136752136749
1889.9,66.94811965811985
1890.0,66.99709677419357
1890.1,67.01
1890.2,67.02196581196584
1890.3,67.00773913043471
1890.4,66.78381215469634
1890.5,66.91088397790061
1890.6,67.0119298245614
1890.7,67.00666666666659
1890.8,66.83999999999992
1890.9,66.84909090909095
1891.0,66.83689655172412
1891.1,66.80488888888891
1891.2,66.7842105263158
1891.3,66.81
1891.4,66.81
1891.5,66.81
1891.6,66.79547619047621
1891.7,66.77710743801653
1891.8,66.77115702479338
1891.9,66.77942148760332
1892.0,66.78
1892.1,66.78
1892.2,66.78
1892.3,66.78731707317073
1892.4,66.80829268292682
1892.5,66.7839024390244
1892.6,66.78
1892.7,66.79537815126052
1892.8,66.79923076923079
1892.9,66.79709401709408
1893.0,66.85719298245613
1893.1,66.82210526315792
1893.2,66.78840336134449
1893.3,66.805641025641
1893.4,66.82
1893.5,66.80539130434785
1893.6,66.76040322580656
1893.7,66.69336206896568
1893.8,66.80543103448261
1893.9,66.79281249999998
1894.0,66.78
1894.1,66.78
1894.2,66.77069767441857
1894.3,66.73193798449617
1894.4,66.77025423728817
1894.5,66.7989344262295
1894.6,66.79636363636367
1894.7,66.72086956521721
1894.8,66.61648000000001
1894.9,66.80848000000026
1895.0,66.78866666666669
1895.1,66.78
1895.2,66.81305785123968
1895.3,66.84801652892563
1895.4,66.79479338842967
1895.5,66.60471074380153
1895.6,66.68609756097555
1895.7,66.77682926829272
1895.8,66.80666666666669
1895.9,66.75579831932768
1896.0,66.6213445378151
1896.1,66.61161016949153
1896.2,66.5611206896551
1896.3,66.67684210526323
1896.4,66.79275000000003
1896.5,66.8020512820513
1896.6,66.75565217391323
1896.7,66.58173913043474
1896.8,66.53008403361343
1896.9,66.70407079646044
1897.0,66.64256410256405
1897.1,66.5675590551181
1897.2,66.58422413793087
1897.3,66.60727272727375
1897.4,68.42545454545663
1897.5,67.2751145038175
1897.6,66.54
1897.7,66.52067796610169
1897.8,66.49565217391303
1897.9,66.57
1898.0,66.57
1898.1,66.53280991735544
1898.2,66.49148760330577
1898.3,66.49776859504131
1898.4,66.54
1898.5,66.54192000000002
1898.6,66.56591999999998
1898.7,66.57
1898.8,66.55400000000002
1898.9,66.51781512605037
1899.0,66.4931578947369
1899.1,66.54
1899.2,66.54
1899.3,66.49819672131156
1899.4,66.4615702479339
1899.5,66.5260975609756
1899.6,66.47731707317078
1899.7,66.52085470085474
1899.8,66.54
1899.9,66.55347457627123
1900.0,66.5821739130435
1900.1,66.58777777777779
1900.2,66.4766666666665
1900.3,66.47
1900.4,66.50619834710746
1900.5,66.49163934426231
1900.6,66.45008403361342
1900.7,66.47556451612905
1900.8,66.43524193548393
1900.9,66.43696
1901.0,66.43487603305786
1901.1,66.43350427350427
1901.2,66.44
1901.3,66.43831932773112
1901.4,66.39630252100835
1901.5,66.42695652173914
1901.6,66.48912280701748
1901.7,66.38466666666645
1901.8,66.29
1901.9,66.4433613445378
1902.0,66.47697478991596
1902.1,66.40939655172421
1902.2,66.32452380952375
1902.3,66.36647058823532
1902.4,66.46580645161275
1902.5,66.39
1902.6,66.39
1902.7,66.24398437500003
1902.8,66.28948717948708
1902.9,66.40913043478265
1903.0,66.45260869565217
1903.1,66.49
1903.2,66.49
1903.3,66.32991803278695
1903.4,66.36875000000009
1903.5,66.45467741935481
1903.6,66.48107438016534
1903.7,66.43499999999979
1903.8,66.18500000000006
1903.9,66.34672268907605
1904.0,66.30682926829252
1904.1,66.16699186991872
1904.2,66.15254098360658
1904.3,66.22631147540976
1904.4,66.23818965517242
1904.5,66.17247863247866
1904.6,66.28183006535923
1904.7,66.47081967213113
1904.8,66.25770491803308
1904.9,66.19282051282052
1905.0,66.15795275590553
1905.1,66.17047244094482
1905.2,66.21789915966383
1905.3,66.14226890756314
1905.4,66.14
1905.5,66.16512396694215
1905.6,66.16971962616826
1905.7,66.15102803738317
1905.8,66.14
1905.9,66.14
1906.0,66.1416260162602
1906.1,66.17414634146341
1906.2,66.18
1906.3,66.15917355371903
1906.4,66.15333333333338
1906.5,66.18
1906.6,66.18
1906.7,66.18
1906.8,66.18
1906.9,66.16335999999995
1907.0,66.14857142857144
1907.1,66.1797391304348
1907.2,66.15365217391302
1907.3,66.115873015873
1907.4,66.13966942148768
1907.5,66.15743801652896
1907.6,66.11435483870963
1907.7,66.1385483870968
1907.8,66.1710743801653
1907.9,66.209674796748
1908.0,66.209674796748
1908.1,66.17100000000006
1908.2,66.14
1908.3,66.14
1908.4,66.19587301587305
1908.5,66.26728813559316
1908.6,66.25677419354855
1908.7,66.14260869565219
1908.8,66.06846774193528
1908.9,66.23782258064516
1909.0,66.29634146341463
1909.1,66.19864000000001
1909.2,66.11057377049194
1909.3,66.21822580645161
1909.4,66.20209677419354
1909.5,66.095
1909.6,66.17648437499992
1909.7,66.17760330578494
1909.8,66.03632478632473
1909.9,66.15043478260871
1910.0,66.15913043478261
1910.1,66.12153846153848
1910.2,66.04760683760674
1910.3,66.05827586206901
1910.4,66.0924561403508
1910.5,66.06866666666669
1910.6,66.10035294117645
1910.7,66.10623529411765
1910.8,66.11
1910.9,66.1284873949581
1911.0,66.2038016528927
1911.1,65.99719008264472
1911.2,65.90095999999993
1911.3,65.92699999999998
1911.4,66.01134920634921
1911.5,66.01928571428572
1911.6,65.97560975609763
1911.7,66.01666666666671
1911.8,66.04439024390244
1911.9,66.00931623931619
1912.0,65.98655172413801
1912.1,66.19344827586198
1912.2,66.05137931034464
1912.3,66.04247863247866
1912.4,66.06
1912.5,66.08892561983475
1912.6,66.16451612903222
1912.7,66.19677419354839
1912.8,66.05630252100843
1912.9,66.03862903225811
1913.0,66.07579831932775
1913.1,66.07983999999998
1913.2,66.01126050420174
1913.3,66.05327731092434
1913.4,65.96360655737703
1913.5,65.94175438596491
1913.6,66.02101694915245
1913.7,66.07315789473688
1913.8,65.97
1913.9,65.97
1914.0,66.06696721311476
1914.1,65.99819672131159
1914.2,65.97349593495936
1914.3,66.06
1914.4,66.05754098360634
1914.5,65.93459016393439
1914.6,66.00917355371884
1914.7,66.06
1914.8,66.02846153846157
1914.9,65.99105263157904
1915.0,72.15434782608094
1915.1,132.99782608689037
1915.2,158.9929661017135
1915.3,210.616086956517
1915.4,215.4481512604893
1915.5,229.1290909090488
1915.6,278.5786666666873
1915.7,254.6633057851388
1915.8,221.82859504133097
1915.9,292.1179831933098
1916.0,275.5605172414589
1916.1,237.90199999996824
1916.2,253.64158333333063
1916.3,261.73163934427123
1916.4,238.9283606557288
1916.5,191.55352941176184
1916.6,215.2885365853156
1916.7,218.98031999998608
1916.8,188.51610169488524
1916.9,242.09580645161904
1917.0,246.7409677419365
1917.1,249.0166666666641
1917.2,221.12902439022807
1917.3,197.1403100775188
1917.4,215.650956521756
1917.5,260.5379130434508
1917.6,263.68801724137927
1917.7,231.95033898303492
1917.8,243.86252173911305
1917.9,259.1920338982724
1918.0,226.2297637795126
1918.1,177.1903937008866
1918.2,216.8206034482536
1918.3,234.1501652892496
1918.4,253.24636363638143
1918.5,257.1015873015997
1918.6,234.38225806453755
1918.7,217.93064516129243
1918.8,251.3566666666376
1918.9,260.8101652892552
1919.0,259.6849999999985
1919.1,261.57658536585217
1919.2,267.8366942148313
1919.3,212.4482644628588
1919.4,222.79162601626095
1919.5,242.45396694214256
1919.6,247.0554700854771
1919.7,223.8048717948116
1919.8,182.05578512399916
1919.9,239.13842975213157
1920.0,238.8665217391299
1920.1,274.276754385907
1920.2,253.4020689654991
1920.3,209.95857142856983
1920.4,222.9203333333904
1920.5,262.38500000000965
1920.6,242.13500000003197
1920.7,266.0244067796666
1920.8,268.405
1920.9,249.3778688524302
1921.0,226.4405172413639
1921.1,179.0977391304149
1921.2,220.98469565220788
1921.3,218.00991304348
1921.4,225.64035714287695
1921.5,240.00196428572536
1921.6,245.00949579832215
1921.7,251.79537815126668
1921.8,279.5650000000087
1921.9,233.7149999999913
1922.0,208.34147540982832
1922.1,194.67826446281632
1922.2,211.9740000000322
1922.3,248.42933884297688
1922.4,255.6587603305821
1922.5,260.1380991735498
1922.6,204.298934426284
1922.7,215.35180327872544
1922.8,248.5194957983195
1922.9,245.7936263736096
1923.0,235.3101098901036
1923.1,230.55333333333044
1923.2,231.98752136752236
1923.3,225.64474999996415
1923.4,278.1364166667502
1923.5,258.80757812500605
1923.6,249.63918032785844
1923.7,252.7505084745653
1923.8,241.71669421487425
1923.9,243.36132231405185
1924.0,251.20716666666323
1924.1,256.7870247933849
1924.2,254.61820312499623
1924.3,249.51434782608112
1924.4,253.24361344537817
1924.5,252.57974789915983
1924.6,248.35471544716088
1924.7,249.3888617886163
1924.8,248.7209756097614
1924.9,245.1258620689735
1925.0,249.6732620320855
1925.1,249.560962566845
1925.2,250.36431034482797
1925.3,254.7057500000051
1925.4,247.2307499999881
1925.5,250.3175000000049
1925.6,156.5926315789644
1925.7,89.17834782608605
1925.8,88.7590163934426
1925.9,99.2482051282574
1926.0,163.29948717950214
1926.1,236.7818103447872
1926.2,246.81456140350696
1926.3,242.9000000000026
1926.4,241.55593220339085
1926.5,240.7540517241364
1926.6,236.55930434782815
1926.7,232.0299999999993
1926.8,231.19666666666697
1926.9,231.038
1927.0,231.4395798319324
1927.1,231.98499999999933
1927.2,232.77663716814217
1927.3,234.35322314049705
1927.4,235.9156410256228
1927.5,219.4284615384529
1927.6,195.02109243701037
1927.7,198.21447368422304
1927.8,222.85086206895372
1927.9,222.5025210083957
1928.0,190.98
1928.1,234.88
1928.2,226.72745762711892
1928.3,271.6485714285368
1928.4,263.0011111110696
1928.5,216.7686086956463
1928.6,241.6294782608391
1928.7,178.59344827584383
1928.8,155.48824561403498
1928.9,202.7323728814144
1929.0,252.15469565217333
1929.1,245.8563247863269
1929.2,244.3206896551852
1929.3,259.1655172413804
1929.4,195.98304347816145
1929.5,214.80232758623384
1929.6,258.1822222222176
1929.7,270.81646017696124
1929.8,254.8291666666652
1929.9,259.09072580645176
1930.0,260.09879032257965
1930.1,243.49391304351724
1930.2,267.6630645161511
1930.3,278.2561157024757
1930.4,253.91314049585696
1930.5,240.37387096772076
1930.6,264.4706451612868
1930.7,208.0126890755849
1930.8,186.7107563025162
1930.9,220.43764705888051
1931.0,261.1040000000246
1931.1,235.421754385982
1931.2,225.6936842105135
1931.3,255.8295081967201
1931.4,240.94307692303025
1931.5,234.64605042016777
1931.6,245.7061016949115
1931.7,243.0747457627018
1931.8,216.99
1931.9,240.8262068965872
1932.0,226.80721311475173
1932.1,201.27918699190533
1932.2,193.9731578947308
1932.3,219.3904347825731
1932.4,237.067966101697
1932.5,182.34762711866728
1932.6,190.27591999998276
1932.7,217.2008547008645
1932.8,271.8749999999703
1932.9,297.56539682531684
1933.0,232.68991735537543
1933.1,243.81388429750535
1933.2,242.04238095238077
1933.3,198.52033898308275
1933.4,190.3731932773608
1933.5,246.1119999999976
1933.6,248.9567741935418
1933.7,255.8761290322596
1933.8,257.949430894308
1933.9,242.15099999998063
1934.0,222.8379487179469
1934.1,228.7949999999828
1934.2,274.17
1934.3,238.79393162395223
1934.4,253.4866956521932
1934.5,268.5442857142891
1934.6,232.56750000002623
1934.7,194.7321739131337
1934.8,283.63913043478493
1934.9,260.0304347825807
1935.0,228.83162393160552
1935.1,231.4417241379291
1935.2,222.46521008402223
1935.3,216.7239999999825
1935.4,218.49529411763328
1935.5,192.43700000000325
1935.6,249.7369999998947
1935.7,199.44512820514672
1935.8,185.31255813953192
1935.9,194.4347863248057
1936.0,207.83852173913724
1936.1,223.92330434780527
1936.2,285.86243478266744
1936.3,262.8965957446937
1936.4,249.4243103448256
1936.5,217.4
1936.6,157.36130081300618
1936.7,160.00357723577298
1936.8,234.8492500000172
1936.9,250.4000826446276
1937.0,252.85403225806368
1937.1,245.69057851242195
1937.2,216.0496666666287
1937.3,187.81633333334884
1937.4,262.0054237289146
1937.5,259.7095081967208
1937.6,253.0001652892479
1937.7,260.2733333333241
1937.8,243.3527868853
1937.9,157.95934426228234
1938.0,242.7275
1938.1,264.97876033059345
1938.2,249.13090909090292
1938.3,241.11438016528888
1938.4,258.11483606555527
1938.5,226.04106557379976
1938.6,194.95142857146877
1938.7,231.61090909089432
1938.8,266.5104411764847
1938.9,256.71142156862584
1939.0,257.07316666666327
1939.1,253.8792500000448
1939.2,183.5575206611449
1939.3,237.3095867768575
1939.4,257.9800000000094
1939.5,245.4809836065509
1939.6,240.764918032783
1939.7,265.28420168065463
1939.8,234.4354621849211
1939.9,213.0286885245681
1940.0,197.5312500000039
1940.1,221.6590163933913
1940.2,235.122727272654
1940.3,174.03524590163244
1940.4,184.91229508196884
1940.5,210.73109243697004
1940.6,218.0905833333335
1940.7,211.0568595041169
1940.8,212.8824390243761
1940.9,246.62117647058767
1941.0,245.78084033613405
1941.1,182.9114754098972
1941.2,158.78650000000016
1941.3,193.3443801652991
1941.4,247.06065040649608
1941.5,237.73126050419447
1941.6,253.2942857142756
1941.7,234.74098360654835
1941.8,205.9869166666737
1941.9,210.1024793389165
1942.0,252.46178861788763
1942.1,246.7707317073259
1942.2,258.19067796610534
1942.3,263.3110169491523
1942.4,205.75768595031536
1942.5,177.33862068963208
1942.6,236.4516393442457
1942.7,249.0730508474624
1942.8,238.72559322034772
1942.9,260.75069565218894
1943.0,244.38461538462172
1943.1,212.26545454549213
1943.2,195.40504132231263
1943.3,206.09780487804463
1943.4,237.9758536585637
1943.5,222.62907563024052
1943.6,235.70950819670463
1943.7,237.49907563022657
1943.8,190.7364462809716
1943.9,113.63360655746922
1944.0,226.02704918025245
1944.1,245.24199999999868
1944.2,241.21655737704623
1944.3,229.85900000000785
1944.4,212.37909090906427
1944.5,193.2698319327933
1944.6,105.25302521012104
1944.7,89.2391666666666
1944.8,89.07373913043493
1944.9,88.88735537190064
1945.0,88.6449999999999
1945.1,88.41590163934413
1945.2,88.51426229508209
1945.3,88.33615384615402
1945.4,88.2891304347826
1945.5,88.22034482758636
1945.6,88.04846153846181
1945.7,87.88726495726495
1945.8,87.76929824561405
1945.9,87.73421052631578
1946.0,87.69206896551725
1946.1,87.76262295081949
1946.2,87.75697478991597
1946.3,82.65483050848019
1946.4,68.71325000000138
1946.5,69.73824999999944
1946.6,69.88342105263145
1946.7,69.27053475935834
1946.8,68.47374331550836
1946.9,69.41070175438675
1947.0,69.51434782608702
1947.1,69.4809836065573
1947.2,69.49373015873019
1947.3,69.46512820512815
1947.4,69.49931623931626
1947.5,69.50837606837607
1947.6,69.42678082191789
1947.7,69.3481355932203
1947.8,69.32586206896553
1947.9,69.35974747474742
1948.0,69.33449494949494
1948.1,69.30424000000014
1948.2,69.11223999999987
1948.3,69.08966386554621
1948.4,69.06033613445369
1948.5,69.03403508771927
1948.6,69.10406779660993
1948.7,69.24655462184867
1948.8,69.07848739495795
1948.9,69.11836065573779
1949.0,69.09956896551722
1949.1,69.09179487179485
1949.2,69.12894736842108
1949.3,69.10934959349599
1949.4,68.90609756097547
1949.5,69.06696721311462
1949.6,69.05130434782623
1949.7,68.96453781512606
1949.8,68.9064347826087
1949.9,68.88879310344825
1950.0,68.85725806451612
1950.1,68.92983870967733
1950.2,69.01883333333342
1950.3,68.91799999999995
1950.4,68.79292035398223
1950.5,68.34427350427326
1950.6,67.72644628099106
1950.7,68.9
1950.8,68.8837398373984
1950.9,68.84149999999995
1951.0,68.87699999999995
1951.1,68.87024590163962
1951.2,68.69760330578505
1951.3,68.61495867768602
1951.4,68.65548387096776
1951.5,68.75823529411763
1951.6,68.77285714285716
1951.7,68.72344537815131
1951.8,68.75321739130439
1951.9,68.70104347826084
1952.0,68.65739130434785
1952.1,68.62300813008136
1952.2,68.6668965517241
1952.3,68.67932773109253
1952.4,68.58093023255802
1952.5,68.46465116279059
1952.6,68.57803278688517
1952.7,68.64609756097563
1952.8,68.62163793103454
1952.9,68.55391304347825
1953.0,68.54338983050847
1953.1,68.56
1953.2,68.56
1953.3,68.60264462809916
1953.4,68.56758064516126
1953.5,68.51658333333333
1953.6,68.50139344262297
1953.7,68.46040983606555
1953.8,68.38696721311484
1953.9,68.34536
1954.0,68.38633333333328
1954.1,68.42203389830514
1954.2,68.32
1954.3,68.32
1954.4,68.38694214876038
1954.5,68.38756097560977
1954.6,68.39262295081961
1954.7,68.41032786885238
1954.8,68.32655172413801
1954.9,68.1541379310343
1955.0,68.21734375000007
1955.1,68.32655737704914
1955.2,68.37864406779657
1955.3,68.32846153846154
1955.4,68.31966386554615
1955.5,68.28605042016807
1955.6,68.13768595041327
1955.7,68.11575000000006
1955.8,68.20205128205123
1955.9,68.26622950819666
1956.0,68.21068965517239
1956.1,68.24517241379306
1956.2,68.07052173913043
1956.3,68.17052173913022
1956.4,68.2417647058823
1956.5,68.1523770491803
1956.6,68.01395161290327
1956.7,67.97362903225807
1956.8,68.0005882352941
1956.9,68.10846153846174
1957.0,68.09826086956514
1957.1,68.03391304347825
1957.2,68.06210084033614
1957.3,68.07247933884291
1957.4,68.1138016528926
1957.5,68.14881355932206
1957.6,68.04176470588249
1957.7,67.95
1957.8,67.94060869565216
1957.9,67.93504347826122
1958.0,68.14373913043494
1958.1,67.96073170731718
1958.2,67.27174999999973
1958.3,66.70307086614052
1958.4,67.9392913385836
1958.5,67.95500000000006
1958.6,67.90365217391306
1958.7,67.88
1958.8,67.87388429752065
1958.9,67.9017355371901
1959.0,67.91
1959.1,67.81598290598296
1959.2,67.80664
1959.3,67.83416666666665
1959.4,67.86
1959.5,67.86566666666668
1959.6,67.89899999999996
1959.7,67.82601694915252
1959.8,67.84464912280698
1959.9,67.86
1960.0,67.84135593220337
1960.1,67.78655737704929
1960.2,67.69689655172404
1960.3,67.61931034482754
1960.4,67.75666666666685
1960.5,67.83446043165469
1960.6,67.8475
1960.7,67.81565217391311
1960.8,67.85913043478263
1960.9,67.66708661417314
1961.0,67.5060975609757
1961.1,67.35975609756115
1961.2,67.45181818181814
1961.3,67.57
1961.4,67.58785123966949
1961.5,67.65765217391309
1961.6,67.57939130434795
1961.7,67.53140350877194
1961.8,67.57741379310333
1961.9,67.59082644628097
1962.0,67.58264957264959
1962.1,67.56967741935489
1962.2,67.36806451612884
1962.3,67.55512195121945
1962.4,67.61
1962.5,67.59322580645161
1962.6,67.57
1962.7,67.57694214876038
1962.8,67.67611570247922
1962.9,67.638547008547
1963.0,67.61452380952382
1963.1,67.61
1963.2,67.61
1963.3,67.61
1963.4,67.61
1963.5,67.61706896551723
1963.6,67.59203389830515
1963.7,67.58655172413793
1963.8,67.59976000000002
1963.9,67.57
1964.0,67.57
1964.1,67.47078947368425
1964.2,67.3581896551723
1964.3,67.31
1964.4,67.32750000000004
1964.5,67.39756097560962
1964.6,67.56829268292647
1964.7,67.39230769230775
1964.8,67.38827586206894
1964.9,67.51578947368424
1965.0,67.49512605042028
1965.1,67.34647540983612
1965.2,67.31
1965.3,67.31
1965.4,67.33200000000004
1965.5,67.35172413793103
1965.6,67.33777777777782
1965.7,67.31
1965.8,67.31
1965.9,67.31
1966.0,67.35260869565215
1966.1,67.38813559322031
1966.2,67.31666666666658
1966.3,67.27440677966104
1966.4,67.31
1966.5,67.31
1966.6,67.31
1966.7,67.3318181818182
1966.8,67.32236842105264
1966.9,67.29156521739127
1967.0,67.29973913043479
1967.1,67.35041666666669
1967.2,67.30874999999993
1967.3,67.26708333333335
1967.4,67.29547008547014
1967.5,67.28130434782608
1967.6,67.28198275862067
1967.7,67.31
1967.8,67.31
1967.9,67.31
1968.0,67.10914529914513
1968.1,67.2259482758621
1968.2,67.29394736842102
1968.3,67.2921551724138
1968.4,67.31
1968.5,67.30552941176481
1968.6,67.19376470588246
1968.7,67.10210526315785
1968.8,67.0446153846154
1968.9,66.97051282051285
1969.0,66.98760683760685
1969.1,67.01186440677962
1969.2,66.99118644067795
1969.3,67.03521739130429
1969.4,67.17732758620704
1969.5,67.27135593220336
1969.6,67.06956896551725
1969.7,67.02646551724132
1969.8,67.09024793388427
1969.9,67.06621848739485
1970.0,67.02
1970.1,67.0227192982456
1970.2,67.03285714285715
1970.3,67.04966386554622
1970.4,67.02609756097557
1970.5,67.05124999999998
1970.6,67.08410256410252
1970.7,67.10333333333332
1970.8,67.09229508196728
1970.9,67.02
1971.0,67.02
1971.1,67.02
1971.2,67.02
1971.3,67.03447368421054
1971.4,67.0289743589743
1971.5,66.97769230769235
1971.6,66.99719999999994
1971.7,67.0149180327869
1971.8,66.95179487179483
1971.9,66.85565217391344
1972.0,67.05949152542372
1972.1,67.05101694915255
1972.2,67.03742857142856
1972.3,67.02314285714284
1972.4,67.04017241379312
1972.5,66.93116666666675
1972.6,66.90689655172397
1972.7,67.05167999999998
1972.8,67.01894179894182
1972.9,66.91312169312161
1973.0,66.81578947368422
1973.1,66.78070175438603
1973.2,66.85538461538461
1973.3,67.03060344827568
1973.4,66.9331858407079
1973.5,66.90099999999993
1973.6,66.95756097560992
1973.7,66.78223140495868
1973.8,66.80702479338844
1973.9,66.84728813559325
1974.0,66.8364705882353
1974.1,66.79875000000004
1974.2,66.77256198347106
1974.3,66.78661157024793
1974.4,66.8527272727273
1974.5,66.82322314049586
1974.6,66.81
1974.7,66.81
1974.8,66.81
1974.9,66.78957983193277
1975.0,66.78
1975.1,66.81299999999993
1975.2,66.86801652892562
1975.3,66.85801652892566
1975.4,66.79190082644617
1975.5,66.78
1975.6,66.78
1975.7,66.78975000000001
1975.8,66.81157024793389
1975.9,66.8198347107438
1976.0,66.82
1976.1,66.79475409836067
1976.2,66.79833333333333
1976.3,66.81708333333334
1976.4,66.81
1976.5,66.81
1976.6,66.7796774193549
1976.7,66.77551181102362
1976.8,66.78
1976.9,66.78653225806453
1977.0,66.81156521739128
1977.1,66.8637391304347
1977.2,66.86260504201681
1977.3,66.81438016528932
1977.4,66.78
1977.5,66.78
1977.6,66.78199999999995
1977.7,66.81533333333336
1977.8,66.82
1977.9,66.79314049586772
1978.0,66.77360655737705
1978.1,66.78
1978.2,66.78
1978.3,66.78
1978.4,66.64034482758596
1978.5,66.62680000000005
1978.6,66.6273770491804
1978.7,66.54450000000001
1978.8,66.5695
1978.9,66.76918699187021
1979.0,66.6687394957984
1979.1,66.58
1979.2,66.64491935483885
1979.3,66.78743589743596
1979.4,66.5823076923074
1979.5,66.57
1979.6,66.57684210526315
1979.7,66.58
1979.8,66.5761475409836
1979.9,66.5635344827586
1980.0,66.51517241379307
1980.1,66.23931034482776
1980.2,65.34710526315745
1980.3,66.07710743801522
1980.4,66.58966101694915
1980.5,66.5973015873016
1980.6,66.56666666666669
1980.7,66.54285714285713
1980.8,66.54
1980.9,66.50710526315788
1981.0,66.51541666666665
1981.1,66.53661157024794
1981.2,66.52180327868852
1981.3,66.48081967213113
1981.4,66.47176470588235
1981.5,66.44430894308947
1981.6,66.49426229508184
1981.7,66.56149999999998
1981.8,66.54
1981.9,66.54
1982.0,66.50948717948721
1982.1,66.49034188034182
1982.2,66.54
1982.3,66.53898305084749
1982.4,66.48813559322026
1982.5,66.52421052631581
1982.6,66.48214876033067
1982.7,66.45619834710745
1982.8,66.494
1982.9,66.53316239316237
1983.0,66.44769230769232
1983.1,66.4799122807017
1983.2,66.47649122807017
1983.3,66.34090163934435
1983.4,66.29296610169511
1983.5,66.43185483870967
1983.6,66.4399193548387
1983.7,66.39942622950817
1983.8,66.42130081300812
1983.9,66.45800000000004
1984.0,66.46827586206895
1984.1,66.44465517241375
1984.2,66.47017391304347
1984.3,66.47886956521738
1984.4,66.52539130434782
1984.5,66.48098360655739
1984.6,66.41881355932205
1984.7,66.41601626016272
1984.8,66.48645669291338
1984.9,66.44708661417314
1985.0,66.29155172413802
1985.1,66.20155172413801
1985.2,66.1626086956522
1985.3,66.1664705882352
1985.4,66.25064516129042
1985.5,66.37967741935479
1985.6,66.30350427350437
1985.7,66.35112068965522
1985.8,66.41052173913043
1985.9,66.43366666666668
1986.0,66.3986885245903
1986.1,66.23258064516124
1986.2,66.3616129032259
1986.3,66.39
1986.4,66.27235294117631
1986.5,66.16707317073173
1986.6,66.22619565217394
1986.7,66.19902173913043
1986.8,66.18
1986.9,66.18
1987.0,66.18
1987.1,66.15184
1987.2,66.19478260869573
1987.3,66.18400000000005
1987.4,66.17323076923088
1987.5,66.43476923076935
1987.6,66.27801652892582
1987.7,66.17937007874013
1987.8,66.15680672268907
1987.9,66.20818181818197
1988.0,66.2990909090909
1988.1,66.28661016949168
1988.2,66.19083333333336
1988.3,66.22546218487406
1988.4,66.14983193277305
1988.5,66.16740157480316
1988.6,66.16064516129035
1988.7,66.15170731707319
1988.8,66.18
1988.9,66.18
1989.0,66.14943089430894
1989.1,66.19153225806444
1989.2,66.2113492063492
1989.3,66.18
1989.4,66.18120967741942
1989.5,66.22153225806454
1989.6,66.17123966942157
1989.7,66.14495726495727
1989.8,66.17495652173909
1989.9,66.19513043478254
1990.0,66.11647058823527
1990.1,66.17529411764704
1990.2,66.15055999999997
1990.3,66.14
1990.4,66.1717460317461
1990.5,66.21225806451615
1990.6,66.18
1990.7,66.18
1990.8,66.17313559322035
1990.9,66.12274999999997
1991.0,66.05919354838711
1991.1,66.05033613445374
1991.2,66.21
1991.3,66.26599999999995
1991.4,66.14585365853655
1991.5,66.14165289256192
1991.6,66.22459016393448
1991.7,66.14336065573771
1991.8,66.06959016393454
1991.9,66.17347826086954
1992.0,66.14052631578946
1992.1,66.1531666666666
1992.2,66.19389830508473
1992.3,66.15180327868853
1992.4,66.11081967213113
1992.5,66.15083333333335
1992.6,66.10338709677421
1992.7,66.06553719008264
1992.8,66.05190184049083
1992.9,66.02736196319017
1993.0,66.0484552845528
1993.1,66.07
1993.2,66.04674796747962
1993.3,65.96031249999999
1993.4,65.97072916666667
1993.5,65.98433497536945
1993.6,66.0237438423645
1993.7,66.06677966101698
1993.8,66.15152542372881
1993.9,66.15256198347107
1994.0,66.10512195121956
1994.1,66.03578512396703
1994.2,66.00642276422774
1994.3,66.10935483870969
1994.4,66.07709677419352
1994.5,66.00499999999995
1994.6,66.01423728813553
1994.7,66.06
1994.8,66.03991869918713
1994.9,65.88544715447154
1995.0,66.01132231404962
1995.1,65.31152542372885
1995.2,65.3542519685049
1995.3,66.18245901639354
1995.4,66.06982905982903
1995.5,66.06128205128206
1995.6,66.06669291338581
1995.7,66.08901639344263
1995.8,66.08049180327866
1995.9,66.00540983606554
1996.0,65.97262295081968
1996.1,66.04016949152536
1996.2,66.05417322834644
1996.3,66.01475
1996.4,65.97097560975611
1996.5,66.0131034482758
1996.6,66.09068965517227
1996.7,66.06939130434785
1996.8,66.03504273504277
1996.9,66.03411764705884
1997.0,66.05596774193549
1997.1,66.05827868852467
1997.2,65.96811475409837
1997.3,66.0391304347825
1997.4,126.95728000001748
1997.5,166.70406779660976
1997.6,183.96864406775583
1997.7,223.4439024390033
1997.8,201.0699186991949
1997.9,245.6786666666705
1998.0,251.58624000001265
1998.1,229.4849579832507
1998.2,200.64295999999692
1998.3,187.47724999996484
1998.4,239.0522500000821
1998.5,253.50940170939825
1998.6,255.95647058823505
1998.7,247.4998630136916
1998.8,229.65923076922684
1998.9,246.5823076923324
1999.0,235.4123529411831
1999.1,201.179180327908
1999.2,191.8906722689326
1999.3,222.9954545454422
1999.4,237.8530578512917
1999.5,271.6216528925569
1999.6,246.3299173553834
1999.7,219.500241935457
1999.8,240.5783898304928
1999.9,296.5341666666462
2000.0,206.4508333333129
2000.1,272.38285714282426
2000.2,276.43834710743107
2000.3,231.2527868852639
2000.4,195.40140495875087
2000.5,234.35967213114884
2000.6,248.2449180327675
2000.7,215.0014285714078
2000.8,227.0216521739051
2000.9,239.59793103447248
2001.0,218.66017094015152
2001.1,198.76920634919665
2001.2,266.01523809533273
2001.3,245.28403225805584
2001.4,266.2141666667057
2001.5,248.54770491801847
2001.6,202.23266666666427
2001.7,231.1740000000005
2001.8,232.22400000000047
2001.9,250.5991803278982
2002.0,247.83114754098472
2002.1,242.13295999999212
2002.2,245.55418803418715
2002.3,237.25532258066767
2002.4,190.0214516128703
2002.5,204.539677419342
2002.6,216.80704347826733
2002.7,233.0194117647133
2002.8,268.7613043478292
2002.9,252.58391304344968
2003.0,226.26217391304087
2003.1,280.5664406779441
2003.2,240.27930434773688
2003.3,213.2036521739146
2003.4,234.44410256415333
2003.5,255.51068181817192
2003.6,243.0334090909164
2003.7,196.19373913040155
2003.8,220.3952380952332
2003.9,236.04942148759255
2004.0,239.38275862067263
2004.1,266.6754032258362
2004.2,243.84475806451903
2004.3,233.73537190082692
2004.4,257.97919354844487
2004.5,253.39198347106716
2004.6,216.26346774191188
2004.7,232.95890756302228
2004.8,245.8496638655408
2004.9,216.5801612902873
2005.0,226.1538709677338
2005.1,255.8702479338833
2005.2,248.5785123966062
2005.3,184.4132231405164
2005.4,215.84610169497347
2005.5,230.01396551724545
2005.6,240.7378688524583
2005.7,255.47557377051177
2005.8,243.22249999998837
2005.9,254.11766666671264
2006.0,267.48431034482894
2006.1,253.20483050847676
2006.2,249.7596581196408
2006.3,234.15282051281235
2006.4,247.2174358974445
2006.5,246.7755555555604
2006.6,247.14967741934413
2006.7,250.93256198347083
2006.8,247.27864
2006.9,247.3746400000001
2007.0,255.28025641026463
2007.1,254.05291666667048
2007.2,248.08483050847187
2007.3,246.2926956521735
2007.4,251.53754385964191
2007.5,245.52
2007.6,252.36799999999377
2007.7,250.44637931034217
2007.8,208.735
2007.9,140.38709401702346
2008.0,87.472758620689
2008.1,88.09513043478083
2008.2,89.03426086956463
2008.3,89.02184873949587
2008.4,195.50896551735423
2008.5,253.07901639344468
2008.6,245.88000000001523
2008.7,236.43898305084716
2008.8,236.0576271186439
2008.9,234.80350877192785
2009.0,232.65473684210443
2009.1,233.8701694915247
2009.2,235.3446666666669
2009.3,235.55186440677969
2009.4,234.99191304347357
2009.5,231.1484347826078
2009.6,230.93782608695665
2009.7,230.99470588235303
2009.8,237.42444444443947
2009.9,241.8647457627115
2010.0,240.4579661016951
2010.1,253.12128205127024
2010.2,241.84142857139287
2010.3,210.2841379310301
2010.4,195.4946218487609
2010.5,209.116470588228
2010.6,183.86090909092337
2010.7,201.92756521743124
2010.8,230.60443478261143
2010.9,225.80885245896468
2011.0,192.0110743801638
2011.1,196.3664462809829
2011.2,214.7497500000042
2011.3,256.514672131102
2011.4,243.06299999995923
2011.5,214.10652892562115
2011.6,224.34785123974865
2011.7,164.95942148753636
2011.8,169.3544628099137
2011.9,212.6081818182656
2012.0,242.74320000000827
2012.1,250.53384615384397
2012.2,255.010427350436
2012.3,225.37794871797465
2012.4,190.43843478259333
2012.5,210.3404385964664
2012.6,247.1809448818332
2012.7,262.7814634146349
2012.8,240.11355371904355
2012.9,208.2705785123536
2013.0,227.2044999999908
2013.1,231.198661417326
2013.2,264.4256302521443
2013.3,302.1260683760526
2013.4,251.15287999994985
2013.5,225.3608799999733
2013.6,182.40686956521463
2013.7,178.53525862070936
2013.8,195.6874358974308
2013.9,216.70275862069312
2014.0,233.2717886178884
2014.1,230.27991869919308
2014.2,217.7318181818129
2014.3,199.65942148762025
2014.4,229.09560975616387
2014.5,285.67428571431003
2014.6,306.98625000007974
2014.7,236.8279166665869
2014.8,261.8042975206471
2014.9,202.3272727271361
2015.0,209.0882113821984
2015.1,278.9824999999914
2015.2,289.4208000000029
2015.3,257.8288000000316
2015.4,264.7204878048786
2015.5,250.6491803278758
2015.6,219.92758620690603
2015.7,196.15923076922653
2015.8,195.8591735537425
2015.9,237.5616528926098
2016.0,212.8314482758537
2016.1,199.6431092436768
2016.2,217.5952542372804
2016.3,231.39140495867608
2016.4,233.17652892562265
2016.5,244.89421487603565
2016.6,245.16512396695416
2016.7,227.19452173912467
2016.8,198.82952755904992
2016.9,181.75078740157053
2017.0,192.80545454545924
2017.1,186.27800000001184
2017.2,212.6620168067412
2017.3,237.7726190476201
2017.4,219.76728813558609
2017.5,214.2079661017006
2017.6,195.07491525426715
2017.7,232.0700862069008
2017.8,223.46779661019195
2017.9,217.9853913044081
2018.0,256.8964705882377
2018.1,253.8554999999946
2018.2,158.80549999995856
2018.3,203.82180327862
2018.4,266.3261739130447
2018.5,267.8694782609227
2018.6,242.52728813555012
2018.7,256.57915966385946
2018.8,224.68
2018.9,193.8782758620231
2019.0,205.8875862069108
2019.1,249.22556521737957
2019.2,263.1695041322163
2019.3,246.30034482759072
2019.4,237.8717948717793
2019.5,218.8205128205084
2019.6,234.4102586206809
2019.7,271.89339130438015
2019.8,271.5866666666674
2019.9,247.76431034478455
2020.0,223.08655999999144
2020.1,210.61931034482407
2020.2,225.55034482760493
2020.3,193.74750000001896
2020.4,194.5386956521852
2020.5,222.17782608694048
2020.6,227.44956521745848
2020.7,192.66705882352915
2020.8,199.93999999999744
2020.9,210.94000000001603
2021.0,255.7789655172776
2021.1,227.68400000005457
2021.2,214.40897435898196
2021.3,249.9377118644004
2021.4,260.68999999993923
2021.5,220.61307692303956
2021.6,280.21000000001
2021.7,272.62101694914173
2021.8,249.94500000002387
2021.9,246.05000000000376
2022.0,257.1913793103664
2022.1,224.0535000000172
2022.2,211.4451666666552
2022.3,263.49982905985456
2022.4,259.74793388425275
2022.5,232.7624390243936
2022.6,224.9715702479029
2022.7,251.034237288096
2022.8,219.89016949155783
2022.9,308.1233333333773
2023.0,310.81618421055293
2023.1,266.3468859649921
2023.2,233.2581355932268
2023.3,210.6371929824967
2023.4,173.1994067796635
2023.5,185.97059322033653
2023.6,207.29964912277785
2023.7,239.67627118645436
2023.8,232.75637168143783
2023.9,212.24999999999912
2024.0,205.1682758620777
2024.1,195.9618604650652
2024.2,239.90759689926583
2024.3,285.1585365853566
2024.4,277.9190399999611
2024.5,250.0203478260861
2024.6,225.39181034488783
2024.7,160.30330434782542
2024.8,159.20765217391346
2024.9,224.9511111112029
2025.0,244.9154310344843
2025.1,253.7962931034452
2025.2,246.7871304347433
2025.3,214.55111111110392
2025.4,187.09182608699533
2025.5,208.6831304348001
2025.6,250.83031249994696
2025.7,259.4137499999962
2025.8,243.3924793388493
2025.9,230.03644628098817
2026.0,222.73892561982976
2026.1,140.07000000008145
2026.2,192.7770967742006
2026.3,244.0988524590138
2026.4,250.69776859503935
2026.5,247.59824999999867
2026.6,224.35658333337605
2026.7,199.9497457627147
2026.8,132.6442975206691
2026.9,89.87016949152455
2027.0,89.24620689655194
2027.1,88.93256198347163
2027.2,88.51107438016481
2027.3,88.57050847457619
2027.4,88.42316666666652
2027.5,88.28615384615381
2027.6,88.1986206896552
2027.7,88.06461538461511
2027.8,87.85516393442627
2027.9,87.9289344262296
2028.0,87.94
2028.1,87.91051282051282
2028.2,87.90368421052635
2028.3,87.91033898305086
2028.4,87.86419354838708
2028.5,87.73516129032247
2028.6,80.94652892562489
2028.7,72.92390243902301
2028.8,69.37123966942117
2028.9,69.49848739495586
2029.0,68.29511811023563
2029.1,69.42110236220354
2029.2,69.5313793103448
2029.3,69.62399999999992
2029.4,69.63426086956513
2029.5,69.52694915254237
2029.6,69.46
2029.7,69.46
2029.8,69.37163934426238
2029.9,69.39547008547011
2030.0,69.31674999999996
2030.1,69.23982352941174
2030.2,69.3162941176471
2030.3,69.26551136363638
2030.4,69.15755681818165
2030.5,69.15808695652174
2030.6,69.01631578947378
2030.7,69.0319200000001
2030.8,69.14170731707314
2030.9,69.18901639344253
2031.0,69.05786885245912
2031.1,69.09585365853657
2031.2,69.11
2031.3,69.02803278688536
2031.4,68.93524590163939
2031.5,69.02196721311478
2031.6,69.05475409836063
2031.7,68.92229508196719
2031.8,68.88627118644065
2031.9,68.979090909091
2032.0,69.05241379310363
2032.1,68.85447368421066
2032.2,68.77552631578952
2032.3,68.84033613445372
2032.4,68.83573770491802
2032.5,68.81555555555556
2032.6,68.84017241379298
2032.7,68.9001724137931
2032.8,68.85100840336132
2032.9,68.88462184873954
2033.0,68.84180327868852
2033.1,68.82529914529914
2033.2,68.78462184873939
2033.3,68.72111111111111
2033.4,68.76457627118646
2033.5,68.81542372881354
2033.6,68.65525862068982
2033.7,68.67097560975611
2033.8,68.71448275862068
2033.9,68.70747826086955
2034.0,68.64198275862077
2034.1,68.47624999999985
2034.2,68.60125000000015
2034.3,68.65455284552846
2034.4,68.61170940170926
2034.5,68.5482608695652
2034.6,68.55123893805307
2034.7,68.60308943089429
2034.8,68.56243902439029
2034.9,68.64406504065042
2035.0,68.5745378151261
2035.1,68.49295081967217
2035.2,68.46743589743589
2035.3,68.453275862069
2035.4,68.4015517241379
2035.5,68.44932203389831
2035.6,68.59166666666655
2035.7,68.58389830508466
2035.8,68.52253968253967
2035.9,68.48590163934406
2036.0,68.37114754098359
2036.1,68.41909090909084
2036.2,68.39163934426226
2036.3,68.4204918032787
2036.4,68.48
2036.5,68.46105263157892
2036.6,68.35652173913051
2036.7,68.26956521739127
2036.8,68.36942622950806
2036.9,68.38803278688522
2037.0,68.33186440677966
2037.1,68.26763157894737
2037.2,68.24417391304331
2037.3,68.12243478260864
2037.4,68.07916666666662
2037.5,68.23622950819657
2037.6,68.33
2037.7,68.30923728813553
2037.8,68.24911999999998
2037.9,68.18511999999988
2038.0,68.24677419354845
2038.1,68.26438016528927
2038.2,68.18367521367514
2038.3,68.11878048780481
2038.4,68.26336206896545
2038.5,68.16853448275863
2038.6,68.02000000000012
2038.7,68.03791304347831
2038.8,68.02647540983611
2038.9,68.01910569105694
2039.0,68.11241379310343
2039.1,68.12965517241376
2039.2,68.11324786324786
2039.3,68.07538461538465
2039.4,68.06
2039.5,67.68378378378365
2039.6,66.90000000000036
2039.7,67.37650000000048
2039.8,68.04059829059835
2039.9,68.02305084745772
2040.0,68.14
2040.1,68.14
2040.2,67.95483050847443
2040.3,67.99624
2040.4,68.06762711864413
2040.5,68.02693548387079
2040.6,67.8591452991453
2040.7,67.85059829059828
2040.8,67.89810344827579
2040.9,67.87622807017539
2041.0,67.86
2041.1,67.87785714285708
2041.2,67.8864462809917
2041.3,67.76247933884292
2041.4,67.87245901639359
2041.5,67.90622950819672
2041.6,67.9026530612245
2041.7,67.89
2041.8,67.89
2041.9,67.89800000000001
2042.0,67.87367521367521
2042.1,67.8341379310345
2042.2,67.82718750000002
2042.3,67.7386206896563
2042.4,66.98
2042.5,67.02879310344737
2042.6,67.88333333333337
2042.7,67.84033613445374
2042.8,67.62184873949579
2042.9,67.60743801652893
2043.0,67.63851239669422
2043.1,67.66
2043.2,67.67736111111117
2043.3,67.74680555555555
2043.4,67.661219512195
2043.5,67.61
2043.6,67.61
2043.7,67.61939130434784
2043.8,67.63721311475418
2043.9,67.5306557377049
2044.0,67.58639344262298
2044.1,67.58752066115704
2044.2,67.58528455284552
2044.3,67.62684210526308
2044.4,67.68217391304348
2044.5,67.60391304347834
2044.6,67.58389830508477
2044.7,67.59909090909093
2044.8,67.61
2044.9,67.61
2045.0,67.61591304347827
2045.1,67.64860869565221
2045.2,67.57904347826081
2045.3,67.6341803278688
2045.4,67.61204918032786
2045.5,67.5843333333333
2045.6,67.61950413223136
2045.7,67.65895652173916
2045.8,67.60678260869572
2045.9,67.60674418604651
2046.0,67.59573770491804
2046.1,67.58885245901637
2046.2,67.58033898305062
2046.3,67.36847457627145
2046.4,67.53530434782607
2046.5,67.5082203389831
2046.6,67.38307692307708
2046.7,67.4208474576273
2046.8,67.54279999999996
2046.9,67.31322314049604
2047.0,67.42066115702478
2047.1,67.32666666666687
2047.2,67.28999999999999
2047.3,67.32639999999998
2047.4,67.35349593495933
2047.5,67.31284552845531
2047.6,67.35008620689649
2047.7,67.36
2047.8,67.33370689655176
2047.9,67.31375000000001
2048.0,67.31795081967212
2048.1,67.31
2048.2,67.31
2048.3,67.31
2048.4,67.27025423728811
2048.5,67.26858333333334
2048.6,67.32198347107438
2048.7,67.35669421487611
2048.8,67.3153719008264
2048.9,67.34625000000003
2049.0,67.36
2049.1,67.33926829268296
2049.2,67.31
2049.3,67.31300000000026
2049.4,67.38799999999998
2049.5,67.37152542372885
2049.6,67.36
2049.7,67.3378260869566
2049.8,67.28277310924358
2049.9,67.22548387096782
2050.0,67.25774193548386
2050.1,67.26
2050.2,67.134782608696
2050.3,67.08389221556898
2050.4,67.12580838323363
2050.5,67.27086956521732
2050.6,67.31
2050.7,67.16499999999999
2050.8,67.03377049180337
2050.9,67.06173913043479
2051.0,67.07884955752229
2051.1,67.25584070796417
2051.2,67.11033057851255
2051.3,67.0660683760684
2051.4,67.06542372881354
2051.5,67.07125
2051.6,67.09272727272744
2051.7,67.0018181818185
2051.8,66.97549999999998
2051.9,66.97
2052.0,66.98829268292685
2052.1,67.02559322033896
2052.2,67.0487301587302
2052.3,67.0169841269841
2052.4,66.9835593220339
2052.5,66.98604278074866
2052.6,67.01278074866308
2052.7,67.02
2052.8,67.03754385964918
2052.9,67.06
2053.0,67.06
2053.1,67.040826446281
2053.2,67.01706349206351
2053.3,67.01
2053.4,67.01
2053.5,67.07749999999992
2053.6,67.07741935483877
2053.7,67.04050847457634
2053.8,67.01237288135596
2053.9,67.01916666666665
2054.0,67.01083333333335
2054.1,66.8389256198348
2054.2,66.80173228346456
2054.3,66.87250000000031
2054.4,66.97948275862066
2054.5,67.02149999999996
2054.6,67.04649999999997
2054.7,67.02008695652177
2054.8,67.04086956521749
2054.9,66.94333333333314
2055.0,66.86853658536593
2055.1,66.99433734939771
2055.2,66.8738554216871
2055.3,66.82766917293236
2055.4,66.8552542372881
2055.5,66.82135593220335
2055.6,66.82
2055.7,66.81327586206896
2055.8,66.79449999999996
2055.9,66.79292307692309
2056.0,66.82
2056.1,66.82
2056.2,66.7891525423729
2056.3,66.77365217391302
2056.4,66.77446153846154
2056.5,66.78
2056.6,66.78538461538466
2056.7,66.86230769230754
2056.8,66.80017241379298
2056.9,66.78
2057.0,66.78
2057.1,66.78
2057.2,66.78
2057.3,66.8053043478261
2057.4,66.81
2057.5,66.81495999999999
2057.6,66.81696721311476
2057.7,66.8111811023622
2057.8,66.81905511811026
2057.9,66.82
2058.0,66.82
2058.1,66.80117647058825
2058.2,66.7616528925621
2058.3,66.72820512820519
2058.4,66.7794871794873
2058.5,66.78
2058.6,66.84104347826073
2058.7,66.84260869565227
2058.8,66.79931034482748
2058.9,66.77262295081968
2059.0,66.78
2059.1,66.78
2059.2,66.80324999999999
2059.3,66.81634782608697
2059.4,66.84017391304351
2059.5,66.84517241379305
2059.6,66.81107438016528
2059.7,66.78198347107433
2059.8,66.81504132231409
2059.9,66.81314516129031
2060.0,66.815350877193
2060.1,66.78474999999995
2060.2,66.69478260869568
2060.3,66.60086956521772
2060.4,66.77478260869616
2060.5,66.77191666666667
2060.6,66.79588235294116
2060.7,66.77000000000001
2060.8,66.74810344827603
2060.9,66.73555555555512
2061.0,66.5939024390244
2061.1,66.74837398373965
2061.2,66.62791304347834
2061.3,66.58
2061.4,66.57534482758619
2061.5,66.5601724137931
2061.6,66.55175572519082
2061.7,66.60519083969464
2061.8,66.58646551724128
2061.9,68.54487603306346
2062.0,68.33735999999772
2062.1,66.49474576271187
2062.2,66.54266129032257
2062.3,66.5668548387097
2062.4,66.57
2062.5,66.55350000000003
2062.6,66.5655555555555
2062.7,66.59842975206614
2062.8,66.54057851239655
2062.9,66.54
2063.0,66.53296610169491
2063.1,66.55184873949578
2063.2,66.57
2063.3,66.56267716535426
2063.4,66.54
2063.5,66.54
2063.6,66.49474576271187
2063.7,66.51704347826076
2063.8,66.54
2063.9,66.56413793103447
2064.0,66.58078260869573
2064.1,66.47538461538461
2064.2,66.53521367521353
2064.3,66.59551724137938
2064.4,66.56709677419347
2064.5,66.55719008264467
2064.6,66.56975206611573
2064.7,66.54
2064.8,66.54
2064.9,66.56881355932207
2065.0,66.52416666666662
2065.1,66.51760000000002
2065.2,66.57278688524595
2065.3,66.54
2065.4,66.565
2065.5,66.48034482758628
2065.6,66.44
2065.7,66.45128000000001
2065.8,66.47940170940186
2065.9,66.51831932773105
2066.0,66.48470588235298
2066.1,66.54292682926811
2066.2,66.54882352941182
2066.3,66.5337606837607
2066.4,66.5257894736842
2066.5,66.48
2066.6,66.48
2066.7,66.52655999999989
2066.8,66.50949152542367
2066.9,66.46857142857142
2067.0,66.4304273504274
2067.1,66.4130508474576
2067.2,66.53169491525416
2067.3,66.42565573770483
2067.4,66.39
2067.5,66.29139130434787
2067.6,66.27270491803235
2067.7,66.46578512396698
2067.8,66.44099173553717
2067.9,66.40065573770487
2068.0,66.39
2068.1,66.31672413793143
2068.2,66.26816666666622
2068.3,66.39593220338989
2068.4,66.4383050847458
2068.5,66.26469565217357
2068.6,66.19625000000005
2068.7,66.18299019607842
2068.8,66.18789215686276
2068.9,66.28421487603339
2069.0,66.33
2069.1,66.19452991452961
2069.2,66.33982905982894
2069.3,66.25621848739476
2069.4,66.19782608695644
2069.5,66.27076923076939
2069.6,66.31692307692323
2069.7,66.21950819672158
2069.8,66.14
2069.9,66.14
2070.0,66.16592000000004
2070.1,66.20333333333329
2070.2,66.2143478260871
2070.3,66.18913043478271
2070.4,66.22538461538439
2070.5,66.1484615384615
2070.6,66.14735537190082
2070.7,66.16369127516775
2070.8,66.18833333333345
2070.9,66.22796747967476
2071.0,66.18731707317075
2071.1,66.18
2071.2,66.16000000000008
2071.3,66.16879999999998
2071.4,66.22385245901644
2071.5,66.18286885245905
2071.6,66.18
2071.7,66.20347107438012
2071.8,66.1858119658119
2071.9,66.14
2072.0,66.13844827586206
2072.1,66.13163934426225
2072.2,66.21360655737705
2072.3,66.19799999999985
2072.4,66.18
2072.5,66.17157024793387
2072.6,66.15324999999999
2072.7,66.17824999999999
2072.8,66.18
2072.9,66.18
2073.0,66.18
2073.1,66.15739130434793
2073.2,66.091282051282
2073.3,66.19384615384631
2073.4,66.09555555555525
2073.5,66.06373983739836
2073.6,66.09983606557374
2073.7,66.17559999999976
2073.8,66.23882352941163
2073.9,66.07915966386514
2074.0,66.16819672131145
2074.1,66.14794871794875
2074.2,66.08456692913386
2074.3,66.08640000000047
2074.4,66.20640000000036
2074.5,66.16229508196723
2074.6,66.15
2074.7,66.14557377049184
2074.8,66.11658536585355
2074.9,66.04722222222222
2075.0,66.01635802469134
2075.1,66.02274193548384
2075.2,66.0790082644626
2075.3,66.15967741935476
2075.4,66.14354838709676
2075.5,66.0948760330579
2075.6,66.13705882352933
2075.7,66.17371859296482
2075.8,66.07824120602983
2075.9,65.99965217391296
2076.0,65.99999999999984
2076.1,66.16136986301366
2076.2,66.19561643835605
2076.3,66.115
2076.4,66.03460869565217
2076.5,66.06
2076.6,66.0716379310345
2076.7,66.20094827586198
2076.8,66.13439024390222
2076.9,66.18338709677421
2077.0,66.14722689075641
2077.1,65.9933606557377
2077.2,65.96791666666681
2077.3,65.92624999999995
2077.4,66.00911290322598
2077.5,66.07440000000005
2077.6,66.10302521008403
2077.7,66.10862903225808
2077.8,66.100564516129
2077.9,66.06975609756088
2078.0,66.11526315789486
2078.1,66.11203389830504
2078.2,66.07
2078.3,66.05508474576263
2078.4,65.96186440677961
2078.5,66.07338842975192
2078.6,66.13818181818182
2078.7,66.0905785123967
2078.8,65.72299999999764
2078.9,64.90299999999888
2079.0,65.64452991452889
2079.1,66.02275862068947
2079.2,66.03833333333345
2079.3,65.98732283464555
2079.4,65.92593220338996
2079.5,66.04457627118653
2079.6,138.3642500000567
2079.7,179.75865546216974
2079.8,213.54876033067012
2079.9,231.5860655737216
2080.0,173.759166666701
2080.1,203.94250000003436
2080.2,230.9322950819219
2080.3,222.16999999999211
2080.4,220.6896721311221
2080.5,240.22363636366288
2080.6,209.1478333331638
2080.7,276.9311666664971
2080.8,252.1285365853194
2080.9,251.8968493151017
2081.0,277.9520869564823
2081.1,250.9694782609101
2081.2,217.7852136752228
2081.3,219.19347826089157
2081.4,234.72999999999067
2081.5,243.81516129032417
2081.6,238.8933333333593
2081.7,225.01121739119415
2081.8,254.02860869570267
2081.9,223.85099999993577
2082.0,245.1104132231665
2082.1,252.33600000000624
2082.2,227.9960330578644
2082.3,210.3445901638911
2082.4,191.5904918032284
2082.5,225.68399999997496
2082.6,239.50694214875995
2082.7,247.05330578512223
2082.8,243.9918333331595
2082.9,195.39245901652924
2083.0,240.93344262293385
2083.1,237.99096774193907
2083.2,203.01180327878956
2083.3,189.3645528455268
2083.4,230.7215384615251
2083.5,245.99846153847488
2083.6,262.51086956519424
2083.7,253.54120000005813
2083.8,229.0537499999659
2083.9,222.66330578517
2084.0,281.73902439031025
2084.1,212.71463414649716
2084.2,258.49023999976464
2084.3,255.9080991734261
2084.4,226.7205172414345
2084.5,259.4221551723285
2084.6,296.13486725673266
2084.7,263.630442477952
2084.8,241.35899159663057
2084.9,238.353999999999
2085.0,238.8860526315816
2085.1,235.70184210526963
2085.2,238.10157894736048
2085.3,258.7306557377396
2085.4,229.27878048775773
2085.5,221.75333333333336
2085.6,264.56260162603576
2085.7,189.37560975621432
2085.8,215.0482400000597
2085.9,229.52949579832205
2086.0,237.2709999999954
2086.1,254.5613599999619
2086.2,288.4383464567351
2086.3,265.7926771653057
2086.4,205.05546218485
2086.5,203.0725203251536
2086.6,228.8847107437962
2086.7,224.07314049586077
2086.8,177.3128099172148
2086.9,197.68507352946355
2087.0,223.5043589743731
2087.1,240.1823893805295
2087.2,242.83213114753664
2087.3,244.0464999999952
2087.4,222.8964999999952
2087.5,284.4187401574624
2087.6,262.0800000000869
2087.7,226.22352941157772
2087.8,291.01362068964494
2087.9,225.72051724142028
2088.0,245.4743103447907
2088.1,255.25927419354335
2088.2,256.54608695652604
2088.3,255.83333333333331
2088.4,255.7940000000037
2088.5,251.95809917355103
2088.6,254.6605785123895
2088.7,244.12965517246155
2088.8,246.39959016394369
2088.9,249.66153846153847
2089.0,248.02352941175585
2089.1,254.16605263157908
2089.2,255.1221929824551
2089.3,246.37042372878537
2089.4,245.7335344827632
2089.5,249.48830508475467
2089.6,249.31486486485932
2089.7,242.3959459459532
2089.8,250.34876033059427
2089.9,219.665737704845
2090.0,150.89264462801353
2090.1,88.30741666666644
2090.2,89.20352459016387
2090.3,89.32647540983614
2090.4,186.4167500000248
2090.5,237.7899152542363
2090.6,248.75142857143243
2090.7,245.60666666667635
2090.8,242.36379310344648
2090.9,241.31206896551623
2091.0,235.4847368421067
2091.1,233.08517241379485
2091.2,233.250769230766
2091.3,232.84076271186436
2091.4,231.4247368421054
2091.5,231.795478260865
2091.6,234.95418803418767
2091.7,235.6635897435876
2091.8,233.2419827586193
2091.9,185.12974999998443
2092.0,184.69486956526745
2092.1,238.0265811965915
2092.2,251.86736000003177
2092.3,233.6753599999656
2092.4,248.38032786889045
2092.5,211.0958333333564
2092.6,197.51896551715168
2092.7,233.3199999998861
2092.8,259.3822608695006
2092.9,228.20188976375997
2093.0,249.24913385823683
2093.1,261.83606837606294
2093.2,267.14499999999515
2093.3,275.5821367521465
2093.4,282.009999999971
2093.5,250.70356521743363
2093.6,226.37313043480088
2093.7,229.43249999998253
2093.8,218.36999999999583
2093.9,194.7850847457616
2094.0,182.85299145299652
2094.1,211.1941379310639
2094.2,252.86655172397127
2094.3,192.70139130425923
2094.4,197.2232786885592
2094.5,220.45111111112448
2094.6,255.04508474571415
2094.7,272.8244444445649
2094.8,220.72384615385445
2094.9,244.4332478632884
2095.0,226.6573333332944
2095.1,188.10200000004116
2095.2,186.2861904761076
2095.3,219.2400000000451
2095.4,235.9300000000013
2095.5,240.9300000000032
2095.6,220.27926229513676
2095.7,207.5897520661288
2095.8,200.00854700852383
2095.9,220.37586206901264
2096.0,300.90572649576626
2096.1,222.23051282075133
2096.2,234.9286086956104
2096.3,256.5792000000401
2096.4,220.4518260867932
2096.5,198.40333333345168
2096.6,255.65228070176627
2096.7,239.30722689078445
2096.8,225.1475630252036
2096.9,247.85344262296607
2097.0,247.49768595041957
2097.1,231.2611382114192
2097.2,214.67380952383337
2097.3,205.86428571425995
2097.4,232.57408333341556
2097.5,204.37049180326196
2097.6,197.25833333330624
2097.7,218.14658119655
2097.8,231.5500000000029
2097.9,235.62556521737025
2098.0,225.18208695653163
2098.1,234.32907563025356
2098.2,236.37296610170145
2098.3,207.25908396944808
2098.4,162.21263157894882
2098.5,170.5555555555011
2098.6,233.44444444445804
2098.7,238.00243902439684
2098.8,235.93151260505547
2098.9,232.4821311475199
2099.0,211.4799999999753
2099.1,185.48000000005243
2099.2,255.68324999985435
2099.3,244.49416666658396
2099.4,236.9400000000232
2099.5,253.02736842109087
2099.6,251.40400000002472
2099.7,187.7544067794528
2099.8,241.2459322034043
2099.9,241.782583333332
2100.0,234.59629310345068
2100.1,227.0425641025791
2100.2,210.66101694927465
2100.3,187.65621848740983
2100.4,207.135210084082
2100.5,190.11260869565976
2100.6,213.93973913043223
2100.7,243.10874999993305
2100.8,242.77772357719385
2100.9,213.6796638654752
2101.0,193.12830508478777
2101.1,257.2469491525597
2101.2,289.87008695645244
2101.3,244.4139130433284
2101.4,242.06909090915968
2101.5,232.686942148779
2101.6,167.23206611551498
2101.7,267.0089256194785
2101.8,262.3285245901525
2101.9,265.09272727272804
2102.0,251.85443548388008
2102.1,228.949918032789
2102.2,223.85565573784007
2102.3,188.65073770488
2102.4,201.2050877193008
2102.5,241.4824166666557
2102.6,258.11739130437155
2102.7,248.5837288135677
2102.8,237.92471074376104
2102.9,188.78421487589085
2103.0,232.0709401709635
2103.1,239.15739130435415
2103.2,255.9010924369124
2103.3,250.66070175427188
2103.4,233.5392000000589
2103.5,266.6695541401059
2103.6,227.66318471342777
2103.7,197.2165217391694
2103.8,191.432241379386
2103.9,217.0104166667233
2104.0,248.80208333326948
2104.1,195.3272950820584
2104.2,205.4679999999532
2104.3,217.53999999999823
2104.4,236.48344827587013
2104.5,259.69059829061024
2104.6,189.15652173918292
2104.7,242.28695652163407
2104.8,187.3072580643196
2104.9,173.6437391304517
2105.0,204.7689830508272
2105.1,238.1571681415909
2105.2,240.40500000000424
2105.3,234.83
2105.4,243.53491803279013
2105.5,213.3475206611926
2105.6,236.69487179481305
2105.7,278.98521739130706
2105.8,266.63864406775235
2105.9,229.05913043480373
2106.0,257.18956521744025
2106.1,197.3508661418652
2106.2,196.0899999998689
2106.3,230.49000000000424
2106.4,287.6127350428034
2106.5,270.61851239666066
2106.6,247.8941463414294
2106.7,269.82584000006625
2106.8,239.9618399999576
2106.9,202.3783050847076
2107.0,219.20357723576984
2107.1,236.7784920634917
2107.2,223.942521739137
2107.3,177.65615384618374
2107.4,197.37410256408265
2107.5,231.92120689648524
2107.6,237.8424347826111
2107.7,261.8944262294823
2107.8,268.8504999999079
2107.9,239.01454545454544
2108.0,233.3481896550497
2108.1,173.16715517233828
2108.2,176.34570175438768
2108.3,197.25982608700875
2108.4,233.56000000007012
2108.5,243.73599999985177
2108.6,174.33863247865227
2108.7,193.9112820512524
2108.8,221.67413533843768
2108.9,166.86078947334488
2109.0,92.46016129031916
2109.1,89.07373983739865
2109.2,88.9192682926834
2109.3,88.58099999999952
2109.4,88.49
2109.5,88.49
2109.6,88.40116666666721
2109.7,88.22110169491536
2109.8,88.18
2109.9,88.18
2110.0,88.10880000000004
2110.1,87.96512820512821
2110.2,87.8822608695652
2110.3,87.85826086956494
2110.4,87.72571428571392
2110.5,87.58285714285707
2110.6,87.71544715447143
2110.7,87.67948717948747
2110.8,81.16256000000081
2110.9,72.66565573770664
2111.0,69.83080924855508
2111.1,68.92907514450849
2111.2,68.82206896551743
2111.3,69.72877192982419
2111.4,69.63798319327725
2111.5,69.61277310924369
2111.6,69.44120689655182
2111.7,69.45982608695626
2111.8,69.48537815126046
2111.9,69.43512195121933
2112.0,69.3574193548387
2112.1,69.34129032258069
2112.2,69.31700000000006
2112.3,69.39330578512404
2112.4,69.32975609756119
2112.5,69.1577049180328
2112.6,69.15050847457627
2112.7,69.15898305084744
2112.8,69.0555932203387
2112.9,69.13367521367529
2113.0,69.13167487684744
2113.1,68.98389162561604
2113.2,69.01526315789414
2113.3,69.08898305084733
2113.4,68.95756302521009
2113.5,68.99957983193269
2113.6,69.13046511627878
2113.7,69.18693548387093
2113.8,69.08780487804815
2113.9,68.87360655737686
2114.0,68.76147826086986
2114.1,68.90930434782595
2114.2,68.95149999999997
2114.3,68.92672268907555
2114.4,68.90388429752066
2114.5,68.89666666666672
2114.6,68.8546956521739
2114.7,68.90686956521724
2114.8,68.83706896551719
2114.9,68.84052631578946
2115.0,68.8775862068965
2115.1,68.80876033057868
2115.2,68.70919354838708
2115.3,68.84399999999967
2115.4,68.64399999999948
2115.5,68.70066666666662
2115.6,68.68185840707974
2115.7,68.67350427350416
2115.8,68.73677419354846
2115.9,68.79606837606819
2116.0,68.62512820512846
2116.1,68.53395161290331
2116.2,68.62368852459011
2116.3,68.67892561983457
2116.4,68.62096774193536
2116.5,68.5346153846153
2116.6,68.61153846153847
2116.7,68.500336134454
2116.8,68.46603448275863
2116.9,68.49817391304357
2117.0,68.5686776859506
2117.1,68.63809917355371
2117.2,68.57198347107447
2117.3,68.56163793103447
2117.4,68.5388695652174
2117.5,68.46172413793123
2117.6,68.41
2117.7,68.4478048780487
2117.8,68.54700854700813
2117.9,68.38461538461539
2118.0,68.48078260869573
2118.1,68.35
2118.2,68.31611570247922
2118.3,68.34655737704911
2118.4,68.32
2118.5,68.32
2118.6,68.32
2118.7,68.36169491525419
2118.8,68.32666666666657
2118.9,68.29913043478258
2119.0,68.29588235294122
2119.1,68.20525423728778
2119.2,68.35779661016909
2119.3,68.20764705882355
2119.4,68.31598290598296
2119.5,68.37170940170944
2119.6,68.32660869565218
2119.7,68.31032258064522
2119.8,68.27
2119.9,68.2290163934426
2120.0,68.15842105263161
2120.1,68.15711864406775
2120.2,68.13637931034499
2120.3,68.12172413793138
2120.4,68.25101694915236
2120.5,68.11542372881344
2120.6,68.15173913043469
2120.7,68.19432203389817
2120.8,68.15568965517231
2120.9,68.0753278688524
2121.0,68.0595833333335
2121.1,68.19999999999979
2121.2,68.0000000000004
2121.3,68.01947368421058
2121.4,67.99168067226894
2121.5,67.52527472527585
2121.6,66.74505494505588
2121.7,67.42711864406613
2121.8,68.02177966101739
2121.9,68.07739495798302
2122.0,67.98354838709676
2122.1,67.95129032258062
2122.2,67.87615384615397
2122.3,68.06096491228111
2122.4,67.98464912280693
2122.5,67.86
2122.6,67.86
2122.7,67.87182608695642
2122.8,67.93949152542362
2122.9,67.91406779661017
2123.0,67.89645161290323
2123.1,67.87461538461542
2123.2,67.84193277310933
2123.3,67.81206896551727
2123.4,67.82610169491544
2123.5,67.90237288135579
2123.6,67.91
2123.7,67.3256976744201
2123.8,66.60394736842281
2123.9,67.73552631578988
2124.0,67.88894308943087
2124.1,67.87836065573774
2124.2,67.84225806451622
2124.3,67.77721311475409
2124.4,67.61327868852452
2124.5,67.83129032258091
2124.6,67.68877192982443
2124.7,67.5901694915254
2124.8,67.60711864406782
2124.9,67.61
2125.0,67.71877192982436
2125.1,67.76076923076936
2125.2,67.6819827586207
2125.3,67.65224137931017
2125.4,67.60051724137918
2125.5,67.60838983050849
2125.6,67.59040322580645
2125.7,67.71758620689606
2125.8,67.78824999999965
2125.9,67.62166666666647
2126.0,67.48674603174618
2126.1,67.58122950819664
2126.2,67.58645161290332
2126.3,67.57
2126.4,67.59949152542373
2126.5,67.67900000000002
2126.6,67.57900000000002
2126.7,67.57
2126.8,67.59542372881366
2126.9,67.59099999999997
2127.0,67.58286956521735
2127.1,67.66220338983038
2127.2,67.87877192982484
2127.3,67.59807017543793
2127.4,67.57
2127.5,67.57
2127.6,67.57
2127.7,67.52786324786332
2127.8,67.41560975609778
2127.9,67.54569105691061
2128.0,67.56729508196722
2128.1,67.57
2128.2,67.57
2128.3,67.58147826086966
2128.4,67.57849999999992
2128.5,67.40349999999992
2128.6,67.53768595041305
2128.7,67.59545454545444
2128.8,67.47229508196693
2128.9,67.31
2129.0,67.32111111111134
2129.1,67.43222222222217
2129.2,67.34404761904793
2129.3,67.31
2129.4,67.3299152542373
2129.5,67.3475
2129.6,67.31570175438593
2129.7,67.35956140350868
2129.8,67.38538461538461
2129.9,67.33666666666657
2130.0,67.33500000000001
2130.1,67.34217391304357
2130.2,67.31896551724132
2130.3,67.3573770491805
2130.4,67.4311475409838
2130.5,67.40939130434782
2130.6,67.35328000000008
2130.7,67.33599999999994
2130.8,67.3480341880341
2130.9,67.30521739130435
2131.0,67.26173913043475
2131.1,67.37487179487162
2131.2,67.31441666666689
2131.3,67.31577586206912
2131.4,67.36
2131.5,67.35297520661162
2131.6,67.31165289256195
2131.7,67.15639999999999
2131.8,67.20793103448328
2131.9,67.2876000000001
2132.0,67.3221951219513
2132.1,67.35698275862066
2132.2,67.31387931034483
2132.3,67.16094827586149
2132.4,67.14564102564108
2132.5,67.23565217391318
2132.6,67.31
2132.7,67.29859649122815
2132.8,67.24051282051258
2132.9,67.07811965811982
2133.0,67.13608695652172
2133.1,67.02796610169496
2133.2,66.97
2133.3,66.97
2133.4,67.21421052631574
2133.5,67.16103448275875
2133.6,67.08051282051285
2133.7,67.09646551724136
2133.8,67.11947368421009
2133.9,67.02
2134.0,67.02095238095242
2134.1,67.05269841269838
2134.2,67.03367521367522
2134.3,67.02
2134.4,67.02
2134.5,67.02
2134.6,67.02
2134.7,67.02
2134.8,66.98198347107437
2134.9,66.99862903225808
2135.0,67.03593220338985
2135.1,67.06
2135.2,67.05325
2135.3,66.97824999999995
2135.4,67.00677685950421
2135.5,67.0361904761905
2135.6,67.05362068965516
2135.7,67.00666666666709
2135.8,66.83551724137934
2135.9,67.00793103448265
2136.0,67.02
2136.1,67.02
2136.2,67.02
2136.3,67.00347457627109
2136.4,66.98008000000009
2136.5,67.02808000000005
2136.6,67.02219512195121
2136.7,67.01401639344263
2136.8,66.99271186440671
2136.9,66.91594827586222
2137.0,66.81517241379275
2137.1,67.02
2137.2,67.02
2137.3,67.03875000000001
2137.4,66.96773722627724
2137.5,66.84358974359003
2137.6,67.04017094017074
2137.7,66.86000000000003
2137.8,66.81322033898304
2137.9,66.79382608695651
2138.0,66.79579831932772
2138.1,66.81766666666668
2138.2,66.81066115702478
2138.3,66.81892561983472
2138.4,66.75474999999994
2138.5,66.77983471074377
2138.6,66.80491803278692
2138.7,66.79799999999993
2138.8,66.86834710743787
2138.9,66.82702479338835
2139.0,66.79256198347106
2139.1,66.78
2139.2,66.78
2139.3,66.78566666666677
2139.4,66.81900000000009
2139.5,66.8515447154472
2139.6,66.81025210084034
2139.7,66.77533898305086
2139.8,66.78223140495875
2139.9,66.80599999999998
2140.0,66.78099999999998
2140.1,66.81173553719006
2140.2,66.81380165289258
2140.3,66.7913793103448
2140.4,66.77333333333333
2140.5,66.78
2140.6,66.78672268907549
2140.7,66.8539495798319
2140.8,66.82862068965504
2140.9,66.82
2141.0,66.80271999999997
2141.1,66.78
2141.2,66.7817499999999
2141.3,66.80675000000002
2141.4,66.81743589743591
2141.5,66.79759999999995
2141.6,66.77628099173553
2141.7,66.77196721311475
2141.8,66.78
2141.9,66.78
2142.0,66.84126050420171
2142.1,66.82388429752078
2142.2,66.78
2142.3,66.78
2142.4,66.78
2142.5,66.77219512195121
2142.6,66.77618644067796
2142.7,66.75250000000005
2142.8,66.67882352941145
2142.9,66.61310344827602
2143.0,66.82
2143.1,66.7849122807018
2143.2,66.64016260162641
2143.3,66.57452173913042
2143.4,66.66756097561017
2143.5,66.81130434782607
2143.6,66.7625000000004
2143.7,66.58750000000039
2143.8,66.54731092436974
2143.9,66.58939130434787
2144.0,67.4068965517248
2144.1,67.6585470085485
2144.2,66.53179487179473
2144.3,66.57791304347816
2144.4,66.54313043478261
2144.5,66.54
2144.6,66.54
2144.7,66.5513114754098
2144.8,66.56414634146333
2144.9,66.54032786885253
2145.0,66.57311475409831
2145.1,66.5540983606558
2145.2,66.4916949152544
2145.3,66.44983193277315
2145.4,66.46473684210527
2145.5,66.44521739130423
2145.6,66.53217391304345
2145.7,66.56313559322032
2145.8,66.57
2145.9,66.50999999999999
2146.0,66.4724561403507
2146.1,66.54
2146.2,66.54
2146.3,66.563203125
2146.4,66.51538461538456
2146.5,66.52426229508193
2146.6,66.55090909090927
2146.7,66.47620967741932
2146.8,66.53266129032265
2146.9,66.54
2147.0,66.55692307692307
2147.1,66.51862903225819
2147.2,66.46685950413192
2147.3,66.56829059829045
2147.4,66.52555555555551
2147.5,66.49075630252105
2147.6,66.51578947368408
2147.7,66.53742857142859
2147.8,66.53266666666667
2147.9,66.53385964912282
2148.0,66.50218487394937
2148.1,66.40352459016391
2148.2,66.5264754098361
2148.3,66.49795275590546
2148.4,66.51049180327868
2148.5,66.4639669421489
2148.6,66.35499999999946
2148.7,66.57411764705921
2148.8,66.45647058823495
2148.9,66.40475409836064
2149.0,66.46167999999983
2149.1,66.49750000000017
2149.2,66.40644628099203
2149.3,66.28247933884292
2149.4,66.24864000000001
2149.5,66.33201680672276
2149.6,66.31536585365845
2149.7,66.26355371900816
2149.8,66.39
2149.9,66.39
2150.0,66.45635593220342
2150.1,66.45792000000002
2150.2,66.45818181818174
2150.3,66.47114754098347
2150.4,66.39
2150.5,66.39
2150.6,66.26638297872336
2150.7,66.2369491525423
2150.8,66.35983471074407
2150.9,66.43974137931033
2151.0,66.43112068965517
2151.1,66.43
2151.2,66.31360655737748
2151.3,66.20991803278687
2151.4,66.23120689655183
2151.5,66.38401709401717
2151.6,66.23871794871839
2151.7,66.19050420168074
2151.8,66.18
2151.9,66.18
2152.0,66.16915254237283
2152.1,66.15606557377059
2152.2,66.27081967213087
2152.3,66.36363636363639
2152.4,66.26575000000004
2152.5,66.16756097560979
2152.6,66.14034482758628
2152.7,66.1058620689656
2152.8,66.15442622950832
2152.9,66.2050000000001
2153.0,66.21427419354833
2153.1,66.18
2153.2,66.18
2153.3,66.14591304347822
2153.4,66.16721311475416
2153.5,66.18
2153.6,66.24573913043479
2153.7,66.320487804878
2153.8,66.1772413793101
2153.9,66.10827586206877
2154.0,66.13008547008549
2154.1,66.16448275862066
2154.2,66.20310924369738
2154.3,66.21536585365853
2154.4,66.17672268907565
2154.5,66.15151260504199
2154.6,66.14203389830507
2154.7,66.14
2154.8,66.14
2154.9,66.12453781512598
2155.0,66.12655737704925
2155.1,66.21579831932765
2155.2,66.13176470588245
2155.3,66.19049180327897
2155.4,66.18444444444434
2155.5,66.15311475409837
2155.6,66.15186440677965
2155.7,66.10101694915274
2155.8,66.0746551724138
2155.9,66.21137931034464
2156.0,66.2870689655172
2156.1,66.2918699186992
2156.2,66.24680327868855
2156.3,66.12516129032247
2156.4,66.02838709677401
2156.5,66.07806722689078
2156.6,66.13520325203247
2156.7,66.14710743801662
2156.8,66.09934426229502
2156.9,65.98459016393433
2157.0,66.07984
2157.1,66.11
2157.2,66.04658536585407
2157.3,65.99686440677966
2157.4,66.11909090909087
2157.5,66.2017355371899
2157.6,66.16078125000006
2157.7,66.07283333333339
2157.8,66.03048780487822
2157.9,66.06846774193546
2158.0,66.06040322580647
2158.1,66.13066115702459
2158.2,66.09355932203417
2158.3,66.10869565217403
2158.4,66.17767241379318
2158.5,66.18881355932194
2158.6,66.1094214876033
2158.7,66.1011570247934
2158.8,66.1
2158.9,66.0527868852458
2159.0,66.03
2159.1,66.04983193277303
2159.2,65.92378151260523
2159.3,66.013655172414
2159.4,66.04295081967207
2159.5,66.05471074380185
2159.6,66.15926829268292
2159.7,66.15113821138213
2159.8,66.05131147540943
2159.9,66.03622950819678
2160.0,66.03290322580646
2160.1,65.9846153846154
2160.2,66.0104347826086
2160.3,66.0539130434784
2160.4,66.06747826086956
2160.5,65.31060869565167
2160.6,64.78760233918133
2160.7,64.69403508771958
2160.8,65.63084745762802
2160.9,66.03268292682927
2161.0,66.04580645161292
2161.1,66.04148760330574
2161.2,66.1489256198345
2161.3,66.07756097560967
2161.4,65.94163934426211
2161.5,65.93104347826085
2161.6,66.8896874999966
2161.7,75.01973913040409
2161.8,130.47191304353527
2161.9,202.28603305779947
2162.0,232.24124999998207
2162.1,228.2506837606916
2162.2,211.18
2162.3,208.34974358982328
2162.4,233.33801652893
2162.5,241.02396694214008
2162.6,253.6790399999711
2162.7,232.98735537205107
2162.8,219.51646464646188
2162.9,249.6326262626166
2163.0,248.5063302752534
2163.1,204.23568807342772
2163.2,180.66586206891944
2163.3,219.2764516129028
2163.4,219.1070967741936
2163.5,252.8466115702812
2163.6,255.16805084747915
2163.7,229.4292307693227
2163.8,224.11508771945495
2163.9,271.7272649572021
2164.0,209.564871794966
2164.1,230.56774999996247
2164.2,245.03749999997424
2164.3,213.958461538432
2164.4,197.6606956521562
2164.5,231.80134920633597
2164.6,255.3109600001938
2164.7,190.3429600002529
2164.8,211.2766666667351
2164.9,233.3223387096793
2165.0,235.0561983471138
2165.1,234.8254545454794
2165.2,273.73454545450454
2165.3,246.2145528454608
2165.4,261.60537190084654
2165.5,241.60150000001624
2165.6,201.80834710741516
2165.7,229.6938709677313
2165.8,234.5325806451762
2165.9,251.9555284553249
2166.0,244.7157258064575
2166.1,235.7447499999737
2166.2,243.6996610169766
2166.3,230.50698275854464
2166.4,193.2052586206429
2166.5,222.3546280991613
2166.6,246.4621367521362
2166.7,272.8538311688417
2166.8,312.45772727288283
2166.9,242.29373913034797
2167.0,217.2531092437093
2167.1,211.78495867768788
2167.2,215.04446280991505
2167.3,227.0017355372165
2167.4,236.8942975206708
2167.5,259.7349586776692
2167.6,227.93743801664965
2167.7,223.91066115695185
2167.8,243.6818181817793
2167.9,227.37839999991505
2168.0,177.69839999996026
2168.1,200.100991735511
2168.2,228.9078688524293
2168.3,231.34195121942545
2168.4,210.2438755980953
2168.5,216.1194736842063
2168.6,230.80254237266135
2168.7,310.0737288133088
2168.8,239.09396694216693
2168.9,215.49456000000345
2169.0,244.556551723999
2169.1,271.32517241394453
2169.2,238.01068965495176
2169.3,296.64
2169.4,255.25666666666663
2169.5,237.74
2169.6,215.1888524590097
2169.7,209.882764227641
2169.8,238.16874999997555
2169.9,229.56041666667485
2170.0,264.81487394959845
2170.1,257.1606666666467
2170.2,257.7324561403552
2170.3,262.6262608695266
2170.4,252.63999999999976
2170.5,252.0761016949129
2170.6,248.4489830508465
2170.7,253.0172649572537
2170.8,245.13789473682957
2170.9,237.4605769230781
2171.0,233.72019230769837
2171.1,237.4782051281872
2171.2,246.7634999999964
2171.3,251.0376859504042
2171.4,248.5583471074332
2171.5,250.7930578512404
2171.6,253.40599999999813
2171.7,255.52000000000848
2171.8,250.0199999999996
2171.9,196.8617355371112
2172.0,129.09152542360127
2172.1,89.08975
2172.2,89.2737288135602
2172.3,95.16750000014024
2172.4,218.51750000014025
2172.5,249.26298245614208
2172.6,246.44495652173447
2172.7,238.84491525424585
2172.8,235.88636363636576
2172.9,237.1848717948698
2173.0,236.39
2173.1,233.62275862069183
2173.2,232.5242105263173
2173.3,234.0520689655216
2173.4,233.90685950413115
2173.5,232.29
2173.6,232.4268595041294
2173.7,233.56735537190036
2173.8,234.12876033057992
2173.9,232.43508474575745
2174.0,245.1433333333469
2174.1,251.20736842110333
2174.2,225.1394782608732
2174.3,222.98695652170545
2174.4,211.7695652173909
2174.5,223.3575652174006
2174.6,195.53868852465737
2174.7,209.42967741918585
2174.8,244.41390243897757
2174.9,220.780338983046
2175.0,213.35661016948956
2175.1,195.0974590163825
2175.2,218.47121739124623
2175.3,273.80731092441715
2175.4,301.28956521740884
2175.5,260.7112396694214
2175.6,259.88479338843104
2175.7,166.20111111113738
2175.8,185.87119658131968
2175.9,246.6422413793848
2176.0,269.6667543859616
2176.1,256.7437499999886
2176.2,266.5524390244211
2176.3,230.1865853657663
2176.4,200.550799999958
2176.5,198.4167543859693
2176.6,222.39037313430208
2176.7,241.83700854712487
2176.8,184.29
2176.9,207.51580645162997
2177.0,221.30059829058737
2177.1,233.6462608695456
2177.2,260.60576271181674
2177.3,280.95775862054813
2177.4,236.92352941173837
2177.5,224.15882352941225
2177.6,184.07975609762107
2177.7,181.701652173894
2177.8,194.49560344830823
2177.9,211.3473275862857
2178.0,237.3241322314261
2178.1,249.82
2178.2,223.12578512401208
2178.3,202.1443801652666
2178.4,228.72677018631848
2178.5,288.65223602475163
2178.6,250.41545454543748
2178.7,245.0699999999921
2178.8,255.6266101695154
2178.9,245.2291803277805
2179.0,197.30700000004785
2179.1,232.3653333332483
2179.2,245.89275862064943
2179.3,240.2969565217208
2179.4,224.16809917353405
2179.5,198.64175438598156
2179.6,178.94966101691526
2179.7,199.33239316241637
2179.8,187.8623076923077
2179.9,222.1503389830284
2180.0,227.89108333333772
2180.1,221.5110743801752
2180.2,210.18148760337792
2180.3,199.23461956520373
2180.4,278.1857065217645
2180.5,310.4600826446069
2180.6,223.17367999997623
2180.7,239.90167999996103
2180.8,259.51338983054364
2180.9,201.99235294114885
2181.0,192.2289743589404
2181.1,269.64210526315486
2181.2,257.4375862069257
2181.3,220.2651724136824
2181.4,225.11195121952267
2181.5,221.50063492063848
2181.6,220.9010526315637
2181.7,220.10633333338015
2181.8,211.9054385965293
2181.9,243.73
2182.0,186.089649122876
2182.1,184.01999999998944
2182.2,195.39801724134932
2182.3,234.98862903243503
2182.4,283.1272357721251
2182.5,198.1109756096335
2182.6,233.3777777777344
2182.7,252.47282051281343
2182.8,212.59223140466216
2182.9,155.066779661035
2183.0,172.2103448277269
2183.1,253.79655172421468
2183.2,234.7399999999964
2183.3,260.1823076924028
2183.4,248.51982758616236
2183.5,208.57599999997325
2183.6,186.8495762712012
2183.7,213.51052631579404
2183.8,251.73859649136077
2183.9,197.7635245901508
2184.0,212.00630252103207
2184.1,228.87016528925443
2184.2,230.29956896550567
2184.3,248.0506086957609
2184.4,290.6913793103643
2184.5,249.2603448276382
2184.6,242.11244094488475
2184.7,200.50714285737104
2184.8,160.3475206611601
2184.9,173.20464566941538
2185.0,224.9133070867105
2185.1,233.64999999999543
2185.2,247.67173228343103
2185.3,241.6368376068085
2185.4,214.39084745764663
2185.5,198.00680672266492
2185.6,225.45218487397267
2185.7,269.3121052631472
2185.8,259.0143103447505
2185.9,255.2054545454664
2186.0,217.54064516130697
2186.1,164.7141525421413
2186.2,252.7687179486151
2186.3,288.05931623942183
2186.4,271.19863247860684
2186.5,264.33868421052546
2186.6,251.65038461543557
2186.7,222.75237288150612
2186.8,184.0185087719392
2186.9,199.7114912280608
2187.0,246.6606034482063
2187.1,247.66578947371792
2187.2,209.46886956534044
2187.3,204.04421052641453
2187.4,232.3339130434762
2187.5,234.57866666659208
2187.6,271.0453333332587
2187.7,238.9914285714605
2187.8,238.50578512399704
2187.9,215.55900826441143
2188.0,181.47641025641252
2188.1,192.1000000000037
2188.2,195.5285714285679
2188.3,227.48846153849536
2188.4,239.88578947368111
2188.5,217.0476068376084
2188.6,197.1007258064503
2188.7,203.30772357716864
2188.8,223.95
2188.9,300.2108695652928
2189.0,222.29102564113188
2189.1,217.91931034472637
2189.2,249.2555555555141
2189.3,248.82735042725105
2189.4,225.20615384618745
2189.5,272.6699999999818
2189.6,263.67000000000854
2189.7,237.57932203394728
2189.8,248.11483870969877
2189.9,252.84552845528063
2190.0,229.85649999998665
2190.1,220.28256410231472
2190.2,320.5389743588613
2190.3,237.6011199996613
2190.4,215.32866666677705
2190.5,248.5836000000349
2190.6,251.4701052630632
2190.7,172.328
2190.8,107.52440677959224
2190.9,89.26263157894596
2191.0,88.8064912280693
2191.1,88.6441880341881
2191.2,88.4383898305088
2191.3,88.29689075630239
2191.4,88.19431034482756
2191.5,88.09327586206892
2191.6,88.15052173913043
2191.7,88.15921739130434
2191.8,87.89008474576258
2191.9,87.85294117647062
2192.0,87.84713043478263
2192.1,87.04725663717169
2192.2,86.07487603305455
2192.3,87.80801587301583
2192.4,87.76833333333325
2192.5,87.65288135593232
2192.6,78.59741666670358
2192.7,69.82050847457673
2192.8,69.70869918699198
2192.9,69.79
2193.0,69.75093749999994
2193.1,69.60314049586765
2193.2,69.5521487603305
2193.3,69.54801652892526
2193.4,69.36590163934427
2193.5,69.43147540983611
2193.6,69.48243902439022
2193.7,69.41008264462837
2193.8,69.3404032258065
2193.9,69.35327433628312
2194.0,69.32
2194.1,69.32
2194.2,69.35629032258058
2194.3,69.22078260869537
2194.4,69.12672131147541
2194.5,69.15243697478992
2194.6,69.1591525423729
2194.7,69.15067796610172
2194.8,69.07799999999979
2194.9,68.95192982456112
2195.0,68.98330578512405
2195.1,69.02051282051296
2195.2,68.96041666666653
2195.3,69.00039370078741
2195.4,69.00826771653544
2195.5,68.94658536585371
2195.6,68.90552845528457
2195.7,68.88382022471924
2195.8,68.83325842696622
2195.9,68.7913793103448
2196.0,68.82966942148757
2196.1,68.94974137931044
2196.2,68.89016806722685
2196.3,68.90697478991596
2196.4,68.86933884297514
2196.5,68.90834782608697
2196.6,68.89947368421078
2196.7,68.82075630252093
2196.8,68.84453781512589
2196.9,68.80252100840329
2197.0,68.8462295081968
2197.1,68.73076923076924
2197.2,68.65873015873012
2197.3,68.66539682539683
2197.4,68.65
2197.5,68.65
2197.6,68.65
2197.7,68.55854838709713
2197.8,68.51747826086972
2197.9,68.5952307692308
2198.0,68.53369230769223
2198.1,68.5688429752066
2198.2,68.62405172413786
2198.3,68.6210169491524
2198.4,68.58333333333331
2198.5,68.59486956521737
2198.6,68.68935999999991
2198.7,68.53736000000005
2198.8,68.60033898305126
2198.9,68.54709677419329
2199.0,68.46338983050848
2199.1,68.47
2199.2,68.47104347826077
2199.3,68.50582608695662
2199.4,68.55474576271199
2199.5,68.42416666666674
2199.6,68.29520661157031
2199.7,68.30991803278675
2199.8,68.46772357723576
2199.9,68.43520325203255
2200.0,68.32161290322584
2200.1,68.24457627118645
2200.2,68.25756097560966
2200.3,68.3267796610169
2200.4,68.31
2200.5,68.31
2200.6,68.26096774193557
2200.7,68.24733333333324
2200.8,68.25709677419346
2200.9,68.21349593495914
2201.0,68.13219512195111
2201.1,68.14956521739126
2201.2,68.22695652173897
2201.3,68.30666666666689
2201.4,68.32941176470572
2201.5,68.28
2201.6,68.28
2201.7,68.2325806451614
2201.8,67.3576859504131
2201.9,67.39601626016326
2202.0,68.1452066115701
2202.1,68.06709677419354
2202.2,68.03483870967752
2202.3,68.08714285714304
2202.4,68.1364000000001
2202.5,68.12666666666654
2202.6,68.06743801652894
2202.7,68.10876033057845
2202.8,68.04691056910558
2202.9,68.04850000000003
2203.0,68.0251612903226
2203.1,67.75127071823404
2203.2,66.98883977900837
2203.3,67.07823999999978
2203.4,67.8606451612902
2203.5,68.03
2203.6,67.97957983193288
2203.7,67.97663934426228
2203.8,67.99035087719301
2203.9,67.98140495867767
2204.0,67.94793103448276
2204.1,67.93443478260882
2204.2,67.86486956521745
2204.3,67.85205128205126
2204.4,67.88677419354845
2204.5,67.90563025210083
2204.6,67.9
2204.7,67.90357723577235
2204.8,67.9360975609757
2204.9,67.83818181818167
2205.0,67.80558333333335
2205.1,67.8501709401709
2205.2,67.89706896551735
2205.3,67.85401709401702
2205.4,67.81128205128194
2205.5,67.81
2205.6,67.77818181818182
2205.7,67.80628099173553
2205.8,67.84565573770483
2205.9,67.81
2206.0,67.81
2206.1,67.81
2206.2,67.81
2206.3,67.70137931034463
2206.4,67.72152542372893
2206.5,67.83097345132735
2206.6,67.68016806722696
2206.7,67.80621848739477
2206.8,67.65479999999967
2206.9,67.58579831932772
2207.0,67.58752066115697
2207.1,67.61
2207.2,67.61
2207.3,67.61
2207.4,67.61
2207.5,67.58950413223145
2207.6,67.57749999999996
2207.7,67.5957926829268
2207.8,67.63818181818189
2207.9,67.63666666666663
2208.0,67.59819672131144
2208.1,67.57918032786891
2208.2,67.6447540983605
2208.3,67.61907563025211
2208.4,67.61
2208.5,67.59135593220343
2208.6,67.57
2208.7,67.57638655462176
2208.8,67.61
2208.9,67.61
2209.0,67.44057851239707
2209.1,67.51508474576201
2209.2,67.64130434782619
2209.3,67.60026086956515
2209.4,67.55158333333343
2209.5,67.40991666666677
2209.6,67.60491525423706
2209.7,67.62767241379318
2209.8,67.56342105263144
2209.9,67.45898305084732
2210.0,67.4057258064516
2210.1,67.56479338843025
2210.2,67.39123966942162
2210.3,67.3882758620691
2210.4,67.37762711864406
2210.5,67.36
2210.6,67.34565217391305
2210.7,67.31731707317074
2210.8,67.35796747967494
2210.9,67.36
2211.0,67.38524590163937
2211.1,67.3378260869566
2211.2,67.3010344827586
2211.3,67.35796610169488
2211.4,67.3479999999999
2211.5,67.3146666666667
2211.6,67.33243478260869
2211.7,67.35224137931033
2211.8,67.33629310344814
2211.9,67.32652542372891
2212.0,67.36
2212.1,67.36
2212.2,67.36
2212.3,67.38643478260876
2212.4,67.33743589743585
2212.5,67.29530434782608
2212.6,67.3175
2212.7,67.31
2212.8,67.31
2212.9,67.33900000000001
2213.0,67.35572649572649
2213.1,67.33899159663872
2213.2,67.29686440677968
2213.3,67.2656521739132
2213.4,67.30913043478263
2213.5,67.14948275862075
2213.6,67.14603174603175
2213.7,67.25105691056913
2213.8,67.32949579831903
2213.9,67.2624193548388
2214.0,67.35112903225789
2214.1,67.32311475409844
2214.2,67.21620689655205
2214.3,67.22172413793123
2214.4,67.31
2214.5,67.25749999999952
2214.6,67.01959016393441
2214.7,67.01139344262297
2214.8,67.17733870967787
2214.9,67.13686956521724
2215.0,67.03530434782607
2215.1,67.0375
2215.2,66.97991525423723
2215.3,67.05618644067823
2215.4,67.02910569105684
2215.5,67.02
2215.6,67.01529914529915
2215.7,67.01660869565217
2215.8,67.02803418803417
2215.9,67.02483870967765
2216.0,67.10548387096775
2216.1,67.04931034482767
2216.2,67.02
2216.3,67.02666666666669
2216.4,67.03712
2216.5,67.02112000000001
2216.6,66.98157024793397
2216.7,66.97
2216.8,67.02352941176483
2216.9,67.10258620689656
2217.0,67.09833333333326
2217.1,67.01500000000026
2217.2,66.97840336134459
2217.3,66.87301724137895
2217.4,66.94206896551766
2217.5,67.05635593220337
2217.6,67.04342105263156
2217.7,67.02257812499998
2217.8,67.04601562500004
2217.9,67.0294214876033
2218.0,67.06689075630257
2218.1,67.11
2218.2,67.09384615384633
2218.3,67.0182758620688
2218.4,66.97517241379298
2218.5,66.84756521739129
2218.6,66.9081512605039
2218.7,66.99249999999986
2218.8,67.02857142857144
2218.9,67.05652173913039
2219.0,67.1
2219.1,66.82881355932214
2219.2,66.80827586206892
2219.3,66.82
2219.4,66.82
2219.5,66.81728070175438
2219.6,66.81076923076922
2219.7,66.81529411764704
2219.8,66.81981900452489
2219.9,66.78826446280993
2220.0,66.83624999999992
2220.1,66.84649572649575
2220.2,66.80678260869567
2220.3,66.77799999999998
2220.4,66.77068965517243
2220.5,66.7793103448276
2220.6,66.80358974358974
2220.7,66.81652173913042
2220.8,66.82
2220.9,66.80917647058817
2221.0,66.7856470588235
2221.1,66.80554621848736
2221.2,66.83884297520652
2221.3,66.84799999999997
2221.4,66.8186440677966
2221.5,66.81016949152543
2221.6,66.70773913043503
2221.7,66.75439655172386
2221.8,66.78
2221.9,66.82112068965509
2222.0,66.84153846153855
2222.1,66.77827586206897
2222.2,66.77031999999998
2222.3,66.77832000000002
2222.4,66.78
2222.5,66.8
2222.6,66.83460869565216
2222.7,66.84815789473683
2222.8,66.80559322033888
2222.9,66.77169491525426
2223.0,66.77785123966943
2223.1,66.79776000000003
2223.2,66.71449152542372
2223.3,66.63892561983543
2223.4,66.80359999999986
2223.5,66.73959999999992
2223.6,66.76427419354833
2223.7,66.80033333333324
2223.8,66.83694214876039
2223.9,66.8255555555555
2224.0,66.61476190476215
2224.1,66.7734920634919
2224.2,66.79075000000005
2224.3,66.79413223140502
2224.4,66.74099999999983
2224.5,66.58
2224.6,66.58
2224.7,66.74752136752102
2224.8,66.78
2224.9,66.78
2225.0,66.68929133858308
2225.1,66.5533333333332
2225.2,66.61682539682532
2225.3,66.7729661016954
2225.4,66.79058823529408
2225.5,66.66682926829274
2225.6,66.55176470588229
2225.7,66.58403361344529
2225.8,66.60924369747906
2225.9,66.58512820512819
2226.0,66.55217391304346
2226.1,66.54
2226.2,66.54
2226.3,66.52679999999987
2226.4,66.49585365853677
2226.5,66.569024390244
2226.6,66.5506896551724
2226.7,66.53400000000002
2226.8,66.53469565217394
2226.9,66.54
2227.0,66.54446280991736
2227.1,66.56925619834706
2227.2,66.57
2227.3,66.59551181102367
2227.4,66.57901639344253
2227.5,66.55075630252105
2227.6,66.56982608695661
2227.7,66.49156521739161
2227.8,66.53016393442627
2227.9,66.4945299145298
2228.0,66.44965517241373
2228.1,66.46784000000011
2228.2,66.54
2228.3,66.54
2228.4,66.54
2228.5,66.54
2228.6,66.53408333333334
2228.7,66.53421487603305
2228.8,66.52487394957976
2228.9,66.48785714285714
2229.0,66.55928571428578
2229.1,66.54892561983472
2229.2,66.52942148760334
2229.3,66.50578512396692
2229.4,66.47443037974685
2229.5,66.44911392405065
2229.6,66.48535433070857
2229.7,66.51471074380174
2229.8,66.48130081300813
2229.9,66.48943089430894
2230.0,66.48505319148936
2230.1,66.48215517241384
2230.2,66.52525862068967
2230.3,66.46487804878022
2230.4,66.49076923076935
2230.5,66.41495652173897
2230.6,66.33933333333336
2230.7,66.49728813559422
2230.8,66.19220338983024
2230.9,66.43878260869614
2231.0,66.49
2231.1,66.46375000000003
2231.2,66.45091370558369
2231.3,66.47629441624372
2231.4,66.50949152542378
2231.5,66.5160683760685
2231.6,66.44
2231.7,66.44
2231.8,66.44
2231.9,66.46820512820518
2232.0,66.49
2232.1,66.4428688524596
2232.2,66.23918032786905
2232.3,66.1572131147539
2232.4,66.16700854700856
2232.5,66.20583333333332
2232.6,66.21278688524592
2232.7,66.18
2232.8,66.18
2232.9,66.3948760330583
2233.0,66.23915254237309
2233.1,66.16103448275852
2233.2,66.24594827586152
2233.3,66.30713043478254
2233.4,66.18
2233.5,66.18
2233.6,66.14833333333337
2233.7,66.16542372881352
2233.8,66.16161290322577
2233.9,66.15118644067795
2234.0,66.17516129032262
2234.1,66.14290322580646
2234.2,66.16983606557366
2234.3,66.157
2234.4,66.17585365853655
2234.5,66.21081967213125
2234.6,66.14131147540981
2234.7,66.17409836065573
2234.8,66.1866666666667
2234.9,66.21017094017098
2235.0,66.2335593220339
2235.1,66.26098360655728
2235.2,66.34841530054628
2235.3,66.33798319327714
2235.4,66.21266666666668
2235.5,66.18
2235.6,66.18
2235.7,66.21412698412698
2235.8,66.2052066115701
2235.9,66.16710743801647
2236.0,66.14595041322315
2236.1,66.17900826446277
2236.2,66.18801652892559
2236.3,66.16423728813558
2236.4,66.14491228070176
2236.5,66.14
2236.6,66.16099999999986
2236.7,66.1747058823543
2236.8,65.48352941176415
2236.9,64.86495867768501
2237.0,65.98892561983611
2237.1,66.18
2237.2,66.24143999999986
2237.3,66.29016806722684
2237.4,66.27
2237.5,66.27
2237.6,66.13643478260896
2237.7,66.11
2237.8,66.08260869565208
2237.9,66.09630252100854
2238.0,66.16474576271187
2238.1,66.20039682539687
2238.2,66.1130952380955
2238.3,66.06599999999999
2238.4,66.2025423728813
2238.5,66.25439024390266
2238.6,66.091451612903
2238.7,66.20435483870953
2238.8,66.25750000000016
2238.9,66.19857142857128
2239.0,66.15830508474576
2239.1,66.14204918032789
2239.2,66.06653225806451
2239.3,66.13911290322592
2239.4,66.15
2239.5,66.15511999999998
2239.6,66.10913043478283
2239.7,66.02403508771921
2239.8,66.08251461988307
2239.9,66.0880991735537
2240.0,66.08933333333339
2240.1,66.17393442622942
2240.2,66.20672131147533
2240.3,66.20237288135591
2240.4,66.07999999999984
2240.5,66.035
2240.6,66.09499999999996
2240.7,66.14086956521749
2240.8,66.0660869565218
2240.9,66.15304347826101
2241.0,66.04896551724124
2241.1,65.98833333333329
2241.2,66.05330578512397
2241.3,66.13627450980381
2241.4,66.09705882352937
2241.5,66.0545
2241.6,66.01
2241.7,66.01
2241.8,65.9806896551724
2241.9,65.96415254237287
2242.0,65.59739884393065
2242.1,64.88641618497084
2242.2,65.64220338983068
2242.3,66.05260869565191
2242.4,66.02347826086965
2242.5,66.04760330578506
2242.6,66.00336065573771
2242.7,65.92959016393468
2242.8,66.02150000000009
2242.9,66.06
2243.0,66.03885245901638
2243.1,66.03556451612863
2243.2,66.20491935483842
2243.3,66.16109243697474
2243.4,66.08606557377043
2243.5,66.61949152542444
2243.6,90.44596638653364
2243.7,153.89364406764037
2243.8,226.609743589693
2243.9,201.58410256411523
2244.0,250.98705882356344
2244.1,262.4556521739262
2244.2,248.04695652176088
2244.3,252.55125000007416
2244.4,275.58876033061824
2244.5,227.58049586770903
2244.6,197.40967741939528
2244.7,217.48974358968923
2244.8,242.79454545457887
2244.9,230.97555555549403
2245.0,176.246999999943
2245.1,218.03033333327636
2245.2,234.63520325212613
2245.3,182.5572500000704
2245.4,226.79891666673709
2245.5,228.0173983739798
2245.6,253.1062295082072
2245.7,272.84711864409616
2245.8,249.7033333333333
2245.9,232.12
2246.0,316.8613793102784
2246.1,254.37487179485063
2246.2,229.3953225806358
2246.3,245.84725000004548
2246.4,258.8224999999542
2246.5,219.5725000000265
2246.6,247.83838983043609
2246.7,254.1145161290643
2246.8,223.6482051280932
2246.9,197.94115702481452
2247.0,231.0733884297172
2247.1,247.7399999999684
2247.2,232.570833333398
2247.3,224.88600000002376
2247.4,241.65398305087643
2247.5,268.8338842975309
2247.6,287.03223140493816
2247.7,248.66357723589024
2247.8,244.0981034482986
2247.9,264.79350574713294
2248.0,258.2313793103495
2248.1,245.9319298245819
2248.2,258.62163793095755
2248.3,251.84726495714224
2248.4,213.2863855422015
2248.5,225.50325301205757
2248.6,237.9126890756144
2248.7,223.5728695653285
2248.8,190.9024000000744
2248.9,216.12165289260895
2249.0,239.28694214876816
2249.1,221.47483870966096
2249.2,240.9099999999312
2249.3,270.08311475407766
2249.4,256.25333333336494
2249.5,279.4200000000316
2249.6,242.58851239670335
2249.7,217.4443801653265
2249.8,241.579000000117
2249.9,261.1398319326865
2250.0,200.46999999997843
2250.1,239.47000000001697
2250.2,242.7600645161247
2250.3,247.27894308943823
2250.4,260.41237288135306
2250.5,295.8401694915495
2250.6,243.8486440678407
2250.7,209.9968965517718
2250.8,220.73743801657645
2250.9,239.59913793103644
2251.0,226.05616000002928
2251.1,176.4559016392455
2251.2,250.05426229501063
2251.3,213.29666666657909
2251.4,206.7275652174227
2251.5,229.15917355372915
2251.6,240.93999999999312
2251.7,252.93999999998667
2251.8,309.366956521774
2251.9,289.867107437952
2252.0,264.1251724137595
2252.1,250.392608695649
2252.2,245.53470588233225
2252.3,253.245815217391
2252.4,252.08820652173824
2252.5,249.40697478991157
2252.6,241.4762184874226
2252.7,222.9131932773776
2252.8,240.87
2252.9,247.42731092436944
2253.0,249.74000000000672
2253.1,251.512173913044
2253.2,249.435882352934
2253.3,252.7468965517275
2253.4,253.59172413793044
2253.5,253.09779661017072
2253.6,163.76068965548063
2253.7,95.074453781533
2253.8,88.08983050847809
2253.9,89.29307692307697
2254.0,89.24692307692303
2254.1,115.72922413794568
2254.2,193.77868421046705
2254.3,244.2626086956712
2254.4,249.2682352941152
2254.5,245.3898260869491
2254.6,240.3731578947401
2254.7,238.0924561403569
2254.8,236.4896491228059
2254.9,233.95120689655212
2255.0,235.7385840707961
2255.1,238.79543103448253
2255.2,237.83593220339452
2255.3,232.86695652173887
2255.4,232.78
2255.5,233.07824561403476
2255.6,208.68560439563703
2255.7,182.37881355929963
2255.8,206.5991525424513
2255.9,244.3900000000253
2256.0,243.05743801655493
2256.1,216.2805785124405
2256.2,208.70841666661403
2256.3,264.5904132231447
2256.4,274.70611570250446
2256.5,244.26909090904635
2256.6,240.80201612901612
2256.7,224.75186440694804
2256.8,196.95115702482957
2256.9,246.21586206895032
2257.0,262.3624137930756
2257.1,257.4838596491451
2257.2,229.3962608696516
2257.3,232.40456000005813
2257.4,245.29859504130687
2257.5,223.45888888890784
2257.6,185.9888034187714
2257.7,205.60999999997563
2257.8,242.4357627119741
2257.9,232.23543103438908
2258.0,207.4782758620732
2258.1,217.43609756098485
2258.2,245.59305785120463
2258.3,281.4195041322987
2258.4,225.8177599999378
2258.5,222.25
2258.6,252.8866666666559
2258.7,234.318684210881
2258.8,159.89908333331127
2258.9,256.890749999978
2259.0,259.7234959349684
2259.1,242.26714285715752
2259.2,242.00796747966544
2259.3,250.67328124991545
2259.4,218.493593749984
2259.5,238.46408695655168
2259.6,272.8564102563915
2259.7,267.50032258066915
2259.8,236.35949999990865
2259.9,216.62032258063348
2260.0,256.39451612904975
2260.1,241.66779661016827
2260.2,250.9095999999887
2260.3,258.1452000000013
2260.4,252.69184873946415
2260.5,232.73418032787364
2260.6,207.1358196721264
2260.7,194.3878991596822
2260.8,188.94588235293875
2260.9,203.9961538461689
2261.0,229.3465217391346
2261.1,233.29678260874968
2261.2,205.49471544715195
2261.3,208.11260162602227
2261.4,231.8892682927116
2261.5,262.1287301586985
2261.6,260.99717948734025
2261.7,207.48862903219413
2261.8,248.01282258064663
2261.9,255.9384677419376
2262.0,222.7119327731469
2262.1,222.8599999998972
2262.2,262.9576422764275
2262.3,260.02338842973404
2262.4,242.89115702480436
2262.5,255.9203225806397
2262.6,226.04157024799716
2262.7,199.54822033891816
2262.8,231.6466101695736
2262.9,271.97112068964634
2263.0,266.3418103448232
2263.1,229.06243478268848
2263.2,242.64876033053483
2263.3,246.66179487171613
2263.4,236.73915254239904
2263.5,255.19701754386256
2263.6,258.61964912282
2263.7,231.6021052632032
2263.8,214.5017886178612
2263.9,191.9825619834701
2264.0,182.90949579831735
2264.1,201.2411206896884
2264.2,234.6100000000022
2264.3,248.6100000000549
2264.4,235.35939655167616
2264.5,227.5095199999873
2264.6,208.1198245613651
2264.7,209.35830508468143
2264.8,249.36175438596436
2264.9,226.8705263157859
2265.0,230.5433333333021
2265.1,234.714621848958
2265.2,153.80203389828193
2265.3,178.8528813560133
2265.4,240.55582608699933
2265.5,262.65275862068694
2265.6,260.194369747916
2265.7,258.37524590161144
2265.8,256.68347107431146
2265.9,195.70826446284428
2266.0,204.96139130435128
2266.1,241.1976271186506
2266.2,246.382105263172
2266.3,231.0567213114585
2266.4,232.6687394957788
2266.5,268.3809756097199
2266.6,234.60048780488555
2266.7,240.05559322032812
2266.8,252.49032258066543
2266.9,253.90624999999216
2267.0,239.66711864404428
2267.1,221.72644067801863
2267.2,193.017107438053
2267.3,205.1101754386786
2267.4,234.5940517242009
2267.5,251.8912068965508
2267.6,252.0510924369751
2267.7,251.9613223141101
2267.8,220.97785123964147
2267.9,234.2920000000136
2268.0,268.4460833333614
2268.1,269.6595967742241
2268.2,240.02008130075487
2268.3,257.89
2268.4,269.19327868852884
2268.5,262.573333333351
2268.6,271.4968644067192
2268.7,275.3666086957035
2268.8,251.2448695651529
2268.9,224.10527999998507
2269.0,242.7612799999681
2269.1,227.34229508199715
2269.2,201.40200000003952
2269.3,195.0810526316323
2269.4,224.2339130435201
2269.5,254.86438596500992
2269.6,202.0546341463468
2269.7,200.2091056910578
2269.8,198.22655462184292
2269.9,236.90752136755404
2270.0,240.85689655181616
2270.1,203.58076923068936
2270.2,253.07672131147504
2270.3,253.68327868852492
2270.4,177.54655462169825
2270.5,179.20827586213636
2270.6,228.3855932202856
2270.7,258.9973684210992
2270.8,249.18982758627817
2270.9,264.7239024389438
2271.0,238.7889430893839
2271.1,202.2913559322779
2271.2,194.5539655172064
2271.3,223.0584210527096
2271.4,240.1133050846647
2271.5,209.0578399999603
2271.6,231.8098399999396
2271.7,225.2196666666916
2271.8,159.69724137920065
2271.9,176.63128205144744
2272.0,242.2940000000183
2272.1,253.92049180327427
2272.2,258.6295081967359
2272.3,230.60491803276807
2272.4,197.96134453776864
2272.5,134.83820512816376
2272.6,89.12050847457594
2272.7,89.18655737704994
2272.8,88.61967213114751
2272.9,88.61147540983606
2273.0,88.41866666666677
2273.1,88.32499999999999
2273.2,88.25459016393457
2273.3,88.08423728813545
2273.4,87.92322033898297
2273.5,88.03726495726518
2273.6,87.94026086956526
2273.7,87.88426086956522
2273.8,87.9452800000005
2273.9,87.95258620689556
2274.0,87.65769230769247
2274.1,87.73461538461534
2274.2,87.54591304347898
2274.3,87.57460869565229
2274.4,78.0309016393165
2274.5,69.32795275590671
2274.6,69.87264462809904
2274.7,69.74867768595048
2274.8,69.6713934426229
2274.9,69.53640000000014
2275.0,69.50999999999988
2275.1,69.5973275862069
2275.2,69.59657894736837
2275.3,69.63762711864358
2275.4,69.40033898305046
2275.5,69.36
2275.6,69.38999999999989
2275.7,69.40277310924378
2275.8,69.35926829268276
2275.9,69.310487804878
2276.0,69.27982456140352
2276.1,69.20878260869571
2276.2,69.13416666666659
2276.3,69.21900000000002
2276.4,69.31900000000002
2276.5,69.23744000000006
2276.6,69.17918699186997
2276.7,69.14247863247871
2276.8,69.11750000000009
2276.9,69.14875000000004
2277.0,69.15834782608697
2277.1,69.16
2277.2,68.99865546218544
2277.3,68.8756521739131
2277.4,68.9
2277.5,68.90235294117649
2277.6,68.93596638655457
2277.7,69.00017094017089
2277.8,68.97640350877171
2277.9,68.93051282051277
2278.0,68.90669421487604
2278.1,68.89227642276433
2278.2,68.8516260162603
2278.3,68.81799999999997
2278.4,68.74770491803268
2278.5,68.79274193548383
2278.6,68.84152542372928
2278.7,68.68809523809485
2278.8,68.83888888888934
2278.9,68.61725806451595
2279.0,68.67859649122774
2279.1,68.72044444444474
2279.2,68.55232758620683
2279.3,68.64715517241409
2279.4,68.63409836065574
2279.5,68.59250000000006
2279.6,68.61879032258058
2279.7,68.66221311475418
2279.8,68.59672131147538
2279.9,68.44918032786876
2280.0,68.58560975609748
2280.1,68.5860000000001
2280.2,68.52278688524592
2280.3,68.52967479674831
2280.4,68.61910569105714
2280.5,68.36830508474522
2280.6,68.53384000000035
2280.7,68.67688000000003
2280.8,68.66147826086903
2280.9,68.51476190476185
2281.0,68.419523809524
2281.1,68.52065573770469
2281.2,68.42622950819703
2281.3,68.30099173553708
2281.4,68.33048387096805
2281.5,68.56791304347783
2281.6,68.35921739130454
2281.7,68.35243478260868
2281.8,68.33613445378141
2281.9,68.29833333333325
2282.0,68.2864102564103
2282.1,68.32237288135599
2282.2,68.27152542372889
2282.3,67.60312499999884
2282.4,66.91562499999975
2282.5,67.92123966941993
2282.6,68.2598360655739
2282.7,68.24319327731081
2282.8,68.23314049586756
2282.9,68.07190476190485
2283.0,68.10365079365081
2283.1,68.25237288135587
2283.2,68.19795275590566
2283.3,68.12635593220391
2283.4,68.25598425196846
2283.5,68.23236220472445
2283.6,68.18500000000012
2283.7,68.19822580645155
2283.8,68.14776859504094
2283.9,67.82356060605996
2284.0,66.99780303030352
2284.1,67.77295652173935
2284.2,68.27666666666607
2284.3,68.32572649572641
2284.4,68.16380530973461
2284.5,68.10239316239318
2284.6,68.19685950413205
2284.7,68.03157024793397
2284.8,67.9123966942146
2284.9,67.98622950819703
2285.0,68.03933884297516
2285.1,68.02198347107438
2285.2,68.05111111111134
2285.3,67.94
2285.4,67.95967741935485
2285.5,68.055
2285.6,68.08411764705896
2285.7,67.9809917355374
2285.8,67.89932773109231
2285.9,67.86571428571422
2286.0,67.91442622950812
2286.1,67.92462184873953
2286.2,67.95899999999995
2286.3,68.01545454545396
2286.4,67.86042735042744
2286.5,67.90316239316238
2286.6,67.86764705882366
2286.7,67.85555555555553
2286.8,67.85582608695651
2286.9,67.86147826086955
2287.0,67.87809917355371
2287.1,67.81198347107448
2287.2,67.87360655737697
2287.3,67.87140495867763
2287.4,67.83731092436975
2287.5,67.82399999999994
2287.6,67.86
2287.7,67.86
2287.8,67.86
2287.9,67.71416666666619
2288.0,67.73083333333342
2288.1,67.89743589743591
2288.2,67.85778761061975
2288.3,67.61
2288.4,67.81161290322595
2288.5,67.73741935483847
2288.6,67.66
2288.7,67.64464912280708
2288.8,67.61
2288.9,67.61
2289.0,67.61
2289.1,67.75736842105229
2289.2,67.68931034482807
2289.3,67.633275862069
2289.4,67.66
2289.5,67.65139344262289
2289.6,67.61040983606566
2289.7,67.61
2289.8,67.61
2289.9,67.63298387096779
2290.0,67.64589743589744
2290.1,67.61
2290.2,67.61
2290.3,67.53105263157867
2290.4,67.55613445378157
2290.5,67.59016722408026
2290.6,67.6202675585284
2290.7,67.65036789297653
2290.8,67.5006249999997
2290.9,67.4454700854702
2291.0,67.60206896551719
2291.1,67.57241379310346
2291.2,67.60689655172413
2291.3,67.41043859649052
2291.4,67.51157480315011
2291.5,67.5938709677419
2291.6,67.58902439024378
2291.7,67.65211864406858
2291.8,67.3894067796607
2291.9,67.38427419354846
2292.0,67.4
2292.1,67.38365217391308
2292.2,67.34886956521747
2292.3,67.3185714285714
2292.4,67.31016806722688
2292.5,67.31
2292.6,67.35952380952371
2292.7,67.46999999999969
2292.8,67.4966129032253
2292.9,67.31447154471543
2293.0,67.35512195121945
2293.1,67.32363636363637
2293.2,67.3268907563025
2293.3,67.36440677966115
2293.4,67.37731092436962
2293.5,67.31
2293.6,67.31
2293.7,67.31
2293.8,67.31
2293.9,67.35350000000004
2294.0,67.37328125000003
2294.1,67.31
2294.2,67.31
2294.3,67.34739837398376
2294.4,67.33148760330583
2294.5,67.3221008403361
2294.6,67.32376000000001
2294.7,67.2713008130081
2294.8,67.30382113821146
2294.9,67.31
2295.0,67.31
2295.1,67.326
2295.2,67.36391304347822
2295.3,67.39
2295.4,67.32749999999992
2295.5,67.31
2295.6,67.31426229508196
2295.7,67.31756097560978
2295.8,67.29785123966933
2295.9,67.12429752066134
2296.0,67.08529914529915
2296.1,67.19301724137925
2296.2,67.28811965811958
2296.3,67.31
2296.4,67.28333333333322
2296.5,67.12052173913042
2296.6,67.14660869565219
2296.7,67.18759259259252
2296.8,67.17833333333314
2296.9,67.02
2297.0,67.02
2297.1,67.05708333333334
2297.2,67.04000000000008
2297.3,66.99652173913034
2297.4,67.00277310924383
2297.5,67.06159663865547
2297.6,67.02041666666656
2297.7,67.06208333333322
2297.8,67.03567796610162
2297.9,67.04032258064522
2298.0,67.05071428571425
2298.1,67.0333333333333
2298.2,67.05897435897427
2298.3,67.06774193548388
2298.4,67.04024793388427
2298.5,67.03631999999998
2298.6,67.06
2298.7,67.05262295081984
2298.8,66.9788524590162
2298.9,67.00548387096775
2299.0,67.02
2299.1,67.00093220338978
2299.2,66.98124999999999
2299.3,67.01941666666666
2299.4,67.01108333333333
2299.5,67.0175
2299.6,67.02
2299.7,67.02
2299.8,67.03217391304356
2299.9,67.05322033898305
2300.0,67.01983050847457
2300.1,67.0113559322034
2300.2,67.01724137931033
2300.3,67.01442622950817
2300.4,67.01370967741937
2300.5,67.02758620689653
2300.6,67.05811023622051
2300.7,67.02661417322841
2300.8,67.02
2300.9,66.95990610328614
2301.0,66.86600938967129
2301.1,66.91940677966093
2301.2,66.98727272727295
2301.3,66.82
2301.4,66.82
2301.5,66.78974789915965
2301.6,66.78
2301.7,66.81584745762702
2301.8,66.85801652892559
2301.9,66.8174399999999
2302.0,66.78543999999994
2302.1,66.78
2302.2,66.78
2302.3,66.78991525423734
2302.4,66.80499999999996
2302.5,66.7811904761905
2302.6,66.74138211382123
2302.7,66.75950819672121
2302.8,66.78
2302.9,66.79333333333345
2303.0,66.83142857142865
2303.1,66.84290598290595
2303.2,66.7793043478261
2303.3,66.77060869565214
2303.4,66.80206896551735
2303.5,66.79075
2303.6,66.78
2303.7,66.71103448275868
2303.8,66.63097345132803
2303.9,66.81906779661017
2304.0,66.81059322033899
2304.1,66.8475
2304.2,66.83661016949152
2304.3,66.81574999999998
2304.4,66.80460869565218
2304.5,66.78719298245613
2304.6,66.77067796610167
2304.7,66.80457627118642
2304.8,66.78967741935482
2304.9,66.82695652173918
2305.0,66.86621848739496
2305.1,66.84191304347834
2305.2,66.78
2305.3,66.78
2305.4,66.78
2305.5,66.6536585365853
2305.6,66.58789473684207
2305.7,66.67379310344795
2305.8,66.79551724137919
2305.9,66.73333333333342
2306.0,66.80000000000008
2306.1,66.78820512820515
2306.2,66.66760330578562
2306.3,66.67400000000023
2306.4,66.80179487179485
2306.5,66.78
2306.6,66.78
2306.7,66.61200000000015
2306.8,66.72384615384647
2306.9,66.69302521008373
2307.0,66.58344827586208
2307.1,66.60192982456148
2307.2,66.56771186440677
2307.3,66.54228813559322
2307.4,66.54
2307.5,66.5050434782608
2307.6,68.77593220338812
2307.7,70.16596491229679
2307.8,66.36793103448292
2307.9,65.39033898304992
2308.0,66.39881355932071
2308.1,66.59234782608692
2308.2,66.58508771929827
2308.3,66.57483050847459
2308.4,66.56751999999993
2308.5,66.54
2308.6,66.54
2308.7,66.562868852459
2308.8,66.55295999999991
2308.9,66.55131147540988
2309.0,66.56179487179489
2309.1,66.53284552845531
2309.2,66.57349593495933
2309.3,66.57311475409836
2309.4,66.55512000000003
2309.5,66.54917355371899
2309.6,66.57
2309.7,66.57
2309.8,66.54743801652886
2309.9,66.54
2310.0,66.54
2310.1,66.15095588235488
2310.2,65.12245762711552
2310.3,66.36822033898511
2310.4,66.55162393162395
2310.5,66.54
2310.6,66.51887931034483
2310.7,66.48753731343284
2310.8,66.48007462686566
2310.9,66.48
2311.0,66.52315789473677
2311.1,66.54
2311.2,66.53596638655465
2311.3,66.5325
2311.4,66.38444444444505
2311.5,65.18786324786223
2311.6,66.34421052631548
2311.7,66.48539682539709
2311.8,66.44
2311.9,66.45423728813557
2312.0,66.47793103448276
2312.1,66.4775213675212
2312.2,66.57153846153842
2312.3,66.58
2312.4,66.5205217391303
2312.5,66.51520661157029
2312.6,66.5234710743802
2312.7,66.49
2312.8,66.49
2312.9,66.47369747899158
2313.0,66.48344827586206
2313.1,66.49
2313.2,66.49
2313.3,66.48285714285714
2313.4,66.45822660098524
2313.5,66.45039999999993
2313.6,66.49
2313.7,66.49
2313.8,66.28591666666603
2313.9,66.28073170731737
2314.0,66.39
2314.1,66.36356521739157
2314.2,66.23711864406764
2314.3,66.41508474576328
2314.4,66.29666666666668
2314.5,66.32534482758597
2314.6,66.29157480315011
2314.7,66.20221311475332
2314.8,66.46983606557373
2314.9,66.45344262295079
2315.0,66.2676923076922
2315.1,66.18
2315.2,66.1642735042736
2315.3,66.14
2315.4,66.14081967213116
2315.5,66.14901639344262
2315.6,66.17146341463408
2315.7,66.18
2315.8,66.1968067226891
2315.9,66.22166666666661
2316.0,66.18198412698418
2316.1,66.22596774193546
2316.2,66.24
2316.3,66.21414634146326
2316.4,66.24554621848776
2316.5,66.41534482758628
2316.6,66.19120689655198
2316.7,66.18
2316.8,66.15448275862066
2316.9,66.14
2317.0,66.15333333333334
2317.1,66.18666666666668
2317.2,66.2283333333332
2317.3,66.19065573770487
2317.4,66.15573770491798
2317.5,66.14
2317.6,66.14967741935477
2317.7,66.1780327868853
2317.8,66.14524590163923
2317.9,66.14
2318.0,66.15915966386552
2318.1,66.16743801652893
2318.2,66.14
2318.3,66.14
2318.4,66.21109243697475
2318.5,66.19975806451616
2318.6,66.1632786885246
2318.7,66.14974789915965
2318.8,66.175238095238
2318.9,66.12761904761908
2319.0,66.14666666666666
2319.1,65.82786324786382
2319.2,65.27623931624032
2319.3,65.14736842105636
2319.4,66.15
2319.5,66.15
2319.6,66.27429752066114
2319.7,66.25016393442625
2319.8,66.19314049586765
2319.9,66.20196721311488
2320.0,66.29409836065587
2320.1,66.22032786885256
2320.2,66.0690163934428
2320.3,66.18983471074452
2320.4,66.21822580645151
2320.5,65.98390243902428
2320.6,66.05707317073177
2320.7,66.13140495867763
2320.8,66.12560975609749
2320.9,66.08868852459008
2321.0,66.03711864406772
2321.1,65.99461538461486
2321.2,66.19974358974333
2321.3,66.27333333333357
2321.4,66.19948275862035
2321.5,66.10818897637795
2321.6,66.10102564102534
2321.7,66.19991596638664
2321.8,66.13268907563018
2321.9,66.06491525423725
2322.0,66.15173913043495
2322.1,66.13921052631571
2322.2,66.07764705882356
2322.3,66.04749999999991
2322.4,66.02900826446322
2322.5,66.21909090909098
2322.6,66.11285714285744
2322.7,66.01390243902466
2322.8,66.01628099173563
2322.9,66.13008130081325
2323.0,66.23577235772368
2323.1,66.0528813559321
2323.2,66.09666666666651
2323.3,66.0477049180324
2323.4,65.94629032258081
2323.5,66.06049999999999
2323.6,66.06883333333332
2323.7,65.95903225806461
2323.8,65.93561983471086
2323.9,65.9633606557377
2324.0,65.99162601625999
2324.1,66.10544715447163
2324.2,66.07800000000009
2324.3,66.15721311475423
2324.4,66.08163934426192
2324.5,65.90699186991864
2324.6,65.87435483870968
2324.7,65.92274193548373
2324.8,66.01360655737719
2324.9,66.12682926829278
2325.0,66.12066115702493
2325.1,65.97570247933864
2325.2,66.05834710743768
2325.3,137.78427350440435
2325.4,203.51638655464387
2325.5,245.04288135591293
2325.6,260.2138709677424
2325.7,259.76418803418744
2325.8,259.5842499999302
2325.9,215.72591666659687
2326.0,242.67206896555624
2326.1,248.93298245614167
2326.2,245.49377049180163
2326.3,245.2561983470764
2326.4,239.0632000000254
2326.5,250.6952000000148
2326.6,205.86857142860703
2326.7,227.201428571245
2326.8,258.8826570048324
2326.9,247.26429951691355
2327.0,250.9942499999762
2327.1,273.9808264463321
2327.2,217.29487603320484
2327.3,257.2925619834838
2327.4,261.55032258064114
2327.5,232.6652499999687
2327.6,210.91153846153844
2327.7,248.3725000000404
2327.8,230.5974999999596
2327.9,190.1495081966092
2328.0,202.45504273508143
2328.1,223.76220930232176
2328.2,228.7273255813863
2328.3,273.7957627119868
2328.4,271.6179999999198
2328.5,237.13537190078895
2328.6,228.79487603303448
2328.7,297.8692561982069
2328.8,279.5382352940765
2328.9,263.555000000014
2329.0,271.26333333334736
2329.1,273.5058620689675
2329.2,226.382892562007
2329.3,222.20459016400267
2329.4,251.10218487394968
2329.5,241.86297520654364
2329.6,181.59851239672815
2329.7,219.23768595031171
2329.8,251.2026446281153
2329.9,262.31824644549835
2330.0,258.2755924170619
2330.1,240.4815789473868
2330.2,231.4134999998984
2330.3,296.72363636339514
2330.4,218.45090909080028
2330.5,213.48909836066733
2330.6,239.94785123968904
2330.7,235.0002439025022
2330.8,192.2978048781506
2330.9,237.4441463415068
2331.0,248.9780000000092
2331.1,250.38176470588328
2331.2,214.71386554639025
2331.3,194.57239316243923
2331.4,235.08080000002687
2331.5,249.56080000001367
2331.6,282.34965517241903
2331.7,261.8996694215336
2331.8,234.58066115699063
2331.9,212.21537190083052
2332.0,197.2656799999677
2332.1,215.76967999995085
2332.2,246.356896551615
2332.3,257.73754098361246
2332.4,256.66057851239384
2332.5,256.8736363636198
2332.6,264.30648000010126
2332.7,228.61048000013372
2332.8,213.1895652173722
2332.9,230.55834710745543
2333.0,245.41859504132088
2333.1,238.16570247938395
2333.2,215.72131147540787
2333.3,242.18032786888205
2333.4,260.94369747902994
2333.5,279.34758620693776
2333.6,267.6911304347716
2333.7,251.23520325198447
2333.8,268.9244347825844
2333.9,252.7418260869162
2334.0,249.6782758620639
2334.1,252.3339999999941
2334.2,251.40078260870436
2334.3,245.59429752064568
2334.4,240.5326890756306
2334.5,243.67032786884573
2334.6,247.42442622950287
2334.7,251.57220338982336
2334.8,252.03482758620405
2334.9,251.91189054726493
2335.0,252.8770646766172
2335.1,180.4903448276758
2335.2,87.5432231404963
2335.3,87.5347933884314
2335.4,88.9976033057843
2335.5,178.15932203379867
2335.6,229.9947368420296
2335.7,248.15999999998863
2335.8,250.90854700854484
2335.9,248.7325
2336.0,243.4788888888928
2336.1,235.7780341880276
2336.2,234.40052631578973
2336.3,233.1962068965475
2336.4,231.9777586206864
2336.5,231.37
2336.6,231.53784482758573
2336.7,231.9097391304352
2336.8,231.61773913043436
2336.9,231.5046956521738
2337.0,233.995
2337.1,238.8914406779633
2337.2,247.24692307690148
2337.3,245.47440677964255
2337.4,225.43959999999933
2337.5,223.1596000000014
2337.6,216.44426229509247
2337.7,208.02173913048
2337.8,187.23913043471276
2337.9,208.49752066119936
2338.0,215.08314049586784
2338.1,215.2133333333336
2338.2,207.78405172415847
2338.3,198.8817543861142
2338.4,252.02918032789717
2338.5,269.6685245901988
2338.6,224.4068292682328
2338.7,227.85487603303187
2338.8,224.9012096772471
2338.9,155.29573770486672
2339.0,236.262950819651
2339.1,280.7805555554522
2339.2,274.8362500001064
2339.3,259.9102479338862
2339.4,257.59454545455594
2339.5,232.40666666663265
2339.6,209.9622222222449
2339.7,194.8820338983286
2339.8,211.1506896552393
2339.9,240.823333333348
2340.0,241.26791666672636
2340.1,196.4219008264484
2340.2,194.9012396694262
2340.3,223.9339316240135
2340.4,258.0527777778132
2340.5,236.9975862069436
2340.6,206.5866666666072
2340.7,238.2799137932104
2340.8,153.01267241357917
2340.9,163.12884955751232
2341.0,228.6115254236028
2341.1,254.3179487179462
2341.2,249.46129310345597
2341.3,249.7257894737544
2341.4,254.3826829267119
2341.5,188.25260162598448
2341.6,195.00860869563195
2341.7,247.2031623930506
2341.8,258.50599999995416
2341.9,227.91637931020483
2342.0,200.87142857146733
2342.1,225.7234482758549
2342.2,233.3096551724007
2342.3,264.9355200000673
2342.4,270.57636363635754
2342.5,254.7614876033311
2342.6,238.2159016393373
2342.7,241.10114754097768
2342.8,172.11049999982563
2342.9,221.17691666686835
2343.0,249.78480314960575
2343.1,246.7101652892429
2343.2,253.3718181818147
2343.3,261.8428925620042
2343.4,203.5224999998505
2343.5,191.02735042735569
2343.6,227.83588235283287
2343.7,262.03330434787296
2343.8,238.54230769219964
2343.9,186.64322314048567
2344.0,211.30438016533003
2344.1,230.12
2344.2,265.5586206895909
2344.3,275.32193277305936
2344.4,251.8679130434732
2344.5,242.0169421487491
2344.6,232.06652892562545
2344.7,180.42581967214952
2344.8,206.67078260882704
2344.9,239.775172413799
2345.0,243.86344262294955
2345.1,233.8740000000038
2345.2,217.17400000006708
2345.3,213.98166666666532
2345.4,197.2376271186409
2345.5,232.034838709709
2345.6,251.51770491805468
2345.7,195.3188888887399
2345.8,245.09666666681176
2345.9,250.3911382113888
2346.0,189.9084745761815
2346.1,199.3074576271756
2346.2,252.3046153846126
2346.3,252.0527586206482
2346.4,232.72840336137773
2346.5,264.8964705882008
2346.6,242.19983471083293
2346.7,207.87322033911403
2346.8,218.4642372881671
2346.9,260.5122881355922
2347.0,246.89365217391912
2347.1,195.56321739125968
2347.2,216.69191304343147
2347.3,227.2035652174121
2347.4,233.76282051282988
2347.5,263.5806140350681
2347.6,280.4918548387561
2347.7,233.3236551724144
2347.8,231.4477931034418
2347.9,215.7935897435553
2348.0,211.1948695652276
2348.1,220.13440677966116
2348.2,222.343442622874
2348.3,243.80245901642223
2348.4,223.5926086955997
2348.5,214.5113599999904
2348.6,200.38206896549696
2348.7,205.31918032782937
2348.8,242.16746031743597
2348.9,219.6515873015385
2349.0,243.56206896556284
2349.1,249.3913599999984
2349.2,209.92283333346063
2349.3,156.92878260870003
2349.4,174.75000000010232
2349.5,249.75000000010232
2349.6,235.2503539823383
2349.7,248.4199999999706
2349.8,237.5826229507768
2349.9,208.53779661018768
2350.0,199.0245762711327
2350.1,251.5137931033997
2350.2,285.9103448275107
2350.3,266.9517391303561
2350.4,267.10804878050857
2350.5,232.7729032257848
2350.6,197.31824561389865
2350.7,253.66586206892163
2350.8,266.99344827586833
2350.9,258.22222222220574
2351.0,264.7515517241524
2351.1,250.6457024793378
2351.2,228.8900000000245
2351.3,211.68836206893
2351.4,190.5069298245805
2351.5,222.46307017541943
2351.6,260.7007894736147
2351.7,222.1657251909525
2351.8,206.41135593228265
2351.9,226.75869565216712
2352.0,231.2610084033105
2352.1,289.0677310924856
2352.2,213.34452173928796
2352.3,230.97732758626452
2352.4,197.1162809917328
2352.5,159.03537815125932
2352.6,181.4990909091385
2352.7,245.67878048779983
2352.8,250.8982926829388
2352.9,238.9839999999674
2353.0,227.79317460317048
2353.1,212.0531147541284
2353.2,190.38517543856892
2353.3,223.27114035095985
2353.4,273.11692307692306
2353.5,249.5512820512558
2353.6,240.7369565217329
2353.7,214.6620000001637
2353.8,173.16245614036256
2353.9,176.65554621849049
2354.0,95.70596638641852
2354.1,89.2537931034483
2354.2,89.01547826087
2354.3,88.84347457627105
2354.4,88.60649999999929
2354.5,88.28338983050863
2354.6,88.36663793103419
2354.7,88.09939655172404
2354.8,88.14026315789502
2354.9,88.05024390243867
2355.0,88.01932773109249
2355.1,88.04048780487814
2355.2,87.9651282051281
2355.3,88.01641025641045
2355.4,87.75894736842028
2355.5,87.65948717948716
2355.6,87.63456140350878
2355.7,87.60579831932787
2355.8,83.3302479338722
2355.9,69.88982456140383
2356.0,70.01263157894753
2356.1,69.7687931034481
2356.2,69.57462809917371
2356.3,69.5420491803281
2356.4,69.59294117647062
2356.5,69.57401709401701
2356.6,69.41162393162426
2356.7,69.41
2356.8,69.37434782608689
2356.9,69.41630252100833
2357.0,69.43983193277315
2357.1,69.41487394957983
2357.2,69.40333333333395
2357.3,69.13666666666606
2357.4,69.18758620689668
2357.5,69.17864406779655
2357.6,69.21264957264952
2357.7,69.20000000000027
2357.8,69.06948275862086
2357.9,69.11205128205138
2358.0,69.14623931623935
2358.1,69.15
2358.2,69.13229508196729
2358.3,69.11579831932772
2358.4,69.13384615384616
2358.5,69.1521052631575
2358.6,68.81
2358.7,68.88627118644065
2358.8,68.9
2358.9,68.85408695652166
2359.0,68.84684210526311
2359.1,68.90529914529907
2359.2,68.95193548387098
2359.3,68.91161290322576
2359.4,68.90213114754097
2359.5,68.887868852459
2359.6,68.85777777777776
2359.7,68.82440000000003
2359.8,68.81327868852466
2359.9,68.84606557377057
2360.0,68.70691056910543
2360.1,68.67642276422765
2360.2,68.76942148760311
2360.3,68.86008264462778
2360.4,68.67
2360.5,68.83521739130451
2360.6,68.73459016393468
2360.7,68.6429411764707
2360.8,68.56111111111083
2360.9,68.51230769230783
2361.0,68.62789473684228
2361.1,68.70684210526323
2361.2,68.6265217391306
2361.3,68.59055999999997
2361.4,68.62382608695664
2361.5,68.63525423728811
2361.6,68.5680341880342
2361.7,68.56
2361.8,68.56
2361.9,68.43869565217376
2362.0,68.42238095238098
2362.1,68.48728813559319
2362.2,68.57440677966088
2362.3,68.58079365079345
2362.4,68.39825396825357
2362.5,68.36536585365852
2362.6,68.42245762711869
2362.7,68.41555555555567
2362.8,68.31868852459007
2362.9,68.27163793103482
2363.0,68.43543103448296
2363.1,68.386724137931
2363.2,68.33680672268912
2363.3,68.36782608695678
2363.4,68.38696721311449
2363.5,68.28555555555553
2363.6,68.32829059829064
2363.7,68.2461904761906
2363.8,68.29903225806483
2363.9,68.32549999999989
2364.0,68.2678861788618
2364.1,68.26432203389788
2364.2,68.408389830508
2364.3,67.56881578947356
2364.4,67.27405172413684
2364.5,68.24421487603303
2364.6,68.26900826446283
2364.7,68.11390243902444
2364.8,68.18368852459038
2364.9,68.19897435897431
2365.0,67.87556756756675
2365.1,67.15664864864827
2365.2,67.29593495934918
2365.3,68.04943089430883
2365.4,68.01282051282067
2365.5,68.10683760683752
2365.6,68.22379310344803
2365.7,68.11517241379369
2365.8,68.02
2365.9,68.03170731707318
2366.0,68.06
2366.1,68.06
2366.2,67.98956521739142
2366.3,68.03521739130444
2366.4,68.11695652173917
2366.5,68.12153846153846
2366.6,68.04193548387107
2366.7,67.97933333333336
2366.8,67.9626666666666
2366.9,67.99529411764713
2367.0,68.02111111111111
2367.1,67.95842105263193
2367.2,67.84583333333346
2367.3,67.81569105691062
2367.4,67.85634146341462
2367.5,68.03737288135582
2367.6,67.91070175438635
2367.7,67.8048695652174
2367.8,67.83760683760705
2367.9,67.87957983193277
2368.0,67.81689655172397
2368.1,67.90310344827563
2368.2,67.86241379310363
2368.3,67.88965217391312
2368.4,67.88520325203247
2368.5,67.84017391304351
2368.6,67.81784482758596
2368.7,67.88817391304357
2368.8,67.8620869565217
2368.9,67.86
2369.0,67.86
2369.1,67.83128205128207
2369.2,67.73275862069006
2369.3,67.65111111111153
2369.4,67.8472881355926
2369.5,67.63542372881383
2369.6,67.79965517241325
2369.7,67.73586206896609
2369.8,67.63666666666663
2369.9,67.62463414634148
2370.0,67.6592972972973
2370.1,67.6538918918919
2370.2,67.6338016528927
2370.3,67.57941666666666
2370.4,67.57108333333332
2370.5,67.57
2370.6,67.59148760330578
2370.7,67.60636363636365
2370.8,67.60191666666668
2370.9,67.61123966942155
2371.0,67.65256198347106
2371.1,67.62720000000004
2371.2,67.61
2371.3,67.62259842519684
2371.4,67.64573770491806
2371.5,67.61295081967214
2371.6,67.61
2371.7,67.53336134453788
2371.8,67.54896551724164
2371.9,67.59921052631574
2372.0,67.58762096774194
2372.1,67.61584677419353
2372.2,67.64407258064512
2372.3,67.4840336134452
2372.4,67.50161290322589
2372.5,67.59819672131144
2372.6,67.54570247933864
2372.7,67.37214876033067
2372.8,67.5757600000007
2372.9,67.46454545454502
2373.0,67.39966101694924
2373.1,67.48227642276424
2373.2,67.37041322314025
2373.3,67.543966942149
2373.4,67.47867768595044
2373.5,67.3980327868853
2373.6,67.41553719008249
2373.7,67.48355371900875
2373.8,67.31
2373.9,67.31
2374.0,67.34220338983053
2374.1,67.24883333333324
2374.2,67.19634920634911
2374.3,67.3509756097561
2374.4,67.35910569105691
2374.5,67.32228813559323
2374.6,67.31
2374.7,67.35861788617865
2374.8,67.42491803278678
2374.9,67.35958333333325
2375.0,67.31791666666658
2375.1,67.34292682926834
2375.2,67.33642276422765
2375.3,67.32535087719312
2375.4,67.36724137931041
2375.5,67.39786324786321
2375.6,67.35512820512827
2375.7,67.35752136752136
2375.8,67.33159999999985
2375.9,67.31
2376.0,67.26652173913037
2376.1,67.10655172413801
2376.2,67.07206896551735
2376.3,67.23347826086996
2376.4,67.32925000000019
2376.5,67.33521008403356
2376.6,67.24719008264474
2376.7,67.12162393162392
2376.8,67.13224137931078
2376.9,67.24431034482751
2377.0,67.32730434782604
2377.1,67.32652892561988
2377.2,67.2728099173556
2377.3,67.23292079207923
2377.4,67.27747524752478
2377.5,67.30336065573769
2377.6,67.28121951219515
2377.7,67.30560975609755
2377.8,67.1459999999998
2377.9,67.04520000000004
2378.0,67.02965217391301
2378.1,67.06212598425194
2378.2,67.11724409448813
2378.3,67.2729661016954
2378.4,67.14930434782595
2378.5,67.01789915966381
2378.6,67.01818965517255
2378.7,67.08137931034486
2378.8,67.02189655172413
2378.9,67.03913793103447
2379.0,66.9821739130435
2379.1,67.03611570247922
2379.2,67.04561983471086
2379.3,67.02333333333333
2379.4,67.02791304347826
2379.5,67.02387931034482
2379.6,67.06698275862065
2379.7,66.99184873949602
2379.8,67.03016260162605
2379.9,67.04926829268295
2380.0,67.02
2380.1,67.0238260869565
2380.2,67.05860869565205
2380.3,67.0266086956521
2380.4,67.02
2380.5,67.02
2380.6,67.02991525423722
2380.7,67.04456896551731
2380.8,67.02168067226894
2380.9,67.05529411764702
2381.0,67.03180327868856
2381.1,67.03599999999997
2381.2,66.96636363636395
2381.3,66.86561983471098
2381.4,67.05508771929837
2381.5,66.80947368421094
2381.6,66.89282051282044
2381.7,67.00539823008822
2381.8,67.03
2381.9,66.95793388429747
2382.0,66.84564102564092
2382.1,66.78713178294558
2382.2,66.96542635658896
2382.3,67.01625000000003
2382.4,67.02
2382.5,67.03123966942151
2382.6,67.03833333333345
2382.7,66.87166666666678
2382.8,66.82249999999996
2382.9,66.92039999999994
2383.0,66.96195402298865
2383.1,66.85275862068987
2383.2,66.93570247933826
2383.3,67.03225
2383.4,66.97393442622942
2383.5,66.7329166666667
2383.6,66.77458333333337
2383.7,66.78
2383.8,66.80262295081968
2383.9,66.82
2384.0,66.82
2384.1,66.81950413223142
2384.2,66.81123966942151
2384.3,66.81
2384.4,66.81307692307693
2384.5,66.81788461538461
2384.6,66.82
2384.7,66.81666666666668
2384.8,66.81174603174605
2384.9,66.81968253968255
2385.0,66.78928
2385.1,66.78
2385.2,66.81966101694893
2385.3,66.84384615384602
2385.4,66.78
2385.5,66.78
2385.6,66.80380165289255
2385.7,66.79140495867775
2385.8,66.79338842975208
2385.9,66.81275
2386.0,66.81570247933887
2386.1,66.78264462809926
2386.2,66.78
2386.3,66.80347107438027
2386.4,66.80347107438011
2386.5,66.78
2386.6,66.77628099173553
2386.7,66.73495867768602
2386.8,66.76636363636369
2386.9,66.79661157024792
2387.0,66.81
2387.1,66.81179487179486
2387.2,66.81968
2387.3,66.81167999999998
2387.4,66.7905737704918
2387.5,66.79424999999996
2387.6,66.81
2387.7,66.78700000000052
2387.8,66.59533333333299
2387.9,66.5498360655737
2388.0,66.64725806451617
2388.1,66.7644999999999
2388.2,66.76081300813047
2388.3,66.53974137931034
2388.4,66.53112068965517
2388.5,66.55784
2388.6,66.54983739837402
2388.7,66.61057851239613
2388.8,66.74796610169484
2388.9,66.57
2389.0,66.57869565217392
2389.1,66.58
2389.2,66.55709401709406
2389.3,66.54
2389.4,66.54
2389.5,66.5410344827586
2389.6,66.56689655172408
2389.7,66.57698412698412
2389.8,66.55967213114748
2389.9,66.54
2390.0,66.5383870967742
2390.1,66.53032258064516
2390.2,66.53806722689075
2390.3,66.54
2390.4,66.55317073170734
2390.5,66.57
2390.6,66.56008474576268
2390.7,66.44991525423731
2390.8,66.5027586206899
2390.9,66.48874999999997
2391.0,66.45601694915257
2391.1,66.47189655172397
2391.2,66.53153225806462
2391.3,66.49120967741923
2391.4,66.47327586206893
2391.5,66.48408695652174
2391.6,66.54076923076919
2391.7,66.52377049180343
2391.8,66.46250000000006
2391.9,66.54
2392.0,66.54
2392.1,66.54
2392.2,66.54
2392.3,66.54
2392.4,66.52975609756089
2392.5,66.48097560975607
2392.6,66.55170731707311
2392.7,66.51181034482772
2392.8,66.5080952380953
2392.9,66.51203389830516
2393.0,66.45293103448265
2393.1,66.53913793103432
2393.2,66.5589171974522
2393.3,66.53999999999978
2393.4,66.40824242424208
2393.5,65.95975757575752
2393.6,65.97102564102495
2393.7,66.32852459016341
2393.8,66.47619047619042
2393.9,66.44444444444447
2394.0,66.44
2394.1,66.4452100840336
2394.2,66.35560975609833
2394.3,66.22754098360659
2394.4,66.46524590163945
2394.5,66.45406504065042
2394.6,66.28928571428578
2394.7,66.26720338983051
2394.8,66.39
2394.9,66.39
2395.0,66.39
2395.1,66.39
2395.2,66.39
2395.3,66.39
2395.4,66.28799999999987
2395.5,66.29982608695649
2395.6,66.40559999999991
2395.7,66.43440000000012
2395.8,66.39439999999999
2395.9,66.24409836065564
2396.0,66.18427350427352
2396.1,66.20343749999994
2396.2,66.23811965811966
2396.3,66.22804687499996
2396.4,66.1889843749999
2396.5,66.31363636363665
2396.6,66.28862068965509
2396.7,66.18
2396.8,66.17570247933872
2396.9,66.1426446280991
2397.0,66.1701639344262
2397.1,66.1576000000001
2397.2,66.17025210084016
2397.3,66.2553600000004
2397.4,66.38826446280956
2397.5,66.2147107438016
2397.6,66.15377049180327
2397.7,66.1632
2397.8,66.18713043478259
2397.9,66.18
2398.0,66.18
2398.1,66.18
2398.2,66.18
2398.3,66.20625000000007
2398.4,66.21223140495864
2398.5,66.18
2398.6,66.17719999999994
2398.7,66.12119999999999
2398.8,66.18333333333347
2398.9,66.20016528925616
2399.0,66.16818181818176
2399.1,66.0670338983044
2399.2,65.02466101694887
2399.3,65.8452542372892
2399.4,66.14418032786885
2399.5,66.15633333333335
2399.6,66.17056910569107
2399.7,66.14196721311471
2399.8,66.17475409836078
2399.9,66.18
2400.0,66.14
2400.1,66.12622950819673
2400.2,66.18461538461538
2400.3,66.21008771929826
2400.4,66.21885964912282
2400.5,66.07
2400.6,66.13529914529882
2400.7,66.15966101694946
2400.8,66.08847999999998
2400.9,66.05545454545457
2401.0,66.01413223140506
2401.1,66.08317073170731
2401.2,66.08136752136757
2401.3,66.09043478260887
2401.4,66.17260869565246
2401.5,66.24948717948723
2401.6,66.15
2401.7,66.15
2401.8,66.15
2401.9,66.08803278688507
2402.0,66.0467213114755
2402.1,66.14262295081984
2402.2,66.06885245901654
2402.3,66.13869918699201
2402.4,66.1366666666667
2402.5,66.14173553719003
2402.6,66.15142857142857
2402.7,66.01073170731689
2402.8,66.08390243902444
2402.9,66.10634146341462
2403.0,66.09119658119658
2403.1,66.07
2403.2,66.05820512820526
2403.3,66.01266009852232
2403.4,66.05699507389173
2403.5,66.0969747899158
2403.6,65.99613445378158
2403.7,65.99999999999993
2403.8,66.05350000000003
2403.9,66.04393442622941
2404.0,65.93170731707322
2404.1,66.00487804878045
2404.2,66.01762295081967
2404.3,66.03789915966394
2404.4,66.05412698412698
2404.5,66.06
2404.6,66.0587704918034
2404.7,66.01778688524601
2404.8,65.95688524590149
2404.9,66.09308943089479
2405.0,66.23459016393433
2405.1,66.12764705882336
2405.2,65.96798319327748
2405.3,66.09458333333382
2405.4,66.11706896551719
2405.5,66.03940170940159
2405.6,66.00471074380155
2405.7,66.08601694915234
2405.8,66.1554032258062
2405.9,66.00217741935448
2406.0,66.03025423728808
2406.1,66.01425000000019
2406.2,65.9906145251395
2406.3,66.0408938547486
2406.4,66.06539130434783
2406.5,66.10107438016529
2406.6,66.13000000000008
2406.7,66.07153846153847
2406.8,66.19974358974385
2406.9,133.36200000019917
2407.0,244.6940517240561
2407.1,243.3026086958055
2407.2,237.19299999988877
2407.3,274.7403252030024
2407.4,190.4549579832328
2407.5,216.2868907562877
2407.6,228.0499999999917
2407.7,225.2842276422928
2407.8,235.300000000045
2407.9,264.586495726496
2408.0,262.44947368419736
2408.1,250.2389473684225
2408.2,196.34457627122
2408.3,217.76756097575813
2408.4,226.7519672130544
2408.5,193.91590163931244
2408.6,213.0118604651415
2408.7,247.1887323943553
2408.8,264.2380281690316
2408.9,291.09690140848386
2409.0,275.180661157001
2409.1,257.46090909084296
2409.2,293.21878048807287
2409.3,200.29195121947785
2409.4,225.63260504208705
2409.5,240.85749999999825
2409.6,245.1699999999917
2409.7,243.32442622953715
2409.8,228.2188524590541
2409.9,240.86639344261823
2410.0,236.887073170746
2410.1,204.7945833334535
2410.2,187.6073770491164
2410.3,210.77609756098897
2410.4,216.702926829274
2410.5,266.4497435896654
2410.6,250.23769230772555
2410.7,224.95297520664133
2410.8,244.28213114770733
2410.9,291.6608403359808
2411.0,218.56
2411.1,228.06819672131505
2411.2,248.0869999999425
2411.3,225.4562406014619
2411.4,196.2472807017964
2411.5,241.41322033898172
2411.6,246.2606779660985
2411.7,190.83206896560185
2411.8,200.7254545455054
2411.9,226.5295081967458
2412.0,233.56666666665564
2412.1,216.9065546217767
2412.2,259.73848739495963
2412.3,227.6560975608258
2412.4,264.2092436976167
2412.5,270.16170731706774
2412.6,218.41420168064667
2412.7,236.21327868848368
2412.8,248.27885245903485
2412.9,207.3152499999175
2413.0,218.0597500000756
2413.1,249.3966379310469
2413.2,252.85114754098677
2413.3,236.79675438590627
2413.4,182.3318421052697
2413.5,225.20858267712777
2413.6,207.2738260869725
2413.7,201.9835294117253
2413.8,243.2104347826403
2413.9,262.50391304347903
2414.0,261.73
2414.1,299.573478260907
2414.2,254.90948275879015
2414.3,219.8720512820231
2414.4,211.35067226891184
2414.5,222.7790909090629
2414.6,243.92999999997227
2414.7,254.42999999998
2414.8,259.5797478991635
2414.9,235.9275206611911
2415.0,227.6622689075411
2415.1,240.7249572649618
2415.2,235.22730434777367
2415.3,255.28817391310216
2415.4,255.39649122806927
2415.5,258.3928571428566
2415.6,244.7357142857671
2415.7,240.58966942143945
2415.8,253.2638461538198
2415.9,245.58052173913475
2416.0,251.3022608695752
2416.1,246.65157894736444
2416.2,245.5027118644068
2416.3,249.03137931035485
2416.4,254.45556521738897
2416.5,255.8493913043441
2416.6,249.01692307691872
2416.7,244.7092307692373
2416.8,249.90234782608735
2416.9,251.69548672566376
2417.0,253.39800000000184
2417.1,251.59901639344488
2417.2,206.8989830512152
2417.3,95.25677685949807
2417.4,89.87661157025097
2417.5,89.29680672268887
2417.6,118.39094017092027
2417.7,185.69817391295263
2417.8,238.8199130434909
2417.9,244.1544915254282
2418.0,249.91612068965296
2418.1,235.8730172413881
2418.2,235.1673684210521
2418.3,233.52741379309936
2418.4,232.36384615384617
2418.5,232.6091379310324
2418.6,233.9166371681384
2418.7,234.32730158731167
2418.8,229.3114285714286
2418.9,232.0136206896519
2419.0,231.9082608695657
2419.1,195.76815126057903
2419.2,175.3974999998991
2419.3,205.35947089948485
2419.4,217.9573544973669
2419.5,233.532000000019
2419.6,246.99123966940525
2419.7,221.56148760333247
2419.8,250.0781355933158
2419.9,272.91090163935183
2420.0,259.0464516129339
2420.1,232.95413223139823
2420.2,243.161382113768
2420.3,265.2752032520513
2420.4,255.18923076920296
2420.5,249.13333333333415
2420.6,254.9043478260624
2420.7,253.34956521745676
2420.8,225.83573770491677
2420.9,208.6144262295005
2421.0,193.52916666665985
2421.1,179.4466666666876
2421.2,190.74376068371495
2421.3,216.75680672275504
2421.4,221.20521739122805
2421.5,172.6426984127199
2421.6,183.2696825396772
2421.7,209.99620689650504
2421.8,254.3341739130799
2421.9,259.7939130434838
2422.0,237.69864406779632
2422.1,237.17999999999927
2422.2,238.179999999996
2422.3,173.32561983454656
2422.4,158.41705882352997
2422.5,201.1249180328361
2422.6,248.89508196721243
2422.7,250.915454545454
2422.8,251.0972727272734
2422.9,228.59016528920068
2423.0,200.186585365827
2423.1,219.3989344262584
2423.2,262.71
2423.3,235.21749999999108
2423.4,231.2924999999911
2423.5,259.63249999996367
2423.6,230.93561983475595
2423.7,217.09382608692135
2423.8,243.6600000000277
2423.9,256.6837606837421
2424.0,219.9572649573392
2424.1,230.86739130433563
2424.2,217.30882352946077
2424.3,221.88016528925684
2424.4,210.9918644068296
2424.5,193.9752173912311
2424.6,247.70366666667732
2424.7,200.73700000001068
2424.8,198.50258620690445
2424.9,196.66956521738757
2425.0,209.170247933861
2425.1,245.04545454538496
2425.2,284.9839669421437
2425.3,251.33933884287407
2425.4,264.7276859504328
2425.5,190.2738016529312
2425.6,199.1027272725205
2425.7,279.179586776757
2425.8,304.837249999733
2425.9,225.662250000033
2426.0,257.5428925620334
2426.1,251.55975206610128
2426.2,229.2502500000047
2426.3,207.5430327868069
2426.4,190.01275000001064
2426.5,236.821083333344
2426.6,205.1490082645157
2426.7,191.80884297520703
2426.8,195.438220338987
2426.9,204.5174336283234
2427.0,223.354878048819
2427.1,278.1353658536261
2427.2,254.8755118110581
2427.3,253.88804878051928
2427.4,220.62703389816923
2427.5,161.33598290600747
2427.6,211.59626086944505
2427.7,280.6745217390785
2427.8,249.29660869560905
2427.9,252.7700000000234
2428.0,239.04370967741107
2428.1,206.7246153846505
2428.2,187.42870967740032
2428.3,219.87225806454944
2428.4,260.4355737705436
2428.5,225.1362903226307
2428.6,211.09572649567232
2428.7,231.02936000000847
2428.8,224.46658119662405
2428.9,241.4238461538461
2429.0,288.6395833333219
2429.1,261.2678813559618
2429.2,232.3540517241403
2429.3,209.33663716804276
2429.4,167.67344262294128
2429.5,179.86146341461537
2429.6,218.9346341462721
2429.7,236.40454545450575
2429.8,233.446640000001
2429.9,222.37663865546287
2430.0,214.3431496062724
2430.1,193.5085039369922
2430.2,241.6382608694543
2430.3,303.6765517242175
2430.4,296.7686206896259
2430.5,261.16256410255977
2430.6,242.25458333361848
2430.7,150.36975206594735
2430.8,206.36148760329735
2430.9,269.2337391304577
2431.0,266.69786324789914
2431.1,236.6847826087393
2431.2,221.39950413222812
2431.3,224.07830508475567
2431.4,231.63762711865107
2431.5,190.2651612902525
2431.6,197.38799999997565
2431.7,219.62113821132075
2431.8,231.58193277310716
2431.9,228.26854838708329
2432.0,221.454032258071
2432.1,237.3809677419211
2432.2,275.6135652172775
2432.3,283.9465517241259
2432.4,247.10626086956256
2432.5,217.35999999999197
2432.6,208.4849999999919
2432.7,225.3432173912696
2432.8,193.32781512603535
2432.9,196.1833913043528
2433.0,221.35947826085663
2433.1,218.8321008404373
2433.2,182.2489565217076
2433.3,211.779391304363
2433.4,212.7900000000009
2433.5,256.9039316239597
2433.6,234.635
2433.7,207.90999999995665
2433.8,243.70672131147455
2433.9,242.13295081967075
2434.0,178.1119672130303
2434.1,207.91369747897943
2434.2,242.70181818179515
2434.3,248.52442622950147
2434.4,244.84268292683333
2434.5,247.28170731707408
2434.6,210.31471544719315
2434.7,228.0454782608351
2434.8,263.5835344828494
2434.9,266.07956521730614
2435.0,241.33
2435.1,261.13
2435.2,267.64239669420385
2435.3,169.37206611555553
2435.4,153.11883333336212
2435.5,204.18089430894196
2435.6,231.7716535432976
2435.7,239.58267716534064
2435.8,207.67438596484976
2435.9,204.6746551724209
2436.0,152.7952459015749
2436.1,91.01440677966028
2436.2,90.19568965517232
2436.3,89.89438596491114
2436.4,89.6136842105255
2436.5,89.51400000000004
2436.6,89.25170940170972
2436.7,89.02696000000007
2436.8,88.95639344262301
2436.9,88.97663865546225
2437.0,88.89260504201673
2437.1,88.72233870967767
2437.2,88.70686440677942
2437.3,88.73109243697475
2437.4,88.65495652173921
2437.5,88.55605263157895
2437.6,88.5121929824562
2437.7,88.43213114754104
2437.8,88.47581967213127
2437.9,79.81922413794173
2438.0,69.06070866141607
2438.1,69.93065573770491
2438.2,69.93885245901637
2438.3,69.96796747967487
2438.4,69.83540983606515
2438.5,69.66975409836061
2438.6,69.59115702479362
2438.7,69.49198347107478
2438.8,69.37754098360645
2438.9,69.41909090909087
2439.0,69.41081300813025
2439.1,69.39338983050808
2439.2,69.50269565217408
2439.3,69.45052173913031
2439.4,69.45868421052633
2439.5,69.42398305084743
2439.6,69.32694214876038
2439.7,69.33419354838693
2439.8,69.39418803418697
2439.9,69.11629921259856
2440.0,69.242283464567
2440.1,69.26076923076923
2440.2,69.25473684210527
2440.3,69.30736842105281
2440.4,69.15799999999959
2440.5,69.13916666666665
2440.6,69.18608695652165
2440.7,69.157711864407
2440.8,68.98874999999964
2440.9,68.86374999999963
2441.0,69.06672131147535
2441.1,69.08218487394957
2441.2,69.06462809917355
2441.3,69.00636363636312
2441.4,68.8701694915256
2441.5,69.01423728813572
2441.6,68.92399999999991
2441.7,68.9062295081967
2441.8,68.84647058823502
2441.9,68.78166666666674
2442.0,68.82163793103439
2442.1,68.89922413793089
2442.2,68.9
2442.3,68.76495867768567
2442.4,68.84109243697475
2442.5,68.91661290322588
2442.6,68.85818181818182
2442.7,68.84974789915972
2442.8,68.82453781512605
2442.9,68.70936507936503
2443.0,68.60728813559317
2443.1,68.63983193277303
2443.2,68.77437500000046
2443.3,68.586875
2443.4,68.61466257668707
2443.5,68.62967741935496
2443.6,68.56483870967732
2443.7,68.68580645161288
2443.8,68.55406779660994
2443.9,68.51471999999994
2444.0,68.5654166666666
2444.1,68.60685483870961
2444.2,68.64717741935482
2444.3,68.55090163934418
2444.4,68.54958333333332
2444.5,68.5656779661017
2444.6,68.55740157480315
2444.7,68.55499999999988
2444.8,68.6383333333336
2444.9,68.58758064516124
2445.0,68.45931623931618
2445.1,68.42294117647062
2445.2,68.24121621621812
2445.3,67.20743243243155
2445.4,67.84311475409919
2445.5,68.35314049586776
2445.6,68.41699186991853
2445.7,68.48128205128268
2445.8,68.24196581196502
2445.9,68.33466101694948
2446.0,68.33411764705878
2446.1,68.365
2446.2,68.35974358974377
2446.3,68.2820967741936
2446.4,68.32930434782594
2446.5,68.25973913043485
2446.6,68.34052631578922
2446.7,68.30949579831945
2446.8,68.26547008547007
2446.9,68.24779661016947
2447.0,68.05734939759026
2447.1,67.15373493976067
2447.2,67.3806557377017
2447.3,68.27
2447.4,68.25842975206602
2447.5,68.09314049586794
2447.6,68.20731092436976
2447.7,68.18050847457653
2447.8,68.1371929824562
2447.9,68.17842105263173
2448.0,68.18557377049159
2448.1,68.02163934426262
2448.2,68.09919999999977
2448.3,68.18783333333346
2448.4,68.23
2448.5,68.19314960629913
2448.6,68.10508196721322
2448.7,68.06409836065583
2448.8,68.13200000000012
2448.9,68.13758620689653
2449.0,68.05982456140356
2449.1,68.042288135593
2449.2,68.18857142857145
2449.3,68.18016806722689
2449.4,68.15443478260866
2449.5,68.0056521739132
2449.6,68.0342975206611
2449.7,67.99870689655165
2449.8,67.85267241379313
2449.9,67.86
2450.0,67.86
2450.1,68.0914049586773
2450.2,67.95868852459057
2450.3,67.86
2450.4,67.94117647058829
2450.5,68.04516949152513
2450.6,67.86
2450.7,67.86
2450.8,67.89708333333338
2450.9,67.90448
2451.0,67.88456140350883
2451.1,67.87043478260863
2451.2,67.89491525423733
2451.3,67.86101694915244
2451.4,67.81991735537184
2451.5,67.84166666666671
2451.6,67.87836065573768
2451.7,67.87450000000024
2451.8,67.80421487603302
2451.9,67.7628925619835
2452.0,67.83500000000001
2452.1,67.86
2452.2,67.78000000000044
2452.3,67.70878048780503
2452.4,67.89583333333343
2452.5,67.6875000000001
2452.6,67.78999999999974
2452.7,67.73909836065612
2452.8,67.61
2452.9,67.61635593220333
2453.0,67.65872881355925
2453.1,67.58959677419361
2453.2,67.72306451612843
2453.3,67.72017241379314
2453.4,67.57
2453.5,67.58384615384615
2453.6,67.66
2453.7,67.66
2453.8,67.60049586776834
2453.9,67.58950413223145
2454.0,67.59733333333331
2454.1,67.57595041322314
2454.2,67.60900826446276
2454.3,67.65041666666679
2454.4,67.6218181818181
2454.5,67.6
2454.6,67.59565
2454.7,67.58065000000003
2454.8,67.59175
2454.9,67.65324999999999
2455.0,67.57824999999998
2455.1,67.5417460317461
2455.2,67.55032258064507
2455.3,67.57
2455.4,67.57557377049187
2455.5,67.60836065573767
2455.6,67.64275862068959
2455.7,67.62275862068975
2455.8,67.5669230769229
2455.9,67.46693548387071
2456.0,67.39818181818167
2456.1,67.56820512820556
2456.2,67.38871794871815
2456.3,67.32440677966088
2456.4,67.31
2456.5,67.32570247933883
2456.6,67.35303278688531
2456.7,67.31204918032792
2456.8,67.35094827586218
2456.9,67.36
2457.0,67.3738095238095
2457.1,67.37163934426245
2457.2,67.32650406504048
2457.3,67.39154471544721
2457.4,67.34199999999996
2457.5,67.34310344827587
2457.6,67.36
2457.7,67.34888888888895
2457.8,67.31084033613463
2457.9,67.35285714285722
2458.0,67.324224137931
2458.1,67.33863247863243
2458.2,67.36
2458.3,67.34606557377043
2458.4,67.31097560975611
2458.5,67.3191056910569
2458.6,67.31288
2458.7,67.33644628099165
2458.8,67.32446280991728
2458.9,67.26901639344261
2459.0,67.31
2459.1,67.31
2459.2,67.12875000000038
2459.3,67.11544303797498
2459.4,67.2989873417724
2459.5,67.31
2459.6,67.18170940170957
2459.7,67.25052631578923
2459.8,67.31563025210068
2459.9,67.21934959349595
2460.0,67.11694915254245
2460.1,67.06610169491535
2460.2,67.06739495798315
2460.3,67.18794871794891
2460.4,67.22152542372866
2460.5,67.21913043478267
2460.6,67.3383739837401
2460.7,67.22455284552886
2460.8,67.05304347826055
2460.9,67.15042372881383
2461.0,67.13396551724124
2461.1,67.07408695652173
2461.2,67.07721739130436
2461.3,67.07732758620702
2461.4,67.11919999999984
2461.5,67.03919999999991
2461.6,67.02649572649571
2461.7,67.03
2461.8,67.01016129032247
2461.9,66.97708333333343
2462.0,67.01874999999994
2462.1,67.0446610169491
2462.2,67.05637096774193
2462.3,67.0418181818181
2462.4,67.02822580645164
2462.5,67.04327731092422
2462.6,66.97605042016806
2462.7,67.03999999999981
2462.8,67.06
2462.9,67.04017391304343
2463.0,67.02
2463.1,67.02
2463.2,67.02
2463.3,67.02
2463.4,67.04974358974366
2463.5,67.09589743589747
2463.6,67.0553658536587
2463.7,66.98229508196712
2463.8,67.02
2463.9,67.02
2464.0,66.91214876033068
2464.1,66.95389830508454
2464.2,67.02
2464.3,67.02
2464.4,67.02
2464.5,67.02
2464.6,66.85247863247898
2464.7,66.9819999999995
2464.8,66.93379310344795
2464.9,66.81605263157894
2465.0,66.81164893617022
2465.1,66.81696808510637
2465.2,66.82
2465.3,66.87379310344889
2465.4,67.03542372881302
2465.5,66.7896610169487
2465.6,66.92593220338948
2465.7,66.84773913043519
2465.8,66.78
2465.9,66.81000000000012
2466.0,66.85293103448281
2466.1,66.78
2466.2,66.78
2466.3,66.78
2466.4,66.79820512820515
2466.5,66.81
2466.6,66.81330434782608
2466.7,66.82
2466.8,66.81933333333319
2466.9,66.78599999999999
2467.0,66.78
2467.1,66.79270833333327
2467.2,66.81354166666658
2467.3,66.82
2467.4,66.77909090909073
2467.5,66.75467741935486
2467.6,66.81666666666673
2467.7,66.78333333333342
2467.8,66.78
2467.9,66.8332173913044
2468.0,66.80918032786892
2468.1,66.74313559322033
2468.2,66.78
2468.3,66.78
2468.4,66.78
2468.5,66.79438016528924
2468.6,66.81321739130433
2468.7,66.803076923077
2468.8,66.73211864406785
2468.9,66.77449152542376
2469.0,66.80175000000001
2469.1,66.79338842975208
2469.2,66.78
2469.3,66.78
2469.4,66.78
2469.5,66.78
2469.6,66.80102564102557
2469.7,66.79427419354846
2469.8,66.70991452991436
2469.9,66.62965517241356
2470.0,66.81929824561405
2470.1,66.8105263157895
2470.2,66.78589743589748
2470.3,66.65166666666617
2470.4,66.68834710743839
2470.5,66.73975609756089
2470.6,66.59237704918021
2470.7,66.76450819672127
2470.8,66.61941176470545
2470.9,66.69600000000031
2471.0,66.67685950413205
2471.1,66.55983999999998
2471.2,66.61794871794878
2471.3,66.58376068376066
2471.4,66.55081967213113
2471.5,66.54
2471.6,66.55365853658533
2471.7,66.57361344537823
2471.8,66.54
2471.9,66.57361344537821
2472.0,66.54478260869567
2472.1,66.5355
2472.2,66.55599999999997
2472.3,66.55438016528895
2472.4,66.48
2472.5,66.48
2472.6,66.51577235772346
2472.7,66.55685950413215
2472.8,66.58
2472.9,66.57824427480915
2473.0,66.57061068702288
2473.1,66.57799999999999
2473.2,66.55454545454555
2473.3,66.54
2473.4,66.54
2473.5,66.5299122807017
2473.6,66.48927419354838
2473.7,66.48120967741939
2473.8,66.54483050847463
2473.9,66.55379032258061
2474.0,66.50446280991729
2474.1,66.45407999999996
2474.2,66.5180799999999
2474.3,66.53616666666672
2474.4,66.50084745762699
2474.5,66.50950000000002
2474.6,66.54
2474.7,66.54
2474.8,66.53599999999987
2474.9,66.48599999999986
2475.0,65.53612903225792
2475.1,65.69933333333256
2475.2,66.24666666666651
2475.3,66.39818181818232
2475.4,66.46427350427344
2475.5,66.46457627118644
2475.6,66.53051724137934
2475.7,66.44431034482768
2475.8,66.44
2475.9,66.44
2476.0,66.49263157894731
2476.1,66.48051724137953
2476.2,66.41564102564087
2476.3,66.48599999999989
2476.4,66.45523076923071
2476.5,66.4566935483871
2476.6,66.47499999999994
2476.7,66.51666666666647
2476.8,66.55081967213108
2476.9,66.44426229508187
2477.0,66.40033057851242
2477.1,66.451475409836
2477.2,66.46282051282061
2477.3,66.44862068965521
2477.4,66.48431818181818
2477.5,66.4559090909091
2477.6,66.39164835164844
2477.7,66.2817582417583
2477.8,66.33763779527618
2477.9,66.39130434782575
2478.0,66.29788617886177
2478.1,66.38731707317059
2478.2,66.39
2478.3,66.29017094017067
2478.4,66.20829457364339
2478.5,66.23754098360673
2478.6,66.43124999999984
2478.7,66.2562500000005
2478.8,66.26512396694227
2478.9,66.33723577235797
2479.0,66.39
2479.1,66.36450000000004
2479.2,66.2228333333339
2479.3,66.18786885245899
2479.4,66.15528455284553
2479.5,66.1794214876032
2479.6,66.21720000000012
2479.7,66.18
2479.8,66.18
2479.9,66.18
2480.0,66.18
2480.1,66.18
2480.2,66.17254237288138
2480.3,66.14
2480.4,66.14
2480.5,66.17
2480.6,66.18
2480.7,66.1632558139536
2480.8,66.15923076923089
2480.9,66.22414634146322
2481.0,66.150975609756
2481.1,65.51014388489237
2481.2,65.52548387096681
2481.3,66.22090909090895
2481.4,66.18
2481.5,66.18
2481.6,66.15433333333338
2481.7,66.181707317073
2481.8,66.21606557377044
2481.9,66.18
2482.0,66.18
2482.1,66.18
2482.2,66.20366666666666
2482.3,66.17245762711845
2482.4,66.1447368421052
2482.5,66.25
2482.6,66.27608695652177
2482.7,66.2730894308943
2482.8,66.1356666666663
2482.9,66.09677685950422
2483.0,66.26846774193555
2483.1,66.30879032258059
2483.2,66.16016260162645
2483.3,66.1975806451615
2483.4,66.26666666666675
2483.5,66.28482758620686
2483.6,66.27598290598294
2483.7,66.31871794871788
2483.8,66.11273504273493
2483.9,66.12423728813557
2484.0,66.06
2484.1,65.99873949579829
2484.2,66.09220338983015
2484.3,66.25815789473647
2484.4,66.0739473684209
2484.5,66.05763157894737
2484.6,66.09560975609749
2484.7,66.1366666666666
2484.8,66.17512605042025
2484.9,66.2086206896552
2485.0,66.10517241379321
2485.1,66.06695652173914
2485.2,66.19333333333317
2485.3,66.23244680851057
2485.4,66.20585106382977
2485.5,66.20684210526315
2485.6,66.18310924369757
2485.7,66.11695652173941
2485.8,66.05500000000004
2485.9,66.07241935483876
2486.0,66.09661290322578
2486.1,66.07203252032528
2486.2,66.03396694214884
2486.3,66.05403225806482
2486.4,66.10926829268288
2486.5,65.93853658536604
2486.6,65.95394957983194
2486.7,66.0519354838708
2486.8,66.0965517241379
2486.9,66.07655502392343
2487.0,66.066985645933
2487.1,66.04846153846154
2487.2,66.01409836065565
2487.3,66.05508196721323
2487.4,66.06752136752137
2487.5,66.03939655172417
2487.6,66.03447368421048
2487.7,66.05359649122805
2487.8,66.08076923076932
2487.9,66.14687499999994
2488.0,66.11562500000002
2488.1,66.14132231404948
2488.2,66.1640495867769
2488.3,66.04739837398365
2488.4,66.01487804878045
2488.5,66.04601694915257
2488.6,66.06
2488.7,66.06
2488.8,84.98847457644834
2488.9,173.57042372887415
2489.0,211.917881355978
2489.1,236.192608695622
2489.2,260.9596610168829
2489.3,271.5603225806371
2489.4,260.47256410250304
2489.5,227.66147826087595
2489.6,173.76582608690964
2489.7,219.2210344827664
2489.8,216.1085950412703
2489.9,229.9700621118622
2490.0,264.78372670809125
2490.1,244.1670588235643
2490.2,262.1927559054412
2490.3,240.6717355371264
2490.4,203.7802564102626
2490.5,230.9228333333317
2490.6,229.01450000000565
2490.7,254.981147540905
2490.8,245.4699999999418
2490.9,235.05289473687404
2491.0,246.26521367521997
2491.1,248.2817948718763
2491.2,184.8117094017045
2491.3,221.45547826097425
2491.4,241.5445000000136
2491.5,244.3947058823522
2491.6,239.3960156250158
2491.7,233.4795867767596
2491.8,260.3308264463587
2491.9,293.64272727278666
2492.0,267.28608695656845
2492.1,253.9178947367493
2492.2,249.33739130457812
2492.3,201.456612903305
2492.4,237.44048387107333
2492.5,234.7394871794852
2492.6,252.9103999999828
2492.7,227.7609090910437
2492.8,205.3516393443525
2492.9,256.3296774193274
2493.0,237.66032258067253
2493.1,193.25333333342047
2493.2,208.36520325191168
2493.3,243.93086956525585
2493.4,247.21410256403317
2493.5,212.27438596488076
2493.6,249.92350877185325
2493.7,207.80681034494876
2493.8,250.0120512822136
2493.9,263.1893103447989
2494.0,258.9404347826105
2494.1,274.46338983045746
2494.2,295.8974561404765
2494.3,229.1558474576859
2494.4,266.3507627119088
2494.5,269.4933333333301
2494.6,222.3937190082618
2494.7,198.44193548379212
2494.8,232.57049180328076
2494.9,259.9229508196844
2495.0,209.25034188024844
2495.1,226.95371900828752
2495.2,240.7846153846149
2495.3,219.29026315784049
2495.4,191.2272222222366
2495.5,217.63657894739936
2495.6,237.52254385965628
2495.7,291.24560344824863
2495.8,257.14347107420093
2495.9,223.26222222222108
2496.0,241.8689473683318
2496.1,278.0055371901731
2496.2,234.27
2496.3,237.96421487604363
2496.4,258.0339837398735
2496.5,239.64622950813853
2496.6,211.6269841269935
2496.7,229.489075630233
2496.8,239.10252100840776
2496.9,237.00316239315728
2497.0,247.92103448277936
2497.1,252.64561403508665
2497.2,253.88862068964792
2497.3,259.8662295081889
2497.4,256.37800000000595
2497.5,249.82800000000597
2497.6,252.5773553718903
2497.7,242.8536585366536
2497.8,236.1548387096805
2497.9,245.42214876033276
2498.0,248.8105785123931
2498.1,246.6009401709398
2498.2,246.535042016806
2498.3,250.1062068965632
2498.4,252.15578947368127
2498.5,251.71949579831735
2498.6,255.8991666666753
2498.7,252.090833333342
2498.8,246.7711570247893
2498.9,243.65578512396883
2499.0,189.63410256423123
2499.1,106.51747826089544
2499.2,87.81842105262662
2499.3,89.33658119658051
2499.4,89.16564102564077
2499.5,106.51777777775712
2499.6,188.72921739117675
2499.7,243.03274336282243
2499.8,244.6714285714275
2499.9,242.2602479338749
2500.0,236.69
2500.1,238.1776033057826
2500.2,235.7804958677802
2500.3,233.357355371898
2500.4,233.35413223141165
2500.5,235.65231404958632
2500.6,234.9167768595049
2500.7,232.320495867776
2500.8,231.82793388429755
2500.9,232.21616666666637
2501.0,220.351818181864
2501.1,191.82190082636416
2501.2,224.9210743801516
2501.3,241.2233333333629
2501.4,227.95940170941336
2501.5,222.14
2501.6,222.32663865545592
2501.7,230.1464102563172
2501.8,284.7531304347558
2501.9,249.08356521732924
2502.0,235.54266666664552
2502.1,214.01068965514057
2502.2,191.53192982455656
2502.3,188.7035294118326
2502.4,201.6133620689448
2502.5,191.6450000000266
2502.6,244.28785714275077
2502.7,243.0617241379745
2502.8,230.3635714285492
2502.9,214.1290983606286
2503.0,207.10324999988904
2503.1,276.82824999988907
2503.2,236.95347107452
2503.3,244.0626666666876
2503.4,256.7123140495866
2503.5,226.81172131156976
2503.6,155.75733333327798
2503.7,236.8906666666113
2503.8,260.59712000005857
2503.9,241.89774193545705
2504.0,241.20929824554932
2504.1,263.1984745763472
2504.2,230.0604347827207
2504.3,187.14739130422225
2504.4,200.72482456143103
2504.5,235.0774999999932
2504.6,238.3472649572748
2504.7,227.85905982905288
2504.8,233.55965517236743
2504.9,211.2127966101928
2505.0,232.06872881357455
2505.1,266.6925
2505.2,251.27710743806887
2505.3,228.3903174603083
2505.4,211.2300000000469
2505.5,173.030940170916
2505.6,187.16769230768736
2505.7,207.7636521738509
2505.8,234.58440677967863
2505.9,237.39216666665945
2506.0,223.99239669421664
2506.1,212.7609836065883
2506.2,192.53147540985944
2506.3,244.252916666856
2506.4,292.7836885246315
2506.5,285.2767479675551
2506.6,251.74249999996164
2506.7,256.95295081989525
2506.8,157.18245901612568
2506.9,223.6277777778228
2507.0,288.7120491803299
2507.1,281.0294871795612
2507.2,239.9818260868907
2507.3,257.1179661016012
2507.4,224.6942372880544
2507.5,191.1964655171836
2507.6,208.5641525423193
2507.7,243.14041322306147
2507.8,234.7656666665333
2507.9,189.39140495866724
2508.0,214.1717948718071
2508.1,222.2316239316158
2508.2,236.62327586203756
2508.3,269.2081196581398
2508.4,264.95444444444274
2508.5,233.95
2508.6,220.70697297304176
2508.7,188.90156756765592
2508.8,180.4609401710076
2508.9,214.4706896552284
2509.0,234.0735897435844
2509.1,231.43256410256544
2509.2,227.9106896551782
2509.3,221.3556140350726
2509.4,206.48016129028596
2509.5,207.28627118649203
2509.6,249.57774193554573
2509.7,226.1422580645608
2509.8,254.6147457627968
2509.9,261.4329914529887
2510.0,208.5929824562652
2510.1,160.0901694914728
2510.2,195.27763157873412
2510.3,265.2199999999812
2510.4,235.22000000000472
2510.5,252.4929310344621
2510.6,235.54818181825377
2510.7,208.42950000007875
2510.8,200.0471544715663
2510.9,222.6153225806428
2511.0,238.6637096774288
2511.1,212.0261904762405
2511.2,219.73371900814524
2511.3,230.41278688524235
2511.4,214.932173913058
2511.5,237.93862068969375
2511.6,262.5593103448469
2511.7,241.6723478261395
2511.8,221.80599999996937
2511.9,202.92555555554503
2512.0,200.65760330577183
2512.1,222.9744999999685
2512.2,185.1495000001118
2512.3,212.60845528455752
2512.4,201.2297600000253
2512.5,186.03224137930872
2512.6,191.2443103447895
2512.7,204.8980701754243
2512.8,209.17
2512.9,280.07082644642753
2513.0,226.75008333337587
2513.1,224.0110569104136
2513.2,227.8809600003476
2513.3,154.18443478260406
2513.4,193.49747826090376
2513.5,263.2217948716873
2513.6,265.0064655172857
2513.7,263.89456896548967
2513.8,255.0038399999929
2513.9,223.744957264964
2514.0,184.0434782608936
2514.1,208.3130434782129
2514.2,247.405217391248
2514.3,262.8787931034682
2514.4,225.3478048779297
2514.5,193.90838709676916
2514.6,224.14275862069195
2514.7,223.3324137931064
2514.8,260.2828571429322
2514.9,232.16561983464896
2515.0,216.59040983607676
2515.1,221.15071999997525
2515.2,165.94327586206137
2515.3,182.10706896557048
2515.4,222.31840336140525
2515.5,242.66376068375197
2515.6,238.21706896556395
2515.7,223.6072881356229
2515.8,212.64317829455467
2515.9,191.10054263564373
2516.0,248.0855371900284
2516.1,282.0156896551423
2516.2,264.489827586343
2516.3,238.27295652177656
2516.4,237.9173275859818
2516.5,147.87330578526692
2516.6,240.65016528924227
2516.7,267.2818965517108
2516.8,260.01930434780496
2516.9,240.1903478260808
2517.0,235.52322033900364
2517.1,251.50950819672624
2517.2,218.67344262306588
2517.3,257.9576859505356
2517.4,282.8997478991948
2517.5,261.747999999952
2517.6,233.46
2517.7,249.9944827585732
2517.8,268.1163157893241
2517.9,171.9935087718953
2518.0,107.37341880333148
2518.1,90.04724137930978
2518.2,89.80032258064521
2518.3,89.63508196721247
2518.4,89.33401709401697
2518.5,89.27418803418806
2518.6,89.12443478260866
2518.7,88.9950434782611
2518.8,88.93932203389829
2518.9,88.87327731092435
2519.0,88.7923809523809
2519.1,88.84
2519.2,88.54833333333333
2519.3,88.54901639344276
2519.4,88.58983050847458
2519.5,88.5079365079364
2519.6,88.32147540983614
2519.7,88.40344262295062
2519.8,88.31564102564072
2519.9,75.94336134450762
2520.0,69.3037499999997
2520.1,69.99349593496002
2520.2,69.69188034188089
2520.3,69.52948717948676
2520.4,69.51
2520.5,69.6125619834712
2520.6,69.64504201680667
2520.7,69.5464102564105
2520.8,69.42230769230778
2520.9,69.49923076923096
2521.0,69.38808695652179
2521.1,69.43631578947353
2521.2,69.35411764705898
2521.3,69.2882926829269
2521.4,69.32352941176488
2521.5,69.38043478260872
2521.6,69.16304347826153
2521.7,69.15
2521.8,69.34017391304415
2521.9,69.32896551724102
2522.0,69.21175438596475
2522.1,69.153
2522.2,69.14632478632508
2522.3,69.06085470085449
2522.4,69.17454545454555
2522.5,69.14050847457627
2522.6,69.1824137931034
2522.7,69.13813559322061
2522.8,68.93081967213098
2522.9,68.86958677685931
2523.0,69.10925619834741
2523.1,69.08615384615389
2523.2,69.08920353982296
2523.3,69.02024193548348
2523.4,68.8875
2523.5,68.85108333333332
2523.6,68.85941666666666
2523.7,68.93278260869539
2523.8,68.98391304347831
2523.9,68.89499999999987
2524.0,68.80584745762712
2524.1,68.82965217391293
2524.2,68.90157894736859
2524.3,68.85016949152545
2524.4,68.8586440677966
2524.5,68.79538461538459
2524.6,68.77
2524.7,68.68500000000013
2524.8,68.60158333333351
2524.9,68.65726495726507
2525.0,68.7
2525.1,68.59166666666667
2525.2,68.68968503937002
2525.3,68.69205128205095
2525.4,68.61558139534885
2525.5,68.62879310344826
2525.6,68.61155172413794
2525.7,68.57966666666667
2525.8,68.63656250000025
2525.9,68.64255172413779
2526.0,68.53220689655167
2526.1,68.60289256198338
2526.2,68.58243902439037
2526.3,68.56
2526.4,68.56
2526.5,68.56
2526.6,68.55612068965556
2526.7,68.42681034482807
2526.8,68.51785123966972
2526.9,68.45804878048745
2527.0,68.35193277310921
2527.1,68.37508196721292
2527.2,68.59533333333346
2527.3,68.36199999999994
2527.4,68.32
2527.5,68.2958333333333
2527.6,68.32747899159658
2527.7,68.43784000000015
2527.8,68.37383999999992
2527.9,68.3241463414634
2528.0,68.40311475409837
2528.1,68.3890082644629
2528.2,68.27
2528.3,68.26905511811022
2528.4,68.2611811023622
2528.5,68.19516949152536
2528.6,68.24976190476178
2528.7,68.30000000000014
2528.8,68.26152542372883
2528.9,68.27
2529.0,68.11126984126966
2529.1,68.19758620689669
2529.2,68.29521739130429
2529.3,68.3237391304348
2529.4,68.2814049586773
2529.5,68.12669565217396
2529.6,68.22234782608672
2529.7,68.1744827586209
2529.8,68.09504273504257
2529.9,68.06
2530.0,68.02842105263154
2530.1,68.01677966101691
2530.2,68.10431034482768
2530.3,67.98362068965481
2530.4,68.1335833333338
2530.5,68.08444444444433
2530.6,68.02715083798883
2530.7,68.02156424581007
2530.8,68.05025210084034
2530.9,68.00764705882351
2531.0,68.01429752066136
2531.1,68.22025000000005
2531.2,68.14525000000005
2531.3,67.9555371900822
2531.4,67.86869565217393
2531.5,67.9
2531.6,67.92908108108107
2531.7,67.88043243243257
2531.8,67.83542372881355
2531.9,67.81
2532.0,67.81
2532.1,67.81896551724117
2532.2,67.93103448275832
2532.3,67.83689655172401
2532.4,67.8333846153846
2532.5,67.85380165289256
2532.6,67.84983739837395
2532.7,67.81201680672264
2532.8,67.91285714285735
2532.9,67.90871794871796
2533.0,67.85359375000003
2533.1,67.81314049586777
2533.2,67.81862903225807
2533.3,67.810564516129
2533.4,67.84907563025219
2533.5,67.88551724137935
2533.6,67.85380530973464
2533.7,67.81
2533.8,67.82125000000003
2533.9,67.85715447154469
2534.0,67.81650406504068
2534.1,67.70230769230766
2534.2,67.66
2534.3,67.7504347826091
2534.4,67.77132231404903
2534.5,67.60200000000017
2534.6,67.80200000000018
2534.7,67.65881889763827
2534.8,67.63875
2534.9,67.7416666666666
2535.0,67.75427350427368
2535.1,67.53941176470589
2535.2,67.5916993464051
2535.3,67.58868852459011
2535.4,67.60252100840341
2535.5,67.64214876033067
2535.6,67.57580645161232
2535.7,67.76935483870925
2535.8,67.6825806451608
2535.9,67.5918181818181
2536.0,67.58162393162394
2536.1,67.61
2536.2,67.61
2536.3,67.64473684210532
2536.4,67.6206896551724
2536.5,67.63759999999998
2536.6,67.64135593220344
2536.7,67.61
2536.8,67.60917355371899
2536.9,67.60090909090908
2537.0,67.73131147540992
2537.1,67.68508333333324
2537.2,67.61
2537.3,67.61
2537.4,67.61
2537.5,67.61
2537.6,67.64779527559057
2537.7,67.60867768595048
2537.8,67.5025619834708
2537.9,67.45850000000016
2538.0,67.65698275862066
2538.1,67.61387931034483
2538.2,67.61
2538.3,67.55157894736838
2538.4,67.44066115702462
2538.5,67.36687224669606
2538.6,67.38449339207048
2538.7,67.4
2538.8,67.4
2538.9,67.33015999999985
2539.0,67.31
2539.1,67.3299152542373
2539.2,67.36
2539.3,67.3618103448276
2539.4,67.3876724137931
2539.5,67.32777777777771
2539.6,67.42035087719306
2539.7,67.38924369747919
2539.8,67.30336065573772
2539.9,67.33111111111134
2540.0,67.4393043478261
2540.1,67.40452173913042
2540.2,67.34
2540.3,67.33852173913048
2540.4,67.35444444444445
2540.5,67.36
2540.6,67.36256410256405
2540.7,67.38820512820512
2540.8,67.325304347826
2540.9,67.31
2541.0,67.31512396694214
2541.1,67.31669354838711
2541.2,67.31432203389826
2541.3,67.33974576271193
2541.4,67.34
2541.5,67.3187931034483
2541.6,67.31
2541.7,67.33142857142852
2541.8,67.36
2541.9,67.36297520661157
2542.0,67.39603305785118
2542.1,67.33172413793123
2542.2,67.28538461538467
2542.3,67.20245614035053
2542.4,67.1094999999999
2542.5,67.07538461538465
2542.6,67.09863247863251
2542.7,67.06444444444456
2542.8,67.0675
2542.9,67.03913043478258
2543.0,67.02
2543.1,67.00636363636369
2543.2,66.9789256198345
2543.3,67.05330578512397
2543.4,67.10475409836067
2543.5,67.20414634146333
2543.6,67.17573770491828
2543.7,67.01024390243907
2543.8,66.9711206896554
2543.9,67.08318965517255
2544.0,67.0714285714286
2544.1,67.0829565217391
2544.2,67.06482758620693
2544.3,67.02897435897442
2544.4,67.04530434782606
2544.5,67.02076923076926
2544.6,67.04641025641023
2544.7,67.02813559322038
2544.8,66.99043478260866
2544.9,66.99264957264957
2545.0,67.02
2545.1,67.04147826086935
2545.2,67.14686956521747
2545.3,67.06860869565213
2545.4,67.05245762711864
2545.5,67.02508771929828
2545.6,67.01483050847456
2545.7,67.02
2545.8,67.02
2545.9,67.02
2546.0,67.04314960629921
2546.1,67.00226890756313
2546.2,66.99203389830495
2546.3,67.02
2546.4,67.02
2546.5,67.02
2546.6,66.8530434782612
2546.7,66.79182608695658
2546.8,66.87572519084017
2546.9,66.98535087719311
2547.0,66.97655172413754
2547.1,66.78327868852466
2547.2,66.84885245901624
2547.3,66.8262601626016
2547.4,66.79536585365855
2547.5,66.85278688524562
2547.6,66.99024793388458
2547.7,66.79190082644689
2547.8,66.98803278688563
2547.9,66.88933884297508
2548.0,66.77585365853659
2548.1,66.77227642276421
2548.2,66.78
2548.3,66.78
2548.4,66.78
2548.5,66.78
2548.6,66.75838983050849
2548.7,66.74386554621843
2548.8,66.78
2548.9,66.78
2549.0,66.78
2549.1,66.80184210526318
2549.2,66.81556451612902
2549.3,66.81615384615382
2549.4,66.80317073170725
2549.5,66.78169491525428
2549.6,66.815593220339
2549.7,66.81280991735538
2549.8,66.81
2549.9,66.78311475409832
2550.0,66.73811965811959
2550.1,66.78
2550.2,66.78
2550.3,66.80947368421062
2550.4,66.84456140350882
2550.5,66.8364705882353
2550.6,66.81
2550.7,66.81
2550.8,66.81
2550.9,66.785641025641
2551.0,66.79933884297519
2551.1,66.79084033613448
2551.2,66.77
2551.3,66.77774193548396
2551.4,66.81
2551.5,66.78435897435894
2551.6,66.78
2551.7,66.83262711864407
2551.8,66.82919999999969
2551.9,66.77222222222224
2552.0,66.78305084745763
2552.1,66.81694915254236
2552.2,66.79040650406509
2552.3,66.78
2552.4,66.79641025641031
2552.5,66.82
2552.6,66.81803278688528
2552.7,66.78524590163937
2552.8,66.78
2552.9,66.67256198347107
2553.0,66.78747967479605
2553.1,67.09459016393518
2553.2,66.783114754099
2553.3,66.57864406779619
2553.4,66.54
2553.5,66.54
2553.6,66.63684210526276
2553.7,66.72491803278733
2553.8,66.5675609756097
2553.9,66.5431707317073
2554.0,66.56139344262297
2554.1,66.54336065573774
2554.2,66.52682539682536
2554.3,66.53915422885571
2554.4,66.5341791044776
2554.5,66.5366666666667
2554.6,66.57833333333338
2554.7,66.58
2554.8,66.55024793388428
2554.9,66.54685950413226
2555.0,66.53694915254226
2555.1,66.44967741935463
2555.2,66.53032258064502
2555.3,66.56163934426236
2555.4,66.57
2555.5,66.55960629921262
2555.6,66.54581196581192
2555.7,66.58
2555.8,66.57173553719005
2555.9,66.55041322314047
2556.0,66.51147540983604
2556.1,66.47712
2556.2,66.47924369747895
2556.3,66.56327731092453
2556.4,66.54008130081299
2556.5,66.49606557377047
2556.6,66.49719008264462
2556.7,66.52916666666673
2556.8,66.48741379310331
2556.9,66.44431034482749
2557.0,66.50864406779675
2557.1,66.53595041322315
2557.2,66.51025000000001
2557.3,66.47260504201684
2557.4,66.48
2557.5,66.48
2557.6,66.48
2557.7,66.52271186440672
2557.8,66.51155172413782
2557.9,66.46807017543851
2558.0,66.45551724137934
2558.1,66.49
2558.2,66.49
2558.3,66.31769230769191
2558.4,66.33355932203405
2558.5,66.45384615384623
2558.6,66.51344827586215
2558.7,66.45101694915267
2558.8,66.39869565217408
2558.9,66.48565217391295
2559.0,66.41213114754105
2559.1,66.45134453781493
2559.2,66.34568965517337
2559.3,66.19809523809528
2559.4,66.25487603305805
2559.5,66.37884297520661
2559.6,66.27162601626034
2559.7,66.34999999999943
2559.8,66.33471074380138
2559.9,66.25114754098406
2560.0,66.49
2560.1,66.49
2560.2,65.64296551724182
2560.3,65.4696825396846
2560.4,66.18461538461555
2560.5,66.42841269841239
2560.6,66.26968253968262
2560.7,66.3885365853654
2560.8,66.35786885245851
2560.9,66.19209677419362
2561.0,66.23827586206878
2561.1,66.37620689655142
2561.2,66.39
2561.3,66.39
2561.4,66.3172727272724
2561.5,66.20384615384611
2561.6,66.18355371900779
2561.7,66.43975206611479
2561.8,66.40076923076911
2561.9,66.28887999999978
2562.0,66.3252941176471
2562.1,66.36070312500043
2562.2,66.15408333333312
2562.3,66.21241666666671
2562.4,66.16295081967206
2562.5,66.16131147540989
2562.6,66.17295081967214
2562.7,66.17204918032773
2562.8,66.22942622950835
2562.9,66.15696721311454
2563.0,66.27703389830502
2563.1,66.26641666666696
2563.2,66.19695652173907
2563.3,66.21965517241365
2563.4,66.18
2563.5,66.18
2563.6,66.20829268292681
2563.7,66.19918699186998
2563.8,66.18
2563.9,66.17095652173906
2564.0,66.14369747899158
2564.1,66.17731092436966
2564.2,66.25263157894706
2564.3,66.23637931034483
2564.4,66.2661157024794
2564.5,66.31
2564.6,66.28900000000003
2564.7,66.17233333333381
2564.8,66.20294117647066
2564.9,66.19746031746031
2565.0,66.17262295081969
2565.1,66.13975206611573
2565.2,66.1059349593497
2565.3,66.0652845528455
2565.4,66.12418032786893
2565.5,66.15
2565.6,66.16735537190078
2565.7,66.18438016528947
2565.8,66.11
2565.9,66.18317073170749
2566.0,66.13739837398357
2566.1,66.14868852459011
2566.2,66.2204918032786
2566.3,66.24145299145282
2566.4,66.15598290598295
2566.5,66.25513043478264
2566.6,66.26643478260873
2566.7,66.15230769230806
2566.8,66.13796610169543
2566.9,66.24539130434773
2567.0,66.19429824561408
2567.1,66.15043859649133
2567.2,66.23608695652165
2567.3,66.14137931034443
2567.4,66.07634782608693
2567.5,66.12794871794873
2567.6,66.20709677419354
2567.7,66.18721311475439
2567.8,66.08065573770467
2567.9,66.1437704918035
2568.0,66.10868852459012
2568.1,66.07559322033893
2568.2,66.0926701570681
2568.3,66.06649214659679
2568.4,66.05308333333335
2568.5,66.04606557377062
2568.6,65.96409836065583
2568.7,66.06901639344252
2568.8,66.08752136752133
2568.9,66.04357723577235
2569.0,66.01721739130433
2569.1,66.07721739130434
2569.2,66.16720338983079
2569.3,66.07398305084735
2569.4,66.12967213114766
2569.5,66.03090163934436
2569.6,65.92680327868842
2569.7,65.96785123966932
2569.8,66.00917355371904
2569.9,66.0896747967479
2570.0,66.07822033898312
2570.1,66.01760330578531
2570.2,65.95593750000012
2570.3,65.92
2570.4,65.92
2570.5,66.08081300813022
2570.6,66.10153846153847
2570.7,66.09999999999992
2570.8,90.97550000025178
2570.9,162.94205128205078
2571.0,169.50615384616228
2571.1,218.1317241379632
2571.2,258.5716521738436
2571.3,267.5111999999921
2571.4,239.9851724137837
2571.5,199.1198275861905
2571.6,224.25173913042343
2571.7,232.94739130434508
2571.8,201.41371900816569
2571.9,239.00473684220424
2572.0,258.50811965812943
2572.1,251.70224999997387
2572.2,267.7937301586745
2572.3,298.02388888900344
2572.4,242.29243697467103
2572.5,278.05914529910984
2572.6,266.70537190101265
2572.7,220.89710743800987
2572.8,233.260743801872
2572.9,302.66570247944054
2573.0,259.0672571428809
2573.1,221.24333333329344
2573.2,238.395655737672
2573.3,248.1087704918181
2573.4,235.0944354838321
2573.5,232.28256410257168
2573.6,238.9776744186017
2573.7,236.26333333339207
2573.8,178.13512820506946
2573.9,214.7844881889924
2574.0,205.4211570248233
2574.1,215.71239669416863
2574.2,253.33008064516255
2574.3,241.93247933884615
2574.4,244.0151239669418
2574.5,301.69271186435293
2574.6,270.6796774193935
2574.7,238.91841269835996
2574.8,276.30779661009893
2574.9,222.43491525418747
2575.0,244.2961344537538
2575.1,277.76341880339925
2575.2,275.22315789475715
2575.3,241.00789915957247
2575.4,217.56147540985535
2575.5,241.25702479339384
2575.6,246.39752066115372
2575.7,196.43387096775967
2575.8,199.76570247950087
2575.9,228.70680672269324
2576.0,237.04294117645725
2576.1,268.3266666667077
2576.2,251.99333333339396
2576.3,235.7608695651924
2576.4,267.463966942179
2576.5,255.92408000004903
2576.6,210.9106611569726
2576.7,239.47632812492745
2576.8,261.2028906250571
2576.9,212.78042735035723
2577.0,207.5493548387262
2577.1,238.96770491802664
2577.2,255.7880341880524
2577.3,249.7025641025464
2577.4,233.88776859502013
2577.5,239.58170940169668
2577.6,219.59188034193335
2577.7,208.7847826086393
2577.8,235.25512195122232
2577.9,245.0777419354465
2578.0,287.52129032257443
2578.1,254.2460655737549
2578.2,220.58382608698213
2578.3,244.10241379320573
2578.4,281.7212173912274
2578.5,213.7231404959128
2578.6,241.58264462809709
2578.7,251.1909836065318
2578.8,242.2167200000066
2578.9,228.43461538461855
2579.0,225.78770491804693
2579.1,244.07304687502312
2579.2,266.53398437497526
2579.3,262.1921739130352
2579.4,258.6817094017102
2579.5,256.8530769230769
2579.6,252.0576521739141
2579.7,252.2083478260808
2579.8,257.96486956522034
2579.9,239.64374999996525
2580.0,240.3411764705955
2580.1,246.3971794871747
2580.2,250.3939999999841
2580.3,253.8208547008429
2580.4,248.2008695652152
2580.5,253.24434782608972
2580.6,148.55155737732
2580.7,95.69416666672164
2580.8,87.69625000000218
2580.9,93.13572649573456
2581.0,116.8799999998034
2581.1,229.8799999999151
2581.2,242.0292499999969
2581.3,248.49066115704363
2581.4,246.0469491525241
2581.5,237.5805172413761
2581.6,234.95556521739135
2581.7,233.8459130434738
2581.8,235.37634782609092
2581.9,234.056666666662
2582.0,232.50404958677453
2582.1,232.64406779661115
2582.2,233.6929914529921
2582.3,232.56842105263053
2582.4,231.97192982456116
2582.5,169.6405217390399
2582.6,179.07355932198692
2582.7,211.10608695642168
2582.8,217.5490476190241
2582.9,198.26488000000757
2583.0,191.5768800000136
2583.1,191.60387931034452
2583.2,206.99610169485456
2583.3,261.9610344828054
2583.4,255.81403508775168
2583.5,216.0591666666054
2583.6,247.9739344263296
2583.7,155.4001639344918
2583.8,168.14534482765103
2583.9,228.691810344998
2584.0,251.99573913043287
2584.1,246.8140000000016
2584.2,250.91268292681852
2584.3,261.96479338827885
2584.4,203.7747107437492
2584.5,186.88857142858373
2584.6,205.0223931623648
2584.7,230.2104310344709
2584.8,230.53155172403055
2584.9,206.70743589747732
2585.0,226.94183333333035
2585.1,233.533499999997
2585.2,269.6163478259641
2585.3,259.2364957264376
2585.4,239.85710743801323
2585.5,232.82504132231892
2585.6,214.13266666670253
2585.7,194.4160000000359
2585.8,195.23098360656843
2585.9,215.37488372095143
2586.0,232.94380165289363
2586.1,228.78222222221257
2586.2,209.6711111111497
2586.3,196.5942857142857
2586.4,215.0590833333128
2586.5,280.85849999993354
2586.6,308.21090909105163
2586.7,212.2545454544181
2586.8,255.70909090908765
2586.9,176.10139344261268
2587.0,171.243361344496
2587.1,221.11685950405092
2587.2,261.6027419354969
2587.3,242.1440163934515
2587.4,249.8243442623068
2587.5,241.4923966942127
2587.6,215.26116666668267
2587.7,191.05932203390387
2587.8,193.7048275863435
2587.9,231.9027118644594
2588.0,253.93661016945077
2588.1,191.97846153853635
2588.2,191.79175999996485
2588.3,205.85375000000167
2588.4,220.57379310343737
2588.5,284.2456666667375
2588.6,206.38733333340417
2588.7,231.25705882341052
2588.8,200.61429687485355
2588.9,156.85593220339365
2589.0,170.9396774192358
2589.1,233.3590322579913
2589.2,258.52628099167185
2589.3,242.13919354832933
2589.4,232.1891525423945
2589.5,228.2689256197908
2589.6,196.32909090909604
2589.7,183.86628099176176
2589.8,229.441774193701
2589.9,251.013000000004
2590.0,242.5964406780049
2590.1,220.7382051282242
2590.2,210.8748717948629
2590.3,228.4646153846421
2590.4,257.7282456140423
2590.5,256.2868000000068
2590.6,246.1695652173977
2590.7,233.17563025211453
2590.8,213.5881034482158
2590.9,184.61224137933985
2591.0,211.45706896552565
2591.1,237.11603305781864
2591.2,237.35967213116575
2591.3,224.13215189868816
2591.4,209.04987341767983
2591.5,193.37426086956336
2591.6,223.34957627114125
2591.7,261.90526315783774
2591.8,250.4179199998767
2591.9,196.5966942149083
2592.0,247.0760330577981
2592.1,174.35042016802788
2592.2,159.86779661015572
2592.3,205.2064406779832
2592.4,250.63034482758533
2592.5,252.072881355935
2592.6,247.92528925623583
2592.7,222.34677685958488
2592.8,196.84519999999077
2592.9,205.66379310343336
2593.0,241.9674399999448
2593.1,271.5715833333824
2593.2,247.57991666671575
2593.3,237.2652941176428
2593.4,224.9788372093041
2593.5,229.05965217391864
2593.6,247.5257142857143
2593.7,261.2617741935468
2593.8,261.97951612903444
2593.9,237.34235294113688
2594.0,214.3895901639157
2594.1,211.99296610171345
2594.2,217.53521008403
2594.3,190.32220338988893
2594.4,211.97474576276196
2594.5,232.6092307692308
2594.6,212.68252173912907
2594.7,216.0606349206035
2594.8,233.24591304345188
2594.9,233.63780487822012
2595.0,296.2719512196025
2595.1,253.5714399999748
2595.2,220.53452380956276
2595.3,200.78448275860575
2595.4,195.43302521008545
2595.5,205.6879310345087
2595.6,191.912068965554
2595.7,218.9167796609228
2595.8,239.81000000001887
2595.9,235.2279661016797
2596.0,212.6781967212974
2596.1,202.65982456144732
2596.2,262.8539130434692
2596.3,280.5495652174102
2596.4,234.35855932201457
2596.5,241.0545762711851
2596.6,213.0640000000201
2596.7,160.48900826444262
2596.8,192.09892561999104
2596.9,266.3881818182125
2597.0,258.1595967741773
2597.1,241.09688524591868
2597.2,231.98349999999863
2597.3,223.34245762705996
2597.4,187.17750000002175
2597.5,206.32750000002176
2597.6,252.34999999996705
2597.7,257.6315789474075
2597.8,222.39111111098225
2597.9,200.94240000010348
2598.0,230.9575206611549
2598.1,229.93272727272685
2598.2,260.2271074379729
2598.3,248.2254545454013
2598.4,235.118225806462
2598.5,227.11887999990495
2598.6,158.3748799999675
2598.7,149.99385964912793
2598.8,178.01103448286204
2598.9,228.34310344840247
2599.0,248.18999999999235
2599.1,221.8213559322636
2599.2,189.28612903219977
2599.3,229.0280645162806
2599.4,130.18166666650103
2599.5,91.95330645160912
2599.6,89.93024590163928
2599.7,89.55560975609815
2599.8,89.34422764227632
2599.9,89.25306451612893
2600.0,89.11084745762695
2600.1,89.02085470085473
2600.2,88.89147826087003
2600.3,88.68
2600.4,88.66595041322284
2600.5,88.5254545454545
2600.6,88.53243697478987
2600.7,88.53391304347828
2600.8,88.4375630252097
2600.9,88.35504347826095
2601.0,88.39278688524578
2601.1,88.31081967213132
2601.2,88.32663865546218
2601.3,75.48483870964209
2601.4,69.18826446280987
2601.5,69.97008264462823
2601.6,69.7046666666667
2601.7,69.7379999999999
2601.8,69.62719999999995
2601.9,69.54361344537806
2602.0,69.54688524590168
2602.1,69.57088000000022
2602.2,69.469756097561
2602.3,69.46162601626015
2602.4,69.46
2602.5,69.31
2602.6,69.17722689075622
2602.7,69.23844827586198
2602.8,69.35421052631548
2602.9,69.25771929824543
2603.0,69.21134453781514
2603.1,69.32463414634118
2603.2,69.30754098360698
2603.3,69.19796610169527
2603.4,69.30916666666646
2603.5,69.20083333333353
2603.6,69.15869565217396
2603.7,68.99482758620725
2603.8,69.01681034482796
2603.9,69.12
2604.0,69.05586206896581
2604.1,68.81701754385948
2604.2,68.90473684210498
2604.3,68.9022950819672
2604.4,68.87024793388427
2604.5,68.91483050847452
2604.6,69.0028695652174
2604.7,68.9842857142857
2604.8,68.84142857142821
2604.9,68.82263157894734
2605.0,68.87483870967733
2605.1,68.84786324786339
2605.2,68.84436974789898
2605.3,68.9085931558935
2605.4,68.86296577946766
2605.5,68.81733840304183
2605.6,68.8
2605.7,68.76034482758635
2605.8,68.70508474576275
2605.9,68.73356521739147
2606.0,68.846608695652
2606.1,68.8415652173913
2606.2,68.72479338843002
2606.3,68.59065040650391
2606.4,68.55871794871807
2606.5,68.68534482758643
2606.6,68.7918103448274
2606.7,68.62801724137925
2606.8,68.61
2606.9,68.64913043478268
2607.0,68.61871794871787
2607.1,68.54794871794869
2607.2,68.53344262295072
2607.3,68.58564417177605
2607.4,67.72674846625542
2607.5,67.70729508196801
2607.6,68.64508196721337
2607.7,68.51393442622972
2607.8,67.20260869565206
2607.9,68.0821052631604
2608.0,68.4667826086956
2608.1,68.44303278688524
2608.2,68.4121138211383
2608.3,68.2740336134455
2608.4,68.32445378151263
2608.5,68.53941176470549
2608.6,68.53789699570837
2608.7,68.43489270386284
2608.8,68.33890756302503
2608.9,68.28327868852463
2609.0,68.35704918032793
2609.1,68.25685950413231
2609.2,68.30862903225801
2609.3,68.31819672131127
2609.4,68.2108474576271
2609.5,68.09551181102353
2609.6,68.41834645669265
2609.7,68.32762711864427
2609.8,68.20686956521727
2609.9,68.16
2610.0,68.21016949152518
2610.1,68.32150793650791
2610.2,68.32944444444443
2610.3,68.16090909090867
2610.4,68.2023076923077
2610.5,68.22302521008405
2610.6,68.24315789473692
2610.7,68.33076923076938
2610.8,68.1069930069924
2610.9,68.03299145299144
2611.0,68.05234782608696
2611.1,68.13222222222217
2611.2,68.16043478260902
2611.3,68.03153846153869
2611.4,68.10846153846158
2611.5,68.03887096774184
2611.6,68.05162393162391
2611.7,68.09478260869561
2611.8,68.10189655172398
2611.9,68.05898305084736
2612.0,68.0226890756302
2612.1,68.0563025210084
2612.2,68.06
2612.3,68.01617391304333
2612.4,68.01724137931053
2612.5,68.02504132231387
2612.6,67.92391304347815
2612.7,68.14130434782533
2612.8,67.95474576271175
2612.9,67.90365853658537
2613.0,67.9
2613.1,67.88935483870969
2613.2,67.86307692307692
2613.3,67.89726495726504
2613.4,67.84588235294105
2613.5,67.83949579831946
2613.6,67.90695652173912
2613.7,67.9384126984128
2613.8,67.9066666666666
2613.9,67.80859504132218
2614.0,67.78357723577236
2614.1,67.80715447154473
2614.2,67.8
2614.3,67.8
2614.4,67.64139130434752
2614.5,67.74382608695646
2614.6,67.8055462184874
2614.7,67.83043478260866
2614.8,67.8466666666666
2614.9,67.78931034482729
2615.0,67.61689655172397
2615.1,67.57689655172413
2615.2,67.72462184873916
2615.3,67.82584745762719
2615.4,67.83504347826086
2615.5,67.75156521739163
2615.6,67.58333333333323
2615.7,67.68589743589708
2615.8,67.6074999999998
2615.9,67.57413793103446
2616.0,67.58664000000005
2616.1,67.61
2616.2,67.61
2616.3,67.61
2616.4,67.64869565217396
2616.5,67.72434782608688
2616.6,67.7143646408842
2616.7,67.63701657458594
2616.8,67.61376
2616.9,67.61
2617.0,67.61
2617.1,67.6176923076923
2617.2,67.65615384615376
2617.3,67.62153846153846
2617.4,67.64067226890758
2617.5,67.66
2617.6,67.64260869565223
2617.7,67.61
2617.8,67.61
2617.9,67.50743589743576
2618.0,67.56362903225798
2618.1,67.6
2618.2,67.54940170940205
2618.3,67.43304347826086
2618.4,67.4070833333335
2618.5,67.54875000000015
2618.6,67.57
2618.7,67.62206611570221
2618.8,67.55888888888873
2618.9,67.39199999999997
2619.0,67.36
2619.1,67.36
2619.2,67.50663793103391
2619.3,67.4607999999999
2619.4,67.36
2619.5,67.36542372881358
2619.6,67.39932203389833
2619.7,67.4
2619.8,67.37520661157018
2619.9,67.3376859504132
2620.0,67.32309523809522
2620.1,67.3624561403509
2620.2,67.3975438596491
2620.3,67.36950819672128
2620.4,67.36
2620.5,67.36
2620.6,67.36
2620.7,67.36
2620.8,67.36
2620.9,67.38929133858268
2621.0,67.4
2621.1,67.38295081967213
2621.2,67.36
2621.3,67.35917355371899
2621.4,67.35090909090908
2621.5,67.3570634920635
2621.6,67.19017391304355
2621.7,67.12124999999958
2621.8,67.20347826086953
2621.9,67.0412903225809
2622.0,67.26709677419399
2622.1,67.31
2622.2,67.18391304347854
2622.3,67.08132231404963
2622.4,67.1534399999999
2622.5,67.30543999999976
2622.6,67.15768595041317
2622.7,67.23645161290302
2622.8,67.22555555555515
2622.9,67.10643410852705
2623.0,67.08049999999976
2623.1,67.25549999999976
2623.2,67.16016393442638
2623.3,67.21406504065087
2623.4,67.22589743589722
2623.5,67.06793103448277
2623.6,67.05394957983206
2623.7,66.97831932773109
2623.8,66.97
2623.9,66.99817460317462
2624.0,67.03956521739129
2624.1,67.09268907563012
2624.2,67.14787401574806
2624.3,67.03763779527517
2624.4,67.05471074380173
2624.5,67.04418032786887
2624.6,67.00291666666676
2624.7,66.99491525423699
2624.8,67.11
2624.9,67.11
2625.0,67.0733620689655
2625.1,67.03578947368423
2625.2,66.99708333333338
2625.3,66.98470588235305
2625.4,67.02384000000002
2625.5,67.04784
2625.6,67.05777777777776
2625.7,67.05388429752067
2625.8,67.03696721311469
2625.9,67.02
2626.0,67.02
2626.1,67.02
2626.2,67.04966666666657
2626.3,67.06
2626.4,67.03991803278687
2626.5,67.01225000000001
2626.6,67.02177966101696
2626.7,67.04720338983051
2626.8,67.02774999999995
2626.9,67.0378448275862
2627.0,67.04565573770492
2627.1,67.03500000000003
2627.2,67.02
2627.3,67.02
2627.4,66.90879310344795
2627.5,66.86401709401709
2627.6,66.82313043478263
2627.7,66.78
2627.8,66.78
2627.9,66.78024793388435
2628.0,66.80504132231405
2628.1,66.8169565217391
2628.2,66.80300653594779
2628.3,66.77899159663865
2628.4,66.77058823529411
2628.5,66.77794871794872
2628.6,66.78
2628.7,66.79739130434776
2628.8,66.80861788617877
2628.9,66.78
2629.0,66.78
2629.1,66.78
2629.2,66.78695652173911
2629.3,66.82
2629.4,66.82
2629.5,66.82
2629.6,66.81475
2629.7,66.79925000000007
2629.8,66.78793103448281
2629.9,66.82
2630.0,66.82
2630.1,66.78957264957272
2630.2,66.75049180327879
2630.3,66.76688524590182
2630.4,66.81042735042728
2630.5,66.78
2630.6,66.78
2630.7,66.8519999999998
2630.8,66.80919999999998
2630.9,66.77435897435898
2631.0,66.7887931034483
2631.1,66.81
2631.2,66.81
2631.3,66.8177966101695
2631.4,66.82
2631.5,66.77344827586211
2631.6,66.76034482758612
2631.7,66.81231404958676
2631.8,66.82
2631.9,66.82
2632.0,66.79166666666663
2632.1,66.74879999999997
2632.2,66.75418803418795
2632.3,66.81239669421483
2632.4,66.78
2632.5,66.78
2632.6,66.67016949152561
2632.7,66.69559999999957
2632.8,66.77304
2632.9,66.78324999999998
2633.0,66.80824999999999
2633.1,66.77950819672132
2633.2,66.67290598290626
2633.3,66.5960344827586
2633.4,66.5766956521739
2633.5,66.61200000000017
2633.6,66.76644067796641
2633.7,66.59694915254275
2633.8,66.58
2633.9,66.58
2634.0,66.56033333333333
2634.1,66.55268292682919
2634.2,66.57867768595044
2634.3,66.57041322314046
2634.4,66.73764705882378
2634.5,66.65008547008564
2634.6,66.58
2634.7,66.65104347826045
2634.8,66.7167768595037
2634.9,66.47291666666602
2635.0,65.51458333333268
2635.1,66.35822580644952
2635.2,66.65024793388461
2635.3,66.51999999999987
2635.4,66.49403508771937
2635.5,66.58344827586198
2635.6,66.7558620689653
2635.7,66.60052173913054
2635.8,66.54
2635.9,66.62233333333363
2636.0,66.68096774193535
2636.1,66.54
2636.2,66.54
2636.3,66.56121951219518
2636.4,66.55386554621843
2636.5,66.53268292682927
2636.6,66.50508474576274
2636.7,66.44336134453773
2636.8,66.52739495798332
2636.9,66.59219298245615
2637.0,66.58530434782607
2637.1,66.55655999999999
2637.2,66.53743801652894
2637.3,66.53330578512404
2637.4,66.56636363636365
2637.5,66.57712
2637.6,66.55355371900835
2637.7,66.53352459016392
2637.8,66.53173228346449
2637.9,66.49236220472434
2638.0,66.5294957983193
2638.1,66.55859504132225
2638.2,66.52537190082661
2638.3,66.4890909090911
2638.4,66.53804878048778
2638.5,66.52178861788617
2638.6,66.48888111888114
2638.7,66.45921875000005
2638.8,66.44
2638.9,66.44047619047618
2639.0,66.46428571428572
2639.1,66.47666666666667
2639.2,66.53344827586199
2639.3,66.54491525423705
2639.4,66.49
2639.5,66.49560344827583
2639.6,66.53870689655166
2639.7,66.49854700854702
2639.8,66.49
2639.9,66.4672388059701
2640.0,66.44
2640.1,66.4347154471545
2640.2,66.39406504065049
2640.3,66.39
2640.4,66.47237704918045
2640.5,66.48467213114759
2640.6,66.4090082644626
2640.7,66.48983050847457
2640.8,66.48135593220336
2640.9,66.41426086956513
2641.0,65.94905325443779
2641.1,65.31
2641.2,65.88142857142712
2641.3,66.3709090909091
2641.4,66.19735537190047
2641.5,66.38160000000032
2641.6,66.44888888888889
2641.7,66.36066115702522
2641.8,66.28572580645177
2641.9,66.44974576271186
2642.0,66.44127118644067
2642.1,66.25428571428586
2642.2,66.33052631578899
2642.3,66.44
2642.4,66.44771929824559
2642.5,66.47379310344843
2642.6,66.39620689655193
2642.7,66.49557377049153
2642.8,66.34065573770424
2642.9,66.20780487804882
2643.0,66.21166666666663
2643.1,66.17839999999997
2643.2,66.1464
2643.3,66.19760000000028
2643.4,66.18769230769216
2643.5,66.15216000000001
2643.6,66.18666666666662
2643.7,66.23794871794853
2643.8,66.3870967741938
2643.9,66.26161290322588
2644.0,66.15586776859502
2644.1,66.18219512195122
2644.2,66.19098360655735
2644.3,66.2155737704918
2644.4,66.16622950819674
2644.5,66.14
2644.6,66.1682644628099
2644.7,66.23136
2644.8,66.23936
2644.9,66.19438016528925
2645.0,66.21034188034191
2645.1,66.20750000000004
2645.2,66.18
2645.3,66.17803278688515
2645.4,66.14524590163936
2645.5,66.16687999999995
2645.6,66.2235245901638
2645.7,66.23810344827602
2645.8,66.19715517241404
2645.9,66.32213675213679
2646.0,66.36487179487173
2646.1,66.26268292682963
2646.2,66.24663934426216
2646.3,66.27
2646.4,66.22833333333324
2646.5,66.06166666666701
2646.6,66.26286885245868
2646.7,66.24688524590174
2646.8,66.16564516129017
2646.9,66.09708333333334
2647.0,66.06991803278687
2647.1,66.16008196721313
2647.2,66.05422764227654
2647.3,66.14538461538493
2647.4,66.22869565217388
2647.5,66.18547008547007
2647.6,66.15720338983044
2647.7,66.19957627118636
2647.8,66.09093220338958
2647.9,66.06357142857142
2648.0,66.12707317073148
2648.1,66.23151260504187
2648.2,66.28040983606566
2648.3,66.2066393442623
2648.4,66.17040650406497
2648.5,66.16
2648.6,66.14050847457634
2648.7,66.09833333333341
2648.8,66.06562500000018
2648.9,66.13593750000004
2649.0,66.21504065040642
2649.1,66.160495867769
2649.2,66.12461538461481
2649.3,66.24191304347796
2649.4,66.10034188034187
2649.5,66.1088888888889
2649.6,66.11
2649.7,66.04684210526348
2649.8,66.0352173913044
2649.9,66.04193277310922
2650.0,66.03847457627107
2650.1,66.15052631578946
2650.2,66.15929824561401
2650.3,66.23863247863274
2650.4,66.07567796610164
2650.5,66.05409836065553
2650.6,66.12418032786893
2650.7,66.06426229508193
2650.8,66.09704918032787
2650.9,66.10771186440677
2651.0,66.05785714285722
2651.1,65.98642857142868
2651.2,66.03026086956515
2651.3,66.03479674796735
2651.4,66.07123966942179
2651.5,66.15756097560971
2651.6,65.92178861788643
2651.7,66.10628099173496
2651.8,66.1539837398374
2651.9,66.09147540983608
2652.0,66.02239316239314
2652.1,75.66931034460157
2652.2,155.74689655143533
2652.3,186.3762068965562
2652.4,215.82333333336564
2652.5,232.56450000001456
2652.6,212.85482758613415
2652.7,188.47973913042688
2652.8,243.17931034477337
2652.9,211.75689655169455
2653.0,271.41932203393253
2653.1,262.0826315789617
2653.2,247.18882352942637
2653.3,274.101428571558
2653.4,301.0845599997379
2653.5,213.55174603185148
2653.6,265.7263492063228
2653.7,248.0762500000465
2653.8,237.9673913043747
2653.9,260.30118644067284
2654.0,280.312068965534
2654.1,253.8866086956816
2654.2,231.33008695652887
2654.3,244.5677777778117
2654.4,231.9445454545444
2654.5,221.43752941174623
2654.6,233.7728235293768
2654.7,219.1489898990707
2654.8,195.05303030300703
2654.9,223.3318181818013
2655.0,249.36079999998256
2655.1,256.71285714285784
2655.2,256.8653846153721
2655.3,269.2500000000125
2655.4,241.3677310923632
2655.5,267.695304347865
2655.6,271.5072881356298
2655.7,242.4258823529532
2655.8,242.9940983606918
2655.9,280.207213114804
2656.0,261.2938842975257
2656.1,225.62785123974712
2656.2,220.6563333332573
2656.3,237.4159999999876
2656.4,226.18233082700365
2656.5,182.61842105269412
2656.6,213.41350877177857
2656.7,243.55959677413736
2656.8,284.2047863248587
2656.9,315.3096551725203
2657.0,224.76815126053071
2657.1,208.9950420168061
2657.2,249.41224137928805
2657.3,246.64262295078947
2657.4,240.98124999999783
2657.5,248.11674603174623
2657.6,248.71537190079604
2657.7,219.82280991737383
2657.8,255.373000000174
2657.9,264.4093548386872
2658.0,238.3299159664253
2658.1,207.61798387090465
2658.2,234.5131451612469
2658.3,241.9379032258072
2658.4,202.69142857139636
2658.5,202.19770491801177
2658.6,240.70907563020765
2658.7,259.6996799999923
2658.8,269.23568000002706
2658.9,229.81199999987425
2659.0,209.42983050847585
2659.1,248.3366101692792
2659.2,275.2867796612985
2659.3,198.4366956522604
2659.4,255.98452173927384
2659.5,258.1698260869558
2659.6,212.22300000005004
2659.7,219.71739130422807
2659.8,248.42632478633743
2659.9,251.1674796747664
2660.0,231.59852459016415
2660.1,232.5821311475416
2660.2,245.62984251968825
2660.3,253.84368421054083
2660.4,257.9692000000125
2660.5,255.61487603301012
2660.6,227.4
2660.7,251.99504132227247
2660.8,254.3949999999892
2660.9,251.063859649114
2661.0,243.6554237288094
2661.1,236.79939655167613
2661.2,250.85070175439537
2661.3,248.28929824560464
2661.4,250.4614634146409
2661.5,246.1858333333361
2661.6,246.32360655736147
2661.7,251.91882352940988
2661.8,252.55663865546188
2661.9,251.7415126050403
2662.0,248.6729310344776
2662.1,247.47700000000063
2662.2,246.19931034483477
2662.3,246.9439823008885
2662.4,249.94860655737267
2662.5,242.58743589723872
2662.6,112.5019658120973
2662.7,89.27700854702917
2662.8,88.53636363636619
2662.9,110.21791304353502
2663.0,167.3210434782307
2663.1,237.54593220339143
2663.2,241.69
2663.3,251.9160869565379
2663.4,251.74267241379212
2663.5,239.5231578947469
2663.6,232.79655462184527
2663.7,234.2001694915209
2663.8,235.7916949152556
2663.9,239.19
2664.0,242.1900000000041
2664.1,239.8823684210506
2664.2,237.37862068965583
2664.3,236.659568965519
2664.4,213.8519672130076
2664.5,164.88249999996845
2664.6,192.63249999996847
2664.7,228.00016528915808
2664.8,238.81639344262632
2664.9,229.1746666666295
2665.0,207.65245901637567
2665.1,193.58249999983207
2665.2,267.40749999983217
2665.3,283.56692307692305
2665.4,257.87016000005224
2665.5,252.0384297520414
2665.6,254.02707317070727
2665.7,185.7048275861553
2665.8,240.5755172415342
2665.9,260.41133333337444
2666.0,256.48174603173305
2666.1,238.0661290322619
2666.2,213.476610169497
2666.3,195.68
2666.4,208.60682926832376
2666.5,196.28440677966717
2666.6,211.0036799998999
2666.7,229.48533333339972
2666.8,211.50557377049145
2666.9,211.2596721311471
2667.0,193.31140495867257
2667.1,229.12521367509564
2667.2,269.55196721303986
2667.3,281.72247999997654
2667.4,266.8437606837562
2667.5,258.0403418803597
2667.6,169.10869565230934
2667.7,216.92564102534885
2667.8,277.1574193548687
2667.9,289.4427868852012
2668.0,263.530000000007
2668.1,267.53000000000486
2668.2,246.983478260904
2668.3,220.2818644067246
2668.4,199.73827586204905
2668.5,203.6155652173856
2668.6,235.801999999951
2668.7,254.00199999993444
2668.8,211.11974358964292
2668.9,224.66064000005207
2669.0,233.61067796609208
2669.1,252.3192173912938
2669.2,289.3474782610411
2669.3,220.6558974359781
2669.4,247.2541880342015
2669.5,190.7509677418767
2669.6,176.06888888888213
2669.7,198.27830508468207
2669.8,228.07390243907184
2669.9,250.5651199999921
2670.0,237.7811200000037
2670.1,230.6473770491812
2670.2,213.1660330578768
2670.3,221.4986086957339
2670.4,271.9030769230667
2670.5,285.2011206896284
2670.6,242.5028448275929
2670.7,245.0221551724072
2670.8,190.46421487587224
2670.9,208.8905000001338
2671.0,280.7047154471737
2671.1,295.5516935484056
2671.2,261.9307258065687
2671.3,231.7064999999797
2671.4,208.2875609756135
2671.5,203.160256410252
2671.6,208.09400000000687
2671.7,190.4236521738559
2671.8,205.47582608698272
2671.9,237.5634482758989
2672.0,224.8733333333333
2672.1,213.98598290598457
2672.2,225.82491525413937
2672.3,252.89800000002504
2672.4,268.3592173912096
2672.5,203.6026956522712
2672.6,249.7719999999686
2672.7,257.48389830508586
2672.8,198.6217241376452
2672.9,197.650645161418
2673.0,268.6048387096852
2673.1,258.0
2673.2,237.06451612909368
2673.3,255.5420338983241
2673.4,253.25968749996636
2673.5,224.3687931033772
2673.6,201.8734426229987
2673.7,255.3980327867536
2673.8,256.139159663866
2673.9,212.75406504058824
2674.0,192.55833333334
2674.1,212.5957851239245
2674.2,241.54324999999292
2674.3,303.46825000003986
2674.4,262.9018548386628
2674.5,240.3055371900824
2674.6,224.94203252036536
2674.7,203.2906779661041
2674.8,201.7837499999689
2674.9,182.24208333330225
2675.0,220.04793103452937
2675.1,236.59305084745776
2675.2,222.4629914530209
2675.3,204.3187603305852
2675.4,211.53169354838369
2675.5,234.9107258064653
2675.6,259.3117355371707
2675.7,221.9231578948861
2675.8,217.09966666676613
2675.9,249.03016806720805
2676.0,226.89077586211624
2676.1,166.5890517242325
2676.2,227.0672649572475
2676.3,239.89632478632475
2676.4,245.56000000000756
2676.5,253.75294117646467
2676.6,249.9362068966267
2676.7,219.8629752067021
2676.8,188.5985123965779
2676.9,253.44093220338425
2677.0,253.0591379310768
2677.1,251.60586206892893
2677.2,263.9274590163674
2677.3,254.659749999838
2677.4,176.91550000013413
2677.5,242.4655000001341
2677.6,256.92508196721144
2677.7,239.00050420178616
2677.8,227.34975609757927
2677.9,240.04316666662456
2678.0,221.82650000002693
2678.1,233.6787903225694
2678.2,218.83050847460044
2678.3,233.53750000016117
2678.4,241.3861788615954
2678.5,184.2860000000044
2678.6,187.50266666665885
2678.7,201.12705882351275
2678.8,253.82836065583237
2678.9,247.88225000001725
2679.0,210.27130081297827
2679.1,252.731333333362
2679.2,236.99800000002864
2679.3,183.92333333317464
2679.4,173.82404958679663
2679.5,205.52537190082043
2679.6,244.5765573770512
2679.7,242.6346666666761
2679.8,232.2513333332956
2679.9,228.3289999999988
2680.0,209.313057851228
2680.1,230.1773553719751
2680.2,284.3430894309375
2680.3,225.99349593481264
2680.4,252.6225210084149
2680.5,255.6142148760373
2680.6,203.83091666684183
2680.7,162.33694214868598
2680.8,187.2195294117675
2680.9,200.27247058822064
2681.0,229.15252173906856
2681.1,239.64631147544432
2681.2,187.27699999998535
2681.3,209.9770000000026
2681.4,120.43608333335622
2681.5,90.66299212598476
2681.6,90.02330708661464
2681.7,89.64641025641077
2681.8,89.39
2681.9,89.39
2682.0,89.17684210526288
2682.1,89.12974576271189
2682.2,89.08710743801662
2682.3,88.96068965517225
2682.4,88.88941176470574
2682.5,88.8011764705882
2682.6,88.69974358974378
2682.7,88.61619834710737
2682.8,88.63074380165207
2682.9,88.39933884297477
2683.0,88.38721311475406
2683.1,88.4
2683.2,86.35575000001073
2683.3,80.16689075628102
2683.4,69.94
2683.5,69.97906250000005
2683.6,69.96619834710742
2683.7,69.84967213114793
2683.8,69.70764227642275
2683.9,69.696842105263
2684.0,69.64421052631569
2684.1,69.6116923076923
2684.2,69.52826446281009
2684.3,69.39561983471053
2684.4,69.27833333333334
2684.5,69.32
2684.6,69.59966101694904
2684.7,69.43955752212473
2684.8,69.36570247933886
2684.9,69.33033057851225
2685.0,69.31239669421491
2685.1,69.45704918032793
2685.2,69.40786885245907
2685.3,69.10599999999873
2685.4,69.04819672131164
2685.5,69.16384615384617
2685.6,69.23851562499995
2685.7,69.15257812500013
2685.8,69.12554621848737
2685.9,69.11380952380952
2686.0,69.04066666666668
2686.1,68.93699186991878
2686.2,68.91949999999999
2686.3,69.13616666666681
2686.4,69.00927419354824
2686.5,68.81434782608711
2686.6,68.83820512820472
2686.7,69.0213793103448
2686.8,69.03033057851208
2686.9,68.91462809917344
2687.0,68.86199999999995
2687.1,68.82487603305786
2687.2,68.76600000000013
2687.3,68.73041884816769
2687.4,68.79848167539284
2687.5,68.86394736842118
2687.6,68.89770491803277
2687.7,68.85149999999985
2687.8,68.90150000000007
2687.9,68.8759836065573
2688.0,68.85511999999999
2688.1,68.85295081967213
2688.2,68.85537190082654
2688.3,68.82231404958665
2688.4,68.74051282051269
2688.5,68.27270833333323
2688.6,67.68416666666711
2688.7,68.29809917355176
2688.8,68.64123966942151
2688.9,68.63976000000007
2689.0,68.56559322033912
2689.1,68.48084745762729
2689.2,68.58724999999978
2689.3,68.59057377049173
2689.4,68.6129752066117
2689.5,68.64129032258066
2689.6,68.6149152542374
2689.7,68.57254237288149
2689.8,68.57
2689.9,68.59406504065042
2690.0,68.55288000000007
2690.1,68.27740740740836
2690.2,67.53666666666741
2690.3,67.94829059829274
2690.4,68.50624
2690.5,68.50177419354839
2690.6,68.50983870967742
2690.7,68.44520661157033
2690.8,68.39844262295068
2690.9,68.43909090909118
2691.0,68.49827586206894
2691.1,68.45593749999999
2691.2,68.37781250000016
2691.3,68.29307692307692
2691.4,68.3958620689653
2691.5,68.4006086956523
2691.6,68.32475000000001
2691.7,68.31225
2691.8,68.45432000000059
2691.9,68.43024999999986
2692.0,68.30796747967482
2692.1,68.27426229508193
2692.2,68.23327868852469
2692.3,68.33823529411764
2692.4,68.22515873015871
2692.5,68.19833333333345
2692.6,68.27573770491807
2692.7,68.12650406504021
2692.8,68.25658536585364
2692.9,68.30623999999996
2693.0,68.27
2693.1,68.22
2693.2,68.22737704918028
2693.3,68.27655737704937
2693.4,68.1136585365849
2693.5,68.13398373983755
2693.6,68.18210084033613
2693.7,68.15861788617896
2693.8,68.11566929133849
2693.9,68.0290551181102
2694.0,68.11173913043494
2694.1,68.11463999999992
2694.2,68.02452991452998
2694.3,67.96559322033931
2694.4,68.131551724138
2694.5,68.18327586206901
2694.6,68.12736000000001
2694.7,68.12540983606547
2694.8,68.13333333333334
2694.9,68.06551724137934
2695.0,67.90834782608678
2695.1,68.1170434782609
2695.2,68.07754385964918
2695.3,67.9574358974357
2695.4,67.97073170731704
2695.5,68.01573426573441
2695.6,67.91783216783243
2695.7,67.87034482758635
2695.8,67.85333333333332
2695.9,67.85539130434782
2696.0,67.879262295082
2696.1,67.89983739837395
2696.2,67.86
2696.3,67.86
2696.4,67.8528813559322
2696.5,67.82743589743592
2696.6,67.81
2696.7,67.83758620689629
2696.8,67.90354838709673
2696.9,67.86322580645154
2697.0,67.86
2697.1,67.88173913043475
2697.2,67.88713043478265
2697.3,67.86
2697.4,67.85758064516116
2697.5,67.81725806451612
2697.6,67.67446280991766
2697.7,67.73499999999953
2697.8,67.86
2697.9,67.82106557377011
2698.0,67.61614754098392
2698.1,67.76901639344243
2698.2,67.69970588235319
2698.3,67.62681034482767
2698.4,67.6499122807017
2698.5,67.6076724137931
2698.6,67.5818103448276
2698.7,67.57198275862069
2698.8,67.57
2698.9,67.63101694915251
2699.0,67.66375
2699.1,67.60525423728811
2699.2,67.5713559322035
2699.3,67.6014754098361
2699.4,67.58573770491797
2699.5,67.58612403100774
2699.6,67.61966386554612
2699.7,67.65686956521746
2699.8,67.57860869565212
2699.9,67.59991596638662
2700.0,67.58586206896545
2700.1,67.57
2700.2,67.60999999999984
2700.3,67.67620689655173
2700.4,67.60867768595044
2700.5,67.5756198347107
2700.6,67.59634920634919
2700.7,67.59131147540988
2700.8,67.57875000000004
2700.9,67.57500000000019
2701.0,67.40833333333353
2701.1,67.5380341880342
2701.2,67.57672413793102
2701.3,67.57456140350874
2701.4,67.57
2701.5,67.5339830508473
2701.6,67.40983471074388
2701.7,67.55033057851223
2701.8,67.57
2701.9,67.4450862068966
2702.0,67.4551282051282
2702.1,67.50538461538461
2702.2,67.32560344827625
2702.3,67.15525000000028
2702.4,67.33025000000028
2702.5,67.36
2702.6,67.33241379310351
2702.7,67.31
2702.8,67.32696721311488
2702.9,67.4
2703.0,67.4
2703.1,67.33975206611565
2703.2,67.31
2703.3,67.31
2703.4,67.31708333333343
2703.5,67.35874999999994
2703.6,67.39206611570249
2703.7,67.34439024390245
2703.8,67.31
2703.9,67.31
2704.0,67.31
2704.1,67.31
2704.2,67.31
2704.3,67.29666666666661
2704.4,67.27703999999997
2704.5,67.30903999999995
2704.6,67.35008264462812
2704.7,67.36
2704.8,67.33715517241365
2704.9,67.28104347826073
2705.0,67.23736842105258
2705.1,67.31327868852452
2705.2,67.35426229508191
2705.3,67.32416666666654
2705.4,67.20090909090875
2705.5,67.18692307692308
2705.6,67.30118110236226
2705.7,67.26795081967263
2705.8,67.06303278688475
2705.9,67.2419834710747
2706.0,67.19967479674804
2706.1,67.06224137931017
2706.2,67.17008849557511
2706.3,67.22465517241403
2706.4,67.30224137931053
2706.5,67.05918032786906
2706.6,67.0261983471074
2706.7,67.08593220338979
2706.8,67.11
2706.9,67.10568965517231
2707.0,67.0625862068965
2707.1,67.06
2707.2,67.03366666666673
2707.3,67.03427419354846
2707.4,67.03823529411756
2707.5,67.01695652173916
2707.6,67.05991379310348
2707.7,67.0512931034483
2707.8,67.09322033898309
2707.9,67.05974999999995
2708.0,67.02
2708.1,67.02589743589736
2708.2,67.05
2708.3,67.05
2708.4,66.98754385964918
2708.5,66.97
2708.6,67.0063636363635
2708.7,67.05
2708.8,67.04384615384613
2708.9,67.00964912280695
2709.0,66.97456140350874
2709.1,66.99974358974355
2709.2,67.01583333333332
2709.3,67.0320967741936
2709.4,67.05222222222224
2709.5,67.06
2709.6,67.06
2709.7,67.0521186440678
2709.8,67.0300884955752
2709.9,66.94
2710.0,66.84722689075632
2710.1,66.85590551181062
2710.2,67.04488188976327
2710.3,66.99157024793386
2710.4,66.88198347107422
2710.5,66.90196721311484
2710.6,66.98500000000023
2710.7,66.86619047619058
2710.8,66.81857142857143
2710.9,66.94781512605059
2711.0,67.01520661157025
2711.1,66.94887096774195
2711.2,66.80564516129033
2711.3,66.78145161290318
2711.4,67.00886956521795
2711.5,66.91070866141693
2711.6,66.80206896551726
2711.7,66.78
2711.8,66.78626086956524
2711.9,66.81974137931033
2712.0,66.81112068965517
2712.1,66.81
2712.2,66.78788617886188
2712.3,66.78844262295087
2712.4,66.6674257425735
2712.5,66.00405940594119
2712.6,65.72737288135289
2712.7,66.86765217391327
2712.8,66.78939130434762
2712.9,66.78
2713.0,66.78
2713.1,66.78
2713.2,66.79815789473683
2713.3,66.70369747899116
2713.4,66.6532203389832
2713.5,66.8136842105263
2713.6,66.78099999999998
2713.7,66.80599999999998
2713.8,66.78983999999993
2713.9,66.80034482758627
2714.0,66.81655999999998
2714.1,66.80538461538461
2714.2,66.78
2714.3,66.78
2714.4,66.8085714285714
2714.5,66.8427586206896
2714.6,66.84275862068975
2714.7,66.75200000000063
2714.8,66.60896551724164
2714.9,66.81586206896561
2715.0,66.78561403508775
2715.1,66.80117647058817
2715.2,66.81541666666664
2715.3,66.80076923076915
2715.4,66.77
2715.5,66.7731304347826
2715.6,66.80791304347815
2715.7,66.78547826086962
2715.8,66.80611570247937
2715.9,66.82
2716.0,66.80620689655173
2716.1,66.78
2716.2,66.7652631578955
2716.3,66.5547368421045
2716.4,66.72446280991781
2716.5,66.68399999999976
2716.6,66.70455284552864
2716.7,66.81107692307693
2716.8,66.78030769230762
2716.9,66.57339130434792
2717.0,66.66767999999975
2717.1,66.68805687203806
2717.2,66.61696682464468
2717.3,66.55931034482748
2717.4,66.54355932203397
2717.5,66.57537190082641
2717.6,66.5423140495868
2717.7,66.5319827586207
2717.8,66.53675438596494
2717.9,66.54
2718.0,66.54
2718.1,66.54747967479668
2718.2,66.58
2718.3,66.54666666666665
2718.4,66.54
2718.5,66.57266666666672
2718.6,66.59847999999998
2718.7,66.56740157480316
2718.8,66.54377952755897
2718.9,66.56210526315796
2719.0,66.52130434782607
2719.1,66.52548387096769
2719.2,66.55949152542374
2719.3,66.5353719008266
2719.4,66.57669421487611
2719.5,66.49200000000009
2719.6,66.50982758620678
2719.7,66.53530434782607
2719.8,66.54
2719.9,66.54
2720.0,66.54199999999996
2720.1,66.56699999999995
2720.2,66.51982456140367
2720.3,66.46280701754382
2720.4,66.45565217391305
2720.5,66.51267241379318
2720.6,66.545
2720.7,66.4445217391304
2720.8,66.47930434782612
2720.9,66.43811965811959
2721.0,66.50681034482773
2721.1,66.50608695652178
2721.2,66.48413223140493
2721.3,66.50188524590165
2721.4,66.53649999999998
2721.5,66.48649999999996
2721.6,66.45170731707319
2721.7,66.4347967479675
2721.8,66.45016393442634
2721.9,66.49772357723586
2722.0,66.53837398373989
2722.1,66.30205128205166
2722.2,66.34339901477802
2722.3,66.46162561576367
2722.4,66.35121739130405
2722.5,66.3730508474579
2722.6,66.45271186440678
2722.7,66.4603252032518
2722.8,66.54
2722.9,66.54
2723.0,66.46967213114748
2723.1,66.45314049586777
2723.2,66.48291666666665
2723.3,66.49604838709689
2723.4,66.53637096774195
2723.5,66.50300813008135
2723.6,66.3729508196724
2723.7,66.35223140495835
2723.8,66.41918699186975
2723.9,66.22344262295074
2724.0,66.3955737704918
2724.1,66.46839999999996
2724.2,66.3240517241384
2724.3,66.14
2724.4,66.202608695652
2724.5,66.42033613445378
2724.6,66.20184873949626
2724.7,66.33619834710679
2724.8,66.32291666666667
2724.9,66.2256944444445
2725.0,66.18
2725.1,66.27256198347092
2725.2,66.41674796748019
2725.3,66.1891056910567
2725.4,66.35084745762721
2725.5,66.39
2725.6,66.28411764705905
2725.7,66.19722689075623
2725.8,66.22059829059815
2725.9,66.17838709677416
2726.0,66.146129032258
2726.1,66.14
2726.2,66.18031999999977
2726.3,66.29084745762718
2726.4,66.39275590551183
2726.5,66.15653543307101
2726.6,66.20917355371884
2726.7,66.20024793388436
2726.8,66.16756097560967
2726.9,66.15682926829275
2727.0,66.17834710743799
2727.1,66.14528925619837
2727.2,66.16731707317066
2727.3,66.15896551724133
2727.4,66.15906779661022
2727.5,66.18776859504132
2727.6,66.1901694915252
2727.7,66.35966101694885
2727.8,66.1472727272724
2727.9,66.26042735042783
2728.0,66.34162393162379
2728.1,66.25266129032258
2728.2,66.26073170731708
2728.3,66.26886178861791
2728.4,66.15533333333335
2728.5,66.22379310344795
2728.6,66.22379310344874
2728.7,66.15434782608659
2728.8,66.26785123966951
2728.9,66.30917355371903
2729.0,66.26882352941183
2729.1,66.16365853658539
2729.2,66.09178861788617
2729.3,66.13818181818249
2729.4,66.29463414634111
2729.5,66.08325203252025
2729.6,66.1741025641023
2729.7,66.14714285714302
2729.8,66.08504065040641
2729.9,66.09538461538477
2730.0,66.23350000000015
2730.1,66.12516666666681
2730.2,66.08008695652175
2730.3,66.10227272727282
2730.4,66.14772727272724
2730.5,66.1418103448276
2730.6,66.22315789473653
2730.7,66.14888888888933
2730.8,66.1164705882355
2730.9,66.15290598290589
2731.0,66.03504347826117
2731.1,66.24373913043446
2731.2,66.0897391304349
2731.3,66.15487603305817
2731.4,66.20521367521368
2731.5,66.11983606557392
2731.6,65.99291338582668
2731.7,66.1425196850392
2731.8,66.1422131147541
2731.9,66.05622950819676
2732.0,66.02508196721311
2732.1,66.09300813008129
2732.2,66.1911475409838
2732.3,66.04360655737652
2732.4,66.1095081967214
2732.5,66.10310924369743
2732.6,66.03968503937008
2732.7,66.00941176470569
2732.8,66.06823529411781
2732.9,66.16864406779688
2733.0,66.14700680272111
2733.1,66.09959349593503
2733.2,66.07743801652893
2733.3,66.16008264462835
2733.4,66.09065573770494
2733.5,65.98169491525444
2733.6,65.93983471074377
2733.7,65.9888372093023
2733.8,66.05860465116282
2733.9,66.17827586206893
2734.0,66.14279069767446
2734.1,109.35889830501242
2734.2,170.2176724137616
2734.3,195.67128205136035
2734.4,233.5898275862081
2734.5,231.08120689655487
2734.6,188.65035087731007
2734.7,193.93181818178547
2734.8,221.2957500000676
2734.9,255.1559016393391
2735.0,292.925454545451
2735.1,245.65272727280365
2735.2,217.02130081308528
2735.3,204.50712707182112
2735.4,199.30270718232424
2735.5,214.00322580644615
2735.6,228.77586206895973
2735.7,244.54344827583677
2735.8,253.21186440672471
2735.9,235.6298387097028
2736.0,248.4282258064394
2736.1,252.23152542372483
2736.2,239.05832335333636
2736.3,219.031344537864
2736.4,243.1657983193259
2736.5,235.9958333333397
2736.6,257.0023140495229
2736.7,263.66779141117314
2736.8,218.7843558281908
2736.9,258.4629411765847
2737.0,263.6036885245717
2737.1,231.163658536642
2737.2,205.69573770496172
2737.3,191.73672131145045
2737.4,231.08516129043227
2737.5,250.81103448277688
2737.6,251.66252100839895
2737.7,228.00975000004053
2737.8,182.24844262310748
2737.9,227.9287704918067
2738.0,236.7103305785033
2738.1,205.7116666667724
2738.2,198.18074380155488
2738.3,224.33683760684585
2738.4,236.52540983607165
2738.5,240.8204918032704
2738.6,241.93999999999824
2738.7,230.63960000004795
2738.8,249.33495867770912
2738.9,279.73322580650193
2739.0,211.08
2739.1,214.44974789915256
2739.2,243.5245217390708
2739.3,244.00103448271236
2739.4,210.1752631578105
2739.5,193.14630252101483
2739.6,229.82428571426584
2739.7,240.0259663865133
2739.8,208.3088034187452
2739.9,252.1323076923077
2740.0,241.08566371684137
2740.1,254.7114406779336
2740.2,278.01307692320586
2740.3,208.8282456140452
2740.4,222.89350877192425
2740.5,234.5689473684015
2740.6,250.29068376067363
2740.7,229.41295652182325
2740.8,228.8534482758749
2740.9,241.9699999999968
2741.0,224.23025641023295
2741.1,185.23999999991392
2741.2,230.98999999987805
2741.3,253.41950819676543
2741.4,258.4703999999975
2741.5,252.083749999986
2741.6,234.95752136750545
2741.7,213.2982758618961
2741.8,305.1517241381039
2741.9,224.1332203388424
2742.0,229.2448275862388
2742.1,253.29474576271463
2742.2,236.11317460323625
2742.3,189.99239669426584
2742.4,235.22380165286705
2742.5,245.3575
2742.6,245.06949999999912
2742.7,247.14574999998663
2742.8,254.295
2742.9,257.5149565217426
2743.0,251.2453913043451
2743.1,255.4319999999892
2743.2,250.9729914530029
2743.3,243.0108799999772
2743.4,241.34254385966256
2743.5,246.88615384615383
2743.6,244.99304347824668
2743.7,251.52347826086185
2743.8,255.75739130435025
2743.9,254.00222222221944
2744.0,179.80297520655083
2744.1,88.88843478260944
2744.2,87.47568965517294
2744.3,90.06288135611715
2744.4,136.2069491525317
2744.5,214.9605263156268
2744.6,241.1205882352931
2744.7,247.19556521737215
2744.8,254.3044827586208
2744.9,251.4717391304318
2745.0,237.020677966097
2745.1,232.83423728813253
2745.2,233.0187179487167
2745.3,233.13910569105664
2745.4,232.96619834710745
2745.5,233.6889915966357
2745.6,237.00876033058108
2745.7,241.56247933883785
2745.8,243.7920661157057
2745.9,196.6277049179313
2746.0,187.0637190083295
2746.1,244.9574193548428
2746.2,241.26387096775684
2746.3,223.53406504059976
2746.4,215.06925619833575
2746.5,202.9459199999843
2746.6,205.681929824555
2746.7,256.4548717948173
2746.8,292.42068376070193
2746.9,233.16228070179832
2747.0,259.1127118643543
2747.1,212.7572131148572
2747.2,199.97909090894495
2747.3,273.41431034486124
2747.4,292.671949152515
2747.5,250.98550847456505
2747.6,238.3447457627129
2747.7,230.38877192983264
2747.8,206.4883064515664
2747.9,185.11163793102617
2748.0,204.0799999999112
2748.1,272.43294117649936
2748.2,244.57895652181224
2748.3,253.80603448277483
2748.4,215.53217391295527
2748.5,211.7377777778047
2748.6,250.8375862068785
2748.7,261.27104347826014
2748.8,260.85689075623384
2748.9,241.52915966383748
2749.0,254.019473684239
2749.1,225.7544444444085
2749.2,184.53304347823
2749.3,202.97175572519208
2749.4,238.3305343511524
2749.5,249.92107438015424
2749.6,208.73727272729943
2749.7,196.14308333328268
2749.8,227.63457627118183
2749.9,226.8447933884352
2750.0,298.7869421486441
2750.1,228.7806451613952
2750.2,227.8254838708318
2750.3,229.678617886113
2750.4,175.01000000003285
2750.5,188.01
2750.6,210.74949579827157
2750.7,231.3637190082478
2750.8,237.9799999999946
2750.9,218.2028925620145
2751.0,187.03913043472403
2751.1,217.3198260869561
2751.2,217.81547826086964
2751.3,266.6298290599675
2751.4,236.23758620681687
2751.5,227.0596551724296
2751.6,246.54094017094172
2751.7,228.55559322056104
2751.8,163.7320689656152
2751.9,252.9734482758901
2752.0,247.39376068373585
2752.1,245.02655172414225
2752.2,250.7141176470568
2752.3,244.72008333324797
2752.4,226.32094017102312
2752.5,259.15
2752.6,284.24649122804016
2752.7,256.3519327732251
2752.8,219.53214876025416
2752.9,213.63393442627964
2753.0,237.40999999999852
2753.1,239.660000000001
2753.2,259.40508771930627
2753.3,273.30057851235216
2753.4,256.2932031249497
2753.5,224.8322656250168
2753.6,215.43432203390637
2753.7,226.26956521738455
2753.8,206.91076923063704
2753.9,190.85565217391957
2754.0,214.95627118637628
2754.1,239.11907563037636
2754.2,180.0098319327957
2754.3,217.9296774194333
2754.4,227.84799999999413
2754.5,254.8844444444105
2754.6,278.5349152544237
2754.7,213.34956521731584
2754.8,242.2626086957368
2754.9,249.77327731093064
2755.0,193.08258620690825
2755.1,207.94669565218493
2755.2,248.71372881354867
2755.3,251.96069565216945
2755.4,246.74555555557205
2755.5,263.0709523809276
2755.6,238.59422764236527
2755.7,215.97710743805504
2755.8,228.15638655476124
2755.9,263.21291666665087
2756.0,248.2739999999623
2756.1,213.7539999999937
2756.2,225.3203999999832
2756.3,237.15736842105989
2756.4,251.29629310350123
2756.5,269.40695652173133
2756.6,250.5615254237556
2756.7,238.97677966104823
2756.8,212.086393442562
2756.9,190.7546774193508
2757.0,182.76517241378585
2757.1,198.43155172403155
2757.2,236.65237288131544
2757.3,249.16932203390988
2757.4,215.57315789474532
2757.5,207.4122950819676
2757.6,200.2730769230928
2757.7,231.80016949125329
2757.8,278.12318965510065
2757.9,211.5418103448325
2758.0,242.89525862067
2758.1,265.00380952381647
2758.2,215.16983471078208
2758.3,207.63000000015157
2758.4,262.1231746031736
2758.5,251.30401639341036
2758.6,217.98434426237455
2758.7,243.0576666665572
2758.8,244.0239199999794
2758.9,230.7645454545458
2759.0,226.24641025643373
2759.1,208.99
2759.2,248.53399999996407
2759.3,207.87258620670636
2759.4,180.98115702479527
2759.5,191.3681034482798
2759.6,212.3436206896516
2759.7,216.9547899159849
2759.8,204.5346218487276
2759.9,234.9602459016764
2760.0,246.0056910569097
2760.1,214.5052892562812
2760.2,159.2696551724021
2760.3,167.2346610170342
2760.4,243.32788135598796
2760.5,238.2143589743851
2760.6,244.74086206891835
2760.7,242.05359281443668
2760.8,222.8380239520817
2760.9,245.41050000001965
2761.0,266.9164655172442
2761.1,259.79500000004725
2761.2,241.28776859498495
2761.3,260.1743750000173
2761.4,265.0337500000069
2761.5,247.219655172406
2761.6,268.6638983050726
2761.7,289.49251968505484
2761.8,265.48388429742243
2761.9,234.3764462809461
2762.0,262.48300813008603
2762.1,233.8219166666788
2762.2,225.48362068963328
2762.3,265.5882352942505
2762.4,292.20205128200354
2762.5,197.7148717950628
2762.6,242.22238938046445
2762.7,247.6582258064525
2762.8,191.5963793100213
2762.9,122.14465517228491
2763.0,90.09794871794831
2763.1,89.83400000000022
2763.2,89.6340000000008
2763.3,89.53706896551726
2763.4,89.33702479338815
2763.5,89.1991666666667
2763.6,89.05160000000069
2763.7,88.84864406779664
2763.8,88.84016949152543
2763.9,88.70672000000006
2764.0,88.67350961538462
2764.1,88.6783173076923
2764.2,88.71421052631571
2764.3,88.59051724137817
2764.4,88.4
2764.5,88.39533333333331
2764.6,88.3620000000001
2764.7,88.42372881355908
2764.8,79.01599999998872
2764.9,71.78983050847238
2765.0,69.84824
2765.1,69.87495867768605
2765.2,69.7592561983474
2765.3,69.5690163934422
2765.4,69.57034482758635
2765.5,69.54196850393687
2765.6,69.46097560975612
2765.7,69.5
2765.8,69.5
2765.9,69.4383464566929
2766.0,69.43051282051285
2766.1,69.35103174603164
2766.2,69.18637931034456
2766.3,69.34102564102585
2766.4,69.44358974358968
2766.5,69.28620689655205
2766.6,69.18571428571431
2766.7,69.14295652173918
2766.8,69.1066141732283
2766.9,69.07459016393446
2767.0,69.1401639344263
2767.1,69.15
2767.2,69.10379310344827
2767.3,69.1088983050849
2767.4,69.11695652173917
2767.5,69.01750000000003
2767.6,69.05916666666668
2767.7,68.97235772357732
2767.8,68.89230769230758
2767.9,68.88478632478638
2768.0,68.91
2768.1,68.88652173913044
2768.2,68.81857142857125
2768.3,68.89000000000023
2768.4,68.90710743801654
2768.5,68.85186991869915
2768.6,68.51230000000031
2768.7,67.82730000000032
2768.8,67.69526315789672
2768.9,68.3268421052637
2769.0,68.79017391304343
2769.1,68.88433070866141
2769.2,68.85283464566929
2769.3,68.67098360655713
2769.4,68.63280991735535
2769.5,68.69721311475394
2769.6,68.74310344827602
2769.7,68.64391304347839
2769.8,68.58304347826066
2769.9,67.8890909090889
2770.0,67.68750000000117
2770.1,68.6066101694916
2770.2,68.57271186440687
2770.3,68.6340000000002
2770.4,68.60617886178851
2770.5,68.55387096774194
2770.6,68.26655172414004
2770.7,67.6657627118615
2770.8,68.564067796611
2770.9,68.64173913043487
2771.0,68.51617391304353
2771.1,68.4437704918033
2771.2,68.44491525423726
2771.3,68.49063492063512
2771.4,68.57
2771.5,68.5782644628099
2771.6,68.41024793388438
2771.7,68.39016129032242
2771.8,68.467094017094
2771.9,68.46136000000001
2772.0,68.46936000000001
2772.1,68.35959999999987
2772.2,68.32
2772.3,68.37438016528944
2772.4,68.40885245901593
2772.5,68.2210344827586
2772.6,68.24689655172409
2772.7,68.26517241379305
2772.8,68.2084615384613
2772.9,68.23991525423742
2773.0,68.30483606557382
2773.1,68.26871794871796
2773.2,68.26017094017098
2773.3,68.13749999999995
2773.4,68.21758620689653
2773.5,68.21017543859661
2773.6,68.13658536585378
2773.7,68.12499999999966
2773.8,68.22165289256202
2773.9,68.25471074380164
2774.0,68.18881355932214
2774.1,68.18869565217388
2774.2,68.21
2774.3,68.22819672131155
2774.4,68.23313559322062
2774.5,67.98737288135632
2774.6,68.16623999999952
2774.7,68.16098360655758
2774.8,68.09540983606546
2774.9,68.06
2775.0,68.06295081967207
2775.1,68.11213114754094
2775.2,68.05538461538485
2775.3,68.13880341880368
2775.4,68.1479661016946
2775.5,68.05273504273505
2775.6,68.0737499999999
2775.7,68.16541666666656
2775.8,68.0492372881352
2775.9,68.02652542372884
2776.0,67.96661157024778
2776.1,67.91277310924369
2776.2,67.97381355932166
2776.3,68.1476612903221
2776.4,67.91379032258
2776.5,67.82709401709397
2776.6,67.85838709677405
2776.7,67.90712000000003
2776.8,67.8905982905983
2776.9,67.8051282051281
2777.0,67.98951612903197
2777.1,67.9361788617887
2777.2,67.83365217391307
2777.3,67.82333333333341
2777.4,67.85896551724136
2777.5,67.8503448275862
2777.6,67.90008695652163
2777.7,67.89672131147545
2777.8,67.85499999999986
2777.9,67.83078947368425
2778.0,67.8406896551724
2778.1,67.81
2778.2,67.81
2778.3,67.84719008264466
2778.4,67.73222222222208
2778.5,67.68456140350898
2778.6,67.82638655462192
2778.7,67.6595652173914
2778.8,67.6160869565216
2778.9,67.75214876033087
2779.0,67.71956521739142
2779.1,67.74210526315737
2779.2,67.86
2779.3,67.8466666666666
2779.4,67.76333333333326
2779.5,67.6419672131146
2779.6,67.59180327868854
2779.7,67.61382113821116
2779.8,67.66
2779.9,67.65078740157485
2780.0,67.5799212598426
2780.1,67.57
2780.2,67.59098360655736
2780.3,67.61
2780.4,67.61650406504064
2780.5,67.64902439024385
2780.6,67.61766666666672
2780.7,67.70788135593196
2780.8,67.68370689655146
2780.9,67.59529914529912
2781.0,67.58966386554614
2781.1,67.65941666666666
2781.2,67.65108333333336
2781.3,67.44319672131124
2781.4,67.4910483870971
2781.5,67.61
2781.6,67.6182644628099
2781.7,67.65958677685941
2781.8,67.61942622950808
2781.9,67.61
2782.0,67.56824
2782.1,67.54395161290319
2782.2,67.60776859504132
2782.3,67.5829752066115
2782.4,67.4446153846153
2782.5,67.34584745762716
2782.6,67.33190082644622
2782.7,67.36
2782.8,67.36
2782.9,67.36
2783.0,67.36
2783.1,67.38700854700852
2783.2,67.3728070175439
2783.3,67.40379310344854
2783.4,67.4590163934425
2783.5,67.39677419354832
2783.6,67.3645161290323
2783.7,67.32293103448285
2783.8,67.35590163934442
2783.9,67.37847999999994
2784.0,67.35057377049176
2784.1,67.31040983606547
2784.2,67.35139344262286
2784.3,67.36
2784.4,67.37948717948723
2784.5,67.38677685950415
2784.6,67.35188034188042
2784.7,67.31
2784.8,67.31
2784.9,67.31
2785.0,67.32721739130433
2785.1,67.21794871794908
2785.2,67.14793103448187
2785.3,67.34474576271184
2785.4,67.26
2785.5,67.34264462809904
2785.6,67.36
2785.7,67.33708333333338
2785.8,67.28499999999983
2785.9,67.22371900826447
2786.0,67.26504132231398
2786.1,67.26272727272728
2786.2,67.28745901639338
2786.3,67.23254098360633
2786.4,67.09220338983046
2786.5,67.0564285714285
2786.6,66.98500000000011
2786.7,67.13322314049516
2786.8,67.14868852459007
2786.9,67.08538461538461
2787.0,67.10872881355945
2787.1,67.04965065502192
2787.2,67.01471615720533
2787.3,66.97978165938858
2787.4,67.03260869565214
2787.5,67.02
2787.6,67.00225
2787.7,67.06183999999998
2787.8,67.06984
2787.9,67.07
2788.0,67.03942148760329
2788.1,66.99809917355378
2788.2,66.98322314049572
2788.3,67.02376068376068
2788.4,67.05794871794876
2788.5,67.02758620689653
2788.6,67.02
2788.7,66.99300884955761
2788.8,66.97820512820515
2788.9,67.01939655172409
2789.0,67.1
2789.1,67.1
2789.2,67.1
2789.3,67.04536585365837
2789.4,67.01483050847456
2789.5,67.01
2789.6,67.0187499999999
2789.7,67.05966942148768
2789.8,67.02661157024792
2789.9,67.02
2790.0,67.02
2790.1,67.02
2790.2,67.02403361344528
2790.3,67.04924369747906
2790.4,67.05
2790.5,67.03115702479339
2790.6,67.02
2790.7,67.02
2790.8,66.93172413792809
2790.9,65.82827586206689
2791.0,66.752000000002
2791.1,67.03495652173913
2791.2,66.90600000000032
2791.3,66.79193548387103
2791.4,66.81580645161291
2791.5,66.78354838709677
2791.6,66.8106896551724
2791.7,66.81381355932204
2791.8,66.795652173913
2791.9,66.8324590163934
2792.0,66.96360655737689
2792.1,66.94271186440702
2792.2,66.84655172413801
2792.3,66.82
2792.4,66.82
2792.5,66.78754098360659
2792.6,66.78
2792.7,66.79374999999997
2792.8,66.81299145299147
2792.9,66.82
2793.0,66.82
2793.1,66.77775862068967
2793.2,66.77719298245613
2793.3,66.8022950819673
2793.4,66.81613445378149
2793.5,66.81
2793.6,66.80384615384615
2793.7,66.73547008547027
2793.8,66.80137931034491
2793.9,66.79356521739125
2794.0,66.78
2794.1,66.80554621848738
2794.2,66.85037974683554
2794.3,66.79974683544293
2794.4,66.78
2794.5,66.79149999999997
2794.6,66.81
2794.7,66.81033898305084
2794.8,66.81881355932205
2794.9,66.79203252032514
2795.0,66.78
2795.1,66.78
2795.2,66.78
2795.3,66.78
2795.4,66.83818965517264
2795.5,66.82611570247923
2795.6,66.77680672268907
2795.7,66.77165217391303
2795.8,66.78
2795.9,66.78
2796.0,66.80139130434783
2796.1,66.81572649572648
2796.2,66.83724137931024
2796.3,66.43216666666495
2796.4,65.51534482758768
2796.5,66.69637931034538
2796.6,66.7971653543307
2796.7,66.79530434782616
2796.8,66.7993103448276
2796.9,66.78842105263162
2797.0,66.74747899159658
2797.1,66.81
2797.2,66.81
2797.3,66.67338842975168
2797.4,66.69830508474581
2797.5,66.74330434782614
2797.6,66.73736842105258
2797.7,66.73974576271232
2797.8,66.53208333333376
2797.9,66.74041666666709
2798.0,66.57750000000026
2798.1,66.53213675213661
2798.2,66.63789473684191
2798.3,66.69086956521721
2798.4,66.59859504132221
2798.5,66.72256198347124
2798.6,66.61719999999994
2798.7,66.71354838709642
2798.8,66.71214876033048
2798.9,66.5379338842975
2799.0,66.56901639344257
2799.1,66.53622950819678
2799.2,66.53692307692307
2799.3,66.50631578947353
2799.4,66.50521008403368
2799.5,66.54
2799.6,66.54344262295085
2799.7,66.56803278688518
2799.8,66.57
2799.9,66.55336134453778
2800.0,66.5322950819672
2800.1,66.50966942148757
2800.2,66.47227642276417
2800.3,66.52918699187005
2800.4,66.53319327731093
2800.5,66.48310924369743
2800.6,66.45470085470087
2800.7,66.45947368421066
2800.8,66.39900000000014
2800.9,66.47400000000015
2801.0,66.47239669421488
2801.1,66.4526829268293
2801.2,66.44
2801.3,66.43798387096773
2801.4,66.43008196721314
2801.5,66.43827868852458
2801.6,66.46747826086953
2801.7,66.47443478260872
2801.8,66.4573275862069
2801.9,66.46181818181817
2802.0,66.51508196721305
2802.1,66.47409836065582
2802.2,66.44768595041332
2802.3,66.43434426229508
2802.4,66.43382113821139
2802.5,66.4054237288137
2802.6,66.28041322314024
2802.7,66.45396694214821
2802.8,66.45404580152668
2802.9,66.44
2803.0,66.42629032258063
2803.1,66.39413223140487
2803.2,66.43545454545455
2803.3,66.44
2803.4,66.41276422764228
2803.5,66.31300000000016
2803.6,66.22165289256176
2803.7,66.39
2803.8,66.39
2803.9,66.42620689655185
2804.0,66.44
2804.1,66.41750000000003
2804.2,66.40465517241364
2804.3,66.4341176470588
2804.4,66.4014379084967
2804.5,66.43444444444441
2804.6,66.43878048780503
2804.7,66.35487603305826
2804.8,66.21728813559298
2804.9,66.14949152542378
2805.0,66.35499999999996
2805.1,66.32578512396707
2805.2,66.19581196581187
2805.3,66.22130434782608
2805.4,66.18
2805.5,66.18
2805.6,66.37283333333339
2805.7,66.29532258064555
2805.8,66.19512605042024
2805.9,66.24725806451639
2806.0,66.34777777777782
2806.1,66.23666666666657
2806.2,66.3464462809917
2806.3,66.2553043478257
2806.4,66.15719298245614
2806.5,66.18
2806.6,66.17732283464571
2806.7,66.16157480314963
2806.8,66.17487603305787
2806.9,66.20827868852462
2807.0,66.2937288135594
2807.1,66.3379487179488
2807.2,66.20358974358925
2807.3,66.40017094017159
2807.4,66.26258620689615
2807.5,66.195948275862
2807.6,66.15808695652176
2807.7,66.17599999999986
2807.8,66.21133333333316
2807.9,66.15205128205135
2808.0,66.17769230769231
2808.1,66.18
2808.2,66.20768595041321
2808.3,66.19578512396677
2808.4,66.14826446280995
2808.5,66.1786991869919
2808.6,66.1461788617887
2808.7,66.16655737704912
2808.8,66.18
2808.9,66.18
2809.0,66.1950000000001
2809.1,66.26642857142849
2809.2,66.2216949152543
2809.3,66.31016260162627
2809.4,66.32748031496055
2809.5,66.25008196721305
2809.6,66.18296610169497
2809.7,66.24228813559303
2809.8,66.2953913043479
2809.9,66.12538461538462
2810.0,66.05545454545455
2810.1,66.11280991735538
2810.2,66.1190076335878
2810.3,66.11137404580153
2810.4,66.13102564102566
2810.5,66.20163793103454
2810.6,66.20688000000001
2810.7,66.1717355371899
2810.8,66.29292682926793
2810.9,66.05715447154466
2811.0,66.16238095238111
2811.1,66.16378151260501
2811.2,66.08692307692293
2811.3,66.13747826086953
2811.4,66.07177777777787
2811.5,66.13103703703698
2811.6,66.0528571428573
2811.7,66.00471074380155
2811.8,66.07705882352946
2811.9,66.10934959349595
2812.0,66.07682926829274
2812.1,66.15558333333311
2812.2,66.09398437500022
2812.3,66.0181034482763
2812.4,66.14750000000002
2812.5,66.13083333333334
2812.6,66.07015748031506
2812.7,66.1052845528453
2812.8,66.13911290322578
2812.9,66.13400000000014
2813.0,66.19853658536556
2813.1,66.05219512195112
2813.2,66.10311475409813
2813.3,66.11387096774185
2813.4,66.07
2813.5,66.0668965517242
2813.6,66.01517241379322
2813.7,66.05426229508187
2813.8,66.11422764227655
2813.9,66.11733870967731
2814.0,66.06840000000008
2814.1,66.10840000000003
2814.2,66.06897435897443
2814.3,66.06
2814.4,66.03723577235772
2814.5,66.0414285714285
2814.6,66.13666666666654
2814.7,66.09068965517255
2814.8,66.03347826086942
2814.9,66.00533898305085
2815.0,66.02707317073158
2815.1,66.10024390243886
2815.2,66.12517241379334
2815.3,66.05338842975205
2815.4,66.01206611570252
2815.5,66.04740157480309
2815.6,66.06
2815.7,110.21086206873014
2815.8,180.91285714288088
2815.9,214.8614705882173
2816.0,234.13794117647836
2816.1,256.52076923076925
2816.2,273.5710000000117
2816.3,265.8344827585599
2816.4,243.0155172413364
2816.5,188.6005982906272
2816.6,216.2121739130214
2816.7,213.8824137931228
2816.8,219.50454545473391
2816.9,265.7989256198145
2817.0,249.23283333333688
2817.1,241.3745000000036
2817.2,277.1310743800818
2817.3,265.6391056909968
2817.4,253.07403361342992
2817.5,275.8464800001594
2817.6,204.03848000022464
2817.7,213.15741379304745
2817.8,230.67520661160836
2817.9,242.8983606557456
2818.0,258.9604347825835
2818.1,280.6508695652288
2818.2,260.04181818198145
2818.3,210.67818181801857
2818.4,218.080495867809
2818.5,227.57237704917804
2818.6,213.57944000011616
2818.7,195.7380701751173
2818.8,293.2941791042524
2818.9,238.00313432818933
2819.0,247.1385714286227
2819.1,284.7806956521301
2819.2,279.01952755934576
2819.3,203.72338842979244
2819.4,275.34322314041515
2819.5,237.91233333340864
2819.6,235.52758064513944
2819.7,257.6128205127927
2819.8,264.29658119653953
2819.9,234.8275862067795
2820.0,190.92241379302084
2820.1,235.21771929828293
2820.2,243.68219512195333
2820.3,213.82081967205104
2820.4,190.3170399999679
2820.5,219.7364516129176
2820.6,211.56709677420196
2820.7,246.3042622950564
2820.8,252.71540983603344
2820.9,233.79
2821.0,228.92448275860983
2821.1,293.9717391304643
2821.2,260.01521739130027
2821.3,274.61247863253067
2821.4,265.65327731091816
2821.5,227.74413223148923
2821.6,204.3333333332234
2821.7,241.3578048780111
2821.8,254.42284552846013
2821.9,199.25455284558728
2822.0,197.44692307690903
2822.1,223.3113333333382
2822.2,237.14
2822.3,237.38298245627223
2822.4,272.9443859650017
2822.5,246.02859374998923
2822.6,255.9477777777268
2822.7,234.53859504144867
2822.8,206.6849600001416
2822.9,243.827304347845
2823.0,251.41860869564857
2823.1,252.19260869565224
2823.2,203.5198305084649
2823.3,214.814482758725
2823.4,243.33931034484283
2823.5,221.55298245618863
2823.6,187.5277586207201
2823.7,230.7260344825859
2823.8,239.26247863249264
2823.9,258.6442500000452
2824.0,246.90771186434637
2824.1,243.14168141593348
2824.2,264.8606779661265
2824.3,255.30258064515436
2824.4,251.65741935482907
2824.5,255.0258119658141
2824.6,251.92533333333472
2824.7,247.22850000000076
2824.8,245.2369747899195
2824.9,245.8984347826065
2825.0,244.3853913043501
2825.1,241.38782608695848
2825.2,246.0263247863088
2825.3,251.39168067227985
2825.4,253.52641025640813
2825.5,211.4925
2825.6,87.59608695652202
2825.7,87.33521739130539
2825.8,88.83834782608915
2825.9,89.02905982905988
2826.0,151.07384615380226
2826.1,214.7370434782216
2826.2,241.0884482758092
2826.3,251.7940336134375
2826.4,241.48310924367183
2826.5,238.4687288135531
2826.6,236.576725663718
2826.7,233.7734782608734
2826.8,231.9844067796595
2826.9,231.7917948717954
2827.0,233.6926956521732
2827.1,243.04566371681264
2827.2,243.56778761061827
2827.3,234.7969230769231
2827.4,232.18093220338977
2827.5,235.7585470085445
2827.6,262.256086956482
2827.7,295.50488000016946
2827.8,241.96087999997468
2827.9,214.7296694214214
2828.0,189.19333333330783
2828.1,182.2450413223025
2828.2,191.72894736840283
2828.3,202.45713043481533
2828.4,232.5933043477804
2828.5,209.92373913045628
2828.6,207.30438016528743
2828.7,196.1911111111552
2828.8,208.02400000011883
2828.9,256.3103448277379
2829.0,298.9042105261676
2829.1,210.43929824557168
2829.2,249.0493220339015
2829.3,187.3222580643237
2829.4,170.2866115702465
2829.5,216.9241176470256
2829.6,268.7164516129022
2829.7,266.2567741935545
2829.8,265.853793103448
2829.9,245.9810344827505
2830.0,219.6763157894927
2830.1,200.4782644628328
2830.2,206.95093220318668
2830.3,260.47056910568807
2830.4,255.47869918699536
2830.5,241.296949152562
2830.6,228.63706896553788
2830.7,229.08534482755456
2830.8,253.6187719298716
2830.9,288.6809677419324
2831.0,267.5358064515943
2831.1,243.1817073170813
2831.2,197.4072950819892
2831.3,178.73868421058174
2831.4,192.53758333335176
2831.5,209.8314285713716
2831.6,253.66336134455625
2831.7,261.3744347825916
2831.8,255.8111475409681
2831.9,217.73783333321623
2832.0,196.4833057851652
2832.1,228.83041322312704
2832.2,268.5824793387623
2832.3,243.65853658533467
2832.4,230.17546218488064
2832.5,217.20585365854004
2832.6,212.28619047619836
2832.7,229.2891596637985
2832.8,263.02865546220033
2832.9,268.0713223140527
2833.0,245.66041322308735
2833.1,208.68868852462657
2833.2,181.61168067222772
2833.3,194.2275409835885
2833.4,188.18655737705143
2833.5,217.5357377048965
2833.6,233.88109243696732
2833.7,223.6844094489124
2833.8,199.3002666666677
2833.9,200.92693333333196
2834.0,215.67559322030417
2834.1,257.0439999998856
2834.2,288.88451612910967
2834.3,243.31254237292407
2834.4,255.62610169490577
2834.5,183.58419354845
2834.6,170.7406779660796
2834.7,214.9016949151897
2834.8,254.96478260865663
2834.9,242.3214655172364
2835.0,258.2438793103274
2835.1,229.5175423729281
2835.2,195.7793333333883
2835.3,196.15780487810804
2835.4,229.9413600000501
2835.5,268.89317073170207
2835.6,221.3728455285115
2835.7,243.6393220338413
2835.8,231.0776859503591
2835.9,222.2311206896614
2836.0,241.82505434782468
2836.1,260.8413586956602
2836.2,253.3733333333522
2836.3,223.5426315789238
2836.4,210.9444827586097
2836.5,196.91
2836.6,179.91826446283864
2836.7,203.7539344261687
2836.8,237.71256000008145
2836.9,248.6455371900356
2837.0,213.61150793651012
2837.1,193.0797619047419
2837.2,238.81637931018048
2837.3,311.5642241379061
2837.4,287.4556410256365
2837.5,222.55
2837.6,247.4629661016529
2837.7,266.0313675216259
2837.8,162.16811965776444
2837.9,267.4595652175577
2838.0,291.537692307657
2838.1,255.35711864408384
2838.2,240.59813559309657
2838.3,266.79456692910725
2838.4,234.4481102362112
2838.5,203.6879487179048
2838.6,236.2239999999481
2838.7,257.89584000003526
2838.8,247.5065354330662
2838.9,238.79
2839.0,266.5227586206679
2839.1,217.0576271187232
2839.2,220.76186440671708
2839.3,249.76241379314703
2839.4,252.5719298245175
2839.5,226.11146341463245
2839.6,218.4529268292765
2839.7,199.8191869919154
2839.8,214.61800000005096
2839.9,227.5709677419352
2840.0,230.77574803146865
2840.1,244.24558333340948
2840.2,213.8039166667428
2840.3,207.4710743801648
2840.4,201.1224137931082
2840.5,244.5706896550324
2840.6,299.6534482760462
2840.7,224.38931034472787
2840.8,259.7168965517574
2840.9,265.378000000004
2841.0,192.2777049179164
2841.1,190.1984999999459
2841.2,243.13253968253463
2841.3,243.53852173909144
2841.4,227.8950434782683
2841.5,260.08128205130294
2841.6,250.046637168183
2841.7,228.32705882356703
2841.8,204.0909090908237
2841.9,193.9180000000869
2842.0,244.9764347825133
2842.1,181.5242608696581
2842.2,178.56034482757295
2842.3,199.32210526318352
2842.4,210.04898305084728
2842.5,234.75173913045973
2842.6,261.8946551723378
2842.7,192.72714285714468
2842.8,240.5842857144046
2842.9,176.0543478261174
2843.0,160.44830508473882
2843.1,198.9659482757318
2843.2,243.84330578506805
2843.3,255.03999999999692
2843.4,241.0399999999818
2843.5,222.21570247934315
2843.6,200.39383333334888
2843.7,207.81336206892792
2843.8,246.60239316248723
2843.9,279.2626086956476
2844.0,256.0058974358668
2844.1,225.72384615389203
2844.2,202.08936000005957
2844.3,211.93370689658352
2844.4,173.05436974793443
2844.5,89.94312000000019
2844.6,89.84677685950443
2844.7,89.7393388429753
2844.8,89.42426229508149
2844.9,89.23609756097567
2845.0,89.13190082644641
2845.1,89.00655737704919
2845.2,89.04754098360644
2845.3,88.89067796610152
2845.4,88.70750000000012
2845.5,88.63896551724125
2845.6,88.6524137931037
2845.7,88.5569491525429
2845.8,88.41288135593213
2845.9,88.55362068965512
2846.0,88.4173553719012
2846.1,82.92072463770516
2846.2,74.0366666666936
2846.3,69.89879310344818
2846.4,69.82017391304343
2846.5,69.76427350427343
2846.6,69.70260869565212
2846.7,69.74608695652172
2846.8,69.71300813008118
2846.9,69.50733333333329
2847.0,69.45365853658524
2847.1,69.57058823529404
2847.2,69.45666666666675
2847.3,69.40111111111108
2847.4,69.36377049180327
2847.5,69.35495726495725
2847.6,69.36960937499995
2847.7,69.37591666666674
2847.8,69.26758333333292
2847.9,69.22059322033898
2848.0,69.24289473684202
2848.1,69.20215517241408
2848.2,69.17739130434765
2848.3,69.19130434782595
2848.4,69.12779661016936
2848.5,69.24644067796591
2848.6,69.16848739495798
2848.7,69.09100840336144
2848.8,69.0850000000001
2848.9,69.03869565217377
2849.0,68.9606779661014
2849.1,69.13400000000014
2849.2,69.05900000000014
2849.3,67.78641025640954
2849.4,68.3302459016394
2849.5,68.93352941176485
2849.6,68.85830508474538
2849.7,68.99162790697693
2849.8,68.92186046511617
2849.9,67.9664957264963
2850.0,68.2570689655153
2850.1,68.8489473684206
2850.2,68.95
2850.3,68.93916666666654
2850.4,68.88214912280695
2850.5,68.82513157894736
2850.6,68.80457627118645
2850.7,68.72284552845545
2850.8,68.72603448275883
2850.9,68.74913385826754
2851.0,68.61227642276425
2851.1,68.64479674796746
2851.2,68.66435897435892
2851.3,68.74573913043493
2851.4,68.71627118644041
2851.5,68.65139130434787
2851.6,68.72605042016828
2851.7,68.6
2851.8,68.57391304347821
2851.9,68.62862068965521
2852.0,68.56813559322035
2852.1,68.5809565217389
2852.2,68.66068965517252
2852.3,68.64
2852.4,68.6415126050421
2852.5,68.66672268907566
2852.6,68.55774193548412
2852.7,68.54203389830492
2852.8,68.50519999999989
2852.9,68.42666666666666
2853.0,68.61
2853.1,68.57774193548384
2853.2,68.47193548387114
2853.3,68.34724137931018
2853.4,68.31840336134455
2853.5,68.4219685039371
2853.6,68.37472440944893
2853.7,68.33341463414648
2853.8,68.39504000000001
2853.9,68.39237288135602
2854.0,68.29068965517232
2854.1,68.36241379310363
2854.2,68.26758620689681
2854.3,68.34576271186455
2854.4,68.31307692307696
2854.5,68.25219512195123
2854.6,68.24905982905987
2854.7,68.32586206896545
2854.8,68.35789473684167
2854.9,68.14736842105246
2855.0,68.2674576271187
2855.1,68.17975609756111
2855.2,68.12702479338816
2855.3,68.22854700854705
2855.4,68.25304347826065
2855.5,68.16608695652178
2855.6,68.20852173913045
2855.7,68.11600000000034
2855.8,68.10793388429765
2855.9,68.15173184357536
2856.0,68.12938547486031
2856.1,68.12
2856.2,68.16245901639329
2856.3,68.2373809523805
2856.4,68.08658730158722
2856.5,68.06270491803278
2856.6,68.01418803418811
2856.7,68.01571428571417
2856.8,68.05368932038812
2856.9,67.98572815533969
2857.0,67.94872000000004
2857.1,68.05271999999994
2857.2,67.92487179487223
2857.3,67.90245901639346
2857.4,67.92878260869571
2857.5,67.9236090225563
2857.6,67.87435897435867
2857.7,68.11367521367524
2857.8,68.07034782608679
2857.9,67.92563025210087
2858.0,67.85462184873948
2858.1,67.94923076923077
2858.2,68.14166666666677
2858.3,68.09278606965158
2858.4,67.94850746268655
2858.5,67.81322580645154
2858.6,67.89387096774192
2858.7,67.89608695652178
2858.8,67.84937499999987
2858.9,67.81
2859.0,67.81991735537204
2859.1,67.90256198347106
2859.2,67.88080213903744
2859.3,67.85033333333335
2859.4,67.85866666666666
2859.5,67.83500000000001
2859.6,67.81695652173916
2859.7,67.86
2859.8,67.86
2859.9,67.88643478260876
2860.0,67.87949579831931
2860.1,67.78758620689669
2860.2,67.64879310344834
2860.3,67.63192982456188
2860.4,67.85122807017565
2860.5,67.70881889763773
2860.6,67.77999999999969
2860.7,67.74750000000066
2860.8,67.6532203389832
2860.9,67.77762711864416
2861.0,67.88779661016954
2861.1,67.642869565218
2861.2,67.63983999999982
2861.3,67.66
2861.4,67.63024193548381
2861.5,67.57407999999995
2861.6,67.59807999999992
2861.7,67.60807017543856
2861.8,67.58999999999996
2861.9,67.59150943396229
2862.0,67.60932203389832
2862.1,67.57542372881358
2862.2,67.53440677966107
2862.3,67.54750000000013
2862.4,67.57
2862.5,67.59237288135587
2862.6,67.6889655172414
2862.7,67.6631034482759
2862.8,67.59878260869564
2862.9,67.57370689655173
2863.0,67.57
2863.1,67.58066666666657
2863.2,67.61410256410248
2863.3,67.64829059829071
2863.4,67.41249999999934
2863.5,67.48198529411795
2863.6,67.5836507936508
2863.7,67.60413793103454
2863.8,67.56853448275831
2863.9,67.42198275862052
2864.0,67.51942148760327
2864.1,67.42777777777779
2864.2,67.432608695652
2864.3,67.60737704918031
2864.4,67.60084745762713
2864.5,67.60932203389832
2864.6,67.41508474576315
2864.7,67.32782608695663
2864.8,67.46128205128231
2864.9,67.51789473684231
2865.0,67.34833333333341
2865.1,67.31341880341873
2865.2,67.35615384615383
2865.3,67.32043478260863
2865.4,67.31
2865.5,67.31
2865.6,67.31
2865.7,67.31301724137914
2865.8,67.35612068965517
2865.9,67.36
2866.0,67.3323140495868
2866.1,67.32471999999994
2866.2,67.34305785123976
2866.3,67.31
2866.4,67.26901639344261
2866.5,67.32500000000005
2866.6,67.22688524590198
2866.7,67.14731707317021
2866.8,67.31524193548401
2866.9,67.35556451612905
2867.0,67.36
2867.1,67.30260869565224
2867.2,67.30322033898302
2867.3,67.36
2867.4,67.35491525423721
2867.5,67.3125423728813
2867.6,67.18844827586199
2867.7,67.22393442622933
2867.8,67.30745762711871
2867.9,67.36
2868.0,67.35395161290327
2868.1,67.31362903225808
2868.2,67.16222222222264
2868.3,67.08509433962261
2868.4,67.03792452830189
2868.5,67.02
2868.6,67.03421487603309
2868.7,67.06178861788618
2868.8,67.069918699187
2868.9,67.06181818181818
2869.0,67.03442622950817
2869.1,67.0670588235294
2869.2,67.10806451612908
2869.3,66.98033333333062
2869.4,66.21366666666589
2869.5,66.04299212598336
2869.6,67.02206896551719
2869.7,67.05655172413786
2869.8,67.06
2869.9,67.03579831932772
2870.0,66.99695652173914
2870.1,67.00220338983053
2870.2,67.05347107438018
2870.3,66.97082644628078
2870.4,67.04681034482772
2870.5,67.11773913043473
2870.6,67.11733333333339
2870.7,67.08488188976384
2870.8,67.05094827586198
2870.9,67.01208333333338
2871.0,67.05375000000005
2871.1,67.06
2871.2,67.03773913043487
2871.3,66.99887931034483
2871.4,66.99560344827579
2871.5,67.0543801652893
2871.6,67.02132231404956
2871.7,67.08678260869551
2871.8,67.06538461538447
2871.9,67.02754385964903
2872.0,67.01
2872.1,67.01286885245901
2872.2,67.02
2872.3,67.02
2872.4,67.05092436974789
2872.5,67.05396694214875
2872.6,67.03335999999996
2872.7,67.01217741935484
2872.8,67.01482758620662
2872.9,66.8424137931033
2873.0,66.8125
2873.1,66.95689655172397
2873.2,66.91724137931072
2873.3,66.84991803278743
2873.4,67.02435897435903
2873.5,67.05
2873.6,66.85341880341929
2873.7,66.848376068376
2873.8,66.84235294117639
2873.9,66.81561497326196
2874.0,66.78956896551719
2874.1,66.78
2874.2,66.39440677966242
2874.3,65.67125000000333
2874.4,66.79625000000333
2874.5,66.82198347107436
2874.6,66.79643410852711
2874.7,66.79247787610618
2874.8,66.80163934426226
2874.9,66.78406779661023
2875.0,66.81796610169495
2875.1,66.79039370078738
2875.2,66.78
2875.3,66.78
2875.4,66.78780487804877
2875.5,66.82034188034194
2875.6,66.85452991452989
2875.7,66.83128205128214
2875.8,66.80646464646463
2875.9,66.78626262626263
2876.0,66.78
2876.1,66.79695999999996
2876.2,66.82
2876.3,66.81889830508472
2876.4,66.81042372881357
2876.5,66.74333333333323
2876.6,66.76432203389825
2876.7,66.79588235294113
2876.8,66.81352000000003
2876.9,66.81371900826439
2877.0,66.78066115702478
2877.1,66.78
2877.2,66.78
2877.3,66.79403225806453
2877.4,66.82416666666673
2877.5,66.85521367521363
2877.6,66.82102564102568
2877.7,66.82
2877.8,66.8133620689655
2877.9,66.79394736842102
2878.0,66.79516129032255
2878.1,66.82779661016939
2878.2,66.85612068965544
2878.3,66.77853448275859
2878.4,66.73983050847458
2878.5,66.77896551724133
2878.6,66.68198275862106
2878.7,66.53672268907566
2878.8,66.57999999999996
2878.9,66.81965517241379
2879.0,66.81103448275864
2879.1,66.78724137931042
2879.2,66.65076923076954
2879.3,66.57470085470086
2879.4,66.58
2879.5,66.5731623931624
2879.6,66.54
2879.7,66.54
2879.8,66.56120689655181
2879.9,66.52285714285703
2880.0,66.51448275862066
2880.1,66.56125000000011
2880.2,66.48312500000029
2880.3,66.52760330578528
2880.4,66.54
2880.5,66.54
2880.6,66.54
2880.7,66.53538461538461
2880.8,66.48410256410247
2880.9,66.45055999999997
2881.0,66.44
2881.1,66.47606557377043
2881.2,66.5273770491804
2881.3,66.47
2881.4,66.4456097560975
2881.5,66.52836065573774
2881.6,66.56211382113827
2881.7,66.54793388429744
2881.8,66.56733870967741
2881.9,66.54314516129031
2882.0,66.49088709677412
2882.1,66.47533898305085
2882.2,66.483813559322
2882.3,66.48765217391303
2882.4,66.47578947368416
2882.5,66.44070175438594
2882.6,66.52235294117634
2882.7,66.49540322580654
2882.8,66.45636363636358
2882.9,66.46881355932214
2883.0,66.53186440677962
2883.1,66.48101694915252
2883.2,66.44530973451337
2883.3,66.5336440677967
2883.4,66.54276422764228
2883.5,66.53788617886173
2883.6,66.54762295081993
2883.7,66.44106557377071
2883.8,66.43188524590163
2883.9,66.43616000000002
2884.0,66.45808695652175
2884.1,66.47683760683762
2884.2,66.46504132231405
2884.3,66.44024793388424
2884.4,66.44
2884.5,66.40478260869567
2884.6,66.39
2884.7,66.39
2884.8,66.41593220338993
2884.9,66.47860869565217
2885.0,66.4693162393161
2885.1,66.4009401709402
2885.2,66.39
2885.3,66.28618320610643
2885.4,66.26338842975252
2885.5,66.4380672268908
2885.6,66.4884873949579
2885.7,66.473275862069
2885.8,66.41815999999992
2885.9,66.41276422764228
2886.0,66.37024390243926
2886.1,66.20605042016753
2886.2,66.46655462184863
2886.3,66.33151685393227
2886.4,66.20373913043468
2886.5,66.38634782608703
2886.6,66.39
2886.7,66.24352941176498
2886.8,66.18
2886.9,66.18
2887.0,66.19282051282059
2887.1,66.25132812499984
2887.2,66.41539062499949
2887.3,66.47695652173921
2887.4,66.41159999999981
2887.5,66.27105263157884
2887.6,66.1580172413793
2887.7,66.18130434782609
2887.8,66.19
2887.9,66.22278688524591
2888.0,66.19749999999999
2888.1,66.16573770491807
2888.2,66.15892561983465
2888.3,66.18
2888.4,66.18
2888.5,66.18
2888.6,66.18
2888.7,66.15391304347828
2888.8,66.16068965517248
2888.9,66.18
2889.0,66.16754098360668
2889.1,66.10196721311485
2889.2,66.2000793650793
2889.3,66.19939655172398
2889.4,66.16225806451608
2889.5,66.1505982905983
2889.6,66.18
2889.7,66.18
2889.8,66.18
2889.9,66.15182608695653
2890.0,66.16146341463416
2890.1,66.18
2890.2,66.18
2890.3,66.18
2890.4,66.14694214876026
2890.5,66.19780487804888
2890.6,66.2058620689655
2890.7,66.19379310344827
2890.8,66.18842105263114
2890.9,66.08680672268942
2891.0,66.25487394957982
2891.1,66.15258064516124
2891.2,66.03975806451626
2891.3,66.0409166666669
2891.4,66.18926829268315
2891.5,66.36
2891.6,66.15508196721304
2891.7,66.0920276497696
2891.8,66.06898617511516
2891.9,66.10815789473695
2892.0,66.11504132231406
2892.1,66.06
2892.2,66.07076923076896
2892.3,66.2502564102565
2892.4,66.29803149606299
2892.5,66.21000000000001
2892.6,66.07859504132233
2892.7,66.0146703296703
2892.8,66.04214285714295
2892.9,66.09104838709699
2893.0,66.15991666666669
2893.1,66.06825000000002
2893.2,66.13583333333331
2893.3,66.21153225806468
2893.4,66.13350427350395
2893.5,65.95296874999995
2893.6,65.93299999999994
2893.7,66.08299999999993
2893.8,66.10333333333331
2893.9,66.10487603305786
2894.0,66.09146341463415
2894.1,66.05846774193543
2894.2,66.11491935483869
2894.3,66.0062499999999
2894.4,66.02195121951212
2894.5,66.10102564102554
2894.6,66.10918032786887
2894.7,65.96762711864405
2894.8,66.05237288135595
2894.9,65.9887826086956
2895.0,66.06172413793107
2895.1,66.0856097560976
2895.2,66.06300813008129
2895.3,66.06317073170726
2895.4,66.01439024390245
2895.5,66.05512396694206
2895.6,66.10708609271512
2895.7,66.12686956521762
2895.8,66.01205128205147
2895.9,66.06333333333338
2896.0,66.07
2896.1,66.07
2896.2,65.95552631578953
2896.3,66.00588235294146
2896.4,66.07862068965521
2896.5,66.0447863247864
2896.6,65.94263157894723
2896.7,66.00278195488711
2896.8,66.06966101694933
2896.9,66.03878048780479
2897.0,66.05875000000009
2897.1,66.87305084745918
2897.2,74.29756521738912
2897.3,129.7149565218246
2897.4,220.89384615409315
2897.5,250.10222222223237
2897.6,273.8580172413561
2897.7,282.11409090916385
2897.8,237.7605172413448
2897.9,215.7777586206724
2898.0,229.46438016527424
2898.1,243.1309756097319
2898.2,264.6001724136763
2898.3,280.8537931034315
2898.4,243.10911504425653
2898.5,188.73743362829453
2898.6,224.1124793387982
2898.7,246.561818181766
2898.8,217.9209836064844
2898.9,192.0185714286043
2899.0,237.27076923075532
2899.1,252.14256410257045
2899.2,215.80307692315247
2899.3,250.2871052632132
2899.4,230.87726562491133
2899.5,224.7647500000708
2899.6,267.08408333348115
2899.7,194.8424166668145
2899.8,247.5254330709724
2899.9,284.8742105263454
2900.0,248.5724806201251
2900.1,197.74686956519668
2900.2,227.67063999995835
2900.3,240.2466400000041
2900.4,236.5842741935434
2900.5,201.46101694910732
2900.6,201.63285714283944
2900.7,232.41480000008053
2900.8,196.60655462194384
2900.9,258.825042016771
2901.0,254.632857142879
2901.1,237.79102040819296
2901.2,297.53069565210734
2901.3,261.26491935470835
2901.4,248.4426612903534
2901.5,275.4305128204877
2901.6,231.40239669417304
2901.7,252.8073553718228
2901.8,283.7865573770818
2901.9,269.4952892561969
2902.0,234.931311475431
2902.1,218.50042016804352
2902.2,243.622608695649
2902.3,244.70956521739416
2902.4,194.18358974356067
2902.5,208.56294117651407
2902.6,238.004146341482
2902.7,234.1572500000462
2902.8,191.20793388432168
2902.9,249.6294214877482
2903.0,231.1717647058569
2903.1,250.79119047612767
2903.2,263.2607142857789
2903.3,235.329210526212
2903.4,198.8122881355965
2903.5,200.8885593220364
2903.6,216.0417391304106
2903.7,261.11965517225315
2903.8,262.7723966941944
2903.9,238.47959677418532
2904.0,258.01466101695473
2904.1,286.9553389830453
2904.2,234.96000000004295
2904.3,210.82188034187237
2904.4,219.89387096776636
2904.5,237.13944444443976
2904.6,232.5283333333403
2904.7,189.67566371685845
2904.8,219.2696610170937
2904.9,236.86157894737843
2905.0,272.8683050848516
2905.1,290.4895934958656
2905.2,223.58756097561
2905.3,222.929024390242
2905.4,270.9942735043012
2905.5,261.50025641023
2905.6,250.19526315790156
2905.7,255.73615384615425
2905.8,254.4059504132177
2905.9,249.9908800000002
2906.0,249.53488000000064
2906.1,254.52956140349212
2906.2,247.309230769263
2906.3,242.82400000001505
2906.4,245.5475862069011
2906.5,239.01032258063395
2906.6,249.9458064516097
2906.7,250.11254237288188
2906.8,251.0283471074422
2906.9,181.17314049574017
2907.0,87.36752066115727
2907.1,87.20145161290033
2907.2,88.51596774193355
2907.3,88.80290598290611
2907.4,126.65884297515512
2907.5,191.76694214869727
2907.6,246.85194915254112
2907.7,244.54631578947323
2907.8,240.94982456139104
2907.9,235.0538983050664
2908.0,232.3643478260858
2908.1,233.53831932772596
2908.2,234.6883606557411
2908.3,233.39999999999748
2908.4,231.8479338842978
2908.5,231.24462809917256
2908.6,231.13
2908.7,232.5456779660937
2908.8,233.9412389380536
2908.9,241.408275862092
2909.0,258.08769230769235
2909.1,254.9355555556388
2909.2,221.4911111111488
2909.3,222.3430769230881
2909.4,217.39352459015367
2909.5,217.3873913043452
2909.6,224.02538461540192
2909.7,217.66129310343797
2909.8,230.82508620693577
2909.9,183.403770491818
2910.0,176.0362499999925
2910.1,190.8808333333088
2910.2,226.45166666654225
2910.3,275.51649999998244
2910.4,198.36649999998247
2910.5,236.07975409838969
2910.6,245.77409836067312
2910.7,208.76634146357455
2910.8,155.4087179487213
2910.9,160.33080000008778
2911.0,240.74680000001464
2911.1,239.75480000001556
2911.2,236.57899159661187
2911.3,236.48559999998776
2911.4,214.76433333333952
2911.5,187.5310000000062
2911.6,251.77935999992263
2911.7,251.81800000005143
2911.8,235.2334959349806
2911.9,246.20152000002795
2912.0,266.4255200000096
2912.1,199.28603448278025
2912.2,220.3307936506906
2912.3,248.0591735537551
2912.4,246.70008264452576
2912.5,217.52868852460333
2912.6,232.2336065573409
2912.7,222.69200000003175
2912.8,192.2379999999313
2912.9,187.7464800000353
2913.0,214.16884297521267
2913.1,237.0136974790536
2913.2,195.4086554623343
2913.3,191.1870338983056
2913.4,201.3413793103404
2913.5,252.443913043465
2913.6,272.0485245902339
2913.7,207.15196581182104
2913.8,249.47675213685744
2913.9,253.00655172414332
2914.0,182.21579831934088
2914.1,203.90896551712527
2914.2,255.12538461536408
2914.3,259.8615652173099
2914.4,244.41655172416077
2914.5,273.52
2914.6,214.03239669431548
2914.7,193.2055000000216
2914.8,193.36803418804183
2914.9,218.34551724134093
2915.0,235.54298245626305
2915.1,172.28962264148416
2915.2,182.1198113207421
2915.3,205.24100840345736
2915.4,241.9991452991657
2915.5,266.32192982465824
2915.6,214.71563025203253
2915.7,238.23663865543432
2915.8,238.50918032786544
2915.9,197.5600000000142
2916.0,162.875126050413
2916.1,185.10025862049315
2916.2,254.02033613452755
2916.3,231.8270588234641
2916.4,239.07706896554745
2916.5,228.9496774193505
2916.6,208.33135593223696
2916.7,213.3796551722629
2916.8,275.90207100587764
2916.9,254.00266272185692
2917.0,234.5711999999806
2917.1,226.5399999999934
2917.2,255.53999999988352
2917.3,245.4053333333284
2917.4,268.7662184874543
2917.5,269.03499999999406
2917.6,245.86076271191763
2917.7,226.1308849557589
2917.8,219.76793103435676
2917.9,172.4920689654283
2918.0,209.33813559328505
2918.1,233.9550000000139
2918.2,234.7094736842133
2918.3,224.95374999997983
2918.4,217.51228070174915
2918.5,209.9566956521827
2918.6,189.7914782608584
2918.7,304.162881355528
2918.8,265.0624999999734
2918.9,223.25727272725075
2919.0,251.9149999999848
2919.1,252.30561983488943
2919.2,160.87586776892834
2919.3,183.4553846154585
2919.4,225.741724138006
2919.5,242.4799999999944
2919.6,236.47999999999905
2919.7,228.04638655463705
2919.8,206.6738399999564
2919.9,199.07
2920.0,231.99338709669487
2920.1,273.5901612902738
2920.2,258.37677966104434
2920.3,234.22923076920455
2920.4,213.06512820511352
2920.5,218.3805263158285
2920.6,243.54278260869685
2920.7,241.65186440678585
2920.8,239.73661016948972
2920.9,231.99655172413668
2921.0,212.854700854677
2921.1,205.5615200000013
2921.2,200.94517241379089
2921.3,197.71842105276923
2921.4,233.14172413800935
2921.5,262.5382758621243
2921.6,257.8130769230808
2921.7,236.58200000004683
2921.8,218.9000826446144
2921.9,227.34719999999808
2922.0,277.0259016393643
2922.1,254.67344262296248
2922.2,238.0971666666736
2922.3,239.66170940173947
2922.4,231.6781034482505
2922.5,219.4724347826277
2922.6,253.0534782608817
2922.7,265.7926086956265
2922.8,224.64338709663963
2922.9,237.14418032789615
2923.0,247.10464000000968
2923.1,226.12310344838505
2923.2,184.7453124998773
2923.3,232.7062500001636
2923.4,242.11025641025952
2923.5,203.88711999999575
2923.6,174.05299999999585
2923.7,187.20457627117167
2923.8,215.9633333335589
2923.9,278.79666666681703
2924.0,212.99000000009107
2924.1,226.35067796596584
2924.2,246.8723333333602
2924.3,218.84754098347736
2924.4,165.44666666679166
2924.5,231.4133333332084
2924.6,253.74937007869195
2924.7,254.03975206613197
2924.8,255.93172413799897
2924.9,261.7051724137062
2925.0,231.021929824466
2925.1,186.74122807013305
2925.2,293.8766666664947
2925.3,242.11921874992183
2925.4,219.9771794872021
2925.5,253.56587301587533
2925.6,250.6403448277553
2925.7,160.76965517265336
2925.8,143.23982905979454
2925.9,108.5455462184094
2926.0,89.75737704918016
2926.1,89.61059829059822
2926.2,89.44201612903267
2926.3,89.15975806451505
2926.4,89.10847457627118
2926.5,88.8717391304349
2926.6,88.75
2926.7,88.75386554621846
2926.8,88.77144067796613
2926.9,88.789173553719
2927.0,88.5577685950417
2927.1,88.49173913043482
2927.2,88.45888429752071
2927.3,88.42995867768592
2927.4,88.4127192982456
2927.5,85.78983739840201
2927.6,70.31829268297489
2927.7,69.76275862068809
2927.8,69.78399999999984
2927.9,69.72399999999996
2928.0,69.65603305785143
2928.1,69.51512195121956
2928.2,69.58829268292678
2928.3,69.542564102564
2928.4,69.51412280701754
2928.5,69.46059322033908
2928.6,69.39710743801655
2928.7,69.38305785123981
2928.8,69.33347107437999
2928.9,69.27663934426225
2929.0,69.3150862068965
2929.1,69.3097560975611
2929.2,69.23161290322604
2929.3,69.16066666666704
2929.4,69.29400000000037
2929.5,69.16691056910544
2929.6,69.04445378151263
2929.7,69.02066666666657
2929.8,69.07409448818902
2929.9,69.08984251968508
2930.0,68.342
2930.1,67.92934426229301
2930.2,68.97852459016225
2930.3,69.08525862068983
2930.4,68.98827586206876
2930.5,68.86652173913052
2930.6,68.86416666666642
2930.7,68.9301639344263
2930.8,68.8035897435867
2930.9,67.59846153846154
2931.0,68.80529411764898
2931.1,69.01312499999992
2931.2,68.87442622950817
2931.3,68.8927868852458
2931.4,68.86
2931.5,68.81934959349599
2931.6,68.81
2931.7,68.86438596491217
2931.8,68.25101694914905
2931.9,67.64384615384795
2932.0,68.68677419354832
2932.1,68.81580645161291
2932.2,68.85282051282046
2932.3,68.77562499999996
2932.4,68.66193277310926
2932.5,68.5944628099174
2932.6,68.6487301587302
2932.7,68.61698412698424
2932.8,68.68333333333348
2932.9,68.72
2933.0,68.64276422764229
2933.1,68.48844262295069
2933.2,68.61139344262287
2933.3,68.65750000000004
2933.4,68.67
2933.5,68.61156521739147
2933.6,68.54389473684206
2933.7,68.5859999999999
2933.8,68.5957851239669
2933.9,68.5628455284553
2934.0,68.5303252032521
2934.1,68.60363636363637
2934.2,68.58854838709685
2934.3,68.50482758620679
2934.4,68.42344827586207
2934.5,68.44087719298236
2934.6,68.55372881355969
2934.7,68.3503389830513
2934.8,68.28462184873948
2934.9,68.41199999999995
2935.0,68.42947368421066
2935.1,68.32681034482759
2935.2,68.32173553719005
2935.3,68.33
2935.4,68.36278688524591
2935.5,68.4427118644068
2935.6,68.38
2935.7,68.24535433070868
2935.8,68.18666666666712
2935.9,68.31487179487192
2936.0,68.32
2936.1,68.26067796610191
2936.2,68.21563025210085
2936.3,68.22790697674432
2936.4,68.27305785123981
2936.5,68.09950413223119
2936.6,68.17796747967486
2936.7,68.1684615384617
2936.8,68.11688000000002
2936.9,68.13878048780488
2937.0,68.1875609756097
2937.1,68.09500000000011
2937.2,68.0638524590164
2937.3,68.04276422764217
2937.4,68.07172413793138
2937.5,68.21634782608693
2937.6,68.19026086956526
2937.7,68.07710526315826
2937.8,68.06708333333334
2937.9,67.99601626016256
2938.0,67.99649999999994
2938.1,68.08393442622958
2938.2,67.92
2938.3,67.91186991869915
2938.4,68.01016260162626
2938.5,68.07
2938.6,68.03333333333347
2938.7,67.94482758620694
2938.8,67.88517241379337
2938.9,67.97137931034503
2939.0,67.94896551724132
2939.1,68.06333333333325
2939.2,68.05557377049213
2939.3,67.91
2939.4,67.90915966386552
2939.5,67.89235294117648
2939.6,67.86109243697479
2939.7,67.83063583815031
2939.8,67.80173410404619
2939.9,67.80783333333335
2940.0,67.8346666666667
2940.1,67.8546551724138
2940.2,67.84017391304351
2940.3,67.8039655172414
2940.4,67.81943089430894
2940.5,67.81130081300813
2940.6,67.81
2940.7,67.74641025641047
2940.8,67.75322314049592
2940.9,67.85040000000005
2941.0,67.81040000000009
2941.1,67.81
2941.2,67.81
2941.3,67.83254098360662
2941.4,67.80210526315808
2941.5,67.65181034482768
2941.6,67.6150847457622
2941.7,67.78457627118587
2941.8,67.81
2941.9,67.67731707317037
2942.0,67.60432203389837
2942.1,67.63886956521739
2942.2,67.59440677966045
2942.3,67.79779661016977
2942.4,67.61551724137918
2942.5,67.57
2942.6,67.58818181818175
2942.7,67.68264957264898
2942.8,67.82336206896491
2942.9,67.60964912280694
2943.0,67.57456140350874
2943.1,67.57
2943.2,67.57
2943.3,67.58457627118648
2943.4,67.60199999999998
2943.5,67.57
2943.6,67.57854700854699
2943.7,67.57314049586778
2943.8,67.57
2943.9,67.58533333333338
2944.0,67.62101694915248
2944.1,67.65652173913051
2944.2,67.6130434782609
2944.3,67.57975609756089
2944.4,67.57
2944.5,67.58560975609754
2944.6,67.61
2944.7,67.60957264957268
2944.8,67.60102564102561
2944.9,67.57704347826086
2945.0,67.57
2945.1,67.57
2945.2,67.51575000000024
2945.3,67.36
2945.4,67.36
2945.5,67.3913793103448
2945.6,67.52499999999995
2945.7,67.48950819672166
2945.8,67.33025000000005
2945.9,67.41267241379322
2946.0,67.5937068965517
2946.1,67.61
2946.2,67.52097560975623
2946.3,67.39902439024355
2946.4,67.35423728813556
2946.5,67.35434782608696
2946.6,67.3843478260869
2946.7,67.42750000000002
2946.8,67.36499999999988
2946.9,67.36
2947.0,67.36
2947.1,67.36
2947.2,67.36
2947.3,67.34867187499998
2947.4,67.30973913043474
2947.5,67.28365217391307
2947.6,67.33931034482744
2947.7,67.36
2947.8,67.33629310344814
2947.9,67.32344827586215
2948.0,67.34192982456135
2948.1,67.30307692307693
2948.2,67.22615384615403
2948.3,67.32557377049206
2948.4,67.33131147540983
2948.5,67.28983193277315
2948.6,67.27169354838708
2948.7,67.31
2948.8,67.31
2948.9,67.25516129032248
2949.0,67.295
2949.1,67.31333333333352
2949.2,67.23663865546212
2949.3,67.3078906249999
2949.4,67.23757812500004
2949.5,67.06756097560962
2949.6,66.99131147540983
2949.7,67.09190082644561
2949.8,67.28749999999997
2949.9,67.03750000000015
2950.0,67.05234782608697
2950.1,67.00149999999996
2950.2,66.99416666666659
2950.3,67.00416666666665
2950.4,66.97
2950.5,66.97086956521757
2950.6,67.05782608695644
2950.7,67.00582089552255
2950.8,67.0140677966103
2950.9,67.08370967741942
2951.0,67.11098360655721
2951.1,67.02081967213128
2951.2,67.01745762711863
2951.3,66.96705882352936
2951.4,66.3394736842115
2951.5,66.0716814159275
2951.6,67.01047619047625
2951.7,66.97079365079381
2951.8,67.04669565217402
2951.9,67.06
2952.0,67.08153846153846
2952.1,67.06743362831865
2952.2,67.0284615384615
2952.3,67.04452991452987
2952.4,67.0103418803418
2952.5,67.05194915254246
2952.6,67.03182608695653
2952.7,67.02
2952.8,67.02
2952.9,67.02
2953.0,67.02
2953.1,67.02
2953.2,67.02
2953.3,67.04372881355938
2953.4,66.94983050847424
2953.5,66.8705084745765
2953.6,67.02520325203254
2953.7,67.05772357723575
2953.8,66.8642105263152
2953.9,66.82
2954.0,66.8811304347824
2954.1,66.97239316239335
2954.2,66.81889830508413
2954.3,66.99686440677979
2954.4,66.90302521008374
2954.5,66.86
2954.6,66.82620689655174
2954.7,66.78
2954.8,66.7846153846154
2954.9,66.80975609756092
2955.0,66.78536585365852
2955.1,66.82273972602732
2955.2,66.48206896552075
2955.3,65.66355932203481
2955.4,66.74830508474626
2955.5,66.77844827586206
2955.6,66.8080341880341
2955.7,66.82
2955.8,66.81692307692306
2955.9,66.80339130434776
2956.0,66.77031746031744
2956.1,66.77825396825396
2956.2,66.78
2956.3,66.80100000000004
2956.4,66.81638655462184
2956.5,66.82034482758615
2956.6,66.8572173913044
2956.7,66.82243478260871
2956.8,66.78899999999999
2956.9,66.80354838709677
2957.0,66.82
2957.1,66.80896551724148
2957.2,66.77515151515163
2957.3,66.74484848484846
2957.4,66.7291525423729
2957.5,66.78
2957.6,66.78
2957.7,66.84461538461515
2957.8,66.83473684210527
2957.9,66.79641025641025
2958.0,66.78885245901643
2958.1,66.80540983606555
2958.2,66.77262295081975
2958.3,66.80092436974789
2958.4,66.67123966942133
2958.5,66.67645161290328
2958.6,66.80317073170737
2958.7,66.78330578512374
2958.8,66.84942148760352
2958.9,66.83176470588228
2959.0,66.81444444444445
2959.1,66.81
2959.2,66.81288135593218
2959.3,66.81448275862066
2959.4,66.78
2959.5,66.78
2959.6,66.66313043478263
2959.7,66.73896551724133
2959.8,66.8026229508196
2959.9,66.78756097560974
2960.0,66.80803278688529
2960.1,66.78344262295086
2960.2,66.62431034482795
2960.3,66.57598290598291
2960.4,66.53391304347828
2960.5,66.578275862069
2960.6,66.72453781512628
2960.7,66.48151260504187
2960.8,66.53193277310942
2960.9,66.56823529411771
2961.0,79.26620689656397
2961.1,79.57339130437195
2961.2,66.5688524590165
2961.3,66.4280672268893
2961.4,65.49529411764756
2961.5,66.285
2961.6,66.55303278688524
2961.7,66.55540983606555
2961.8,66.57212598425194
2961.9,66.54062992125984
2962.0,66.57350427350434
2962.1,66.54733870967743
2962.2,66.55317073170723
2962.3,66.56885245901634
2962.4,66.54
2962.5,66.54
2962.6,66.56267716535433
2962.7,66.57
2962.8,66.55847999999995
2962.9,66.53619834710742
2963.0,66.52082644628096
2963.1,66.56214876033049
2963.2,66.48297520661166
2963.3,66.52292682926881
2963.4,66.5580165289253
2963.5,66.45691056910576
2963.6,66.56260162601619
2963.7,66.5469421487604
2963.8,66.50459016393432
2963.9,66.51813559322049
2964.0,66.55905982905979
2964.1,66.53129310344826
2964.2,66.53991379310344
2964.3,66.54
2964.4,66.47070175438583
2964.5,66.49603448275867
2964.6,66.51443478260876
2964.7,66.46866666666678
2964.8,66.44
2964.9,66.44
2965.0,66.44
2965.1,66.49666666666651
2965.2,66.55560975609748
2965.3,66.56124999999992
2965.4,66.48256198347092
2965.5,66.33380165289266
2965.6,66.46931034482729
2965.7,66.50068965517252
2965.8,66.45777777777768
2965.9,66.41870967741929
2966.0,66.39573913043478
2966.1,66.44791304347831
2966.2,66.30931034482757
2966.3,66.40413793103508
2966.4,66.47600000000003
2966.5,66.50818181818175
2966.6,66.48107438016594
2966.7,66.23426229508186
2966.8,66.44737704918047
2966.9,66.31666666666666
2967.0,66.33413223140478
2967.1,66.45547619047612
2967.2,66.49
2967.3,66.49
2967.4,66.32590163934424
2967.5,66.21867768595048
2967.6,66.18387096774192
2967.7,66.18789473684211
2967.8,66.18854700854719
2967.9,66.27401709401705
2968.0,66.28
2968.1,66.28
2968.2,66.24129032258072
2968.3,66.20024793388428
2968.4,66.18
2968.5,66.18
2968.6,66.19735537190047
2968.7,66.3709090909091
2968.8,66.24047999999934
2968.9,66.15866666666663
2969.0,66.14
2969.1,66.1474561403508
2969.2,66.18872881355945
2969.3,66.14635593220333
2969.4,66.14
2969.5,66.19153846153839
2969.6,66.20807017543872
2969.7,66.18
2969.8,66.21381355932247
2969.9,66.38795081967172
2970.0,66.18303278688552
2970.1,66.16633333333327
2970.2,66.1550000000001
2970.3,66.13330645161292
2970.4,66.15264462809937
2970.5,66.22702479338851
2970.6,66.19065573770501
2970.7,66.15612903225815
2970.8,66.17389830508489
2970.9,66.19951999999991
2971.0,66.14239316239318
2971.1,66.17658119658114
2971.2,66.20999999999992
2971.3,66.15529411764699
2971.4,66.14025423728812
2971.5,66.16871794871795
2971.6,66.14
2971.7,66.14067796610168
2971.8,66.17457627118657
2971.9,66.2158974358975
2972.0,66.2023140495868
2972.1,66.17626016260165
2972.2,66.17
2972.3,66.16342105263143
2972.4,66.03184210526317
2972.5,66.2811304347828
2972.6,66.32445378151263
2972.7,66.23137931034512
2972.8,66.17411764705889
2972.9,66.19913793103454
2973.0,66.1048717948719
2973.1,66.0194017094017
2973.2,66.19365079365038
2973.3,66.24307692307681
2973.4,66.21637795275589
2973.5,66.17885245901671
2973.6,66.01491803278715
2973.7,66.12829268292649
2973.8,66.17213114754101
2973.9,66.15399999999991
2974.0,66.12434389140275
2974.1,66.13791855203621
2974.2,66.15066666666667
2974.3,66.1567272727273
2974.4,66.11999999999983
2974.5,66.05735042735043
2974.6,66.05119658119659
2974.7,66.05974358974358
2974.8,66.06
2974.9,65.9979310344828
2975.0,66.04724137931018
2975.1,66.11
2975.2,66.08360000000008
2975.3,66.0080327868852
2975.4,65.98344262295085
2975.5,66.05989071038232
2975.6,66.15
2975.7,66.15
2975.8,66.21721311475422
2975.9,66.2256097560976
2976.0,66.15572649572663
2976.1,66.07417322834645
2976.2,66.1450393700787
2976.3,66.07846153846143
2976.4,66.06
2976.5,66.08086956521741
2976.6,66.08846153846153
2976.7,66.02258064516155
2976.8,65.86655737704976
2976.9,66.03049180327872
2977.0,66.09360655737704
2977.1,66.02147540983603
2977.2,65.97222222222217
2977.3,66.05139344262287
2977.4,66.01040983606548
2977.5,65.97586206896545
2977.6,66.03384615384611
2977.7,66.00789473684227
2977.8,66.03169491525443
2977.9,66.09827586206893
2978.0,66.03275862068958
2978.1,65.83261538461532
2978.2,65.96338461538433
2978.3,66.03724137931042
2978.4,65.99411764705886
2978.5,65.94822033898292
2978.6,66.00214876033068
2978.7,65.96082644628116
2978.8,188.2190163935449
2978.9,222.89100000000565
2979.0,225.2745217391309
2979.1,238.47516949143736
2979.2,264.7135344827485
2979.3,267.6180314960621
2979.4,266.161338582677
2979.5,272.8385950413105
2979.6,253.48776859507345
2979.7,215.0866666667038
2979.8,190.7721951219593
2979.9,227.2843902438633
2980.0,183.87300813002676
2980.1,196.2298360655525
2980.2,226.3908333332773
2980.3,235.2133870967041
2980.4,212.59297520680587
2980.5,275.6425619835588
2980.6,235.60436507942396
2980.7,242.4148360654788
2980.8,265.3826446280375
2980.9,239.0786666666436
2981.0,213.69533333331023
2981.1,278.3062295080387
2981.2,253.7108270678297
2981.3,242.8246902656148
2981.4,272.9867213114112
2981.5,238.85450000000947
2981.6,231.92950000000943
2981.7,262.2042975205588
2981.8,247.5166666666028
2981.9,205.35769230760383
2982.0,213.38130434783196
2982.1,233.82454545451856
2982.2,224.24125000014428
2982.3,176.45526315802152
2982.4,217.20964912288505
2982.5,230.7344628099203
2982.6,242.11051724137036
2982.7,265.1312499999631
2982.8,259.0373913041634
2982.9,209.11279999998888
2983.0,270.3767999999332
2983.1,204.43102564101437
2983.2,234.6883999999849
2983.3,276.9513793104386
2983.4,279.01068376060147
2983.5,239.4795652173844
2983.6,207.70421052634453
2983.7,234.3884210526284
2983.8,240.50060344829055
2983.9,211.6581578946368
2984.0,235.8115517242399
2984.1,268.5836974789903
2984.2,260.37756521741807
2984.3,247.3633050847503
2984.4,230.57516949153643
2984.5,226.4575409836076
2984.6,254.26104347828007
2984.7,254.92206896557
2984.8,238.59666666666664
2984.9,244.1596551724126
2985.0,249.0173333333855
2985.1,191.7006666667188
2985.2,214.73440944876677
2985.3,244.9712500000713
2985.4,251.95365079360596
2985.5,228.0185344827705
2985.6,190.0961206896968
2985.7,235.61363636349944
2985.8,247.23737704917733
2985.9,255.9674193548441
2986.0,264.93578512398614
2986.1,249.80098360655265
2986.2,239.24360655740773
2986.3,291.1327272729093
2986.4,265.947619047468
2986.5,236.19181818181
2986.6,270.1543902439265
2986.7,256.8860975610168
2986.8,205.50090909092123
2986.9,228.75059322028912
2987.0,239.70293103451797
2987.1,233.8838793102974
2987.2,250.0942499999912
2987.3,253.3337391304539
2987.4,265.1250434782917
2987.5,258.7006666666721
2987.6,252.40389830509528
2987.7,244.56130434784495
2987.8,235.9391666666564
2987.9,233.82440677964456
2988.0,247.5871186440461
2988.1,250.75641666666212
2988.2,257.2327272727054
2988.3,256.0105785123799
2988.4,250.4324999999982
2988.5,250.30094827585717
2988.6,254.24060344826785
2988.7,244.3461538461609
2988.8,151.2107017540394
2988.9,99.90770491802247
2989.0,88.05649999999827
2989.1,92.29619834708456
2989.2,110.20410256371052
2989.3,227.48615384645476
2989.4,243.32758620690063
2989.5,249.1658620689747
2989.6,247.35973913044157
2989.7,239.65655172415447
2989.8,234.9518103448264
2989.9,233.73076923076889
2990.0,232.62820512820323
2990.1,233.28245614035143
2990.2,236.84224137930968
2990.3,238.93208695652336
2990.4,239.58717948718024
2990.5,238.90956521738627
2990.6,231.9262500000295
2990.7,205.96791666669617
2990.8,180.44892561978872
2990.9,196.3404724409743
2991.0,207.08105590062013
2991.1,195.61521739131797
2991.2,196.20619834710024
2991.3,194.47314049586765
2991.4,199.76145299144767
2991.5,236.56439655176644
2991.6,309.9771304348158
2991.7,249.9510434784721
2991.8,259.54213114755686
2991.9,189.98016666653243
2992.0,183.76819672127917
2992.1,255.11460869548503
2992.2,305.3859482759356
2992.3,263.1578632478547
2992.4,258.9441880341901
2992.5,235.800000000042
2992.6,203.98966666672888
2992.7,202.58426086951937
2992.8,239.1350000001497
2992.9,270.81502645498534
2993.0,254.5504761904762
2993.1,249.6975438595964
2993.2,261.8646153848055
2993.3,198.32615384596863
2993.4,244.1824793389077
2993.5,261.308217054269
2993.6,250.73909090909436
2993.7,227.2794214876102
2993.8,222.18851239666324
2993.9,192.7587603305973
2994.0,185.550487804884
2994.1,194.68823529409312
2994.2,217.56649999998584
2994.3,229.2426984124954
2994.4,171.84587301581502
2994.5,184.62034482758867
2994.6,209.1822222221681
2994.7,268.29352941161847
2994.8,268.28355932168904
2994.9,207.296260869682
2995.0,247.6317886178954
2995.1,222.64804878052936
2995.2,185.06875000002236
2995.3,188.73500000007343
2995.4,221.16067796609667
2995.5,246.704545454545
2995.6,247.21191666666869
2995.7,246.40358333333532
2995.8,228.6614285713651
2995.9,243.7270833333932
2996.0,274.59965811965526
2996.1,273.73487999999287
2996.2,249.1508800000152
2996.3,251.16537190083565
2996.4,259.6544094488335
2996.5,263.51130434782687
2996.6,263.39749999998
2996.7,271.3830158730143
2996.8,272.1131746031772
2996.9,242.0657377048886
2997.0,222.26573770492024
2997.1,207.43727272728773
2997.2,191.3875630251854
2997.3,201.48
2997.4,233.25586206894064
2997.5,240.72699999999745
2997.6,229.4903278688653
2997.7,217.9285000000005
2997.8,226.7625423730203
2997.9,269.36799999999096
2998.0,279.317999999991
2998.1,229.9858974358833
2998.2,232.10661157023304
2998.3,253.37203125001645
2998.4,261.4611475409893
2998.5,272.41196721312457
2998.6,280.6580000000074
2998.7,269.9035537190145
2998.8,248.43909090902804
2998.9,243.61000000002764
2999.0,266.4006557377422
2999.1,207.48262295083504
2999.2,188.68925000000337
2999.3,219.96952000018413
2999.4,245.9780327868815
2999.5,230.7896551724753
2999.6,180.7452941176152
2999.7,199.68647058823603
2999.8,221.0263636364344
2999.9,264.6587603306637
3000.0,260.99409836059687
3000.1,217.31083333333927
3000.2,245.55479338852732
3000.3,216.0506611569272
3000.4,197.54289256194707
3000.5,192.5042500000026
3000.6,206.89541666666548
3000.7,233.4899999999704
3000.8,241.2167796609403
3000.9,212.80152542366312
3001.0,208.62956521739187
3001.1,233.5854310344245
3001.2,266.3343801651917
3001.3,254.55050847455055
3001.4,199.1231999999898
3001.5,255.13919999993885
3001.6,240.60869565217752
3001.7,185.7944827586608
3001.8,207.0023478262072
3001.9,247.1711206896536
3002.0,249.60480314961748
3002.1,237.17372881356383
3002.2,233.90254237288715
3002.3,225.38803278685705
3002.4,248.42090909099107
3002.5,276.12057377048694
3002.6,279.5842276423455
3002.7,250.82
3002.8,257.7456198347305
3002.9,260.4996774193551
3003.0,260.6523931623936
3003.1,271.4062393162241
3003.2,287.75294117654585
3003.3,252.78224137921083
3003.4,227.89431034484517
3003.5,260.58280701758747
3003.6,252.6529032258145
3003.7,219.2238709678006
3003.8,196.37105263168425
3003.9,227.81495726502123
3004.0,259.46452991451395
3004.1,205.1344628100545
3004.2,206.0176923076488
3004.3,223.64596491231293
3004.4,241.778188976428
3004.5,262.871967213099
3004.6,245.3145901639776
3004.7,236.9654838709833
3004.8,223.4798305084344
3004.9,205.78262295080827
3005.0,190.0058823529508
3005.1,185.7356097561004
3005.2,211.0201626015961
3005.3,232.8103278689268
3005.4,211.549504132116
3005.5,192.64065573770728
3005.6,208.88813559317487
3005.7,227.66809917338352
3005.8,284.2714049586692
3005.9,271.93204301074866
3006.0,244.45892473115865
3006.1,215.20271186439092
3006.2,190.51504201683443
3006.3,188.917692307706
3006.4,193.99210526316423
3006.5,200.83163934419125
3006.6,239.8102521008396
3006.7,240.3144537815108
3006.8,222.1023684210602
3006.9,198.6970833333499
3007.0,210.10974999997063
3007.1,242.7718181818039
3007.2,252.87000000000089
3007.3,252.53666666666555
3007.4,238.66519999996285
3007.5,223.77278688524703
3007.6,223.01599999997327
3007.7,199.03448275887237
3007.8,90.3327586206887
3007.9,89.77241379310293
3008.0,89.71745762711862
3008.1,89.33258064516218
3008.2,89.13769230769218
3008.3,89.09210526315736
3008.4,88.94169491525432
3008.5,88.99170940170943
3008.6,89.02589743589739
3008.7,88.7724390243911
3008.8,88.67
3008.9,88.7029411764705
3009.0,88.7778074866309
3009.1,88.6168595041331
3009.2,88.43355932203355
3009.3,88.51157894736842
3009.4,88.51316239316253
3009.5,88.34222222222213
3009.6,73.60565217394515
3009.7,69.49769230769078
3009.8,69.89
3009.9,69.75887931034408
3010.0,69.5282786885247
3010.1,69.64965217391314
3010.2,69.61486956521745
3010.3,69.54174603174596
3010.4,69.44093525179846
3010.5,69.37739130434801
3010.6,69.50101694915251
3010.7,69.51796610169488
3010.8,69.50482758620686
3010.9,69.43846153846154
3011.0,69.38565217391306
3011.1,69.3802564102564
3011.2,69.3524793388435
3011.3,69.14951219512186
3011.4,69.12512195121946
3011.5,68.66069767441886
3011.6,68.19456140350978
3011.7,68.29949152542027
3011.8,69.08176470588249
3011.9,69.2582352941181
3012.0,69.17315789473672
3012.1,69.09405172413788
3012.2,69.09421052631576
3012.3,69.06081300812984
3012.4,69.01573770491812
3012.5,68.97808510638124
3012.6,68.15893617021221
3012.7,67.79049180327722
3012.8,69.02
3012.9,68.83896551724152
3013.0,68.86894736842092
3013.1,69.01782608695623
3013.2,69.00983606557392
3013.3,68.8781818181816
3013.4,68.81495798319321
3013.5,68.77294117647061
3013.6,68.95439655172386
3013.7,68.81087719298307
3013.8,68.70967213114751
3013.9,68.66872881355918
3014.0,68.63040322580653
3014.1,68.71911290322562
3014.2,68.72
3014.3,68.70693548387092
3014.4,68.75928000000026
3014.5,68.78199999999991
3014.6,68.64193277310942
3014.7,68.57470588235299
3014.8,68.56261904761904
3014.9,68.6998260869568
3015.0,68.67661016949114
3015.1,68.5635897435898
3015.2,68.65547008547026
3015.3,68.57
3015.4,68.60252032520333
3015.5,68.5237068965518
3015.6,68.49564102564099
3015.7,68.53295652173901
3015.8,68.56758333333333
3015.9,68.55702479338844
3016.0,68.52396694214882
3016.1,68.55636363636363
3016.2,68.50959016393456
3016.3,68.42707317073166
3016.4,68.36075630252101
3016.5,68.28661290322412
3016.6,67.17370967742094
3016.7,67.77716417910146
3016.8,68.39491379310351
3016.9,68.43
3017.0,68.3646280991736
3017.1,68.32330578512406
3017.2,68.43499999999966
3017.3,68.3458620689653
3017.4,68.2748275862069
3017.5,68.29724137931034
3017.6,68.32808
3017.7,68.32008
3017.8,68.44478991596644
3017.9,68.37322580645154
3018.0,68.32474576271187
3018.1,68.34321739130432
3018.2,68.34800000000027
3018.3,68.2640336134455
3018.4,68.31445378151263
3018.5,68.28322314049592
3018.6,68.30290322580639
3018.7,68.28863247863266
3018.8,68.19417391304339
3018.9,68.10593220338977
3019.0,68.07203389830504
3019.1,68.07
3019.2,68.07
3019.3,68.15888888888932
3019.4,68.23982758620674
3019.5,68.15527131782962
3019.6,68.07775193798466
3019.7,68.06262295081969
3019.8,68.01612903225802
3019.9,68.01728813559313
3020.0,68.09793103448264
3020.1,68.13241379310409
3020.2,67.8565517241388
3020.3,68.01017241379321
3020.4,68.06356521739131
3020.5,68.01568965517231
3020.6,67.99043478260866
3020.7,68.0475862068963
3020.8,68.08474576271168
3020.9,67.86440677966091
3021.0,67.85190082644628
3021.1,67.88849999999992
3021.2,67.86086206896569
3021.3,67.83852173913061
3021.4,67.89
3021.5,67.88247863247867
3021.6,67.81410256410277
3021.7,67.81
3021.8,67.86819672131163
3021.9,67.885294117647
3022.0,67.8342105263157
3022.1,67.78157894736847
3022.2,67.76
3022.3,67.79387096774217
3022.4,67.85379310344827
3022.5,67.8193103448276
3022.6,67.88487179487183
3022.7,67.91576271186445
3022.8,67.8705172413793
3022.9,67.81
3023.0,67.81208333333338
3023.1,67.85375000000005
3023.2,67.68438016528931
3023.3,67.76338842975268
3023.4,67.85513043478258
3023.5,67.7752136752137
3023.6,67.76956521739126
3023.7,67.85652173913013
3023.8,67.62406779661003
3023.9,67.62899159663878
3024.0,67.66
3024.1,67.64103448275867
3024.2,67.60275862068971
3024.3,67.58292682926833
3024.4,67.60731707317073
3024.5,67.63918032786887
3024.6,67.62709401709405
3024.7,67.71245901639301
3024.8,67.78444444444389
3024.9,67.52146341463411
3025.0,67.59463414634133
3025.1,67.5904132231405
3025.2,67.61965811965804
3025.3,67.66
3025.4,67.65775862068963
3025.5,67.6466666666666
3025.6,67.6133333333334
3025.7,67.61
3025.8,67.61
3025.9,67.62864406779656
3026.0,67.6476190476191
3026.1,67.6
3026.2,67.57457627118644
3026.3,67.62377049180337
3026.4,67.62520661157019
3026.5,67.54799999999986
3026.6,67.44
3026.7,67.44
3026.8,67.57458333333382
3026.9,67.58457627118644
3027.0,67.58932203389824
3027.1,67.52447368421107
3027.2,67.42578947368324
3027.3,67.65175
3027.4,67.57675
3027.5,67.53941176470583
3027.6,67.44931034482745
3027.7,67.3557894736842
3027.8,67.3417647058826
3027.9,67.39199999999997
3028.0,67.3627826086956
3028.1,67.39756521739129
3028.2,67.36765217391316
3028.3,67.32749999999999
3028.4,67.33500000000001
3028.5,67.36
3028.6,67.36
3028.7,67.35615384615384
3028.8,67.31341880341871
3028.9,67.37237288135603
3029.0,67.37052631578946
3029.1,67.36
3029.2,67.37401709401703
3029.3,67.38965517241365
3029.4,67.35
3029.5,67.35
3029.6,67.35640845070422
3029.7,67.36
3029.8,67.34386554621842
3029.9,67.3022033898305
3030.0,67.31915254237286
3030.1,67.23739130434784
3030.2,67.31824561403496
3030.3,67.33887999999992
3030.4,67.31658333333331
3030.5,67.26512820512788
3030.6,67.06869565217373
3030.7,67.28608695652177
3030.8,67.31
3030.9,67.0918784530368
3031.0,66.3128729281758
3031.1,66.46070175438611
3031.2,67.23130434782624
3031.3,67.18307692307701
3031.4,67.30709401709343
3031.5,67.01649572649588
3031.6,67.20409836065558
3031.7,67.31
3031.8,67.23824999999964
3031.9,67.08785123966932
3032.0,67.03
3032.1,67.02130434782607
3032.2,67.02
3032.3,67.07461538461558
3032.4,67.06915966386552
3032.5,67.05956521739121
3032.6,67.17807017543856
3032.7,67.29611570247968
3032.8,67.06471074380133
3032.9,67.00190082644629
3033.0,66.97942148760329
3033.1,67.01544715447164
3033.2,67.1016806722689
3033.3,67.10927419354823
3033.4,67.03669354838689
3033.5,66.98818181818174
3033.6,67.01097560975612
3033.7,67.04871794871801
3033.8,67.02
3033.9,67.02
3034.0,67.05373913043479
3034.1,67.03220338983053
3034.2,67.02
3034.3,67.02
3034.4,67.02
3034.5,67.02417391304353
3034.6,67.05895652173908
3034.7,66.98538461538463
3034.8,67.00333333333339
3034.9,67.01504132231403
3035.0,67.01
3035.1,66.98930434782626
3035.2,66.87243478260864
3035.3,66.99417391304361
3035.4,67.01725
3035.5,67.03763157894736
3035.6,66.93365853658567
3035.7,66.83714285714248
3035.8,67.0119999999993
3035.9,66.81200000000005
3036.0,66.89936842105236
3036.1,67.04147368421008
3036.2,66.35034090909363
3036.3,65.90904347826145
3036.4,66.82
3036.5,66.82
3036.6,66.93315789473652
3036.7,66.8715384615387
3036.8,66.79647540983603
3036.9,66.84545454545454
3037.0,66.99983193277284
3037.1,66.83176470588243
3037.2,66.80130653266335
3037.3,66.78120603015073
3037.4,66.78
3037.5,66.78
3037.6,66.7957758620689
3037.7,66.81387931034479
3037.8,66.82
3037.9,66.81886956521738
3038.0,66.81017391304347
3038.1,66.78629032258071
3038.2,66.8044628099173
3038.3,66.81550847457623
3038.4,66.81289256198349
3038.5,66.81391304347821
3038.6,66.77043478260877
3038.7,66.81230769230766
3038.8,66.79147826086951
3038.9,66.81368715083798
3039.0,66.86396648044685
3039.1,66.86234782608696
3039.2,66.82826086956534
3039.3,66.81
3039.4,66.80163934426226
3039.5,66.78300000000003
3039.6,66.80799999999994
3039.7,66.81786324786323
3039.8,66.7963779527558
3039.9,66.78
3040.0,66.7876666666667
3040.1,66.81974358974361
3040.2,66.8111965811966
3040.3,66.79853333333331
3040.4,66.77199999999996
3040.5,66.74113043478265
3040.6,66.80974137931041
3040.7,66.78387931034491
3040.8,66.8093103448276
3040.9,66.82
3041.0,66.82
3041.1,66.80909090909094
3041.2,66.78
3041.3,66.78
3041.4,66.78
3041.5,66.80163934426226
3041.6,66.80557377049182
3041.7,66.78
3041.8,66.78130434782612
3041.9,66.80739130434789
3042.0,66.78652173913045
3042.1,66.78
3042.2,66.70280701754412
3042.3,66.67211864406804
3042.4,66.772
3042.5,66.76564102564133
3042.6,66.5861538461539
3042.7,66.73333333333288
3042.8,66.65130434782573
3042.9,66.58
3043.0,66.67025641025634
3043.1,66.74714285714285
3043.2,66.48282051281981
3043.3,66.76487179487276
3043.4,66.62855999999938
3043.5,66.54
3043.6,66.55482758620694
3043.7,66.57068965517243
3043.8,66.53043478260871
3043.9,66.44347826086948
3044.0,66.50144
3044.1,66.55520661157017
3044.2,66.56360655737711
3044.3,66.54
3044.4,66.54
3044.5,66.54
3044.6,66.54
3044.7,66.508695652174
3044.8,66.52831932773121
3044.9,66.57
3045.0,66.56564102564106
3045.1,66.54
3045.2,66.54
3045.3,66.54
3045.4,66.54
3045.5,66.51223140495873
3045.6,66.485
3045.7,66.5393965517243
3045.8,66.47905172413786
3045.9,66.50455284552845
3046.0,66.49898305084749
3046.1,66.46482758620694
3046.2,66.44973913043472
3046.3,66.48655462184892
3046.4,66.53697478991604
3046.5,66.54
3046.6,66.45190476190483
3046.7,66.40999999999993
3046.8,66.44711864406786
3046.9,66.47
3047.0,66.47
3047.1,66.52529411764702
3047.2,66.50767241379317
3047.3,66.47049586776855
3047.4,66.45655172413794
3047.5,66.49086206896546
3047.6,66.57343750000017
3047.7,66.4640625000004
3047.8,66.44
3047.9,66.4149999999999
3048.0,66.42362068965522
3048.1,66.48801724137934
3048.2,66.47452173913074
3048.3,66.39626086956508
3048.4,66.27499999999976
3048.5,66.2341463414634
3048.6,66.31504132231395
3048.7,66.451475409836
3048.8,66.47780487804815
3048.9,66.27455284552808
3049.0,66.23325203252033
3049.1,66.20540983606557
3049.2,66.17258536585368
3049.3,66.15307317073169
3049.4,66.16474999999996
3049.5,66.22467213114757
3049.6,66.18368852459018
3049.7,66.37235772357694
3049.8,66.31898305084702
3049.9,66.2098387096774
3050.0,66.18
3050.1,66.18
3050.2,66.18
3050.3,66.18
3050.4,66.21226890756314
3050.5,66.20818181818174
3050.6,66.13747474747468
3050.7,66.13241379310347
3050.8,66.19250000000014
3050.9,66.22713114754096
3051.0,66.18614754098357
3051.1,66.18
3051.2,66.2663709677416
3051.3,66.29184210526286
3051.4,66.18806451612907
3051.5,66.22
3051.6,66.22
3051.7,66.20554621848747
3051.8,66.17172413793092
3051.9,66.14672268907584
3052.0,66.23075630252104
3052.1,66.1955
3052.2,66.18
3052.3,66.18
3052.4,66.18
3052.5,66.17515923566884
3052.6,66.14968152866244
3052.7,66.16101694915253
3052.8,66.16469565217383
3052.9,66.14
3053.0,66.14233333333335
3053.1,66.1756666666667
3053.2,66.18
3053.3,66.18
3053.4,66.19916666666673
3053.5,66.21869565217396
3053.6,66.18
3053.7,66.18
3053.8,66.14689655172414
3053.9,66.11217391304345
3054.0,66.14406779661023
3054.1,66.19155737704916
3054.2,66.21
3054.3,66.2075609756097
3054.4,66.15878048780489
3054.5,66.15
3054.6,66.105
3054.7,66.10749999999987
3054.8,66.21
3054.9,66.21
3055.0,66.20188034188034
3055.1,66.11688524590156
3055.2,66.14466666666667
3055.3,66.25549999999929
3055.4,66.01383333333354
3055.5,66.03639344262288
3055.6,66.10338983050839
3055.7,66.09241379310363
3055.8,66.03034482758628
3055.9,66.07176470588244
3056.0,66.15579831932764
3056.1,66.08692307692306
3056.2,66.08559999999997
3056.3,66.10560000000002
3056.4,66.01586206896553
3056.5,66.06983050847447
3056.6,66.10590163934435
3056.7,66.02622950819664
3056.8,66.1
3056.9,66.14918032786886
3057.0,66.09463687150843
3057.1,66.01083798882699
3057.2,66.14026315789431
3057.3,66.086724137931
3057.4,66.05420168067225
3057.5,66.01280991735526
3057.6,65.96235772357723
3057.7,65.97148760330575
3057.8,65.99628099173557
3057.9,66.03483606557383
3058.0,66.08048387096773
3058.1,66.064876033058
3058.2,65.9976923076923
3058.3,66.14893442622929
3058.4,66.04237704918006
3058.5,66.04507936507937
3058.6,66.03845528455291
3058.7,66.04223140495839
3058.8,66.13384615384614
3058.9,66.06547008546997
3059.0,66.07586206896553
3059.1,65.93949579831946
3059.2,65.91313559322018
3059.3,65.9665789473684
3059.4,65.970775862069
3059.5,66.01
3059.6,66.01
3059.7,66.00210084033615
3059.8,65.8963414634143
3059.9,65.93229508196761
3060.0,66.05524590163928
3060.1,66.0133898305084
3060.2,66.05576271186432
3060.3,66.06714285714288
3060.4,66.0332786885245
3060.5,65.95524590163937
3060.6,66.47491803278486
3060.7,69.49950819670914
3060.8,188.36810344823783
3060.9,242.14915254234285
3061.0,254.98991735537115
3061.1,262.13336206898947
3061.2,261.10016949155107
3061.3,212.037758620692
3061.4,227.1239655172319
3061.5,252.93417391304985
3061.6,250.51806722690333
3061.7,265.0262096773678
3061.8,280.2874999999672
3061.9,262.93160000003365
3062.0,236.47560000005777
3062.1,233.1915384615392
3062.2,238.48088709675295
3062.3,214.9864754098132
3062.4,182.16268292683895
3062.5,211.7783333332972
3062.6,251.48666666663053
3062.7,274.5180645161232
3062.8,262.9429268291456
3062.9,244.67982300885973
3063.0,253.099999999984
3063.1,265.13542372888304
3063.2,215.05915254246167
3063.3,208.52965217391295
3063.4,206.2611111111108
3063.5,223.01830645158577
3063.6,259.2441176469891
3063.7,284.65833333335
3063.8,266.3666666666001
3063.9,223.89057851229228
3064.0,231.87305785126088
3064.1,250.22338709677595
3064.2,230.66700000001228
3064.3,176.65033333330467
3064.4,220.5669491525459
3064.5,239.8590909090738
3064.6,212.30008620703575
3064.7,204.9973451325908
3064.8,243.80413223140027
3064.9,244.106829268296
3065.0,274.29382113817564
3065.1,239.69816666672824
3065.2,243.3715384614881
3065.3,267.90401709398867
3065.4,253.8441880341952
3065.5,253.6777586206884
3065.6,258.3151999999868
3065.7,255.71239669423196
3065.8,235.16008264446364
3065.9,201.11049586787257
3066.0,250.51545454547497
3066.1,248.24373015874764
3066.2,208.81235294128413
3066.3,190.20672131154225
3066.4,221.7521311475284
3066.5,255.58
3066.6,285.7732773108609
3066.7,270.1000800000856
3066.8,241.81569105690508
3066.9,245.35849999995148
3067.0,295.3288888889352
3067.1,203.7818803418021
3067.2,241.22620689655844
3067.3,249.90034482758676
3067.4,214.7347619046507
3067.5,198.57172413793845
3067.6,237.43317460316536
3067.7,246.58396825393584
3067.8,190.4672413793011
3067.9,212.13193277316677
3068.0,233.3474561403615
3068.1,241.6812820512777
3068.2,256.34680672260566
3068.3,278.241544715446
3068.4,244.8919512194308
3068.5,250.68932203388715
3068.6,263.069370078706
3068.7,256.4294915255253
3068.8,243.155833333384
3068.9,284.6879661016765
3069.0,268.2472881355812
3069.1,257.46010471205466
3069.2,247.5176963351138
3069.3,252.214736842104
3069.4,252.62333333333288
3069.5,251.5421739130445
3069.6,252.01719298244967
3069.7,250.1076800000369
3069.8,241.4900000000009
3069.9,238.49000000000245
3070.0,244.8103478260863
3070.1,248.3140677966101
3070.2,250.88999999999444
3070.3,253.77896551724288
3070.4,255.4014782608713
3070.5,257.83974137929937
3070.6,250.83112068964968
3070.7,248.1800000000038
3070.8,206.41999999983983
3070.9,137.0161206894187
3071.0,88.81704347826161
3071.1,89.19034482758643
3071.2,98.60615384591117
3071.3,218.68307692307687
3071.4,237.66417391304952
3071.5,247.46586206896868
3071.6,249.46043478261475
3071.7,242.69795081970744
3071.8,234.1429059829046
3071.9,233.5763157894797
3072.0,235.51491228070543
3072.1,235.55896551724123
3072.2,239.0144067796504
3072.3,240.70117647058763
3072.4,237.36867768593584
3072.5,231.2470000000009
3072.6,233.23033333333424
3072.7,233.3509917355371
3072.8,234.89090909091237
3072.9,259.6813333333721
3073.0,275.74786885242634
3073.1,249.1956666666689
3073.2,251.8789999999921
3073.3,173.72479338844852
3073.4,164.6595867768747
3073.5,209.69556521741055
3073.6,250.87679389314084
3073.7,245.10102564099932
3073.8,262.4514529914618
3073.9,242.28508196719923
3074.0,205.875546218518
3074.1,185.67926829267424
3074.2,199.8540650405211
3074.3,244.43616666656345
3074.4,218.74449999999416
3074.5,230.55967741935777
3074.6,227.34
3074.7,221.47058823527573
3074.8,236.59107438018904
3074.9,255.4015517241506
3075.0,228.4791379310683
3075.1,217.5533043478304
3075.2,201.40355371903587
3075.3,196.6234426229749
3075.4,198.09754098357087
3075.5,182.36846153839787
3075.6,232.00948717949103
3075.7,190.36191304360597
3075.8,189.2615254237473
3075.9,211.0075206611561
3076.0,224.55612068966707
3076.1,236.4820869563382
3076.2,326.641739130554
3076.3,210.68521739124012
3076.4,240.0642735043416
3076.5,191.81057851234533
3076.6,168.92693548387643
3076.7,212.97849999997865
3076.8,270.12983606556344
3076.9,255.55606557375475
3077.0,265.027142857129
3077.1,251.73439655180456
3077.2,215.97333333345355
3077.3,185.4798387096837
3077.4,189.0443548387186
3077.5,237.97139344258247
3077.6,196.60764705884185
3077.7,177.1545762711543
3077.8,199.7434782608824
3077.9,222.00217391303212
3078.0,224.38565217410596
3078.1,321.94217391294706
3078.2,241.47296610182997
3078.3,235.4931034483207
3078.4,208.1860683760396
3078.5,181.82355932202032
3078.6,190.3296521739165
3078.7,191.811949152532
3078.8,230.19330508489517
3078.9,245.5541322314362
3079.0,241.38999999997984
3079.1,217.19528925616424
3079.2,212.91237704909545
3079.3,275.81905172414133
3079.4,297.5862931034346
3079.5,258.03499999998564
3079.6,232.52404958678423
3079.7,216.94800000002004
3079.8,211.13360655742204
3079.9,230.45438502672357
3080.0,246.06401069516704
3080.1,255.1839130435104
3080.2,232.5945000000126
3080.3,208.81949999999455
3080.4,188.84573770492088
3080.5,188.875
3080.6,190.95298245614703
3080.7,192.0815789472943
3080.8,226.82853658530783
3080.9,191.9830081300684
3081.0,187.90792000000016
3081.1,197.35434782608283
3081.2,209.3316521739021
3081.3,235.8806666667496
3081.4,283.4170247933504
3081.5,249.6814876033248
3081.6,249.5503539823006
3081.7,189.27341085272388
3081.8,183.8232019706164
3081.9,246.10399014776792
3082.0,272.2180000000238
3082.1,256.8212396694705
3082.2,236.5042148760557
3082.3,230.42157024791624
3082.4,203.1090082644096
3082.5,198.3028099173557
3082.6,224.45791999993745
3082.7,259.45230769234246
3082.8,240.8954621849784
3082.9,266.66857142862165
3083.0,216.19060869570967
3083.1,228.57473684197544
3083.2,244.73170731709595
3083.3,242.24925619841883
3083.4,256.27951219505803
3083.5,226.4746341463161
3083.6,207.27677419358133
3083.7,210.8507692307356
3083.8,203.38399999993624
3083.9,192.0569166666573
3084.0,229.8511666666648
3084.1,238.1344999999981
3084.2,218.81372881357208
3084.3,198.7185123966433
3084.4,210.2157024793764
3084.5,247.19927999998455
3084.6,272.4895000000723
3084.7,219.481166666739
3084.8,234.22967213123783
3084.9,190.76866666656676
3085.0,181.31936305728615
3085.1,264.72700636947263
3085.2,300.9769491524545
3085.3,269.8084955751837
3085.4,256.12705882352367
3085.5,259.0328688525005
3085.6,231.73210084036563
3085.7,211.4127731093159
3085.8,195.8994782608411
3085.9,211.6828448276188
3086.0,236.86583333336324
3086.1,234.63421487601912
3086.2,212.38429752062845
3086.3,236.39876033057385
3086.4,233.3574380165294
3086.5,300.3952631577764
3086.6,267.68620689675606
3086.7,236.33111111107087
3086.8,226.36008620669128
3086.9,175.9104958677981
3087.0,189.43942148760996
3087.1,212.61542372881536
3087.2,230.16586206895545
3087.3,243.39079646019383
3087.4,247.7863414634169
3087.5,233.77884297526057
3087.6,197.89352459019315
3087.7,263.22959016374443
3087.8,283.80627118645094
3087.9,258.0669354838185
3088.0,229.33167999999085
3088.1,220.47669421487387
3088.2,206.01388429754297
3088.3,234.34050000008764
3088.4,240.18636363636156
3088.5,247.21048780488053
3088.6,250.98106557377943
3088.7,231.15303278691528
3088.8,180.81696721308472
3088.9,188.11711864406607
3089.0,208.05582608696704
3089.1,236.95491525426095
3089.2,252.67
3089.3,241.66279999999904
3089.4,241.3827999999993
3089.5,206.88169354840116
3089.6,137.40728813570874
3089.7,96.47689655174592
3089.8,90.03221311475336
3089.9,89.70686440677899
3090.0,89.42872881355908
3090.1,89.30161016949181
3090.2,89.09105691056932
3090.3,89.08347826086995
3090.4,89.1066101694914
3090.5,88.94657894736832
3090.6,88.70563025210086
3090.7,88.6720168067228
3090.8,88.64669421487604
3090.9,88.54641025641021
3091.0,88.5093103448276
3091.1,88.46448275862075
3091.2,88.35170731707312
3091.3,88.39796610169451
3091.4,88.19457627118611
3091.5,75.24145161291635
3091.6,69.40895652173778
3091.7,69.8636507936511
3091.8,69.7254838709677
3091.9,69.64483870967732
3092.0,69.69672413793107
3092.1,69.48617391304401
3092.2,69.43974137931001
3092.3,69.51025862068967
3092.4,69.51898305084748
3092.5,69.44304347826093
3092.6,69.31260869565212
3092.7,69.27141732283465
3092.8,68.71052173912872
3092.9,68.68322033898303
3093.0,69.24254237288041
3093.1,69.23258064516152
3093.2,69.14211382113827
3093.3,69.11733333333332
3093.4,69.11512820512827
3093.5,69.1578632478632
3093.6,69.07810344827602
3093.7,69.0943478260869
3093.8,69.13169491525436
3093.9,69.15736000000005
3094.0,69.16102564102557
3094.1,69.11582608695662
3094.2,69.01147826086955
3094.3,68.97105691056899
3094.4,68.48857142857034
3094.5,68.31862068965498
3094.6,68.81820512820508
3094.7,68.84201754386007
3094.8,68.72798245613993
3094.9,68.75024390243911
3095.0,68.86813008130103
3095.1,68.9308943089431
3095.2,68.89008264462815
3095.3,68.84899999999995
3095.4,68.81566666666662
3095.5,68.73782608695659
3095.6,68.79644067796583
3095.7,68.87739130434777
3095.8,68.88516949152529
3095.9,68.82428571428531
3096.0,68.67302521008396
3096.1,68.71152542372882
3096.2,68.79079646017675
3096.3,68.73260869565199
3096.4,68.73341463414648
3096.5,68.77925619834714
3096.6,68.66365853658505
3096.7,68.8343902439019
3096.8,68.71956521739098
3096.9,68.63585365853652
3097.0,68.54231999999996
3097.1,68.45885245901636
3097.2,68.59
3097.3,68.5222033898305
3097.4,68.48417322834649
3097.5,68.4883333333333
3097.6,68.51
3097.7,68.49637096774205
3097.8,68.39153225806446
3097.9,68.4560683760685
3098.0,68.4741935483871
3098.1,68.48180327868849
3098.2,68.4915447154472
3098.3,68.456557377049
3098.4,68.34180327868829
3098.5,68.32663934426229
3098.6,68.3005000000001
3098.7,68.29313559322021
3098.8,68.33815789473682
3098.9,68.32940677966101
3099.0,68.32093220338982
3099.1,68.32760683760682
3099.2,68.30103448275875
3099.3,68.26080459770114
3099.4,68.51565217391342
3099.5,68.34898305084714
3099.6,68.31766129032252
3099.7,68.35291666666677
3099.8,68.30220338983034
3099.9,68.22025862068966
3100.0,68.22887931034484
3100.1,68.19313559322033
3100.2,68.23399999999985
3100.3,68.29634146341466
3100.4,68.26447154471558
3100.5,68.07561403508758
3100.6,68.14578947368399
3100.7,68.20349593495929
3100.8,68.15267241379274
3100.9,68.21131578947418
3101.0,68.28554621848728
3101.1,68.18239316239334
3101.2,68.02215517241363
3101.3,68.06525862068966
3101.4,68.13675
3101.5,68.07599999999988
3101.6,68.05661016949146
3101.7,68.13836065573733
3101.8,68.21683760683746
3101.9,68.12282051282024
3102.0,68.06939130434782
3102.1,68.09565217391305
3102.2,68.00692307692323
3102.3,67.94600000000005
3102.4,67.98694915254244
3102.5,68.05117647058825
3102.6,68.06798319327727
3102.7,67.9399130434784
3102.8,67.86798245614021
3102.9,67.83049586776855
3103.0,67.83512396694213
3103.1,67.88564102564106
3103.2,67.86
3103.3,67.89968253968262
3103.4,67.8801612903225
3103.5,67.8396747967479
3103.6,67.81
3103.7,67.81738461538444
3103.8,67.87892307692307
3103.9,67.86842105263153
3104.0,67.86
3104.1,67.85111111111111
3104.2,67.82888888888891
3104.3,67.81983606557397
3104.4,67.88540983606555
3104.5,67.8582051282051
3104.6,67.73862068965514
3104.7,67.74902654867233
3104.8,67.81239795918367
3104.9,67.8175
3105.0,67.83773913043478
3105.1,67.79628318584076
3105.2,67.65033613445388
3105.3,67.61172413793119
3105.4,67.65482758620702
3105.5,67.59878260869564
3105.6,67.62949152542366
3105.7,67.63764227642284
3105.8,67.66565217391341
3105.9,67.78258064516089
3106.0,67.62129032258072
3106.1,67.73025862068948
3106.2,67.64545454545498
3106.3,67.59435897435901
3106.4,67.62322033898313
3106.5,67.64275862068959
3106.6,67.6121929824562
3106.7,67.65605263157894
3106.8,67.62043478260863
3106.9,67.64114754098365
3107.0,67.65557377049181
3107.1,67.63886956521748
3107.2,67.60552631578952
3107.3,67.57947826086954
3107.4,67.5620869565217
3107.5,67.58885245901638
3107.6,67.60549999999999
3107.7,67.59067226890767
3107.8,67.5716379310345
3107.9,67.61478260869565
3108.0,67.65826086956525
3108.1,67.62033057851242
3108.2,67.61
3108.3,67.631551724138
3108.4,67.64617886178858
3108.5,67.61
3108.6,67.61
3108.7,67.53538461538463
3108.8,67.58260869565234
3108.9,67.47570247933884
3109.0,67.37517241379307
3109.1,67.4
3109.2,67.39547826086961
3109.3,67.36069565217389
3109.4,67.36
3109.5,67.32747967479679
3109.6,67.33317073170723
3109.7,67.37142857142848
3109.8,67.38846153846131
3109.9,67.31153846153842
3110.0,67.27561403508774
3110.1,67.33517241379298
3110.2,67.33166666666675
3110.3,67.34630252100854
3110.4,67.13
3110.5,66.40853448275809
3110.6,67.08956896551618
3110.7,67.27724137930994
3110.8,67.34403361344539
3110.9,67.33500000000001
3111.0,67.32532258064519
3111.1,67.35416666666663
3111.2,67.31250000000013
3111.3,67.31
3111.4,67.3390322580645
3111.5,67.34016528925623
3111.6,67.33974576271193
3111.7,67.43692307692308
3111.8,67.40273504273497
3111.9,67.33280898876393
3112.0,67.28076923076931
3112.1,67.35769230769219
3112.2,67.3195833333334
3112.3,67.11914529914505
3112.4,67.21159663865579
3112.5,67.35324561403492
3112.6,67.23567796610162
3112.7,67.13436974789917
3112.8,67.29403361344578
3112.9,67.31
3113.0,67.20032258064505
3113.1,67.07644067796618
3113.2,67.06627118644042
3113.3,67.22157894736814
3113.4,67.11631578947353
3113.5,67.27206896551735
3113.6,67.11500000000004
3113.7,67.04156521739122
3113.8,67.043652173913
3113.9,67.09864406779703
3114.0,67.2699999999997
3114.1,66.984285714286
3114.2,66.97
3114.3,67.02702479338856
3114.4,67.07
3114.5,67.09093023255818
3114.6,67.16844961240314
3114.7,67.04105263157903
3114.8,67.05387096774197
3114.9,67.09564102564106
3115.0,67.08293103448266
3115.1,67.0316379310345
3115.2,67.06620689655173
3115.3,67.03172413793092
3115.4,67.0144262295082
3115.5,67.01583999999998
3115.6,67.03613445378147
3115.7,67.06
3115.8,67.05521367521362
3115.9,67.02102564102553
3116.0,67.02
3116.1,67.01406504065042
3116.2,67.01
3116.3,67.03504347826104
3116.4,67.08735537190063
3116.5,67.0129752066115
3116.6,66.97717948717954
3116.7,67.0043478260869
3116.8,67.04169491525435
3116.9,67.06
3117.0,67.05810344827587
3117.1,66.9941379310358
3117.2,66.06310344827791
3117.3,66.14394444444594
3117.4,66.87172222222371
3117.5,67.01692307692308
3117.6,67.04206896551719
3117.7,67.0480597014926
3117.8,67.02318407960196
3117.9,66.91599999999977
3118.0,66.78
3118.1,66.79627118644031
3118.2,66.99966101694869
3118.3,67.02
3118.4,66.90068181818144
3118.5,66.88341463414652
3118.6,66.9852892561984
3118.7,66.81173553719044
3118.8,67.00161290322643
3118.9,66.90129310344771
3119.0,66.82
3119.1,66.81240740740745
3119.2,66.79388888888894
3119.3,66.79666666666674
3119.4,66.85827586206892
3119.5,66.82379310344825
3119.6,66.82
3119.7,66.76478991596656
3119.8,66.77226086956537
3119.9,66.80710743801646
3120.0,66.78
3120.1,66.78
3120.2,66.85336134453755
3120.3,66.81149999999997
3120.4,66.78
3120.5,66.7911206896552
3120.6,66.80313559322033
3120.7,66.78
3120.8,66.78
3120.9,66.80114754098362
3121.0,66.81511999999998
3121.1,66.80700000000006
3121.2,66.79256198347092
3121.3,66.85867768595044
3121.4,66.82649572649566
3121.5,66.81325000000001
3121.6,66.76226086956537
3121.7,66.75833333333321
3121.8,66.81147540983598
3121.9,66.78
3122.0,66.78
3122.1,66.84827586206877
3122.2,66.83814159292045
3122.3,66.79982905982902
3122.4,66.7904132231405
3122.5,66.80483606557374
3122.6,66.78024590163939
3122.7,66.81272727272714
3122.8,66.82
3122.9,66.79307692307692
3123.0,66.77396551724136
3123.1,66.78
3123.2,66.78
3123.3,66.78
3123.4,66.84117647058832
3123.5,66.80991304347829
3123.6,66.77508620689657
3123.7,66.77338842975203
3123.8,66.74694214876027
3123.9,66.58165289256158
3124.0,66.81099999999971
3124.1,66.86
3124.2,66.71170731707377
3124.3,66.61524590163968
3124.4,66.78809523809497
3124.5,66.60555555555574
3124.6,66.58
3124.7,66.72644067796548
3124.8,67.14210526315831
3124.9,67.16315789473725
3125.0,66.54
3125.1,66.5437704918032
3125.2,66.7322950819672
3125.3,66.61666666666638
3125.4,66.55904761904765
3125.5,66.56866666666662
3125.6,66.54
3125.7,66.54
3125.8,66.5247058823529
3125.9,66.55428571428571
3126.0,66.65419354838693
3126.1,66.75074468085117
3126.2,66.6177659574471
3126.3,66.51495575221232
3126.4,66.46534883720916
3126.5,66.39558139534871
3126.6,66.54333333333345
3126.7,66.58
3126.8,66.55827586206892
3126.9,66.54
3127.0,66.54
3127.1,66.54
3127.2,66.54
3127.3,66.54
3127.4,66.50443548387085
3127.5,66.49184000000012
3127.6,66.5376859504132
3127.7,66.5211570247934
3127.8,66.48820512820508
3127.9,66.45567999999999
3128.0,66.45254098360655
3128.1,66.46298387096776
3128.2,66.44172413793092
3128.3,66.47620689655174
3128.4,66.48760683760685
3128.5,66.48373913043478
3128.6,66.5049999999999
3128.7,66.53
3128.8,66.53222222222225
3128.9,66.53217391304345
3129.0,66.44521739130423
3129.1,66.44
3129.2,66.44
3129.3,66.45639344262302
3129.4,66.46015748031478
3129.5,66.39114754098384
3129.6,66.5059016393441
3129.7,66.50388429752077
3129.8,66.44206611570235
3129.9,66.41406504065057
3130.0,66.47227642276424
3130.1,66.48853658536585
3130.2,66.52729508196708
3130.3,66.50578512396686
3130.4,66.46016528925612
3130.5,66.42129032258066
3130.6,66.39238095238072
3130.7,66.47174603174588
3130.8,66.45791666666653
3130.9,66.44
3131.0,66.42719008264466
3131.1,66.37278688524628
3131.2,66.20065573770525
3131.3,66.3314754098366
3131.4,66.4454621848741
3131.5,66.47041666666664
3131.6,66.395
3131.7,66.23132231404925
3131.8,66.36355371900831
3131.9,66.39
3132.0,66.37064516129031
3132.1,66.29942148760327
3132.2,66.18604838709672
3132.3,66.22637096774194
3132.4,66.39474137931018
3132.5,66.31715517241408
3132.6,66.2205000000001
3132.7,66.24531914893579
3132.8,66.38716312056745
3132.9,66.21991735537148
3133.0,66.18
3133.1,66.18
3133.2,66.18
3133.3,66.17516129032249
3133.4,66.14290322580645
3133.5,66.19918699186982
3133.6,66.17540983606568
3133.7,66.17066666666658
3133.8,66.20295081967198
3133.9,66.14677419354824
3134.0,66.31612903225803
3134.1,66.30534883720937
3134.2,66.2495348837211
3134.3,66.20222222222215
3134.4,66.1635897435897
3134.5,66.15024793388427
3134.6,66.17677419354847
3134.7,66.14451612903231
3134.8,66.16819672131159
3134.9,66.18
3135.0,66.18
3135.1,66.18
3135.2,66.18
3135.3,66.14813008130072
3135.4,66.16479338842983
3135.5,66.2023140495868
3135.6,66.21613445378158
3135.7,66.18
3135.8,66.18
3135.9,66.18
3136.0,66.13966101694916
3136.1,66.12639344262288
3136.2,66.17314049586759
3136.3,66.24495999999995
3136.4,66.17296000000002
3136.5,66.1532786885246
3136.6,66.25413223140478
3136.7,66.2680487804884
3136.8,66.08230769230778
3136.9,66.15923076923096
3137.0,66.15146551724136
3137.1,66.05152542372905
3137.2,66.20051724137817
3137.3,66.29422764227625
3137.4,66.17879999999964
3137.5,66.0615702479342
3137.6,66.21859504132237
3137.7,66.22355371900831
3137.8,66.22950413223145
3137.9,66.22124324324322
3138.0,66.1455675675676
3138.1,66.08773109243705
3138.2,66.04327868852474
3138.3,66.00975609756111
3138.4,66.09105691056914
3138.5,66.10747899159662
3138.6,66.19888888888869
3138.7,66.23973544973552
3138.8,66.17095238095214
3138.9,66.0574999999998
3139.0,65.98868852459007
3139.1,66.08111111111094
3139.2,66.2435042735037
3139.3,66.09275862068964
3139.4,66.06
3139.5,66.13881355932195
3139.6,66.1706504065042
3139.7,66.10176470588233
3139.8,66.10834710743768
3139.9,66.02570247933865
3140.0,66.13411290322576
3140.1,66.1372033898307
3140.2,66.07
3140.3,66.08456896551766
3140.4,66.19663793103481
3140.5,66.13423728813568
3140.6,66.09195266272198
3140.7,66.05669421487612
3140.8,66.02363636363634
3140.9,66.048253968254
3141.0,66.06
3141.1,66.02666666666678
3141.2,65.98048780487807
3141.3,66.09430894308981
3141.4,65.9179166666667
3141.5,65.94862903225801
3141.6,65.98327868852459
3141.7,65.93878048780489
3141.8,65.87688524590199
3141.9,65.99163934426225
3142.0,66.04499999999996
3142.1,65.9670967741936
3142.2,65.95457627118641
3142.3,82.2163636366362
3142.4,154.93275000003945
3142.5,174.20775000003945
3142.6,199.9341322314234
3142.7,223.12756097559384
3142.8,216.55855932188572
3142.9,185.64365853672464
3143.0,247.39975609762035
3143.1,196.4640983607843
3143.2,225.49487603296063
3143.3,252.90886178861663
3143.4,251.3095081967157
3143.5,245.92991869921403
3143.6,229.3039024390115
3143.7,223.9719834710754
3143.8,241.2783870968251
3143.9,256.60165354330815
3144.0,253.21991379309725
3144.1,261.1423275861945
3144.2,255.6833050847573
3144.3,219.71060869550783
3144.4,232.5972413793385
3144.5,255.15098360656003
3144.6,249.1496694215209
3144.7,229.34305785138963
3144.8,184.00421487588312
3144.9,233.65479338858
3145.0,231.11024999993023
3145.1,228.0600000000076
3145.2,264.151693548434
3145.3,244.1597580644575
3145.4,230.0674590163976
3145.5,223.9096721311506
3145.6,213.1070491803362
3145.7,226.22154471539648
3145.8,293.0286776857118
3145.9,201.0121487602476
3146.0,221.73512195120284
3146.1,241.0034482758494
3146.2,218.96263157908052
3146.3,196.981016949206
3146.4,234.5063247863283
3146.5,241.42085470084072
3146.6,247.0035384615367
3146.7,206.12542372881592
3146.8,208.88601694929224
3146.9,241.60454545454544
3147.0,221.53912000011897
3147.1,291.1151200000557
3147.2,268.5242741936164
3147.3,227.41406779655097
3147.4,200.63270491802515
3147.5,198.06201612904
3147.6,206.505564516112
3147.7,236.39999999997892
3147.8,232.42153846151268
3147.9,220.96
3148.0,263.77034482755266
3148.1,265.6831578947481
3148.2,245.6972357724405
3148.3,210.7007258064053
3148.4,190.98072000009023
3148.5,256.2447200000309
3148.6,191.1223333333025
3148.7,202.7978260868932
3148.8,236.1726086957252
3148.9,258.3192307692466
3149.0,273.5148739495572
3149.1,289.4470731708692
3149.2,233.089349593498
3149.3,255.62008264473363
3149.4,256.84887999997176
3149.5,247.47813559321455
3149.6,253.04162601628812
3149.7,285.742000000027
3149.8,234.84199999998845
3149.9,221.69520661156423
3150.0,231.9016129032309
3150.1,247.0083471074224
3150.2,243.1025619836742
3150.3,181.68107437996213
3150.4,239.97528925631485
3150.5,236.2820338982752
3150.6,247.171034482778
3150.7,261.7258974359231
3150.8,247.9238793103802
3150.9,270.0520689655067
3151.0,253.2244827586233
3151.1,249.25222222222905
3151.2,252.02613445377253
3151.3,254.18782608695668
3151.4,249.74000000000356
3151.5,238.2935897435968
3151.6,228.53581196582252
3151.7,249.47598290594055
3151.8,248.52677966101044
3151.9,253.12896551725103
3152.0,254.38051282051475
3152.1,253.26549999999364
3152.2,254.96391304348637
3152.3,250.87452173913783
3152.4,252.98756521739247
3152.5,246.2825641025529
3152.6,147.7123076923077
3152.7,88.30205128204746
3152.8,89.27275862068967
3152.9,89.2749565217392
3153.0,98.16411764712886
3153.1,229.08008403340835
3153.2,250.14652173912464
3153.3,245.98743589741983
3153.4,238.0716949152488
3153.5,232.69333333333333
3153.6,231.5979310344833
3153.7,231.39736842104625
3153.8,234.7394736842153
3153.9,234.6596491228069
3154.0,238.10508474576136
3154.1,242.13241379309983
3154.2,244.50452991452815
3154.3,241.89752212388956
3154.4,232.85333333333284
3154.5,232.31166666666616
3154.6,234.5110169491538
3154.7,237.90939130434091
3154.8,246.94588235294444
3154.9,254.4329411764704
3155.0,249.9570491803212
3155.1,228.0696551724208
3155.2,225.7248275862157
3155.3,195.705
3155.4,201.5249565217497
3155.5,232.0973333333672
3155.6,238.9264462809776
3155.7,198.17933884298145
3155.8,193.70826446280336
3155.9,222.60410256418456
3156.0,253.85560344825495
3156.1,224.22400000013025
3156.2,212.79846153832085
3156.3,228.281600000003
3156.4,150.54655172409306
3156.5,198.210344827504
3156.6,253.0410399998538
3156.7,272.20278688525235
3156.8,258.1840163933749
3156.9,231.49859504130237
3157.0,222.3333057851195
3157.1,192.6042148760693
3157.2,225.8861864405793
3157.3,255.83735042736507
3157.4,254.908135593234
3157.5,236.75126050420437
3157.6,230.3367521367256
3157.7,204.07179487183467
3157.8,227.8167741936515
3157.9,236.98462809916623
3158.0,240.17474576272787
3158.1,240.9609677419232
3158.2,210.8798412698089
3158.3,223.86396825400905
3158.4,227.69695652174005
3158.5,208.0513223140833
3158.6,193.9966949152191
3158.7,213.4642105262262
3158.8,241.64870689653307
3158.9,211.91594827586675
3159.0,194.5438582677281
3159.1,214.40234782607587
3159.2,257.1099199999901
3159.3,271.38264462782666
3159.4,191.1862500000847
3159.5,244.394583333418
3159.6,182.4243902438581
3159.7,182.33445378144089
3159.8,237.91491525433867
3159.9,274.20799999998
3160.0,252.2956521739501
3160.1,230.9913043478421
3160.2,253.39727999996077
3160.3,219.2885714284905
3160.4,204.97368421051357
3160.5,240.42241379305372
3160.6,262.8600000000595
3160.7,231.8709090909157
3160.8,225.14363636362373
3160.9,252.4785245902292
3161.0,247.0115126050184
3161.1,234.45999999998065
3161.2,246.4363636363381
3161.3,254.16363636366196
3161.4,228.6545833333385
3161.5,230.2363414634221
3161.6,231.5020000000012
3161.7,213.7690082645891
3161.8,182.47087301587
3161.9,210.4788095238368
3162.0,235.97214876032305
3162.1,227.83034188034293
3162.2,204.29899159664475
3162.3,205.33551724151656
3162.4,257.29017391309003
3162.5,289.1249565216913
3162.6,273.1637878788195
3162.7,255.7243939394296
3162.8,210.582916666572
3162.9,165.16162037029483
3163.0,159.89422413793383
3163.1,203.96976000000467
3163.2,243.63199999999745
3163.3,249.43186440680023
3163.4,254.5213675213923
3163.5,225.5555555555409
3163.6,189.51678260876605
3163.7,207.34894736828036
3163.8,246.537906976758
3163.9,268.3309243697328
3164.0,250.1131034482848
3164.1,255.04413793102017
3164.2,221.74102564109373
3164.3,227.226000000012
3164.4,248.40634782609064
3164.5,261.3326612903217
3164.6,256.752479338903
3164.7,232.61291139241587
3164.8,211.75848101264023
3164.9,206.81680672268675
3165.0,209.2788135592845
3165.1,178.5224347826277
3165.2,218.5572173912046
3165.3,212.18463999998977
3165.4,207.81552631578964
3165.5,199.4081739130458
3165.6,205.62119658117624
3165.7,249.19271186426164
3165.8,301.6852459015312
3165.9,234.19344262281749
3166.0,252.67649999996047
3166.1,207.05500000022624
3166.2,179.5892682924656
3166.3,259.2969491525855
3166.4,310.15288135595574
3166.5,263.0010400000215
3166.6,263.5750427350486
3166.7,256.8622222222358
3166.8,232.1353982300301
3166.9,211.1866666666166
3167.0,195.3338016528944
3167.1,219.5982644627707
3167.2,236.99780487800007
3167.3,245.7793548387172
3167.4,238.11877049178625
3167.5,221.527024793354
3167.6,242.3534710743888
3167.7,274.8091228069941
3167.8,265.1497435897167
3167.9,246.23791304345207
3168.0,206.97333333330428
3168.1,175.33830508472488
3168.2,194.29811965805632
3168.3,225.64
3168.4,233.9027118644036
3168.5,235.05516666666685
3168.6,223.4479338843253
3168.7,204.87426229512596
3168.8,199.6952066116848
3168.9,252.2489256198604
3169.0,300.21217391311166
3169.1,243.28722222226185
3169.2,232.89483870962945
3169.3,230.96818181788785
3169.4,155.9339344262671
3169.5,182.466721311424
3169.6,239.80249999986185
3169.7,259.5572727272652
3169.8,260.2739166666665
3169.9,252.1695081967126
3170.0,226.00287999998216
3170.1,197.1868800000084
3170.2,195.57435897434797
3170.3,227.91000000005388
3170.4,255.73680000000283
3170.5,250.12393442622627
3170.6,206.4436065573575
3170.7,231.75688524582597
3170.8,205.23886956514545
3170.9,241.26884297529463
3171.0,286.68932203390085
3171.1,265.88313043482214
3171.2,232.7281355932171
3171.3,233.55864406779685
3171.4,211.57943548384915
3171.5,137.62061403505166
3171.6,89.13387096774214
3171.7,90.05049180327879
3171.8,89.61319672131108
3171.9,89.27713114754047
3172.0,89.1632478632479
3172.1,89.0876190476191
3172.2,89.0074796747968
3172.3,88.91384615384577
3172.4,88.76
3172.5,88.87811023622041
3172.6,88.8209756097563
3172.7,88.68436974789938
3172.8,88.57460869565212
3172.9,88.55304347826083
3173.0,88.51
3173.1,88.51
3173.2,88.51
3173.3,88.51
3173.4,73.36333333329839
3173.5,70.04347107438016
3173.6,69.89853658536593
3173.7,69.74286885245901
3173.8,69.73280991735488
3173.9,69.60057851239644
3174.0,69.38555555555567
3174.1,69.53217391304337
3174.2,69.5465573770495
3174.3,69.4308403361344
3174.4,69.40817391304367
3174.5,69.49495798319339
3174.6,69.36890756302509
3174.7,69.35720338983049
3174.8,69.36
3174.9,69.29405172413801
3175.0,69.23447552447541
3175.1,69.30440559440541
3175.2,69.00333333333424
3175.3,69.09156521739195
3175.4,69.15499999999982
3175.5,69.16657894736856
3175.6,69.22463414634149
3175.7,69.10743589743596
3175.8,69.06470085470083
3175.9,69.06729508196722
3176.0,69.17608333333344
3176.1,68.86121212121256
3176.2,68.01272727272985
3176.3,68.1418103448274
3176.4,68.95230769230766
3176.5,69.06547008547011
3176.6,69.09965811965805
3176.7,68.9752755905515
3176.8,69.00912000000011
3176.9,68.99572649572632
3177.0,68.92400000000016
3177.1,68.99396551724125
3177.2,68.87327586206892
3177.3,68.92965217391321
3177.4,68.77923076923089
3177.5,68.7459504132231
3177.6,68.84461538461538
3177.7,68.87975409836088
3177.8,68.77319672131115
3177.9,68.80206611570253
3178.0,68.78401709401713
3178.1,68.70843478260885
3178.2,68.6577192982456
3178.3,68.6299999999997
3178.4,68.5235593220342
3178.5,68.65915254237314
3178.6,68.70865546218486
3178.7,68.63113043478296
3178.8,68.54947368421054
3178.9,68.55219512195123
3179.0,68.59292682926815
3179.1,68.51162601626012
3179.2,68.55899999999983
3179.3,68.63000000000011
3179.4,68.47965217391297
3179.5,68.41999999999979
3179.6,68.55462809917358
3179.7,68.5151282051281
3179.8,68.56641025641045
3179.9,68.63252100840349
3180.0,68.5406086956523
3180.1,68.49934426229503
3180.2,68.50629629629634
3180.3,68.4728333333339
3180.4,68.61450000000004
3180.5,68.38551724137965
3180.6,68.36249999999984
3180.7,68.40600000000005
3180.8,68.38464566929149
3180.9,68.43134453781511
3181.0,68.4649579831933
3181.1,68.49956521739126
3181.2,68.42764705882367
3181.3,68.42950000000029
3181.4,68.46172131147543
3181.5,68.31542372881354
3181.6,68.26457627118646
3181.7,68.24466292134832
3181.8,68.25260869565278
3181.9,68.42652173913054
3182.0,68.29823529411786
3182.1,68.19572649572659
3182.2,68.24299212598414
3182.3,68.33
3182.4,68.32297520661146
3182.5,68.28165289256195
3182.6,68.21087999999999
3182.7,68.26504065040638
3182.8,68.30032786885234
3182.9,68.22917355371857
3183.0,68.08641025641039
3183.1,68.2146153846152
3183.2,68.25295652173911
3183.3,68.10401709401667
3183.4,68.0578632478634
3183.5,68.09414634146333
3183.6,68.0490598290598
3183.7,67.9806837606839
3183.8,68.10478991596644
3183.9,68.14860465116278
3184.0,68.03877049180329
3184.1,67.90772357723576
3184.2,68.03453781512594
3184.3,68.11016806722697
3184.4,67.97128205128173
3184.5,68.08153846153857
3184.6,68.08128205128247
3184.7,67.94700000000003
3184.8,67.93475409836063
3184.9,67.90196721311472
3185.0,68.04760330578509
3185.1,67.9452586206899
3185.2,67.97692307692245
3185.3,68.06551724137934
3185.4,67.96102564102574
3185.5,67.82129032258072
3185.6,67.9825806451609
3185.7,67.931965811966
3185.8,67.8779999999999
3185.9,67.84942528735625
3186.0,67.82643678160915
3186.1,67.84482758620693
3186.2,67.83290322580649
3186.3,67.80273504273505
3186.4,67.81630252100837
3186.5,67.85831932773112
3186.6,67.86
3186.7,67.86
3186.8,67.86
3186.9,67.85957264957256
3187.0,67.81683760683762
3187.1,67.83823529411755
3187.2,67.82758620689668
3187.3,67.81
3187.4,67.75590163934436
3187.5,67.62759999999994
3187.6,67.7875999999998
3187.7,67.66172413793139
3187.8,67.78652173913119
3187.9,67.87587719298233
3188.0,67.83610169491524
3188.1,67.77958677685983
3188.2,67.64933884297523
3188.3,67.61628099173547
3188.4,67.77615384615385
3188.5,67.66793103448316
3188.6,67.55823008849545
3188.7,67.61
3188.8,67.60540983606553
3188.9,67.5726229508196
3189.0,67.59920634920633
3189.1,67.6382051282051
3189.2,67.62385245901649
3189.3,67.57
3189.4,67.57626086956523
3189.5,67.64582608695662
3189.6,67.58627118644061
3189.7,67.59666666666666
3189.8,67.58983739837387
3189.9,67.57
3190.0,67.57403361344542
3190.1,67.60764705882352
3190.2,67.61
3190.3,67.61
3190.4,67.63063492063493
3190.5,67.64934426229513
3190.6,67.60900826446283
3190.7,67.58421487603312
3190.8,67.63398373983743
3190.9,67.63457627118645
3191.0,67.51869565217392
3191.1,67.40805084745773
3191.2,67.57310344827586
3191.3,67.60758620689668
3191.4,67.41942622950805
3191.5,67.38308943089427
3191.6,67.38386554621853
3191.7,67.36935483870965
3191.8,67.39838709677416
3191.9,67.366129032258
3192.0,67.32538461538462
3192.1,67.36008695652173
3192.2,67.38310344827588
3192.3,67.32870689655138
3192.4,67.2867200000006
3192.5,67.50272000000041
3192.6,67.40223999999988
3192.7,66.75700000000167
3192.8,66.70762295082045
3192.9,67.38358974358974
3193.0,67.36273504273498
3193.1,67.39692307692307
3193.2,67.36807017543865
3193.3,67.32681034482749
3193.4,67.31
3193.5,67.32483050847452
3193.6,67.34650793650805
3193.7,67.26714285714289
3193.8,67.22966666666663
3193.9,67.27237704918034
3194.0,67.32384180790959
3194.1,67.35209039548016
3194.2,67.32949152542386
3194.3,67.34724137931042
3194.4,67.34917355371903
3194.5,67.26
3194.6,67.26
3194.7,67.29137254901956
3194.8,67.291304347826
3194.9,67.22591304347803
3195.0,67.13120689655166
3195.1,67.21741379310332
3195.2,67.22
3195.3,67.24677685950415
3195.4,67.26
3195.5,67.18991452991436
3195.6,67.06
3195.7,67.05692307692308
3195.8,67.02273504273496
3195.9,67.17333333333363
3196.0,67.12857142857143
3196.1,67.15517241379274
3196.2,67.24310344827633
3196.3,67.06694915254225
3196.4,66.97372881355923
3196.5,67.17512820512788
3196.6,67.30703389830482
3196.7,67.18634146341552
3196.8,67.03266666666669
3196.9,67.05404958677686
3197.0,67.02099173553724
3197.1,66.94902439024412
3197.2,66.95406504065036
3197.3,66.97
3197.4,66.97
3197.5,66.98318965517244
3197.6,67.12974137931025
3197.7,67.11615384615392
3197.8,67.0706896551724
3197.9,67.0342105263158
3198.0,67.03546218487394
3198.1,67.06
3198.2,66.96896551724352
3198.3,65.83103448275648
3198.4,66.70035087719374
3198.5,67.0166666666665
3198.6,67.04000000000008
3198.7,67.01669491525425
3198.8,67.02643478260887
3198.9,67.09530434782585
3199.0,67.01704347826087
3199.1,67.01
3199.2,67.01613445378149
3199.3,67.0339655172414
3199.4,67.05322033898305
3199.5,67.0165217391304
3199.6,66.81960000000021
3199.7,67.01160000000003
3199.8,67.02931034482748
3199.9,67.03354497354502
3200.0,67.05470899470899
3200.1,66.90745762711893
3200.2,66.80034482758627
3200.3,66.84773913043519
3200.4,66.98808695652191
3200.5,67.02525000000004
3200.6,66.80025000000005
3200.7,66.84713114754075
3200.8,66.95625000000003
3200.9,66.92360655737697
3201.0,66.78
3201.1,66.78965517241356
3201.2,67.0310344827582
3201.3,66.89999999999972
3201.4,66.81513043478259
3201.5,66.81333333333335
3201.6,66.81854838709677
3201.7,66.81048387096777
3201.8,66.85017094017105
3201.9,66.83630769230764
3202.0,66.8159829059829
3202.1,66.87260869565176
3202.2,67.00769230769274
3202.3,66.72564102564088
3202.4,66.80305084745763
3202.5,66.7935537190083
3202.6,66.82577586206877
3202.7,66.86638655462187
3202.8,66.84330434782588
3202.9,66.78
3203.0,66.78
3203.1,66.8034453781512
3203.2,66.81
3203.3,66.81441666666667
3203.4,66.80601694915256
3203.5,66.77
3203.6,66.77042735042724
3203.7,66.81316239316234
3203.8,66.7922314049586
3203.9,66.8199295774649
3204.0,66.86086956521733
3204.1,66.81798319327736
3204.2,66.78436974789928
3204.3,66.78
3204.4,66.78
3204.5,66.79423728813562
3204.6,66.73465517241377
3204.7,66.62631578947354
3204.8,66.81652173913032
3204.9,66.77304347826089
3205.0,66.7780172413793
3205.1,66.80610169491518
3205.2,66.82
3205.3,66.71620689655141
3205.4,66.5898461538462
3205.5,66.77446153846125
3205.6,66.78
3205.7,66.78
3205.8,66.68347457627112
3205.9,66.69575000000003
3206.0,66.81752136752137
3206.1,66.78300000000061
3206.2,66.55800000000062
3206.3,66.56225806451619
3206.4,66.68609756097592
3206.5,66.70307692307692
3206.6,66.71533333333245
3206.7,67.11686956521832
3206.8,66.57773913043275
3206.9,66.54
3207.0,66.49232758620678
3207.1,66.50705882352943
3207.2,66.63103448275837
3207.3,66.78
3207.4,66.75355932203405
3207.5,66.55016949152565
3207.6,66.49210084033611
3207.7,66.5186440677965
3207.8,66.54
3207.9,66.51736842105258
3208.0,66.49450000000002
3208.1,66.54
3208.2,66.54
3208.3,66.52406779661015
3208.4,66.55897435897445
3208.5,66.56111999999995
3208.6,66.52595041322311
3208.7,66.49912280701749
3208.8,66.5692982456142
3208.9,66.49252173913047
3209.0,66.52382608695652
3209.1,66.563
3209.2,66.58
3209.3,66.57066666666658
3209.4,66.53612903225795
3209.5,66.4877419354839
3209.6,66.52131147540982
3209.7,66.54
3209.8,66.54
3209.9,66.51913043478267
3210.0,66.44782608695651
3210.1,66.5347826086954
3210.2,66.52420168067229
3210.3,66.49478991596632
3210.4,66.50847457627123
3210.5,66.54
3210.6,66.52017241379338
3210.7,66.44170731707308
3210.8,66.46609756097568
3210.9,66.51064516129038
3211.0,66.505
3211.1,66.50735042735036
3211.2,66.54635593220357
3211.3,66.48583333333323
3211.4,66.4024999999999
3211.5,66.45538461538455
3211.6,66.42769230769238
3211.7,66.39
3211.8,66.42135593220362
3211.9,66.49760000000009
3212.0,66.53760000000007
3212.1,66.46295081967227
3212.2,66.44590163934424
3212.3,66.44596774193546
3212.4,66.42951612903217
3212.5,66.39169491525419
3212.6,66.47644067796602
3212.7,66.42114754098365
3212.8,66.41561983471087
3212.9,66.44
3213.0,66.45338842975208
3213.1,66.52776859504121
3213.2,66.42048387096784
3213.3,66.41413223140505
3213.4,66.434262295082
3213.5,66.45219512195129
3213.6,66.48426229508192
3213.7,66.40229508196745
3213.8,66.36118644067794
3213.9,66.37110236220474
3214.0,66.33482758620694
3214.1,66.21974358974366
3214.2,66.17764705882367
3214.3,66.14403361344529
3214.4,66.20711864406798
3214.5,66.20131147540984
3214.6,66.18
3214.7,66.17042735042745
3214.8,66.1457894736842
3214.9,66.19842105263157
3215.0,66.22078341013827
3215.1,66.19774193548392
3215.2,66.17192982456152
3215.3,66.14305084745763
3215.4,66.17694915254238
3215.5,66.14888888888886
3215.6,66.16387096774191
3215.7,66.20032520325192
3215.8,66.21865546218483
3215.9,66.19664000000056
3216.0,66.40464000000036
3216.1,66.38071428571432
3216.2,66.26500000000034
3216.3,66.26734375000014
3216.4,66.39942622950849
3216.5,66.1289344262297
3216.6,66.13268292682922
3216.7,66.16372881355925
3216.8,66.18
3216.9,66.18
3217.0,66.18241935483866
3217.1,66.22274193548385
3217.2,66.16850000000004
3217.3,66.16032786885253
3217.4,66.16677685950415
3217.5,66.15436974789903
3217.6,66.23
3217.7,66.26278688524579
3217.8,66.20136000000002
3217.9,66.11508474576279
3218.0,66.10745762711848
3218.1,66.23874015748012
3218.2,66.34897637795251
3218.3,66.29360655737685
3218.4,66.2373599999999
3218.5,66.21
3218.6,66.20059829059832
3218.7,66.15836065573781
3218.8,66.1255737704918
3218.9,66.12068376068375
3219.0,66.21304347826093
3219.1,66.27391304347815
3219.2,66.08336134453798
3219.3,66.09888888888918
3219.4,66.13121739130429
3219.5,66.09347457627115
3219.6,66.0618260869565
3219.7,66.0718461538461
3219.8,66.10261538461542
3219.9,66.08445378151262
3220.0,66.15950413223133
3220.1,66.2448951048951
3220.2,66.2029370629371
3220.3,66.1290677966099
3220.4,66.08961956521733
3220.5,66.06244565217392
3220.6,66.09165217391306
3220.7,66.04758620689653
3220.8,66.03500000000005
3220.9,66.1008474576271
3221.0,66.1808695652174
3221.1,66.1126724137932
3221.2,66.2937068965517
3221.3,66.25460869565207
3221.4,66.22722689075631
3221.5,66.21504347826088
3221.6,66.20641025641027
3221.7,66.16074380165335
3221.8,66.00967741935482
3221.9,66.0016129032258
3222.0,65.97310924369754
3222.1,66.00692307692294
3222.2,66.05372881355932
3222.3,66.09137931034519
3222.4,66.18803418803395
3222.5,66.06837606837612
3222.6,65.99304000000011
3222.7,66.04620689655145
3222.8,66.08374999999998
3222.9,66.05000000000004
3223.0,66.00540983606568
3223.1,65.89065573770499
3223.2,65.93559999999991
3223.3,65.98436974789921
3223.4,66.03370967741942
3223.5,66.09264462809904
3223.6,65.96867768595048
3223.7,66.0362295081967
3223.8,66.06
3223.9,66.04067226890747
3224.0,66.02134453781514
3224.1,72.31709401696025
3224.2,150.53076923074187
3224.3,188.84366666669663
3224.4,208.62090909092623
3224.5,234.61064516132112
3224.6,255.50123966947248
3224.7,229.62124999993372
3224.8,249.0462500000221
3224.9,207.08561983472663
3225.0,227.52727272729825
3225.1,256.5934166666672
3225.2,245.9675409836036
3225.3,246.905083333316
3225.4,238.4134166666493
3225.5,218.7523966941998
3225.6,252.71049180329467
3225.7,271.4004918033339
3225.8,216.7477235772444
3225.9,228.9834959349521
3226.0,259.1582499999785
3226.1,224.67778688527005
3226.2,216.7299999999636
3226.3,250.31466666670627
3226.4,262.5486440677631
3226.5,248.53169491528016
3226.6,237.9761538461645
3226.7,236.46677685950087
3226.8,209.26666666653057
3226.9,184.98991935491185
3227.0,216.51090909089328
3227.1,254.7919008263657
3227.2,236.036101694981
3227.3,235.3357142857371
3227.4,230.0136666666352
3227.5,228.46739495793156
3227.6,276.5107438016179
3227.7,214.37851239676428
3227.8,217.3575206611805
3227.9,243.71041322314176
3228.0,234.7241935484239
3228.1,193.29358974356765
3228.2,236.02702479335565
3228.3,246.92785123966777
3228.4,245.9081818181773
3228.5,233.11173553717117
3228.6,227.98557377049409
3228.7,233.4465000000088
3228.8,194.7048333333128
3228.9,255.62140495883384
3229.0,245.6929012345359
3229.1,225.71176470581497
3229.2,272.1235294115998
3229.3,207.52754098351883
3229.4,216.83600000005035
3229.5,236.4869230769231
3229.6,238.00079365079884
3229.7,231.59909090910045
3229.8,208.5908264462248
3229.9,223.60201923079023
3230.0,242.837596153842
3230.1,215.29288135596136
3230.2,240.7415126049044
3230.3,270.3938842975174
3230.4,267.2434146341415
3230.5,281.1098360654892
3230.6,239.0934426230072
3230.7,210.1478512397556
3230.8,235.73536585377417
3230.9,251.66859504112315
3231.0,200.5690322581304
3231.1,269.63354838696
3231.2,260.7973770492142
3231.3,235.85090909086415
3231.4,239.45941176469373
3231.5,267.2323622047304
3231.6,263.5895238096758
3231.7,202.54190476199068
3231.8,218.549230769294
3231.9,234.56857142856865
3232.0,224.94266666665172
3232.1,210.0904918031264
3232.2,266.8445901638033
3232.3,223.22487804871972
3232.4,245.29889830511016
3232.5,240.96959016390525
3232.6,204.58699999998032
3232.7,258.0884297520779
3232.8,254.9231404958586
3232.9,251.36694214875408
3233.0,242.8540983606404
3233.1,241.7473983739964
3233.2,251.5015254237288
3233.3,251.41366666665735
3233.4,249.09699999999947
3233.5,244.62100000000223
3233.6,248.6032758620601
3233.7,255.6884070796413
3233.8,256.08381355930345
3233.9,249.32615384615605
3234.0,246.96717948717847
3234.1,249.84295652173185
3234.2,251.158157894733
3234.3,251.790975609757
3234.4,250.03307692306805
3234.5,213.665
3234.6,111.03453781514712
3234.7,88.99252100847075
3234.8,88.8911965812
3234.9,89.2569565217392
3235.0,174.43844827573287
3235.1,250.3102564102537
3235.2,252.21365217391465
3235.3,248.62017543858445
3235.4,238.55
3235.5,237.71101694915288
3235.6,240.98260869565368
3235.7,237.44297520661488
3235.8,233.2378947368407
3235.9,232.94678260869583
3236.0,233.08452173913076
3236.1,232.86827586206925
3236.2,232.282068965518
3236.3,232.2905263157897
3236.4,233.7230769230769
3236.5,239.4208695652122
3236.6,259.837894736824
3236.7,279.12016666671263
3236.8,247.10372881354107
3236.9,241.33254237286533
3237.0,212.3521367521205
3237.1,191.5537068965644
3237.2,191.10564102560969
3237.3,210.94333333333333
3237.4,235.66159663865457
3237.5,237.22487804877755
3237.6,234.3224390243937
3237.7,217.3092241380364
3237.8,205.11273504282835
3237.9,267.34186440690246
3238.0,318.7401694914303
3238.1,250.3442857143919
3238.2,233.75689075625732
3238.3,251.87586776860095
3238.4,262.6538461538491
3238.5,260.9732478632695
3238.6,303.7339316238452
3238.7,266.4915789475229
3238.8,241.1861016949037
3238.9,250.28859504130693
3239.0,256.3806504065275
3239.1,224.60133333331487
3239.2,202.46800000006544
3239.3,246.65830508479425
3239.4,262.22211382113784
3239.5,220.8524590164335
3239.6,169.11772357722504
3239.7,187.0039024389724
3239.8,214.0526829268653
3239.9,261.2900000000578
3240.0,240.5866666666966
3240.1,225.3495798319006
3240.2,241.0262280701785
3240.3,212.98347826073956
3240.4,169.14
3240.5,196.96051282055063
3240.6,227.26393162391605
3240.7,243.2954782608636
3240.8,241.9238016528553
3240.9,229.89008403358883
3241.0,213.81153846155112
3241.1,188.7346153846914
3241.2,280.75999999961
3241.3,254.269999999906
3241.4,237.36286956522025
3241.5,250.5785714285587
3241.6,262.80120772946844
3241.7,265.0572463768107
3241.8,264.31353448268027
3241.9,243.4945689654552
3242.0,232.53367999997792
3242.1,226.4200826446255
3242.2,217.62600000000296
3242.3,213.18508333337977
3242.4,221.8451639344338
3242.5,181.1648360655662
3242.6,214.68725806441435
3242.7,226.5162903225947
3242.8,222.34533898304463
3242.9,214.70295999996924
3243.0,192.45495999998943
3243.1,248.4684070797063
3243.2,307.2099999999617
3243.3,266.686315789254
3243.4,240.2034482759097
3243.5,226.69652173914585
3243.6,160.72899999986768
3243.7,213.7659829058172
3243.8,280.3642735045013
3243.9,267.5362068964684
3244.0,243.5186206896065
3244.1,237.0628070175535
3244.2,234.26322033900675
3244.3,211.31695652173264
3244.4,182.3938461538907
3244.5,226.4707692307024
3244.6,233.138407079644
3244.7,193.64475409840625
3244.8,177.40368852462464
3244.9,197.34390243900708
3245.0,226.1608130080597
3245.1,269.4209756097897
3245.2,248.61000000002088
3245.3,240.61769230769903
3245.4,239.4960683760622
3245.5,215.22666666657884
3245.6,177.24052631580565
3245.7,242.1899999999991
3245.8,243.19000000000324
3245.9,235.7296581196492
3246.0,238.85499999999732
3246.1,235.9148062015605
3246.2,226.15842975206508
3246.3,228.2943442623685
3246.4,274.1058196722216
3246.5,250.58697478990229
3246.6,242.205
3246.7,255.13176470587675
3246.8,250.60933333310004
3246.9,157.3426666664334
3247.0,236.5350819671468
3247.1,251.00967213115456
3247.2,243.55129032258736
3247.3,243.65521367528697
3247.4,257.25176470585006
3247.5,227.0500840336446
3247.6,220.60666666667848
3247.7,256.85886956513923
3247.8,266.8773170731509
3247.9,237.6337190082154
3248.0,199.20290322579868
3248.1,225.670645161302
3248.2,220.74717948719072
3248.3,269.3076923078852
3248.4,262.12413793100586
3248.5,236.83933333333917
3248.6,233.65044444445024
3248.7,196.26096774200607
3248.8,173.31586206901795
3248.9,197.2290434783453
3249.0,237.53385964911237
3249.1,250.02508771927285
3249.2,252.2372499999957
3249.3,237.38097560972747
3249.4,210.08599999996952
3249.5,198.0595798319368
3249.6,227.0439669420687
3249.7,269.6555371899305
3249.8,252.93752066110147
3249.9,250.54725806452
3250.0,233.06640000002585
3250.1,215.2201754385333
3250.2,251.0399999999397
3250.3,273.12333333337347
3250.4,265.1093442622721
3250.5,237.8273770491829
3250.6,214.6822689075739
3250.7,212.7225
3250.8,224.06777777761283
3250.9,177.43529914525203
3251.0,198.2053719008096
3251.1,227.7188524589894
3251.2,215.0289430895019
3251.3,192.3420338984031
3251.4,233.0375862069072
3251.5,239.18413793104028
3251.6,281.89539130426215
3251.7,243.17272727277535
3251.8,232.52975206619007
3251.9,239.28599999998403
3252.0,221.03233333339384
3252.1,191.46566666672717
3252.2,213.7695901638961
3252.3,229.09942622955063
3252.4,239.52073770493087
3252.5,238.71097560977736
3252.6,218.30555555562364
3252.7,186.8611111111452
3252.8,219.4648717949397
3252.9,257.7964800000026
3253.0,255.3438016529559
3253.1,215.59588709673835
3253.2,230.86201612900763
3253.3,185.7754687499583
3253.4,182.67286885246705
3253.5,152.53319672124047
3253.6,90.29224137930994
3253.7,89.86532786885249
3253.8,89.4800819672127
3253.9,89.30163934426214
3254.0,89.21694915254233
3254.1,89.1532173913044
3254.2,89.08608695652184
3254.3,89.04135593220325
3254.4,88.99050847457615
3254.5,88.73636363636344
3254.6,88.5777049180327
3254.7,88.6157264957264
3254.8,88.68622047244075
3254.9,88.61196721311478
3255.0,88.62836065573767
3255.1,88.45892561983479
3255.2,88.35548387096786
3255.3,81.01303278686406
3255.4,68.82860655737937
3255.5,70.19788617886137
3255.6,69.98650406504049
3255.7,69.93360655737708
3255.8,69.82442622950799
3255.9,69.71393442622957
3256.0,69.7202479338839
3256.1,69.4723140495868
3256.2,69.59905172413778
3256.3,69.5478947368418
3256.4,69.48435897435895
3256.5,69.45181818181825
3256.6,69.42370967741931
3256.7,69.43983870967739
3256.8,68.19615384615385
3256.9,68.83704918032771
3257.0,69.38195121951205
3257.1,69.43721311475439
3257.2,69.27635593220333
3257.3,69.31872881355945
3257.4,69.12122950819678
3257.5,68.26642857142892
3257.6,68.30391666666694
3257.7,69.16239316239314
3257.8,69.19609756097556
3257.9,69.16357723577234
3258.0,69.16
3258.1,69.1188755020081
3258.2,69.05461847389564
3258.3,68.98749999999977
3258.4,68.90416666666675
3258.5,69.02459016393432
3258.6,69.06
3258.7,69.03025641025647
3258.8,68.96924999999985
3258.9,68.90820512820511
3259.0,68.90205128205125
3259.1,68.95333333333335
3259.2,68.90101694915275
3259.3,68.92200000000005
3259.4,68.83362068965498
3259.5,68.73800000000004
3259.6,68.83210084033614
3259.7,68.89932773109231
3259.8,68.82016129032232
3259.9,68.80625
3260.0,68.80545454545455
3260.1,68.8267716535433
3260.2,68.88478260869648
3260.3,68.66739130434745
3260.4,68.73031746031742
3260.5,68.76549999999999
3260.6,68.78885245901634
3260.7,68.77968000000018
3260.8,68.61167999999958
3260.9,68.56840336134452
3261.0,68.63154471544706
3261.1,68.64564102564107
3261.2,68.59983193277316
3261.3,68.5758823529413
3261.4,68.64983333333335
3261.5,68.64150000000001
3261.6,68.52186440677977
3261.7,68.49206896551719
3261.8,68.55102564102577
3261.9,68.58280701754391
3262.0,68.5284166666665
3262.1,68.63674999999982
3262.2,68.58341666666675
3262.3,68.50474576271164
3262.4,68.43999999999988
3262.5,68.40286956521737
3262.6,68.39228070175437
3262.7,68.39200000000018
3262.8,68.3253333333332
3262.9,68.4340495867769
3263.0,68.57561983471054
3263.1,68.57561983471093
3263.2,68.47950819672128
3263.3,68.49611570247923
3263.4,68.29776859504155
3263.5,68.30495934959352
3263.6,68.26793388429748
3263.7,68.24135593220336
3263.8,68.30578512396728
3263.9,68.40904761904757
3264.0,68.37730158730162
3264.1,68.37
3264.2,68.36533898305086
3264.3,68.3192125984249
3264.4,68.22434782608704
3264.5,68.26782608695648
3264.6,68.26251968503938
3264.7,68.26543999999998
3264.8,68.2288695652172
3264.9,68.12561403508742
3265.0,68.05933884297552
3265.1,68.34033057851224
3265.2,68.36775
3265.3,68.27874999999986
3265.4,68.21561983471074
3265.5,68.17297520661141
3265.6,68.06639344262295
3265.7,68.03360655737704
3265.8,68.12641666666681
3265.9,68.1945
3266.0,68.14222222222239
3266.1,68.01017094017105
3266.2,67.97919354838686
3266.3,68.13241935483872
3266.4,68.06590163934428
3266.5,68.03025641025643
3266.6,68.02442028985507
3266.7,67.99258620689636
3266.8,68.0443103448276
3266.9,67.92617391304333
3267.0,68.01532258064502
3267.1,67.97500000000066
3267.2,67.87181818181773
3267.3,68.04572649572563
3267.4,67.83205128205095
3267.5,67.80680000000001
3267.6,67.82951219512192
3267.7,67.86243697478983
3267.8,67.88564516129031
3267.9,67.8614516129032
3268.0,67.8205042016807
3268.1,67.81
3268.2,67.8738793103446
3268.3,67.91515151515142
3268.4,67.85955223880597
3268.5,67.85457711442785
3268.6,67.8473109243698
3268.7,67.8136974789916
3268.8,67.81
3268.9,67.84201754385971
3269.0,67.88
3269.1,67.9
3269.2,67.85626984127028
3269.3,67.62611111111023
3269.4,67.76121951219555
3269.5,67.81
3269.6,67.73280701754412
3269.7,67.68631578947301
3269.8,67.88829268292679
3269.9,67.81512195121955
3270.0,67.61758620689685
3270.1,67.7279487179486
3270.2,67.81
3270.3,67.76423728813549
3270.4,67.66
3270.5,67.66
3270.6,67.59016000000017
3270.7,67.59399999999991
3270.8,67.59222222222213
3270.9,67.58228070175448
3271.0,67.61921052631587
3271.1,67.65491935483867
3271.2,67.58233870967759
3271.3,67.57674796747968
3271.4,67.57487179487178
3271.5,67.57
3271.6,67.58933884297522
3271.7,67.69677685950397
3271.8,67.63071428571425
3271.9,67.58613445378147
3272.0,67.58664000000005
3272.1,67.60107438016529
3272.2,67.57205128205122
3272.3,67.60623931623934
3272.4,67.6453174603175
3272.5,67.59174999999982
3272.6,67.54387096774194
3272.7,67.58413223140478
3272.8,67.65851239669425
3272.9,67.11417721518977
3273.0,67.05107438016483
3273.1,67.5884347826088
3273.2,67.53139130434779
3273.3,67.56617391304349
3273.4,67.59942148760337
3273.5,67.61
3273.6,67.5100000000002
3273.7,67.37016393442619
3273.8,67.39702479338843
3273.9,67.36396694214868
3274.0,67.36
3274.1,67.3827586206896
3274.2,67.38319327731098
3274.3,67.34912280701741
3274.4,67.31861788617883
3274.5,67.31048780487804
3274.6,67.31
3274.7,67.33975206611565
3274.8,67.36
3274.9,67.30526315789413
3275.0,67.14817391304382
3275.1,67.38295652173878
3275.2,67.3219298245616
3275.3,67.31
3275.4,67.33082644628101
3275.5,67.28350000000006
3275.6,67.18661290322567
3275.7,67.30758064516081
3275.8,67.31
3275.9,67.31
3276.0,67.33291666666662
3276.1,67.36
3276.2,67.3608620689655
3276.3,67.3694827586207
3276.4,67.36189655172413
3276.5,67.32578947368424
3276.6,67.31
3276.7,67.31
3276.8,67.27974789915928
3276.9,67.16641025641039
3277.0,67.2946153846152
3277.1,67.27939130434785
3277.2,67.29539130434773
3277.3,67.17213114754082
3277.4,67.08171428571444
3277.5,67.25314285714302
3277.6,67.15333333333349
3277.7,67.0550862068968
3277.8,67.14393442622986
3277.9,66.80176470588104
3278.0,66.15507692307607
3278.1,67.1781538461512
3278.2,67.07128205128235
3278.3,67.0135344827586
3278.4,66.9906557377049
3278.5,66.97
3278.6,66.97
3278.7,66.97
3278.8,67.00916666666672
3278.9,67.02
3279.0,66.99822580645161
3279.1,66.97
3279.2,66.97231404958666
3279.3,67.00537190082655
3279.4,67.05161290322583
3279.5,67.08549999999998
3279.6,67.10365217391303
3279.7,67.10776859504132
3279.8,67.09612903225786
3279.9,67.03161290322579
3280.0,67.02
3280.1,67.04418032786877
3280.2,67.06678260869566
3280.3,67.05241379310331
3280.4,67.02
3280.5,67.02
3280.6,67.02
3280.7,67.03795081967212
3280.8,67.05421487603309
3280.9,67.05756097560975
3281.0,67.04835937499999
3281.1,67.02492187500003
3281.2,67.02
3281.3,67.02
3281.4,67.02
3281.5,66.99043478260894
3281.6,66.82277372262766
3281.7,66.96145985401424
3281.8,66.88112068965505
3281.9,66.87800000000004
3282.0,67.01754237288135
3282.1,66.9958974358975
3282.2,66.86769230769269
3282.3,66.99078260869597
3282.4,67.02
3282.5,66.91144067796579
3282.6,66.81370689655174
3282.7,66.82931034482756
3282.8,66.85617391304348
3282.9,66.82139130434778
3283.0,66.82
3283.1,66.79333333333334
3283.2,66.79428571428568
3283.3,66.81
3283.4,66.81155172413793
3283.5,66.81913043478262
3283.6,66.77565217391302
3283.7,66.7773728813559
3283.8,66.78
3283.9,66.78
3284.0,66.80288135593229
3284.1,66.86060869565239
3284.2,66.78234782608709
3284.3,66.73818965517232
3284.4,66.78184000000009
3284.5,66.79599999999998
3284.6,66.78923076923077
3284.7,66.81151999999999
3284.8,66.81952000000001
3284.9,66.85056910569106
3285.0,66.81226890756295
3285.1,66.79793103448273
3285.2,66.82
3285.3,66.82
3285.4,66.81900826446275
3285.5,66.78595041322315
3285.6,66.80016393442622
3285.7,66.79487394957987
3285.8,66.78
3285.9,66.79230769230773
3286.0,66.86923076923061
3286.1,66.78818181818181
3286.2,66.74787234042554
3286.3,66.75596491228089
3286.4,66.80192982456136
3286.5,66.77305084745763
3286.6,66.80694915254237
3286.7,66.81777777777775
3286.8,66.82
3286.9,66.79913043478258
3287.0,66.80857142857143
3287.1,66.85355932203397
3287.2,66.81991452991454
3287.3,66.81136752136749
3287.4,66.81
3287.5,66.78669565217386
3287.6,66.66949579831919
3287.7,66.61573770491762
3287.8,66.82351999999999
3287.9,66.85551999999996
3288.0,66.86
3288.1,66.83094017094021
3288.2,66.81
3288.3,66.80099999999997
3288.4,66.75152542372867
3288.5,66.57355932203382
3288.6,66.77940170940127
3288.7,69.98318965516016
3288.8,68.70042372880995
3288.9,66.55649122807019
3289.0,66.56871794871796
3289.1,66.3946666666664
3289.2,65.4863333333365
3289.3,66.3241463414631
3289.4,66.5937398373984
3289.5,66.58008547008541
3289.6,66.54811475409835
3289.7,66.56241379310346
3289.8,66.49344827586182
3289.9,66.53094827586219
3290.0,66.56655462184877
3290.1,66.55457627118645
3290.2,66.50984000000004
3290.3,66.47975409836079
3290.4,66.53713114754093
3290.5,66.54
3290.6,66.54
3290.7,66.53529914529918
3290.8,66.53240506329115
3290.9,66.53873417721519
3291.0,66.49826086956519
3291.1,66.52795081967206
3291.2,66.5588793103449
3291.3,66.54
3291.4,66.54
3291.5,66.54
3291.6,66.46166666666684
3291.7,66.44
3291.8,66.46034482758628
3291.9,66.47632478632478
3292.0,66.48568965517232
3292.1,66.53920000000002
3292.2,66.53120000000003
3292.3,66.53
3292.4,66.53551724137932
3292.5,66.54
3292.6,66.54604838709679
3292.7,66.56893442622977
3292.8,66.46237704918006
3292.9,66.46590163934425
3293.0,66.50714285714281
3293.1,66.51327586206901
3293.2,66.4524999999999
3293.3,66.53583333333363
3293.4,66.47214285714279
3293.5,66.4171428571428
3293.6,66.45982905982915
3293.7,66.56128000000011
3293.8,66.49
3293.9,66.49
3294.0,66.38773913043478
3294.1,66.37399999999994
3294.2,66.41307692307682
3294.3,66.42508064516122
3294.4,66.39537190082643
3294.5,66.4366942148761
3294.6,66.44
3294.7,66.43411764705884
3294.8,66.41354838709668
3294.9,66.40991803278695
3295.0,66.47618644067788
3295.1,66.39991525423723
3295.2,66.39
3295.3,66.39
3295.4,66.41471544715446
3295.5,66.4601639344263
3295.6,66.39459016393447
3295.7,66.18956896551755
3295.8,66.34086956521756
3295.9,66.30677685950396
3296.0,66.26883333333345
3296.1,66.44
3296.2,66.44
3296.3,66.44
3296.4,66.43319672131146
3296.5,66.305
3296.6,66.23754098360628
3296.7,66.342177419355
3296.8,66.23733870967702
3296.9,66.32457627118643
3297.0,66.37419354838707
3297.1,66.41090163934426
3297.2,66.37819672131164
3297.3,66.18
3297.4,66.18
3297.5,66.21429752066118
3297.6,66.21342245989307
3297.7,66.18668449197864
3297.8,66.18
3297.9,66.25245901639373
3298.0,66.30749999999983
3298.1,66.17754098360662
3298.2,66.15295081967218
3298.3,66.14272727272727
3298.4,66.16196721311479
3298.5,66.19890756302523
3298.6,66.21976377952763
3298.7,66.18039370078749
3298.8,66.18
3298.9,66.15377049180327
3299.0,66.14
3299.1,66.15299999999993
3299.2,66.16700854700868
3299.3,66.10205128205169
3299.4,66.20461538461554
3299.5,66.1906896551724
3299.6,66.15792000000002
3299.7,66.18436974789898
3299.8,66.24966942148758
3299.9,66.21243478260864
3300.0,66.2733043478261
3300.1,66.28
3300.2,66.27442622950821
3300.3,66.30338709677433
3300.4,66.3278048780489
3300.5,66.18146341463445
3300.6,66.1309090909091
3300.7,66.1391803278688
3300.8,66.1978632478634
3300.9,66.22419117647044
3301.0,66.15612068965497
3301.1,66.0268103448275
3301.2,66.1635294117645
3301.3,66.24764227642284
3301.4,66.27371900826446
3301.5,66.26829268292688
3301.6,66.21909836065596
3301.7,66.1289344262297
3301.8,66.27188524590221
3301.9,66.19647540983577
3302.0,66.04910614525132
3302.1,66.16083798882686
3302.2,66.14114754098372
3302.3,66.06
3302.4,66.08956521739174
3302.5,66.25658119658128
3302.6,66.08564102564087
3302.7,66.06
3302.8,66.06
3302.9,66.07355932203389
3303.0,66.11803278688521
3303.1,66.2
3303.2,66.15689655172417
3303.3,66.05439024390215
3303.4,66.05652542372896
3303.5,66.08504347826086
3303.6,66.08295081967199
3303.7,66.15950413223142
3303.8,66.15123966942149
3303.9,66.11544715447154
3304.0,66.07898305084748
3304.1,66.08749999999989
3304.2,66.13058823529431
3304.3,66.07176470588217
3304.4,66.07
3304.5,66.04684210526324
3304.6,66.05672131147507
3304.7,66.19737704918039
3304.8,66.16459016393432
3304.9,66.08950819672128
3305.0,66.01317073170745
3305.1,66.00388429752053
3305.2,66.07491803278687
3305.3,66.09950819672132
3305.4,66.02829268292689
3305.5,66.071475409836
3305.6,66.08809917355379
3305.7,66.05726495726498
3305.8,66.05657894736856
3305.9,66.10175000000035
3306.0,66.27675000000036
3306.1,66.10230769230769
3306.2,66.0320689655172
3306.3,66.50128205128348
3306.4,107.2468965516633
3306.5,212.05567796614255
3306.6,177.82686440683375
3306.7,228.8784033611496
3306.8,232.96460869564004
3306.9,249.37310344831084
3307.0,230.80565217396676
3307.1,193.98733333320988
3307.2,234.5849180327693
3307.3,241.1259016393589
3307.4,191.52876033053656
3307.5,203.669663865494
3307.6,228.83307692306624
3307.7,230.79827586207224
3307.8,212.20568000012028
3307.9,245.5976800000899
3308.0,227.3844827585606
3308.1,251.61881355926027
3308.2,253.33230769249275
3308.3,209.291228070206
3308.4,223.55764705884872
3308.5,247.11226890753872
3308.6,233.9646031746048
3308.7,244.29322314047545
3308.8,251.56031999998072
3308.9,237.4919008264066
3309.0,205.33661016948744
3309.1,214.1671186440603
3309.2,236.5946086955671
3309.3,201.79999999992808
3309.4,196.27873684216067
3309.5,242.584
3309.6,217.04417391303247
3309.7,199.82826086953543
3309.8,232.05975206613084
3309.9,242.16536585366
3310.0,238.21414634147
3310.1,263.8054545454545
3310.2,236.708559999996
3310.3,229.72568965539585
3310.4,256.8518965515315
3310.5,201.8278947369101
3310.6,233.40684210529335
3310.7,233.4085123966952
3310.8,252.98853658543064
3310.9,262.7847199999924
3311.0,258.6107692307692
3311.1,256.6552000000432
3311.2,238.40720000005973
3311.3,190.6548360654968
3311.4,202.4558677686213
3311.5,237.57263999998764
3311.6,255.949304347775
3311.7,290.6763095238201
3311.8,268.9917857142329
3311.9,262.01040000002274
3312.0,276.3107692307692
3312.1,217.20820512835445
3312.2,240.13983739825616
3312.3,273.32347457626986
3312.4,274.578706896571
3312.5,238.93956521742663
3312.6,214.6762068965427
3312.7,268.5778632478944
3312.8,237.7744444444133
3312.9,191.91921739123012
3313.0,207.1748695652048
3313.1,239.62499999997385
3313.2,243.21388429755683
3313.3,204.5240944882921
3313.4,250.9650393701569
3313.5,255.08530434783003
3313.6,294.63065573761054
3313.7,287.7258333334504
3313.8,226.02413793105487
3313.9,234.0026086956878
3314.0,252.0286956521561
3314.1,215.634583333378
3314.2,222.57210084027557
3314.3,243.25853658536943
3314.4,251.52440000001403
3314.5,234.92230769238097
3314.6,192.07615384616884
3314.7,232.44444444432168
3314.8,251.12869565219103
3314.9,258.9360526315925
3315.0,259.42104838709827
3315.1,252.46033898305723
3315.2,250.09362068965183
3315.3,251.21431034482848
3315.4,238.4500847457576
3315.5,241.7580000000104
3315.6,245.7172413793081
3315.7,245.3830434782588
3315.8,248.4433812949675
3315.9,251.4146043165449
3316.0,248.83352941176275
3316.1,195.5868595041292
3316.2,126.74914529925582
3316.3,86.95478991596691
3316.4,87.4913333333367
3316.5,88.8829999999981
3316.6,89.01271186440687
3316.7,185.74237288100443
3316.8,250.20620689654663
3316.9,244.92295652172868
3317.0,238.13252173912863
3317.1,236.8779487179509
3317.2,235.17709401709388
3317.3,234.7214655172412
3317.4,234.67711864406772
3317.5,232.72956521739343
3317.6,230.49803278688523
3317.7,230.45615384615385
3317.8,231.15
3317.9,231.15
3318.0,231.6556034482761
3318.1,232.0541379310344
3318.2,253.39109243690297
3318.3,271.10734374995286
3318.4,245.46408695643828
3318.5,217.69886956521628
3318.6,238.601120689631
3318.7,240.82094827587176
3318.8,208.01145299140077
3318.9,189.90767999997632
3319.0,219.1662903225309
3319.1,253.08564516126543
3319.2,190.02034782632904
3319.3,188.6051612903411
3319.4,212.7895000000401
3319.5,247.3889830509025
3319.6,279.8799130434646
3319.7,248.77076271189176
3319.8,237.84703389828695
3319.9,234.337094017095
3320.0,192.7509090909091
3320.1,163.96847457628257
3320.2,190.1969230769231
3320.3,248.5593162393089
3320.4,244.95247863248045
3320.5,249.36631578946464
3320.6,231.10032520325564
3320.7,206.77866666669604
3320.8,202.60975609757492
3320.9,231.9077599999882
3321.0,246.6597599999748
3321.1,210.86133333341095
3321.2,214.51965811963532
3321.3,221.6098275861655
3321.4,221.71236842111225
3321.5,245.4390517242095
3321.6,279.9259016393122
3321.7,246.8439344263084
3321.8,214.0651666666146
3321.9,188.17
3322.0,188.5924561402999
3322.1,200.84504424783395
3322.2,193.88709401702027
3322.3,234.12327433624563
3322.4,224.78699115043685
3322.5,215.04967213114207
3322.6,198.81974789917373
3322.7,207.5525641025184
3322.8,263.3927118646859
3322.9,330.1366101695706
3323.0,222.18745762723927
3323.1,257.3343478260785
3323.2,199.13984127000987
3323.3,210.78157894743487
3323.4,260.9999999999924
3323.5,248.93991304347472
3323.6,246.52252173913405
3323.7,235.96798449614303
3323.8,228.21082644627103
3323.9,222.6573728813536
3324.0,209.13360000000128
3324.1,176.74169491522275
3324.2,210.7840677965656
3324.3,192.6143548386921
3324.4,200.12271999997105
3324.5,222.9706837606693
3324.6,234.4368907563008
3324.7,238.95316239305717
3324.8,281.26940170954646
3324.9,266.4973451327237
3325.0,231.3639316239028
3325.1,194.39471999996923
3325.2,176.4125
3325.3,196.3124576270881
3325.4,187.1005932203475
3325.5,224.714347826079
3325.6,239.15782608693743
3325.7,228.81674796751707
3325.8,207.51145161283807
3325.9,196.5181355932368
3326.0,239.23
3326.1,336.03341880317424
3326.2,250.9867241383721
3326.3,232.9089075630862
3326.4,206.34886956509817
3326.5,167.1042499999546
3326.6,235.6218103447636
3326.7,317.2511206895272
3326.8,253.38043103433264
3326.9,236.72076923076924
3327.0,253.82454545455755
3327.1,243.3311570247388
3327.2,197.51983870966
3327.3,213.382741935492
3327.4,241.39325842697207
3327.5,251.52727272729385
3327.6,189.1636363637629
3327.7,210.1658196720945
3327.8,221.8352941176586
3327.9,231.92628099172967
3328.0,254.4716528925273
3328.1,283.5043801652645
3328.2,244.71925619838797
3328.3,241.8299999999982
3328.4,190.8059999999064
3328.5,161.89198347107657
3328.6,184.7654545453809
3328.7,236.95508196721457
3328.8,236.41409836065452
3328.9,251.25024390245736
3329.0,237.2516101694792
3329.1,209.4813223140655
3329.2,197.7946666666189
3329.3,223.28786885249983
3329.4,239.88622950818188
3329.5,254.70080645160223
3329.6,226.89500000002445
3329.7,173.14500000002445
3329.8,232.9463636365929
3329.9,259.48333333332795
3330.0,254.36704347825997
3330.1,247.0175
3330.2,226.4554999999704
3330.3,269.8055000001675
3330.4,244.8117241378993
3330.5,214.67379310350768
3330.6,207.50112903226557
3330.7,224.5803225806203
3330.8,232.86898305080285
3330.9,225.5973170731605
3331.0,255.6971794871041
3331.1,218.41512820514703
3331.2,233.62948717941072
3331.3,248.43404958679685
3331.4,240.12341880335933
3331.5,223.8325
3331.6,235.08727272729044
3331.7,215.45090909096
3331.8,226.417851239673
3331.9,204.8099999999829
3332.0,223.2989655172702
3332.1,238.24206896553437
3332.2,196.67327868852485
3332.3,196.35788617886135
3332.4,196.25219512195093
3332.5,220.66123966945756
3332.6,212.0126446281188
3332.7,207.78699999991707
3332.8,251.0397540983608
3332.9,251.0971311475409
3333.0,175.94708333342325
3333.1,159.96303278688092
3333.2,205.30091666661136
3333.3,254.05902439018607
3333.4,241.6315702479909
3333.5,268.7472727272839
3333.6,244.7309016393273
3333.7,219.7358474576754
3333.8,198.29917355369363
3333.9,201.3376666667725
3334.0,253.2734782610104
3334.1,172.31695652179997
3334.2,184.9831304347148
3334.3,209.1095454545979
3334.4,229.96379310349215
3334.5,245.12310924372088
3334.6,255.4569105691136
3334.7,234.15609756101105
3334.8,262.193391304352
3334.9,249.26739130434663
3335.0,225.1296666666578
3335.1,174.6731147541812
3335.2,89.82495726495759
3335.3,89.73094017093995
3335.4,89.3826315789469
3335.5,89.23867768595045
3335.6,89.24923076923078
3335.7,89.23470588235298
3335.8,89.1475438596491
3335.9,89.11152542372855
3336.0,88.90813559322015
3336.1,88.70965517241376
3336.2,88.67672268907562
3336.3,88.62873949579826
3336.4,88.5471304347826
3336.5,88.47855932203387
3336.6,88.43389830508472
3336.7,88.36610169491527
3336.8,79.98041666664805
3336.9,70.77208333333799
3337.0,69.44435897435882
3337.1,69.81347826086994
3337.2,69.67613445378133
3337.3,69.74
3337.4,69.73845528455253
3337.5,69.58398373983728
3337.6,69.5903448275862
3337.7,69.55608695652194
3337.8,69.5215573770492
3337.9,69.22907563025134
3338.0,68.12719999999841
3338.1,69.24719999999739
3338.2,69.46
3338.3,69.42208333333326
3338.4,69.34124999999987
3338.5,69.30098360655742
3338.6,69.45139344262378
3338.7,69.16450819672205
3338.8,69.14292682926833
3338.9,69.205
3339.0,69.18616000000013
3339.1,69.08107438016506
3339.2,69.2050413223136
3339.3,69.16278688524584
3339.4,69.12631999999998
3339.5,69.01973684210533
3339.6,68.96782945736412
3339.7,69.14800000000005
3339.8,69.11466666666657
3339.9,68.96317073170697
3340.0,69.00756097560989
3340.1,69.04103448275868
3340.2,68.8706896551726
3340.3,68.7275213675216
3340.4,68.82153846153847
3340.5,68.93198275862058
3340.6,68.8739344262296
3340.7,68.85040983606554
3340.8,68.88191304347818
3340.9,68.86689655172417
3341.0,68.91
3341.1,68.77956521739118
3341.2,68.68142857142864
3341.3,68.74558620689695
3341.4,68.82647058823504
3341.5,68.67149999999997
3341.6,68.74649999999997
3341.7,68.7277165354331
3341.8,68.61833333333277
3341.9,68.5833870967747
3342.0,68.77474137931033
3342.1,68.81784482758616
3342.2,68.62042016806788
3342.3,68.53465116279067
3342.4,68.54821138211383
3342.5,68.62170731707312
3342.6,68.66833333333375
3342.7,68.50166666666708
3342.8,68.4979310344828
3342.9,68.52140350877194
3343.0,68.48714285714297
3343.1,68.49508474576214
3343.2,68.65419354838744
3343.3,68.5412903225804
3343.4,68.59982758620703
3343.5,68.61383333333332
3343.6,68.55879310344818
3343.7,68.47646017699121
3343.8,68.45845528455294
3343.9,68.56836065573773
3344.0,68.48639344262295
3344.1,68.51102564102554
3344.2,68.4460000000004
3344.3,68.390806451613
3344.4,68.42095238095229
3344.5,68.37333333333336
3344.6,68.33975609756104
3344.7,68.35413793103439
3344.8,68.32773913043464
3344.9,68.30900826446295
3345.0,68.34768595041321
3345.1,68.22371900826465
3345.2,68.30016528925593
3345.3,68.32
3345.4,68.25193277310922
3345.5,68.21374999999986
3345.6,68.32
3345.7,68.32
3345.8,68.09421052631549
3345.9,68.17929824561405
3346.0,68.3001612903226
3346.1,68.32415254237284
3346.2,68.2579166666667
3346.3,68.2207142857143
3346.4,68.22865079365081
3346.5,68.18237704918039
3346.6,68.21325396825381
3346.7,68.24352941176484
3346.8,68.19049180327876
3346.9,68.25606557377058
3347.0,68.07508196721278
3347.1,68.13213114754089
3347.2,68.15354838709699
3347.3,68.05888888888877
3347.4,68.01217391304344
3347.5,67.92521739130423
3347.6,68.17339130434745
3347.7,68.12378151260513
3347.8,68.06504132231402
3347.9,68.11200000000014
3348.0,68.20538461538474
3348.1,68.12596491228079
3348.2,67.92421052631613
3348.3,67.93008547008549
3348.4,68.06121951219492
3348.5,68.03495867768615
3348.6,67.87144067796612
3348.7,67.92551724137934
3348.8,68.09793103448344
3348.9,67.90782608695628
3349.0,67.88600000000002
3349.1,67.90479338842975
3349.2,67.87967213114766
3349.3,67.81
3349.4,67.81
3349.5,67.85090909090913
3349.6,67.85561797752808
3349.7,67.85
3349.8,67.85578034682082
3349.9,67.84855932203388
3350.0,67.81072
3350.1,67.81871999999998
3350.2,67.81577889447237
3350.3,67.81075376884422
3350.4,67.81726495726497
3350.5,67.84344827586214
3350.6,67.87793103448274
3350.7,67.88769230769242
3350.8,67.81940170940128
3350.9,67.6133898305084
3351.0,67.78288135593206
3351.1,67.66641025641022
3351.2,67.61
3351.3,67.62810344827602
3351.4,67.64968253968243
3351.5,67.61
3351.6,67.61833333333334
3351.7,67.58694214876039
3351.8,67.58934426229517
3351.9,67.62541666666672
3352.0,67.6530327868853
3352.1,67.61204918032792
3352.2,67.57833333333336
3352.3,67.57
3352.4,67.5867213114754
3352.5,67.61
3352.6,67.60619047619056
3352.7,67.57444444444448
3352.8,67.53475409836051
3352.9,67.57423728813568
3353.0,67.60034188034192
3353.1,67.57
3353.2,67.5847368421049
3353.3,67.69
3353.4,67.62600000000006
3353.5,67.61
3353.6,67.61
3353.7,67.61
3353.8,67.61
3353.9,67.61
3354.0,67.38052173913026
3354.1,67.44991452991435
3354.2,67.59059829059814
3354.3,67.64384615384603
3354.4,67.46704347825913
3354.5,66.27573913043656
3354.6,67.17766666666513
3354.7,67.50729508196703
3354.8,67.45278688524556
3354.9,67.32398305084743
3355.0,67.35409448818902
3355.1,67.31472440944889
3355.2,67.37711864406764
3355.3,67.32881355932183
3355.4,67.30189473684216
3355.5,67.344
3355.6,67.46941176470557
3355.7,67.47910569105765
3355.8,67.32487603305789
3355.9,67.3992561983473
3356.0,67.36754098360659
3356.1,67.32737288135601
3356.2,67.33543103448265
3356.3,67.34177966101689
3356.4,67.32096491228074
3356.5,67.36268292682927
3356.6,67.38707317073167
3356.7,67.33229508196732
3356.8,67.3364000000001
3356.9,67.36
3357.0,67.3517355371901
3357.1,67.31041322314059
3357.2,67.34299999999993
3357.3,67.35647540983608
3357.4,67.36
3357.5,67.36
3357.6,67.3547154471545
3357.7,67.31406504065049
3357.8,67.34879310344834
3357.9,67.32810344827583
3358.0,67.28982608695648
3358.1,67.29250000000006
3358.2,67.34482558139536
3358.3,67.36
3358.4,67.20869565217365
3358.5,67.15033613445392
3358.6,67.31
3358.7,67.29315789473725
3358.8,67.08263157894706
3358.9,67.03178861788616
3359.0,67.04909836065573
3359.1,67.16483870967718
3359.2,67.24640350877287
3359.3,67.01521739130435
3359.4,66.97173913043474
3359.5,67.06025641025627
3359.6,67.03948717948722
3359.7,66.99372881355934
3359.8,67.00826086956542
3359.9,67.13
3360.0,67.27637931034504
3360.1,67.01775862069006
3360.2,67.01788617886176
3360.3,66.9894214876033
3360.4,66.9919008264463
3360.5,67.01739837398372
3360.6,67.00409836065575
3360.7,66.93852459016416
3360.8,66.99418032786893
3360.9,66.99357723577235
3361.0,67.0162711864406
3361.1,67.1
3361.2,67.1
3361.3,67.1
3361.4,67.03684210526308
3361.5,67.08280991735535
3361.6,67.08709401709405
3361.7,67.05
3361.8,67.05
3361.9,67.05
3362.0,66.98252173913043
3362.1,67.07423728813549
3362.2,67.06385964912296
3362.3,67.02
3362.4,67.0320689655173
3362.5,67.05355932203398
3362.6,67.01991452991454
3362.7,67.01136752136753
3362.8,67.01736842105265
3362.9,67.02
3363.0,66.91241379310316
3363.1,66.78
3363.2,66.80782258064487
3363.3,66.99330645161291
3363.4,67.0342666666667
3363.5,66.95289473684174
3363.6,66.80076923076923
3363.7,66.86237288135611
3363.8,66.78610169491512
3363.9,66.73929203539812
3364.0,66.92581196581209
3364.1,66.91499999999999
3364.2,66.81
3364.3,66.8510256410257
3364.4,67.04512820512795
3364.5,66.8827350427352
3364.6,66.82260869565219
3364.7,66.79179487179492
3364.8,66.79741935483877
3364.9,66.83025641025645
3365.0,66.85563025210087
3365.1,66.82201680672279
3365.2,66.77193181818201
3365.3,66.73762711864408
3365.4,66.78
3365.5,66.78
3365.6,66.83899159663856
3365.7,66.82241935483884
3365.8,66.77
3365.9,66.77117647058824
3366.0,66.77957983193276
3366.1,66.80298387096774
3366.2,66.8159663865546
3366.3,66.81563025210083
3366.4,66.8128448275862
3366.5,66.81852173913045
3366.6,66.81016666666666
3366.7,66.81849999999999
3366.8,66.82
3366.9,66.82
3367.0,66.81610169491526
3367.1,66.80034482758627
3367.2,66.77504201680661
3367.3,66.81705882352956
3367.4,66.78925619834703
3367.5,66.81113513513519
3367.6,66.85437837837841
3367.7,66.82184210526317
3367.8,66.79302325581392
3367.9,66.78
3368.0,66.78689655172418
3368.1,66.80988505747129
3368.2,66.71773913043492
3368.3,66.67560000000027
3368.4,66.80471074380164
3368.5,66.77165289256202
3368.6,66.80830645161288
3368.7,66.81408333333333
3368.8,66.81428571428575
3368.9,66.75388429752039
3369.0,66.58818181818174
3369.1,66.75347107437982
3369.2,66.60306451612934
3369.3,66.56163934426233
3369.4,66.58
3369.5,66.58
3369.6,66.58
3369.7,66.58
3369.8,66.54695652173912
3369.9,66.54
3370.0,66.55537815126053
3370.1,66.58448275862065
3370.2,66.68132743362798
3370.3,66.87848739495684
3370.4,66.55915966386507
3370.5,66.57056910569106
3370.6,66.52491379310351
3370.7,66.51291666666663
3370.8,66.54
3370.9,66.53843478260869
3371.0,66.53024390243904
3371.1,66.53837398373985
3371.2,66.55935483870962
3371.3,66.5562295081967
3371.4,66.54
3371.5,66.5376859504132
3371.6,66.5211570247934
3371.7,66.55719999999994
3371.8,66.52064516129028
3371.9,66.4836974789916
3372.0,66.50041666666671
3372.1,66.54
3372.2,66.54
3372.3,66.50639999999989
3372.4,66.53388429752077
3372.5,66.56429752066117
3372.6,66.53696721311469
3372.7,66.57795081967208
3372.8,66.49068376068367
3372.9,66.45033613445374
3373.0,66.45487394957986
3373.1,66.45983050847458
3373.2,66.45913043478251
3373.3,66.54
3373.4,66.54
3373.5,66.50033057851248
3373.6,66.47524193548388
3373.7,66.47294117647057
3373.8,66.48793388429756
3373.9,66.53752066115698
3374.0,66.46213114754104
3374.1,66.31637096774196
3374.2,66.33123966942136
3374.3,66.41398373983684
3374.4,66.19833333333352
3374.5,66.3650000000002
3374.6,66.45322314049585
3374.7,66.38933333333347
3374.8,66.35806722689105
3374.9,66.42991935483866
3375.0,66.39081967213131
3375.1,66.47278688524578
3375.2,66.4640983606558
3375.3,66.4934745762714
3375.4,66.52333333333327
3375.5,66.47086956521741
3375.6,66.39301724137934
3375.7,66.43612068965517
3375.8,66.44733870967744
3375.9,66.47310344827586
3376.0,66.44641025641022
3376.1,66.32949152542375
3376.2,66.20847457627053
3376.3,66.38644067796618
3376.4,66.39
3376.5,66.24438596491217
3376.6,66.39818965517232
3376.7,66.39983471074422
3376.8,66.20975999999995
3376.9,66.19504132231418
3377.0,66.40991735537166
3377.1,66.40446280991748
3377.2,66.252288135594
3377.3,66.17384000000003
3377.4,66.21377049180332
3377.5,66.14
3377.6,66.14
3377.7,66.19727272727252
3377.8,66.20723577235772
3377.9,66.18
3378.0,66.17284552845531
3378.1,66.10780487804888
3378.2,66.1601709401709
3378.3,66.18
3378.4,66.16085470085464
3378.5,66.15344827586209
3378.6,66.19086614173214
3378.7,66.2381102362203
3378.8,66.2016
3378.9,66.21366666666665
3379.0,66.20892561983476
3379.1,66.17008264462815
3379.2,66.14669421487604
3379.3,66.2210743801655
3379.4,66.19363636363632
3379.5,66.16392
3379.6,66.16058823529409
3379.7,66.18
3379.8,66.18
3379.9,66.21300000000008
3380.0,66.14292682926815
3380.1,66.15419354838703
3380.2,66.19884297520683
3380.3,66.14
3380.4,66.14
3380.5,66.15747899159666
3380.6,66.19434782608695
3380.7,66.22256198347107
3380.8,66.18123966942137
3380.9,66.18
3381.0,66.15487603305786
3381.1,66.15818181818176
3381.2,66.14830508474607
3381.3,66.08379310344834
3381.4,66.17
3381.5,66.07434782608686
3381.6,66.22999999999958
3381.7,66.19166666666693
3381.8,66.07043103448245
3381.9,66.02
3382.0,66.0436065573771
3382.1,66.19114754098317
3382.2,66.17669421487606
3382.3,66.07580645161268
3382.4,66.0686324786326
3382.5,66.19283464566952
3382.6,66.30553719008233
3382.7,66.01628099173573
3382.8,66.09292682926866
3382.9,66.13487603305784
3383.0,66.13279999999999
3383.1,66.16479999999996
3383.2,66.19679999999994
3383.3,66.05749999999965
3383.4,66.06294117647064
3383.5,66.04234782608692
3383.6,65.9791525423729
3383.7,66.02268907563027
3383.8,66.14873949579864
3383.9,66.02947826086962
3384.0,66.10333333333334
3384.1,66.15475409836064
3384.2,66.11692307692346
3384.3,66.02593750000007
3384.4,66.0571875
3384.5,66.06
3384.6,66.08909836065574
3384.7,66.09406504065042
3384.8,66.09888888888916
3384.9,66.20142857142858
3385.0,66.2173015873016
3385.1,66.14516393442634
3385.2,66.12999999999992
3385.3,66.15
3385.4,66.13193548387086
3385.5,66.01903225806433
3385.6,65.97827586206893
3385.7,66.02947826086947
3385.8,66.03370689655166
3385.9,66.09035714285721
3386.0,66.26892857142836
3386.1,66.04448275862144
3386.2,66.00578512396638
3386.3,66.08608695652173
3386.4,66.0621739130435
3386.5,66.06035087719276
3386.6,65.96385964912271
3386.7,66.03804878048778
3386.8,65.97338983050805
3386.9,65.98217391304368
3387.0,66.07051282051276
3387.1,66.07973684210556
3387.2,65.96714285714285
3387.3,66.04650793650809
3387.4,66.06
3387.5,65.9819672131147
3387.6,65.89809523809528
3387.7,81.3899145298753
3387.8,157.3019327731394
3387.9,177.03302521007274
3388.0,219.7329999999572
3388.1,246.04198347104528
3388.2,245.62535087726363
3388.3,230.9863333333332
3388.4,228.57923076922364
3388.5,208.23735042731565
3388.6,254.00840000005056
3388.7,251.83052173916775
3388.8,223.2386206896149
3388.9,199.26769230769236
3389.0,191.40157024789087
3389.1,217.40983471075452
3389.2,266.96239669415473
3389.3,252.6621666665676
3389.4,231.082950819659
3389.5,237.28916666662
3389.6,265.8272000000542
3389.7,223.2752000000929
3389.8,207.0858536585219
3389.9,222.8910483871321
3390.0,242.1204166666665
3390.1,240.52328571435365
3390.2,217.53757142863932
3390.3,227.520880000014
3390.4,244.85099173552783
3390.5,267.35532786880805
3390.6,285.0794871795708
3390.7,229.9427350429579
3390.8,273.29791304354285
3390.9,235.10890756303365
3391.0,224.6666666666532
3391.1,233.0139316239316
3391.2,241.16130434782252
3391.3,261.71736842097374
3391.4,214.61210526313533
3391.5,251.433220338986
3391.6,246.01360000001196
3391.7,210.1481818182889
3391.8,190.6750000000698
3391.9,230.63801652894747
3392.0,241.0181818181861
3392.1,270.48081300810065
3392.2,266.1790243902947
3392.3,256.4534188034357
3392.4,267.3163333333767
3392.5,282.8510344828292
3392.6,232.8682758621787
3392.7,217.83923076924248
3392.8,218.87646551725965
3392.9,227.5300000000192
3393.0,246.45260504200215
3393.1,278.9156097561462
3393.2,258.67170731714805
3393.3,248.20268907561064
3393.4,258.3411570248236
3393.5,262.7870103092741
3393.6,250.65298969072592
3393.7,237.0271794872097
3393.8,230.41377049181185
3393.9,233.0669999999571
3394.0,201.6169999999571
3394.1,254.76203252033383
3394.2,254.73463414638465
3394.3,234.23480314962265
3394.4,259.5891338582705
3394.5,247.05338842978185
3394.6,238.15471544715388
3394.7,234.4661344538136
3394.8,225.48135999999724
3394.9,224.48935999999813
3395.0,262.2459663865499
3395.1,244.70755905516023
3395.2,230.0618032786716
3395.3,246.1140000000596
3395.4,264.86024793393034
3395.5,209.1164462809226
3395.6,209.9223966942172
3395.7,225.754132231378
3395.8,247.51580645167687
3395.9,262.1390322579489
3396.0,215.0745161290547
3396.1,231.4364799999677
3396.2,252.03448275857284
3396.3,257.6091525423598
3396.4,252.40237288135637
3396.5,252.19721739130304
3396.6,249.2599999999876
3396.7,254.2599999999944
3396.8,241.67843478259044
3396.9,241.52836206896333
3397.0,244.424225352113
3397.1,244.16295652173736
3397.2,247.3716521739017
3397.3,251.21478260870285
3397.4,252.04371900826453
3397.5,205.99
3397.6,134.51260869572744
3397.7,86.99147540983526
3397.8,87.27794871795115
3397.9,88.8762393162377
3398.0,203.6744347825402
3398.1,250.3930769230539
3398.2,251.0400000000288
3398.3,242.22852173911855
3398.4,234.61086956521592
3398.5,233.74426086956277
3398.6,235.6486086956516
3398.7,234.88626086956825
3398.8,233.32965517241325
3398.9,233.82965517241288
3399.0,234.9897391304347
3399.1,234.6640000000009
3399.2,233.4313114754105
3399.3,233.2263934426226
3399.4,234.759059829059
3399.5,250.36260869564416
3399.6,276.6647619047159
3399.7,287.32534482768125
3399.8,261.0569230769073
3399.9,240.59538461533307
3400.0,261.71948717950073
3400.1,216.6837500000169
3400.2,188.1253846153612
3400.3,215.04100000006707
3400.4,255.71689655170988
3400.5,244.3375862068912
3400.6,192.85173913056303
3400.7,201.8879999999361
3400.8,221.26271186443117
3400.9,244.70387931036836
3401.0,259.2747499999947
3401.1,238.35942148760347
3401.2,240.79743801652495
3401.3,243.4342622950901
3401.4,196.4074999999505
3401.5,193.7504958677357
3401.6,251.3705932203384
3401.7,243.30500000003624
3401.8,233.80499999998605
3401.9,251.6435537190127
3402.0,236.9847457627382
3402.1,219.5872727272581
3402.2,240.47551724118725
3402.3,294.5046086956208
3402.4,252.71330434775336
3402.5,236.7400512820484
3402.6,223.01184615386728
3402.7,225.62279069766893
3402.8,228.1441379310394
3402.9,242.40633333337945
3403.0,252.3496610169105
3403.1,229.54725806449443
3403.2,206.8133870968192
3403.3,187.37571428565232
3403.4,187.0865517241444
3403.5,189.03459016394604
3403.6,194.32370967737188
3403.7,233.68966942149493
3403.8,218.6731404958322
3403.9,215.8731147540985
3404.0,203.1418803418585
3404.1,211.2262711864104
3404.2,255.30226890752328
3404.3,280.6412068965212
3404.4,252.8653448275775
3404.5,256.3235398230144
3404.6,186.41388429755608
3404.7,200.52956521710672
3404.8,272.75445378153074
3404.9,286.9961983470546
3405.0,255.74
3405.1,258.2603252032487
3405.2,235.00181818190777
3405.3,203.2844067796386
3405.4,199.5441379310412
3405.5,242.7446086956417
3405.6,281.6267826086797
3405.7,248.0093913044316
3405.8,226.09966666662865
3405.9,224.8810400000075
3406.0,230.6886206896568
3406.1,241.8935714285464
3406.2,264.373760683832
3406.3,243.04897435891968
3406.4,237.89436974789655
3406.5,207.37842975210643
3406.6,189.7247899159568
3406.7,192.365
3406.8,185.59289473701227
3406.9,231.46131578958887
3407.0,243.36088709676952
3407.1,230.39717741936724
3407.2,206.79285714289088
3407.3,208.2417241380247
3407.4,261.07947368422253
3407.5,276.046347826117
3407.6,206.86373913039648
3407.7,240.05119047611697
3407.8,209.88141732269636
3407.9,157.0848275862079
3408.0,172.90431034485383
3408.1,254.63789473685148
3408.2,235.03263157898024
3408.3,243.9899130434798
3408.4,251.04916666666333
3408.5,224.0176612903388
3408.6,198.1937606837372
3408.7,245.66361344524043
3408.8,300.277058823734
3408.9,265.0709999999857
3409.0,221.68636363632731
3409.1,208.03918032786996
3409.2,221.2730578512097
3409.3,232.836551724141
3409.4,252.35379310343603
3409.5,252.01500000000328
3409.6,238.14504347828247
3409.7,218.9667796610405
3409.8,196.4339999999544
3409.9,181.2514782608701
3410.0,193.8550819672291
3410.1,236.69934426216733
3410.2,230.6811290322809
3410.3,221.81642276421567
3410.4,217.45603174603244
3410.5,224.56016528930968
3410.6,256.18
3410.7,274.3370247933577
3410.8,234.3905833331948
3410.9,234.79639344264345
3411.0,234.34426229518076
3411.1,175.55222772277995
3411.2,168.56707920792692
3411.3,172.21050420194928
3411.4,246.9836134454896
3411.5,255.25330578512305
3411.6,261.6577235772239
3411.7,251.43114754104155
3411.8,220.88169491515524
3411.9,187.30735042735907
3412.0,191.5808547008525
3412.1,230.4466956521837
3412.2,214.9898260870151
3412.3,221.1543902439244
3412.4,231.2627731092319
3412.5,220.65076923079053
3412.6,235.0103448275657
3412.7,256.76896551720387
3412.8,248.94137931032063
3412.9,225.1732203389393
3413.0,195.77736842103093
3413.1,183.1358823529296
3413.2,192.7552066115873
3413.3,186.78
3413.4,225.86196721312933
3413.5,213.0099999999875
3413.6,201.77636363636336
3413.7,200.59719008265373
3413.8,202.20119658123224
3413.9,233.8336752137539
3414.0,277.0922400000694
3414.1,268.82166666670474
3414.2,247.6392682927145
3414.3,214.93842105239816
3414.4,146.67526315785972
3414.5,155.25546874998344
3414.6,212.40247933877907
3414.7,251.5750000000008
3414.8,253.74611570248652
3414.9,259.2957377048422
3415.0,228.492459016421
3415.1,201.36512396701693
3415.2,206.24890756297523
3415.3,231.92180327873808
3415.4,244.49820512823035
3415.5,206.57024000002068
3415.6,240.00223999999028
3415.7,226.8618181818612
3415.8,162.74051282046725
3415.9,169.6675862067328
3416.0,261.302608695665
3416.1,254.9737391304271
3416.2,262.156347826058
3416.3,233.6046280991009
3416.4,202.20367521364284
3416.5,140.07999999999998
3416.6,90.32666666666668
3416.7,89.40198347107444
3416.8,89.2119008264458
3416.9,89.30307692307692
3417.0,89.18557377049183
3417.1,89.02163934426225
3417.2,88.87128205128212
3417.3,88.73379310344795
3417.4,88.57309734513281
3417.5,88.63504424778772
3417.6,88.51630252100843
3417.7,88.47391666666667
3417.8,88.46579365079363
3417.9,88.44893442622947
3418.0,88.40426229508185
3418.1,88.28950819672158
3418.2,80.19943089431828
3418.3,72.86609756095396
3418.4,69.42123966942256
3418.5,69.79508474576264
3418.6,69.70186440677962
3418.7,68.83083333333434
3418.8,68.51487804878239
3418.9,69.46603448275867
3419.0,69.55224137931033
3419.1,69.56
3419.2,69.38888888888901
3419.3,69.3550000000002
3419.4,69.4036
3419.5,69.39378151260502
3419.6,69.41899159663868
3419.7,69.41186440677969
3419.8,69.2212903225804
3419.9,69.1283050847458
3420.0,69.18093750000001
3420.1,69.25400000000015
3420.2,69.17900000000014
3420.3,69.09347826086955
3420.4,69.09299212598421
3420.5,69.13243902439015
3420.6,69.16806722689078
3420.7,69.15842519685043
3420.8,69.11905511811011
3420.9,68.8909482758614
3421.0,68.84365217391307
3421.1,68.95749999999983
3421.2,69.00666666666689
3421.3,68.85
3421.4,68.85
3421.5,68.89214876033056
3421.6,68.80950413223171
3421.7,68.77016666666633
3421.8,68.83294117647046
3421.9,68.72507936507925
3422.0,68.85206349206352
3422.1,68.84694915254236
3422.2,68.81991596638657
3422.3,68.76135593220317
3422.4,68.70142857142875
3422.5,68.83807453416149
3422.6,68.90078260869565
3422.7,68.81991666666688
3422.8,68.64652892561969
3422.9,68.54121951219571
3423.0,68.72821138211417
3423.1,68.69975806451619
3423.2,68.61723577235797
3423.3,68.56302521008405
3423.4,68.57
3423.5,68.57
3423.6,68.49252173913052
3423.7,68.52382608695635
3423.8,68.58093220338984
3423.9,68.62658536585363
3424.0,68.61786885245922
3424.1,68.51305084745756
3424.2,68.56389830508465
3424.3,68.64652173913045
3424.4,68.42026315789427
3424.5,68.30418032786888
3424.6,68.39060344827556
3424.7,68.49418032786915
3424.8,68.37122950819642
3424.9,68.48647058823535
3425.0,68.41624999999986
3425.1,68.3432258064516
3425.2,68.34099999999985
3425.3,68.40089430894278
3425.4,68.28707317073155
3425.5,68.30695652173907
3425.6,68.36827586206877
3425.7,68.40461538461537
3425.8,68.38104347826072
3425.9,68.31290322580645
3426.0,68.28064516129031
3426.1,68.32117647058817
3426.2,68.40622807017515
3426.3,68.40077586206893
3426.4,68.34887931034483
3426.5,68.28071428571432
3426.6,68.17588235294123
3426.7,68.25991596638642
3426.8,68.30728813559331
3426.9,68.32
3427.0,68.17652173913058
3427.1,68.03333333333333
3427.2,68.09333333333325
3427.3,68.26000000000025
3427.4,68.1050877192982
3427.5,68.10750000000004
3427.6,68.08272727272718
3427.7,68.03008130081298
3427.8,68.06
3427.9,68.06
3428.0,68.03078260869566
3428.1,68.04999999999991
3428.2,68.0879999999999
3428.3,68.08449999999989
3428.4,68.03898305084763
3428.5,68.17457627118657
3428.6,68.08634146341467
3428.7,68.08474576271183
3428.8,68.04260869565199
3428.9,67.95894736842108
3429.0,67.96444444444427
3429.1,68.11542372881355
3429.2,68.06457627118645
3429.3,67.94824561403469
3429.4,67.96017391304352
3429.5,67.93189655172421
3429.6,67.85907563025214
3429.7,67.81
3429.8,67.81521739130443
3429.9,67.85869565217403
3430.0,67.89975409836065
3430.1,67.87153846153846
3430.2,67.82679999999999
3430.3,67.82661290322604
3430.4,67.90072
3430.5,67.90871999999999
3430.6,67.90311475409837
3430.7,67.86736842105275
3430.8,67.81473684210526
3430.9,67.84922413793099
3431.0,67.85364406779662
3431.1,67.83067796610176
3431.2,67.82268292682919
3431.3,67.84593220338981
3431.4,67.82050847457626
3431.5,67.62561983471097
3431.6,67.67956896551696
3431.7,67.69803493449795
3431.8,67.64563318777283
3431.9,67.61
3432.0,67.61
3432.1,67.61042016806712
3432.2,67.65243697478988
3432.3,67.62525423728798
3432.4,67.59131386861307
3432.5,67.57947368421053
3432.6,67.61
3432.7,67.61
3432.8,67.81689655172417
3432.9,67.66826446280952
3433.0,67.57
3433.1,67.58322314049585
3433.2,67.60838983050849
3433.3,67.60008474576273
3433.4,67.60855932203391
3433.5,67.64401639344257
3433.6,67.63520325203255
3433.7,67.59754098360658
3433.8,67.57
3433.9,67.57
3434.0,67.6105982905983
3434.1,67.61327586206897
3434.2,67.07104575163575
3434.3,66.38067796610191
3434.4,67.49932203389808
3434.5,67.5764655172414
3434.6,67.59608695652172
3434.7,67.6151724137931
3434.8,67.61639344262294
3434.9,67.60301587301588
3435.0,67.57126984126981
3435.1,67.60254237288137
3435.2,67.01301675977702
3435.3,66.24765363128299
3435.4,67.27677165354537
3435.5,67.57
3435.6,67.46392000000014
3435.7,67.32074380165282
3435.8,67.3687500000002
3435.9,67.54375000000019
3436.0,67.4454310344827
3436.1,67.4
3436.2,67.47982608695612
3436.3,67.52596774193528
3436.4,67.41306451612901
3436.5,67.33735042735043
3436.6,67.32525423728816
3436.7,67.35384615384615
3436.8,67.32035087719305
3436.9,67.35543859649125
3437.0,67.28627118644066
3437.1,67.28827868852461
3437.2,67.32974789915966
3437.3,67.36965517241389
3437.4,67.3855172413791
3437.5,67.26482758620679
3437.6,67.3017391304347
3437.7,67.34347107438013
3437.8,67.33560975609741
3437.9,67.33446280991751
3438.0,67.38026086956519
3438.1,67.31938596491243
3438.2,67.25798245614058
3438.3,67.2953913043479
3438.4,67.28142857142858
3438.5,67.29965517241365
3438.6,67.33435897435913
3438.7,67.26496183206103
3438.8,67.30312977099237
3438.9,67.31
3439.0,67.235
3439.1,67.20508474576275
3439.2,67.26923076923084
3439.3,67.12626086956556
3439.4,67.33495652173967
3439.5,67.29230769230765
3439.6,67.26393162393164
3439.7,67.15463414634183
3439.8,67.0305982905984
3439.9,67.07206896551735
3440.0,67.158275862069
3440.1,67.0396491228071
3440.2,67.02
3440.3,67.02
3440.4,67.03808695652175
3440.5,67.05678260869567
3440.6,67.04744186046513
3440.7,67.03581395348839
3440.8,67.0256896551724
3440.9,67.07913043478267
3441.0,67.18752136752167
3441.1,67.02068965517239
3441.2,67.05517241379306
3441.3,67.06
3441.4,67.06
3441.5,67.04406250000004
3441.6,67.02
3441.7,67.02
3441.8,67.04542372881356
3441.9,67.05700854700855
3442.0,67.01357142857147
3442.1,66.97655462184872
3442.2,66.9951724137931
3442.3,67.02165289256213
3442.4,67.06297520661164
3442.5,67.03452991452993
3442.6,67.02540983606556
3442.7,67.0371544715447
3442.8,67.04269565217383
3442.9,67.01052173913047
3443.0,67.01921739130435
3443.1,67.02
3443.2,67.04495726495718
3443.3,66.9489256198343
3443.4,66.87782608695692
3443.5,67.0117094017094
3443.6,67.01974358974361
3443.7,67.0111965811966
3443.8,67.0170491803279
3443.9,66.91059829059795
3444.0,66.8782644628099
3444.1,66.92702479338872
3444.2,66.77172413793092
3444.3,66.80620689655174
3444.4,66.97112068965508
3444.5,67.01529032258064
3444.6,66.96655172413786
3444.7,66.73499999999989
3444.8,66.98500000000082
3444.9,66.84655462184845
3445.0,66.7970338983051
3445.1,66.83112068965517
3445.2,66.837435897436
3445.3,66.78
3445.4,66.78
3445.5,66.78
3445.6,66.78
3445.7,66.7937068965517
3445.8,66.81296000000002
3445.9,66.81603305785119
3446.0,66.78297520661157
3446.1,66.78
3446.2,66.80207999999999
3446.3,66.80469565217383
3446.4,66.7895867768595
3446.5,66.81677419354845
3446.6,66.77645161290326
3446.7,66.77705882352939
3446.8,66.78
3446.9,66.78
3447.0,66.79586776859496
3447.1,66.85870689655185
3447.2,66.81560344827602
3447.3,66.78679999999994
3447.4,66.78264957264965
3447.5,66.80478260869565
3447.6,66.78175438596494
3447.7,66.81684210526315
3447.8,66.82
3447.9,66.78939655172417
3448.0,66.77462184873949
3448.1,66.79199999999999
3448.2,66.81867768595043
3448.3,66.81041322314047
3448.4,66.81
3448.5,66.79133858267711
3448.6,66.78
3448.7,66.78
3448.8,66.76956521739116
3448.9,66.6826086956522
3449.0,66.67694915254198
3449.1,66.85316239316253
3449.2,66.78478632478638
3449.3,66.78
3449.4,66.78
3449.5,66.79967213114755
3449.6,66.74
3449.7,66.62067796610152
3449.8,66.77948275862066
3449.9,66.7708620689655
3450.0,66.59000000000009
3450.1,66.54
3450.2,66.57379310344827
3450.3,66.60871794871785
3450.4,66.57298245614032
3450.5,66.53067796610168
3450.6,66.56457627118641
3450.7,66.54882352941183
3450.8,66.5604724409449
3450.9,66.58
3451.0,66.58
3451.1,66.5769565217391
3451.2,66.53347826086967
3451.3,66.56965517241385
3451.4,66.58
3451.5,66.58
3451.6,67.49914529914408
3451.7,68.89139130435349
3451.8,66.5684347826086
3451.9,66.54234782608697
3452.0,66.5917886178861
3452.1,66.58806451612907
3452.2,66.52233333333342
3452.3,66.4673170731711
3452.4,66.57967213114748
3452.5,66.54688524590169
3452.6,66.54
3452.7,66.53517241379312
3452.8,66.54367521367523
3452.9,66.55215517241368
3453.0,66.48299145299148
3453.1,66.52572649572642
3453.2,66.53719999999998
3453.3,66.33999999999938
3453.4,66.31190839694689
3453.5,66.54
3453.6,66.54
3453.7,66.53181818181821
3453.8,66.53661016949152
3453.9,66.54
3454.0,66.54
3454.1,66.54297520661152
3454.2,66.5677685950413
3454.3,66.50231404958657
3454.4,66.47406779661016
3454.5,66.47429752066117
3454.6,66.4960344827586
3454.7,66.54
3454.8,66.54
3454.9,66.54
3455.0,66.50495726495724
3455.1,66.47888888888889
3455.2,66.37482758620733
3455.3,66.29953488372125
3455.4,66.47897435897431
3455.5,66.44478632478636
3455.6,66.44
3455.7,66.49555555555544
3455.8,66.43818181818115
3455.9,66.29744186046537
3456.0,66.46023255813975
3456.1,66.4454782608696
3456.2,66.46611570247923
3456.3,66.5087603305786
3456.4,66.52531746031738
3456.5,66.48549180327869
3456.6,66.4445081967213
3456.7,66.40382113821141
3456.8,66.44500000000026
3456.9,66.4862295081967
3457.0,66.46258064516135
3457.1,66.39
3457.2,66.47130081300801
3457.3,66.49
3457.4,66.3477049180325
3457.5,66.23852459016398
3457.6,66.3759375000003
3457.7,66.25875000000013
3457.8,66.3873684210531
3457.9,66.25406249999979
3458.0,66.21801652892529
3458.1,66.40355371900863
3458.2,66.23
3458.3,66.18999999999986
3458.4,66.18
3458.5,66.18
3458.6,66.18
3458.7,66.18
3458.8,66.18
3458.9,66.15161290322581
3459.0,66.14
3459.1,66.17219512195112
3459.2,66.2145081967215
3459.3,66.14073770491785
3459.4,66.17245901639355
3459.5,66.21235294117653
3459.6,66.20478260869571
3459.7,66.18
3459.8,66.17107438016525
3459.9,66.14206896551734
3460.0,66.17655172413788
3460.1,66.38347826086925
3460.2,66.27043478260879
3460.3,66.15966101694909
3460.4,66.15448275862066
3460.5,66.18
3460.6,66.18
3460.7,66.18
3460.8,66.18
3460.9,66.15466666666664
3461.0,66.14
3461.1,66.15401709401704
3461.2,66.18
3461.3,66.18
3461.4,66.18
3461.5,66.14896551724132
3461.6,66.14
3461.7,66.17824999999999
3461.8,66.21749999999987
3461.9,66.18
3462.0,66.18
3462.1,66.20340425531913
3462.2,66.23
3462.3,66.18798319327722
3462.4,66.18
3462.5,66.15642276422766
3462.6,66.14434426229504
3462.7,66.17890756302522
3462.8,66.17050420168066
3462.9,66.12299999999993
3463.0,66.08512605042017
3463.1,66.11124999999991
3463.2,66.14320000000006
3463.3,66.09754098360649
3463.4,66.07295081967206
3463.5,66.20704918032783
3463.6,66.1085245901642
3463.7,66.04387096774161
3463.8,66.15827586206896
3463.9,66.1486324786325
3464.0,66.11444444444443
3464.1,66.08050847457625
3464.2,66.06405172413793
3464.3,66.10015151515175
3464.4,66.16921052631587
3464.5,66.20368852459009
3464.6,66.11352459016383
3464.7,66.06025179856117
3464.8,66.01348920863298
3464.9,65.97798245614042
3465.0,66.09201754385957
3465.1,66.06793103448281
3465.2,66.06
3465.3,66.12533333333344
3465.4,66.17260869565209
3465.5,66.09652173913031
3465.6,66.06
3465.7,66.04770491803288
3465.8,66.01258064516138
3465.9,66.0448387096774
3466.0,66.05699999999999
3466.1,66.02852459016397
3466.2,66.03786885245884
3466.3,66.08868852459015
3466.4,65.98213114754094
3466.5,66.00491525423729
3466.6,66.07206896551719
3466.7,66.13254237288129
3466.8,66.12134453781493
3466.9,66.01615384615368
3467.0,65.87731707317089
3467.1,65.95048780487811
3467.2,66.03131147540965
3467.3,66.03796610169488
3467.4,66.03649122807018
3467.5,66.06
3467.6,66.04672131147542
3467.7,65.97295081967239
3467.8,66.08016393442638
3467.9,66.08553719008263
3468.0,66.03704663212437
3468.1,65.97487046632125
3468.2,65.90897435897446
3468.3,65.93450000000024
3468.4,66.0518699186992
3468.5,66.06
3468.6,66.02581196581205
3468.7,65.97669565217402
3468.8,65.87863247863235
3468.9,65.90142857142867
3469.0,66.02333333333337
3469.1,66.05902439024392
3469.2,66.05089430894309
3469.3,133.06700000010557
3469.4,206.85918032790428
3469.5,230.04173553719383
3469.6,216.1463025209304
3469.7,254.832782608657
3469.8,265.01539130436555
3469.9,243.6627586206632
3470.0,219.00881355930676
3470.1,232.9350427350003
3470.2,229.7059663866773
3470.3,189.5018260871609
3470.4,245.08647058823777
3470.5,249.75033613444648
3470.6,239.25110236223352
3470.7,263.77758064506224
3470.8,274.79941176459187
3470.9,240.6135000000221
3471.0,289.18850000002215
3471.1,216.2307438017436
3471.2,211.44818181813457
3471.3,232.6164516129362
3471.4,233.1091525422855
3471.5,195.53390243908137
3471.6,243.7046341463361
3471.7,259.00475409832114
3471.8,246.2407200000096
3471.9,211.0131034483381
3472.0,185.99764705877237
3472.1,219.35218487394897
3472.2,202.93201680675656
3472.3,255.6856896552672
3472.4,252.16637931032443
3472.5,228.90296000000157
3472.6,241.83773913040545
3472.7,289.5918260869652
3472.8,184.89771186452043
3472.9,256.82144067805206
3473.0,247.6496551724028
3473.1,219.14008000001232
3473.2,221.3344827585653
3473.3,254.7866666666787
3473.4,259.3495081967497
3473.5,195.82491803279163
3473.6,220.66
3473.7,245.8349999999757
3473.8,227.49161290320765
3473.9,180.3147967479885
3474.0,210.2822764227465
3474.1,205.49957627119412
3474.2,252.6773109241924
3474.3,264.5675862068824
3474.4,250.3321052631533
3474.5,261.17777777776325
3474.6,270.7076923076923
3474.7,231.23760683770652
3474.8,215.15157894735836
3474.9,207.13333333332372
3475.0,209.72568000001235
3475.1,225.0649999999873
3475.2,249.329133858248
3475.3,254.6362204724425
3475.4,218.93941176463423
3475.5,237.76726495728735
3475.6,253.12353448277
3475.7,223.79605263170427
3475.8,196.8658196722807
3475.9,284.8206106869606
3476.0,253.8816793893527
3476.1,202.36052631580876
3476.2,206.24932203381871
3476.3,241.4669354838739
3476.4,251.32140625004888
3476.5,297.1885937499511
3476.6,266.5870000000587
3476.7,240.697272727315
3476.8,236.38528925620255
3476.9,242.8811570247969
3477.0,235.48385245906232
3477.1,266.2789344261721
3477.2,232.31950413227204
3477.3,224.5521875000648
3477.4,242.6727586207124
3477.5,248.54341880339888
3477.6,209.0647863248661
3477.7,244.12060869561392
3477.8,245.7513793103303
3477.9,249.39736842106728
3478.0,252.25186440677825
3478.1,250.4118584070806
3478.2,246.05554621851093
3478.3,237.64737704921689
3478.4,248.08180327869007
3478.5,243.785882352934
3478.6,245.91504132231816
3478.7,248.52743801653423
3478.8,246.32710743802775
3478.9,252.98
3479.0,119.5701639343765
3479.1,88.1724999999988
3479.2,87.57266666666516
3479.3,88.4209090909101
3479.4,113.35520661195096
3479.5,256.0328925621229
3479.6,244.81409836069648
3479.7,241.4139999999949
3479.8,240.64950819671697
3479.9,237.97599999999557
3480.0,235.9104918032797
3480.1,236.66459016393296
3480.2,232.3143801653079
3480.3,231.1235000000001
3480.4,232.92504132231213
3480.5,235.1336363636367
3480.6,234.6572727272709
3480.7,231.4754545454581
3480.8,231.37540983606695
3480.9,230.8853333333321
3481.0,245.90090909085055
3481.1,278.4898333332647
3481.2,299.72653225819005
3481.3,256.944274193448
3481.4,260.5681451612933
3481.5,231.45454545454547
3481.6,205.20775862074552
3481.7,248.33299999999824
3481.8,256.0163333333374
3481.9,264.3563793103422
3482.0,268.55530434782725
3482.1,250.55373913047197
3482.2,220.630000000098
3482.3,197.75302521007185
3482.4,199.1264035089016
3482.5,244.93120967742544
3482.6,248.97153225805877
3482.7,225.54423728820785
3482.8,221.64741935487177
3482.9,229.7575862068948
3483.0,239.27836206905548
3483.1,282.499663865501
3483.2,238.69294117651748
3483.3,239.6950847457864
3483.4,207.3731746031226
3483.5,182.02235294116215
3483.6,189.38409836066643
3483.7,186.15975206599992
3483.8,232.1349586777015
3483.9,244.42421487603943
3484.0,230.50421487599357
3484.1,206.89816666665791
3484.2,203.05206611571245
3484.3,269.3413223142489
3484.4,294.6741322314366
3484.5,265.2450413223315
3484.6,256.85614754096247
3484.7,247.3811290323813
3484.8,184.91307692309832
3484.9,246.05837606848064
3485.0,268.19429752066605
3485.1,264.11370967741544
3485.2,247.2469918699172
3485.3,227.5619999999557
3485.4,212.52599999998736
3485.5,226.42599999998737
3485.6,199.5832231405765
3485.7,201.33658536576647
3485.8,201.73
3485.9,177.7194117647109
3486.0,192.5414166667312
3486.1,224.68308333327607
3486.2,222.84934426231663
3486.3,265.01136752144663
3486.4,269.05278260869954
3486.5,209.93941176471128
3486.6,247.01888888902812
3486.7,166.63000000005223
3486.8,166.5835897436253
3486.9,216.09551181107616
3487.0,254.8684126984161
3487.1,249.74310924367956
3487.2,256.8523529411708
3487.3,232.13924999999077
3487.4,201.36504065037207
3487.5,210.95546218493672
3487.6,253.76950819671865
3487.7,270.6232500000062
3487.8,216.2149166666316
3487.9,241.68892561990776
3488.0,230.96131147539532
3488.1,221.4141666666431
3488.2,238.30024390241223
3488.3,253.11223140493567
3488.4,238.1866115702502
3488.5,213.72830508476625
3488.6,194.63819672132144
3488.7,191.4879999999941
3488.8,197.3426016259412
3488.9,177.62715447149515
3489.0,222.48747899161577
3489.1,204.83
3489.2,193.51153846153323
3489.3,196.2847368421073
3489.4,203.0125
3489.5,225.828999999965
3489.6,277.128999999965
3489.7,210.2148717951017
3489.8,224.10958677696425
3489.9,203.59931623917103
3490.0,158.64666666666668
3490.1,177.671130434727
3490.2,252.09775000000107
3490.3,242.73941666666065
3490.4,250.31084033615144
3490.5,237.18000000000868
3490.6,209.7641880342389
3490.7,198.26153846149305
3490.8,228.90947368423508
3490.9,261.9732203389932
3491.0,240.1342372881541
3491.1,244.92799999999104
3491.2,206.25600000006
3491.3,202.7608196722955
3491.4,267.2383193277293
3491.5,289.0694399999478
3491.6,255.71743999997813
3491.7,228.4004918033341
3491.8,219.5227272727361
3491.9,224.39117647060425
3492.0,223.7844537814925
3492.1,188.6247899160201
3492.2,203.4716393442421
3492.3,223.0339830509118
3492.4,208.73256198339013
3492.5,192.42229508199532
3492.6,215.9548275862087
3492.7,218.48931034481743
3492.8,272.220344827569
3492.9,228.79355371892763
3493.0,223.70512820514497
3493.1,209.97896551733356
3493.2,157.757333333329
3493.3,165.21169491543165
3493.4,230.9828813560843
3493.5,247.747068965535
3493.6,246.30285714286012
3493.7,250.13438016525132
3493.8,245.1404918032337
3493.9,191.06705882353967
3494.0,201.008235294107
3494.1,239.12829268282104
3494.2,249.1177419355069
3494.3,236.26333333330524
3494.4,220.13976000000497
3494.5,212.54776000001183
3494.6,231.0401709401657
3494.7,246.7491803278291
3494.8,261.81745762712217
3494.9,257.9546153845977
3495.0,228.47149122804484
3495.1,210.47248704663187
3495.2,205.1667875647772
3495.3,205.15903225809308
3495.4,232.9654838710167
3495.5,245.49085470084904
3495.6,227.12974358974688
3495.7,213.83232000000015
3495.8,206.3836363635785
3495.9,196.4022580645824
3496.0,241.5877419354176
3496.1,242.39372881357065
3496.2,247.62555555553536
3496.3,256.71504065041125
3496.4,258.5280487804902
3496.5,228.01271186437748
3496.6,252.6182258063816
3496.7,276.1376666667188
3496.8,257.20727272724474
3496.9,234.88774193547317
3497.0,259.27483870968456
3497.1,221.6632786884835
3497.2,206.1842276422793
3497.3,232.1268644068952
3497.4,267.35270491806585
3497.5,236.77073770493968
3497.6,243.65780487803048
3497.7,210.23829268309183
3497.8,189.9085470085672
3497.9,172.95499999979046
3498.0,90.01032258064497
3498.1,89.91354838709687
3498.2,89.62991735537278
3498.3,89.36833333333307
3498.4,89.13390243902425
3498.5,88.9311965811966
3498.6,88.85236220472444
3498.7,88.89960629921245
3498.8,88.80853658536554
3498.9,88.70975609756077
3499.0,88.61999999999992
3499.1,88.49426229508232
3499.2,88.36311475409866
3499.3,88.51229508196768
3499.4,88.3986178861784
3499.5,88.28603305785127
3499.6,88.31464000000007
3499.7,88.25064000000013
3499.8,74.66076923076923
3499.9,70.46589743589605
3500.0,69.21978494623654
3500.1,68.43483870967874
3500.2,68.61185454545323
3500.3,69.04458181818194
3500.4,69.46372881355923
3500.5,69.55694915254224
3500.6,68.61525423729002
3500.7,68.69428571428364
3500.8,69.10095652173925
3500.9,69.21
3501.0,69.23478260869541
3501.1,69.36100840336132
3501.2,69.38621848739488
3501.3,69.316724137931
3501.4,69.31379310344826
3501.5,69.23201680672264
3501.6,69.12162393162394
3501.7,69.15142857142855
3501.8,69.15983193277312
3501.9,69.04692307692282
3502.0,68.94661016949155
3502.1,69.00162601625995
3502.2,69.09688524590169
3502.3,68.91384615384624
3502.4,68.99076923076943
3502.5,68.93124999999993
3502.6,68.93
3502.7,68.92422764227646
3502.8,68.83745901639327
3502.9,68.76368852459024
3503.0,68.8005982905983
3503.1,68.84966101694917
3503.2,68.7857894736843
3503.3,68.77677419354865
3503.4,68.88272727272727
3503.5,68.8485123966939
3503.6,68.69975206611565
3503.7,68.73
3503.8,68.7892682926831
3503.9,68.75470588235255
3504.0,68.63975206611573
3504.1,68.8050413223138
3504.2,68.6483333333336
3504.3,68.61
3504.4,68.63871794871804
3504.5,68.60948275862059
3504.6,68.51421052631554
3504.7,68.63117647058824
3504.8,68.86647058823588
3504.9,68.72220338983016
3505.0,68.63399999999992
3505.1,68.61
3505.2,68.61
3505.3,68.6318604651163
3505.4,68.64846153846146
3505.5,68.53032000000006
3505.6,68.56232000000003
3505.7,68.65591304347811
3505.8,68.59661016949121
3505.9,68.46692307692304
3506.0,68.42130434782604
3506.1,68.46088709677419
3506.2,68.4689516129032
3506.3,68.39434782608683
3506.4,68.4584210526317
3506.5,68.41417391304331
3506.6,68.32349593495935
3506.7,68.35295081967205
3506.8,68.46770491803285
3506.9,68.3108547008544
3507.0,68.38474137931053
3507.1,68.36672566371692
3507.2,68.30280991735542
3507.3,68.26449999999984
3507.4,68.23699186991864
3507.5,68.39146341463389
3507.6,68.30647058823533
3507.7,68.26443548387098
3507.8,68.23418032786878
3507.9,68.20520661157032
3508.0,68.26984
3508.1,68.26184000000002
3508.2,68.24106557377053
3508.3,68.15280701754347
3508.4,68.12655172413817
3508.5,68.18689655172398
3508.6,68.03302521008403
3508.7,68.06663865546211
3508.8,68.22254237288168
3508.9,68.20113043478264
3509.0,68.09120689655197
3509.1,68.03767241379298
3509.2,68.07
3509.3,68.06854838709647
3509.4,67.9959677419354
3509.5,68.09050000000006
3509.6,68.04065573770521
3509.7,67.94950819672103
3509.8,68.02
3509.9,68.02
3510.0,68.04983606557377
3510.1,68.00824999999999
3510.2,67.94887931034484
3510.3,67.93386554621863
3510.4,67.97598290598295
3510.5,68.01871794871788
3510.6,68.0540350877192
3510.7,67.89935483871012
3510.8,67.91581196581213
3510.9,68.01711864406779
3511.0,68.00052631578963
3511.1,67.88322033898321
3511.2,67.81542372881374
3511.3,67.88540983606575
3511.4,67.91
3511.5,67.89076923076922
3511.6,67.86
3511.7,67.87065573770482
3511.8,67.95262295081967
3511.9,67.84432203389838
3512.0,67.86713043478261
3512.1,67.89504273504275
3512.2,67.88008064516134
3512.3,67.85297520661146
3512.4,67.81165289256195
3512.5,67.81
3512.6,67.81
3512.7,67.81
3512.8,67.8223931623932
3512.9,67.72952380952216
3513.0,66.64222222222331
3513.1,67.27026490066113
3513.2,67.84478260869575
3513.3,67.81
3513.4,67.81
3513.5,67.69073770491806
3513.6,67.66
3513.7,67.70854961832056
3513.8,67.79517241379338
3513.9,67.84561983471
3514.0,67.6059504132228
3514.1,67.5980991735537
3514.2,67.63735042735031
3514.3,67.60735999999997
3514.4,67.53047619047618
3514.5,67.57809523809527
3514.6,67.57186440677965
3514.7,67.57
3514.8,67.63104347826108
3514.9,67.64820312499978
3515.0,67.53349206349206
3515.1,67.56523809523812
3515.2,67.5990598290598
3515.3,67.58788617886172
3515.4,67.522512562814
3515.5,67.41698492462318
3515.6,67.45126984126966
3515.7,67.60333333333335
3515.8,67.57
3515.9,67.63923076923089
3516.0,67.66
3516.1,67.63719298245609
3516.2,67.59689655172413
3516.3,67.58706896551755
3516.4,67.65589743589723
3516.5,67.58752136752133
3516.6,67.4233600000001
3516.7,66.87204419889628
3516.8,66.10961325966716
3516.9,66.9037096774218
3517.0,67.4839495798322
3517.1,67.52475409836062
3517.2,67.35148760330578
3517.3,67.35975206611573
3517.4,67.38466101694922
3517.5,67.34062499999995
3517.6,67.31
3517.7,67.31
3517.8,67.31
3517.9,67.31
3518.0,67.40584745762716
3518.1,67.39241379310347
3518.2,67.33754237288139
3518.3,67.31
3518.4,67.31
3518.5,67.31
3518.6,67.34983739837395
3518.7,67.38631578947361
3518.8,67.35226086956501
3518.9,67.31
3519.0,67.32125000000003
3519.1,67.3571074380165
3519.2,67.31578512396699
3519.3,67.33186440677974
3519.4,67.37487179487185
3519.5,67.36496183206108
3519.6,67.31847457627119
3519.7,67.35918699186993
3519.8,67.31853658536575
3519.9,67.34319327731096
3520.0,67.33024793388435
3520.1,67.28790697674425
3520.2,67.26833333333315
3520.3,67.35166666666686
3520.4,67.32153846153847
3520.5,67.31
3520.6,67.21743801652893
3520.7,67.16785123966913
3520.8,67.30521367521362
3520.9,67.27102564102553
3521.0,67.14456896551697
3521.1,67.2461475409835
3521.2,67.16500000000056
3521.3,67.02
3521.4,67.03144067796612
3521.5,67.08770491803283
3521.6,67.28442622950833
3521.7,67.17109243697497
3521.8,67.09213114754085
3521.9,67.08533333333338
3522.0,67.08016393442638
3522.1,66.97314960629913
3522.2,67.0518897637794
3522.3,67.10318965517251
3522.4,67.09520325203246
3522.5,67.08610169491526
3522.6,67.10991596638658
3522.7,67.0595945945947
3522.8,67.01905405405397
3522.9,66.97851351351342
3523.0,66.97
3523.1,66.97
3523.2,67.00292682926812
3523.3,67.06932203389844
3523.4,67.10718750000007
3523.5,67.03687499999995
3523.6,67.02
3523.7,67.02
3523.8,67.02
3523.9,67.02516129032261
3524.0,67.05741935483877
3524.1,67.06
3524.2,67.03391304347828
3524.3,67.02
3524.4,67.00067226890746
3524.5,66.98106557377052
3524.6,67.02160000000003
3524.7,67.0536
3524.8,67.03355371900815
3524.9,67.01486956521738
3525.0,67.02478991596638
3525.1,67.0521551724138
3525.2,67.04121739130436
3525.3,66.8325217391301
3525.4,66.97161290322613
3525.5,67.02
3525.6,67.02
3525.7,66.85119658119679
3525.8,66.81500000000017
3525.9,66.84743801652893
3526.0,66.84098765432078
3526.1,66.96444444444428
3526.2,66.92454545454581
3526.3,66.80149999999996
3526.4,66.78358974358977
3526.5,66.80923076923074
3526.6,66.8176984126984
3526.7,66.82
3526.8,66.80379310344826
3526.9,66.78999999999999
3527.0,66.82
3527.1,66.82
3527.2,66.82
3527.3,66.77214285714275
3527.4,66.7600000000001
3527.5,66.81409836065572
3527.6,66.78131147540981
3527.7,66.78
3527.8,66.83684210526323
3527.9,66.84478260869561
3528.0,66.80578512396691
3528.1,66.78549999999998
3528.2,66.80949152542374
3528.3,66.78406779661007
3528.4,66.808717948718
3528.5,66.82
3528.6,66.7976315789474
3528.7,66.77300813008128
3528.8,66.7847457627119
3528.9,66.81864406779664
3529.0,66.81323943661971
3529.1,66.81
3529.2,66.80220472440948
3529.3,66.78
3529.4,66.78
3529.5,66.78
3529.6,66.80032258064514
3529.7,66.82
3529.8,66.82
3529.9,66.81702479338843
3530.0,66.78396694214881
3530.1,66.78
3530.2,66.79658536585359
3530.3,66.81387931034483
3530.4,66.8102521008403
3530.5,66.78130434782612
3530.6,66.79434782608698
3530.7,66.80739130434783
3530.8,66.81
3530.9,66.78967741935477
3531.0,66.78695652173919
3531.1,66.80974358974365
3531.2,66.77060869565214
3531.3,66.7793043478261
3531.4,66.80262295081972
3531.5,66.79250000000002
3531.6,66.68082644628124
3531.7,66.55765217391301
3531.8,66.6067692307692
3531.9,66.58369230769232
3532.0,66.71884297520675
3532.1,66.67586776859496
3532.2,66.57652892561984
3532.3,66.61449152542414
3532.4,66.8124347826083
3532.5,66.56026086956558
3532.6,66.6716949152539
3532.7,66.61137931034527
3532.8,66.55770491803284
3532.9,66.58793388429756
3533.0,66.60645161290323
3533.1,66.57419354838707
3533.2,66.54842975206614
3533.3,66.54
3533.4,66.54
3533.5,66.54
3533.6,66.54065040650406
3533.7,66.57317073170726
3533.8,66.52266129032235
3533.9,66.52520000000018
3534.0,66.56210526315785
3534.1,66.54
3534.2,66.54
3534.3,66.54
3534.4,66.54
3534.5,66.54
3534.6,66.54584745762705
3534.7,66.56484126984161
3534.8,66.46166666666643
3534.9,66.44
3535.0,66.47712
3535.1,66.53609756097555
3535.2,66.57663865546226
3535.3,66.54302521008404
3535.4,66.53254098360657
3535.5,66.53560975609756
3535.6,66.51661016949161
3535.7,66.48243478260868
3535.8,66.48888888888885
3535.9,66.48034188034188
3536.0,66.5292307692307
3536.1,66.47305084745783
3536.2,66.44
3536.3,66.44
3536.4,66.45000000000014
3536.5,66.53333333333349
3536.6,66.30813008130066
3536.7,66.37033898305084
3536.8,66.456923076923
3536.9,66.46344827586215
3537.0,66.51409836065572
3537.1,66.48131147540981
3537.2,66.47206611570249
3537.3,66.51411764705894
3537.4,66.49447154471544
3537.5,66.45118644067794
3537.6,66.47879032258065
3537.7,66.47072580645161
3537.8,66.44705882352935
3537.9,66.44
3538.0,66.41851239669417
3538.1,66.39
3538.2,66.36983870967786
3538.3,66.16822580645099
3538.4,66.35147540983614
3538.5,66.41333333333337
3538.6,66.42193548387093
3538.7,66.46474576271187
3538.8,66.38652892561913
3538.9,66.21297520661116
3539.0,66.2074576271187
3539.1,66.23095652173912
3539.2,66.23179487179489
3539.3,66.26428571428623
3539.4,66.39
3539.5,66.39
3539.6,66.43000000000004
3539.7,66.42067796610175
3539.8,66.27886956521716
3539.9,66.16121739130436
3540.0,66.17034482758628
3540.1,66.14813559322015
3540.2,66.21593220338961
3540.3,66.18943089430894
3540.4,66.15633333333335
3540.5,66.17857142857133
3540.6,66.21584070796472
3540.7,66.18
3540.8,66.18
3540.9,66.14521739130431
3541.0,66.11166666666662
3541.1,66.14444444444442
3541.2,66.16315789473693
3541.3,66.14
3541.4,66.14320000000006
3541.5,66.17520000000005
3541.6,66.11855421686751
3541.7,66.079487179487
3541.8,66.1808474576273
3541.9,66.22322033898304
3542.0,66.19692913385833
3542.1,66.18
3542.2,66.16539130434789
3542.3,66.14234782608696
3542.4,66.15310344827591
3542.5,66.17896551724141
3542.6,66.18827586206896
3542.7,66.21782608695644
3542.8,66.32043478260894
3542.9,66.28919354838693
3543.0,66.15704918032779
3543.1,66.21868852459019
3543.2,66.18590163934428
3543.3,66.18
3543.4,66.16066666666666
3543.5,66.15256198347107
3543.6,66.17447154471552
3543.7,66.1419512195123
3543.8,66.14
3543.9,66.1166666666666
3544.0,66.146551724138
3544.1,66.21762295081967
3544.2,66.21237288135579
3544.3,66.24627118644068
3544.4,66.0674358974356
3544.5,66.03076923076925
3544.6,66.05961538461537
3544.7,66.14593220338969
3544.8,66.19099173553708
3544.9,66.14991935483866
3545.0,66.11
3545.1,66.11
3545.2,66.2417460317457
3545.3,66.18923728813502
3545.4,66.09000000000012
3545.5,66.17655172413787
3545.6,66.27539130434815
3545.7,66.03191304347834
3545.8,66.1565254237289
3545.9,66.15602409638555
3546.0,66.09837209302323
3546.1,66.07511627906975
3546.2,66.06338983050847
3546.3,66.13563025210125
3546.4,66.21
3546.5,66.22380530973444
3546.6,66.24206611570267
3546.7,66.02719008264519
3546.8,65.98032258064508
3546.9,66.01975609756111
3547.0,66.07551724137933
3547.1,66.07928571428575
3547.2,66.01121951219501
3547.3,66.0518699186992
3547.4,66.06650406504063
3547.5,66.03729508196729
3547.6,66.03181818181802
3547.7,66.12024390243877
3547.8,66.19341463414634
3547.9,66.09017241379323
3548.0,66.15210526315765
3548.1,66.10773109243719
3548.2,66.06941176470572
3548.3,66.16760330578516
3548.4,66.19853658536589
3548.5,66.12536585365866
3548.6,66.07762295081974
3548.7,66.06
3548.8,66.01764705882336
3548.9,65.94543307086649
3549.0,66.09503937007847
3549.1,66.03561983471079
3549.2,65.959512195122
3549.3,65.95365853658556
3549.4,66.00245901639339
3549.5,65.97072580645175
3549.6,66.04330645161284
3549.7,66.02709401709404
3549.8,66.0836842105268
3549.9,66.11101694915244
3550.0,66.05231404958677
3550.1,66.0563793103448
3550.2,66.0046551724138
3550.3,66.07844827586237
3550.4,66.04078947368401
3550.5,66.03520661157029
3550.6,67.16169491525382
3550.7,81.05249999997574
3550.8,134.73881355959836
3550.9,203.6794915254078
3551.0,235.4229999999776
3551.1,275.4801652891592
3551.2,273.4259166668717
3551.3,224.7274590164278
3551.4,245.05680672270265
3551.5,251.7374789915961
3551.6,254.993504273498
3551.7,241.84777777783228
3551.8,239.17400000002323
3551.9,253.0134210526253
3552.0,244.80081300823807
3552.1,176.85772357718048
3552.2,207.77254237277063
3552.3,234.3214754098541
3552.4,253.1021311475573
3552.5,256.5242857142739
3552.6,237.86423728816104
3552.7,216.5591525424065
3552.8,274.8942982457232
3552.9,223.02368421048143
3553.0,221.93677419357192
3553.1,243.39082644628417
3553.2,238.51243902444767
3553.3,192.2540983607263
3553.4,226.6639344263129
3553.5,240.94172131147408
3553.6,244.07957627118867
3553.7,220.0385217392296
3553.8,189.54210084053057
3553.9,246.73237288131665
3554.0,211.5798305084488
3554.1,255.6788235293476
3554.2,255.73809523812363
3554.3,239.96349999999669
3554.4,238.4918181818182
3554.5,236.84969543153903
3554.6,269.8192385786977
3554.7,298.4279310345543
3554.8,222.37620689633707
3554.9,226.91315789476283
3555.0,235.47705882352824
3555.1,253.7517213114491
3555.2,262.540000000034
3555.3,235.44588235295163
3555.4,240.5047058823528
3555.5,244.34000000000495
3555.6,208.25462184872373
3555.7,205.7868695651248
3555.8,236.8178260869687
3555.9,249.330406504072
3556.0,254.68
3556.1,243.9339682539954
3556.2,224.19525423736755
3556.3,253.66644067801508
3556.4,270.14666666666665
3556.5,220.4733333333213
3556.6,241.96577586209025
3556.7,275.90543103447743
3556.8,248.9086718749214
3556.9,203.14249999991523
3557.0,195.6972727273188
3557.1,235.6252459016421
3557.2,228.24
3557.3,214.9039344262136
3557.4,230.51387096776637
3557.5,229.62849999997013
3557.6,232.22661290324424
3557.7,272.20666666678363
3557.8,220.7733333332164
3557.9,220.18121951220076
3558.0,225.8213407821214
3558.1,231.7487150837891
3558.2,253.970260869542
3558.3,249.7813259668059
3558.4,235.00232044196076
3558.5,235.79800000000392
3558.6,215.5882758620327
3558.7,211.0525531914908
3558.8,225.6642553191956
3558.9,200.93702479332015
3559.0,203.01090163938983
3559.1,245.78837398374924
3559.2,257.1434482758622
3559.3,256.8158620689644
3559.4,252.756666666667
3559.5,251.7553913043472
3559.6,251.6486842105272
3559.7,245.97373913045132
3559.8,236.3476666666804
3559.9,240.6954782608649
3560.0,251.4693913043538
3560.1,257.29631578947186
3560.2,253.51008547010332
3560.3,251.76941176471047
3560.4,253.6426890756322
3560.5,253.7730578512392
3560.6,250.4011570247986
3560.7,247.8876521739146
3560.8,241.45965517238864
3560.9,171.09358208929393
3561.0,97.48084745760768
3561.1,87.77966942148889
3561.2,88.92016528925555
3561.3,120.08626086960224
3561.4,210.80421052626463
3561.5,252.5682758620617
3561.6,251.3603305785191
3561.7,243.61384615384617
3561.8,236.98586206895516
3561.9,232.244482758614
3562.0,231.76210526315785
3562.1,232.5060869565194
3562.2,233.0466386554615
3562.3,233.5065060240979
3562.4,234.1510843373497
3562.5,234.35586206896545
3562.6,234.52913043478253
3562.7,234.74226086956492
3562.8,234.53413793103337
3562.9,233.35692307692173
3563.0,231.0982758619932
3563.1,193.9258620689189
3563.2,234.5198412697864
3563.3,246.0962499999547
3563.4,211.40096774185324
3563.5,159.81516949152595
3563.6,159.38296610169562
3563.7,231.75730434777887
3563.8,241.37521739129664
3563.9,246.90387931034647
3564.0,238.8567500000059
3564.1,211.8578688524623
3564.2,189.90615384615387
3564.3,243.53008547019385
3564.4,237.5820512820569
3564.5,240.6539823008796
3564.6,253.9639316238979
3564.7,237.8916528927012
3564.8,205.6314876034456
3564.9,247.25756097559253
3565.0,236.1762601625988
3565.1,235.32752136751796
3565.2,222.3295762712557
3565.3,202.6597413792968
3565.4,194.155
3565.5,202.36448818899405
3565.6,178.86055118113265
3565.7,213.5286206895652
3565.8,207.8047457626576
3565.9,193.354035087716
3566.0,194.01218487394743
3566.1,201.67565217388776
3566.2,216.78913385822003
3566.3,268.0174803151184
3566.4,217.77817391298933
3566.5,214.8112173913114
3566.6,205.736173913093
3566.7,158.4254237288135
3566.8,168.1736206897424
3566.9,237.6994827586534
3567.0,245.88241379310128
3567.1,238.49460176991107
3567.2,225.6490076336162
3567.3,206.80666666666667
3567.4,201.44372881349628
3567.5,263.93649999992414
3567.6,319.5448333332575
3567.7,255.02603305808825
3567.8,243.55691056911385
3567.9,222.431840000074
3568.0,156.91034482750615
3568.1,203.441083333188
3568.2,261.5494166665213
3568.3,268.313474576262
3568.4,260.8692241379215
3568.5,259.66051282050915
3568.6,243.50942148772037
3568.7,180.8316379310375
3568.8,199.96094827593708
3568.9,251.38601694914843
3569.0,259.176923076924
3569.1,218.15373913051732
3569.2,190.25601694908505
3569.3,211.3721739130706
3569.4,234.5310169492757
3569.5,289.6411864407799
3569.6,253.13300000007416
3569.7,239.796638655464
3569.8,223.483739837304
3569.9,197.6403361344261
3570.0,182.6118260869565
3570.1,182.44660869565203
3570.2,223.48827586207565
3570.3,247.5878260869988
3570.4,244.6946218487429
3570.5,230.52084033614207
3570.6,214.8115000000076
3570.7,200.7533333329777
3570.8,295.08666666686827
3570.9,238.5562068964368
3571.0,236.76452173911107
3571.1,255.647083333301
3571.2,233.63150000016608
3571.3,183.0001694917184
3571.4,261.7088695652232
3571.5,264.59582608695376
3571.6,240.33431034488603
3571.7,251.99499999993415
3571.8,256.165121951186
3571.9,235.6524999999862
3572.0,215.267826086946
3572.1,193.0939130435335
3572.2,239.95418803411
3572.3,201.5534745760564
3572.4,181.7864102564364
3572.5,205.21620689654145
3572.6,228.6800000000053
3572.7,225.15282051276816
3572.8,276.9733333333857
3572.9,233.38384615373823
3573.0,211.3480327868857
3573.1,194.6971304348195
3573.2,180.85299999999063
3573.3,192.8423275862073
3573.4,192.93715517241407
3573.5,226.85596491234347
3573.6,233.99576271186163
3573.7,207.5536000001659
3573.8,194.2110344827496
3573.9,215.6620000000017
3574.0,215.68555555551535
3574.1,262.07444444445446
3574.2,221.8765289256757
3574.3,213.1317073171473
3574.4,214.8026666665849
3574.5,163.56048780488058
3574.6,165.70682926829244
3574.7,221.528373983654
3574.8,241.19857142857165
3574.9,234.95593749998807
3575.0,223.31715517240085
3575.1,215.7773015872811
3575.2,195.52333333336404
3575.3,239.80955752230687
3575.4,288.67169491527056
3575.5,288.3387179487723
3575.6,258.7016806722618
3575.7,254.27950413251432
3575.8,157.7753719008337
3575.9,199.39543859661916
3576.0,262.65982456153705
3576.1,270.3493401015058
3576.2,243.99908629443877
3576.3,247.86285714288655
3576.4,246.862148760352
3576.5,219.7084033613583
3576.6,211.7
3576.7,259.35
3576.8,257.8373770491546
3576.9,251.55354838709604
3577.0,255.65322314050667
3577.1,265.2684745762841
3577.2,247.6413559322231
3577.3,239.2992241379101
3577.4,250.72278260869828
3577.5,241.25435897435992
3577.6,227.54751999999948
3577.7,220.81454545456492
3577.8,197.29122807013704
3577.9,178.4140350877035
3578.0,211.29538461532303
3578.1,230.7295652173749
3578.2,206.6141803279176
3578.3,176.85039370084652
3578.4,193.9668421053693
3578.5,228.08087719304777
3578.6,260.3716528925704
3578.7,250.8330708661579
3578.8,237.08885245902195
3578.9,237.62150000000304
3579.0,230.0208403361608
3579.1,177.06285714299474
3579.2,197.74305084734047
3579.3,232.25621848747124
3579.4,253.5834482758808
3579.5,236.46421052617688
3579.6,179.90894308945016
3579.7,207.33983739835776
3579.8,154.3144670049302
3579.9,95.2332487309072
3580.0,90.51067796610036
3580.1,89.68868852458989
3580.2,89.3465517241385
3580.3,89.18826086956526
3580.4,89.22052631578934
3580.5,89.0487068965518
3580.6,88.76422413793135
3580.7,88.88803418803367
3580.8,88.82504347826072
3580.9,88.69292682926819
3581.0,88.57721311475409
3581.1,88.51
3581.2,88.51
3581.3,88.55779661016953
3581.4,88.43588235294129
3581.5,88.34204724409454
3581.6,88.32
3581.7,88.3094117647061
3581.8,88.23378151260479
3581.9,73.67570312497878
3582.0,69.311788617886
3582.1,69.82258064516138
3582.2,69.4655737704926
3582.3,68.29344262295021
3582.4,68.05695652173881
3582.5,69.0592436974788
3582.6,69.48217391304348
3582.7,69.48094017094013
3582.8,69.44379310344796
3582.9,69.27695652173917
3583.0,69.3207017543861
3583.1,69.39087719298251
3583.2,69.37170731707319
3583.3,69.38758620689669
3583.4,69.28478260869531
3583.5,69.12434782608695
3583.6,69.1460344827586
3583.7,69.07143999999995
3583.8,69.14344000000023
3583.9,69.12084745762698
3584.0,69.00559999999969
3584.1,68.94459016393446
3584.2,69.06508474576259
3584.3,69.1074576271187
3584.4,68.98844827586198
3584.5,68.99250000000002
3584.6,68.91499999999999
3584.7,68.84099999999997
3584.8,68.87636363636356
3584.9,68.85956896551716
3585.0,68.81646551724133
3585.1,68.88362204724416
3585.2,68.8855932203391
3585.3,68.9056521739131
3585.4,68.9882608695651
3585.5,68.9074137931034
3585.6,68.881551724138
3585.7,68.78600000000033
3585.8,68.6634782608693
3585.9,68.64025641025647
3586.0,68.73299999999993
3586.1,68.82367521367533
3586.2,68.71042735042731
3586.3,68.71897435897438
3586.4,68.68206896551716
3586.5,68.7584210526317
3586.6,68.6997520661158
3586.7,68.60122950819664
3586.8,68.67051282051324
3586.9,68.80726495726503
3587.0,68.57941176470626
3587.1,68.55700854700851
3587.2,68.56456140350878
3587.3,68.60400000000025
3587.4,68.67677419354844
3587.5,68.69327433628334
3587.6,68.52513274336289
3587.7,68.43288135593225
3587.8,68.52956896551778
3587.9,68.58525862068959
3588.0,68.59666666666676
3588.1,68.63779661016947
3588.2,68.57
3588.3,68.48304347826073
3588.4,68.39975206611572
3588.5,68.38610062893082
3588.6,68.41406504065048
3588.7,68.49536585365853
3588.8,68.55100000000004
3588.9,68.49705882352934
3589.0,68.44409836065574
3589.1,68.45250000000021
3589.2,68.36870967741969
3589.3,68.23967741935448
3589.4,68.24882352941182
3589.5,68.27487394957983
3589.6,68.29611570247928
3589.7,68.30619834710741
3589.8,68.17396694214837
3589.9,68.3880620155045
3590.0,68.35142857142836
3590.1,68.2947058823529
3590.2,68.34008403361335
3590.3,68.362265625
3590.4,68.2919531249999
3590.5,68.28
3590.6,68.27016666666671
3590.7,68.24689075630262
3590.8,68.22173913043478
3590.9,68.22310344827571
3591.0,68.08517241379306
3591.1,68.32102564102507
3591.2,68.19692307692357
3591.3,68.07478260869566
3591.4,68.06260869565216
3591.5,68.07752066115717
3591.6,68.25566666666677
3591.7,68.14733333333344
3591.8,68.05758620689629
3591.9,68.02408695652173
3592.0,68.06568965517232
3592.1,68.1231896551724
3592.2,68.12823529411766
3592.3,68.11805309734474
3592.4,68.02070796460171
3592.5,68.04903508771926
3592.6,67.72338582677234
3592.7,67.1152631578966
3592.8,67.0306666666684
3592.9,68.1004918032785
3593.0,67.96114754098336
3593.1,67.94239669421488
3593.2,67.92254098360662
3593.3,67.86847457627118
3593.4,67.83156521739132
3593.5,67.88582608695651
3593.6,67.86
3593.7,67.86
3593.8,67.82737288135583
3593.9,67.83052173913046
3594.0,67.85376068376068
3594.1,67.87878260869564
3594.2,67.93165217391322
3594.3,67.86208695652154
3594.4,67.77637931034464
3594.5,67.82177966101708
3594.6,67.8293442622951
3594.7,67.83645161290309
3594.8,67.89
3594.9,67.89
3595.0,67.84789473684215
3595.1,67.81
3595.2,67.81
3595.3,67.87675000000011
3595.4,67.87661016949153
3595.5,67.75285714285741
3595.6,67.65067796610133
3595.7,67.7659322033897
3595.8,67.80830508474581
3595.9,67.65132231404971
3596.0,67.63049180327864
3596.1,67.65781420765019
3596.2,67.65226890756304
3596.3,67.65598360655738
3596.4,67.63491803278689
3596.5,67.61462184873947
3596.6,67.66
3596.7,67.66
3596.8,67.61877192982455
3596.9,67.61
3597.0,67.6052380952381
3597.1,67.59403508771928
3597.2,67.58479999999999
3597.3,67.60880000000009
3597.4,67.65025423728827
3597.5,67.65393700787402
3597.6,67.63333333333341
3597.7,67.59991596638665
3597.8,67.57385964912281
3597.9,67.60894736842116
3598.0,67.61
3598.1,67.63724137931025
3598.2,67.63000000000008
3598.3,67.61
3598.4,67.5253719008261
3598.5,66.99644628099229
3598.6,66.43707317073303
3598.7,67.10799999999686
3598.8,67.54733333333294
3598.9,67.45843478260886
3599.0,67.60408695652178
3599.1,67.56650000000008
3599.2,67.39150000000008
3599.3,67.53672413793177
3599.4,67.63796610169493
3599.5,67.62176991150454
3599.6,67.51072580645176
3599.7,67.35529914529917
3599.8,67.31256410256404
3599.9,67.31752
3600.0,67.31394736842105
3600.1,67.34867187499998
3600.2,67.39135999999999
3600.3,67.35983606557373
3600.4,67.35163934426228
3600.5,67.35666666666667
3600.6,67.36
3600.7,67.3713157894736
3600.8,67.36964912280703
3600.9,67.32097560975605
3601.0,67.39414634146354
3601.1,67.36907563025211
3601.2,67.33008196721313
3601.3,67.31
3601.4,67.33637931034491
3601.5,67.39368421052632
3601.6,67.36
3601.7,67.36
3601.8,67.36
3601.9,67.36
3602.0,67.37419354838708
3602.1,67.37398373983744
3602.2,67.24390243902458
3602.3,67.33700000000029
3602.4,67.3289516129032
3602.5,67.31
3602.6,67.24103448275926
3602.7,67.06
3602.8,67.06
3602.9,67.2736752136755
3603.0,67.18073770491823
3603.1,67.04375000000032
3603.2,67.02256410256385
3603.3,67.14651162790736
3603.4,67.2569767441863
3603.5,67.31
3603.6,67.2568644067798
3603.7,67.11390243902444
3603.8,67.07325203252024
3603.9,67.09280991735537
3604.0,67.05419354838708
3604.1,67.03974789915965
3604.2,67.07
3604.3,67.07
3604.4,67.07
3604.5,67.04864583333335
3604.6,67.02260416666672
3604.7,66.98086956521745
3604.8,66.97
3604.9,66.99166666666675
3605.0,67.02
3605.1,67.02291666666667
3605.2,67.06458333333319
3605.3,67.1
3605.4,67.11622807017544
3605.5,67.07289256198351
3605.6,67.02
3605.7,67.02620689655173
3605.8,67.06
3605.9,67.06
3606.0,67.06
3606.1,67.06
3606.2,67.04872928176798
3606.3,67.02662983425408
3606.4,67.01401709401709
3606.5,67.01449152542372
3606.6,67.03157024793383
3606.7,67.05880341880345
3606.8,67.05025641025638
3606.9,66.98791999999986
3607.0,67.0092727272728
3607.1,67.05700854700852
3607.2,67.01427350427359
3607.3,67.03975206611572
3607.4,67.00475409836062
3607.5,66.92807511737091
3607.6,66.8388732394368
3607.7,66.86052631578862
3607.8,67.05833333333334
3607.9,67.1
3608.0,66.8704918032786
3608.1,66.94380952380928
3608.2,67.02
3608.3,66.96838709677385
3608.4,66.82
3608.5,66.82
3608.6,66.82
3608.7,66.95220338983053
3608.8,66.91586776859442
3608.9,66.80033057851236
3609.0,66.78
3609.1,66.7815517241379
3609.2,66.85913793103438
3609.3,66.80210526315773
3609.4,66.78
3609.5,66.79354838709676
3609.6,66.80206611570253
3609.7,66.78
3609.8,66.78
3609.9,66.81179487179492
3610.0,66.84666666666666
3610.1,66.81724137931042
3610.2,66.79483870967738
3610.3,66.82
3610.4,66.82
3610.5,66.82
3610.6,66.79075630252105
3610.7,66.78
3610.8,66.78
3610.9,66.78
3611.0,66.78769230769247
3611.1,66.86461538461535
3611.2,66.79721739130461
3611.3,66.74637931034484
3611.4,66.75214285714286
3611.5,66.78785714285715
3611.6,66.81
3611.7,66.81862068965516
3611.8,66.85871999999988
3611.9,66.82671999999991
3612.0,66.79388429752062
3612.1,66.78
3612.2,66.79203252032514
3612.3,66.81882352941174
3612.4,66.81042016806724
3612.5,66.62791666666688
3612.6,66.67615384615384
3612.7,66.77070175438595
3612.8,66.79881355932194
3612.9,66.7444444444441
3613.0,66.61697478991597
3613.1,66.58336134453788
3613.2,66.72999999999962
3613.3,66.78
3613.4,66.79421052631581
3613.5,66.7345901639344
3613.6,66.6213114754098
3613.7,66.85081967213034
3613.8,66.81897435897426
3613.9,66.78252173913043
3614.0,66.77551724137929
3614.1,66.68784000000043
3614.2,66.54793103448266
3614.3,66.59448275862081
3614.4,66.80137931034479
3614.5,66.62555555555534
3614.6,66.55052631578947
3614.7,66.55538461538458
3614.8,66.5587826086956
3614.9,66.54957264957272
3615.0,66.64408695652166
3615.1,67.22669565217441
3615.2,66.68669421487645
3615.3,66.70598360655758
3615.4,66.6927049180329
3615.5,66.53745901639344
3615.6,66.52560975609755
3615.7,66.47682926829275
3615.8,66.54883333333362
3615.9,66.57431034482755
3616.0,66.55706896551719
3616.1,66.55192982456144
3616.2,66.57338842975207
3616.3,66.54033057851233
3616.4,66.54
3616.5,66.53293103448277
3616.6,66.50226890756304
3616.7,66.5171052631579
3616.8,66.6171428571433
3616.9,66.71846153846137
3617.0,66.5646153846155
3617.1,66.54
3617.2,66.54
3617.3,66.54
3617.4,66.52795081967206
3617.5,66.47057377049192
3617.6,66.52680327868843
3617.7,66.56588235294107
3617.8,66.57516666666666
3617.9,66.52741379310342
3618.0,66.45929824561397
3618.1,66.53333333333349
3618.2,66.45000000000014
3618.3,66.5337704918036
3618.4,66.54836065573767
3618.5,66.51181818181826
