t,pwr
0.0,78.19
0.1,308.083004322516
0.2,308.0892
0.3,308.15376237623764
0.4,308.0417
0.5,308.0482
0.6,308.1137
0.7,307.99260000000004
0.8,308.05207920792077
0.9,308.078
1.0,308.026
1.1,308.11
1.2,308.057
1.3,308.0232673267327
1.4,308.1268
1.5,308.08660000000003
1.6,308.0444
1.7,308.0934
1.8,308.0377
1.9,307.99440000000004
2.0,308.0695712871287
2.1,308.00958811881185
2.2,308.03520000000003
2.3,308.0752
2.4,307.9928712871287
2.5,308.0670514851485
2.6,308.0974
2.7,308.013
2.8,308.06029702970295
2.9,308.07
3.0,308.00120000000004
3.1,308.04960396039604
3.2,308.08548514851486
3.3,308.0305
3.4,308.1305
3.5,308.05742574257425
3.6,308.0484
3.7,308.1172
3.8,308.0628
3.9,308.1256
4.0,308.1568
4.1,308.060198019802
4.2,308.0483
4.3,308.0666
4.4,307.9455
4.5,308.01861386138614
4.6,308.03180000000003
4.7,307.9644
4.8,308.0156
4.9,307.9972
5.0,307.99
5.1,308.04740000000004
5.2,308.0031683168317
5.3,307.9576
5.4,308.0391
5.5,307.9547
5.6,307.9705
5.7,308.0120792079208
5.8,307.8999603960396
5.9,307.966
6.0,307.98199999999997
6.1,307.932
6.2,308.0229702970297
6.3,308.0342
6.4,307.9905
6.5,308.05884356435644
6.6,308.0330910891089
6.7,308.0434
6.8,308.1124
6.9,308.0218811881188
7.0,308.0131
7.1,308.0585
7.2,307.9622
7.3,307.9756663366337
7.4,308.03564752475245
7.5,308.012
7.6,308.0532
7.7,308.07000000000005
7.8,308.0092
7.9,308.0727722772277
8.0,308.055
8.1,307.995
8.2,308.025
8.3,307.9425
8.4,307.9322772277228
8.5,307.9918
8.6,307.9138
8.7,307.88
8.8,307.9535603960396
8.9,307.91427326732673
9.0,307.9484
9.1,308.0211
9.2,308.0472277227723
9.3,308.1148
9.4,308.1256
9.5,308.084
9.6,308.1492
9.7,308.1872
9.8,308.1972
9.9,308.2071287128713
10.0,308.1603
10.1,308.1329
10.2,308.13710000000003
10.3,308.0548
10.4,308.0981
10.5,308.13702970297027
10.6,308.084
10.7,308.067
10.8,308.042
10.9,308.03
11.0,308.0577227722772
11.1,308.0769
11.2,308.0869
11.3,308.13078514851486
11.4,308.1024633663366
11.5,308.12760000000003
11.6,308.170198019802
11.7,308.13980000000004
11.8,308.1602
11.9,308.15319999999997
12.0,308.1068316831683
12.1,308.1098
12.2,308.1002
12.3,308.0768
12.4,308.07
12.5,308.0570613861386
12.6,308.0499306930693
12.7,308.063
12.8,308.0505
12.9,308.0855
13.0,308.13599999999997
13.1,308.098
13.2,308.13435643564355
13.3,308.1764
13.4,308.12239999999997
13.5,308.1028
13.6,308.12919999999997
13.7,308.1016
13.8,308.1180198019802
13.9,308.1337
14.0,308.1174
14.1,308.1478
14.2,308.10762376237625
14.3,308.1134
14.4,308.14
14.5,308.1152
14.6,308.1491089108911
14.7,308.1861
14.8,308.14168316831683
14.9,308.152
15.0,308.174
15.1,308.152
15.2,308.206
15.3,308.220297029703
15.4,308.21184059405937
15.5,308.2318
15.6,308.1987
15.7,308.19342475247527
15.8,308.20983366336634
15.9,308.152
16.0,308.1564
16.1,308.19
16.2,308.13779999999997
16.3,308.1574257425743
16.4,308.1886
16.5,308.1914
16.6,308.2228
16.7,308.2229
16.8,308.2328
16.9,308.2842
17.0,308.2761386138614
17.1,308.2724
17.2,308.29560000000004
17.3,308.2496
17.4,308.238
17.5,308.2768
17.6,308.2622772277228
17.7,308.2785
17.8,308.277
17.9,308.294
18.0,308.3135
18.1,308.29455445544556
18.2,308.3278
18.3,308.3222
18.4,308.2792
18.5,308.27
18.6,308.2382
18.7,308.2471
18.8,308.3118
18.9,308.2822772277228
19.0,308.2404
19.1,308.2812
19.2,308.2684
19.3,308.28148514851483
19.4,308.3096
19.5,308.2798
19.6,308.27
19.7,308.25
19.8,308.215
19.9,308.22
20.0,308.19
20.1,308.15
20.2,308.19465346534656
20.3,308.19079999999997
20.4,308.1696
20.5,308.2047
20.6,308.20059405940594
20.7,308.16560000000004
20.8,308.1644
20.9,308.1704
21.0,308.18399999999997
21.1,308.1672277227723
21.2,308.1341
21.3,308.16409999999996
21.4,308.15226534653465
21.5,308.1661069306931
21.6,308.2384
21.7,308.2324
21.8,308.2046
21.9,308.21
22.0,308.228
22.1,308.2635
22.2,308.271
22.3,308.24663366336637
22.4,308.23879999999997
22.5,308.2236
22.6,308.2032
22.7,308.242
22.8,308.2568
22.9,308.25759504950497
23.0,308.28
23.1,308.2456
23.2,308.2258
23.3,308.2812871287129
23.4,308.289
23.5,308.2726
23.6,308.2442574257426
23.7,308.1882
23.8,308.2164
23.9,308.2195
24.0,308.210297029703
24.1,308.26800000000003
24.2,308.29
24.3,308.276
24.4,308.3080396039604
24.5,308.29611683168315
24.6,308.2795
24.7,308.31
24.8,308.29455445544556
24.9,308.28520000000003
25.0,308.2948
25.1,308.28139999999996
25.2,308.3075247524753
25.3,308.2941
25.4,308.2611
25.5,308.30219999999997
25.6,308.3070297029703
25.7,308.2572
25.8,308.26279999999997
25.9,308.2212
26.0,308.188
26.1,308.1736633663366
26.2,308.0795
26.3,308.06
26.4,308.0285
26.5,307.96999999999997
26.6,307.98699999999997
26.7,307.9928
26.8,307.94
26.9,307.9502
27.0,307.92273663366336
27.1,307.8732316831683
27.2,307.96659999999997
27.3,307.9604613861386
27.4,307.94246732673264
27.5,307.9676
27.6,307.92316831683166
27.7,307.9455
27.8,307.9738
27.9,307.9941
28.0,308.09148514851483
28.1,308.098
28.2,308.03
28.3,308.118
28.4,308.130297029703
28.5,308.0745
28.6,308.1071
28.7,308.0913
28.8,308.07
28.9,308.0728712871287
29.0,308.0688
29.1,308.068
29.2,308.1092
29.3,308.0496
29.4,308.1221782178218
29.5,308.1557
29.6,308.1143
29.7,308.19079999999997
29.8,308.2065
29.9,308.1806930693069
30.0,308.2152
30.1,308.2092
30.2,308.1656
30.3,308.19715445544557
30.4,308.1524257425743
30.5,308.1525
30.6,308.1925
30.7,308.13970297029704
30.8,308.2348
30.9,308.2356
31.0,308.202
31.1,308.2423762376238
31.2,308.2339
31.3,308.1915
31.4,308.2277
31.5,308.2108
31.6,308.20504950495047
31.7,308.2724
31.8,308.21659999999997
31.9,308.25524752475246
32.0,308.2869
32.1,308.21049999999997
32.2,308.26259999999996
32.3,308.30168316831686
32.4,308.274
32.5,308.29
32.6,308.266
32.7,308.18188118811884
32.8,308.2205
32.9,308.1724
33.0,308.1533
33.1,308.1929
33.2,308.12376237623766
33.3,308.1418
33.4,308.1392
33.5,308.1026
33.6,308.15999999999997
33.7,308.1447
33.8,308.0768
33.9,308.11
34.0,308.0948514851485
34.1,308.0328
34.2,308.0952
34.3,308.0732
34.4,308.0963366336634
34.5,308.127
34.6,308.116
34.7,308.156
34.8,308.17960396039604
34.9,308.12559999999996
35.0,308.1628
35.1,308.1688
35.2,308.10693069306933
35.3,308.1474
35.4,308.1248
35.5,308.09000000000003
35.6,308.0809
35.7,308.0252
35.8,308.0612871287129
35.9,308.0652
36.0,308.0408
36.1,308.12237623762377
36.2,308.1312
36.3,308.0699
36.4,308.14340000000004
36.5,308.09217821782175
36.6,308.117
36.7,308.176
36.8,308.146
36.9,308.2
37.0,308.1940792079208
37.1,308.1454900990099
37.2,308.2
37.3,308.19010000000003
37.4,308.0972
37.5,308.1691
37.6,308.15376237623764
37.7,308.0932
37.8,308.1236
37.9,308.0516
38.0,308.0731683168317
38.1,308.1086
38.2,308.0963
38.3,308.1814
38.4,308.19653465346533
38.5,308.1548
38.6,308.2318
38.7,308.25585346534655
38.8,308.1924059405941
38.9,308.239
39.0,308.2185
39.1,308.1914702970297
39.2,308.2178099009901
39.3,308.1692
39.4,308.1504
39.5,308.1568316831683
39.6,308.0809
39.7,308.1124
39.8,308.1873
39.9,308.1024
40.0,308.18059405940596
40.1,308.19820000000004
40.2,308.1112
40.3,308.170396039604
40.4,308.1899
40.5,308.1803
40.6,308.20910000000003
40.7,308.119801980198
40.8,308.1
40.9,308.18
41.0,308.09000000000003
41.1,308.12
41.2,308.17940594059405
41.3,308.0315
41.4,308.16859999999997
41.5,308.1106
41.6,308.06099009900987
41.7,308.158
41.8,308.1894
41.9,308.1214
42.0,308.12009702970295
42.1,308.071497029703
42.2,308.11850000000004
42.3,308.1782
42.4,308.04554455445543
42.5,308.1168
42.6,308.1296
42.7,308.0148
42.8,308.0765346534654
42.9,308.061
43.0,308.003
43.1,308.038
43.2,307.9271287128713
43.3,307.9388
43.4,307.98699999999997
43.5,307.87831683168315
43.6,307.9072
43.7,307.9565
43.8,307.8484
43.9,307.9051
44.0,307.9560396039604
44.1,307.8864
44.2,307.95360000000005
44.3,307.914
44.4,307.84623762376236
44.5,307.8946
44.6,307.8636
44.7,307.8780198019802
44.8,307.934
44.9,307.88599999999997
45.0,307.9156435643564
45.1,307.9645
45.2,307.9344
45.3,308.0012
45.4,308.01
45.5,307.9659405940594
45.6,307.9776
45.7,307.92719999999997
45.8,307.92
45.9,307.9374
46.0,307.88779999999997
46.1,307.8974
46.2,307.9348
46.3,307.8710891089109
46.4,307.94599999999997
46.5,307.9858
46.6,307.9559405940594
46.7,308.0265
46.8,308.0655
46.9,308.053
47.0,308.09250000000003
47.1,308.0665049504951
47.2,308.0851841584158
47.3,308.1236
47.4,308.06280000000004
47.5,308.10040000000004
47.6,308.1266336633663
47.7,308.0387
47.8,308.0532
47.9,308.0683
48.0,308.01189999999997
48.1,308.0
48.2,307.9671287128713
48.3,307.9354
48.4,307.99559999999997
48.5,307.9362
48.6,308.01742574257423
48.7,308.1129564356436
48.8,308.04900000000004
48.9,308.0867
49.0,308.1486
49.1,308.1114
49.2,308.1561386138614
49.3,308.17007920792076
49.4,308.154
49.5,308.19
49.6,308.16831683168317
49.7,308.1758
49.8,308.2432
49.9,308.2047
50.0,308.25249603960395
50.1,308.32468712871287
50.2,308.262
50.3,308.28679999999997
50.4,308.2691089108911
50.5,308.2446
50.6,308.2554
50.7,308.2369
50.8,308.1918811881188
50.9,308.2484
51.0,308.1712
51.1,308.14
51.2,308.2084
51.3,308.1547524752475
51.4,308.1825
51.5,308.2075
51.6,308.1425
51.7,308.135
51.8,308.14
51.9,308.095
52.0,308.1319801980198
52.1,308.113
52.2,308.1222
52.3,308.1966
52.4,308.14673267326737
52.5,308.1565
52.6,308.2065
52.7,308.1616
52.8,308.1327
52.9,308.10831683168317
53.0,308.0568
53.1,308.11199999999997
53.2,308.08311287128714
53.3,308.0740851485149
53.4,308.1013
53.5,308.00350000000003
53.6,308.00920792079205
53.7,308.03700000000003
53.8,308.047
53.9,308.1192376237624
54.0,308.1569613861386
54.1,308.1117
54.2,308.1176
54.3,308.0890099009901
54.4,308.0632
54.5,308.10080000000005
54.6,308.0384
54.7,308.0740594059406
54.8,308.1368
54.9,308.1036306930693
55.0,308.113
55.1,308.1168
55.2,308.11
55.3,308.14959999999996
55.4,308.1439920792079
55.5,308.149603960396
55.6,308.18600000000004
55.7,308.10900000000004
55.8,308.11199999999997
55.9,308.1206930693069
56.0,308.0716
56.1,308.1012
56.2,308.1364
56.3,308.09564356435646
56.4,308.0952
56.5,308.0848
56.6,308.08871287128716
56.7,308.16200000000003
56.8,308.11940000000004
56.9,308.1258
57.0,308.1538613861386
57.1,308.0829
57.2,308.1071
57.3,308.1622
57.4,308.12168316831685
57.5,308.114
57.6,308.106
57.7,308.072
57.8,308.0956435643564
57.9,308.0787
58.0,308.0972
58.1,308.1536
58.2,308.0874
58.3,308.0416831683168
58.4,308.0674
58.5,308.0452
58.6,308.0664
58.7,308.1000574257426
58.8,308.08294257425746
58.9,308.1327
59.0,308.123
59.1,308.08000000000004
59.2,308.09693069306934
59.3,308.0596
59.4,308.0424
59.5,308.0544
59.6,308.00564356435643
59.7,307.9755
59.8,307.958
59.9,307.907
60.0,307.88
60.1,307.87995445544556
60.2,307.85839999999996
60.3,307.8886
60.4,307.8922
60.5,307.87620000000004
60.6,307.92742574257426
60.7,307.89639999999997
60.8,307.8559
60.9,307.87530000000004
61.0,307.8590099009901
61.1,307.8608
61.2,307.8904
61.3,307.8636
61.4,307.8660396039604
61.5,307.8541
61.6,307.82529999999997
61.7,307.8859
61.8,307.8896039603961
61.9,307.895
62.0,307.935
62.1,307.885
62.2,307.8746534653465
62.3,307.9149
62.4,307.9004
62.5,307.92366336633665
62.6,307.9508
62.7,307.93
62.8,307.96326732673265
62.9,307.97180000000003
63.0,307.9588
63.1,308.0082
63.2,308.0120792079208
63.3,308.0122
63.4,308.0592
63.5,308.03319999999997
63.6,308.01732673267327
63.7,308.0185
63.8,307.998
63.9,308.0425
64.0,308.0388118811881
64.1,308.02639999999997
64.2,308.0644
64.3,308.0568
64.4,308.06208712871285
64.5,308.0942435643565
64.6,308.0742
64.7,308.05719999999997
64.8,308.0456
64.9,308.0086425742574
65.0,308.0625168316832
65.1,308.09900000000005
65.2,308.0952
65.3,308.13840000000005
65.4,308.1084158415842
65.5,308.0869
65.6,308.1605
65.7,308.1531
65.8,308.1123
65.9,308.11765940594057
66.0,308.092
66.1,308.084
66.2,308.062
66.3,308.048
66.4,308.1097227722772
66.5,308.10490000000004
66.6,308.0851
66.7,308.1439
66.8,308.1229702970297
66.9,308.0952
67.0,308.1086
67.1,308.071
67.2,308.0704
67.3,308.0822257425742
67.4,308.0422
67.5,308.0319
67.6,307.96479999999997
67.7,308.0233
67.8,308.05435643564357
67.9,308.0208
68.0,308.0508
68.1,308.05559999999997
68.2,308.03712871287127
68.3,308.04650000000004
68.4,308.033
68.5,308.048
68.6,308.072
68.7,308.0269306930693
68.8,308.057
68.9,308.0662
69.0,308.0334653465346
69.1,308.0666
69.2,308.08
69.3,308.0701
69.4,308.0665
69.5,308.09019801980196
69.6,308.0796
69.7,308.07439999999997
69.8,308.02630495049505
69.9,308.04916336633664
70.0,308.04830000000004
70.1,308.0186
70.2,308.0692386138614
70.3,308.0842079207921
70.4,308.073
70.5,308.077
70.6,308.0759405940594
70.7,308.1016
70.8,308.1126
70.9,308.08148514851484
71.0,308.1237861386138
71.1,308.1264
71.2,308.0568
71.3,308.10554455445543
71.4,308.1092
71.5,308.0989
71.6,308.1581
71.7,308.1827
71.8,308.1954
71.9,308.20732673267327
72.0,308.19219999999996
72.1,308.1882
72.2,308.2114
72.3,308.14287128712874
72.4,308.185
72.5,308.175
72.6,308.105
72.7,308.12
72.8,308.1175247524752
72.9,308.1172
73.0,308.1424
73.1,308.1357425742574
73.2,308.10609999999997
73.3,308.1416
73.4,308.0890861386139
73.5,308.1289544554455
73.6,308.1402
73.7,308.0875782178218
73.8,308.14354356435643
73.9,308.1158
74.0,308.11260000000004
74.1,308.1620792079208
74.2,308.158
74.3,308.122
74.4,308.15415841584155
74.5,308.09569999999997
74.6,308.1219
74.7,308.1015376237624
74.8,307.9968495049505
74.9,308.079
75.0,308.1056
75.1,308.0489108910891
75.2,308.0934
75.3,308.09299999999996
75.4,308.0268316831683
75.5,308.0956
75.6,308.0184
75.7,308.026
75.8,308.086
75.9,307.95841584158416
76.0,307.94399999999996
76.1,307.90099999999995
76.2,307.85450000000003
76.3,307.8905
76.4,307.93811881188117
76.5,307.8798
76.6,307.94
76.7,307.93168316831685
76.8,307.89300000000003
76.9,307.9631
77.0,307.8525742574258
77.1,307.86879999999996
77.2,307.84799999999996
77.3,307.7648
77.4,307.8
77.5,307.78924752475245
77.6,307.71659999999997
77.7,307.77000000000004
77.8,307.7645
77.9,307.7308910891089
78.0,307.81600000000003
78.1,307.786
78.2,307.845
78.3,307.883
78.4,307.8279207920792
78.5,307.9009
78.6,307.9028
78.7,307.8336
78.8,307.8726732673267
78.9,307.8976
79.0,307.8732
79.1,307.9116
79.2,307.9284
79.3,307.9131683168317
79.4,307.9465
79.5,307.90762376237626
79.6,308.0136
79.7,308.07000000000005
79.8,308.07
79.9,308.07050000000004
80.0,308.0775
80.1,308.034
80.2,308.11049504950495
80.3,308.11920000000003
80.4,308.1004
80.5,308.1088118811881
80.6,308.08119999999997
80.7,308.1194
80.8,308.0988
80.9,308.05970297029705
81.0,308.0502
81.1,308.0588
81.2,308.0008
81.3,308.0392
81.4,308.00120000000004
81.5,308.060198019802
81.6,308.0696
81.7,308.0307
81.8,308.0999
81.9,308.0896
82.0,308.05069306930693
82.1,308.12
82.2,308.12
82.3,308.08000000000004
82.4,308.10940594059406
82.5,308.080300990099
82.6,308.0998
82.7,308.09999999999997
82.8,308.0019801980198
82.9,308.0784
83.0,308.0898
83.1,308.0508
83.2,308.07910891089114
83.3,308.07030000000003
83.4,308.0312
83.5,308.0688
83.6,308.03139207920793
83.7,308.04920792079207
83.8,308.098
83.9,307.9848
84.0,308.0088
84.1,307.9812
84.2,307.9608
84.3,308.0656
84.4,308.0028
84.5,307.93346534653466
84.6,307.987
84.7,307.99
84.8,307.9995
84.9,308.0285
85.0,307.9635
85.1,308.036
85.2,308.097
85.3,308.005
85.4,308.1034653465347
85.5,308.1288
85.6,308.03702376237624
85.7,308.07651386138616
85.8,308.0707
85.9,308.0235
86.0,308.0944
86.1,308.0163
86.2,308.0193
86.3,308.0107
86.4,307.890297029703
86.5,307.9812
86.6,308.0176
86.7,307.974
86.8,308.0528
86.9,308.06
87.0,308.014
87.1,308.07439999999997
87.2,308.0254376237624
87.3,308.0746
87.4,308.08910000000003
87.5,307.9717
87.6,308.0419
87.7,308.0773
87.8,307.99891089108917
87.9,308.098
88.0,308.128
88.1,308.094
88.2,308.144
88.3,308.132
88.4,308.13
88.5,308.18399999999997
88.6,308.10900000000004
88.7,308.1267326732673
88.8,308.219
88.9,308.11429999999996
89.0,308.15340000000003
89.1,308.16898811881185
89.2,308.1436118811881
89.3,308.2192
89.4,308.1948
89.5,308.1988
89.6,308.2264
89.7,308.142
89.8,308.13
89.9,308.1475128712871
90.0,308.04560000000004
90.1,308.0909
90.2,308.0913
90.3,308.0117
90.4,308.05219999999997
90.5,308.0513861386139
90.6,308.0327722772277
90.7,308.073
90.8,308.0284
90.9,308.0802
91.0,308.08148514851484
91.1,307.9865
91.2,308.0125
91.3,308.0284158415842
91.4,307.9964475247525
91.5,308.032
91.6,308.0148
91.7,307.98488316831686
91.8,308.0049504950495
91.9,307.9519
92.0,308.0147
92.1,308.0964
92.2,308.0278217821782
92.3,308.0592
92.4,308.0454
92.5,307.9908
92.6,308.021
92.7,308.01376237623765
92.8,307.9695
92.9,307.97540588235296
93.0,307.94856470588235
93.1,307.9321
93.2,307.9221
93.3,307.82621683168315
93.4,307.83897821782176
93.5,307.8422
93.6,307.7776
93.7,307.80633663366336
93.8,307.7584
93.9,307.74
94.0,307.7092
94.1,307.63138613861383
94.2,307.6708
94.3,307.7356
94.4,307.6816
94.5,307.698
94.6,307.75509900990096
94.7,307.7025
94.8,307.755
94.9,307.75
95.0,307.74
95.1,307.76959999999997
95.2,307.7287128712871
95.3,307.7611
95.4,307.8384
95.5,307.8021782178218
95.6,307.852
95.7,307.9088
95.8,307.848
95.9,307.9269306930693
96.0,310.06450000000007
96.1,315.81899999999945
96.2,323.3316386138614
96.3,333.50080198019776
96.4,346.8910000000002
96.5,362.01899999999955
96.6,377.0059999999996
96.7,392.5568316831696
96.8,411.01779999999934
96.9,425.91130000000084
97.0,437.8049999999996
97.1,447.3135643564347
97.2,455.14960000000013
97.3,461.11680000000007
97.4,464.20080000000013
97.5,464.64919999999995
97.6,464.59039603960395
97.7,464.5564
97.8,464.59029999999996
97.9,464.6401
98.0,464.5763
98.1,464.6262376237624
98.2,464.6766
98.3,464.713
98.4,464.89500000000004
98.5,464.94072277227724
98.6,464.972
98.7,465.039
98.8,465.02750000000003
98.9,465.06792079207924
99.0,465.1512
99.1,465.1288
99.2,465.13801980198025
99.3,465.1852
99.4,465.1244
99.5,465.28159999999997
99.6,465.337
99.7,465.349900990099
99.8,465.4234
99.9,465.3818
100.0,465.3586
100.1,465.4072
100.2,465.38702970297027
100.3,465.604
100.4,465.83320000000003
100.5,465.6726
100.6,465.6376
100.7,465.6335643564356
100.8,465.626
100.9,465.74
101.0,465.76435643564355
101.1,465.7577
101.2,465.79949999999997
101.3,465.5722
101.4,465.38831683168314
101.5,465.3568
101.6,465.3284
101.7,465.581
101.8,465.77
101.9,465.7586
102.0,465.7329
102.1,465.68010000000004
102.2,465.7013
102.3,465.7343564356436
102.4,465.6852
102.5,465.902
102.6,466.0944
102.7,465.8626732673267
102.8,465.65250000000003
102.9,465.586
103.0,465.605
103.1,465.63366336633663
103.2,465.6902
103.3,465.858
103.4,465.9608
103.5,465.781
103.6,465.6467326732673
103.7,465.6753
103.8,465.6906
103.9,465.7265
104.0,465.7394
104.1,465.7617475247525
104.2,465.6903920792079
104.3,465.5116
104.4,465.456
104.5,465.4228
104.6,465.43780594059405
104.7,465.51544554455444
104.8,465.5045
104.9,465.4749
105.0,465.480099009901
105.1,465.45
105.2,465.44
105.3,465.47
105.4,465.50465346534656
105.5,465.62330000000003
105.6,465.6904
105.7,465.5429881188119
105.8,465.4677544554455
105.9,465.5108
106.0,465.4948
106.1,465.51919999999996
106.2,465.5067326732673
106.3,465.6298
106.4,465.7677
106.5,465.6354
106.6,465.5917
106.7,465.64064653465346
106.8,465.6028277227723
106.9,465.616
107.0,465.6654
107.1,465.64160000000004
107.2,465.6568
107.3,465.5346277227723
107.4,465.3488910891089
107.5,465.3915
107.6,465.3535
107.7,465.5525
107.8,465.8961881188119
107.9,465.8357227722772
108.0,465.8328
108.1,465.92199999999997
108.2,465.919504950495
108.3,465.9101
108.4,465.9285
108.5,466.0849
108.6,466.3945
108.7,466.2032673267326
108.8,465.85519999999997
108.9,465.89840000000004
109.0,465.85540000000003
109.1,465.7883168316832
109.2,465.8041
109.3,465.7854
109.4,466.0042
109.5,466.1873267326733
109.6,465.892
109.7,465.926
109.8,465.96871287128715
109.9,465.86
110.0,465.8951
110.1,465.9071
110.2,465.8517
110.3,465.86621584158416
110.4,465.65589900990096
110.5,465.2654
110.6,465.14099999999996
110.7,465.0568
110.8,465.20702970297026
110.9,465.5778
111.0,465.5141
111.1,465.4885
111.2,465.4904
111.3,465.45465346534655
111.4,465.4944
111.5,465.4948
111.6,465.5544
111.7,465.7472
111.8,465.5283168316831
111.9,465.1555
112.0,465.2295
112.1,465.2169306930693
112.2,465.2436
112.3,465.423
112.4,465.7772277227723
112.5,465.9131
112.6,465.8874
112.7,465.7631
112.8,465.8655445544554
112.9,465.97360000000003
113.0,465.9792
113.1,466.0168
113.2,466.0164
113.3,466.04584158415844
113.4,465.8692
113.5,465.41859999999997
113.6,465.5735643564356
113.7,465.836
113.8,465.814
113.9,465.727
114.0,465.70799999999997
114.1,465.7278514851485
114.2,465.8491217821782
114.3,465.8642
114.4,465.8558
114.5,465.8470297029703
114.6,465.6948
114.7,465.4416
114.8,465.41445544554455
114.9,465.4054
115.0,465.41999999999996
115.1,465.42267326732673
115.2,465.4014
115.3,465.3538
115.4,465.46040000000005
115.5,465.5212
115.6,465.5866
115.7,465.540594059406
115.8,465.5975
115.9,465.57
116.0,465.53
116.1,465.5775
116.2,465.52267326732675
116.3,465.5612
116.4,465.8308
116.5,465.76279999999997
116.6,465.7472
116.7,465.7462376237624
116.8,465.6838
116.9,465.7369
117.0,465.73929999999996
117.1,465.8134653465346
117.2,466.2934
117.3,466.1798
117.4,465.8754
117.5,465.93435643564356
117.6,465.9605
117.7,466.0147
117.8,466.0827455445545
117.9,466.1441584158416
118.0,466.212
118.1,466.17400000000004
118.2,465.834
118.3,465.8282178217822
118.4,465.7419
118.5,465.7424
118.6,465.70050000000003
118.7,465.6543564356436
118.8,465.6552
118.9,465.7952
119.0,465.8956
119.1,465.8138
119.2,465.7524752475248
119.3,465.80830000000003
119.4,465.7949
119.5,465.7834653465346
119.6,465.9328079207921
119.7,466.3544
119.8,466.43
119.9,466.35396039603955
120.0,465.9545
120.1,465.977
120.2,465.9435
120.3,465.8648514851485
120.4,465.98640000000006
120.5,466.2058
120.6,466.10440000000006
120.7,465.63439999999997
120.8,465.60554455445543
120.9,465.64390000000003
121.0,465.65569999999997
121.1,465.6146
121.2,465.97742574257427
121.3,465.9468
121.4,465.82959999999997
121.5,465.6764
121.6,465.6428831683168
121.7,465.59303564356435
121.8,465.6387
121.9,465.7988
122.0,465.88980000000004
122.1,466.0064356435644
122.2,465.668
122.3,465.835
122.4,465.8710792079208
122.5,465.80116039603956
122.6,465.90639999999996
122.7,465.8628
122.8,465.7989108910891
122.9,465.86039999999997
123.0,465.5096
123.1,465.42089108910886
123.2,465.7702
123.3,465.64419999999996
123.4,465.7056
123.5,465.77439999999996
123.6,465.70415841584156
123.7,465.76300000000003
123.8,465.8058
123.9,465.7478
124.0,465.87653465346534
124.1,465.9655
124.2,465.6885
124.3,465.6575
124.4,465.609504950495
124.5,465.60159999999996
124.6,465.6384
124.7,465.6023762376238
124.8,465.6678
124.9,465.9176
125.0,465.83820000000003
125.1,465.7803
125.2,465.79445544554454
125.3,465.9416
125.4,466.0184
125.5,465.94079999999997
125.6,465.9805940594059
125.7,466.0091
125.8,465.9185
125.9,465.7701
126.0,465.7831683168317
126.1,466.1
126.2,466.18
126.3,465.96
126.4,465.8705940594059
126.5,465.85019405940596
126.6,465.751
126.7,465.75
126.8,465.7698
126.9,465.98564356435645
127.0,466.0292
127.1,465.59880000000004
127.2,465.4038
127.3,465.4098
127.4,465.39059405940594
127.5,465.3609
127.6,465.60249999999996
127.7,465.81168316831685
127.8,465.8008
127.9,465.6176
128.0,465.5236
128.1,465.62559999999996
128.2,465.6775247524752
128.3,465.6515
128.4,465.669
128.5,465.7076237623762
128.6,465.7006
128.7,465.324
128.8,465.72327920792077
128.9,465.61038217821783
129.0,465.6558
129.1,465.5763
129.2,465.5886
129.3,465.6360396039604
129.4,465.98040000000003
129.5,466.0376
129.6,466.02160000000003
129.7,466.03821782178215
129.8,465.67599999999993
129.9,465.65829009900995
130.0,465.6600297029703
130.1,465.687
130.2,466.1219999999999
130.3,466.2234653465347
130.4,465.98969999999997
130.5,465.9422
130.6,466.0201
130.7,466.06524752475246
130.8,466.0612
130.9,466.104
131.0,466.0748
131.1,466.1316
131.2,465.69102574257425
131.3,465.53428712871283
131.4,465.5374
131.5,465.93149999999997
131.6,465.9204
131.7,465.9187
131.8,465.89415841584156
131.9,465.847
132.0,465.9346
132.1,465.8818811881188
132.2,466.0485
132.3,466.165
132.4,466.1205
132.5,465.79019801980195
132.6,465.7384
132.7,465.67280000000005
132.8,465.7348514851485
132.9,466.082
133.0,466.05039999999997
133.1,466.1039603960396
133.2,465.9396
133.3,465.9328
133.4,465.9482
133.5,466.0245306930693
133.6,466.1130316831683
133.7,466.1867
133.8,466.11089999999996
133.9,465.894798019802
134.0,465.809900990099
134.1,465.72800000000007
134.2,466.23799999999994
134.3,466.354
134.4,466.38168316831684
134.5,466.2557
134.6,466.10940000000005
134.7,466.08000000000004
134.8,466.1346
134.9,466.26700000000005
135.0,466.3624
135.1,466.5190099009901
135.2,466.12110000000007
135.3,466.0285
135.4,465.9864811881188
135.5,465.9623287128713
135.6,466.0056
135.7,465.9901960784314
135.8,465.97984705882357
135.9,465.8542
136.0,466.0517821782179
136.1,466.1254
136.2,466.1346
136.3,466.03049999999996
136.4,466.0044554455445
136.5,466.0388
136.6,466.0068
136.7,466.22524752475243
136.8,466.249
136.9,466.1916
137.0,465.9173
137.1,465.65534653465346
137.2,465.632
137.3,466.105
137.4,466.272
137.5,466.26
137.6,466.4256
137.7,466.29990000000004
137.8,466.40811881188125
137.9,466.5408
138.0,466.56
138.1,466.56
138.2,466.519603960396
138.3,466.1046999999999
138.4,465.93679999999995
138.5,466.06940594059404
138.6,466.0376
138.7,466.0098
138.8,465.7956
138.9,465.68
139.0,465.6996039603961
139.1,465.71
139.2,466.1519999999999
139.3,466.3575
139.4,466.35287128712866
139.5,466.25759999999997
139.6,466.1296
139.7,466.1284
139.8,466.2652
139.9,466.38702970297027
140.0,466.42
140.1,466.45742574257423
140.2,466.17620000000005
140.3,466.0272
140.4,466.0066
140.5,466.00480000000005
140.6,466.04455445544556
140.7,466.0356
140.8,465.9163
140.9,465.9768316831683
141.0,465.952
141.1,465.928
141.2,465.906
141.3,465.8581188118812
141.4,465.8795
141.5,465.9649
141.6,466.01
141.7,466.0274
141.8,466.01099999999997
141.9,465.8798
142.0,465.8
142.1,465.75435742574257
142.2,465.68010000000004
142.3,465.83810000000005
142.4,465.94010000000003
142.5,465.8528871287129
142.6,465.7764
142.7,465.7332
142.8,465.7312
142.9,465.66159999999996
143.0,465.62772277227725
143.1,465.6225
143.2,465.545
143.3,465.29099999999994
143.4,465.12
143.5,465.2712
143.6,465.4
143.7,465.3568
143.8,465.3146534653465
143.9,465.3153
144.0,465.2617
144.1,465.3478
144.2,465.4857425742574
144.3,465.4584
144.4,465.446
144.5,465.2692079207921
144.6,465.0698
144.7,465.04470000000003
144.8,465.2595000000001
144.9,465.53554455445544
145.0,465.735
145.1,465.825
145.2,465.89
145.3,466.01
145.4,466.00019999999995
145.5,466.0194
145.6,466.04510000000005
145.7,466.03514851485147
145.8,465.83799999999997
145.9,465.6252
146.0,465.51544554455444
146.1,465.4329
146.2,465.7661
146.3,466.4232297029704
146.4,467.031499009901
146.5,467.4848
146.6,467.943
146.7,468.43584158415837
146.8,468.8545000000001
146.9,469.269
147.0,470.10299999999984
147.1,471.00649999999996
147.2,471.1253465346535
147.3,470.83519999999993
147.4,470.63960000000003
147.5,470.7208
147.6,470.6990099009901
147.7,471.0198999999998
147.8,471.88970000000006
147.9,472.3187128712871
148.0,472.29
148.1,472.3026
148.2,472.75663366336636
148.3,473.48070000000007
148.4,473.6031
148.5,473.5623
148.6,473.6287128712871
148.7,473.45200000000006
148.8,472.6799999999999
148.9,472.1
149.0,472.2250891089109
149.1,472.3737188118812
149.2,472.0758000000001
149.3,471.3893999999999
149.4,471.0795
149.5,471.08297029702976
149.6,471.0248
149.7,471.04179999999997
149.8,471.3760000000001
149.9,471.83257425742573
150.0,471.4851999999999
150.1,470.8004
150.2,470.76577368421056
150.3,470.8023
150.4,470.8008
150.5,470.76544554455444
150.6,470.85339999999997
150.7,471.47079999999994
150.8,472.1795999999998
150.9,471.64673267326737
151.0,472.0657
151.1,472.27559999999994
151.2,472.7596039603959
151.3,473.534
151.4,473.586
151.5,473.566
151.6,473.5004356435644
151.7,473.05610891089134
151.8,472.0571
151.9,472.22120000000007
152.0,472.5347524752475
152.1,472.174
152.2,471.8174
152.3,470.9166
152.4,470.8242574257426
152.5,470.8866
152.6,471.0179
152.7,471.75346534653465
152.8,471.812
152.9,471.6403999999999
153.0,470.96320000000003
153.1,470.9592
153.2,470.85475247524755
153.3,471.0570000000002
153.4,472.13950000000006
153.5,472.62299999999993
153.6,472.7520792079208
153.7,472.43539999999996
153.8,472.6574000000001
153.9,473.4413861386139
154.0,473.4643
154.1,473.5483
154.2,473.4804
154.3,473.40049999999997
154.4,472.31762376237623
154.5,471.8524
154.6,472.4796
154.7,472.08000000000004
154.8,471.7578217821782
154.9,470.9923
155.0,470.9278
155.1,470.9166
155.2,470.96019801980196
155.3,470.9858076923079
155.4,471.9748076923077
155.5,471.98339999999996
155.6,471.3848
155.7,470.99297029702973
155.8,471.0365
155.9,470.9985
156.0,471.59299999999996
156.1,472.59752475247524
156.2,472.57679999999993
156.3,473.1791999999998
156.4,472.22217821782186
156.5,472.775
156.6,473.2573
156.7,473.17240000000004
156.8,473.2488
156.9,473.2058415841584
157.0,473.03999999999985
157.1,471.5779999999999
157.2,471.9678
157.3,471.85940594059406
157.4,471.82399999999996
157.5,471.2255
157.6,470.7804
157.7,470.8187128712872
157.8,470.69
157.9,470.77
158.0,471.46
158.1,471.5986138613861
158.2,471.3525
158.3,470.67679999999984
158.4,470.660198019802
158.5,470.6698
158.6,470.6406
158.7,470.64979999999997
158.8,471.75119009901005
158.9,471.7897089108911
159.0,471.37289999999996
159.1,471.74799999999993
159.2,471.7697
159.3,472.98250000000013
159.4,472.99118811881186
159.5,472.9516
159.6,472.9788
159.7,472.9324752475248
159.8,472.02724752475245
159.9,471.714
160.0,472.09900000000005
160.1,472.19599999999997
160.2,472.1717821782178
160.3,470.94765544554457
160.4,470.84180000000003
160.5,470.8398138613861
160.6,470.7377
160.7,471.9362376237623
160.8,472.35280000000006
160.9,472.98720000000014
161.0,473.1136
161.1,472.12712871287147
161.2,473.0400999999998
161.3,473.1673
161.4,473.1791
161.5,473.2520792079208
161.6,473.26
161.7,472.08100000000024
161.8,471.635
161.9,471.29533663366334
162.0,471.9543633663367
162.1,472.04
162.2,470.9186000000003
162.3,470.8329594059406
162.4,470.86638811881187
162.5,470.782
162.6,470.8756
162.7,471.7876
162.8,471.8751485148515
162.9,471.9396
163.0,470.93210000000005
163.1,470.719702970297
163.2,470.7616
163.3,471.0710000000001
163.4,471.4435643564357
163.5,471.55100000000004
163.6,471.5005
163.7,470.682079207921
163.8,470.5048
163.9,470.4664
164.0,471.15720000000005
164.1,471.7141584158416
164.2,472.1153999999999
164.3,472.48710000000005
164.4,472.19663366336636
164.5,472.99739999999997
164.6,473.2228
164.7,473.1644
164.8,473.1992
164.9,473.3155445544554
165.0,472.58670000000006
165.1,471.97260000000006
165.2,472.7285999999999
165.3,472.48441980198004
165.4,472.259603960396
165.5,471.2700000000001
165.6,471.0227927927928
165.7,471.0614
165.8,471.4352475247526
165.9,471.8380000000001
166.0,471.97720000000004
166.1,471.3100000000002
166.2,470.77230000000003
166.3,470.6767
166.4,470.6934
166.5,471.39653465346544
166.6,472.16580000000005
166.7,472.72319999999996
166.8,472.74316831683166
166.9,472.7965
167.0,473.3835
167.1,473.6665
167.2,473.72148514851483
167.3,473.7756
167.4,473.7324
167.5,473.0346534653466
167.6,472.6853821782178
167.7,472.57140000000004
167.8,472.34509999999995
167.9,471.9044554455445
168.0,471.18780000000004
168.1,470.9048
168.2,471.29819999999995
168.3,471.69574257425745
168.4,471.84880000000004
168.5,471.8983
168.6,471.45099009900986
168.7,470.982
168.8,470.81600000000003
168.9,471.30800000000005
169.0,472.17588118811886
169.1,472.65663366336634
169.2,472.66740000000004
169.3,472.7398
169.4,473.23710000000005
169.5,473.7419801980198
169.6,473.9174
169.7,473.9126
169.8,473.9
169.9,473.48079207920796
170.0,472.60570000000007
170.1,472.61889999999994
170.2,472.81320000000005
170.3,472.4221782178217
170.4,471.53359999999986
170.5,470.982
170.6,471.0048
170.7,471.0291663551402
170.8,471.47267757009354
170.9,471.9347
171.0,471.9304
171.1,471.3472277227722
171.2,470.7596
171.3,470.722
171.4,470.66519999999997
171.5,471.3776237623763
171.6,472.1606
171.7,472.55420000000004
171.8,472.6903999999999
171.9,472.8141
172.0,473.45772277227724
172.1,473.51480000000004
172.2,473.4592
172.3,473.4838
172.4,473.4954
172.5,472.8979207920793
172.6,472.43749999999994
172.7,472.45650000000006
172.8,472.1009554455445
172.9,471.72213861386126
173.0,470.98720000000003
173.1,470.7016
173.2,470.76257425742574
173.3,471.08830000000006
173.4,471.69620000000003
173.5,471.8814
173.6,471.6206
173.7,471.1665346534654
173.8,470.94960000000003
173.9,470.88
174.0,471.0942
174.1,471.68108910891095
174.2,472.1228
174.3,472.211
174.4,472.0787613861386
174.5,472.25508910891085
174.6,472.90999999999997
174.7,472.896
174.8,472.95184158415844
174.9,472.96106039603956
175.0,472.8727
175.1,472.4127000000001
175.2,471.70540000000005
175.3,471.9945544554457
175.4,472.64700000000005
175.5,472.6222
175.6,472.4338
175.7,472.8485564356434
175.8,473.566525223951
175.9,473.68329523809524
176.0,473.7244
176.1,473.6541584158416
176.2,473.62
176.3,473.1177999999999
176.4,471.9101
176.5,471.59950495049503
176.6,471.185
176.7,470.689
176.8,470.391
176.9,470.282
177.0,470.24
177.1,470.21680000000003
177.2,470.15999999999997
177.3,470.1658
177.4,470.139801980198
177.5,470.04
177.6,470.28919999999994
177.7,470.80524752475253
177.8,470.3854999999999
177.9,470.103
178.0,470.02729999999997
178.1,470.01732673267327
178.2,469.9996
178.3,469.983
178.4,470.030297029703
178.5,470.20250000000004
178.6,470.55
178.7,470.26000000000005
178.8,470.1050495049505
178.9,470.1116
179.0,470.17519999999996
179.1,470.1816
179.2,470.25237623762376
179.3,470.2462
179.4,470.453
179.5,471.185
179.6,470.70663366336635
179.7,470.4142
179.8,470.5
179.9,470.4912
180.0,470.47742574257427
180.1,470.5358
180.2,470.5263
180.3,470.8314000000002
180.4,471.7382178217821
180.5,471.132
180.6,471.18199999999985
180.7,471.822
180.8,471.87712871287135
180.9,472.44233396226423
181.0,473.3804075471698
181.1,473.33820000000003
181.2,473.447
181.3,473.2184158415841
181.4,472.2108
181.5,471.8356
181.6,471.65158415841586
181.7,471.0568
181.8,471.00940000000014
181.9,471.3711891089109
182.0,470.4022871287129
182.1,470.345
182.2,470.389
182.3,470.386
182.4,470.4449504950495
182.5,470.49
182.6,470.4855
182.7,470.4391
182.8,470.41574257425737
182.9,470.29960000000005
183.0,470.64160000000004
183.1,470.6520792079208
183.2,470.5628
183.3,470.6014
183.4,470.61653465346535
183.5,470.5724
183.6,470.6106
183.7,470.62475247524753
183.8,470.74300000000017
183.9,471.53100000000006
184.0,470.98841584158413
184.1,471.1739999999999
184.2,471.74800000000005
184.3,471.72178217821795
184.4,472.2749000000001
184.5,473.0776
184.6,473.0036
184.7,473.1164
184.8,472.9640594059404
184.9,471.7892
185.0,471.74699999999996
185.1,471.5898000000001
185.2,471.0913861386138
185.3,471.16290000000004
185.4,471.44269999999995
185.5,470.7192
185.6,470.6390099009901
185.7,470.54
185.8,470.64
185.9,470.55
186.0,470.58
186.1,470.5973913043478
186.2,470.5236842105263
186.3,471.36850000000015
186.4,470.82148514851474
186.5,470.58079999999995
186.6,470.686
186.7,470.7436
186.8,470.6499485148515
186.9,470.69645049504953
187.0,470.67679999999996
187.1,470.6617
187.2,471.0500999999999
187.3,471.220396039604
187.4,471.24
187.5,471.4204
187.6,471.7847524752475
187.7,471.9491
187.8,472.6747000000002
187.9,473.07489999999996
188.0,473.1624
188.1,473.1379207920792
188.2,472.83400000000006
188.3,471.9039999999998
188.4,471.594
188.5,471.5858415841584
188.6,471.13970000000006
188.7,471.44659999999993
188.8,471.1728999999999
188.9,470.6867326732673
189.0,470.5254
189.1,470.5802
189.2,470.61544554455446
189.3,470.5815
189.4,470.6316
189.5,470.5961
189.6,471.0831683168317
189.7,470.97400000000005
189.8,470.6772
189.9,470.61
190.0,470.655
190.1,470.61
190.2,470.59000000000003
190.3,470.63455445544554
190.4,470.613
190.5,470.6444
190.6,471.2593999999999
190.7,471.36742574257426
190.8,471.3446
190.9,471.7953000000001
191.0,472.0038
191.1,472.46811881188125
191.2,473.19374545454536
191.3,473.4627454545455
191.4,473.4514
191.5,472.98740000000004
191.6,472.2434653465348
191.7,471.92560000000003
191.8,471.71479999999997
191.9,471.38259999999997
192.0,471.1036
192.1,470.4664356435643
192.2,470.34999999999997
192.3,470.72
192.4,470.974
192.5,471.044
192.6,471.022
192.7,471.058
192.8,471.04247524752475
192.9,471.0395
193.0,471.4022
193.1,471.80940594059405
193.2,471.62840000000006
193.3,471.05039999999997
193.4,470.6392
193.5,470.5529702970297
193.6,470.54150000000004
193.7,470.6739
193.8,471.26880000000017
193.9,471.8670297029704
194.0,472.03319999999997
194.1,471.992
194.2,472.00919999999996
194.3,472.5833663366338
194.4,473.5260000000001
194.5,473.90700000000004
194.6,474.07059405940595
194.7,474.17600000000004
194.8,473.8762
194.9,473.822
195.0,473.78891089108913
195.1,473.481
195.2,473.2976
195.3,472.2689
195.4,471.37950495049506
195.5,471.37
195.6,471.04240000000004
195.7,470.7504
195.8,470.98138613861397
195.9,470.79729999999995
196.0,470.48629999999997
196.1,470.5449
196.2,470.55514851485145
196.3,470.59000000000003
196.4,470.615
196.5,470.915
196.6,471.5299999999999
196.7,471.8253465346535
196.8,471.3723366336633
196.9,470.8859
197.0,470.791
197.1,470.75455445544554
197.2,471.10599999999994
197.3,471.5756
197.4,471.7044
197.5,471.7009900990099
197.6,471.1912
197.7,470.6494
197.8,470.59889999999996
197.9,470.5629
198.0,471.0841
198.1,471.6020792079208
198.2,471.39520000000005
198.3,470.94159999999994
198.4,470.6317821782178
198.5,470.628
198.6,470.6185
198.7,470.80277227722763
198.8,471.25160000000005
198.9,471.43919999999997
199.0,471.02160000000003
199.1,470.53128712871285
199.2,470.49850000000004
199.3,470.50440000000003
199.4,470.5672
199.5,471.0759000000001
199.6,471.8834
199.7,472.10425742574256
199.8,472.0806
199.9,472.0904
200.0,472.60100000000006
200.1,473.22663366336633
200.2,473.28279999999995
200.3,473.3136
200.4,473.3064
200.5,472.9159
200.6,472.08861386138614
200.7,471.746
200.8,471.808
200.9,471.918
201.0,471.49800000000005
201.1,470.7747524752475
201.2,470.6912
201.3,470.7712
201.4,470.7888
201.5,470.82189999999997
201.6,471.23273069306924
201.7,471.633601980198
201.8,471.2863999999999
201.9,470.8324
202.0,470.801
202.1,470.78881188118817
202.2,470.77930000000003
202.3,471.00497425742583
202.4,471.7550534653466
202.5,472.2188
202.6,472.2952
202.7,472.3364
202.8,472.71160000000003
202.9,473.462
203.0,473.6332
203.1,473.68850693069305
203.2,473.6465
203.3,473.4159999999999
203.4,472.68850000000003
203.5,472.1345
203.6,472.1488118811881
203.7,472.0798
203.8,471.66899999999987
203.9,470.81574257425746
204.0,470.6234
204.1,470.6232
204.2,470.64340000000004
204.3,470.82277227722784
204.4,471.2776
204.5,471.4
204.6,471.1504000000001
204.7,470.60400000000004
204.8,470.58267326732675
204.9,470.61310000000003
205.0,470.6014
205.1,470.96299999999997
205.2,472.0366999999999
205.3,472.3038207920792
205.4,472.1711089108911
205.5,472.523
205.6,472.752
205.7,473.45599999999996
205.8,473.866
205.9,473.8250594059406
206.0,473.8836920792079
206.1,473.5949
206.2,472.5296
206.3,471.99
206.4,471.93544554455445
206.5,471.8793333333333
206.6,471.9937491749175
206.7,471.4543158415843
206.8,470.8451
206.9,470.7828
207.0,470.8227722772277
207.1,470.8894
207.2,471.3818
207.3,471.86199999999997
207.4,471.5356
207.5,470.84356435643565
207.6,470.895
207.7,470.801
207.8,470.824
207.9,470.9346534653465
208.0,471.6303999999999
208.1,472.3492
208.2,472.08680000000004
208.3,472.01158415841587
208.4,472.0665000000001
208.5,472.61439999999993
208.6,473.0821
208.7,473.14730000000003
208.8,473.0591089108911
208.9,473.0177999999999
209.0,472.4025999999999
209.1,471.5558
209.2,471.8434
209.3,472.0082178217822
209.4,471.91729999999995
209.5,471.64239999999995
209.6,470.8894
209.7,470.83029999999997
209.8,470.8672277227723
209.9,471.59
210.0,471.7
210.1,471.74
210.2,471.58000000000004
210.3,470.62950495049483
210.4,470.57050000000004
210.5,470.4809
210.6,471.69044653465335
210.7,471.8570316831683
210.8,472.4186000000001
210.9,471.97919999999993
211.0,472.581287128713
211.1,472.5612
211.2,472.657
211.3,472.5159405940594
211.4,472.558
211.5,472.56
211.6,471.3312000000002
211.7,471.136
211.8,470.5977227722772
211.9,470.228
212.0,469.46899999999994
212.1,469.34450000000004
212.2,469.5469306930693
212.3,470.218
212.4,470.1472
212.5,470.187
212.6,470.2088
212.7,470.1634653465347
212.8,470.2344
212.9,470.6585
213.0,471.2722168316831
213.1,471.4304316831683
213.2,471.486
213.3,470.69879999999984
213.4,470.7128
213.5,470.67445544554454
213.6,470.6973
213.7,470.7637
213.8,471.29257425742577
213.9,471.737
214.0,471.15899999999993
214.1,471.5890099009901
214.2,471.7568
214.3,472.0993
214.4,473.11010000000005
214.5,473.33574257425744
214.6,473.3148
214.7,473.31
214.8,472.9228
214.9,472.0692
215.0,471.96827722772275
215.1,471.50005841584164
215.2,471.5866
215.3,471.8884000000001
215.4,470.9295
215.5,470.61469999999997
215.6,470.6683
215.7,470.7058415841584
215.8,470.7014
215.9,470.7258
216.0,470.6612
216.1,471.31415841584146
216.2,471.515
216.3,470.8584999999999
216.4,470.7825
216.5,470.78158415841585
216.6,470.738
216.7,470.73
216.8,470.68140495867766
216.9,470.62091570247935
217.0,471.4315999999999
217.1,471.56090000000006
217.2,471.1878217821783
217.3,471.4930000000001
217.4,471.709
217.5,471.9318
217.6,472.7123999999999
217.7,473.131
217.8,473.1624
217.9,473.19455445544554
218.0,472.5511999999999
218.1,471.9592
218.2,471.77680000000004
218.3,471.3639999999999
218.4,471.3557
218.5,471.6773227722773
218.6,471.10978217821776
218.7,470.654
218.8,470.578
218.9,470.59000000000003
219.0,470.5765346534654
219.1,470.54589999999996
219.2,470.5972
219.3,470.9663
219.4,471.2767
219.5,470.9776356435643
219.6,470.66615841584155
219.7,470.6722
219.8,470.76168316831684
219.9,470.7259
220.0,470.7498
220.1,471.00379999999996
220.2,471.7484999999999
220.3,472.02899999999994
220.4,471.5839603960395
220.5,471.6984
220.6,472.0472
220.7,472.1109227722772
220.8,472.7989059405942
220.9,473.42150000000004
221.0,473.392
221.1,473.36356435643563
221.2,472.67640000000017
221.3,471.8818
221.4,471.7516
221.5,471.39199999999994
221.6,471.0325742574257
221.7,471.6306999999998
221.8,471.4798
221.9,470.84699459945995
222.0,470.85
222.1,470.85004257425743
222.2,470.8837722772277
222.3,470.9426
222.4,470.9474
222.5,471.3084158415842
222.6,471.881
222.7,471.56280000000004
222.8,471.0569
222.9,471.05722772277227
223.0,471.012
223.1,471.044
223.2,470.96
223.3,471.2220000000001
223.4,472.00199999999995
223.5,472.26
223.6,472.02059405940594
223.7,471.93
223.8,472.20690000000013
223.9,472.94030000000004
224.0,473.37138613861384
224.1,473.36699999999996
224.2,473.4714
224.3,473.1664356435642
224.4,472.3932
224.5,471.9937
224.6,471.7262
224.7,471.60779999999977
224.8,472.02243663366335
224.9,471.3730693069307
225.0,470.778
225.1,470.7812
225.2,470.7442574257426
225.3,470.7875
225.4,470.862
225.5,471.171
225.6,471.59299999999996
225.7,471.2923762376238
225.8,470.68539999999996
225.9,470.5668
226.0,470.56640000000004
226.1,470.57702970297026
226.2,470.6104
226.3,470.6224
226.4,471.12020000000007
226.5,471.5223000000001
226.6,471.1580198019801
226.7,471.46239999999995
226.8,471.664
226.9,472.04280000000017
227.0,472.9648
227.1,473.028
227.2,472.9821782178218
227.3,472.9215
227.4,472.3296999999999
227.5,471.5376
227.6,471.3674
227.7,470.94460000000004
227.8,471.0076000000001
227.9,471.2740594059405
228.0,470.32599999999996
228.1,470.167
228.2,470.093
228.3,470.09999999999997
228.4,470.0884
228.5,470.0774
228.6,470.4013861386138
228.7,471.23999999999995
228.8,471.3731999999999
228.9,470.95239999999995
229.0,471.3868
229.1,471.5084
229.2,472.0132871287128
229.3,472.82984455445546
229.4,472.9019
229.5,472.84760000000006
229.6,472.5818000000001
229.7,471.9353000000001
229.8,471.45759999999996
229.9,471.22689999999994
230.0,470.8319801980198
230.1,470.7502
230.2,470.3122000000002
230.3,469.5812
230.4,469.85980000000006
230.5,470.4154198019802
230.6,470.43992574257425
230.7,470.3925
230.8,470.445
230.9,470.47019801980196
231.0,470.41720000000004
231.1,470.4472
231.2,470.4652
231.3,470.63772277227724
231.4,471.05830000000003
231.5,470.45
231.6,470.4660089108911
231.7,470.5001227722772
231.8,470.4344
231.9,470.4588
232.0,470.47039603960394
232.1,470.39972523364486
232.2,470.40643738317755
232.3,470.41779999999994
232.4,470.2508
232.5,470.4372415841584
232.6,470.41601386138615
232.7,470.39779999999996
232.8,470.44742574257424
232.9,470.4384
233.0,470.5084
233.1,470.55920000000003
233.2,470.6261386138614
233.3,471.7133
233.4,471.7103
233.5,471.5404
233.6,472.1154891089109
233.7,472.2057425742574
233.8,472.64800000000014
233.9,473.253
234.0,473.1919801980198
234.1,473.2217
234.2,473.2473000000001
234.3,472.2378217821781
234.4,471.496
234.5,471.39959999999996
234.6,470.8176
234.7,470.82247524752466
234.8,471.15799999999996
234.9,470.6007
235.0,470.6072
235.1,470.57415841584157
235.2,470.6291207920792
235.3,470.6164
235.4,470.563
235.5,470.6118
235.6,470.669702970297
235.7,471.11800000000005
235.8,470.6909999999999
235.9,470.5190297029703
236.0,470.5010099009901
236.1,470.5248
236.2,470.40160000000003
236.3,470.4424
236.4,470.49564356435644
236.5,470.4232999999998
236.6,471.51469999999995
236.7,471.9690000000001
236.8,471.30514851485157
236.9,471.80420000000004
237.0,472.0104
237.1,472.0581999999997
237.2,473.44024285714283
237.3,473.4523214285714
237.4,473.54932142857143
237.5,473.0919999999999
237.6,472.1043564356435
237.7,471.73190000000005
237.8,471.59319999999997
237.9,471.1706
238.0,471.61346534653467
238.1,471.4864
238.2,470.844
238.3,470.6984
238.4,470.69
238.5,470.7596
238.6,470.7352
238.7,470.7213
238.8,470.7720277227723
238.9,470.67673069306926
239.0,470.746
239.1,470.53640000000007
239.2,470.40599603960396
239.3,470.441
239.4,470.416
239.5,470.4185
239.6,470.4285
239.7,470.413
239.8,470.427
239.9,470.7785
240.0,471.17941089108916
240.1,471.24835247524754
240.2,471.4515999999999
240.3,471.94360000000006
240.4,472.12239999999997
240.5,472.1486495049505
240.6,472.99700396039606
240.7,473.6181999999999
240.8,473.6021
240.9,473.39099009900985
241.0,472.571
241.1,472.072
241.2,471.8442
241.3,471.3715841584157
241.4,471.1728
241.5,471.1905
241.6,471.1676
241.7,470.8552475247525
241.8,470.87600000000003
241.9,470.812
242.0,470.86199999999997
242.1,470.89560396039604
242.2,470.8368207920792
242.3,470.8437
242.4,470.85759615384615
242.5,471.25749999999994
242.6,471.06
242.7,470.74950495049507
242.8,470.6134
242.9,470.61220000000003
243.0,470.5238
243.1,470.49
243.2,470.5411
243.3,470.4651
243.4,470.4299277227723
243.5,470.40840000000003
243.6,470.7024
243.7,470.856
243.8,470.8413425742574
243.9,471.1571168316832
244.0,471.4036
244.1,471.5068
244.2,472.19029999999987
244.3,472.673
244.4,472.6967326732673
244.5,472.404
244.6,471.68800000000005
244.7,471.255
244.8,471.21486138613864
244.9,470.8498861386139
245.0,470.5489
245.1,470.5452
245.2,470.07320000000004
245.3,470.01560000000006
245.4,470.1452
245.5,470.11534653465344
245.6,470.1172
245.7,470.1776
245.8,470.1388
245.9,470.19752475247526
246.0,470.2668
246.1,470.76239999999996
246.2,470.77220000000005
246.3,470.31159999999994
246.4,470.11346534653467
246.5,470.13300000000004
246.6,470.1038
246.7,470.0668
246.8,470.12600000000003
246.9,470.11418811881185
247.0,470.68149999999997
247.1,471.0585
247.2,471.01200000000006
247.3,471.27247524752477
247.4,471.6704
247.5,471.8256
247.6,472.10613861386133
247.7,472.71359999999993
247.8,472.9989
247.9,473.0349504950495
248.0,472.66560000000004
248.1,471.8410000000001
248.2,471.44280000000003
248.3,471.14990099009896
248.4,470.79699999999997
248.5,470.6434
248.6,470.7951485148515
248.7,471.042
248.8,471.08799999999997
248.9,471.38079207920794
249.0,471.7829
249.1,471.851
249.2,472.31149999999985
249.3,473.0018495049505
249.4,473.1760336633663
249.5,473.1648
249.6,472.90000000000003
249.7,472.1616831683169
249.8,471.7073
249.9,471.39209999999997
250.0,471.39519999999993
250.1,471.85650198019795
250.2,471.7428435643565
250.3,471.0723999999999
250.4,470.79321188118814
250.5,470.77586633663367
250.6,470.7675
250.7,471.17499999999984
250.8,471.55050000000006
250.9,471.61633663366337
251.0,471.4086
251.1,470.86359999999996
251.2,470.76851485148507
251.3,471.2468
251.4,471.55240000000003
251.5,471.6006
251.6,471.60475247524755
251.7,471.26200000000006
251.8,470.82
251.9,470.9912
252.0,471.48138613861386
252.1,471.6798
252.2,471.6496
252.3,471.16589999999985
252.4,470.65435643564354
252.5,470.59000000000003
252.6,471.05499999999984
252.7,471.7130693069306
252.8,472.1403
252.9,472.30649999999997
253.0,472.28821782178215
253.1,472.5756
253.2,472.8488
253.3,472.8656
253.4,472.9212871287129
253.5,472.9671
253.6,472.8595
253.7,472.7003326732673
253.8,472.3658792079207
253.9,471.9696
254.0,471.61920000000003
254.1,471.04378415841586
254.2,470.86789108910887
254.3,471.3755000000001
254.4,471.7045
254.5,471.7367326732673
254.6,471.35200000000015
254.7,470.8068
254.8,470.812
254.9,471.43683168316846
255.0,472.39920000000006
255.1,472.97249999999997
255.2,473.2710000000001
255.3,473.3682178217822
255.4,473.7552
255.5,473.7774
255.6,473.8140594059406
255.7,473.8449
255.8,473.7841
255.9,473.23792079207925
256.0,472.522
256.1,472.3959999999999
256.2,472.0039603960396
256.3,471.45230000000004
256.4,470.5683
256.5,470.5383
256.6,470.7594059405943
256.7,471.1932
256.8,471.2686
256.9,471.2576
257.0,470.9802970297029
257.1,470.46299999999997
257.2,470.4518
257.3,471.00609009901024
257.4,471.79254653465347
257.5,472.04639999999995
257.6,472.31119999999993
257.7,472.3359999999999
257.8,473.05069306930693
257.9,473.084
258.0,473.124
258.1,473.1325
258.2,473.05148514851487
258.3,472.56559999999996
258.4,472.0617999999999
258.5,472.3354
258.6,471.8766336633663
258.7,471.4805999999999
258.8,470.6702
258.9,470.64306930693067
259.0,470.89719999999994
259.1,471.5464000000002
259.2,471.9096
259.3,471.90465346534654
259.4,471.6268000000003
259.5,471.1331
259.6,471.59570000000025
259.7,472.68366336633665
259.8,473.0690000000002
259.9,473.74199999999985
260.0,474.1675247524752
260.1,474.08859999999993
260.2,473.6084
260.3,473.5887
260.4,473.57611485148516
260.5,473.4732
260.6,473.1947999999999
260.7,472.5369663366337
260.8,472.2172930693069
260.9,471.64360000000005
261.0,471.10220000000004
261.1,470.2833663366337
261.2,470.35900000000004
261.3,470.69138613861395
261.4,471.34749999999997
261.5,471.3875
261.6,471.1649999999998
261.7,470.5725
261.8,470.440198019802
261.9,470.7399999999999
262.0,471.93039999999996
262.1,472.21720000000005
262.2,472.6413861386139
262.3,472.8342000000001
262.4,473.37419999999986
262.5,473.9243564356437
262.6,474.40420000000006
262.7,474.7407999999998
262.8,475.7004
262.9,475.66992475247537
263.0,474.6111217821782
263.1,474.2996999999999
263.2,473.86969999999997
263.3,473.32209999999986
263.4,472.3594000000003
263.5,471.68
263.6,471.68399999999997
263.7,471.5540000000001
263.8,470.84199999999976
263.9,470.363801980198
264.0,470.4790198019802
264.1,470.43370000000004
264.2,470.81759999999997
264.3,471.6487128712871
264.4,471.6162
264.5,471.6108000000001
264.6,471.19824554455437
264.7,470.95813564356433
264.8,471.103
264.9,471.8517
265.0,471.8736
265.1,471.90128712871285
265.2,471.56760000000025
265.3,470.84080000000006
265.4,471.08465346534626
265.5,471.8075
265.6,471.85900000000004
265.7,471.87881188118814
265.8,471.58099999999996
265.9,470.8514
266.0,470.93280000000004
266.1,471.41881188118816
266.2,471.647
266.3,471.55089999999996
266.4,471.37950000000023
266.5,470.62570000000005
266.6,470.5853465346536
266.7,471.1268
266.8,472.3764
266.9,472.6252
267.0,473.0157425742574
267.1,472.9848000000001
267.2,473.601
267.3,473.6735
267.4,473.5443564356435
267.5,473.586
267.6,473.59199999999976
267.7,473.13128712871287
267.8,472.8628
267.9,472.7504000000002
268.0,472.31129999999996
268.1,471.84782178217813
268.2,471.1012
268.3,471.0008
268.4,471.06599999999986
268.5,471.72900990099004
268.6,471.9521
268.7,471.9086
268.8,470.9495
268.9,470.80649999999997
269.0,470.7558415841584
269.1,470.7246000000001
269.2,471.17719999999974
269.3,472.24680000000006
269.4,472.4886138613862
269.5,472.1615
269.6,472.428
269.7,473.3465
269.8,473.4660396039604
269.9,473.39119999999997
270.0,473.42
270.1,473.40279999999996
270.2,472.9844554455446
270.3,472.84700000000004
270.4,472.7395
270.5,472.3859000000001
270.6,471.9008999999996
270.7,470.96059405940593
270.8,470.985
270.9,471.2417999999997
271.0,471.8209900990099
271.1,471.8704
271.2,471.9016000000002
271.3,471.0658999999999
271.4,470.66128712871284
271.5,470.79
271.6,472.33
271.7,472.62
271.8,473.19
271.9,473.18009900990097
272.0,473.6750000000001
272.1,473.66020000000003
272.2,473.659901980198
272.3,473.76780792079205
272.4,473.7112
272.5,473.7688
272.6,472.3339603960394
272.7,472.581
272.8,472.11469999999997
272.9,471.8284000000001
273.0,470.8643099009901
273.1,470.6380158415841
273.2,470.5532
273.3,471.4428000000004
273.4,471.9362376237624
273.5,471.95050000000003
273.6,471.6935
273.7,471.1438613861388
273.8,471.0912
273.9,471.03360000000004
274.0,472.1204000000003
274.1,472.58480000000014
274.2,472.84267326732675
274.3,473.06460000000004
274.4,472.56850000000003
274.5,473.1531
274.6,473.3209
274.7,473.37603960396035
274.8,473.3248
274.9,473.366
275.0,472.35799999999983
275.1,472.47039603960405
275.2,472.3899
275.3,471.84310000000005
275.4,471.3713099009902
275.5,470.6098217821782
275.6,470.45799999999997
275.7,470.711
275.8,471.25300000000004
275.9,471.25653465346534
276.0,471.33009999999996
276.1,470.86829999999986
276.2,470.58750000000003
276.3,470.7009900990099
276.4,471.6088
276.5,471.95000000000005
276.6,472.5724752475249
276.7,472.9122999999999
276.8,472.9239
276.9,472.89390000000003
277.0,472.8465
277.1,472.8313861386139
277.2,472.8386
277.3,472.15200000000004
277.4,471.5756000000001
277.5,470.99260000000004
277.6,471.25910891089114
277.7,470.4274999999999
277.8,470.1255
277.9,470.1255
278.0,470.12149999999997
278.1,469.97549999999995
278.2,470.0265
278.3,470.4441287128715
278.4,470.70521188118806
278.5,470.80719999999997
278.6,470.28689108910885
278.7,470.0302801980198
278.8,470.0498
278.9,470.0351
279.0,470.46160000000003
279.1,471.50450000000006
279.2,471.61716435643564
279.3,471.84644554455457
279.4,471.78520000000003
279.5,472.4078000000002
279.6,473.0575881188121
279.7,473.2187504950495
279.8,473.2624
279.9,473.2538
280.0,472.8693
280.1,472.04290000000003
280.2,471.7809
280.3,471.3734455445544
280.4,471.6561980198018
280.5,471.33399999999995
280.6,470.5179999999998
280.7,470.38792079207917
280.8,470.32875445544556
280.9,470.3732
281.0,470.68229999999994
281.1,471.2340000000002
281.2,471.4463524752475
281.3,471.2359128712871
281.4,470.70980000000026
281.5,470.619
281.6,470.6531683168317
281.7,470.6061
281.8,471.19830000000024
281.9,471.95178217821785
282.0,472.0388
282.1,472.0252
282.2,472.1212
282.3,472.99277227722797
282.4,473.24
282.5,473.2075
282.6,473.26750000000004
282.7,473.31970297029704
282.8,472.73060000000004
282.9,472.37940000000003
283.0,472.7222
283.1,472.38376237623754
283.2,472.1443
283.3,471.20019999999977
283.4,470.8526277227723
283.5,470.8859722772277
283.6,470.8424
283.7,471.4175999999999
283.8,471.7212871287129
283.9,471.7074
284.0,470.9870999999999
284.1,470.5793
284.2,470.48782178217823
284.3,470.7080000000001
284.4,471.2719999999999
284.5,471.56800000000004
284.6,471.9927821782181
284.7,471.78000891089107
284.8,472.1827
284.9,472.63128712871276
285.0,472.6316
285.1,472.6716
285.2,472.75079999999997
285.3,472.50742574257436
285.4,471.9780000000002
285.5,472.048
285.6,472.18
285.7,472.1070297029703
285.8,471.40339999999986
285.9,470.9346000000001
286.0,470.8898
286.1,470.8411881188119
286.2,470.823
286.3,471.37600000000015
286.4,471.6765
286.5,471.3615000000001
286.6,470.8360396039604
286.7,470.6144
286.8,470.6384
286.9,470.5384
287.0,471.3148000000001
287.1,472.0688118811882
287.2,472.5260999999999
287.3,472.35349999999994
287.4,472.5846999999998
287.5,473.16760000000005
287.6,473.3411
287.7,473.34871287128715
287.8,473.3104
287.9,473.3482
288.0,472.68320000000006
288.1,472.1300514851484
288.2,472.04270396039607
288.3,471.8103999999999
288.4,471.3223000000002
288.5,470.6740871287129
288.6,470.382
288.7,470.388
288.8,470.58600000000007
288.9,471.0999999999999
289.0,471.4312871287129
289.1,471.2263
289.2,470.86120000000005
289.3,470.7536
289.4,470.6882762376238
289.5,470.8445168316832
289.6,471.5278000000003
289.7,471.9796
289.8,472.29100000000005
289.9,472.1552000000001
290.0,472.3334653465346
290.1,472.9706000000002
290.2,473.2086
290.3,473.2114
290.4,473.2368742574257
290.5,473.0596435643564
290.6,472.4395999999998
290.7,472.2099999999999
290.8,472.16319999999996
290.9,471.9392
291.0,471.5439603960397
291.1,470.8389999999998
291.2,470.4755
291.3,470.469
291.4,470.4927821782178
291.5,471.18565742574253
291.6,471.86340000000007
291.7,471.9708
291.8,471.91594851485144
291.9,472.2521534653464
292.0,472.9868999999999
292.1,473.2929
292.2,473.2914851485149
292.3,473.3252
292.4,473.304
292.5,472.7651999999999
292.6,472.05831683168304
292.7,471.6615000000001
292.8,471.3064
292.9,471.140300990099
293.0,470.9184653465347
293.1,470.745
293.2,470.78499999999997
293.3,470.74029702970296
293.4,470.7394
293.5,470.7308
293.6,471.0183000000002
293.7,471.6365346534652
293.8,471.8436
293.9,471.49080000000004
294.0,470.97
294.1,470.6339603960396
294.2,470.5688
294.3,470.69810000000007
294.4,471.0445762376237
294.5,471.3325207920792
294.6,471.1215999999998
294.7,470.5034000000001
294.8,470.1246
294.9,470.0656
295.0,469.99455445544555
295.1,470.65700000000044
295.2,471.6535
295.3,472.010297029703
295.4,472.0984
295.5,472.1696
295.6,472.70760000000024
295.7,473.20663366336635
295.8,473.25419999999997
295.9,473.2844999999999
296.0,473.34019801980196
296.1,472.7497999999997
296.2,472.07399999999996
296.3,472.2362
296.4,472.1419801980199
296.5,471.7191000000001
296.6,471.13069999999993
296.7,470.6918
296.8,470.66769999999997
296.9,470.8467999999999
297.0,471.27759999999995
297.1,471.44940594059403
297.2,471.1220000000002
297.3,470.52799999999996
297.4,470.184
297.5,470.13168316831684
297.6,470.4803000000003
297.7,471.25809999999984
297.8,471.7940594059406
297.9,471.8914
298.0,471.8948
298.1,471.91940000000005
298.2,472.4740594059407
298.3,473.27110000000005
298.4,473.31219999999996
298.5,473.3315
298.6,472.8494059405936
298.7,471.9404
298.8,471.6812
298.9,471.65851485148517
299.0,471.752
299.1,471.79499999999996
299.2,471.3453465346538
299.3,470.5588
299.4,470.44
299.5,470.4502
299.6,470.6932554455449
299.7,471.1960663366337
299.8,471.3498
299.9,471.1656000000002
300.0,470.63811881188116
300.1,470.46439999999996
300.2,470.41319999999996
300.3,470.8552000000004
300.4,471.83702970297026
300.5,472.1646
300.6,472.4587999999999
300.7,472.32009999999997
300.8,472.9419801980198
300.9,473.246
301.0,473.233
301.1,473.2180000000001
301.2,473.3151485148515
301.3,472.8913999999999
301.4,471.9226
301.5,471.95752475247525
301.6,472.10519999999997
301.7,471.7856000000002
301.8,471.0932752475246
301.9,470.6786831683168
302.0,470.73810000000003
302.1,470.74109999999996
302.2,470.92524752475236
302.3,471.57
302.4,471.5128000000001
302.5,471.13419999999996
302.6,470.50440000000003
302.7,470.4522772277228
302.8,470.46000000000004
302.9,470.91749999999956
303.0,472.06499999999994
303.1,472.33000000000015
303.2,472.5393069306932
303.3,472.1652000000001
303.4,472.912
303.5,473.5081425742574
303.6,473.4951475247525
303.7,473.56850000000003
303.8,473.53000000000003
303.9,473.20207920792126
304.0,472.12739999999997
304.1,472.24019999999996
304.2,472.128592079208
304.3,471.8853316831683
304.4,471.3510000000003
304.5,470.6547
304.6,470.6995
304.7,470.8450495049506
304.8,471.59400000000005
304.9,471.762
305.0,471.63693069306936
305.1,471.20489999999995
305.2,470.9833
305.3,471.09700000000004
305.4,471.56574257425734
305.5,472.57599999999996
305.6,472.82640000000015
305.7,473.2556435643564
305.8,473.48969999999997
305.9,473.83169999999996
306.0,473.8213
306.1,473.7417821782178
306.2,473.78880000000004
306.3,473.7556000000001
306.4,473.89959999999996
306.5,473.9214851485148
306.6,473.779
306.7,473.7385000000001
306.8,473.2518861386138
306.9,473.4479445544554
307.0,473.5754
307.1,473.663
307.2,473.61861386138617
307.3,473.5852999999999
307.4,473.24060000000037
307.5,472.0425742574257
307.6,472.0828
307.7,472.2476
307.8,472.11119999999994
307.9,471.1960396039604
308.0,470.8755
308.1,471.02890000000025
308.2,471.93290396039595
308.3,472.11673267326734
308.4,472.086
308.5,472.047
308.6,471.96899999999977
308.7,471.5614851485148
308.8,472.0381
308.9,472.1209
309.0,472.1184158415841
309.1,471.9471999999998
309.2,471.37679999999995
309.3,471.79679999999996
309.4,471.7639603960396
309.5,471.803
309.6,471.7016
309.7,471.66420000000005
309.8,472.6652475247525
309.9,472.9119999999998
310.0,473.6425999999997
310.1,474.774
310.2,474.6419445544556
310.3,474.03443564356434
310.4,473.935
310.5,473.8834999999999
310.6,474.73
310.7,475.0255396039605
310.8,473.39927920792076
310.9,473.1500000000003
311.0,472.4155999999999
311.1,472.06199999999995
311.2,471.8624000000001
311.3,471.68240000000003
311.4,471.74080000000004
311.5,471.73623762376224
311.6,471.1690000000001
311.7,471.4729
311.8,471.89509999999996
311.9,472.0977999999998
312.0,473.3048514851486
312.1,472.8046
312.2,472.54220000000004
312.3,472.647
312.4,472.50619999999986
312.5,472.8258415841585
312.6,473.60029999999966
312.7,472.6376237623763
312.8,472.4
312.9,472.07
313.0,470.82
313.1,471.74
313.2,471.73
313.3,471.92
313.4,474.939801980197
313.5,476.20750000000027
313.6,476.32890000000003
313.7,478.7158999999992
313.8,480.7557772277228
313.9,481.7994574257425
314.0,483.5643999999998
314.1,485.31500000000085
314.2,485.42675049504953
314.3,485.14868217821777
314.4,482.4531000000012
314.5,481.12839999999983
314.6,479.8580999999998
314.7,477.4094059405946
314.8,474.79479999999904
314.9,473.7300000000002
315.0,472.169207920792
315.1,469.04049999999984
315.2,468.35749999999996
315.3,468.0478217821781
315.4,467.6352000000001
315.5,467.0835999999999
315.6,466.77674851485136
315.7,466.60184455445545
315.8,466.6365
315.9,466.11920000000003
316.0,465.7359
316.1,465.7468316831683
316.2,465.67640000000006
316.3,465.6148
316.4,465.6284
316.5,465.584
316.6,465.50712871287124
316.7,465.47270000000003
316.8,465.3335
316.9,465.3382
317.0,465.29449999999997
317.1,465.18989999999997
317.2,465.2255
317.3,465.15756039603957
317.4,465.15006930693073
317.5,465.195
317.6,465.164
317.7,465.15999999999997
317.8,465.2134653465347
317.9,465.1755
318.0,465.2145
318.1,465.21999999999997
318.2,465.1230693069307
318.3,465.2156
318.4,465.1508
318.5,465.1752
318.6,465.1887128712871
318.7,465.1551485148515
318.8,465.2196
318.9,465.1604
319.0,465.1930693069307
319.1,465.24300000000005
319.2,465.1812
319.3,465.21299999999997
319.4,465.22860000000003
319.5,465.1784
319.6,465.2040594059406
319.7,465.227
319.8,465.1875
319.9,465.231
320.0,465.18110495049507
320.1,465.1616
320.2,465.2104
320.3,465.178
320.4,465.17831683168316
320.5,465.21320000000003
320.6,465.1951
320.7,465.23930693069303
320.8,465.2746
320.9,465.2062
321.0,465.231
321.1,465.16693069306933
321.2,465.1824376237624
321.3,465.24670000000003
321.4,465.2114
321.5,465.2882178217822
321.6,465.286
321.7,465.232
321.8,465.244
321.9,465.282
322.0,465.274
322.1,465.3254455445545
322.2,465.2768
322.3,465.2837
322.4,465.30564356435644
322.5,465.2242
322.6,465.278
322.7,465.2922
322.8,465.2592910891089
322.9,465.3039
323.0,465.3508
323.1,465.3447524752475
323.2,465.3628
323.3,465.3092
323.4,465.28999999999996
323.5,465.3425227722773
323.6,465.2775247524752
323.7,465.34
323.8,465.39250000000004
323.9,465.3625
324.0,465.38
324.1,465.40500000000003
324.2,465.38772277227724
324.3,465.4241801980198
324.4,465.41831683168317
324.5,465.3956
324.6,465.4404
324.7,465.3664
324.8,465.34425742574257
324.9,465.3642
325.0,465.2777
325.1,465.2826
325.2,465.2929702970297
325.3,465.27599999999995
325.4,465.305
325.5,465.278
325.6,465.22534653465345
325.7,465.2721
325.8,465.2172
325.9,465.2145
326.0,465.2576
326.1,465.18029999999993
326.2,465.16732673267325
326.3,465.1868
326.4,465.15600000000006
326.5,465.208
326.6,465.219801980198
326.7,465.1631
326.8,465.1869
326.9,465.14300000000003
327.0,465.11
327.1,465.1299673267327
327.2,465.0144653465347
327.3,464.92359999999996
327.4,464.9034
327.5,464.801
327.6,464.7564693069307
327.7,464.7145
327.8,464.638
327.9,464.63599999999997
328.0,464.6175
328.1,464.60643564356434
328.2,464.64850693069303
328.3,464.6188
328.4,464.57732673267327
328.5,464.5826
328.6,464.53329999999994
328.7,464.54409999999996
328.8,464.5762376237624
328.9,464.549
329.0,464.56719999999996
329.1,464.6024
329.2,464.62227722772275
329.3,464.6605
329.4,464.6556
329.5,464.6827
329.6,464.7462376237624
329.7,464.752
329.8,464.81800000000004
329.9,464.88188118811877
330.0,464.8664
330.1,464.8854
330.2,464.8864
330.3,464.9054
330.4,464.9477
330.5,464.9366920792079
330.6,464.96072475247524
330.7,465.00739999999996
330.8,464.9446
330.9,464.93059999999997
331.0,464.9542574257426
331.1,464.92719999999997
331.2,464.9442
331.3,464.9301
331.4,464.93989999999997
331.5,465.00950495049506
331.6,464.9839999999999
331.7,464.9736
331.8,465.0224
331.9,464.9784
332.0,464.9909900990099
332.1,465.062
332.2,465.047
332.3,465.086
332.4,465.0905
332.5,465.05
332.6,465.0665
332.7,465.0363811881188
332.8,465.01615445544553
332.9,465.0678
333.0,465.03520000000003
333.1,465.0124
333.2,465.05609306930694
333.3,465.00100693069305
333.4,465.0195
333.5,465.0688
333.6,465.03409999999997
333.7,465.0619801980198
333.8,465.0792
333.9,465.0704
334.0,465.1112
334.1,465.0885148514851
334.2,465.0502
334.3,465.11609999999996
334.4,465.11950495049507
334.5,465.115
334.6,465.155
334.7,465.1402504950495
334.8,465.1741
334.9,465.1906
335.0,465.16
335.1,465.18940000000003
335.2,465.1666336633664
335.3,465.11
335.4,465.134
335.5,465.11199999999997
335.6,465.09326732673264
335.7,465.1676
335.8,465.16769999999997
335.9,465.1388
336.0,465.1412
336.1,465.1385069306931
336.2,465.15999999999997
336.3,465.137
336.4,465.0963366336634
336.5,465.1025
336.6,465.09849999999994
336.7,465.0825
336.8,465.1367326732673
336.9,465.1568
337.0,465.1664
337.1,465.1824
337.2,465.1730693069307
337.3,465.2115
337.4,465.2271
337.5,465.2355445544555
337.6,465.2826
337.7,465.24960000000004
337.8,465.21360000000004
337.9,465.2432
338.0,465.2158415841584
338.1,465.2223
338.2,465.2277
338.3,465.2264
338.4,465.270297029703
338.5,465.272
338.6,465.25800000000004
338.7,465.3039603960396
338.8,465.2593
338.9,465.2073
339.0,465.2422
339.1,465.2183
339.2,465.2156
339.3,465.2168316831683
339.4,465.1876
339.5,465.2228
339.6,465.222
339.7,465.1938613861386
339.8,465.2574
339.9,465.23300000000006
340.0,465.21439999999996
340.1,465.2935900990099
340.2,465.27441980198023
340.3,465.2588
340.4,465.274
340.5,465.2171287128713
340.6,465.237
340.7,465.2185
340.8,465.1982574257426
340.9,465.28026534653463
341.0,465.2592
341.1,465.197
341.2,465.25379999999996
341.3,465.2629702970297
341.4,465.21309999999994
341.5,465.2402
341.6,465.1802
341.7,465.1628712871287
341.8,465.1844
341.9,465.1364
342.0,465.1756
342.1,465.20439999999996
342.2,465.17217821782174
342.3,465.2169
342.4,465.19450000000006
342.5,465.19100000000003
342.6,465.2630693069307
342.7,465.27
342.8,465.282
342.9,465.27400000000006
343.0,465.219702970297
343.1,465.2813
343.2,465.2484
343.3,465.2316
343.4,465.26
343.5,465.24039999999997
343.6,465.2124
343.7,465.2588
343.8,465.2133663366336
343.9,465.1916
344.0,465.2068
344.1,465.08459999999997
344.2,465.07
344.3,465.0284
344.4,464.91519999999997
344.5,464.91959999999995
344.6,464.85653465346536
344.7,464.7675
344.8,464.78999999999996
344.9,464.76250000000005
345.0,464.70227722772273
345.1,464.7532
345.2,464.69280000000003
345.3,464.6844
345.4,464.7132
345.5,464.6671287128713
345.6,464.69
345.7,464.66010000000006
345.8,464.56690000000003
345.9,464.5992
346.0,464.6162
346.1,464.60220000000004
346.2,464.7008
346.3,464.6813861386139
346.4,464.7376
346.5,464.7934
346.6,464.78760000000005
346.7,464.8631128712871
346.8,464.9036217821782
346.9,464.8905
347.0,464.9363
347.1,464.94544554455445
347.2,464.902
347.3,464.956
347.4,464.986
347.5,465.0179207920792
347.6,465.0538
347.7,465.0869683168317
347.8,465.1654
347.9,465.1864
348.0,465.17539999999997
348.1,465.2054
348.2,465.23
348.3,465.2283
348.4,465.2234
348.5,465.2434
348.6,465.2667326732673
348.7,465.28880000000004
348.8,465.238
348.9,465.2816
349.0,465.2820792079208
349.1,465.2475
349.2,465.28700000000003
349.3,465.27
349.4,465.27
349.5,465.2685
349.6,465.26300000000003
349.7,465.2861108910891
349.8,465.313
349.9,465.27139999999997
350.0,465.2856
350.1,465.3075247524752
350.2,465.2378
350.3,465.2822
350.4,465.2287
350.5,465.2265
350.6,465.25584158415836
350.7,465.166
350.8,465.2052
350.9,465.1628
351.0,465.1159405940594
351.1,465.1644
351.2,465.189
351.3,465.111
351.4,465.2033
351.5,465.2234653465346
351.6,465.1820000000001
351.7,465.282
351.8,465.216
351.9,465.27396039603957
352.0,465.2992
352.1,465.1954
352.2,465.2581
352.3,465.33019801980197
352.4,465.23879999999997
352.5,465.3392
352.6,465.3212871287128
352.7,465.2291
352.8,465.3444
352.9,465.2686
353.0,465.2548514851485
353.1,465.31579999999997
353.2,465.2506
353.3,465.2582
353.4,465.22285940594065
353.5,465.11071782178215
353.6,465.132
353.7,465.168
353.8,465.13599999999997
353.9,465.25
354.0,465.2512
354.1,465.2824
354.2,465.3372
354.3,465.2727722772278
354.4,465.34189603960397
354.5,465.39700000000005
354.6,465.3003
354.7,465.31118811881186
354.8,465.3486
354.9,465.28099999999995
355.0,465.32939999999996
355.1,465.30059405940597
355.2,465.3311
355.3,465.4391
355.4,465.3511
355.5,465.460099009901
355.6,465.47
355.7,465.45
355.8,465.46
355.9,465.440198019802
356.0,465.3905
356.1,465.41970000000003
356.2,465.4398
356.3,465.4105940594059
356.4,465.4982
356.5,465.451
356.6,465.4791089108911
356.7,465.5091
356.8,465.4809
356.9,465.54789999999997
357.0,465.5306
357.1,465.48199999999997
357.2,465.5184
357.3,465.43359999999996
357.4,465.4204
357.5,465.42
357.6,465.382
357.7,465.437
357.8,465.43059405940596
357.9,465.36420000000004
358.0,465.46340000000004
358.1,465.4606
358.2,465.413
358.3,465.4565346534654
358.4,465.4321
358.5,465.4393920792079
358.6,465.50439207920795
358.7,465.43640000000005
358.8,465.476
358.9,465.52554455445545
359.0,465.4117
359.1,465.49100000000004
359.2,465.53639999999996
359.3,465.5039603960396
359.4,465.5899999999999
359.5,465.555
359.6,465.532
359.7,465.5656435643564
359.8,465.4899
359.9,465.4711
360.0,465.5412
360.1,465.39869999999996
360.2,465.4328712871287
360.3,465.4312
360.4,465.35167128712874
360.5,465.4270514851485
360.6,465.39649999999995
360.7,465.32910000000004
360.8,465.40613861386134
360.9,465.3512
361.0,465.3142
361.1,465.3186
361.2,465.20930693069306
361.3,465.2155
361.4,465.1945
361.5,465.0625
361.6,465.09950000000003
361.7,465.0763366336634
361.8,464.9776
361.9,464.98519999999996
362.0,464.9068316831683
362.1,464.88166633663366
362.2,464.8883
362.3,464.8153
362.4,464.7668
362.5,464.81768910891094
362.6,464.73158217821776
362.7,464.7838
362.8,464.841
362.9,464.8828
363.0,464.8981188118812
363.1,464.9405
363.2,464.9824
363.3,464.9495
363.4,465.04425742574256
363.5,465.062
363.6,464.988
363.7,465.09
363.8,465.112
363.9,465.1179207920792
364.0,465.1753
364.1,465.1979
364.2,465.2079
364.3,465.289
364.4,465.2474257425743
364.5,465.3392
364.6,465.3856
364.7,465.273
364.8,465.3249504950495
364.9,465.3192
365.0,465.2407
365.1,465.2809900990099
365.2,465.2924
365.3,465.2748
365.4,465.3156
365.5,465.2464
365.6,465.2884
365.7,465.38599999999997
365.8,465.29712871287126
365.9,465.3125
366.0,465.36
366.1,465.325
366.2,465.37
366.3,465.3675
366.4,465.3375
366.5,465.36727722772275
366.6,465.32817425742576
366.7,465.3544
366.8,465.4292
366.9,465.39820000000003
367.0,465.44594059405944
367.1,465.5065
367.2,465.447
367.3,465.4492
367.4,465.47445544554455
367.5,465.4872
367.6,465.4972
367.7,465.4424
367.8,465.42698613861387
367.9,465.4441712871287
368.0,465.3861
368.1,465.3742
368.2,465.4581
368.3,465.4545
368.4,465.4684
368.5,465.4448514851485
368.6,465.47900000000004
368.7,465.486
368.8,465.459
368.9,465.4707920792079
369.0,465.4938
369.1,465.47929999999997
369.2,465.46999999999997
369.3,465.45633663366334
369.4,465.40240000000006
369.5,465.45480000000003
369.6,465.43559999999997
369.7,465.43719999999996
369.8,465.4704
369.9,465.43240000000003
370.0,465.4712
370.1,465.46633663366333
370.2,465.4031
370.3,465.4202
370.4,465.4735
370.5,465.42366336633665
370.6,465.4164
370.7,465.39700000000005
370.8,465.4064
370.9,465.4266
371.0,465.3907920792079
371.1,465.4155
371.2,465.4465
371.3,465.38551485148514
371.4,465.36276435643566
371.5,465.43399999999997
371.6,466.23160000000007
371.7,468.59153267326667
371.8,472.410319801981
371.9,488.1964999999941
372.0,536.9671000000062
372.1,589.2097029703176
372.2,649.5023999999985
372.3,707.4903999999988
372.4,761.4855999999867
372.5,823.1857425742655
372.6,872.1128000000082
372.7,925.8122999999996
372.8,980.4339603960573
372.9,1022.7579999999957
373.0,1035.1740000000004
373.1,1032.6419999999996
373.2,1030.94
373.3,1028.8546534653465
373.4,1031.7777999999994
373.5,1031.6251999999995
373.6,1031.4600000000003
373.7,1031.8876000000002
373.8,1027.258999999999
373.9,1023.3376237623768
374.0,1024.0564000000004
374.1,1026.4856000000009
374.2,1024.2120000000011
374.3,1022.0782178217822
374.4,1023.7390999999994
374.5,1024.1347
374.6,1027.3363000000024
374.7,1031.2188
374.8,1030.9190990099044
374.9,1023.6300079208016
375.0,1022.5540000000001
375.1,1034.1096000000043
375.2,1043.5555999999985
375.3,1046.2492
375.4,1039.201584158418
375.5,1041.7839999999992
375.6,1043.0539999999974
375.7,1045.6184999999991
375.8,1046.8613069306966
375.9,1040.9839445544571
376.0,1040.9645999999998
376.1,1040.4801999999993
376.2,1039.7586138613856
376.3,1039.9750999999997
376.4,1041.4911999999995
376.5,1042.9159386138615
376.6,1041.5071524752473
376.7,1038.4888000000008
376.8,1037.5852000000002
376.9,1044.197199999998
377.0,1047.613168316831
377.1,1046.1648000000002
377.2,1046.0124000000003
377.3,1044.9515
377.4,1044.2344554455447
377.5,1043.0349999999999
377.6,1042.7200000000005
377.7,1046.405
377.8,1047.3799999999999
377.9,1047.0755940594045
378.0,1062.8553970297014
378.1,1075.208999999999
378.2,1082.176799999999
378.3,1082.4626772277234
378.4,1080.1984990099058
378.5,1089.8623999999998
378.6,1081.1067999999962
378.7,1082.8839999999975
378.8,1086.4083999999962
378.9,1083.1020792079212
379.0,1074.8440999999948
379.1,1054.5814999999996
379.2,1052.9386000000002
379.3,1051.3768316831677
379.4,1052.319799999999
379.5,1053.9951999999998
379.6,1054.399702970299
379.7,1055.682
379.8,1055.545
379.9,1053.8925000000015
380.0,1049.8884999999998
380.1,1051.4946831683178
380.2,1054.4934099009902
380.3,1054.1576
380.4,1053.0712000000008
380.5,1053.6576
380.6,1058.0568712871302
380.7,1060.5213679716596
380.8,1057.7504029702966
380.9,1055.4934999999982
381.0,1060.5723000000003
381.1,1059.9222999999977
381.2,1054.1457425742574
381.3,1056.195200000002
381.4,1060.4812
381.5,1058.3856000000005
381.6,1052.443999999999
381.7,1047.4192079207937
381.8,1043.0119
381.9,1049.9172277227694
382.0,1052.7150000000006
382.1,1049.1449999999993
382.2,1044.5490000000013
382.3,1036.1155445544525
382.4,1030.3285999999996
382.5,1033.5438999999997
382.6,1035.1735643564357
382.7,1033.3760000000007
382.8,1032.3884000000005
382.9,1034.3600000000001
383.0,1033.8555405940594
383.1,1033.093810891088
383.2,1030.2481000000002
383.3,1031.1616999999997
383.4,1037.6830693069305
383.5,1037.6801999999998
383.6,1036.8680000000004
383.7,1038.0113326732674
383.8,1038.5685396039617
383.9,1042.3299999999995
384.0,1041.3900000000012
384.1,1035.8625000000018
384.2,1039.9993069306934
384.3,1039.0212000000001
384.4,1040.5284
384.5,1041.0295049504948
384.6,1038.5021000000004
384.7,1039.1920000000011
384.8,1035.3141999999998
384.9,1034.3516831683166
385.0,1037.3683999999998
385.1,1046.3906000000006
385.2,1046.3776000000007
385.3,1042.4922000000001
385.4,1040.432475247525
385.5,1039.2358000000004
385.6,1039.1539999999973
385.7,1027.5896999999989
385.8,1014.7358999999981
385.9,1002.6703960395994
386.0,1007.7420000000022
386.1,990.0359999999955
386.2,982.731683168314
386.3,992.4246999999978
386.4,977.1709999999999
386.5,972.2121999999999
386.6,968.5766336633674
386.7,984.1611999999985
386.8,989.5832000000003
386.9,991.9776237623742
387.0,999.1493999999996
387.1,1003.0667
387.2,1002.1701980198021
387.3,1000.775600000001
387.4,1006.2191999999999
387.5,1005.9539999999994
387.6,1002.4420792079202
387.7,1001.0454999999987
387.8,1007.5200000000001
387.9,1005.1516831683174
388.0,1001.4768000000001
388.1,1002.1403999999997
388.2,999.9682
388.3,998.343069306931
388.4,1001.2934999999993
388.5,1003.9808999999999
388.6,1004.7432
388.7,1004.2316792079212
388.8,1002.9435841584159
388.9,1003.1536000000001
389.0,1002.0328000000001
389.1,1002.9483168316831
389.2,1000.2399000000003
389.3,999.7501000000007
389.4,1002.5316831683164
389.5,1003.5430000000003
389.6,998.3659999999993
389.7,997.0008910891087
389.8,997.6679999999996
389.9,994.2801999999997
390.0,994.9373544554454
390.1,994.6295524752487
390.2,996.9584000000008
390.3,992.6900000000006
390.4,994.2300871287125
390.5,996.1823267326733
390.6,997.3068
390.7,995.8093
390.8,997.8003347877161
390.9,999.8683898305078
391.0,998.1474156737708
391.1,1006.2740000000002
391.2,1008.3439999999999
391.3,1005.1682574257418
391.4,1004.0882970297032
391.5,1001.9380999999996
391.6,1000.0639999999995
391.7,999.3226435643564
391.8,996.6772000000002
391.9,996.6297999999999
392.0,998.6335999999998
392.1,993.5405999999973
392.2,989.5435643564351
392.3,990.7425000000003
392.4,986.5620000000021
392.5,992.0569702970283
392.6,993.952764356436
392.7,991.3684000000006
392.8,999.3508000000033
392.9,998.4248000000005
393.0,1001.4580198019804
393.1,1000.3024999999998
393.2,1002.1775999999999
393.3,1001.3783999999999
393.4,1001.9910891089106
393.5,1001.0401999999997
393.6,1002.0118000000004
393.7,1001.6240000000003
393.8,1003.1199999999999
393.9,1007.0396999999995
394.0,999.7052000000001
394.1,987.7379000000001
394.2,995.4725999999986
394.3,997.0941584158414
394.4,996.3100000000003
394.5,989.175999999999
394.6,991.8540000000013
394.7,987.3441584158427
394.8,980.1425000000007
394.9,989.7984999999967
395.0,996.8607920792084
395.1,998.1014
395.2,998.4732
395.3,1005.5276000000011
395.4,1005.8682178217827
395.5,1005.4823999999999
395.6,1008.2512000000008
395.7,1013.0585999999989
395.8,1013.4418811881187
395.9,1010.5300000000003
396.0,1011.2632000000002
396.1,1011.5869306930692
396.2,1007.3375000000016
396.3,1005.8275
396.4,1005.9897524752475
396.5,1006.7560376237624
396.6,1006.9778
396.7,1004.8462000000002
396.8,999.0532000000003
396.9,1000.4085148514832
397.0,995.4836999999998
397.1,994.2547000000003
397.2,993.4984999999999
397.3,991.9813861386133
397.4,989.7096000000004
397.5,986.6068000000005
397.6,989.8056000000016
397.7,990.9132000000001
397.8,988.3176237623761
397.9,993.6618999999994
398.0,999.7048000000005
398.1,996.6174049504934
398.2,1000.0977227722755
398.3,1006.5860000000009
398.4,1010.9489999999992
398.5,1012.2440594059407
398.6,1011.4467999999995
398.7,1008.5591
398.8,1005.595445544554
398.9,1003.6044000000006
399.0,1000.7647999999998
399.1,996.1779999999987
399.2,990.484000000002
399.3,990.3506930693064
399.4,990.3926000000004
399.5,986.3921000000005
399.6,987.7958000000015
399.7,994.3219801980204
399.8,993.7709999999993
399.9,992.8961999999996
400.0,996.7051999999998
400.1,999.8914851485156
400.2,998.6380000000005
400.3,1003.5140000000018
400.4,1002.846000000001
400.5,981.3770000000052
400.6,966.7632673267328
400.7,969.9219999999989
400.8,966.6959999999993
400.9,959.2524000000008
401.0,964.4648000000008
401.1,972.0392251794004
401.2,962.8883333333346
401.3,952.9035000000001
401.4,965.0300990098897
401.5,980.7709999999993
401.6,985.8094000000003
401.7,989.4843999999996
401.8,993.0494000000003
401.9,994.2604950495048
402.0,996.4825999999995
402.1,1000.1623000000006
402.2,1002.8267999999998
402.3,1005.008316831683
402.4,1005.0668000000004
402.5,1004.4924
402.6,1004.1084158415838
402.7,1000.7563000000013
402.8,997.1000999999999
402.9,996.6857999999997
403.0,994.8589999999997
403.1,990.2998019801962
403.2,987.5350000000001
403.3,981.585
403.4,979.988910891086
403.5,982.8566000000001
403.6,983.4310000000007
403.7,983.3665000000001
403.8,985.6751485148543
403.9,988.8892000000001
404.0,988.1196
404.1,987.9819999999999
404.2,989.0988118811881
404.3,990.7259999999999
404.4,991.8137999999996
404.5,993.0529702970296
404.6,992.6815999999998
404.7,992.0266000000001
404.8,992.8420000000002
404.9,993.671485148515
405.0,993.5545000000001
405.1,994.7125000000003
405.2,994.9572277227722
405.3,995.5996000000007
405.4,992.4580000000027
405.5,987.542
405.6,987.6731683168312
405.7,987.4031
405.8,988.9858999999999
405.9,992.1048999999983
406.0,995.4048514851487
406.1,996.0215999999998
406.2,996.9166205128199
406.3,999.7070512820515
406.4,1000.7973267326724
406.5,1004.6426930693053
406.6,1008.6331999999995
406.7,1005.27
406.8,1005.5689108910891
406.9,1000.2416000000034
407.0,982.3573999999941
407.1,957.8852999999992
407.2,957.9374999999968
407.3,964.0296039603916
407.4,949.7490000000001
407.5,951.3735999999999
407.6,961.6676633663348
407.7,955.4867722772171
407.8,935.7605000000032
407.9,961.4155999999981
408.0,972.3637623762424
408.1,997.2199999999989
408.2,995.5419999999992
408.3,1000.6160000000004
408.4,1001.3968316831687
408.5,1000.9283
408.6,1003.8466
408.7,1003.7927999999999
408.8,1004.1560396039607
408.9,1008.2762000000009
409.0,1005.8180000000002
409.1,1005.8932000000005
409.2,1007.7032673267328
409.3,1006.6756
409.4,1001.6888000000002
409.5,998.6222772277229
409.6,996.5427999999993
409.7,992.5324000000006
409.8,990.2979999999993
409.9,986.7779207920793
410.0,986.9939999999999
410.1,988.2050000000006
410.2,989.489
410.3,988.7525000000005
410.4,984.0642574257427
410.5,983.6268000000003
410.6,989.3170000000003
410.7,991.6123999999999
410.8,990.3238000000003
410.9,995.2573247524737
411.0,997.220271287128
411.1,990.1673999999986
411.2,986.0157999999997
411.3,988.1399772277244
411.4,991.6026099009919
411.5,985.2131999999998
411.6,993.0092000000003
411.7,996.0577227722772
411.8,994.4873999999994
411.9,992.3872999999993
412.0,994.8407920792085
412.1,996.9099999999986
412.2,994.6189999999995
412.3,999.1649999999998
412.4,999.9669999999996
412.5,1002.9299999999998
412.6,1004.9075000000003
412.7,1005.732299999999
412.8,997.5707920792074
412.9,993.6963999999995
413.0,997.065199999998
413.1,1008.093999999998
413.2,1003.494554455445
413.3,1005.4166999999998
413.4,1003.4426000000005
413.5,1015.684653465346
413.6,1003.2156000000011
413.7,1007.7255999999958
413.8,1022.7465999999988
413.9,1019.060792079206
414.0,1025.844
414.1,1022.2779999999999
414.2,1025.0790099009903
414.3,1021.5360000000014
414.4,1029.3491999999978
414.5,1034.4807999999982
414.6,1025.8660000000011
414.7,1031.5759405940612
414.8,1026.8882999999998
414.9,1027.5001
415.0,1027.9017455445555
415.1,1019.9179544554462
415.2,1021.5059999999999
415.3,1019.8213999999998
415.4,1018.7347524752516
415.5,1010.147599999998
415.6,1018.8202
415.7,1018.718109900993
415.8,1006.8391089108973
415.9,1025.65
416.0,1017.69
416.1,1036.8899999999999
416.2,1024.2761386138654
416.3,1038.8614000000034
416.4,1043.8807999999983
416.5,1045.7586088495411
416.6,1049.5422743362824
416.7,1055.2044554455454
416.8,1053.8389999999995
416.9,1049.8275000000017
417.0,1052.8025000000005
417.1,1048.1211881188096
417.2,1049.2367999999997
417.3,1051.866000000001
417.4,1051.2587128712871
417.5,1049.6140999999998
417.6,1048.3738
417.7,1047.765
417.8,1039.2567326732644
417.9,1037.7087999999999
418.0,1034.9409999999993
418.1,1037.2265346534655
418.2,1041.8770999999995
418.3,1042.5913
418.4,1045.2453999999996
418.5,1047.1435999999999
418.6,1044.7694059405935
418.7,1045.2699999999995
418.8,1047.1440000000002
418.9,1045.0845544554459
419.0,1025.1798000000024
419.1,1028.813200000004
419.2,1025.0077227722766
419.3,1035.1092000000021
419.4,1029.2984000000051
419.5,1030.1875247524742
419.6,1034.205300000001
419.7,1034.3454000000002
419.8,1042.7517000000028
419.9,1040.1710000000014
420.0,1048.4341584158415
420.1,1048.754
420.2,1043.7328000000005
420.3,1046.5736633663378
420.4,1044.5275000000013
420.5,1044.3575
420.6,1045.5500000000004
420.7,1041.3845544554463
420.8,1042.4966
420.9,1043.2820000000002
421.0,1040.8398000000002
421.1,1044.9455445544563
421.2,1047.3705
421.3,1043.6214999999988
421.4,1043.7632999999992
421.5,1049.0507920792065
421.6,1047.888742857142
421.7,1047.4687142857142
421.8,1049.3860000000004
421.9,1051.3559405940596
422.0,1051.0943999999997
422.1,1036.445499999997
422.2,1055.6468999999947
422.3,1049.9619801980082
422.4,1050.5015999999932
422.5,1070.9808000000014
422.6,1066.347128712863
422.7,1059.2613999999999
422.8,1063.6761000000001
422.9,1059.4703000000027
423.0,1065.4383168316865
423.1,1056.3755999999912
423.2,1041.6412000000003
423.3,1041.7476
423.4,1040.778372277228
423.5,1040.5560544554455
423.6,1038.8809999999987
423.7,1037.889
423.8,1037.6153762376237
423.9,1037.3849287128708
424.0,1039.5051999999998
424.1,1035.111399999998
424.2,1029.3364356435648
424.3,1028.3698
424.4,1029.3070999999998
424.5,1030.8576999999998
424.6,1034.1459405940593
424.7,1036.0776000000003
424.8,1034.2399999999998
424.9,1033.3129742574256
425.0,1032.8804811881187
425.1,1034.3773000000015
425.2,1033.9969000000012
425.3,1030.801782178218
425.4,1033.3549999999982
425.5,1036.38
425.6,1033.7626732673261
425.7,1032.5574
425.8,1035.601400000001
425.9,1040.1081999999983
426.0,1038.2575247524771
426.1,1033.8548
426.2,1038.5747999999992
426.3,1044.2872000000004
426.4,1036.7267326732667
426.5,1035.9437000000028
426.6,1039.0026999999977
426.7,1025.1298455445583
426.8,1026.6172732673285
426.9,1028.895800000003
427.0,1019.8998
427.1,1017.481399999998
427.2,1012.7660000000008
427.3,1006.8980198019808
427.4,1002.7329999999998
427.5,1001.2634999999998
427.6,998.9205
427.7,997.1981188118805
427.8,991.2755999999974
427.9,985.2656000000006
428.0,983.3848
428.1,979.4473267326701
428.2,979.6449999999995
428.3,986.3910999999999
428.4,988.7630999999989
428.5,988.8199000000002
428.6,988.8306000000011
428.7,992.2009900990099
428.8,993.0798000000003
428.9,995.4709999999986
429.0,1001.112799999999
429.1,1005.5518811881186
429.2,1004.9490000000001
429.3,1003.4676999999997
429.4,1001.9690762376238
429.5,1001.0499405940593
429.6,1002.3820000000006
429.7,1005.2600000000001
429.8,1003.4920396039597
429.9,1001.6578257425739
430.0,1002.1803
430.1,1000.1718999999983
430.2,996.8990000000002
430.3,996.5623762376238
430.4,996.6682000000003
430.5,992.5583999999998
430.6,988.6816000000015
430.7,991.9476237623761
430.8,991.2171999999998
430.9,987.6877000000027
431.0,981.854
431.1,981.1854782178217
431.2,978.182241584159
431.3,975.977200000001
431.4,983.0419999999996
431.5,987.290792079208
431.6,987.8710000000003
431.7,991.2709999999988
431.8,994.7914905660374
431.9,993.1473591190895
432.0,993.4516000000008
432.1,998.7992000000006
432.2,1001.5469306930697
432.3,1001.8307999999998
432.4,1006.1984999999995
432.5,1007.4768000000001
432.6,1006.2020792079213
432.7,1005.4725999999997
432.8,1000.5589999999999
432.9,998.5322000000009
433.0,998.5237623762384
433.1,1004.2625000000004
433.2,1004.2650000000006
433.3,1000.7154455445542
433.4,999.5224000000001
433.5,997.2600000000001
433.6,993.6584000000003
433.7,995.4047881188119
433.8,995.3986425742577
433.9,995.6836000000006
434.0,993.9006000000003
434.1,994.8673267326733
434.2,994.2846000000004
434.3,991.0078
434.4,988.1945999999998
434.5,990.0004950495046
434.6,992.0704999999996
434.7,991.3595000000004
434.8,995.0764000000003
434.9,995.6379000000028
435.0,987.0874722772261
435.1,980.1981584158443
435.2,986.3900000000001
435.3,984.8759999999982
435.4,985.1538613861346
435.5,1003.4290000000001
435.6,1004.5960999999998
435.7,1003.283168316832
435.8,1008.1222000000009
435.9,1010.3300000000015
436.0,1006.0410000000002
436.1,1005.9409900990112
436.2,1009.9327999999997
436.3,1010.8993999999999
436.4,1003.0613861386141
436.5,998.1360000000003
436.6,998.8527999999994
436.7,995.4728554455448
436.8,994.3382524752479
436.9,991.8859999999984
437.0,999.0615000000003
437.1,995.5769999999984
437.2,993.3095049504939
437.3,999.893
437.4,999.0464000000024
437.5,994.7642574257429
437.6,998.9899000000004
437.7,999.0837000000015
437.8,993.7784227722805
437.9,1002.0612871287129
438.0,1002.0779999999999
438.1,1003.5567999999998
438.2,1001.7669306930693
438.3,998.8965999999998
438.4,998.1754999999997
438.5,999.7557000000012
438.6,1005.2544554455452
438.7,1007.7109999999998
438.8,1010.0639999999997
438.9,1013.6826732673271
439.0,1009.2427999999996
439.1,1007.7163000000007
439.2,1011.6721782178222
439.3,1014.2499999999999
439.4,1013.7588000000014
439.5,1007.9732000000002
439.6,1006.1409900990087
439.7,1002.7428999999998
439.8,997.5671
439.9,996.9338613861386
440.0,994.2448000000002
440.1,993.174199999999
440.2,989.8528000000005
440.3,988.4957425742582
440.4,991.1659999999999
440.5,991.7655000000002
440.6,986.9359999999997
440.7,994.1096039603963
440.8,990.7755999999988
440.9,985.001199999997
441.0,993.0002970297032
441.1,994.3967000000026
441.2,1000.1573999999998
441.3,1001.8366999999993
441.4,1007.0131999999978
441.5,1021.461299999998
441.6,1035.3958415841537
441.7,1024.6096000000005
441.8,1031.1226000000006
441.9,1038.9426000000035
442.0,1031.7119082677498
442.1,1031.3130061892132
442.2,1029.7416379310343
442.3,1035.8350000000012
442.4,1030.9125445544475
442.5,1007.0086693069343
442.6,998.8827999999985
442.7,998.9227999999998
442.8,1000.1511881188119
442.9,1002.0216999999999
443.0,999.0316999999997
443.1,996.7564
443.2,996.1095049504952
443.3,993.8587999999993
443.4,993.9047999999998
443.5,996.0372000000007
443.6,995.4164356435643
443.7,991.8247000000003
443.8,990.4649000000001
443.9,985.5100990099033
444.0,988.0160000000005
444.1,992.2520000000009
444.2,991.5440000000007
444.3,991.288
444.4,994.4962376237618
444.5,994.8165
444.6,991.8359999999988
444.7,992.0990999999999
444.8,992.7255
444.9,993.4697554455443
445.0,995.5610435643565
445.1,998.1592000000004
445.2,999.4888
445.3,997.4917504950491
445.4,998.2212118811876
445.5,998.9741999999999
445.6,1001.5671000000008
445.7,1005.6644554455446
445.8,1012.5012000000004
445.9,1012.1260000000003
446.0,1009.0435999999999
446.1,1008.29
446.2,1004.0675000000016
446.3,1003.8750000000002
446.4,1007.8124999999987
446.5,1010.0221782178216
446.6,1008.5225999999991
446.7,1004.4660000000001
446.8,1004.2737623762379
446.9,1004.1436000000003
447.0,1005.3251000000001
447.1,1001.4061999999988
447.2,1004.7656398630517
447.3,1004.77397735849
447.4,1002.8606653465349
447.5,1001.0630346534657
447.6,997.186499999999
447.7,995.1395000000002
447.8,995.9697029702969
447.9,994.5304000000006
448.0,996.3824000000003
448.1,1002.3055445544569
448.2,1008.8360999999984
448.3,1008.9997999999997
448.4,1014.6010999999971
448.5,1020.1258415841583
448.6,1019.5529999999993
448.7,1023.3471999999997
448.8,1022.6841584158408
448.9,1022.3997999999989
449.0,1014.2460000000001
449.1,1006.3123999999993
449.2,1002.7986
449.3,1002.9748000000005
449.4,999.5325742574273
449.5,998.0299999999996
449.6,998.3839999999998
449.7,998.1779999999999
449.8,1003.1208712871305
449.9,1004.6077554455444
450.0,1002.8281999999999
450.1,1003.7552000000003
450.2,1003.8640000000003
450.3,999.2359405940576
450.4,997.2083999999996
450.5,993.3523999999991
450.6,989.828613861386
450.7,987.0834999999998
450.8,983.9331
450.9,985.2400999999992
451.0,985.7387
451.1,981.6852475247515
451.2,982.5651999999982
451.3,988.8212000000001
451.4,990.5812000000006
451.5,994.1400990098996
451.6,1000.2025000000012
451.7,997.9710000000005
451.8,992.5670000000002
451.9,992.1208910891079
452.0,992.8286
452.1,991.1819999999994
452.2,994.5515999999993
452.3,997.6778923076921
452.4,995.9196153846157
452.5,992.5046534653459
452.6,992.5331000000012
452.7,995.1751
452.8,993.9351999999994
452.9,996.6039603960379
453.0,1000.9584
453.1,1002.5172000000005
453.2,1002.5514851485148
453.3,1001.024
453.4,1001.4871999999999
453.5,1001.8195000000001
453.6,1001.5771287128713
453.7,1000.6862000000002
453.8,986.7591999999978
453.9,944.0008000000108
454.0,890.3089999999963
454.1,842.8981188118573
454.2,790.4004999999967
454.3,731.9189999999967
454.4,682.6480000000095
454.5,639.8392079207839
454.6,584.5615999999816
454.7,530.451600000001
454.8,492.8255564356353
454.9,474.446907920793
455.0,472.2078
455.1,471.7150999999999
455.2,471.25525544554455
455.3,470.83807722772275
455.4,470.5844000000001
455.5,470.35400000000004
455.6,470.11699999999996
455.7,470.00504950495053
455.8,469.9249
455.9,469.8559
456.0,469.8580782178218
456.1,469.79358415841585
456.2,469.712
456.3,469.704
456.4,469.56
456.5,469.4739603960396
456.6,469.4371
456.7,469.33880000000005
456.8,469.3095
456.9,469.27435643564354
457.0,469.1358
457.1,469.09900000000005
457.2,469.0806
457.3,469.0
457.4,469.0037
457.5,468.9656
457.6,468.9048
457.7,468.92267326732673
457.8,468.8452
457.9,468.7552
458.0,468.782
458.1,468.7356
458.2,468.71356435643565
458.3,468.6885
458.4,468.57050000000004
458.5,468.488
458.6,468.48108910891085
458.7,468.3462
458.8,468.3068
458.9,468.2588
459.0,468.14666534653463
459.1,468.1294376237623
459.2,468.02049999999997
459.3,467.9068
459.4,467.8734
459.5,467.8175247524752
459.6,467.7236
459.7,467.6876
459.8,467.63683168316834
459.9,467.65169999999995
460.0,467.6659
460.1,467.5961386138614
460.2,467.613
460.3,467.60799999999995
460.4,467.5978217821782
460.5,467.6545
460.6,467.66679999999997
460.7,467.6187
460.8,467.6342574257426
460.9,467.5892
461.0,467.5268
461.1,467.54776633663363
461.2,467.4957613861386
461.3,467.5181
461.4,467.52110000000005
461.5,467.47810000000004
461.6,467.5133663366337
461.7,467.52660000000003
461.8,467.4626
461.9,467.483
462.0,467.4942831683168
462.1,467.4275
462.2,467.4475
462.3,467.405
462.4,467.3173267326732
462.5,467.3556
462.6,467.28839999999997
462.7,467.229504950495
462.8,467.2209
462.9,467.08540000000005
463.0,467.07683168316834
463.1,467.0669999999999
463.2,466.9258
463.3,466.8421782178218
463.4,466.81640000000004
463.5,466.6753
463.6,466.6263
463.7,466.6125742574257
463.8,466.482
463.9,466.5161386138614
464.0,466.4497782178218
464.1,466.4214
464.2,466.46247524752476
464.3,466.4408
464.4,466.4954
464.5,466.5182
464.6,466.50812871287127
464.7,466.5119821782178
464.8,466.5615
464.9,466.5404
465.0,466.6502
465.1,466.68653465346534
465.2,466.6328
465.3,466.692
465.4,466.64840000000004
465.5,466.64158415841587
465.6,466.65600000000006
465.7,466.69
465.8,466.6945
465.9,466.72148514851483
466.0,466.7356
466.1,466.7854
466.2,466.8772
466.3,466.86831683168316
466.4,466.92909999999995
466.5,466.9861
466.6,466.9678
466.7,467.01613861386136
466.8,466.99
466.9,466.9936
467.0,467.00800000000004
467.1,466.92359999999996
467.2,466.95950495049505
467.3,467.0157
467.4,466.9077
467.5,466.9733
467.6,466.99559999999997
467.7,466.9665346534653
467.8,467.022
467.9,467.031
468.0,466.9618811881188
468.1,467.0673
468.2,467.03459999999995
468.3,466.9871287128713
468.4,467.05440000000004
468.5,466.99559999999997
468.6,467.06477623762373
468.7,467.11580000000004
468.8,467.0649
468.9,467.1363
469.0,467.21306930693066
469.1,467.1224
469.2,467.16356435643564
469.3,467.2115
469.4,467.0555
469.5,467.1595
469.6,467.14257425742574
469.7,467.00239999999997
469.8,467.05679999999995
469.9,466.9796
470.0,466.9723762376238
470.1,467.02729999999997
470.2,466.9421
470.3,467.01239999999996
470.4,467.08610000000004
470.5,466.9629702970297
470.6,467.0606
470.7,467.08799999999997
470.8,466.99080000000004
470.9,467.03039603960394
471.0,467.049
471.1,466.951
471.2,467.0495
471.3,466.9998
471.4,466.98109009900986
471.5,467.089900990099
471.6,467.0
471.7,467.04
471.8,467.14
471.9,467.03999999999996
472.0,467.1192079207921
472.1,467.16949999999997
472.2,467.1304
472.3,467.139801980198
472.4,467.1988
472.5,467.0726
472.6,467.14762376237627
472.7,467.11120891089104
472.8,466.98389999999995
472.9,467.03819999999996
473.0,466.9727722772277
473.1,466.9988
473.2,467.048
473.3,466.9924
473.4,466.98049504950495
473.5,467.1035
473.6,467.0245
473.7,467.039
473.8,467.1445
473.9,467.0841584158416
474.0,467.127
474.1,467.1112
474.2,467.10069306930694
474.3,467.0907
474.4,467.0621
474.5,467.0693
474.6,467.0881396039604
474.7,467.0256396039604
474.8,467.0476
474.9,467.0408
475.0,466.9756
475.1,467.0436
475.2,467.05920000000003
475.3,467.0692
475.4,467.1246534653465
475.5,467.09360000000004
475.6,467.0627
475.7,467.151
475.8,467.1327
475.9,467.1755
476.0,467.18
476.1,467.063
476.2,467.104
476.3,467.11
476.4,467.0110000000001
476.5,467.0712871287128
476.6,467.06219999999996
476.7,466.95320000000004
476.8,466.9845
476.9,466.9544
477.0,466.9676237623762
477.1,467.0052
477.2,466.93960000000004
477.3,466.9828
477.4,467.0335643564356
477.5,466.9617
477.6,467.02830000000006
477.7,467.0661
477.8,466.9308
477.9,467.0047524752475
478.0,466.9942
478.1,466.9384
478.2,467.00663366336636
478.3,466.96049999999997
478.4,466.9415
478.5,466.957
478.6,466.8926732673267
478.7,466.9136
478.8,467.02920000000006
478.9,466.93240000000003
479.0,466.94359999999995
479.1,466.9832673267327
479.2,466.8406
479.3,466.9262
479.4,466.9085
479.5,466.8087
479.6,466.79821782178215
479.7,466.78358217821784
479.8,466.71439999999996
479.9,466.7
480.0,466.60979999999995
480.1,466.5818
480.2,466.63683168316834
480.3,466.5528
480.4,466.5381
480.5,466.5562
480.6,466.47090000000003
480.7,466.46619999999996
480.8,466.4860396039604
480.9,466.434
481.0,466.44399999999996
481.1,466.42615841584154
481.2,466.3962168316832
481.3,466.3742
481.4,466.34630000000004
481.5,466.37097425742576
481.6,466.41904356435646
481.7,466.4222
481.8,466.46680000000003
481.9,466.53459999999995
482.0,466.55
482.1,466.5962
482.2,466.6639
482.3,466.6723762376238
482.4,466.746
482.5,466.732
482.6,466.72760000000005
482.7,466.7604
482.8,466.709801980198
482.9,466.74249999999995
483.0,466.775
483.1,466.7425
483.2,466.7525
483.3,466.82000000000005
483.4,466.7360396039604
483.5,466.78139999999996
483.6,466.7878
483.7,466.743
483.8,466.7744
483.9,466.7678
484.0,466.7745801980198
484.1,466.77256633663364
484.2,466.7335
484.3,466.71999999999997
484.4,466.77059405940594
484.5,466.71808316831687
484.6,466.7332
484.7,466.7788
484.8,466.7468
484.9,466.7588
485.0,466.76279999999997
485.1,466.7600574257426
485.2,466.8168
485.3,466.79740000000004
485.4,466.7871
485.5,466.8326
485.6,466.779702970297
485.7,466.85499999999996
485.8,466.88599999999997
485.9,466.81000000000006
486.0,466.843
486.1,466.898
486.2,466.81990099009903
486.3,466.8559
486.4,466.83480000000003
486.5,466.81
486.6,466.85782178217823
486.7,466.7984
486.8,466.7736
486.9,466.83439999999996
487.0,466.82633663366335
487.1,466.8435
487.2,466.8935
487.3,466.8698
487.4,466.936502970297
487.5,466.980100990099
487.6,466.9404
487.7,466.95959999999997
487.8,466.98
487.9,466.94079207920794
488.0,466.933
488.1,466.9205
488.2,466.858
488.3,466.8881782178218
488.4,466.8110574257426
488.5,466.7308
488.6,466.7072
488.7,466.61128712871295
488.8,466.5663
488.9,466.5511
489.0,466.4581
489.1,466.42247524752474
489.2,466.4301504950495
489.3,466.368
489.4,466.3486
489.5,466.329
489.6,466.2976
489.7,466.3396
489.8,466.32702970297026
489.9,466.3061
490.0,466.371
490.1,466.3738227722772
490.2,466.3739603960396
490.3,466.432
490.4,466.448
490.5,466.4637623762376
490.6,466.4741
490.7,466.46410000000003
490.8,466.4836
490.9,466.45910891089113
491.0,466.4532
491.1,466.40619999999996
491.2,466.3809009009009
491.3,466.4099252252252
491.4,466.38710000000003
491.5,466.3782
491.6,466.40069306930695
491.7,466.3345861386139
491.8,466.3068
491.9,466.3316
492.0,466.31
492.1,466.3595
492.2,466.3435
492.3,466.2815
492.4,466.31104455445546
492.5,466.2645227722772
492.6,466.25960000000003
492.7,466.35839999999996
492.8,466.35900990099003
492.9,466.2972
493.0,466.32
493.1,466.32860000000005
493.2,466.3959
493.3,466.45722772277225
493.4,466.4652
493.5,466.5378
493.6,466.5648
493.7,466.50072475247526
493.8,466.4516831683168
493.9,466.3949
494.0,466.3259
494.1,466.279
494.2,466.1585
494.3,466.04158415841584
494.4,465.992
494.5,465.96799999999996
494.6,465.998
494.7,466.10168316831675
494.8,466.1851
494.9,466.29069999999996
495.0,466.36220000000003
495.1,466.36544554455446
495.2,466.3786
495.3,466.3372
495.4,466.2962
495.5,466.25237623762376
495.6,466.1382
495.7,466.0093
495.8,465.8881999999999
495.9,465.7815
496.0,465.7243564356436
496.1,465.644
496.2,465.5800356435644
496.3,465.5905
496.4,465.56100000000004
496.5,465.4875
496.6,465.49899999999997
496.7,465.43927722772276
496.8,465.393003960396
496.9,465.346
497.0,465.29359999999997
497.1,465.32
497.2,465.2969
497.3,465.26980000000003
497.4,465.3199
497.5,465.307
497.6,465.273
497.7,465.34980198019804
497.8,465.36039999999997
497.9,465.36879999999996
498.0,465.4332
498.1,465.424
498.2,465.4124
498.3,465.4568633663366
498.4,465.4498633663366
498.5,465.4686
498.6,465.48519999999996
498.7,465.44550000000004
498.8,465.50148514851486
498.9,465.514
499.0,465.45399999999995
499.1,465.531
499.2,465.5532673267327
499.3,465.5045
499.4,465.54869999999994
499.5,465.55561485148513
499.6,465.53679999999997
499.7,465.5632
499.8,465.5284
499.9,465.57239999999996
500.0,465.616
500.1,465.594
500.2,465.6549504950495
500.3,465.693
500.4,465.6362
500.5,465.7043
500.6,465.75930693069307
500.7,465.7378
500.8,465.7522
500.9,465.71198019801983
501.0,465.675
501.1,465.71
501.2,465.69237623762376
501.3,465.742
501.4,465.7656
501.5,465.7272
501.6,465.76663366336635
501.7,465.8154
501.8,465.80920000000003
501.9,465.8536633663366
502.0,465.8868
502.1,465.8466
502.2,465.8568
502.3,465.8122
502.4,465.8243564356436
502.5,465.8169
502.6,465.7342
502.7,465.75210000000004
502.8,465.74109999999996
502.9,465.68247524752474
503.0,465.736
503.1,465.74399999999997
503.2,465.6859405940594
503.3,465.7043
503.4,465.6743
503.5,465.6688118811881
503.6,465.7392
503.7,465.69719999999995
503.8,465.74080000000004
503.9,465.7614316831683
504.0,465.6384178217821
504.1,465.6851
504.2,465.69640000000004
504.3,465.65019801980196
504.4,465.758
504.5,465.7824
504.6,465.7058415841584
504.7,465.78700000000003
504.8,465.7670297029703
504.9,465.76137029702966
505.0,465.823
505.1,465.7856
505.2,465.82421386138617
505.3,465.88146633663376
505.4,469.76599999999263
505.5,502.4626999999882
505.6,562.7945544554603
505.7,609.3623999999985
505.8,673.6104000000023
505.9,723.9578217821785
506.0,781.0702000000123
506.1,837.1796000000109
506.2,889.6383999999798
506.3,956.6342000000101
506.4,1001.7377999999919
506.5,1025.9495049504935
506.6,1020.5760000000013
506.7,1023.113
506.8,1023.81
506.9,1026.3669999999993
507.0,1030.5936633663375
507.1,1022.0448000000005
507.2,1024.5317
507.3,1024.7760000000003
507.4,1026.7644663366304
507.5,1033.4169069306922
507.6,1028.2540000000033
507.7,1036.4224000000004
507.8,1034.5616831683167
507.9,1034.063
508.0,1035.4054000000003
508.1,1041.9638999999997
508.2,1041.1451000000006
508.3,1060.6206376237637
508.4,1096.634532673253
508.5,1079.170399999995
508.6,1096.951799999996
508.7,1083.4639999999995
508.8,1086.150600000004
508.9,1099.456600000004
509.0,1087.8335999999958
509.1,1102.2189108910857
509.2,1089.9555000000012
509.3,1069.045000000001
509.4,1034.312574257426
509.5,1033.22
509.6,1033.44
509.7,1032.9104000000004
509.8,1031.658118811881
509.9,1030.167186138614
510.0,1030.714699999999
510.1,1036.1795000000018
510.2,1040.6138000000003
510.3,1038.1032
510.4,1036.6253999999997
510.5,1037.8908910891084
510.6,1041.8252
510.7,1041.1416000000002
510.8,1043.1602
510.9,1042.1257980198034
511.0,1038.9141960396048
511.1,1035.315799999999
511.2,1031.9569999999994
511.3,1034.6086138613853
511.4,1032.47
511.5,1022.1800000000001
511.6,1014.99
511.7,1021.7721782178195
511.8,1023.8200000000005
511.9,1027.1960999999988
512.0,1037.3973000000024
512.1,1032.859448514862
512.2,1042.9246594059455
512.3,1037.0442000000041
512.4,1027.6492000000062
512.5,1045.7785287128631
512.6,1038.7351999999946
512.7,1042.1472000000026
512.8,1036.4497000000024
512.9,1041.2544554455437
513.0,1039.1272000000004
513.1,1035.5548000000006
513.2,1043.3396000000075
513.3,1041.170198019802
513.4,1044.2320000000002
513.5,1047.2405
513.6,1048.834
513.7,1048.2327722772275
513.8,1050.7561999999978
513.9,1047.4043999999992
514.0,1052.1526000000017
514.1,1048.086156435641
514.2,1044.3654584158396
514.3,1042.584800000001
514.4,1049.3333999999954
514.5,1045.5222772277245
514.6,1044.7267999999997
514.7,1053.4944000000073
514.8,1065.2181108910872
514.9,1051.011296039606
515.0,1053.6222999999993
515.1,1053.4021
515.2,1060.8902970297038
515.3,1060.424
515.4,1055.1859999999992
515.5,1065.3570000000013
515.6,1059.7688118811857
515.7,1050.6184999999966
515.8,1034.0773000000136
515.9,1033.0945000000002
516.0,1032.92801980198
516.1,1032.1155999999996
516.2,1031.1822772277221
516.3,1028.5892000000008
516.4,1032.4916999999984
516.5,1034.1636633663366
516.6,1033.3324000000002
516.7,1034.8899999999999
516.8,1035.471
516.9,1034.4536
517.0,1033.7946534653465
517.1,1035.5800000000004
517.2,1036.9385000000002
517.3,1038.1888118811871
517.4,1030.9140000000066
517.5,1031.2288000000005
517.6,1033.1980000000008
517.7,1033.559900990099
517.8,1032.6072000000006
517.9,1035.1074999999985
518.0,1039.308712871286
518.1,1033.0398000000023
518.2,1032.2280000000007
518.3,1032.6010891089109
518.4,1038.4171999999999
518.5,1038.5226
518.6,1029.4185633663346
518.7,1030.5433861386148
518.8,1032.3939999999989
518.9,1035.738
519.0,1033.5872277227709
519.1,1038.3579000000032
519.2,1035.8009999999977
519.3,1028.4811000000054
519.4,1013.9062376237703
519.5,1018.7651999999953
519.6,1016.4153999999972
519.7,1004.5577999999905
519.8,1015.3288118811838
519.9,1002.9867000000041
520.0,995.9802000000005
520.1,993.0862000000006
520.2,993.2878000000007
520.3,995.2348514851484
520.4,991.2379999999996
520.5,993.9672000000003
520.6,994.4522772277226
520.7,997.9600000000015
520.8,991.4425000000089
520.9,993.8149999999999
521.0,995.158118811881
521.1,995.4052000000001
521.2,997.7426000000015
521.3,996.6996000000015
521.4,997.0145999999993
521.5,997.6756
521.6,1001.9369306930732
521.7,1001.7125999999981
521.8,1002.1649999999995
521.9,1002.4459
522.0,1004.5023999999989
522.1,1004.1119999999993
522.2,1006.490500000003
522.3,1012.8785148514837
522.4,1012.4532000000005
522.5,1011.6412
522.6,1010.5099326732673
522.7,1007.9555079207918
522.8,1007.5927999999999
522.9,1007.7261
523.0,1006.5213999999999
523.1,1007.3322000000001
523.2,1008.7120000000001
523.3,1006.7454000000007
523.4,1004.5858999999998
523.5,1004.5750495049507
523.6,1006.4110000000007
523.7,1005.7939999999994
523.8,1004.7190000000006
523.9,1008.35
524.0,1004.6564356435605
524.1,999.9853999999981
524.2,994.5132999999962
524.3,994.5623999999983
524.4,996.3493999999994
524.5,994.5595999999994
524.6,991.6056435643543
524.7,993.3080000000032
524.8,993.6512871287131
524.9,987.6188000000006
525.0,989.4360999999994
525.1,990.7922000000001
525.2,987.2746999999968
525.3,992.2477227722779
525.4,996.2858000000001
525.5,994.5447999999994
525.6,995.1000000000004
525.7,998.1978554455457
525.8,998.3296336633675
525.9,994.9520000000001
526.0,995.5200000000012
526.1,998.7811386138632
526.2,999.5926138613856
526.3,998.0936000000011
526.4,995.0404000000018
526.5,994.0500000000002
526.6,989.8331999999957
526.7,988.6464000000016
526.8,989.0551108910893
526.9,988.9355999999999
527.0,993.1316999999983
527.1,995.9606000000002
527.2,997.0819801980203
527.3,997.7625999999999
527.4,1002.3573999999999
527.5,998.9998019801968
527.6,991.5509999999988
527.7,994.941300000002
527.8,1002.5083999999941
527.9,1004.5851485148521
528.0,1004.144
528.1,1006.5300000000018
528.2,1005.6999999999981
528.3,1003.248000000001
528.4,1006.0944950495019
528.5,1009.2660821782172
528.6,1006.8491999999989
528.7,1003.3044999999983
528.8,999.9400000000018
528.9,998.5006
529.0,993.2482178217849
529.1,988.9924000000001
529.2,987.9997999999995
529.3,983.3820000000014
529.4,985.803762376237
529.5,994.3130000000003
529.6,998.5080000000002
529.7,999.8923207920795
529.8,1001.0375999999992
529.9,1000.1888000000005
530.0,998.4451999999997
530.1,1000.1609900990115
530.2,1004.0175000000019
530.3,1002.5910000000035
530.4,997.9130000000025
530.5,999.9082257425708
530.6,998.9451999999983
530.7,993.0477999999968
530.8,996.5062376237596
530.9,1002.1114999999998
531.0,1002.1457000000001
531.1,1003.6552475247524
531.2,1007.3740000000004
531.3,1009.5395999999995
531.4,1007.8103999999995
531.5,1004.8699999999998
531.6,1004.8898019801984
531.7,1005.3990999999999
531.8,1004.8805000000004
531.9,1006.8262376237595
532.0,1010.1500000000001
532.1,1005.7949999999937
532.2,1001.6300000000016
532.3,1000.6190099009923
532.4,1002.1487999999972
532.5,1006.9514999999996
532.6,1007.787
532.7,1006.8823762376218
532.8,1006.0047999999999
532.9,1005.4636000000002
533.0,1004.374
533.1,1003.6985425742573
533.2,1005.7007900990106
533.3,1006.1694000000023
533.4,1002.2844999999996
533.5,1000.2145544554452
533.6,996.4369999999975
533.7,991.2945999999987
533.8,990.4438613861371
533.9,991.3290000000004
534.0,976.4505
534.1,958.065499999999
534.2,961.1988118811946
534.3,966.5783999999999
534.4,961.4764000000034
534.5,958.7699999999983
534.6,966.0910999999999
534.7,965.1052999999968
534.8,960.1836633663365
534.9,965.7860000000032
535.0,979.1122000000021
535.1,984.6479207920789
535.2,985.6415000000014
535.3,989.9069435643529
535.4,992.5388316831693
535.5,992.212
535.6,996.8700000000053
535.7,1000.6519999999985
535.8,997.9015841584171
535.9,995.1592000000004
536.0,995.8532999999991
536.1,998.5104950495049
536.2,998.8902000000006
536.3,998.9376000000001
536.4,999.203362376238
536.5,999.7820871287115
536.6,998.1817000000012
536.7,1000.0682999999995
536.8,998.7682999999995
536.9,1000.6309900990068
537.0,1002.2272000000006
537.1,1000.5736
537.2,1000.8876000000001
537.3,1001.1642574257426
537.4,999.7725000000016
537.5,997.3289999999998
537.6,997.96
537.7,998.8473267326742
537.8,998.3024000000006
537.9,997.1919999999994
538.0,1000.1282990099008
538.1,1000.7543217821783
538.2,1000.6800000000001
538.3,1001.6535999999993
538.4,1001.6660999999999
538.5,1001.0542574257429
538.6,1002.2656
538.7,1001.9067999999997
538.8,1002.119283168315
538.9,1004.3420247524738
539.0,1006.5277999999994
539.1,1007.6646999999991
539.2,1006.3498257425739
539.3,1004.9898613861396
539.4,1001.929000000001
539.5,999.6070000000002
539.6,1001.5647524752453
539.7,1007.3456999999999
539.8,1006.8323
539.9,1006.8676
540.0,1006.3530693069308
540.1,1004.1403999999999
540.2,1003.2875999999998
540.3,1002.8430693069283
540.4,1006.0539999999977
540.5,1010.508800000001
540.6,1012.2413999999999
540.7,1010.0382178217787
540.8,1004.4561999999997
540.9,1004.7403999999999
541.0,1005.0480198019798
541.1,1005.0775
541.2,1001.5474999999958
541.3,1000.8574999999967
541.4,1010.0069306930691
541.5,1008.4968000000005
541.6,999.4424000000002
541.7,996.8402653465363
541.8,1001.8118168316836
541.9,1002.0921000000001
542.0,1004.1763000000009
542.1,1008.3718811881195
542.2,1009.3821999999986
542.3,1007.0719999999998
542.4,1008.0409999999981
542.5,1010.8166336633656
542.6,1010.107800000002
542.7,1012.9854000000012
542.8,1014.8485306930681
542.9,1016.7848712871286
543.0,1017.4399999999998
543.1,1017.1884158415842
543.2,1011.4339514851442
543.3,1007.1463
543.4,1003.8593
543.5,1001.3059000000001
543.6,1002.1566336633663
543.7,1000.0253999999998
543.8,998.1248000000043
543.9,993.2772000000002
544.0,992.9466336633644
544.1,989.0625000000044
544.2,997.3520000000017
544.3,999.4917000000032
544.4,996.8154168316793
544.5,1004.1831405940603
544.6,1004.7879999999981
544.7,1001.8143999999968
544.8,999.5163999999963
544.9,1005.5091089108944
545.0,998.3869999999997
545.1,999.384
545.2,996.9115000000029
545.3,998.8460000000007
545.4,995.5154999999996
545.5,997.1314851485143
545.6,999.6766
545.7,998.5615999999985
545.8,994.0738000000003
545.9,999.0576000000003
546.0,1001.4519821782175
546.1,996.9335514851493
546.2,1003.2303999999995
546.3,1001.7159999999992
546.4,1001.9632673267315
546.5,996.7187999999995
546.6,1000.0732000000103
546.7,1016.0411999999972
546.8,1012.5622772277175
546.9,1020.3484000000019
547.0,1016.5362999999962
547.1,1025.4729702970305
547.2,1023.0620000000001
547.3,1022.5139999999975
547.4,1041.895346534654
547.5,1036.2289
547.6,1036.556899999999
547.7,1029.0325000000003
547.8,1031.57653465347
547.9,1027.4035999999996
548.0,1028.245600000001
548.1,1030.375999999998
548.2,1025.0645544554457
548.3,1025.207200000001
548.4,1022.9978000000024
548.5,1019.2077069306907
548.6,1023.7632396039588
548.7,1021.3406000000036
548.8,1025.58
548.9,1025.8205999999989
549.0,1029.8329702970286
549.1,1033.3775000000003
549.2,1028.284455445544
549.3,1040.9487999999978
549.4,1043.5060000000008
549.5,1047.9942781595807
549.6,1051.2200872840358
549.7,1115.8493999999987
549.8,1113.776400000002
549.9,1109.9728712871217
550.0,1124.3206000000037
550.1,1109.5094000000004
550.2,1106.9071999999494
550.3,1051.124950495051
550.4,1044.6200000000001
550.5,1048.39
550.6,1052.28
550.7,1052.62
550.8,1056.7548514851444
550.9,1042.5637811881156
551.0,1042.519
551.1,1039.7578999999994
551.2,1039.0242574257422
551.3,1043.2141999999972
551.4,1043.2118
551.5,1045.434600000001
551.6,1045.0336633663364
551.7,1040.5094999999967
551.8,1035.723700000002
551.9,1042.214799999997
552.0,1043.8317821782175
552.1,1044.9363999999998
552.2,1045.911200000001
552.3,1044.8844000000001
552.4,1034.0518811881184
552.5,1019.6769999999992
552.6,1032.288000000001
552.7,1024.1834999999994
552.8,1024.0492079207918
552.9,1029.1460000000013
553.0,1033.1736000000012
553.1,1039.533960396043
553.2,1040.9107000000006
553.3,1038.8875000000014
553.4,1050.0015999999928
553.5,1040.768799999995
553.6,1039.9731683168316
553.7,1044.2204000000036
553.8,1050.1743999999978
553.9,1049.539603960396
554.0,1044.3795000000007
554.1,1056.1649999999981
554.2,1053.5488999999961
554.3,1049.2213207920788
554.4,1047.1612475247523
554.5,1053.1000000000008
554.6,1059.0810000000006
554.7,1056.6459999999995
554.8,1053.396138613864
554.9,1056.849200000001
555.0,1056.2252999999996
555.1,1055.1732999999997
555.2,1053.015643564355
555.3,1052.9687999999999
555.4,1059.555999999996
555.5,1054.756399999997
555.6,1054.8948514851481
555.7,1059.6932000000036
555.8,1057.632100000001
555.9,1056.0743564356435
556.0,1053.611
556.1,1064.007199999999
556.2,1061.4256000000005
556.3,1057.4950000000008
556.4,1058.2046534653468
556.5,1054.2124999999992
556.6,1050.3759999999993
556.7,1040.207999999998
556.8,1037.0793069306944
556.9,1035.768400000001
557.0,1038.4512000000009
557.1,1037.2611999999992
557.2,1037.9280198019808
557.3,1033.8306000000025
557.4,1033.5973999999997
557.5,1033.297002970297
557.6,1033.1013683168317
557.7,1036.1304000000025
557.8,1031.457137254907
557.9,1032.665137254902
558.0,1033.0355049504951
558.1,1036.3666465346555
558.2,1036.4483999999995
558.3,1041.996999999995
558.4,1042.4505940594067
558.5,1037.2204000000027
558.6,1042.0699999999981
558.7,1047.3750000000032
558.8,1048.6641
558.9,1046.0142000000005
559.0,1046.7168999999997
559.1,1044.9819801980198
559.2,1042.6963999999998
559.3,1041.5288
559.4,1040.5223762376236
559.5,1043.7100000000014
559.6,1050.312500000002
559.7,1046.4611881188084
559.8,1047.0191920792058
559.9,1049.0691999999992
560.0,1048.2811999999997
560.1,1042.1471999999958
560.2,1037.304554455443
560.3,1025.5536000000054
560.4,1029.0578999999962
560.5,1016.402400000008
560.6,997.1046534653503
560.7,1004.8428000000123
560.8,996.8408000000024
560.9,989.4804000000004
561.0,987.3222297029702
561.1,990.2814405940599
561.2,993.2407000000003
561.3,992.2867000000006
561.4,997.1301980198041
561.5,1000.1570000000004
561.6,1002.392000000001
561.7,1002.1839999999995
561.8,1002.8281188118801
561.9,1001.6195000000014
562.0,1001.4948000000002
562.1,999.8203999999984
562.2,1000.5317821782196
562.3,1001.0524000000001
562.4,1000.0524000000004
562.5,1002.1867999999988
562.6,1005.8340277227717
562.7,1003.2616267326694
562.8,1004.5321999999996
562.9,1003.7585000000004
563.0,1002.9794782178219
563.1,1005.9318990099017
563.2,1004.4493999999993
563.3,1001.3396000000005
563.4,998.4581188118802
563.5,998.9040000000009
563.6,994.3739999999967
563.7,992.6226732673276
563.8,991.4196000000013
563.9,992.8296039603947
564.0,991.3609000000013
564.1,988.8509999999994
564.2,991.3121000000042
564.3,992.5659405940596
564.4,987.6610000000001
564.5,986.9193999999999
564.6,988.5162
564.7,984.7359841584149
564.8,984.4564613861353
564.9,988.7347999999989
565.0,991.7861000000004
565.1,990.4863366336621
565.2,990.6860000000011
565.3,993.1200990098998
565.4,994.1231
565.5,996.0892999999985
565.6,999.7369000000008
565.7,1002.3607000000012
565.8,1001.9192079207927
565.9,1004.2609999999988
566.0,1006.4108
566.1,1004.4946000000007
566.2,1007.5041584158411
566.3,1009.2964000000011
566.4,1006.6681999999998
566.5,1006.2583712871289
566.6,1006.7155564356435
566.7,1005.5851999999995
566.8,1004.5168000000003
566.9,1003.500495049506
567.0,1001.904
567.1,1001.4325000000003
567.2,1003.4730000000017
567.3,1002.701881188121
567.4,999.7068000000008
567.5,998.6312
567.6,1001.0268316831671
567.7,998.9811999999964
567.8,996.0031999999999
567.9,999.9818999999991
568.0,1002.6486910555464
568.1,1000.2605555555556
568.2,994.8663366336596
568.3,994.198799999999
568.4,1013.1635999999932
568.5,1039.8936000000008
568.6,1035.893069306931
568.7,1036.0508000000007
568.8,1045.5367999999926
568.9,1049.137799999999
569.0,1041.9157425742576
569.1,1044.9204000000022
569.2,1048.1847999999986
569.3,1042.7684000000058
569.4,1026.8182178218078
569.5,1004.9135999999985
569.6,1008.3828999999981
569.7,1006.5333663366348
569.8,1006.6980000000011
569.9,1002.4230000000023
570.0,997.0657425742581
570.1,995.8904999999997
570.2,999.6634000000021
570.3,1006.4264
570.4,1006.9140999999998
570.5,1007.9879207920792
570.6,1007.1535999999994
570.7,1003.6471999999999
570.8,1003.466253465345
570.9,1006.867601980199
571.0,1010.8908
571.1,1009.8858999999986
571.2,1006.4002970297018
571.3,1004.0706000000009
571.4,1001.1404000000034
571.5,995.8660000000004
571.6,994.614455445545
571.7,995.9450000000031
571.8,997.4075000000013
571.9,994.0899999999997
572.0,996.0457425742563
572.1,999.4856000000001
572.2,996.928799999998
572.3,990.7488
572.4,992.3551485148514
572.5,991.0330999999994
572.6,989.8270000000009
572.7,994.0347000000004
572.8,996.5375247524713
572.9,1000.4705999999992
573.0,1002.1456000000006
573.1,1003.0557999999995
573.2,1002.2183168316833
573.3,1003.2040999999981
573.4,1006.7378999999995
573.5,1007.3583000000002
573.6,1008.028900000004
573.7,1012.0873267326706
573.8,1008.1680000000011
573.9,1002.3540000000019
574.0,996.0179999999998
574.1,995.7581188118817
574.2,992.5313999999992
574.3,989.8796
574.4,991.9091089108911
574.5,989.8687999999988
574.6,984.6975999999984
574.7,982.1846000000043
574.8,995.5153465346543
574.9,986.9257000000208
575.0,952.0174000000089
575.1,969.164700000006
575.2,978.3245544554434
575.3,972.8664000000048
575.4,965.2427999999943
575.5,977.599199999999
575.6,980.1858217821721
575.7,973.7411732673295
575.8,976.4349999999998
575.9,979.1474999999986
576.0,985.7255000000006
576.1,983.7999999999986
576.2,992.365
576.3,991.4737999999996
576.4,988.3350000000005
576.5,994.3038613861384
576.6,992.6005999999998
576.7,992.2452999999999
576.8,992.9159643564312
576.9,998.3897742574255
577.0,997.292000000001
577.1,994.8727999999986
577.2,993.3976000000035
577.3,998.7198019801998
577.4,996.1595999999992
577.5,998.3545999999997
577.6,998.7108000000009
577.7,995.1614851485131
577.8,993.8509999999992
577.9,999.7879999999998
578.0,1001.0219603960398
578.1,999.0127990099006
578.2,1003.1975999999995
578.3,999.925714285715
578.4,998.8875999999992
578.5,994.3872000000005
578.6,997.1758415841582
578.7,996.658100000001
578.8,998.8725999999997
578.9,999.2926831683164
579.0,999.737067326733
579.1,1000.9591999999983
579.2,998.5522000000027
579.3,1002.5080059405958
579.4,998.990904950494
579.5,1002.5589000000002
579.6,1001.4837999999995
579.7,1003.7580999999927
579.8,995.6801999999993
579.9,998.6677227722772
580.0,998.44
580.1,992.0899999999999
580.2,990.65
580.3,993.9272277227694
580.4,994.6629000000001
580.5,991.9276999999995
580.6,999.5824000000018
580.7,998.02306930693
580.8,1002.1745999999972
580.9,997.5462000000032
581.0,998.8278217821776
581.1,995.9211999999978
581.2,993.1333999999979
581.3,994.8929999999992
581.4,993.8263366336637
581.5,927.9432000000126
581.6,943.6607999999965
581.7,950.9484000000061
581.8,948.6821782178217
581.9,944.2084999999998
582.0,959.5030000000008
582.1,965.7255000000004
582.2,947.380499999999
582.3,968.3910891088913
582.4,980.7874000000028
582.5,1000.2242000000059
582.6,993.2607999999975
582.7,997.1887128712896
582.8,998.6359999999993
582.9,992.9726000000037
583.0,993.6932000000005
583.1,990.4283168316804
583.2,991.4556000000011
583.3,985.8016000000024
583.4,998.5470063006279
583.5,1130.5923981651047
583.6,1028.786000000039
583.7,1001.5882000000006
583.8,1001.4830000000001
583.9,998.5053465346537
584.0,1001.5722
584.1,1001.7453
584.2,999.6684
584.3,997.0706930693094
584.4,999.0999999999999
584.5,991.7079999999977
584.6,997.218495049507
584.7,998.8543306930692
584.8,995.5273000000028
584.9,991.4131000000028
585.0,995.8218811881155
585.1,997.0013999999999
585.2,990.8515999999946
585.3,995.3877999999966
585.4,997.0264356435644
585.5,999.0766999999995
585.6,998.9993000000002
585.7,1002.1318000000031
585.8,1001.300297029703
585.9,1000.9656
586.0,1002.4916000000001
586.1,1000.6248514851478
586.2,998.7649999999996
586.3,998.5349999999999
586.4,1000.1474999999999
586.5,994.2467326732634
586.6,989.141399999998
586.7,986.672199999999
586.8,984.7762000000012
586.9,982.0553465346549
587.0,983.3350999999989
587.1,992.2568000000051
587.2,982.4730999999866
587.3,936.563663366348
587.4,884.9644000000067
587.5,840.0440000000058
587.6,791.2052000000069
587.7,740.9499009900974
587.8,697.4097000000093
587.9,646.7100999999943
588.0,589.059399999994
588.1,535.3255999999947
588.2,493.6933663366235
588.3,480.35800000000233
588.4,479.183
588.5,478.3856238532107
588.6,473.9068633027508
588.7,471.0865346534652
588.8,470.70600000000024
588.9,470.431188118812
589.0,470.2556000000001
589.1,470.0365999999999
589.2,469.8828
589.3,469.7857425742575
589.4,469.682
589.5,469.65125544554456
589.6,469.5971722772277
589.7,469.4588
589.8,469.3786
589.9,469.30227722772275
590.0,469.15479999999997
590.1,469.0184
590.2,468.8916
590.3,468.8078217821783
590.4,468.7130000000001
590.5,468.5565
590.6,468.45799999999997
590.7,468.40732673267325
590.8,468.2936000000001
590.9,468.2092
591.0,468.19465346534656
591.1,468.1635
591.2,468.15574257425743
591.3,468.09720000000004
591.4,468.03520000000003
591.5,468.0192
591.6,467.974
591.7,467.9708
591.8,467.99
591.9,467.90840000000003
592.0,467.8759
592.1,467.9149
592.2,467.849405940594
592.3,467.835
592.4,467.83000000000004
592.5,467.76
592.6,467.7647524752475
592.7,467.7507999999999
592.8,467.7002
592.9,467.76839999999993
593.0,467.8061910891089
593.1,467.7554059405941
593.2,467.80280000000005
593.3,467.812
593.4,467.7888
593.5,467.82950495049505
593.6,467.7695
593.7,467.70410000000004
593.8,467.6781188118813
593.9,467.538
594.0,467.4484
594.1,467.4745544554455
594.2,467.3944999999999
594.3,467.31699999999995
594.4,467.30950000000007
594.5,467.2154455445545
594.6,467.182
594.7,467.1968
594.8,467.1973386138614
594.9,467.2157
595.0,467.16700000000003
595.1,467.1057
595.2,467.1301
595.3,467.0976237623762
595.4,467.00419999999997
595.5,467.01
595.6,466.9344
595.7,466.8383168316832
595.8,466.81720000000007
595.9,466.7249
596.0,466.6723
596.1,466.67782178217817
596.2,466.6119999999999
596.3,466.568
596.4,466.586
596.5,466.5539603960396
596.6,466.5873
596.7,466.60659999999996
596.8,466.5973
596.9,466.6631683168317
597.0,466.6848
597.1,466.6676
597.2,466.6838
597.3,466.66366336633666
597.4,466.6682247524752
597.5,466.75
597.6,466.7611
597.7,466.82396039603964
597.8,466.8892
597.9,466.89879999999994
598.0,466.96799999999996
598.1,466.97119999999995
598.2,466.9413861386139
598.3,466.9765
598.4,466.9735
598.5,466.97999999999996
598.6,466.92900000000003
598.7,466.85380000000004
598.8,466.9168316831683
598.9,466.9038
599.0,466.82320000000004
599.1,466.8533
599.2,466.86
599.3,466.869801980198
599.4,466.8804
599.5,466.876
599.6,466.9321782178218
599.7,466.94899999999996
599.8,466.89239999999995
599.9,466.9353465346535
600.0,466.94000000000005
600.1,466.897
600.2,466.95399999999995
600.3,466.94
600.4,466.9661
600.5,467.0387
600.6,467.0571
600.7,467.0471287128713
600.8,467.026
600.9,466.9872
601.0,466.9910891089109
601.1,467.00379999999996
601.2,466.9762
601.3,467.0173
601.4,466.9725207920793
601.5,466.8882732673267
601.6,466.93219999999997
601.7,466.9022
601.8,466.89544554455443
601.9,466.95
602.0,466.98
602.1,466.995
602.2,467.02
602.3,466.9748514851485
602.4,467.0368
602.5,467.0684
602.6,467.0096
602.7,467.0376237623762
602.8,467.01390000000004
602.9,466.9669
603.0,466.98539999999997
603.1,466.9403960396039
603.2,466.86640000000006
603.3,466.95120000000003
603.4,466.90900000000005
603.5,466.8852475247525
603.6,466.92529999999994
603.7,466.8721
603.8,466.8884
603.9,466.91584158415844
604.0,466.89
604.1,466.872
604.2,466.9379999999999
604.3,466.859900990099
604.4,466.9095
604.5,466.9253
604.6,466.8463366336634
604.7,466.95099999999996
604.8,466.89740000000006
604.9,466.85800000000006
605.0,466.9436
605.1,466.9457425742574
605.2,466.8953000000001
605.3,466.95810000000006
605.4,466.9
605.5,466.9134653465347
605.6,466.9559999999999
605.7,466.838
605.8,466.89759999999995
605.9,466.97720000000004
606.0,466.91
606.1,466.922
606.2,466.9749999999999
606.3,466.905
606.4,467.00039603960397
606.5,467.0544
606.6,467.0312
606.7,467.09159999999997
606.8,467.0372277227723
606.9,467.01739999999995
607.0,466.9948
607.1,466.9638356435644
607.2,466.99231287128714
607.3,467.00160000000005
607.4,466.9364356435644
607.5,466.90999999999997
607.6,466.90010000000007
607.7,466.8321000000001
607.8,466.92673267326734
607.9,466.896
608.0,466.86899999999997
608.1,466.94
608.2,466.8559405940594
608.3,466.9073
608.4,466.8791
608.5,466.879
608.6,466.97180000000003
608.7,466.98554455445543
608.8,466.94079999999997
608.9,466.9492
609.0,466.93279999999993
609.1,466.860297029703
609.2,466.97929999999997
609.3,466.96720000000005
609.4,466.9342
609.5,466.9858415841585
609.6,466.93
609.7,466.93300000000005
609.8,466.9776
609.9,466.94653465346533
610.0,467.0525
610.1,467.0925
610.2,466.9519801980198
610.3,466.9904
610.4,466.996
610.5,466.9032
610.6,466.97801980198017
610.7,466.92729999999995
610.8,466.84239999999994
610.9,466.91760000000005
611.0,466.8382178217821
611.1,466.78220000000005
611.2,466.8881999999999
611.3,466.7984000000001
611.4,466.72198019801976
611.5,466.8184
611.6,466.6601
611.7,466.670495049505
611.8,466.72
611.9,466.51
612.0,466.57
612.1,466.53
612.2,466.40999999999997
612.3,466.449603960396
612.4,466.4302
612.5,466.3508
612.6,466.35980198019803
612.7,466.311
612.8,466.23160000000007
612.9,466.3658415841584
613.0,466.25360000000006
613.1,466.21119999999996
613.2,466.26820000000004
613.3,466.16330000000005
613.4,466.2473
613.5,466.240396039604
613.6,466.1632
613.7,466.1888
613.8,466.29493465346536
613.9,466.1955
614.0,466.26599999999996
614.1,466.289
614.2,466.309
614.3,466.36643564356433
614.4,466.27599999999995
614.5,466.317
614.6,466.41306930693077
614.7,466.44792079207923
614.8,466.4593
614.9,466.48789999999997
615.0,466.49
615.1,466.57280000000003
615.2,466.5892
615.3,466.5348
615.4,466.6394891089109
615.5,466.61360891089106
615.6,466.5649504950495
615.7,466.5869801980198
615.8,466.599
615.9,466.663
616.0,466.7234653465347
616.1,466.61429999999996
616.2,466.6178
616.3,466.6645
616.4,466.5632
616.5,466.620495049505
616.6,466.6476
616.7,466.55319999999995
616.8,466.5752
616.9,466.53643564356435
617.0,466.50390000000004
617.1,466.56089999999995
617.2,466.4742999999999
617.3,466.5035
617.4,466.54445544554454
617.5,466.4468
617.6,466.473
617.7,466.53159999999997
617.8,466.5229702970297
617.9,466.5795
618.0,466.5985
618.1,466.5326732673267
618.2,466.6460000000001
618.3,466.6616
618.4,466.62640000000005
618.5,466.72811881188113
618.6,466.667
618.7,466.6915
618.8,466.73319999999995
618.9,466.60013267326735
619.0,466.5945821782178
619.1,466.64919999999995
619.2,466.5451999999999
619.3,466.5687128712871
619.4,466.67719999999997
619.5,466.619
619.6,466.6648
619.7,466.7124
619.8,466.6558415841585
619.9,466.712
620.0,466.722
620.1,466.704
620.2,466.8188118811882
620.3,466.7473000000001
620.4,466.7042
620.5,466.7237
620.6,466.6674257425742
620.7,466.6422
620.8,466.6868
620.9,466.66138613861386
621.0,466.6962
621.1,466.7254
621.2,466.5990999999999
621.3,466.6438613861386
621.4,466.6624
621.5,466.6524
621.6,466.7412
621.7,466.70227722772273
621.8,466.7175
621.9,466.72249999999997
622.0,466.60749999999996
622.1,466.6071287128713
622.2,466.6718000000001
622.3,466.5864000000001
622.4,466.57219999999995
622.5,466.617
622.6,466.5567326732673
622.7,466.5957000000001
622.8,466.5835
622.9,466.5554
623.0,466.61533861386135
623.1,466.6544831683168
623.2,466.6456
623.3,466.6832
623.4,466.6429702970297
623.5,466.62710000000004
623.6,466.6797
623.7,466.6432
623.8,466.6762376237623
623.9,466.735
624.0,466.736
624.1,466.681
624.2,466.6812079207921
624.3,466.6830079207921
624.4,466.70759999999996
624.5,466.69239999999996
624.6,466.69366336633664
624.7,466.74080000000004
624.8,466.6512000000001
624.9,466.6204
625.0,466.62986534653464
625.1,466.57646534653463
625.2,466.60360000000003
625.3,466.63
625.4,466.6233
625.5,466.6267
625.6,466.610099009901
625.7,466.5802
625.8,466.64259999999996
625.9,466.64732673267326
626.0,466.6755693069307
626.1,466.7
626.2,466.6284999999999
626.3,466.65422772277225
626.4,466.71549306930694
626.5,466.70439999999996
626.6,466.7668000000001
626.7,466.76564356435637
626.8,466.6644
626.9,466.6263
627.0,466.56070000000005
627.1,466.4888118811881
627.2,466.47
627.3,466.3894000000001
627.4,466.3338
627.5,466.30544554455446
627.6,466.2351
627.7,466.2671
627.8,466.3526999999999
627.9,466.34950000000003
628.0,466.42059405940597
628.1,466.528
628.2,466.56600000000003
628.3,466.61199999999997
628.4,466.5984158415842
628.5,466.5405
628.6,466.45509999999996
628.7,466.3273999999999
628.8,466.2232673267327
628.9,466.19
629.0,466.02760000000006
629.1,465.8636
629.2,465.7840594059406
629.3,465.6303000000001
629.4,465.5571
629.5,465.5529
629.6,465.48920792079207
629.7,465.4948
629.8,465.49640000000005
629.9,465.43645544554454
630.0,465.4487673267327
630.1,465.43049999999994
630.2,465.401
630.3,465.44811881188116
630.4,465.42600000000004
630.5,465.4124
630.6,465.4832
630.7,465.4556277227722
630.8,465.45834653465346
630.9,465.56829999999997
631.0,465.5988
631.1,465.63829999999996
631.2,465.69
631.3,465.6847
631.4,465.72169504950494
631.5,465.7496
631.6,465.7504
631.7,465.7704
631.8,465.73840000000007
631.9,465.7
632.0,465.7364
632.1,465.7128
632.2,465.7166336633664
632.3,465.7853
632.4,465.76430000000005
632.5,465.7805455445545
632.6,465.81009900990097
632.7,465.805
632.8,465.84499999999997
632.9,465.83500000000004
633.0,465.819801980198
633.1,465.8498
633.2,465.8011999999999
633.3,465.7645
633.4,465.80940594059405
633.5,465.81080000000003
633.6,465.7948
633.7,465.8
633.8,465.7953
633.9,465.8182
634.0,465.8406930693069
634.1,465.8346
634.2,465.88140000000004
634.3,465.88860000000005
634.4,465.8492
634.5,465.8463366336633
634.6,465.7985
634.7,465.8002326732674
634.8,465.8498891089109
634.9,465.79280000000006
635.0,465.7684
635.1,465.82128712871287
635.2,465.8057
635.3,465.8516
635.4,465.8899
635.5,465.85425742574256
635.6,465.8852
635.7,465.88219999999995
635.8,465.851
635.9,465.8968
636.0,465.87015742574255
636.1,465.82460000000003
636.2,465.86
636.3,469.9517999999931
636.4,500.12429999998653
636.5,556.3494059406221
636.6,611.5980000000411
636.7,669.0800000000363
636.8,726.5799999999709
636.9,782.7649504950334
637.0,831.2118999999883
637.1,891.1198000000156
637.2,947.5846000000341
637.3,996.775445544546
637.4,1037.1549999999997
637.5,1031.417
637.6,1025.8644
637.7,1024.360396039604
637.8,1024.8115999999995
637.9,1023.586100000002
638.0,1023.0307000000016
638.1,1024.696633663364
638.2,1021.2584000000005
638.3,1019.4516000000043
638.4,1016.0087999999985
638.5,1017.7601980198016
638.6,1018.426
638.7,1021.163000000005
638.8,1025.3670000000002
638.9,1026.0614504950481
639.0,1028.0392772277228
639.1,1027.6936
639.2,1029.5794000000017
639.3,1034.7589999999998
639.4,1035.3099009900989
639.5,1035.0622999999998
639.6,1036.7681000000005
639.7,1043.0378000000005
639.8,1047.1567326732663
639.9,1047.4844000000005
640.0,1045.0667999999982
640.1,1045.8388000000043
640.2,1051.9053465346497
640.3,1044.9174000000003
640.4,1043.3910000000024
640.5,1040.3404000000003
640.6,1038.9721782178206
640.7,1039.1540000000039
640.8,1043.5479999999989
640.9,1044.2973267326747
641.0,1042.1634999999994
641.1,1044.7180000000003
641.2,1043.6701000000014
641.3,1047.2477227722773
641.4,1046.8616000000004
641.5,1050.623200000001
641.6,1054.4087999999997
641.7,1050.1075247524739
641.8,1043.7603000000024
641.9,1042.9749999999976
642.0,1046.7547524752472
642.1,1045.7277999999992
642.2,1042.981199999996
642.3,1039.003960396038
642.4,1049.5599999999904
642.5,1074.1225000000009
642.6,1075.1525
642.7,1080.4275495049367
642.8,1073.299203960395
642.9,1084.8700000000003
643.0,1079.5963999999994
643.1,1090.8435999999997
643.2,1092.8509900990098
643.3,1088.7152999999869
643.4,1089.8507999999886
643.5,1045.2211881188127
643.6,1047.7209999999993
643.7,1047.4414000000015
643.8,1050.4358
643.9,1049.9342000000008
644.0,1048.847722772278
644.1,1049.2088999999967
644.2,1047.3040000000065
644.3,1053.6716000000024
644.4,1049.7676999999999
644.5,1050.9665346534637
644.6,1054.016
644.7,1051.287999999995
644.8,1046.5580000000002
644.9,1044.1131683168328
645.0,1039.0745
645.1,1039.7505
645.2,1037.5941584158415
645.3,1038.6314000000011
645.4,1037.3366
645.5,1037.7349999999994
645.6,1030.0267326732571
645.7,999.4764999999954
645.8,993.620599999992
645.9,1003.7933544554453
646.0,1003.700732673268
646.1,1004.4460000000132
646.2,1017.46279999999
646.3,1007.250495049502
646.4,1013.5875000000004
646.5,1011.5454999999997
646.6,1018.0995
646.7,1046.5045000000048
646.8,1050.135445544555
646.9,1046.9664000000002
647.0,1049.6875999999997
647.1,1046.1227999999996
647.2,1043.4310891089108
647.3,1042.5871000000002
647.4,1042.5093000000004
647.5,1043.6808910891084
647.6,1041.6007999999977
647.7,1038.3296000000028
647.8,1042.8815999999995
647.9,1043.697199999999
648.0,1044.3799009901034
648.1,1037.5508
648.2,1037.0244000000007
648.3,1037.805148514852
648.4,1035.755000000001
648.5,1028.7199999999993
648.6,1035.8442574257424
648.7,1039.4750000000004
648.8,1041.5097000000023
648.9,1039.4868000000006
649.0,1043.4404950495048
649.1,1041.5643999999988
649.2,1038.4143999999985
649.3,1034.6812
649.4,1035.3683999999953
649.5,1041.4391089108894
649.6,1037.004399999997
649.7,1031.9978999999976
649.8,1028.2416000000003
649.9,1028.3609999999983
650.0,1031.3606930693074
650.1,1030.2776000000006
650.2,1027.3283999999921
650.3,1019.2955999999962
650.4,1029.8725742574325
650.5,1007.1580000000001
650.6,1002.9384999999991
650.7,1020.4055445544559
650.8,1009.4700000000066
650.9,1002.5712000000003
651.0,1003.9227999999995
651.1,1001.2307920792086
651.2,1004.1867000000004
651.3,1005.1210999999983
651.4,1007.5468999999971
651.5,1011.5430693069293
651.6,1008.0538000000001
651.7,1008.1586138613834
651.8,1004.1201000000002
651.9,1003.1459999999998
652.0,1003.7165346534659
652.1,1001.37
652.2,998.6999999999999
652.3,998.4599999999999
652.4,1002.8461386138625
652.5,1005.2759000000005
652.6,1004.8346999999999
652.7,1007.0575000000006
652.8,1007.4858999999996
652.9,1004.4415841584179
653.0,998.9409999999974
653.1,1002.9852000000021
653.2,1003.5992000000003
653.3,997.0701980198048
653.4,990.4098000000029
653.5,985.0205000000021
653.6,983.0072999999987
653.7,976.6740999999954
653.8,975.7913000000003
653.9,985.3931683168298
654.0,987.9211999999995
654.1,984.1508000000007
654.2,994.2716000000098
654.3,994.9387643564356
654.4,993.0593415841583
654.5,996.6650000000002
654.6,1001.8570000000003
654.7,1002.4492079207922
654.8,1001.351400000001
654.9,1003.1224000000004
655.0,1002.8733999999997
655.1,999.3133663366316
655.2,999.9149000000004
655.3,1001.1238999999994
655.4,997.8713000000021
655.5,999.9680198019793
655.6,1003.5556000000024
655.7,1004.7976000000009
655.8,1003.6564000000005
655.9,1002.3356000000005
656.0,1000.8090099009904
656.1,1001.8620999999997
656.2,1005.9112000000039
656.3,1002.8875000000005
656.4,1001.1165247524751
656.5,999.6282277227721
656.6,997.9319999999998
656.7,997.9490000000001
656.8,997.268
656.9,996.8692079207921
657.0,999.2686000000009
657.1,994.0252999999979
657.2,993.1708999999998
657.3,995.3000990098996
657.4,991.4100000000026
657.5,990.1887999999997
657.6,994.8256000000032
657.7,994.9907920792075
657.8,991.4400000000013
657.9,995.4004999999984
658.0,995.0956000000003
658.1,992.0815841584161
658.2,989.1948000000002
658.3,997.8729999999975
658.4,996.6754000000002
658.5,982.9653465346513
658.6,991.045500000002
658.7,991.2139999999997
658.8,992.7729999999979
658.9,979.323267326745
659.0,993.5888000000045
659.1,996.5647999999999
659.2,983.6538613861293
659.3,999.3265999999892
659.4,1004.0659999999993
659.5,1000.8006000000021
659.6,1003.1716831683158
659.7,1002.9297999999992
659.8,998.1544000000014
659.9,997.8238613861386
660.0,994.8777
660.1,994.9843000000001
660.2,991.7234653465339
660.3,996.3179999999938
660.4,1001.376
660.5,999.387999999999
660.6,992.6919999999984
660.7,998.312000000002
660.8,1000.1850495049505
660.9,996.5444000000031
661.0,1001.0131000000015
661.1,999.9477999999984
661.2,999.5170000000002
661.3,997.08485148515
661.4,994.557000000001
661.5,992.6906000000007
661.6,994.2756000000012
661.7,995.7799009901
661.8,998.7934999999993
661.9,993.9351000000014
662.0,996.3568316831683
662.1,1002.5496000000004
662.2,1000.6875999999997
662.3,995.7036000000011
662.4,995.6062376237627
662.5,996.8200000000003
662.6,990.9799999999976
662.7,994.3925000000021
662.8,995.853564356436
662.9,995.6486000000001
663.0,992.7561999999991
663.1,993.6444000000014
663.2,994.5444554455448
663.3,993.9219000000003
663.4,999.1349999999971
663.5,1001.0724
663.6,1002.0693000000006
663.7,1000.556336633661
663.8,996.4172000000007
663.9,994.5500000000001
664.0,994.1456
664.1,997.7056435643566
664.2,999.5605
664.3,998.4633000000005
664.4,996.9985999999998
664.5,996.1910999999999
664.6,992.7716445544543
664.7,990.3495247524747
664.8,993.350999999996
664.9,993.605
665.0,1003.0480000000049
665.1,1005.1429999999989
665.2,1005.3720000000005
665.3,1003.5950000000026
665.4,1011.8740693069226
665.5,1015.0727544554452
665.6,1015.3255000000006
665.7,1013.7914999999985
665.8,1021.0567999999935
665.9,1019.7634000000039
666.0,1009.8165346534697
666.1,1005.6859999999997
666.2,1003.5055999999976
666.3,1004.2047999999992
666.4,997.2847524752492
666.5,993.1781000000001
666.6,990.4507000000003
666.7,988.210257425743
666.8,983.5288000000015
666.9,980.6473999999998
667.0,980.1511999999999
667.1,979.2012871287126
667.2,980.504500000001
667.3,981.4925000000001
667.4,979.5990000000002
667.5,984.8511881188173
667.6,992.426000000004
667.7,992.9379999999983
667.8,997.8435999999955
667.9,1004.2163999999976
668.0,1007.3684158415833
668.1,1006.8139999999989
668.2,1003.2616831683155
668.3,1001.6471999999999
668.4,999.4504000000001
668.5,1003.6637999999998
668.6,1007.0922772277228
668.7,1007.3074000000001
668.8,1008.9771999999978
668.9,1009.0084000000003
669.0,1007.5032999999996
669.1,1005.069801980197
669.2,1010.414000000005
669.3,1013.6020000000012
669.4,1013.3499999999993
669.5,1013.6090099009901
669.6,1013.3865999999999
669.7,1014.5839000000014
669.8,1011.0506881188142
669.9,1007.4259584158418
670.0,1006.974
670.1,1004.7150000000007
670.2,1003.7722000000005
670.3,1007.0438613861384
670.4,1008.3719
670.5,1007.002
670.6,1005.4138999999998
670.7,1001.2048514851475
670.8,996.3740000000033
670.9,1000.9519999999975
671.0,1006.2341861386141
671.1,1003.6782376237597
671.2,1003.3575000000018
671.3,1004.6480000000004
671.4,1007.3278217821755
671.5,1007.7580000000015
671.6,1008.9692000000014
671.7,1011.9925742574266
671.8,1015.6629999999991
671.9,1016.7704000000006
672.0,1011.5104950495052
672.1,1009.6160000000003
672.2,1015.6296000000008
672.3,1014.8544000000045
672.4,1008.4609900990092
672.5,1003.1675999999977
672.6,1003.3940000000025
672.7,1007.8329702970304
672.8,1007.9750000000008
672.9,1010.2199999999966
673.0,1009.745
673.1,1006.3898019801981
673.2,1005.1016999999979
673.3,1000.716700000002
673.4,996.4675000000008
673.5,993.248415841585
673.6,990.2004000000002
673.7,986.4431999999974
673.8,982.8084000000001
673.9,979.7856000000005
674.0,982.0127722772279
674.1,986.9369999999998
674.2,983.475499999999
674.3,985.2514277227673
674.4,994.5449128712891
674.5,997.1477999999988
674.6,994.5423999999991
674.7,998.2759405940647
674.8,1000.0740000000045
674.9,995.7119999999994
675.0,997.043
675.1,999.4875000000022
675.2,999.7959405940568
675.3,998.1371999999997
675.4,999.6419999999995
675.5,1000.4856000000002
675.6,997.9334653465355
675.7,997.9056000000028
675.8,1002.6774999999999
675.9,1001.6791000000003
676.0,999.9338148514851
676.1,999.6622871287124
676.2,996.1598000000001
676.3,995.086000000002
676.4,995.6068000000015
676.5,999.5486138613861
676.6,1000.1044000000007
676.7,1002.0715000000009
676.8,1003.1350000000003
676.9,1001.6830693069323
677.0,998.8820000000001
677.1,1000.6360000000059
677.2,1004.7199999999982
677.3,1001.0480000000024
677.4,999.5759999999981
677.5,1003.339801980197
677.6,1006.2803000000007
677.7,1008.0558000000001
677.8,1008.4395999999999
677.9,1018.6345999999945
678.0,1030.9631000000015
678.1,1026.7658415841584
678.2,1034.6950000000086
678.3,1042.7441999999999
678.4,1036.8416
678.5,1039.698514851486
678.6,1044.5016
678.7,1041.6766999999982
678.8,1034.9123000000054
678.9,1030.8095049504955
679.0,1030.3396
679.1,1029.8847999999998
679.2,1029.574
679.3,1031.2473346534625
679.4,1034.0728267326733
679.5,1032.394500000002
679.6,1030.149
679.7,1030.8869999999977
679.8,1032.1314999999963
679.9,1035.1602970297056
680.0,1029.6382
680.1,1031.3979999999992
680.2,1034.0651999999993
680.3,1039.8891999999964
680.4,1051.046200000002
680.5,1044.493762376237
680.6,1049.8209000000004
680.7,1054.4454
680.8,1054.6870000000029
680.9,1047.4321999999988
681.0,1043.625346534656
681.1,1053.2159999999985
681.2,1048.4491999999984
681.3,1042.6177227722821
681.4,1038.0572
681.5,1038.4189999999999
681.6,1039.2477000000003
681.7,1039.0777227722758
681.8,1037.2360000000003
681.9,1036.4079999999997
682.0,1037.8879999999986
682.1,1042.486
682.2,1048.2199009901028
682.3,1049.3712000000007
682.4,1043.7706000000003
682.5,1041.7629702970296
682.6,1042.1476000000002
682.7,1043.0824
682.8,1044.963960396034
682.9,1049.3768999999998
683.0,1048.931599999999
683.1,1046.3409999999994
683.2,1044.9797029702968
683.3,1042.3880000000045
683.4,1035.001000000002
683.5,1033.9093999999986
683.6,1034.4432673267222
683.7,1028.037500000018
683.8,1043.3750000000005
683.9,1041.2025000000008
684.0,1040.7190099009883
684.1,1043.9448000000007
684.2,1039.566400000003
684.3,1048.078114851485
684.4,1044.0068514851496
684.5,1047.8199
684.6,1046.9245999999998
684.7,1046.019702970297
684.8,1043.7940000000056
684.9,1039.172999999997
685.0,1044.1509999999994
685.1,1044.2333663366355
685.2,1047.1774
685.3,1047.2979999999995
685.4,1047.684653465347
685.5,1046.5480000000002
685.6,1045.91
685.7,1047.3286138613896
685.8,1049.731
685.9,1046.5131999999999
686.0,1042.9939603960395
686.1,1040.8712
686.2,1041.4380000000003
686.3,1042.0330118811914
686.4,1038.4089722772287
686.5,1032.9828999999888
686.6,1007.5274999999808
686.7,980.8456000000169
686.8,1007.1338613861475
686.9,995.5023999999981
687.0,1001.0651999999974
687.1,1007.9051999999864
687.2,994.9941584158553
687.3,1007.2130000000034
687.4,992.760499999997
687.5,1009.741499999997
687.6,1025.3708910891082
687.7,1029.4176000000004
687.8,1031.2548000000002
687.9,1032.8726732673267
688.0,1031.7296999999965
688.1,1022.5205000000014
688.2,1027.1235643564366
688.3,1029.2976000000021
688.4,1026.7459999999971
688.5,1030.2712000000017
688.6,1027.1235643564373
688.7,1029.395399999997
688.8,1026.0545999999997
688.9,1026.540600000001
689.0,1024.9944554455424
689.1,1030.791
689.2,1030.473
689.3,1031.9759999999997
689.4,1035.7152475247524
689.5,1037.0534999999995
689.6,1035.263700000001
689.7,1043.0002999999995
689.8,1039.1776237623749
689.9,1040.983999999995
690.0,1048.1236000000008
690.1,1050.6296039603974
690.2,1053.3619999999955
690.3,1046.2056000000023
690.4,1042.687399999999
690.5,1044.5955999999985
690.6,1046.8050495049447
690.7,1038.2542000000035
690.8,1042.4345999999982
690.9,1046.8326000000056
691.0,1029.2762376237597
691.1,1037.6690000000008
691.2,1023.665
691.3,1022.331980198019
691.4,1038.1207999999974
691.5,1024.3551999999995
691.6,1021.5911999999988
691.7,1015.8560396039616
691.8,1021.0973000000115
691.9,1005.5667999999984
692.0,1008.1661000000017
692.1,1011.7596039603937
692.2,1006.5194
692.3,1006.4576000000008
692.4,1004.7640000000025
692.5,999.5434653465352
692.6,998.2081000000005
692.7,996.0099999999973
692.8,993.121299999998
692.9,1001.1147524752489
693.0,995.59
693.1,991.4200000000001
693.2,999.0200000000001
693.3,994.3399999999999
693.4,988.5380198019789
693.5,993.8656000000013
693.6,997.5830000000009
693.7,997.62
693.8,998.9239574257417
693.9,998.940201980198
694.0,996.4182859813087
694.1,1000.4615548221494
694.2,1002.4960000000002
694.3,1000.429
694.4,998.9060990099006
694.5,998.5631435643563
694.6,997.4986999999995
694.7,990.7216999999973
694.8,989.4760603960399
694.9,988.7951881188122
695.0,988.4547999999999
695.1,991.412000000002
695.2,994.759200000002
695.3,996.1532673267324
695.4,997.8920999999995
695.5,1003.0976999999982
695.6,1000.894059405941
695.7,1002.6387999999997
695.8,1002.6818000000001
695.9,1008.0651999999995
696.0,1004.0880198019795
696.1,1000.0864999999992
696.2,999.7595000000001
696.3,996.4757425742605
696.4,989.6088000000054
696.5,997.1476000000023
696.6,998.6251999999998
696.7,992.2692079207875
696.8,1002.6680999999932
696.9,1004.5703000000003
697.0,1006.0396039603954
697.1,1003.5756000000008
697.2,1003.9194000000008
697.3,1003.1132000000002
697.4,1002.0537623762377
697.5,995.7121000000002
697.6,991.1839
697.7,990.7192
697.8,985.2720000000014
697.9,988.2866336633674
698.0,987.4459999999995
698.1,985.7619999999997
698.2,989.340000000001
698.3,989.6940000000006
698.4,986.5380198019828
698.5,991.0035000000015
698.6,998.7121000000038
698.7,998.8494999999991
698.8,997.2354455445552
698.9,996.2838000000004
699.0,995.422673267327
699.1,989.615035779813
699.2,990.4302128440404
699.3,996.7791999999977
699.4,990.9744000000038
699.5,980.8986138613875
699.6,982.6839999999994
699.7,988.2176900990103
699.8,985.6536831683181
699.9,989.5160000000014
700.0,992.2932
700.1,994.5852000000006
700.2,993.3668316831671
700.3,995.8914999999956
700.4,998.207
700.5,999.2435000000006
700.6,1003.5978217821815
700.7,1009.4008000000036
700.8,1012.0551999999996
700.9,1011.7884000000005
701.0,1013.3700000000007
701.1,1013.1573267326717
701.2,1013.7519000000019
701.3,1013.0406000000005
701.4,1014.6550495049501
701.5,1011.1380000000001
701.6,1009.1946
701.7,1009.5033900990097
701.8,1008.0336683168335
701.9,1005.7921000000006
702.0,1007.666000000001
702.1,1009.2425742574255
702.2,1008.0979999999992
702.3,1011.5819999999953
702.4,1012.610000000002
702.5,1011.1648514851487
702.6,1007.4063999999986
702.7,1006.9242000000024
702.8,1007.1607851485157
702.9,1004.7409663366345
703.0,1002.3024000000005
703.1,999.0210000000008
703.2,998.630800000001
703.3,998.5003960396041
703.4,995.9044999999999
703.5,993.5239999999999
703.6,991.937326732673
703.7,994.5748000000017
703.8,997.9743999999987
703.9,998.0644000000002
704.0,997.4911999999999
704.1,1001.5096039603991
704.2,1002.1428749999959
704.3,997.9245357142858
704.4,996.8912999999998
704.5,998.3455
704.6,997.999801980198
704.7,998.1358000000007
704.8,999.9455999999999
704.9,1000.2768000000001
705.0,997.608415841582
705.1,995.8472000000025
705.2,998.6388999999992
705.3,996.3303000000021
705.4,998.2758415841528
705.5,1003.3439999999999
705.6,1004.2420000000029
705.7,1006.7019999999999
705.8,1007.9052475247513
705.9,1015.6804999999968
706.0,1031.4377999999963
706.1,1039.4136999999985
706.2,1036.7922752475279
706.3,1040.5423643564357
706.4,1039.7569999999998
706.5,1033.2107999999998
706.6,1032.3806
706.7,1033.939401980199
706.8,1035.3287376237693
706.9,1021.6895000000106
707.0,1003.7643158415813
707.1,997.2731564356418
707.2,994.0787999999988
707.3,992.5967999999996
707.4,993.5596039603952
707.5,994.1185000000005
707.6,993.4200000000001
707.7,993.0145148514836
707.8,991.1145227722775
707.9,989.4146000000002
708.0,987.6354000000003
708.1,984.2212000000007
708.2,981.0871287128713
708.3,981.5000999999993
708.4,983.4403000000002
708.5,986.0071999999999
708.6,985.6591
708.7,985.300693069307
708.8,987.3971999999952
708.9,991.704396039603
709.0,992.8686148514851
709.1,994.6259000000022
709.2,1000.2085000000052
709.3,1006.3345000000006
709.4,1005.5700990099011
709.5,1006.4189999999988
709.6,1007.869
709.7,1004.9549999999969
709.8,1002.8969009900984
709.9,1005.1253237623761
710.0,1005.4431000000003
710.1,1004.1820999999997
710.2,1006.6536999999995
710.3,1005.0234653465347
710.4,1003.0815999999988
710.5,997.37
710.6,996.9843999999998
710.7,996.1096000000002
710.8,999.0665346534605
710.9,1002.9574999999999
711.0,1002.6566999999993
711.1,1001.8387000000005
711.2,1003.2399574257428
711.3,1003.0838772277236
711.4,1002.5239999999991
711.5,1004.1197999999998
711.6,1006.1706000000036
711.7,1009.3623999999974
711.8,1007.340099009899
711.9,1009.712500000001
712.0,1005.5000000000018
712.1,1001.3029702970293
712.2,1002.9008000000002
712.3,1003.4536
712.4,1005.7619999999995
712.5,1013.9174257425741
712.6,1012.2972000000003
712.7,1013.1436999999996
712.8,1011.935229702983
712.9,1010.6639841584484
713.0,1005.5408000000016
713.1,1010.0872000000033
713.2,1015.8764356435638
713.3,1015.1756999999994
713.4,1012.521600000008
713.5,999.2636999999997
713.6,1000.6901485148536
713.7,1003.3616237623767
713.8,1003.178000000001
713.9,1000.6119999999988
714.0,1005.0540594059402
714.1,1007.8096
714.2,1009.7826000000007
714.3,1010.9089999999999
714.4,1007.0809999999999
714.5,1007.5209126130004
714.6,1007.488
714.7,1007.5747999999995
714.8,1005.0923999999991
714.9,1005.8391089108899
715.0,999.2402999999996
715.1,998.1188999999978
715.2,992.8466999999991
715.3,991.0174257425691
715.4,998.0830000000009
715.5,996.1514000000027
715.6,990.3900099009917
715.7,992.98871485149
715.8,1000.3099000000012
715.9,995.394999999999
716.0,999.897227722771
716.1,1004.62
716.2,1003.4399999999999
716.3,1003.59
716.4,1005.28
716.5,1006.63
716.6,1004.4814851485144
716.7,1009.1229000000011
716.8,1007.6256000000013
716.9,1008.0357000000001
717.0,1010.2552475247535
717.1,1012.8382000000013
717.2,1010.7143999999989
717.3,1013.3257999999983
717.4,1009.5570297029719
717.5,1011.2732999999992
717.6,1007.100799999997
717.7,1005.3015999999988
717.8,1007.1026999999991
717.9,1004.9414851485153
718.0,1003.4868000000002
718.1,998.9468000000008
718.2,996.4367999999977
718.3,958.28217821782
718.4,905.911999999997
718.5,859.0564999999974
718.6,819.8699999999978
718.7,757.289900990081
718.8,702.4086000000457
718.9,659.1905999999904
719.0,604.8553999999838
719.1,546.3719999999826
719.2,505.39891089106845
719.3,477.89060000001604
719.4,472.5704000000022
719.5,471.91405940594075
719.6,471.3555155963299
719.7,471.04721009174295
719.8,470.8008000000001
719.9,470.51930000000016
720.0,470.39603960396045
720.1,470.27340000000004
720.2,470.1187999999999
720.3,470.0654
720.4,469.95445544554457
720.5,469.8004
720.6,469.7052
720.7,469.5523
720.8,469.3337000000001
720.9,469.2338613861386
721.0,469.07599999999996
721.1,468.87199999999996
721.2,468.83
721.3,468.6780000000002
721.4,468.5845544554456
721.5,468.57
721.6,468.4198999999999
721.7,468.4116
721.8,468.4358
721.9,468.32267326732676
722.0,468.3368
722.1,468.39680000000004
722.2,468.31639999999993
722.3,468.3368
722.4,468.35
722.5,468.2422
722.6,468.287
722.7,468.27149999999995
722.8,468.12277227722774
722.9,468.1408
723.0,468.084
723.1,468.0448
723.2,468.070099009901
723.3,468.0050000000001
723.4,468.0175
723.5,468.06698019801985
723.6,467.93927128712863
723.7,467.96400000000006
723.8,468.027
723.9,467.9667326732674
724.0,467.9692
724.1,467.9873
724.2,467.91049504950485
724.3,467.9088
724.4,467.8624
724.5,467.7896
724.6,467.8348
724.7,467.8029702970297
724.8,467.78000000000003
724.9,467.78000000000003
725.0,467.717
725.1,467.669
725.2,467.653
725.3,467.59455445544563
725.4,467.59759999999994
725.5,467.5962
725.6,467.4795999999999
725.7,467.4576
725.8,467.4148
725.9,467.30801980198027
726.0,467.33799999999997
726.1,467.31559999999996
726.2,467.29673267326734
726.3,467.3469
726.4,467.3499
726.5,467.3668
726.6,467.37330000000003
726.7,467.33019801980197
726.8,467.3496
726.9,467.4426
727.0,467.4206
727.1,467.4626
727.2,467.4934
727.3,467.4306
727.4,467.4389465346535
727.5,467.4600346534653
727.6,467.4665
727.7,467.52200000000005
727.8,467.53700000000003
727.9,467.53000000000003
728.0,467.5428712871287
728.1,467.4923999999999
728.2,467.4664
728.3,467.50199999999995
728.4,467.424697029703
728.5,467.37611683168313
728.6,467.42410000000007
728.7,467.31769999999983
728.8,467.2584633663366
728.9,467.21412475247524
729.0,467.118
729.1,467.049
729.2,467.00544554455445
729.3,466.8924000000002
729.4,466.8849
729.5,466.8529
729.6,466.75564356435643
729.7,466.76800000000003
729.8,466.7460000000001
729.9,466.716
730.0,466.78
730.1,466.79623762376235
730.2,466.8036
730.3,466.8318
730.4,466.82230000000004
730.5,466.8684158415841
730.6,466.90999999999997
730.7,466.8984
730.8,466.9538
730.9,467.029
731.0,467.0036
731.1,467.01059999999995
731.2,467.0342
731.3,467.0242574257426
731.4,467.05989999999997
731.5,467.06719999999996
731.6,467.0614
731.7,467.1042
731.8,467.0844000000001
731.9,467.0671
732.0,467.08
732.1,467.0352
732.2,467.0504
732.3,467.09000000000003
732.4,467.034
732.5,467.0012
732.6,466.99891089108905
732.7,466.9735
732.8,466.99299999999994
732.9,467.00350000000003
733.0,467.0175
733.1,467.062
733.2,467.02009900990095
733.3,467.03479999999996
733.4,467.1278
733.5,467.11188118811884
733.6,467.1123069306931
733.7,467.12879999999996
733.8,467.0623
733.9,467.0409900990099
734.0,467.0912
734.1,467.1096
734.2,467.126
734.3,467.1036633663367
734.4,467.06
734.5,467.1059
734.6,467.10970495049503
734.7,467.090099009901
734.8,467.12
734.9,467.08000000000004
735.0,467.055
735.1,467.08
735.2,467.0849
735.3,467.11449999999996
735.4,467.130297029703
735.5,467.096
735.6,467.118
735.7,467.14599999999996
735.8,467.1296475247525
735.9,467.17279504950494
736.0,467.16769999999997
736.1,467.1059
736.2,467.1229
736.3,467.1086257425743
736.4,467.05
736.5,467.08680000000004
736.6,467.0886
736.7,467.0855445544555
736.8,467.1265
736.9,467.05600000000004
737.0,467.044
737.1,467.1367326732674
737.2,467.1303999999999
737.3,467.12839999999994
737.4,467.17240000000004
737.5,467.11950495049507
737.6,467.1101
737.7,467.1285
737.8,467.10429999999997
737.9,467.153
738.0,467.1376237623762
738.1,467.0358
738.2,467.05940000000004
738.3,467.0622
738.4,467.04742574257426
738.5,467.1123
738.6,467.09309999999994
738.7,467.0562376237624
738.8,467.08000000000004
738.9,467.06
739.0,467.0537623762376
739.1,467.1095
739.2,467.1087999999999
739.3,467.0522
739.4,467.0013861386139
739.5,466.959
739.6,467.0204
739.7,467.03237623762374
739.8,466.98479999999995
739.9,467.0285
740.0,467.0526
740.1,467.05095346534654
740.2,467.07391683168316
740.3,467.0692
740.4,467.0716
740.5,467.0992
740.6,467.0693069306931
740.7,467.04650000000004
740.8,467.033
740.9,467.00613861386137
741.0,466.9664
741.1,466.9128
741.2,466.8872
741.3,466.95346534653464
741.4,466.9536
741.5,466.9297
741.6,466.9933
741.7,466.99673267326733
741.8,467.0028
741.9,467.03319999999997
742.0,467.0432
742.1,467.0880198019803
742.2,467.13589999999994
742.3,467.07844653465344
742.4,467.1288613861386
742.5,467.129
742.6,467.089
742.7,467.1129108910891
742.8,467.1115108910891
742.9,467.1103
743.0,467.15420000000006
743.1,467.10810000000004
743.2,467.0673267326733
743.3,467.14040000000006
743.4,467.0816
743.5,467.0684
743.6,467.0621386138614
743.7,466.98481683168313
743.8,466.9808
743.9,466.98300000000006
744.0,466.9127
744.1,466.9307198019802
744.2,466.92099999999994
744.3,466.82559999999995
744.4,466.87519999999995
744.5,466.85396039603967
744.6,466.76
744.7,466.79
744.8,466.76500000000004
744.9,466.70237623762375
745.0,466.7352
745.1,466.708
745.2,466.68423366336634
745.3,466.7022475247526
745.4,466.60310000000004
745.5,466.59610000000004
745.6,466.6201
745.7,466.52223168316834
745.8,466.53887722772276
745.9,466.53920000000005
746.0,466.4256
746.1,466.41653465346536
746.2,466.41689999999994
746.3,466.3384
746.4,466.3679207920792
746.5,466.346
746.6,466.298
746.7,466.3179999999999
746.8,466.26599999999996
746.9,466.26599999999996
747.0,466.31811881188116
747.1,466.27570000000003
747.2,466.3209
747.3,466.40059405940593
747.4,466.37080000000003
747.5,466.43260000000004
747.6,466.4846
747.7,466.46534653465346
747.8,466.5019
747.9,466.54470000000003
748.0,466.4870000000001
748.1,466.5565346534653
748.2,466.49
748.3,466.498
748.4,466.5241584158416
748.5,466.449
748.6,466.5045
748.7,466.5389108910892
748.8,466.5872
748.9,466.5784
749.0,466.6286
749.1,466.6352475247525
749.2,466.7287
749.3,466.7136029702971
749.4,466.68328712871283
749.5,466.774
749.6,466.72639999999996
749.7,466.70237623762375
749.8,466.7156
749.9,466.68879999999996
750.0,466.76
750.1,466.7480198019802
750.2,466.658
750.3,466.731
750.4,466.7340594059406
750.5,466.6863
750.6,466.75
750.7,466.7473
750.8,466.72532871287126
750.9,466.7747445544554
751.0,466.7168
751.1,466.6848
751.2,466.73359999999997
751.3,466.6671999999999
751.4,466.7579366336633
751.5,466.8428158415842
751.6,466.7549
751.7,466.8221
751.8,466.83950000000004
751.9,466.7083999999999
752.0,466.81722079207924
752.1,466.7764
752.2,466.72420000000005
752.3,466.7858
752.4,466.7229524752475
752.5,466.7633118811881
752.6,466.6395
752.7,466.63149999999996
752.8,466.6570297029703
752.9,466.6
753.0,466.60400000000004
753.1,466.6940633663366
753.2,466.5518
753.3,466.60880000000003
753.4,466.5697
753.5,466.5624
753.6,466.6420792079208
753.7,466.70919999999995
753.8,466.67199999999997
753.9,466.76880000000006
754.0,466.71
754.1,466.7106
754.2,466.76969999999994
754.3,466.74049504950494
754.4,466.79
754.5,466.84
754.6,466.78
754.7,466.84000000000003
754.8,466.830099009901
754.9,466.7607
755.0,466.8491
755.1,466.8797
755.2,466.83099009900985
755.3,466.91819999999996
755.4,466.78280000000007
755.5,466.6722
755.6,466.65059405940593
755.7,466.45599999999985
755.8,466.52759999999995
755.9,466.47180000000003
756.0,466.35475247524755
756.1,466.39803564356436
756.2,466.46720000000005
756.3,466.4124
756.4,466.58279999999996
756.5,466.63752475247526
756.6,466.659
756.7,466.8025
756.8,466.75356435643573
756.9,466.7594
757.0,466.7412
757.1,466.61779999999993
757.2,466.51599999999996
757.3,466.44485148514855
757.4,466.27260000000007
757.5,466.2693
757.6,466.2514
757.7,466.07504950495036
757.8,466.11519999999996
757.9,466.1844
758.0,466.098
758.1,466.1912000000001
758.2,466.1544554455445
758.3,466.0954
758.4,466.1173
758.5,466.0749504950495
758.6,466.052
758.7,466.104
758.8,466.0211584158417
758.9,466.0544782178218
759.0,466.0867
759.1,466.0455
759.2,466.0756
759.3,466.1152475247525
759.4,466.0672
759.5,466.09520000000003
759.6,466.13520000000005
759.7,466.10514851485146
759.8,466.1
759.9,465.9956000000001
760.0,466.06613861386137
760.1,466.08860000000004
760.2,466.0126
760.3,466.0688
760.4,466.1058
760.5,466.0418811881188
760.6,466.098
760.7,466.0675
760.8,466.08549999999997
760.9,466.13207920792075
761.0,466.0728
761.1,466.0348
761.2,466.0468
761.3,465.9156000000001
761.4,465.92359999999996
761.5,465.89673267326737
761.6,465.78209999999996
761.7,465.80980000000005
761.8,465.8034
761.9,465.7013861386139
762.0,465.721
762.1,465.68080000000003
762.2,465.66179999999997
762.3,465.6681188118812
762.4,465.6214
762.5,465.62620000000004
762.6,465.6624
762.7,465.549702970297
762.8,465.504
762.9,465.508
763.0,465.4148712871287
763.1,465.4532831683169
763.2,465.4779
763.3,465.42470000000003
763.4,465.50479999999993
763.5,465.4983217821782
763.6,465.4665346534653
763.7,465.53800000000007
763.8,465.5444
763.9,465.5322772277228
764.0,465.62239999999997
764.1,465.57300000000004
764.2,465.5731
764.3,465.6262
764.4,465.5168
764.5,465.5409900990099
764.6,465.63599999999997
764.7,465.6068
764.8,465.7192
764.9,465.7296
765.0,465.68237623762377
765.1,465.7225
765.2,465.725
765.3,465.73499999999996
765.4,465.79198019801976
765.5,465.80260000000004
765.6,465.77779999999996
765.7,465.7626732673267
765.8,465.66510000000005
765.9,465.67379999999997
766.0,465.7265
766.1,465.70349999999996
766.2,465.76300000000003
766.3,465.8189108910891
766.4,465.7724
766.5,465.7716
766.6,465.7584
766.7,465.77851485148517
766.8,465.8183425742574
766.9,465.7732
767.0,465.7713
767.1,465.7871
767.2,466.4718811881191
767.3,485.6739999999785
767.4,540.183
767.5,590.0790000000146
767.6,650.0063366336974
767.7,706.9508000000303
767.8,760.4713999999699
767.9,821.4313999999644
768.0,871.069306930676
768.1,931.6572000000313
768.2,979.4216000000309
768.3,1018.1619999999875
768.4,1030.0372000000002
768.5,1027.9391089108915
768.6,1030.5673999999997
768.7,1032.0152999999998
768.8,1029.6489000000001
768.9,1029.3526732673267
769.0,1030.1758
769.1,1029.0303999999996
769.2,1025.6239999999993
769.3,1024.7843999999998
769.4,1020.2539603960373
769.5,1020.8655000000019
769.6,1021.8419999999995
769.7,1019.3309999999988
769.8,1021.6544999999961
769.9,1020.7769999999999
770.0,1021.0005544554467
770.1,1019.248815841582
770.2,1018.2308000000005
770.3,1022.7203999999967
770.4,1028.4279999999974
770.5,1033.3848000000012
770.6,1032.0594059405903
770.7,1035.7710000000077
770.8,1037.4024000000006
770.9,1034.050800000001
771.0,1042.2959465346592
771.1,1058.054986138619
771.2,1052.9966000000004
771.3,1046.1671999999999
771.4,1045.2413999999999
771.5,1040.4626
771.6,1037.9943564356436
771.7,1041.4882000000011
771.8,1039.769900000006
771.9,1037.1419
772.0,1034.9371999999994
772.1,1036.6722772277246
772.2,1040.5000000000011
772.3,1039.768000000002
772.4,1038.9959999999994
772.5,1043.978
772.6,1047.4376039603965
772.7,1043.9837851485104
772.8,1042.1238999999994
772.9,1045.245499999998
773.0,1051.6660999999965
773.1,1048.2005940594095
773.2,1046.191800000002
773.3,1044.9800000000012
773.4,1042.6236
773.5,1042.3116000000002
773.6,1043.769603960396
773.7,1036.8831999999995
773.8,1043.4481999999898
773.9,1047.7474999999997
774.0,1046.6707920792087
774.1,1046.3059999999987
774.2,1048.1576000000018
774.3,1051.7015999999992
774.4,1046.2392000000023
774.5,1045.391409900992
774.6,1049.611816831684
774.7,1050.717
774.8,1053.6179999999968
774.9,1055.852
775.0,1052.7935
775.1,1050.6635000000003
775.2,1053.256138613864
775.3,1052.1752000000022
775.4,1050.0327999999997
775.5,1050.7933999999998
775.6,1047.9123999999986
775.7,1043.0901999999971
775.8,1040.2516000000007
775.9,1039.8521999999996
776.0,1043.076237623761
776.1,1043.1356000000007
776.2,1041.189
776.3,1041.8282
776.4,1040.9371287128713
776.5,1047.4000000000015
776.6,1058.5152000000007
776.7,1059.2135999999996
776.8,1057.760724752473
776.9,1059.3489772277223
777.0,1061.5366000000013
777.1,1070.1283000000044
777.2,1068.4591999999948
777.3,1064.3570297029653
777.4,1066.5950000000016
777.5,1058.0149999999999
777.6,1046.7799999999952
777.7,1042.4199999999996
777.8,1042.6899009900985
777.9,1042.5485000000003
778.0,1038.3957000000023
778.1,1036.691200000001
778.2,1040.0420000000024
778.3,1042.3335643564353
778.4,1043.7972
778.5,1040.0412000000008
778.6,1037.7347999999995
778.7,1038.0350495049504
778.8,1041.0359999999946
778.9,1047.5861000000002
779.0,1045.3302999999992
779.1,1040.0274257425729
779.2,1038.0214000000008
779.3,1037.7990000000018
779.4,1035.3156000000006
779.5,1037.296732673271
779.6,1041.8245000000006
779.7,1043.3655000000015
779.8,1041.2175000000038
779.9,1036.6967326732677
780.0,1039.1267999999982
780.1,1044.931600000001
780.2,1042.6464356435536
780.3,1037.7863
780.4,1040.7361999999998
780.5,1040.8574
780.6,1039.0626732673268
780.7,1036.924199999999
780.8,1030.7458000000038
780.9,1031.3624000000027
781.0,1029.9604950494984
781.1,1014.9321999999975
781.2,1014.9569000000037
781.3,1017.6021000000036
781.4,1011.4832673267372
781.5,1002.5820000000001
781.6,1001.9640000000103
781.7,1007.5279999999941
781.8,1001.6920000000006
781.9,1001.482673267326
782.0,1002.8612999999998
782.1,1003.0242999999998
782.2,1002.5009900990096
782.3,1001.919
782.4,1002.8196000000002
782.5,1003.6735643564352
782.6,1000.7010999999998
782.7,999.7384999999997
782.8,1000.0945999999977
782.9,999.8924564356474
783.0,997.608146534653
783.1,998.7667999999994
783.2,998.759200000001
783.3,1001.7911999999968
783.4,1005.1396039603958
783.5,1005.9759999999994
783.6,1008.1410000000001
783.7,1008.3254999999954
783.8,1003.7509900990103
783.9,1003.7143999999995
784.0,1005.7623999999998
784.1,1006.8416831683166
784.2,1007.0546999999998
784.3,1005.1496000000005
784.4,1005.4213000000002
784.5,1006.4142999999998
784.6,1004.0697029702967
784.7,1002.3264
784.8,1002.1156000000002
784.9,1001.8944
785.0,1001.0139999999994
785.1,999.4279999999999
785.2,997.9255999999989
785.3,994.1805940594093
785.4,992.3568999999977
785.5,993.4143000000013
785.6,990.1050000000008
785.7,993.2480000000038
785.8,998.5446534653456
785.9,998.4490000000017
786.0,996.0629999999987
786.1,998.264
786.2,998.0760000000007
786.3,997.2034653465361
786.4,992.8172000000004
786.5,990.5151
786.6,988.5301000000007
786.7,983.6851000000003
786.8,984.0428000000002
786.9,984.1056999999996
787.0,986.1693069306932
787.1,984.1500000000002
787.2,984.8107999999997
787.3,983.4631999999995
787.4,985.1520792079216
787.5,989.4966000000018
787.6,992.8481
787.7,993.4127000000008
787.8,996.0214851485118
787.9,996.5032000000053
788.0,989.5107999999996
788.1,990.1477999999978
788.2,989.2893069306974
788.3,992.9850000000014
788.4,991.4849999999975
788.5,998.5474999999994
788.6,998.5038613861399
788.7,993.0587999999989
788.8,990.2807999999998
788.9,994.8403999999998
789.0,997.9948514851485
789.1,998.3790000000004
789.2,1000.4030000000002
789.3,999.8657871287182
789.4,991.2555049505031
789.5,979.8418000000048
789.6,989.8680000000026
789.7,992.8646534653429
789.8,989.0865999999955
789.9,997.3663999999982
790.0,1000.9177227722762
790.1,1002.578
790.2,1002.3140000000045
790.3,1005.7940000000006
790.4,1004.1541584158414
790.5,1006.1483000000002
790.6,1011.2875999999999
790.7,1010.970891089109
790.8,1013.3001999999988
790.9,1015.3342000000007
791.0,1016.7227999999989
791.1,1013.4455445544562
791.2,1016.0797000000017
791.3,1019.0850999999993
791.4,1019.9654999999999
791.5,1019.8173267326724
791.6,1018.0187999999979
791.7,1015.3779999999987
791.8,1013.4124000000014
791.9,1010.9543564356427
792.0,1012.4565000000006
792.1,1009.0219999999999
792.2,1003.545346534654
792.3,1003.5293999999999
792.4,1000.4803999999998
792.5,995.2943999999994
792.6,988.927241584159
792.7,994.1748831683162
792.8,989.1454000000016
792.9,987.4846000000011
793.0,991.0984158415858
793.1,995.4956000000004
793.2,995.9887999999996
793.3,996.2407999999964
793.4,1001.4156435643563
793.5,1001.5326000000005
793.6,1001.1979999999982
793.7,1008.3314000000014
793.8,1009.4597237623775
793.9,1006.7122673267319
794.0,1013.1189999999997
794.1,1014.7913861386138
794.2,1014.9251999999993
794.3,1011.2662999999935
794.4,1017.6495999999999
794.5,1017.3182178217825
794.6,1019.2168000000004
794.7,1019.5095999999974
794.8,1013.023999999997
794.9,1016.1445544554491
795.0,1011.4895000000018
795.1,1007.1875999999962
795.2,1001.5428712871308
795.3,1004.3166000000017
795.4,998.5340000000012
795.5,994.3929801980212
795.6,989.7200594059409
795.7,988.0645000000001
795.8,999.7659999999996
795.9,1004.523960396039
796.0,1017.0719999999999
796.1,1017.0292000000007
796.2,1020.4587999999992
796.3,1016.7056435643593
796.4,1013.6513000000009
796.5,1012.4417000000005
796.6,1013.5820792079178
796.7,1006.7193999999977
796.8,1002.8912000000087
796.9,984.674455445548
797.0,977.4747999999998
797.1,977.9296000000005
797.2,975.9273000000015
797.3,977.6827722772266
797.4,981.96
797.5,984.8499999999999
797.6,983.6700000000001
797.7,984.47198019802
797.8,994.8947999999905
797.9,991.1983999999991
798.0,993.3752475247536
798.1,996.8304000000015
798.2,1003.3876000000031
798.3,1001.5696059405952
798.4,1000.3462346534659
798.5,1000.4458
798.6,1002.1378000000012
798.7,996.8021782178166
798.8,1001.523999999999
798.9,1001.0772000000002
799.0,999.8692000000003
799.1,1001.1543999999997
799.2,997.3319801980196
799.3,997.6714999999999
799.4,993.0924999999997
799.5,996.9445000000002
799.6,997.578
799.7,1000.013
799.8,1003.0944999999999
799.9,1004.1905940594063
800.0,1002.2289999999994
800.1,1004.8824000000009
800.2,1012.8150000000024
800.3,1012.9152000000004
800.4,1011.996534653466
800.5,1015.6128000000019
800.6,1013.9090999999988
800.7,1010.402699999998
800.8,1009.1094128712875
800.9,1008.9739287128714
801.0,1010.1567999999995
801.1,1009.9195999999997
801.2,1012.9444000000026
801.3,1010.053033663367
801.4,1006.2196900990103
801.5,1006.2067
801.6,1003.0201316831681
801.7,1004.6771980198023
801.8,1007.4739999999999
801.9,1005.8159999999997
802.0,1002.56405940594
802.1,1001.8985871287128
802.2,998.5135999999986
802.3,995.8216000000019
802.4,998.8268316831663
802.5,998.1611999999993
802.6,1005.437200000005
802.7,1004.5315999999987
802.8,1004.9835841584156
802.9,1003.1296168316838
803.0,1005.3107999999991
803.1,1004.8448000000003
803.2,1005.4421000000007
803.3,999.7601069306851
803.4,988.3285405940603
803.5,995.6425999999993
803.6,997.702
803.7,1000.4229999999998
803.8,1000.5490000000001
803.9,1002.5605940594063
804.0,1003.9485000000002
804.1,999.9224999999992
804.2,1002.8265000000007
804.3,1007.0635643564324
804.4,1003.5400000000035
804.5,999.7495999999992
804.6,1000.4484000000007
804.7,997.9683999999987
804.8,993.5327722772302
804.9,998.4835999999967
805.0,1002.5068999999984
805.1,1001.0813999999989
805.2,1002.428613861388
805.3,1004.7533999999994
805.4,1003.8434000000004
805.5,999.0892000000013
805.6,1001.0455188118804
805.7,1003.7765534653464
805.8,1004.3005
805.9,1007.7038999999999
806.0,1009.6178
806.1,1013.1442999999999
806.2,1008.015445544553
806.3,1007.9359999999983
806.4,1005.448
806.5,1003.3639999999996
806.6,1002.1719999999998
806.7,1002.7599207920794
806.8,998.9288574257463
806.9,990.3966000000064
807.0,989.4449000000002
807.1,985.0826999999973
807.2,982.8308999999995
807.3,987.0653465346506
807.4,996.7439999999953
807.5,997.9344000000007
807.6,1001.000800000002
807.7,1006.8038000000042
807.8,1006.8416831683172
807.9,1005.9495000000001
808.0,1007.7634999999996
808.1,1012.223099999999
808.2,1005.9752683168253
808.3,1002.2343207920792
808.4,999.7384
808.5,1012.0732000000008
808.6,1008.7594732673263
808.7,1005.4781683168314
808.8,1019.2924999999839
808.9,1019.7625
809.0,1024.8623762376278
809.1,1029.9986000000022
809.2,1038.8392000000053
809.3,1040.8130000000006
809.4,1035.916831683171
809.5,1032.310100000001
809.6,1030.4100999999991
809.7,1034.4439603960452
809.8,1030.3352000000011
809.9,1028.1563999999998
810.0,1023.6347524752473
810.1,1020.6143
810.2,1025.0077000000006
810.3,1021.3058000000019
810.4,1031.478811881193
810.5,1033.007999999998
810.6,1032.5060000000005
810.7,1038.5380000000027
810.8,1041.841782178217
810.9,1045.789699999997
811.0,1043.5573999999988
811.1,1041.354950495049
811.2,1041.7488000000008
811.3,1044.8415999999988
811.4,1044.9768000000006
811.5,1048.8635643564346
811.6,1048.7688000000003
811.7,1052.6180000000052
811.8,1047.180800000001
811.9,1051.3599009901
812.0,1052.1499999999992
812.1,1047.9749999999995
812.2,1047.8352000000002
812.3,1047.975643564357
812.4,1043.203
812.5,1043.5225000000016
812.6,1037.6733663366274
812.7,1035.466000000002
812.8,1036.1964000000003
812.9,1034.4776000000013
813.0,1033.57198019802
813.1,1037.777300000003
813.2,1041.841300000002
813.3,1041.9825000000003
813.4,1043.4351999999992
813.5,1044.6958554455446
813.6,1048.1058950495044
813.7,1047.9028
813.8,1046.1656000000003
813.9,1046.4694
814.0,1047.4322772277228
814.1,1048.2875000000001
814.2,1061.3168000000046
814.3,1088.4553999999714
814.4,1092.4767326732776
814.5,1095.844
814.6,1088.8719999999903
814.7,1089.158019801989
814.8,1097.813199999998
814.9,1096.6528000000021
815.0,1106.836099999991
815.1,1100.1025999999943
815.2,1090.639108910893
815.3,1070.7034000000074
815.4,1050.8196000000016
815.5,1051.4991999999986
815.6,1053.7255306930692
815.7,1052.4466762376237
815.8,1050.2015000000015
815.9,1054.1853000000003
816.0,1052.8919801980182
816.1,1048.1267999999998
816.2,1050.1212000000012
816.3,1051.5167326732683
816.4,1053.3224999999975
816.5,1054.4255
816.6,1054.0200000000002
816.7,1054.6267128712875
816.8,1054.4079188118817
816.9,1050.6422000000023
817.0,1053.303999999996
817.1,1056.3888653465353
817.2,1052.6621564356415
817.3,1049.2562000000005
817.4,1050.3100999999995
817.5,1059.427623762376
817.6,1062.0827999999992
817.7,1060.7808000000005
817.8,1062.7672
817.9,1060.7384158415834
818.0,1068.217900000006
818.1,1068.8312999999946
818.2,1063.997500000002
818.3,1067.5087999999994
818.4,1055.508118811898
818.5,1040.155
818.6,1035.6899999999985
818.7,1035.0335643564365
818.8,1036.6013999999993
818.9,1034.438500000002
819.0,1028.166900000002
819.1,1025.766831683168
819.2,1029.0708000000025
819.3,1032.0536
819.4,1033.9420792079209
819.5,1034.3604999999995
819.6,1030.9041999999995
819.7,1030.1858000000004
819.8,1031.2822772277239
819.9,1035.4323999999976
820.0,1042.0176000000008
820.1,1039.2521999999967
820.2,1037.277821782181
820.3,1040.4995
820.4,1041.8174999999985
820.5,1041.4289108910907
820.6,1041.083200000001
820.7,1044.430400000002
820.8,1042.203600000002
820.9,1036.7147524752481
821.0,1036.2418
821.1,1042.5738999999996
821.2,1049.3369316831686
821.3,1048.7401504950503
821.4,1046.0941999999993
821.5,1044.5486000000005
821.6,1044.8282178217817
821.7,1041.3601999999976
821.8,1045.280475247514
821.9,1050.3926336633729
822.0,1037.704
822.1,1027.9399999999944
822.2,1021.7798019801958
822.3,1018.279600000001
822.4,1009.2240000000035
822.5,1005.3542752475229
822.6,1011.8147247524751
822.7,1003.6241999999967
822.8,999.3264
822.9,1001.2020792079211
823.0,1002.1520999999991
823.1,998.6596999999992
823.2,998.427318811883
823.3,1000.3401029702991
823.4,998.4527999999996
823.5,997.4964000000007
823.6,993.2361386138581
823.7,990.153000000001
823.8,989.6995000000015
823.9,988.4514999999983
824.0,991.9399999999994
824.1,992.5290000000002
824.2,994.6596000000023
824.3,1002.1585999999996
824.4,1003.6665346534653
824.5,1005.0822000000002
824.6,1007.7324000000002
824.7,1008.9663999999998
824.8,1007.4191999999993
824.9,1007.0574257425737
825.0,1004.9968000000003
825.1,1004.9631999999992
825.2,1002.5591999999996
825.3,1001.2072277227728
825.4,1000.3081000000009
825.5,999.8751999999996
825.6,1002.5020000000023
825.7,1006.3207920792098
825.8,1007.8720000000006
825.9,1008.6919999999976
826.0,1012.4077821782189
826.1,1010.6005891089106
826.2,1012.1812
826.3,1010.5651000000004
826.4,1006.9782851485149
826.5,1003.0433702970289
826.6,998.8132000000002
826.7,999.9520000000001
826.8,999.2936633663428
826.9,992.8978000000027
827.0,990.4263000000025
827.1,993.4739999999974
827.2,988.4485148514851
827.3,987.323200000002
827.4,986.3731999999964
827.5,990.7856000000006
827.6,990.1435643564386
827.7,993.7925000000009
827.8,994.1225000000006
827.9,991.0100000000016
828.0,987.708910891088
828.1,992.0495999999998
828.2,993.1543999999982
828.3,988.9843999999995
828.4,995.7751485148515
828.5,997.0028000000002
828.6,995.1818999999977
828.7,986.2221782178225
828.8,988.6133999999994
828.9,989.4535999999998
829.0,990.9116000000023
829.1,993.6359405940564
829.2,989.3650000000024
829.3,992.967899999998
829.4,996.777029702969
829.5,999.4819999999999
829.6,1000.558
829.7,1001.954752475249
829.8,1004.0547000000001
829.9,1006.1668999999999
830.0,1000.2108000000001
830.1,998.362475247525
830.2,1000.6507999999963
830.3,987.5482000000047
830.4,982.6262000000012
830.5,986.6858415841589
830.6,987.8901999999995
830.7,987.9277000000025
830.8,991.6910891089117
830.9,991.4431999999978
831.0,995.2304000000013
831.1,991.2804000000023
831.2,994.2784000000014
831.3,995.3290099009915
831.4,992.7724999999991
831.5,996.9125
831.6,996.4275247524754
831.7,995.9324000000003
831.8,996.5588
831.9,996.8922772277228
832.0,996.3819999999992
832.1,994.9962000000021
832.2,1001.7531000000022
832.3,1007.0658415841625
832.4,1001.8320000000037
832.5,997.3751999999964
832.6,1003.9263999999978
832.7,1000.1936633663347
832.8,997.7607999999982
832.9,1002.7932999999989
833.0,1005.069767326734
833.1,1001.7312574257423
833.2,1002.5600000000001
833.3,1005.5609999999999
833.4,1005.4805940594063
833.5,1002.5439000000003
833.6,1006.0892000000002
833.7,1007.7450999999999
833.8,1006.8120000000038
833.9,1002.9356435643563
834.0,1002.3912
834.1,1002.1375999999983
834.2,998.1383067961185
834.3,1002.8346067961166
834.4,1002.2189999999999
834.5,1003.7105940594059
834.6,1003.5111999999999
834.7,1003.0524
834.8,1003.001999999997
834.9,1006.3232673267335
835.0,1010.0243999999997
835.1,1009.5716000000007
835.2,1011.1464356435631
835.3,1008.1153999999995
835.4,1009.3136000000012
835.5,1007.0766336633654
835.6,1008.8544000000009
835.7,1005.2949999999969
835.8,1001.788700000001
835.9,997.6555445544565
836.0,993.2099999999999
836.1,992.09
836.2,989.72
836.3,993.8487128712834
836.4,994.4543000000001
836.5,993.4501999999998
836.6,990.0244999999992
836.7,1001.2364000000027
836.8,1016.1705940593961
836.9,1023.2319999999955
837.0,1021.0473999999989
837.1,1014.982799999997
837.2,1020.3421782178257
837.3,1020.219
837.4,1017.4843000000012
837.5,1018.7349504950492
837.6,1027.1323999999986
837.7,1004.1327999999778
837.8,1004.8399999999997
837.9,991.6696039603954
838.0,990.4290000000001
838.1,993.7250000000001
838.2,989.0454999999997
838.3,993.6616188118768
838.4,994.0640950495049
838.5,994.3896000000002
838.6,992.8871999999997
838.7,993.9341009900996
838.8,992.8293019801988
838.9,993.3444999999997
839.0,996.9333000000017
839.1,995.2004999999988
839.2,993.7793069306921
839.3,989.9440000000016
839.4,988.7184000000004
839.5,985.5488000000012
839.6,983.6859405940596
839.7,986.7787000000033
839.8,986.827
839.9,982.664455445544
840.0,988.2310000000008
840.1,992.8780000000004
840.2,996.5870000000004
840.3,995.7202970297039
840.4,1000.1980000000011
840.5,998.5894999999991
840.6,1000.0110000000006
840.7,1000.6517821782181
840.8,999.9620000000004
840.9,1000.5463999999995
841.0,1002.312871287128
841.1,1005.265699999999
841.2,1003.2513999999982
841.3,1004.5007920792077
841.4,1008.9223999999997
841.5,1010.9157999999999
841.6,1010.614
841.7,1014.046633663367
841.8,1013.5040000000013
841.9,1012.4499999999999
842.0,1010.8889999999997
842.1,1012.4746534653474
842.2,1012.7612
842.3,1010.406400000002
842.4,1009.7416000000002
842.5,1011.3384158415831
842.6,1008.5823999999983
842.7,1006.563899999999
842.8,1010.3303999999976
842.9,1006.426534653467
843.0,1002.1938000000009
843.1,1002.8757999999996
843.2,1004.9661386138614
843.3,1009.7620999999988
843.4,1013.0093999999999
843.5,1014.7288
843.6,1013.2697029702966
843.7,1008.3759999999987
843.8,1017.6039999999882
843.9,1018.646
844.0,1023.7627326732604
844.1,1020.9669742574201
844.2,1022.7667000000017
844.3,1009.9225000000117
844.4,1008.0129702970287
844.5,1007.5314068965522
844.6,1007.9722689655171
844.7,1006.5552475247521
844.8,1008.103999999996
844.9,1010.4360999999997
845.0,1009.6526999999996
845.1,1013.417623762379
845.2,1014.7779999999988
845.3,1015.503999999998
845.4,1012.963366336637
845.5,1010.1504000000002
845.6,1007.6748999999992
845.7,1005.5192079207912
845.8,1004.1630000000002
845.9,1002.6406000000003
846.0,999.8186000000007
846.1,992.700516831685
846.2,989.934317821782
846.3,986.2401000000037
846.4,981.3792
846.5,983.2598000000002
846.6,988.2409900990107
846.7,989.9655999999998
846.8,991.4823999999971
846.9,995.5405980198009
847.0,994.9291930693051
847.1,993.1695000000004
847.2,994.2665000000007
847.3,999.2337623762337
847.4,1000.1122000000018
847.5,998.5683999999994
847.6,1001.5848297029713
847.7,1001.2317079207882
847.8,996.3174000000008
847.9,996.5365999999992
848.0,1000.1877999999997
848.1,996.8053465346536
848.2,996.6280000000007
848.3,999.3064000000008
848.4,999.9612000000003
848.5,999.1115841584151
848.6,997.0196
848.7,996.5409999999998
848.8,996.3498999999996
848.9,998.5643564356409
849.0,1000.48
849.1,991.3699999999897
849.2,951.0249999999644
849.3,896.4828712871497
849.4,848.6024000000162
849.5,799.7446000000159
849.6,744.3719587155821
849.7,695.5242935779556
849.8,655.0518811881365
849.9,599.5219000000142
850.0,538.2091000000117
850.1,493.09139999999303
850.2,473.922699999999
850.3,473.03059405940604
850.4,472.4752
850.5,472.07599999999996
850.6,471.7470297029703
850.7,471.3952999999999
850.8,471.1556000000001
850.9,470.9838000000001
851.0,470.77970297029697
851.1,470.6992
851.2,470.58279999999985
851.3,470.37760000000003
851.4,470.3128712871287
851.5,470.22300000000007
851.6,470.087
851.7,470.07899999999995
851.8,469.97415841584166
851.9,469.85339999999997
852.0,469.8328
852.1,469.72900000000004
852.2,469.65356435643565
852.3,469.6868
852.4,469.6171
852.5,469.54650000000004
852.6,469.5407920792079
852.7,469.4312
852.8,469.3668
852.9,469.34720000000004
853.0,469.3168316831683
853.1,469.33170000000007
853.2,469.33349999999996
853.3,469.23
853.4,469.23
853.5,469.19100000000003
853.6,469.08799999999997
853.7,469.03899999999993
853.8,468.9454455445545
853.9,468.8284
854.0,468.7855
854.1,468.7094
854.2,468.60425742574256
854.3,468.56200000000007
854.4,468.45079999999996
854.5,468.36386138613864
854.6,468.3675999999999
854.7,468.2904884615385
854.8,468.32170769230765
854.9,468.3116
855.0,468.25683168316834
855.1,468.28
855.2,468.2646
855.3,468.2098910891089
855.4,468.2057217821782
855.5,468.1837
855.6,468.17050000000006
855.7,468.19319999999993
855.8,468.11960396039603
855.9,468.078
856.0,468.058
856.1,468.00600000000003
856.2,467.9939603960396
856.3,468.0043
856.4,467.9914
856.5,468.0437623762376
856.6,468.0456
856.7,467.99440000000004
856.8,468.07251089108905
856.9,468.1166465346535
857.0,468.05510000000004
857.1,468.08000000000004
857.2,468.0581188118811
857.3,467.9564
857.4,467.98040000000003
857.5,467.9284158415842
857.6,467.92150000000004
857.7,467.924
857.8,467.884
857.9,467.85445544554455
858.0,467.8744
858.1,467.8442
858.2,467.877
858.3,467.9047524752475
858.4,467.81780000000003
858.5,467.8713
858.6,467.86569999999995
858.7,467.78560000000004
858.8,467.89128712871286
858.9,467.89160000000004
859.0,467.83719999999994
859.1,467.89
859.2,467.88339999999994
859.3,467.8366
859.4,467.88340000000005
859.5,467.8289108910891
859.6,467.822
859.7,467.822
859.8,467.664
859.9,467.7029702970297
860.0,467.7138
860.1,467.5545
860.2,467.5946
860.3,467.5310801980199
860.4,467.4392
860.5,467.426
860.6,467.37519999999995
860.7,467.3208
860.8,467.3276237623763
860.9,467.29370000000006
861.0,467.21349999999995
861.1,467.25649999999996
861.2,467.20722772277225
861.3,467.17
861.4,467.1634
861.5,467.0594
861.6,467.0518
861.7,467.0734653465346
861.8,466.972
861.9,467.009
862.0,466.982
862.1,466.83148514851484
862.2,466.8604
862.3,466.86640000000006
862.4,466.7839603960396
862.5,466.88
862.6,466.8794
862.7,466.86240000000004
862.8,466.93881188118814
862.9,466.9018
863.0,466.9908
863.1,467.02959999999996
863.2,467.0113861386139
863.3,467.0802
863.4,467.0992
863.5,467.0204950495049
863.6,467.07
863.7,467.07
863.8,467.05
863.9,467.12
864.0,467.06059405940596
864.1,467.1293
864.2,467.1102
864.3,467.09020000000004
864.4,467.13900990099006
864.5,467.17920000000004
864.6,467.1506
864.7,467.24800000000005
864.8,467.30821782178214
864.9,467.20330000000007
865.0,467.3066999999999
865.1,467.3197
865.2,467.35841584158425
865.3,467.4464
865.4,467.4309900990099
865.5,467.4395
865.6,467.52549999999997
865.7,467.397
865.8,467.4185
865.9,467.477
866.0,467.4135
866.1,467.41
866.2,467.4194
866.3,467.3448000000001
866.4,467.44340000000005
866.5,467.4406
866.6,467.3376722772277
866.7,467.3951
866.8,467.41859999999997
866.9,467.38280000000003
867.0,467.4637
867.1,467.4235
867.2,467.4476237623762
867.3,467.4776
867.4,467.38800000000003
867.5,467.41679999999997
867.6,467.5475247524752
867.7,467.46899999999994
867.8,467.4873
867.9,467.5173
868.0,467.42900000000003
868.1,467.4382
868.2,467.44
868.3,467.44
868.4,467.5122594059406
868.5,467.5290396039604
868.6,467.44899999999996
868.7,467.548
868.8,467.488
868.9,467.48900000000003
869.0,467.56128712871293
869.1,467.5344108910891
869.2,467.52110000000005
869.3,467.53779999999995
869.4,467.4599
869.5,467.4589
869.6,467.4335643564356
869.7,467.3331999999999
869.8,467.364
869.9,467.36120000000005
870.0,467.2631999999999
870.1,467.32040000000006
870.2,467.3038613861386
870.3,467.2565
870.4,467.33699999999993
870.5,467.3065
870.6,467.36089999999996
870.7,467.3874
870.8,467.30300000000005
870.9,467.3158415841584
871.0,467.3286
871.1,467.2268
871.2,467.3046
871.3,467.30280000000005
871.4,467.2744554455445
871.5,467.32950000000005
871.6,467.3145
871.7,467.293
871.8,467.38257425742563
871.9,467.35800000000006
872.0,467.4004
872.1,467.4184
872.2,467.3534653465346
872.3,467.38149999999996
872.4,467.2655000000001
872.5,467.3139603960396
872.6,467.3464
872.7,467.2597999999999
872.8,467.31298811881186
872.9,467.32195643564353
873.0,467.2876
873.1,467.3286
873.2,467.3319801980198
873.3,467.29800000000006
873.4,467.36199999999997
873.5,467.27599999999995
873.6,467.24207920792077
873.7,467.24
873.8,467.21630000000005
873.9,467.2258
874.0,467.23782178217823
874.1,467.13079999999997
874.2,467.19360000000006
874.3,467.2280316831683
874.4,467.16051782178215
874.5,467.2093
874.6,467.1992
874.7,467.23620000000005
874.8,467.2423762376238
874.9,467.1944
875.0,467.2028
875.1,467.2476237623763
875.2,467.16999999999996
875.3,467.155
875.4,467.1825
875.5,467.1225
875.6,467.19000000000005
875.7,467.22
875.8,467.17544554455446
875.9,467.2339999999999
876.0,467.22299999999996
876.1,467.173
876.2,467.2479207920793
876.3,467.2216
876.4,467.2
876.5,467.2146
876.6,467.08129999999994
876.7,467.0661386138614
876.8,467.0656
876.9,467.0024
877.0,467.0232
877.1,467.04712871287126
877.2,466.91509999999994
877.3,466.91679999999997
877.4,466.90485148514847
877.5,466.841
877.6,466.855
877.7,466.82099999999997
877.8,466.7514851485149
877.9,466.7369
878.0,466.671
878.1,466.59169999999995
878.2,466.60415841584165
878.3,466.5452
878.4,466.5236
878.5,466.57079999999996
878.6,466.4886732673267
878.7,466.5205306930694
878.8,466.56
878.9,466.5332
879.0,466.5937
879.1,466.6432673267327
879.2,466.6434
879.3,466.6928
879.4,466.7068
879.5,466.7
879.6,466.7455
879.7,466.71799999999996
879.8,466.7355
879.9,466.77930693069305
880.0,466.73879999999997
880.1,466.7676000000001
880.2,466.8256
880.3,466.81465346534657
880.4,466.8567
880.5,466.92779999999993
880.6,466.9125742574257
880.7,466.9396
880.8,466.939
880.9,466.9261386138614
881.0,466.9605
881.1,466.9373
881.2,466.91
881.3,466.90999999999997
881.4,466.84400000000005
881.5,466.83000000000004
881.6,466.89200000000005
881.7,466.8784158415841
881.8,466.91489999999993
881.9,466.9659
882.0,466.92870000000005
882.1,466.90572475247524
882.2,466.9042415841584
882.3,466.8942
882.4,466.94219999999996
882.5,466.9166594059406
882.6,466.89275742574256
882.7,466.9043
882.8,466.86010000000005
882.9,466.8751485148515
883.0,466.9044
883.1,466.9056
883.2,466.96040000000005
883.3,467.0
883.4,466.9722772277228
883.5,467.016
883.6,467.0645
883.7,467.0765
883.8,467.1335643564356
883.9,467.1322
884.0,467.13239999999996
884.1,467.18122574257427
884.2,467.1470930693069
884.3,467.1318
884.4,467.2024
884.5,467.18227722772275
884.6,467.1976
884.7,467.2548
884.8,467.2242574257426
884.9,467.2306
885.0,467.2498
885.1,467.1996544554455
885.2,467.2000495049505
885.3,467.18500000000006
885.4,467.105
885.5,467.1
885.6,467.06059405940584
885.7,467.0196
885.8,467.04
885.9,467.0011881188119
886.0,466.9888
886.1,467.0488
886.2,467.03679999999997
886.3,467.0424198019802
886.4,467.08590000000004
886.5,467.0371
886.6,467.0235
886.7,467.00811881188116
886.8,466.94620000000003
886.9,466.9438
887.0,466.90479999999997
887.1,466.8673267326733
887.2,466.93600000000004
887.3,466.9035000000001
887.4,466.837
887.5,466.8565
887.6,466.8265
887.7,466.8723762376239
887.8,466.9632
887.9,466.9844
888.0,467.0252
888.1,467.0395049504951
888.2,466.9656
888.3,466.9415
888.4,466.9098
888.5,466.8429
888.6,466.8514
888.7,466.73356435643564
888.8,466.6193999999999
888.9,466.6558
889.0,466.62920792079206
889.1,466.6820000000001
889.2,466.84510000000006
889.3,466.90180000000004
889.4,466.9143564356435
889.5,466.962
889.6,466.948
889.7,466.92800000000005
889.8,466.910594059406
889.9,466.8005
890.0,466.77
890.1,466.70369999999997
890.2,466.5806930693069
890.3,466.5462
890.4,466.4944
890.5,466.4238
890.6,466.45268712871285
890.7,466.45645049504947
890.8,466.4332999999999
890.9,466.45670000000007
891.0,466.38168316831684
891.1,466.35
891.2,466.3248
891.3,466.28
891.4,466.29049999999995
891.5,466.28200000000004
891.6,466.251
891.7,466.300396039604
891.8,466.286
891.9,466.25059999999996
892.0,466.3032
892.1,466.2798
892.2,466.2768316831683
892.3,466.30010000000004
892.4,466.27340000000004
892.5,466.2633
892.6,466.2337326732673
892.7,466.16660198019804
892.8,466.1896
892.9,466.18760000000003
893.0,466.16560000000004
893.1,466.23267326732673
893.2,466.2569
893.3,466.26239999999996
893.4,466.2869
893.5,466.2591386138614
893.6,466.225
893.7,466.2389999999999
893.8,466.172
893.9,466.1359405940594
894.0,466.1007
894.1,465.9713
894.2,465.9384
894.3,465.8755445544555
894.4,465.8208
894.5,465.9056
894.6,465.8976
894.7,465.8621782178218
894.8,465.9173
894.9,465.87760000000003
895.0,465.81160000000006
895.1,465.8619
895.2,465.82109999999994
895.3,465.79673267326723
895.4,465.8310000000001
895.5,465.7174
895.6,465.7126
895.7,465.68910891089104
895.8,465.61249999999995
895.9,465.65999999999997
896.0,465.675
896.1,465.65
896.2,465.72237623762385
896.3,465.7432
896.4,465.70439999999996
896.5,465.7452475247525
896.6,465.7139
896.7,465.6899
896.8,465.7785
896.9,465.75138613861384
897.0,465.8054
897.1,465.8424
897.2,465.78653465346537
897.3,465.8289
897.4,465.8979
897.5,465.9212920792079
897.6,466.0478415841584
897.7,466.07399999999996
897.8,466.066
897.9,466.126
898.0,466.14799999999997
898.1,476.878
898.2,530.4494059406479
898.3,586.5209000000007
898.4,640.8386000000005
898.5,694.5659000000007
898.6,755.9364356435668
898.7,803.644000000017
898.8,868.6215999999645
898.9,920.6678000000129
899.0,974.486633663385
899.1,1026.0623999999968
899.2,1021.9091000000029
899.3,1025.8373000000047
899.4,1021.3757425742517
899.5,1029.3004
899.6,1029.4836000000012
899.7,1030.7548000000002
899.8,1030.7676000000006
899.9,1030.062399999999
900.0,1032.4424752475247
900.1,1031.3245
900.2,1026.567000000001
900.3,1027.571
900.4,1028.639
900.5,1027.9376237623774
900.6,1021.3510000000003
900.7,1024.5253999999986
900.8,1019.1720435643563
900.9,1017.5364683168319
901.0,1016.7667999999961
901.1,1009.563400000009
901.2,1031.9381188118732
901.3,1014.4083999999859
901.4,1035.2356000000007
901.5,1034.4683999999993
901.6,1036.746800000003
901.7,1041.059599999997
901.8,1037.5470297029644
901.9,1045.4598000000046
902.0,1034.5185999999985
902.1,1038.1989108910896
902.2,1037.848
902.3,1042.6370000000004
902.4,1040.1200000000003
902.5,1036.964752475247
902.6,1042.5221999999999
902.7,1041.0589999999997
902.8,1039.440610891088
902.9,1040.770962376236
903.0,1043.1844000000003
903.1,1044.0899999999992
903.2,1041.8544554455439
903.3,1039.9922999999994
903.4,1041.470999999995
903.5,1049.6209138613897
903.6,1042.8537009900988
903.7,1041.8666
903.8,1041.760000000001
903.9,1038.654799999999
904.0,1041.4732000000004
904.1,1040.3870297029698
904.2,1041.324
904.3,1023.4245000000005
904.4,1013.7855000000003
904.5,1010.6683960396026
904.6,1032.226883168317
904.7,1027.0995999999996
904.8,1025.2203999999879
904.9,1037.8427999999994
905.0,1035.074399999999
905.1,1030.0855999999985
905.2,1024.1249504950547
905.3,1050.8990000000003
905.4,1050.2520999999992
905.5,1051.2996
905.6,1051.5942574257424
905.7,1051.0065999999977
905.8,1047.412
905.9,1047.43101188119
906.0,1043.5123297029704
906.1,1042.9132999999997
906.2,1044.2050999999979
906.3,1041.7705999999994
906.4,1044.8098019801978
906.5,1045.79
906.6,1041.02
906.7,1035.59
906.8,1042.6791089108847
906.9,1038.7206999999992
907.0,1046.441600000002
907.1,1047.4605000000004
907.2,1045.6958415841575
907.3,1041.8870000000024
907.4,1036.4298000000038
907.5,1053.2152000000078
907.6,1071.1412000000084
907.7,1064.358613861381
907.8,1066.1090999999992
907.9,1075.142499999996
908.0,1059.153100000007
908.1,1069.6369306930671
908.2,1066.921999999997
908.3,1074.6331999999984
908.4,1082.8895999999984
908.5,1045.6944554455429
908.6,1041.0704999999998
908.7,1043.039
908.8,1045.2305000000001
908.9,1045.029603960396
909.0,1044.0793999999996
909.1,1050.0642000000018
909.2,1046.511399999999
909.3,1045.4892000000007
909.4,1044.2300990099018
909.5,1041.573199999999
909.6,1046.746100000003
909.7,1042.8812999999975
909.8,1044.5036999999986
909.9,1042.716336633664
910.0,1038.5204000000017
910.1,1036.5415999999987
910.2,1037.5568316831695
910.3,1035.0674000000004
910.4,1037.1941999999997
910.5,1043.1963366336638
910.6,1041.0849999999996
910.7,1041.6800000000003
910.8,1038.0539999999999
910.9,1040.2230000000004
911.0,1034.0287524752453
911.1,1036.2663049504963
911.2,1038.3043000000007
911.3,1037.6378000000009
911.4,1034.8511881188135
911.5,1030.732399999998
911.6,1032.7808000000018
911.7,1038.7972000000036
911.8,1024.6804000000093
911.9,1043.2733663366257
912.0,1031.3908000000051
912.1,1023.3745000000021
912.2,1029.4700000000055
912.3,1023.3673000000025
912.4,1017.0008386138618
912.5,1008.3039861386144
912.6,1011.7513999999996
912.7,999.473800000001
912.8,995.9654000000004
912.9,990.8013861386131
913.0,989.1239999999999
913.1,985.5884999999993
913.2,980.246999999999
913.3,981.6794999999975
913.4,984.9161386138587
913.5,981.6279999999989
913.6,988.1240000000034
913.7,995.2624000000029
913.8,994.422178217823
913.9,990.9673000000018
914.0,995.9009999999968
914.1,998.1190000000005
914.2,999.12891089109
914.3,1001.7271999999994
914.4,1004.6379999999992
914.5,1003.8644000000004
914.6,1005.3823762376236
914.7,1000.2839000000001
914.8,999.8971999999997
914.9,1000.2222772277228
915.0,1003.1300000000008
915.1,1000.6899999999989
915.2,998.2199999999996
915.3,999.9861386138593
915.4,994.6824000000049
915.5,996.9278000000011
915.6,991.7542999999963
915.7,996.9830000000039
915.8,998.7708910891089
915.9,997.8240000000005
916.0,1000.2509999999986
916.1,1003.8648000000018
916.2,1003.0007999999984
916.3,1002.6149504950495
916.4,1009.0232999999984
916.5,1009.1744000000003
916.6,1004.954000000001
916.7,1006.4115841584157
916.8,1006.5792000000001
916.9,1003.9707999999998
917.0,1002.6095999999999
917.1,1001.3665346534651
917.2,1003.3000000000009
917.3,1000.632500000004
917.4,1003.345
917.5,1002.6724999999992
917.6,1002.2279207920793
917.7,1005.2526000000021
917.8,1005.9792000000002
917.9,1003.494600000002
918.0,1004.2865346534645
918.1,1003.6316999999992
918.2,998.0526999999946
918.3,997.4666999999993
918.4,991.6939000000032
918.5,988.8690000000003
918.6,986.7586544554462
918.7,982.5999999999968
918.8,985.2083999999992
918.9,985.6960000000001
919.0,979.7010891089107
919.1,980.8154000000005
919.2,986.7766000000006
919.3,986.9886000000006
919.4,990.3232574257441
919.5,993.6022970297038
919.6,996.4150000000011
919.7,996.1609999999994
919.8,995.2302970297034
919.9,994.9503
920.0,993.9232999999997
920.1,1000.5249000000059
920.2,1016.1919801980332
920.3,1048.4487999999876
920.4,1055.4736000000025
920.5,1049.1528000000017
920.6,1055.3564000000054
920.7,1064.8462376237708
920.8,1056.6286000000014
920.9,1052.3155
921.0,1071.2983999999979
921.1,1061.9416000000022
921.2,1041.9343564356423
921.3,1015.4350000000071
921.4,1006.1712000000003
921.5,1008.2404000000004
921.6,1004.1493069306907
921.7,1004.912500000002
921.8,1007.6963811881179
921.9,1007.1583801980207
922.0,1003.9543999999992
922.1,1006.5704000000042
922.2,1009.0904000000003
922.3,1008.9095049504953
922.4,1006.2730000000012
922.5,1007.160999999999
922.6,1005.4681999999978
922.7,998.5114851485123
922.8,996.0633999999995
922.9,995.6702
923.0,992.8922000000002
923.1,990.0965346534651
923.2,989.9154000000003
923.3,990.5856999999996
923.4,992.9625999999992
923.5,997.0897029702986
923.6,1000.036000000001
923.7,999.6259999999992
923.8,1002.2559999999961
923.9,1006.7261386138593
924.0,1006.2966000000015
924.1,1008.5295000000015
924.2,1012.1782000000014
924.3,1012.8322772277228
924.4,1011.6528000000004
924.5,1006.7098000000015
924.6,1002.6460000000003
924.7,1001.0802970297032
924.8,1004.4243999999968
924.9,1009.0815000000001
925.0,1008.0474257425735
925.1,1009.7140000000016
925.2,1014.0104000000008
925.3,1014.5376000000011
925.4,1011.730000000003
925.5,1013.373
925.6,1013.8139999999978
925.7,1009.4774999999977
925.8,1006.0878217821794
925.9,1003.5076000000009
926.0,1000.8774000000011
926.1,995.8383999999985
926.2,990.8730693069278
926.3,988.0185000000004
926.4,985.3413000000005
926.5,987.6507920792078
926.6,991.4708000000002
926.7,984.8251999999987
926.8,966.9824000000099
926.9,965.0537069306964
927.0,977.5787693069337
927.1,974.6057999999953
927.2,964.2045999999979
927.3,975.514599999977
927.4,985.7385148514902
927.5,974.77
927.6,975.0150000000085
927.7,988.8800000000072
927.8,1000.110544554451
927.9,1001.3282544554481
928.0,997.4433
928.1,995.7659999999992
928.2,994.5170297029715
928.3,996.2775999999998
928.4,998.4891999999998
928.5,998.9356000000002
928.6,996.7872277227723
928.7,995.8409000000001
928.8,997.7949999999989
928.9,998.2034999999997
929.0,1000.436732673269
929.1,1003.3527999999992
929.2,1002.8392000000005
929.3,1002.5114000000015
929.4,1001.1657425742578
929.5,1000.5560000000002
929.6,1000.4545000000002
929.7,1001.0943564356442
929.8,1000.1360000000009
929.9,998.9331999999996
930.0,998.9804000000006
930.1,994.8961386138626
930.2,990.1186999999991
930.3,991.1412999999997
930.4,992.5167000000001
930.5,991.7028712871289
930.6,992.9987999999998
930.7,993.7938000000004
930.8,995.3504950495046
930.9,995.6105
931.0,995.9926000000005
931.1,999.0445727272771
931.2,1003.6791999999986
931.3,1003.6838613861355
931.4,1007.3060000000006
931.5,1004.8860000000012
931.6,1002.544
931.7,1003.0899999999999
931.8,1001.8098019801992
931.9,1000.0414999999996
932.0,1002.9966000000001
932.1,1002.8671999999999
932.2,1002.4439079207912
932.3,999.4195128712872
932.4,996.6987999999996
932.5,995.6036000000004
932.6,998.3438613861392
932.7,999.3387999999983
932.8,995.7049000000009
932.9,994.3406148514866
933.0,993.0213465346533
933.1,991.3999999999951
933.2,973.6863999999722
933.3,941.5615841584132
933.4,951.4874999999935
933.5,965.7800000000034
933.6,951.9381188118855
933.7,942.9572000000053
933.8,960.504
933.9,958.2712000000001
934.0,955.5656435643565
934.1,961.7086000000025
934.2,976.311100000004
934.3,992.9204999999977
934.4,996.8162376237638
934.5,1001.9466000000014
934.6,1004.0965999999995
934.7,1003.2013999999998
934.8,1003.0476237623752
934.9,1002.966400000003
935.0,998.7131999999993
935.1,1000.9674999999999
935.2,1001.5996039603989
935.3,1003.6640000000014
935.4,999.4159999999998
935.5,1000.1619999999997
935.6,1001.0195049504949
935.7,1000.1388999999987
935.8,996.4306
935.9,1000.8403574257427
936.0,1001.8037564356432
936.1,997.3787351351377
936.2,1006.4001972972978
936.3,1008.022900000002
936.4,1004.6693069306936
936.5,1003.5784000000008
936.6,1001.3606
936.7,1001.8254000000064
936.8,1009.0621782178213
936.9,1010.8879999999998
937.0,1014.7460000000001
937.1,1012.8995000000001
937.2,1011.4262376237627
937.3,1005.296399999998
937.4,1007.1035999999989
937.5,1000.7052000000001
937.6,1000.3836633663357
937.7,995.3364999999994
937.8,993.8373000000022
937.9,990.6246534653516
938.0,983.4858000000023
938.1,978.6028000000074
938.2,989.5820000000019
938.3,992.4948000000029
938.4,986.5506930693024
938.5,996.0575999999983
938.6,1002.7646999999996
938.7,1004.2036999999987
938.8,1002.6102970297025
938.9,1004.6399999999999
939.0,1003.0600000000001
939.1,992.1
939.2,996.59
939.3,1002.7385148514796
939.4,1012.4822000000023
939.5,1001.5612999999973
939.6,1002.4890099009906
939.7,1021.5710000000093
939.8,1006.2016000000107
939.9,1015.7681999999934
940.0,1026.936200000005
940.1,1027.6160396039606
940.2,1026.7860999999996
940.3,1022.3562000000019
940.4,1020.3285000000008
940.5,1019.6745544554456
940.6,1025.390799999999
940.7,1019.0827999999938
940.8,1020.6531999999997
940.9,1024.8266336633665
941.0,1016.7844999999995
941.1,1033.288500000001
941.2,1029.7054999999996
941.3,1035.6250686274511
941.4,1041.807084313722
941.5,1039.192178217823
941.6,1044.1556000000037
941.7,1042.7147999999984
941.8,1038.9252000000015
941.9,1038.2638613861386
942.0,1034.9176000000004
942.1,1043.7900999999988
942.2,1038.6093069306926
942.3,1046.013
942.4,1049.8890000000004
942.5,1051.093
942.6,1050.1741584158412
942.7,1051.0646000000004
942.8,1055.755699999996
942.9,1059.0103554455454
943.0,1052.6604158415798
943.1,1049.6215999999986
943.2,1049.7524000000003
943.3,1039.8396000000062
943.4,1039.804356435643
943.5,1038.3296000000005
943.6,1037.7929000000001
943.7,1040.316500000002
943.8,1032.413215841585
943.9,1033.2987999999998
944.0,1032.9805999999999
944.1,1035.6032673267332
944.2,1037.7800000000004
944.3,1037.451000000001
944.4,1037.697
944.5,1038.8288118811886
944.6,1037.9631999999997
944.7,1039.3980000000006
944.8,1040.978399999999
944.9,1043.3990099009889
945.0,1043.1926000000003
945.1,1046.745200000002
945.2,1033.365099999989
945.3,1040.5203960396004
945.4,1040.3712000000007
945.5,1045.5999999999983
945.6,1042.2270000000015
945.7,1042.0868316831684
945.8,1044.0476999999996
945.9,1044.1117
946.0,1049.9996999999998
946.1,1045.7059405940581
946.2,1051.204000000002
946.3,1047.2740000000065
946.4,1045.8279663541575
946.5,1045.1622035714286
946.6,1047.8381999999997
946.7,1049.1375247524752
946.8,1048.918
946.9,1045.5103999999992
947.0,1045.7700000000004
947.1,1048.972574257427
947.2,1048.9079999999992
947.3,1051.831499999996
947.4,1053.811485148515
947.5,1054.8320000000003
947.6,1055.1467999999998
947.7,1053.6787999999988
947.8,1050.9204000000016
947.9,1052.3246534653451
948.0,1050.2368000000015
948.1,1046.0457999999985
948.2,1047.6891000000041
948.3,1034.4596039603987
948.4,1006.8662000000007
948.5,1007.7893999999995
948.6,1013.3622
948.7,1016.9257801980207
948.8,1023.0353247524706
948.9,1019.3775000000021
949.0,1028.0371000000043
949.1,1029.0975247524711
949.2,1029.696000000004
949.3,1033.0240000000001
949.4,1039.173999999993
949.5,1040.5276237623787
949.6,1039.3008000000002
949.7,1037.9427999999978
949.8,1035.9838000000004
949.9,1036.9545544554448
950.0,1038.1291999999999
950.1,1034.4600000000012
950.2,1031.4979999999998
950.3,1035.074158415841
950.4,1038.9501
950.5,1043.7586000000003
950.6,1045.4563366336629
950.7,1042.8707999999992
950.8,1040.6948000000016
950.9,1039.1144000000004
951.0,1038.4167326732672
951.1,1038.4450000000002
951.2,1040.695500000002
951.3,1040.5617128712888
951.4,1036.4281801980217
951.5,1029.4211285714293
951.6,1027.4601214285728
951.7,1031.4112990099006
951.8,1031.3381831683157
951.9,1029.4710000000016
952.0,1026.6095000000014
952.1,1026.8903999999984
952.2,1023.4706930693053
952.3,1023.7439999999975
952.4,1023.1020000000045
952.5,1019.892
952.6,1019.4926732673181
952.7,1020.5268000000185
952.8,1025.9789000000037
952.9,1012.2212000000018
953.0,1011.5023762376225
953.1,1015.2735999999998
953.2,1009.1943999999983
953.3,1003.8127999999999
953.4,1003.6057425742588
953.5,1007.0508999999972
953.6,998.3487999999985
953.7,994.9124
953.8,996.0202970297013
953.9,996.790400000001
954.0,994.9608000000005
954.1,994.4988118811897
954.2,997.4515000000026
954.3,998.3795000000015
954.4,997.6885148514835
954.5,1000.4680000000002
954.6,999.9803999999997
954.7,998.6098336633669
954.8,993.8967990098996
954.9,995.0586000000001
955.0,994.1650999999999
955.1,993.1697
955.2,991.1421782178207
955.3,988.0143999999971
955.4,989.6524000000012
955.5,988.1911881188123
955.6,989.1715000000003
955.7,989.7657000000003
955.8,993.304699999994
955.9,1002.0928712871261
956.0,1004.7180000000012
956.1,1004.175
956.2,1011.1140000000064
956.3,1016.4907920792082
956.4,1015.3370000000002
956.5,1014.1039000000001
956.6,1013.3498000000002
956.7,1011.8954455445545
956.8,1011.4160000000024
956.9,1008.1507999999998
957.0,1007.4844000000004
957.1,1009.3836633663367
957.2,1009.7691000000001
957.3,1009.7508000000007
957.4,1009.2092999999996
957.5,1009.8886138613866
957.6,1010.4503999999997
957.7,1009.691399999999
957.8,1010.2991999999964
957.9,1013.1829702970338
958.0,1005.862500000001
958.1,1003.0699999999999
958.2,1001.5078960396004
958.3,998.2253227722772
958.4,996.4300000000002
958.5,993.234
958.6,993.6833663366336
958.7,995.4242999999989
958.8,989.0776000000061
958.9,984.7447000000021
959.0,992.6176237623757
959.1,990.0329999999983
959.2,987.6130000000012
959.3,990.3966336633642
959.4,992.3442000000014
959.5,990.0866
959.6,990.4058999999999
959.7,990.3938613861392
959.8,990.3800000000007
959.9,988.2619999999998
960.0,989.7419999999996
960.1,990.0500000000001
960.2,987.0103960396104
960.3,991.8607
960.4,989.7188000000001
960.5,990.9822772277223
960.6,985.2370000000016
960.7,990.3952000000003
960.8,991.3159999999986
960.9,994.84871287129
961.0,1002.9645000000005
961.1,1000.1152999999897
961.2,981.7875999999973
961.3,979.7616831683071
961.4,993.6387999999988
961.5,995.2372000000009
961.6,991.576399999999
961.7,993.0104507307996
961.8,1005.6655846153915
961.9,989.4086762376207
962.0,998.7453762376226
962.1,1008.7989999999988
962.2,1017.895
962.3,1018.7192079207922
962.4,1017.3247999999996
962.5,1014.1851999999998
962.6,1012.1708999999994
962.7,1007.5836633663365
962.8,1006.5556000000054
962.9,1000.1048000000006
963.0,998.6879999999976
963.1,991.9859405940578
963.2,987.9078000000004
963.3,988.1846000000016
963.4,985.838199999995
963.5,994.3425742574266
963.6,992.5628000000013
963.7,987.6730000000056
963.8,994.1365999999985
963.9,998.8277227722778
964.0,997.4399999999996
964.1,1005.1204999999998
964.2,1010.0925000000001
964.3,1006.6669306930695
964.4,1001.9864
964.5,1001.6079999999997
964.6,1000.3399999999999
964.7,1000.0615841584167
964.8,1004.8723000000018
964.9,1002.2310000000027
965.0,998.1865346534672
965.1,1002.4018000000027
965.2,1006.4470000000011
965.3,1008.179200000002
965.4,1004.293663366335
965.5,1007.9253000000003
965.6,1006.4556000000003
965.7,1005.0136633663351
965.8,1003.3800000000001
965.9,1003.73
966.0,1004.69
966.1,997.12
966.2,994.3576237623755
966.3,989.0335000000048
966.4,987.2474999999995
966.5,998.3774000000027
966.6,999.7348514851491
966.7,1003.7878000000019
966.8,1003.7622
966.9,1006.3173333333318
967.0,1006.0539333333331
967.1,1007.5577227722786
967.2,1005.8131999999985
967.3,1008.3588079207917
967.4,1002.861134653466
967.5,997.9766000000005
967.6,999.7339999999996
967.7,1006.0925000000062
967.8,1009.9759999999995
967.9,1006.1103960396035
968.0,1010.8880000000007
968.1,1009.9579999999999
968.2,1004.3449999999993
968.3,1005.0499009900977
968.4,1005.8864000000001
968.5,1008.8002000000012
968.6,1003.4094999999977
968.7,985.7543999999932
968.8,978.9103960396071
968.9,977.2580000000006
969.0,979.9184000000014
969.1,973.9815999999958
969.2,977.7378217821824
969.3,984.0488999999978
969.4,983.2370000000005
969.5,983.1465999999998
969.6,988.0368316831677
969.7,987.9686
969.8,988.2599999999999
969.9,989.8951999999999
970.0,992.3
970.1,992.9480198019803
970.2,993.3655
970.3,994.4414999999989
970.4,994.6625
970.5,995.0610000000001
970.6,993.0219999999995
970.7,992.9950495049507
970.8,992.1612000000008
970.9,995.8035999999967
971.0,994.0351999999992
971.1,992.7199999999997
971.2,994.7722772277243
971.3,997.0210999999989
971.4,997.2406
971.5,998.3387999999993
971.6,999.5964059405935
971.7,1005.1171821782222
971.8,1004.1644000000007
971.9,1004.6347999999997
972.0,1008.6258068376078
972.1,1008.7644999999991
972.2,1004.3949999999977
972.3,1004.4979999999977
972.4,1007.2310891089095
972.5,1005.6695999999991
972.6,1007.4672000000032
972.7,1008.9079999999997
972.8,1011.148399999998
972.9,1009.5081980198045
973.0,1010.2593841584145
973.1,1011.3864999999997
973.2,1012.4989000000016
973.3,1011.2025000000008
973.4,1007.7887000000009
973.5,1009.1409900990093
973.6,1008.9172000000001
973.7,1010.6023999999999
973.8,1009.1208000000023
973.9,1008.3008
974.0,1006.8816257425738
974.1,1006.5921732673271
974.2,1013.7687000000022
974.3,1015.8682000000031
974.4,1014.5741584158416
974.5,1011.1700000000001
974.6,1010.0000000000008
974.7,1005.8330693069258
974.8,1002.1201000000003
974.9,1002.8906999999992
975.0,1005.5705999999985
975.1,1007.1327722772278
975.2,998.1059999999928
975.3,993.2331999999993
975.4,997.3577999999991
975.5,997.5582000000006
975.6,996.7268316831683
975.7,1000.1082000000001
975.8,1005.1515999999978
975.9,1005.0953999999999
976.0,1003.3225336633664
976.1,1001.7601702970293
976.2,999.0159999999993
976.3,998.0983999999995
976.4,998.7570297029698
976.5,1000.27
976.6,998.8234999999977
976.7,999.9557425742612
976.8,1001.7600000000007
976.9,1002.7709999999988
977.0,1000.7100000000025
977.1,999.5859405940585
977.2,999.3443999999984
977.3,997.5575000000001
977.4,1000.763099999999
977.5,1004.4413999999997
977.6,1008.0915841584158
977.7,1009.4267999999997
977.8,1008.0044000000001
977.9,1004.4483999999993
978.0,1002.9838613861393
978.1,1002.6827999999988
978.2,1001.7219000000006
978.3,1000.4342574257454
978.4,997.3900000000011
978.5,993.71
978.6,989.0949999999978
978.7,984.5612871287093
978.8,987.1327999999965
978.9,995.0156999999983
979.0,994.8301000000017
979.1,996.6113000000022
979.2,1004.476902970302
979.3,1008.5104158415837
979.4,1008.4008000000002
979.5,1006.956
979.6,1005.7748514851486
979.7,1003.8630999999998
979.8,1001.9456000000008
979.9,1002.2727000000003
980.0,992.9749999999966
980.1,953.2165999999913
980.2,898.0787128712741
980.3,850.8260000000325
980.4,797.5866000000148
980.5,742.7790099009687
980.6,699.5319999999729
980.7,654.4224999999705
980.8,599.2490000000332
980.9,541.6426732673465
981.0,499.03440000000955
981.1,476.68559999999854
981.2,472.9796039603956
981.3,472.47490000000005
981.4,471.88340000000005
981.5,471.4268
981.6,471.14524752475245
981.7,470.82399999999996
981.8,470.57860000000005
981.9,470.3875999999999
982.0,470.1560396039603
982.1,469.9895
982.2,469.8987928571428
982.3,469.7781785714286
982.4,469.6926732673267
982.5,469.5608
982.6,469.4348
982.7,469.3339603960396
982.8,469.20760000000007
982.9,469.1119
983.0,469.08189999999996
983.1,469.0172277227722
983.2,468.91560000000004
983.3,468.94440000000003
983.4,468.8636000000001
983.5,468.7780198019802
983.6,468.805
983.7,468.71999999999997
983.8,468.6975
983.9,468.6952475247525
984.0,468.6272
984.1,468.662
984.2,468.6784
984.3,468.6196
984.4,468.65712871287127
984.5,468.6593
984.6,468.5969
984.7,468.6246
984.8,468.6055000000001
984.9,468.50138613861384
985.0,468.52239999999995
985.1,468.44239999999996
985.2,468.39526930693074
985.3,468.4347524752476
985.4,468.3716
985.5,468.35049999999995
985.6,468.37319999999994
985.7,468.3079
985.8,468.32495049504945
985.9,468.396
986.0,468.294
986.1,468.28
986.2,468.29399999999987
986.3,468.1959405940594
986.4,468.22950000000003
986.5,468.2396
986.6,468.1176
986.7,468.15376237623764
986.8,468.14660000000003
986.9,468.0526
987.0,468.1046
987.1,468.0639603960396
987.2,468.00700000000006
987.3,468.07810000000006
987.4,468.00316831683176
987.5,467.9312
987.6,467.9771999999999
987.7,467.91475247524755
987.8,467.94116336633664
987.9,467.9275
988.0,467.80449999999996
988.1,467.824
988.2,467.76899999999983
988.3,467.6574257425743
988.4,467.6972
988.5,467.66880000000003
988.6,467.6110891089109
988.7,467.68
988.8,467.6761
988.9,467.6591
989.0,467.72
989.1,467.72
989.2,467.7284
989.3,467.7732000000001
989.4,467.6572
989.5,467.7135643564356
989.6,467.7257
989.7,467.6111
989.8,467.6156
989.9,467.56693069306937
990.0,467.46299999999997
990.1,467.491
990.2,467.495
990.3,467.466
990.4,467.61
990.5,467.61
990.6,467.6181
990.7,467.69636435643565
990.8,467.6658732673267
990.9,467.7403999999999
991.0,467.85601584158417
991.1,467.81121584158416
991.2,467.8335000000001
991.3,467.8674000000001
991.4,467.7048514851485
991.5,467.7718
991.6,467.7964
991.7,467.7436
991.8,467.797
991.9,467.74405346534655
992.0,467.6542821782178
992.1,467.727
992.2,467.666
992.3,467.5949504950495
992.4,467.6864
992.5,467.5988
992.6,467.57
992.7,467.56639999999993
992.8,467.4497
992.9,467.4423999999999
993.0,467.5155
993.1,467.3718
993.2,467.429702970297
993.3,467.4174000000001
993.4,467.2908
993.5,467.329
993.6,467.2784
993.7,467.2009900990099
993.8,467.24920000000003
993.9,467.1689
994.0,467.061
994.1,467.15880000000004
994.2,467.0397
994.3,467.0106930693069
994.4,467.08
994.5,466.97
994.6,467.05
994.7,467.11
994.8,467.03
994.9,467.1689108910891
995.0,467.170000990099
995.1,467.0809
995.2,467.17900000000003
995.3,467.1503
995.4,467.06178217821787
995.5,467.16780000000006
995.6,467.18960000000004
995.7,467.1704
995.8,467.2284118811881
995.9,467.1329881188119
996.0,467.15909999999997
996.1,467.25700000000006
996.2,467.2119801980198
996.3,467.2676
996.4,467.37559999999996
996.5,467.28400000000005
996.6,467.35679999999996
996.7,467.36
996.8,467.303
996.9,467.3285
997.0,467.3775
997.1,467.30400000000003
997.2,467.3564356435644
997.3,467.31300000000005
997.4,467.2724
997.5,467.34520000000003
997.6,467.31239999999997
997.7,467.35653465346536
997.8,467.36
997.9,467.35069999999996
998.0,467.3686
998.1,467.42580000000004
998.2,467.3462999999999
998.3,467.4044554455445
998.4,467.39160000000004
998.5,467.33480000000003
998.6,467.33
998.7,467.22069306930683
998.8,467.1918
998.9,467.21729999999997
999.0,467.21090000000004
999.1,467.2725287128713
999.2,467.2799108910891
999.3,467.20799999999997
999.4,467.326
999.5,467.376
999.6,467.36199999999997
999.7,467.396
999.8,467.4265544554455
999.9,467.34991089108905
1000.0,467.3578
1000.1,467.27099999999996
1000.2,467.2333
1000.3,467.3004950495049
1000.4,467.2044000000001
1000.5,467.19
1000.6,467.26920000000007
1000.7,467.2536
1000.8,467.2851128712871
1000.9,467.31608712871287
1001.0,467.28520000000003
1001.1,467.3148
1001.2,467.3722
1001.3,467.24950000000007
1001.4,467.3592079207921
1001.5,467.3542
1001.6,467.2554
1001.7,467.2744
1001.8,467.1693069306932
1001.9,467.1755
1002.0,467.24800000000005
1002.1,467.209
1002.2,467.2
1002.3,467.31769504950483
1002.4,467.2392000000001
1002.5,467.2704
1002.6,467.2884
1002.7,467.2484158415841
1002.8,467.28149999999994
1002.9,467.29
1003.0,467.19870000000003
1003.1,467.26217821782177
1003.2,467.2718178217822
1003.3,467.19620000000003
1003.4,467.262
1003.5,467.2312871287129
1003.6,467.2362
1003.7,467.3129
1003.8,467.2900613861387
1003.9,467.288
1004.0,467.338
1004.1,467.302
1004.2,467.314
1004.3,467.3358415841584
1004.4,467.2531000000001
1004.5,467.2932
1004.6,467.2863
1004.7,467.25653465346534
1004.8,467.30459999999994
1004.9,467.2966
1005.0,467.2588
1005.1,467.2886138613861
1005.2,467.22299999999996
1005.3,467.2693
1005.4,467.31309999999996
1005.5,467.25138613861384
1005.6,467.28319999999997
1005.7,467.2772
1005.8,467.2244
1005.9,467.25559999999996
1006.0,467.232300990099
1006.1,467.15999999999997
1006.2,467.155
1006.3,467.13000000000005
1006.4,467.135
1006.5,467.1775
1006.6,467.1156683168316
1006.7,467.1789029702971
1006.8,467.1878
1006.9,467.12080000000003
1007.0,467.18140000000005
1007.1,467.22465346534653
1007.2,467.1862
1007.3,467.1919
1007.4,467.17810000000003
1007.5,467.12576633663366
1007.6,467.1676831683168
1007.7,467.12519999999995
1007.8,467.0928
1007.9,467.1692
1008.0,467.0930693069307
1008.1,467.0855
1008.2,467.1426
1008.3,467.06158415841594
1008.4,467.055
1008.5,467.098
1008.6,467.00499999999994
1008.7,467.0440000000001
1008.8,467.0453465346535
1008.9,466.9403000000001
1009.0,466.98280000000005
1009.1,466.9233999999999
1009.2,466.8662
1009.3,466.9078217821782
1009.4,466.8756
1009.5,466.80920000000003
1009.6,466.8707920792079
1009.7,466.78269999999986
1009.8,466.7468
1009.9,466.7935
1010.0,466.6894
1010.1,466.6830693069307
1010.2,466.743
1010.3,466.7006
1010.4,466.6832
1010.5,466.67039603960393
1010.6,466.5559999999999
1010.7,466.5325
1010.8,466.5305
1010.9,466.494
1011.0,466.5572277227724
1011.1,466.54239999999993
1011.2,466.49719999999996
1011.3,466.554
1011.4,466.52663366336634
1011.5,466.5467
1011.6,466.62410000000006
1011.7,466.60608712871283
1011.8,466.5986376237624
1011.9,466.6286
1012.0,466.6214
1012.1,466.6658
1012.2,466.7001841584158
1012.3,466.67556138613867
1012.4,466.72709999999995
1012.5,466.7639
1012.6,466.76
1012.7,466.808
1012.8,466.79200000000003
1012.9,466.789702970297
1013.0,466.8277
1013.1,466.8046
1013.2,466.78
1013.3,466.7742
1013.4,466.81059999999997
1013.5,466.7596039603961
1013.6,466.74559999999997
1013.7,466.8199
1013.8,466.793
1013.9,466.7956
1014.0,466.86386138613864
1014.1,466.8228
1014.2,466.8143564356436
1014.3,466.85554455445543
1014.4,466.7885000000001
1014.5,466.785
1014.6,466.8135
1014.7,466.7339999999999
1014.8,466.72399999999993
1014.9,466.7708910891089
1015.0,466.75840000000005
1015.1,466.8156
1015.2,466.84759999999994
1015.3,466.83063960396044
1015.4,466.8930465346535
1015.5,466.8928772277228
1015.6,466.88120000000004
1015.7,466.92560000000003
1015.8,466.90360000000004
1015.9,466.86479999999995
1016.0,466.886
1016.1,466.85336633663366
1016.2,466.8102
1016.3,466.8302
1016.4,466.7945544554456
1016.5,466.78
1016.6,466.78999999999996
1016.7,466.785
1016.8,466.835
1016.9,466.85019801980195
1017.0,466.83
1017.1,466.8251
1017.2,466.80039999999997
1017.3,466.8188118811881
1017.4,466.87919999999997
1017.5,466.8616
1017.6,466.8488
1017.7,466.8990099009901
1017.8,466.8824
1017.9,466.8682
1018.0,466.9282
1018.1,466.9788
1018.2,467.0371346534654
1018.3,467.04320000000007
1018.4,467.03679999999997
1018.5,467.08000000000004
1018.6,467.02939999999995
1018.7,466.9792
1018.8,466.94860000000006
1018.9,466.8453009900991
1019.0,466.7618910891089
1019.1,466.70399999999995
1019.2,466.633
1019.3,466.6225
1019.4,466.62750000000005
1019.5,466.6447772277227
1019.6,466.7306891089109
1019.7,466.74359999999996
1019.8,466.7804
1019.9,466.89639999999997
1020.0,466.8904
1020.1,466.85324356435643
1020.2,466.8436920792078
1020.3,466.7369
1020.4,466.6314
1020.5,466.577
1020.6,466.4856
1020.7,466.47010000000006
1020.8,466.44613861386136
1020.9,466.36
1021.0,466.3894
1021.1,466.3922
1021.2,466.3652
1021.3,466.4126
1021.4,466.38425742574253
1021.5,466.3405
1021.6,466.3782
1021.7,466.34079999999994
1021.8,466.29869999999994
1021.9,466.3236
1022.0,466.2754
1022.1,466.2766158415842
1022.2,466.31005940594054
1022.3,466.28
1022.4,466.32399999999996
1022.5,466.346
1022.6,466.288
1022.7,466.34400000000005
1022.8,466.3545544554456
1022.9,466.3051
1023.0,466.3639
1023.1,466.3076
1023.2,466.2334000000001
1023.3,466.27
1023.4,466.2271
1023.5,466.1831683168317
1023.6,466.2276
1023.7,466.20199999999994
1023.8,466.1894
1023.9,466.23199999999997
1024.0,466.1814
1024.1,466.230099009901
1024.2,466.2318999999999
1024.3,466.17589999999996
1024.4,466.22
1024.5,466.1943564356436
1024.6,466.16439999999994
1024.7,466.1828
1024.8,466.1448
1024.9,466.1
1025.0,466.107
1025.1,466.1095
1025.2,466.1145
1025.3,466.14960396039606
1025.4,466.1334
1025.5,466.15020000000004
1025.6,466.1428000000001
1025.7,466.1104
1025.8,466.15336633663367
1025.9,466.1236999999999
1026.0,466.05330000000004
1026.1,466.0469306930693
1026.2,465.99119999999994
1026.3,465.9332
1026.4,465.9175999999999
1026.5,465.8636
1026.6,465.84366336633667
1026.7,465.80210000000005
1026.8,465.74
1026.9,465.71519999999987
1027.0,465.60475247524755
1027.1,465.486
1027.2,465.476
1027.3,465.36944554455454
1027.4,465.2529
1027.5,465.231
1027.6,465.11940000000004
1027.7,465.0258
1027.8,464.9969306930694
1027.9,464.904
1028.0,464.9596
1028.1,464.9848
1028.2,464.94772277227725
1028.3,465.0335
1028.4,465.05109999999996
1028.5,465.02160000000003
1028.6,465.0906930693069
1028.7,465.0887999999999
1028.8,465.0312
1028.9,465.1174
1029.0,465.1022
1029.1,465.1057425742573
1029.2,465.16499999999996
1029.3,465.12
1029.4,465.1350000000001
1029.5,465.16499999999996
1029.6,465.129900990099
1029.7,465.6520000000017
1029.8,479.3947999999538
1029.9,533.5514851485718
1030.0,596.0426999999628
1030.1,649.7552999999651
1030.2,704.1451000000699
1030.3,765.301499999968
1030.4,816.334257425815
1030.5,878.6201999999751
1030.6,932.98459999995
1030.7,988.0449504950234
1030.8,1037.7466000000013
1030.9,1032.4123999999929
1031.0,1028.2031000000006
1031.1,1025.6476237623772
1031.2,1024.7440000000001
1031.3,1024.7780000000012
1031.4,1023.2020792079207
1031.5,1024.3010990099008
1031.6,1021.1743000000006
1031.7,1017.2455999999983
1031.8,1011.9701980198012
1031.9,1016.1715999999996
1032.0,1015.8784
1032.1,1019.7829999999802
1032.2,1027.4805940594026
1032.3,1022.8476000000016
1032.4,1026.9222999999988
1032.5,1025.0340999999994
1032.6,1023.8842316831615
1032.7,1028.1404277227855
1032.8,1034.4423999999954
1032.9,1037.608400000002
1033.0,1039.884800000002
1033.1,1043.4085148514823
1033.2,1045.671000000002
1033.3,1046.4625000000117
1033.4,1036.4929999999904
1033.5,1032.7294059406127
1033.6,1051.4174000000037
1033.7,1047.4589999999966
1033.8,1044.2068000000036
1033.9,1041.0002970297041
1034.0,1041.5214000000014
1034.1,1040.2256999999968
1034.2,1044.672400000002
1034.3,1046.0346534653463
1034.4,1046.3299999999972
1034.5,1044.6196000000004
1034.6,1044.1367999999954
1034.7,1049.644752475248
1034.8,1048.7229000000002
1034.9,1047.750999999993
1035.0,1044.1863366336636
1035.1,1042.8260000000014
1035.2,1037.9759999999999
1035.3,1042.484
1035.4,1042.4027722772275
1035.5,1038.0573
1035.6,1037.9751
1035.7,1036.481050495047
1035.8,1025.525449504946
1035.9,1011.3064000000077
1036.0,1025.2927999999956
1036.1,1012.1408475247212
1036.2,1028.1730475247632
1036.3,1024.8397999999995
1036.4,1024.3074000000026
1036.5,1027.3131683168274
1036.6,1021.1873999999723
1036.7,1039.8243999999943
1036.8,1033.5893069306799
1036.9,1042.963500000001
1037.0,1043.694499999998
1037.1,1042.1744999999933
1037.2,1047.567029702966
1037.3,1043.8823999999952
1037.4,1048.9299999999985
1037.5,1047.726
1037.6,1047.8050495049465
1037.7,1052.0256999999988
1037.8,1051.060900000004
1037.9,1045.4536000000094
1038.0,1051.426899999999
1038.1,1052.5897029702978
1038.2,1051.5706000000007
1038.3,1049.9706000000037
1038.4,1042.1814336633684
1038.5,1043.204633663367
1038.6,1039.8629000000003
1038.7,1039.1469000000002
1038.8,1037.894499999999
1038.9,1042.2434653465232
1039.0,1036.59
1039.1,1048.65
1039.2,1055.6299999999999
1039.3,1059.02
1039.4,1054.4160396039592
1039.5,1069.2596000000035
1039.6,1065.954900000007
1039.7,1072.6343564356466
1039.8,1063.7539999999958
1039.9,1068.7542000000026
1040.0,1082.0754455445635
1040.1,1049.975300000051
1040.2,1042.4612999999954
1040.3,1044.5278792079177
1040.4,1046.3670930693086
1040.5,1045.7583999999993
1040.6,1040.526800000007
1040.7,1037.180399999997
1040.8,1035.2740000000024
1040.9,1037.3386138613887
1041.0,1035.645000000002
1041.1,1035.1510000000005
1041.2,1035.7190000000007
1041.3,1036.889905940593
1041.4,1030.4082178217727
1041.5,1030.5727999999997
1041.6,1028.0908000000024
1041.7,1031.8780000000058
1041.8,1030.0902000000017
1041.9,1028.106617821779
1042.0,1028.9184752475242
1042.1,1033.7515999999964
1042.2,1032.343000000001
1042.3,1033.938971287128
1042.4,1029.9406574257343
1042.5,1032.7631999999992
1042.6,1037.501999999998
1042.7,1033.9248000000011
1042.8,1035.0979999999993
1042.9,1033.0165346534654
1043.0,1039.5521999999983
1043.1,1034.4961000000014
1043.2,1035.9684
1043.3,1038.8453999999995
1043.4,1033.9535435643554
1043.5,1032.1486138613861
1043.6,1022.3170000000001
1043.7,1011.2769999999974
1043.8,1018.7333663366355
1043.9,1005.8603999999925
1044.0,993.7536999999973
1044.1,1007.4219999999698
1044.2,998.6789999999972
1044.3,989.5362376237586
1044.4,987.4767999999991
1044.5,991.6696000000022
1044.6,995.1375999999949
1044.7,996.9327722772288
1044.8,997.0269000000002
1044.9,1001.3774000000034
1045.0,1002.2127000000002
1045.1,1002.5845544554452
1045.2,1004.6266000000021
1045.3,1004.6264356435647
1045.4,1003.3884999999984
1045.5,1005.3814999999979
1045.6,1004.0700000000023
1045.7,1003.5744999999997
1045.8,1005.5513861386124
1045.9,1010.7264000000077
1046.0,1008.498400000002
1046.1,1009.2523999999986
1046.2,1008.9777227722775
1046.3,1006.1559000000022
1046.4,1003.3423999999956
1046.5,1003.7846999999997
1046.6,1005.4556999999987
1046.7,1002.7769306930695
1046.8,1000.5720000000008
1046.9,998.2209999999955
1047.0,996.9108
1047.1,994.5634000000011
1047.2,990.7280000000003
1047.3,994.8197999999974
1047.4,993.7853465346531
1047.5,990.1005000000008
1047.6,992.735799999999
1047.7,990.9136999999993
1047.8,985.8693000000013
1047.9,992.8097029703009
1048.0,995.284
1048.1,993.538
1048.2,994.4300000000007
1048.3,995.1779999999999
1048.4,995.4118019801981
1048.5,992.6616742574249
1048.6,993.436799999997
1048.7,995.4832000000005
1048.8,994.7112999999997
1048.9,988.2029702970226
1049.0,987.3380000000005
1049.1,991.4877999999934
1049.2,987.293799999997
1049.3,987.7500000000013
1049.4,988.9950495049516
1049.5,988.7841999999996
1049.6,994.7121999999916
1049.7,996.2989108910888
1049.8,997.263599999999
1049.9,999.178400000002
1050.0,1003.4800000000045
1050.1,1002.0276000000028
1050.2,1002.3756000000014
1050.3,1004.3231999999982
1050.4,1008.1609900990147
1050.5,1008.2775000000007
1050.6,1007.8675000000002
1050.7,1009.3175000000023
1050.8,1007.6425000000016
1050.9,1006.3036633663355
1051.0,1008.9685999999989
1051.1,1008.4408000000019
1051.2,1005.9510891089112
1051.3,1010.547099999995
1051.4,1010.181299999995
1051.5,1008.1155000000001
1051.6,1008.0641999999996
1051.7,1008.1449504950494
1051.8,1001.805600000004
1051.9,984.4891999999962
1052.0,978.2636000000002
1052.1,985.4753465346504
1052.2,978.9998999999942
1052.3,970.0777000000015
1052.4,976.9915000000055
1052.5,977.3700990099012
1052.6,972.3260000000083
1052.7,978.6280000000002
1052.8,986.9490000000001
1052.9,996.936336633673
1053.0,997.7220999999992
1053.1,999.6287999999939
1053.2,1000.4698019801976
1053.3,998.7820000000023
1053.4,1000.9252000000018
1053.5,999.0947999999978
1053.6,997.5494059405942
1053.7,997.7947000000003
1053.8,998.0505999999999
1053.9,995.5974999999976
1054.0,995.1759405940586
1054.1,993.5572000000042
1054.2,992.2525999999997
1054.3,988.8200000000021
1054.4,988.5000000000024
1054.5,990.9469999999991
1054.6,989.7375000000038
1054.7,983.6702970297043
1054.8,982.8471999999973
1054.9,983.0559999999981
1055.0,982.5316
1055.1,984.8355445544527
1055.2,988.7378000000007
1055.3,992.6969999999974
1055.4,993.7726039603959
1055.5,994.4795861386131
1055.6,993.9588000000008
1055.7,991.2005999999986
1055.8,993.8259999999971
1055.9,999.9524000000024
1056.0,998.9435643564373
1056.1,994.155500000001
1056.2,996.6473000000046
1056.3,994.796138613862
1056.4,992.416000000001
1056.5,994.092
1056.6,997.123999999995
1056.7,1000.2314851485154
1056.8,1003.1772000000008
1056.9,1005.0772000000013
1057.0,1004.5051999999996
1057.1,999.3042000000084
1057.2,998.1369306930706
1057.3,999.0254000000008
1057.4,996.7227999999985
1057.5,1002.4134000000056
1057.6,1006.5737623762388
1057.7,1006.2433000000005
1057.8,1001.6209000000053
1057.9,999.3236000000016
1058.0,999.932871287129
1058.1,999.4176000000004
1058.2,1001.3900000000035
1058.3,1002.2280000000005
1058.4,1011.6700000000186
1058.5,1017.5645000000004
1058.6,1014.8305000000021
1058.7,1013.7289999999994
1058.8,1021.0084158415845
1058.9,1025.1159999999945
1059.0,1020.7405999999993
1059.1,1025.747999999988
1059.2,1030.002178217821
1059.3,1025.1817000000042
1059.4,1012.1074999999694
1059.5,1005.715300000002
1059.6,1008.3137999999997
1059.7,1009.3958415841591
1059.8,1007.8712000000021
1059.9,1004.814399999999
1060.0,1003.6948000000002
1060.1,1001.6737623762388
1060.2,999.4032999999988
1060.3,1000.2732999999994
1060.4,1000.7878999999984
1060.5,996.6122772277236
1060.6,996.2899999999933
1060.7,996.77
1060.8,992.0550000000001
1060.9,989.9090594059409
1061.0,992.0041990099019
1061.1,991.2233000000051
1061.2,992.9393000000022
1061.3,998.2021999999993
1061.4,999.3131683168322
1061.5,998.7787999999987
1061.6,1000.1303999999964
1061.7,1004.1032673267339
1061.8,1003.4469000000014
1061.9,1006.235800000007
1062.0,1010.0355000000013
1062.1,1010.9590099009815
1062.2,1010.5271999999931
1062.3,1008.4453999999994
1062.4,1009.1484158415805
1062.5,1008.0575000000002
1062.6,1007.237500000005
1062.7,1004.9147524752476
1062.8,1004.6740000000008
1062.9,1003.197599999997
1063.0,1003.5353306930706
1063.1,1005.1458782178225
1063.2,1003.253999999998
1063.3,999.5122000000031
1063.4,997.4936633663376
1063.5,995.1634000000033
1063.6,993.0699999999977
1063.7,995.8565999999998
1063.8,995.8247524752475
1063.9,995.5776999999988
1064.0,997.0404999999988
1064.1,998.0684000000056
1064.2,994.2004950495053
1064.3,994.802
1064.4,997.9579999999999
1064.5,997.4430693069306
1064.6,996.7462019801982
1064.7,996.1346999999996
1064.8,998.1679999999952
1064.9,1003.7879207920802
1065.0,1003.7183999999976
1065.1,1002.0273999999982
1065.2,1006.5994000000023
1065.3,1010.7093069306923
1065.4,1012.5534000000006
1065.5,1011.7935000000006
1065.6,1015.5140999999746
1065.7,1024.1106999999975
1065.8,1015.1554000000029
1065.9,1003.0615841584137
1066.0,999.4207999999994
1066.1,995.1260000000036
1066.2,992.3931999999974
1066.3,988.8070297029694
1066.4,984.2039999999954
1066.5,979.8584999999985
1066.6,975.4975000000043
1066.7,976.5634653465389
1066.8,984.8291999999956
1066.9,986.5471999999941
1067.0,986.3192653465394
1067.1,993.2238980197978
1067.2,996.9492000000009
1067.3,998.1330999999992
1067.4,999.7971000000024
1067.5,1001.7984158415841
1067.6,1001.5504000000005
1067.7,1000.8016000000005
1067.8,1001.7982178217813
1067.9,1001.777999999993
1068.0,997.6165000000003
1068.1,998.5905999999932
1068.2,1002.1850495049512
1068.3,998.486
1068.4,998.792000000008
1068.5,1002.5169999999999
1068.6,1003.3296831683164
1068.7,1002.9517623762374
1068.8,1002.322099999998
1068.9,1004.5558999999993
1069.0,1000.871499999999
1069.1,1000.031755445541
1069.2,1005.744942574257
1069.3,1004.5904000000003
1069.4,1005.5384000000031
1069.5,1008.3075247524762
1069.6,1002.6569000000009
1069.7,1001.1818999999973
1069.8,997.7701999999998
1069.9,996.1391089108901
1070.0,994.3465999999991
1070.1,991.8338000000011
1070.2,990.6517999999982
1070.3,987.8474158415826
1070.4,982.4718316831619
1070.5,980.1650000000063
1070.6,988.0825000000011
1070.7,984.3817821782105
1070.8,979.1207999999863
1070.9,992.5556000000065
1071.0,1000.166799999994
1071.1,1004.1816316831721
1071.2,1002.0174702970334
1071.3,1009.0480999999882
1071.4,1020.0504999999887
1071.5,1012.7308999999973
1071.6,1018.0834999999929
1071.7,1026.4773000000016
1071.8,1026.938613861388
1071.9,1024.7998000000014
1072.0,1026.9171999999974
1072.1,1030.2264000000052
1072.2,1027.260039603958
1072.3,1031.6180564356437
1072.4,1032.6516000000079
1072.5,1037.420499999999
1072.6,1038.7463009901053
1072.7,1032.0484158415838
1072.8,1032.942000000001
1072.9,1031.182
1073.0,1030.397920792079
1073.1,1027.154500000001
1073.2,1024.5589000000014
1073.3,1026.823200000002
1073.4,1018.4090099009904
1073.5,1018.7527999999998
1073.6,1015.9605999999907
1073.7,1022.4662000000058
1073.8,1032.4425999999999
1073.9,1032.5798019802028
1074.0,1039.454299999998
1074.1,1036.5099999999793
1074.2,1046.269799999996
1074.3,1043.0696039603997
1074.4,1052.0651999999998
1074.5,1052.127600000001
1074.6,1052.282000000012
1074.7,1045.5988000000025
1074.8,1048.8811881188153
1074.9,1046.7345000000014
1075.0,1047.3494999999978
1075.1,1044.7195000000015
1075.2,1043.5137623762369
1075.3,1043.3009999999967
1075.4,1046.2481999999986
1075.5,1045.4213999999977
1075.6,1047.274800000002
1075.7,1045.074146534651
1075.8,1042.0516940594111
1075.9,1036.3225000000093
1076.0,1043.0147999999979
1076.1,1044.7827000000043
1076.2,1039.9167326732727
1076.3,1043.1912000000013
1076.4,1040.7460000000024
1076.5,1042.2827999999993
1076.6,1043.287247524754
1076.7,1044.6611188118743
1076.8,1073.902799999995
1076.9,1092.2642999999875
1077.0,1087.9055999999964
1077.1,1102.088
1077.2,1101.2958297029713
1077.3,1096.4304851485144
1077.4,1097.288
1077.5,1094.336
1077.6,1115.101000000003
1077.7,1099.4914851485141
1077.8,1072.5224999999994
1077.9,1052.4617999999994
1078.0,1049.7963366336635
1078.1,1049.7740000000113
1078.2,1044.8476000000044
1078.3,1053.3819999999987
1078.4,1048.7351485148517
1078.5,1049.1962999999996
1078.6,1048.1596000000043
1078.7,1045.5893999999996
1078.8,1044.5974257425707
1078.9,1038.6412000000018
1079.0,1040.780600000003
1079.1,1044.427623762379
1079.2,1042.7935000000064
1079.3,1048.685499999997
1079.4,1051.0389999999993
1079.5,1050.3144999999972
1079.6,1047.667722772279
1079.7,1046.462800000006
1079.8,1050.8272000000004
1079.9,1050.7000000000135
1080.0,1061.210891089099
1080.1,1071.7355999999982
1080.2,1073.8952999999856
1080.3,1064.7832673267305
1080.4,1067.6587999999847
1080.5,1059.5541999999934
1080.6,1073.2936000000045
1080.7,1064.1428000000005
1080.8,1063.49445544554
1080.9,1072.782999999932
1081.0,1039.4196
1081.1,1039.347623762377
1081.2,1036.1100000000001
1081.3,1037.41
1081.4,1039.06
1081.5,1036.26
1081.6,1036.1114851485152
1081.7,1033.7735999999995
1081.8,1034.6806000000001
1081.9,1041.414158415845
1082.0,1038.3453999999986
1082.1,1033.7105272727345
1082.2,1030.063454545453
1082.3,1033.451600000002
1082.4,1036.5660000000023
1082.5,1030.1967999999965
1082.6,1031.0663999999967
1082.7,1033.9848514851503
1082.8,1037.772999999995
1082.9,1035.5394999999978
1083.0,1039.1233000000032
1083.1,1039.6668524752477
1083.2,1042.618899009904
1083.3,1038.4388000000056
1083.4,1039.0560000000014
1083.5,1039.2197999999999
1083.6,1047.3197999999902
1083.7,1046.3953999999976
1083.8,1042.805000000004
1083.9,1041.9451108910887
1084.0,1046.5309851485104
1084.1,1043.2530000000054
1084.2,1043.1505000000006
1084.3,1037.1230000000057
1084.4,1043.8260000000103
1084.5,1028.9237623762488
1084.6,1016.7796000000099
1084.7,1027.38960000002
1084.8,1014.7880000000098
1084.9,1008.8710891089052
1085.0,997.9912000000036
1085.1,997.9732999999983
1085.2,988.9795000000033
1085.3,987.2604584158414
1085.4,989.1120574257466
1085.5,993.1343999999997
1085.6,992.232600000001
1085.7,989.5558000000001
1085.8,992.9713861386126
1085.9,992.5596999999997
1086.0,992.8331999999998
1086.1,997.9028999999986
1086.2,1000.4775000000003
1086.3,1000.2187000000002
1086.4,1000.7215841584162
1086.5,1002.4
1086.6,1001.5160000000001
1086.7,1000.7919999999997
1086.8,998.634
1086.9,995.3839999999985
1087.0,994.0504950495048
1087.1,999.6548999999885
1087.2,999.4644037383184
1087.3,1001.5141028962698
1087.4,1001.2342158415831
1087.5,999.1677000000004
1087.6,998.4435
1087.7,1000.025900000001
1087.8,1000.619702970297
1087.9,1006.0290000000053
1088.0,1006.687
1088.1,1002.9880000000068
1088.2,1003.8654455445549
1088.3,999.3827999999982
1088.4,995.9946999999987
1088.5,999.4340000000013
1088.6,1000.9009000000005
1088.7,997.008910891087
1088.8,999.8975999999925
1088.9,1003.0116000000006
1089.0,1004.5652000000008
1089.1,1002.0400990099051
1089.2,1001.9871000000014
1089.3,1002.9914999999996
1089.4,1002.8585999999997
1089.5,999.3833999999965
1089.6,996.2275247524767
1089.7,993.8957999999977
1089.8,985.4472000000068
1089.9,981.2657999999997
1090.0,979.0881188118825
1090.1,976.2775000000031
1090.2,978.5415000000056
1090.3,978.1169306930699
1090.4,978.2164000000027
1090.5,980.0663999999999
1090.6,985.2759999999935
1090.7,988.2238613861388
1090.8,989.0888999999993
1090.9,993.1996000000095
1091.0,996.5114000000003
1091.1,993.4024752475281
1091.2,991.9422000000005
1091.3,996.2157999999972
1091.4,994.5399009900954
1091.5,990.4379000000006
1091.6,992.067399999999
1091.7,992.4301999999985
1091.8,987.4609900990105
1091.9,991.3060000000099
1092.0,997.896
1092.1,997.4493069306969
1092.2,995.1151999999996
1092.3,996.4032432432402
1092.4,998.3303567567566
1092.5,997.6807920792089
1092.6,995.535000000004
1092.7,994.4356000000002
1092.8,993.9145000000005
1092.9,988.7541584158344
1093.0,985.4675999999995
1093.1,985.9134000000043
1093.2,979.3039999999903
1093.3,983.3825999999971
1093.4,995.8054455445565
1093.5,990.7529999999985
1093.6,988.4779999999867
1093.7,995.177
1093.8,995.090000000001
1093.9,992.196435643558
1094.0,991.9728000000023
1094.1,996.4999999999977
1094.2,996.707599999999
1094.3,996.6494059405914
1094.4,999.6279000000015
1094.5,1000.7260000000006
1094.6,996.2495000000065
1094.7,992.1418811881208
1094.8,994.8231999999989
1094.9,993.9063999999951
1095.0,994.6935999999957
1095.1,996.9981188118913
1095.2,993.6394999999993
1095.3,993.3587000000011
1095.4,990.3120207920789
1095.5,989.1582376237623
1095.6,990.7179999999933
1095.7,995.096
1095.8,994.304
1095.9,992.8272277227704
1096.0,995.8286000000021
1096.1,998.3146000000058
1096.2,993.5162376237629
1096.3,993.5832000000009
1096.4,994.3620000000028
1096.5,996.2301999999979
1096.6,993.7125742574256
1096.7,996.8997000000046
1096.8,999.7211000000007
1096.9,995.923168316829
1097.0,994.4576000000002
1097.1,996.7723999999964
1097.2,995.7068316831669
1097.3,995.2139999999856
1097.4,1003.1041941747568
1097.5,1004.0199133663347
1097.6,1005.8169000000047
1097.7,1001.5633000000006
1097.8,999.5076237623764
1097.9,997.0699999999905
1098.0,995.3240000000001
1098.1,1001.3079999999994
1098.2,1002.3763366336635
1098.3,1002.7260000000011
1098.4,1000.2187999999994
1098.5,997.6777999999994
1098.6,995.5061386138614
1098.7,997.7192000000033
1098.8,1003.6327999999994
1098.9,1005.1792079207912
1099.0,1004.9777000000003
1099.1,1008.233899999996
1099.2,1005.4308999999881
1099.3,986.1730732673233
1099.4,971.4004138613979
1099.5,983.9364000000037
1099.6,988.9750000000187
1099.7,979.5462000000025
1099.8,983.932772277231
1099.9,989.594999999996
1100.0,983.8949999999929
1100.1,975.2849999999968
1100.2,981.313118811891
1100.3,996.0741029702862
1100.4,1005.3224000000007
1100.5,1006.2383999999987
1100.6,1007.2030693069311
1100.7,1006.8530999999999
1100.8,1006.0089000000025
1100.9,1003.4869940594072
1101.0,1003.5161306930707
1101.1,1001.5893999999969
1101.2,1004.5909999999991
1101.3,1005.9217089108917
1101.4,1004.7478217821766
1101.5,1003.7463000000002
1101.6,1002.6461000000011
1101.7,1001.6776792079205
1101.8,1002.4501584158425
1101.9,1001.424
1102.0,1002.316
1102.1,1001.9011881188117
1102.2,1001.6067999999992
1102.3,998.2603000000008
1102.4,995.2953
1102.5,994.7539576957691
1102.6,992.5423150315039
1102.7,991.7096000000008
1102.8,993.6248000000015
1102.9,998.3785148514844
1103.0,996.6749999999987
1103.1,994.4521999999977
1103.2,996.2454000000042
1103.3,1001.899009900989
1103.4,1000.0151999999981
1103.5,998.2052000000019
1103.6,1000.9243564356335
1103.7,1007.7974999999967
1103.8,1004.8049999999979
1103.9,1006.4484999999963
1104.0,1003.3290099009891
1104.1,1002.173200000004
1104.2,998.1400000000068
1104.3,1003.1732673267329
1104.4,1002.9478999999968
1104.5,1001.0515999999975
1104.6,1004.6465000000003
1104.7,1004.2444554455462
1104.8,1005.1832000000043
1104.9,996.0766000000042
1105.0,998.3416000000004
1105.1,997.4837999999988
1105.2,999.6351485148514
1105.3,999.8881
1105.4,999.6766999999952
1105.5,997.370594059406
1105.6,997.43
1105.7,996.0999999999999
1105.8,999.1400000000001
1105.9,1003.77
1106.0,994.076930693067
1106.1,1000.355599999987
1106.2,997.4400999999993
1106.3,1001.1324000000008
1106.4,999.2295999999994
1106.5,995.593069306929
1106.6,1003.3795999999857
1106.7,992.0543999999948
1106.8,997.0826000000023
1106.9,991.3002970296985
1107.0,997.8324000000048
1107.1,1003.3846999999917
1107.2,1001.6756910891077
1107.3,999.9779168316854
1107.4,1005.3916000000053
1107.5,1001.6359999999962
1107.6,996.6795049505002
1107.7,999.1660000000034
1107.8,999.9749999999992
1107.9,995.9184158415783
1108.0,1001.2247999999954
1108.1,1002.8207999999988
1108.2,1002.0065346534659
1108.3,997.1784000000035
1108.4,999.9355000000053
1108.5,1003.4249999999981
1108.6,1001.2667326732686
1108.7,1000.1400000000003
1108.8,1003.0775999999985
1108.9,1001.9875999999973
1109.0,997.6070297029705
1109.1,1003.4780999999984
1109.2,1004.646
1109.3,1005.9253465346533
1109.4,1007.6170000000004
1109.5,1001.04
1109.6,1000.461
1109.7,995.6592079207896
1109.8,992.8004999999994
1109.9,988.7552999999979
1110.0,987.9696
1110.1,984.6103000000066
1110.2,979.9438613861366
1110.3,978.7715999999998
1110.4,978.4347999999998
1110.5,989.7267326732757
1110.6,990.6518000000011
1110.7,989.0609999999989
1110.8,994.4427999999916
1110.9,997.5540594059429
1111.0,994.3337999999962
1111.1,997.138399999996
1111.2,1004.7232673267417
1111.3,1001.759500000004
1111.4,998.6144999999967
1111.5,995.5975000000025
1111.6,997.1799999999973
1111.7,962.6815841583614
1111.8,909.9536000000301
1111.9,862.9399999999379
1112.0,816.0604039604217
1112.1,758.9747485148939
1112.2,706.852400000015
1112.3,663.013100000029
1112.4,602.0061386137461
1112.5,546.1010000000025
1112.6,503.35220000001834
1112.7,477.48356435643205
1112.8,472.5312571428573
1112.9,471.6727642857136
1113.0,471.18504950495037
1113.1,470.87240000000037
1113.2,470.5047999999998
1113.3,470.29160000000013
1113.4,470.2092
1113.5,470.08119999999997
1113.6,470.04359999999997
1113.7,469.98879999999997
1113.8,469.8649346534655
1113.9,469.82003267326735
1114.0,469.7194999999999
1114.1,469.6097000000001
1114.2,469.53979999999996
1114.3,469.4470297029704
1114.4,469.3439999999999
1114.5,469.2374000000001
1114.6,469.0482000000003
1114.7,468.936607920792
1114.8,468.8741534653466
1114.9,468.7459999999998
1115.0,468.664
1115.1,468.6045000000001
1115.2,468.45772277227724
1115.3,468.40279999999996
1115.4,468.3075999999998
1115.5,468.1671168316832
1115.6,468.1705465346534
1115.7,468.10549999999995
1115.8,468.03110000000004
1115.9,468.0137623762376
1116.0,467.9356
1116.1,467.92719999999997
1116.2,467.9748
1116.3,467.94089108910896
1116.4,467.94050000000004
1116.5,467.9844
1116.6,467.91460000000006
1116.7,467.91435643564364
1116.8,467.932
1116.9,467.87799999999993
1117.0,467.874
1117.1,467.8662376237624
1117.2,467.8028
1117.3,467.8172
1117.4,467.80285841584146
1117.5,467.7349504950495
1117.6,467.7274
1117.7,467.68199999999996
1117.8,467.669
1117.9,467.74168316831685
1118.0,467.6887999999999
1118.1,467.64279999999997
1118.2,467.6317821782178
1118.3,467.52040000000005
1118.4,467.47800000000007
1118.5,467.5336
1118.6,467.48792079207936
1118.7,467.4024999999999
1118.8,467.369
1118.9,467.28299999999984
1119.0,467.2308910891089
1119.1,467.20220000000006
1119.2,467.16999999999996
1119.3,467.19699999999995
1119.4,467.1986138613861
1119.5,467.1906
1119.6,467.20529999999997
1119.7,467.1835
1119.8,467.18623762376234
1119.9,467.2256
1120.0,467.2244
1120.1,467.21
1120.2,467.2151485148515
1120.3,467.2149
1120.4,467.23550000000006
1120.5,467.2549504950495
1120.6,467.26
1120.7,467.305
1120.8,467.28499999999997
1120.9,467.2499504950496
1121.0,467.2896
1121.1,467.28550000000007
1121.2,467.29920000000004
1121.3,467.349702970297
1121.4,467.31679999999994
1121.5,467.28920000000005
1121.6,467.2908
1121.7,467.222
1121.8,467.20801980198013
1121.9,467.2217999999999
1122.0,467.16650000000004
1122.1,467.1586138613861
1122.2,467.1385999999999
1122.3,467.09
1122.4,467.1173267326733
1122.5,467.1005
1122.6,467.0804999999999
1122.7,467.1705
1122.8,467.1843564356436
1122.9,467.16200000000003
1123.0,467.22520000000003
1123.1,467.2133663366337
1123.2,467.17870000000005
1123.3,467.2085
1123.4,467.1671
1123.5,467.1629
1123.6,467.150198019802
1123.7,467.0974
1123.8,467.1178
1123.9,467.15319999999997
1124.0,467.1259
1124.1,467.1691999999999
1124.2,467.2031
1124.3,467.1787
1124.4,467.2240594059406
1124.5,467.19
1124.6,467.138
1124.7,467.1539603960396
1124.8,467.0976000000001
1124.9,467.0039
1125.0,466.971
1125.1,466.8515000000001
1125.2,466.7873
1125.3,466.7875247524753
1125.4,466.69719999999995
1125.5,466.68280000000004
1125.6,466.68960000000004
1125.7,466.6324752475247
1125.8,466.6311
1125.9,466.6277999999999
1126.0,466.57890000000003
1126.1,466.5783168316831
1126.2,466.5847999999999
1126.3,466.558
1126.4,466.59
1126.5,466.608
1126.6,466.6186138613862
1126.7,466.5765
1126.8,466.6294999999998
1126.9,466.7154999999999
1127.0,466.6875
1127.1,466.73749999999995
1127.2,466.7388118811881
1127.3,466.71399999999994
1127.4,466.7902
1127.5,466.7657999999999
1127.6,466.7173999999999
1127.7,466.7832
1127.8,466.7363366336634
1127.9,466.7030000000001
1128.0,466.77
1128.1,466.7601
1128.2,466.76970000000006
1128.3,466.80059405940597
1128.4,466.75600000000003
1128.5,466.82839999999993
1128.6,466.8814851485149
1128.7,466.84479999999996
1128.8,466.91859999999997
1128.9,466.9227999999998
1129.0,466.8555
1129.1,466.89613861386135
1129.2,466.88
1129.3,466.843
1129.4,466.92600000000004
1129.5,466.910297029703
1129.6,466.8719
1129.7,466.9645
1129.8,466.98277227722775
1129.9,466.96520000000004
1130.0,467.00199999999995
1130.1,466.9468
1130.2,466.99831683168316
1130.3,466.9984
1130.4,466.9427
1130.5,466.9581
1130.6,466.95594059405954
1130.7,466.88739999999996
1130.8,466.8748
1130.9,466.84959999999995
1131.0,466.83287128712874
1131.1,466.86250000000007
1131.2,466.845
1131.3,466.8700247524752
1131.4,466.8949742574257
1131.5,466.8824
1131.6,466.90439999999995
1131.7,466.9428
1131.8,466.9247524752475
1131.9,466.9469
1132.0,466.95390000000003
1132.1,466.9206999999999
1132.2,466.9877
1132.3,466.96850000000006
1132.4,466.9436633663367
1132.5,466.9812
1132.6,466.95879999999994
1132.7,466.9834653465347
1132.8,466.95160000000004
1132.9,466.9263000000001
1133.0,466.9563
1133.1,466.96740000000005
1133.2,466.92629999999997
1133.3,466.95415841584156
1133.4,466.938
1133.5,466.83
1133.6,466.90200000000004
1133.7,466.8601386138614
1133.8,466.8333
1133.9,466.8767
1134.0,466.8143
1134.1,466.8033
1134.2,466.8467
1134.3,466.79942475247526
1134.4,466.8581623762377
1134.5,466.9238
1134.6,466.8464
1134.7,466.84260000000006
1134.8,466.8750495049505
1134.9,466.7753000000001
1135.0,466.8517
1135.1,466.84640000000013
1135.2,466.7970000000001
1135.3,466.8715841584158
1135.4,466.82039999999995
1135.5,466.7908000000001
1135.6,466.9
1135.7,466.90158415841586
1135.8,466.9219999999999
1135.9,466.97799999999995
1136.0,466.91
1136.1,466.9144554455445
1136.2,466.92039999999986
1136.3,466.80559999999997
1136.4,466.84700000000004
1136.5,466.8636633663368
1136.6,466.70779999999996
1136.7,466.76650000000006
1136.8,466.80740000000003
1136.9,466.79516138613866
1137.0,466.8336
1137.1,466.85040000000004
1137.2,466.78599999999994
1137.3,466.82643564356437
1137.4,466.7955999999999
1137.5,466.7666
1137.6,466.81230000000005
1137.7,466.74670000000003
1137.8,466.7233
1137.9,466.73584158415815
1138.0,466.626
1138.1,466.681
1138.2,466.683
1138.3,466.63
1138.4,466.7180198019802
1138.5,466.6955
1138.6,466.6554
1138.7,466.71270000000004
1138.8,466.7391
1138.9,466.73720000000003
1139.0,466.8037
1139.1,466.7418
1139.2,466.7644376237624
1139.3,466.79879999999997
1139.4,466.67320000000007
1139.5,466.71400000000006
1139.6,466.75280000000015
1139.7,466.6771287128713
1139.8,466.7586
1139.9,466.7365
1140.0,466.69
1140.1,466.6865000000001
1140.2,466.64140000000003
1140.3,466.66277227722776
1140.4,466.6977861386138
1140.5,466.66
1140.6,466.65880000000004
1140.7,466.6273999999998
1140.8,466.43299999999994
1140.9,466.47819999999996
1141.0,466.44699999999995
1141.1,466.4029762376237
1141.2,466.44681188118807
1141.3,466.38800000000003
1141.4,466.3495
1141.5,466.33799999999997
1141.6,466.29900000000004
1141.7,466.28200000000004
1141.8,466.31354950495063
1141.9,466.19428514851495
1142.0,466.28760000000005
1142.1,466.2252000000001
1142.2,466.11160000000007
1142.3,466.15079207920786
1142.4,466.1678999999999
1142.5,466.10299999999995
1142.6,466.2
1142.7,466.19879999999995
1142.8,466.16419999999994
1142.9,466.2973267326731
1143.0,466.2102
1143.1,466.2223999999999
1143.2,466.339
1143.3,466.2908
1143.4,466.33118613861393
1143.5,466.38880396039605
1143.6,466.29069999999996
1143.7,466.3603
1143.8,466.3897
1143.9,466.3612000000002
1144.0,466.48
1144.1,466.47900000000004
1144.2,466.3811920792079
1144.3,466.499801980198
1144.4,466.43
1144.5,466.40999999999997
1144.6,466.55
1144.7,466.40999999999997
1144.8,466.43
1144.9,466.42
1145.0,466.37
1145.1,466.43930693069296
1145.2,466.5291
1145.3,466.42109999999997
1145.4,466.5091
1145.5,466.4905920792079
1145.6,466.4115980198021
1145.7,466.54720000000003
1145.8,466.55
1145.9,466.5794
1146.0,466.5996
1146.1,466.5533333333334
1146.2,466.59646666666663
1146.3,466.60929999999996
1146.4,466.61
1146.5,466.6658
1146.6,466.7072
1146.7,466.6363366336634
1146.8,466.66679999999997
1146.9,466.67
1147.0,466.5964
1147.1,466.6636
1147.2,466.65160000000003
1147.3,466.59534653465346
1147.4,466.6173
1147.5,466.5563
1147.6,466.5864
1147.7,466.5718
1147.8,466.4972
1147.9,466.5260396039604
1148.0,466.566
1148.1,466.525
1148.2,466.55600000000004
1148.3,466.578
1148.4,466.544
1148.5,466.5667326732673
1148.6,466.57
1148.7,466.5878
1148.8,466.679
1148.9,466.6633
1149.0,466.71287128712873
1149.1,466.7376
1149.2,466.6432
1149.3,466.67400000000004
1149.4,466.62719999999996
1149.5,466.5232
1149.6,466.54485148514846
1149.7,466.4803999999999
1149.8,466.4004000000001
1149.9,466.39
1150.0,466.2942999999999
1150.1,466.32427524752467
1150.2,466.39900792079214
1150.3,466.3412000000001
1150.4,466.4676000000002
1150.5,466.62760000000014
1150.6,466.5640000000001
1150.7,466.6188000000001
1150.8,466.64702970297026
1150.9,466.5564999999999
1151.0,466.5825
1151.1,466.49650000000014
1151.2,466.39499999999987
1151.3,466.36316831683166
1151.4,466.1919999999997
1151.5,466.0844000000001
1151.6,466.0616
1151.7,465.9339999999998
1151.8,465.952
1151.9,466.01880000000006
1152.0,465.91240000000005
1152.1,465.9149504950495
1152.2,465.9449
1152.3,465.88360000000006
1152.4,465.91150000000005
1152.5,465.94489999999996
1152.6,465.9168
1152.7,465.993
1152.8,465.91870000000006
1152.9,465.8834
1153.0,465.9620356435644
1153.1,465.898
1153.2,465.88
1153.3,465.89639999999997
1153.4,465.82619999999986
1153.5,465.81000000000006
1153.6,465.8592
1153.7,465.82144950495046
1153.8,465.8585435643564
1153.9,465.89430000000004
1154.0,465.8757
1154.1,465.9348
1154.2,465.94190000000003
1154.3,465.9319801980198
1154.4,465.954
1154.5,465.912
1154.6,465.9
1154.7,465.94
1154.8,465.8787128712871
1154.9,465.89950000000005
1155.0,465.9416
1155.1,465.87890000000016
1155.2,465.9074
1155.3,465.92
1155.4,465.9122
1155.5,465.97240000000005
1155.6,465.9592633663367
1155.7,465.97312277227724
1155.8,466.01849999999996
1155.9,465.9761
1156.0,465.99080000000004
1156.1,466.0
1156.2,465.9163999999999
1156.3,465.94319999999993
1156.4,465.9904
1156.5,465.96959999999996
1156.6,466.0277227722772
1156.7,466.0275
1156.8,466.0125
1156.9,466.0025
1157.0,465.962797029703
1157.1,465.964902970297
1157.2,465.9848
1157.3,465.8938000000001
1157.4,465.8674
1157.5,465.84047326732673
1157.6,465.69111287128726
1157.7,465.6692
1157.8,465.6435
1157.9,465.5715999999999
1158.0,465.57168316831684
1158.1,465.51520000000005
1158.2,465.5116
1158.3,465.556
1158.4,465.534
1158.5,465.52
1158.6,465.58389999999997
1158.7,465.5247999999999
1158.8,469.8777999999986
1158.9,511.3022000000241
1159.0,566.9266336633626
1159.1,624.3229999999073
1159.2,672.874
1159.3,768.044
1159.4,848.2140000000438
1159.5,906.3865346534741
1159.6,959.7942999999295
1159.7,1016.8528000000134
1159.8,1030.2395999999983
1159.9,1032.522079207928
1160.0,1034.4332
1160.1,1034.4655999999998
1160.2,1034.8124000000003
1160.3,1033.692000000002
1160.4,1031.503009900989
1160.5,1030.238251485148
1160.6,1026.1844000000049
1160.7,1022.1190999999977
1160.8,1024.0884999999962
1160.9,1023.3856999999978
1161.0,1020.9400990099024
1161.1,1023.596199999993
1161.2,1019.3337999999917
1161.3,1018.9163999999977
1161.4,1019.550799999999
1161.5,1019.5032673267324
1161.6,1021.7924999999964
1161.7,1022.9235
1161.8,1030.589999999996
1161.9,1028.5254999999893
1162.0,1032.9642574257405
1162.1,1041.7691999999936
1162.2,1040.3256000000006
1162.3,1039.2803999999983
1162.4,1045.2940000000115
1162.5,1048.3760396039604
1162.6,1051.009299999997
1162.7,1048.907499999999
1162.8,1043.163800000004
1162.9,1041.6322000000014
1163.0,1040.1894277227718
1163.1,1036.520687128715
1163.2,1034.3819999999996
1163.3,1035.7821999999987
1163.4,1039.5904000000019
1163.5,1037.4942000000028
1163.6,1034.9630000000002
1163.7,1033.9951485148506
1163.8,1035.775799999999
1163.9,1037.6221000000003
1164.0,1033.7425000000014
1164.1,1033.0070999999994
1164.2,1034.0327722772274
1164.3,1037.798
1164.4,1040.9300000000007
1164.5,1042.274
1164.6,1041.8785148514874
1164.7,1041.3311
1164.8,1036.9541999999983
1164.9,1026.307499999985
1165.0,1036.2017000000058
1165.1,1041.9900000000077
1165.2,1044.7490000000048
1165.3,1041.3906000000115
1165.4,1033.6851999999983
1165.5,1038.720800000005
1165.6,1040.0274257425785
1165.7,1045.6752000000097
1165.8,1049.9234000000022
1165.9,1051.7988000000041
1166.0,1049.8240999999946
1166.1,1045.4749504950503
1166.2,1049.7084000000082
1166.3,1053.3288000000002
1166.4,1049.1127999999935
1166.5,1047.525599999999
1166.6,1048.8009900990098
1166.7,1052.1060000000068
1166.8,1054.2640000000001
1166.9,1051.3639999999948
1167.0,1051.3869999999995
1167.1,1048.3105940594148
1167.2,1043.3147999999997
1167.3,1043.060199999999
1167.4,1046.5338000000074
1167.5,1045.3185999999992
1167.6,1043.6423762376216
1167.7,1043.5507999999988
1167.8,1043.3593999999987
1167.9,1045.3288000000032
1168.0,1047.394800000001
1168.1,1066.0112999999774
1168.2,1078.529207920789
1168.3,1080.6127999999958
1168.4,1077.2211999999904
1168.5,1077.7351999999933
1168.6,1082.8497029702985
1168.7,1079.3295999999973
1168.8,1081.1753999999985
1168.9,1077.2909999999877
1169.0,1074.911899999998
1169.1,1058.441782178269
1169.2,1033.24
1169.3,1030.94
1169.4,1034.0850000000014
1169.5,1032.8799999999999
1169.6,1030.639702970298
1169.7,1034.5945000000022
1169.8,1040.4398999999978
1169.9,1043.1655000000007
1170.0,1042.9157999999993
1170.1,1040.677623762377
1170.2,1043.1392000000028
1170.3,1046.3855999999998
1170.4,1042.319199999996
1170.5,1042.0524000000041
1170.6,1045.969200000001
1170.7,1042.093564356432
1170.8,1038.0848980198025
1170.9,1036.740299999999
1171.0,1038.586099999998
1171.1,1041.5512
1171.2,1040.5382999999986
1171.3,1039.3734653465347
1171.4,1040.309000000002
1171.5,1043.2317999999996
1171.6,1044.5456000000022
1171.7,1042.721599999998
1171.8,1040.6908455445546
1171.9,1039.4649059405938
1172.0,1036.3364999999992
1172.1,1033.9814999999967
1172.2,1037.760990099011
1172.3,1042.0707999999968
1172.4,1039.4367999999856
1172.5,1033.9712000000004
1172.6,1030.8213861386207
1172.7,1020.1948999999918
1172.8,1019.9419999999882
1172.9,1022.6273999999897
1173.0,1014.4675999999978
1173.1,1018.8803960396006
1173.2,1018.5545999999922
1173.3,1009.0252000000048
1173.4,1004.6290000000033
1173.5,1007.4533999999994
1173.6,1008.7550039603942
1173.7,1009.2716089108915
1173.8,1007.6851000000008
1173.9,1005.3813999999983
1174.0,1003.8968000000003
1174.1,1003.3328712871279
1174.2,1003.264
1174.3,1000.7620000000001
1174.4,997.2719999999966
1174.5,994.3420000000001
1174.6,993.0373267326715
1174.7,991.4895999999983
1174.8,987.3782999999994
1174.9,990.1696000000013
1175.0,991.7379999999989
1175.1,986.2165000000043
1175.2,986.1848000000024
1175.3,994.3102970297003
1175.4,996.6765999999993
1175.5,995.5999999999998
1175.6,995.8561999999993
1175.7,996.9154455445546
1175.8,995.7562000000006
1175.9,991.6313999999968
1176.0,987.8541000000004
1176.1,984.5407534653548
1176.2,982.4214336633697
1176.3,983.4971999999996
1176.4,982.8596000000044
1176.5,985.3363999999998
1176.6,985.8068316831626
1176.7,988.3609999999996
1176.8,988.3379999999981
1176.9,990.7600000000043
1177.0,996.0715841584192
1177.1,1000.8826000000015
1177.2,1000.1668000000006
1177.3,1002.4889999999956
1177.4,1004.9696039603946
1177.5,1002.2234000000028
1177.6,999.5695999999998
1177.7,1000.4189000000019
1177.8,1001.3365000000013
1177.9,1001.0167000000025
1178.0,1003.3140594059402
1178.1,1003.7760000000002
1178.2,1002.2507999999957
1178.3,1001.4231999999975
1178.4,1004.6227999999982
1178.5,1003.2318811881191
1178.6,1002.3122000000012
1178.7,1001.7071999999998
1178.8,1002.4490000000001
1178.9,999.2002900989954
1179.0,992.3023465346535
1179.1,991.673000000003
1179.2,987.779
1179.3,984.238613861389
1179.4,979.8867999999994
1179.5,978.0480000000002
1179.6,979.5176999999991
1179.7,983.4312000000019
1179.8,988.4687128712882
1179.9,986.1559999999996
1180.0,987.0836000000024
1180.1,992.1763999999993
1180.2,996.0218217821796
1180.3,998.8750495049508
1180.4,1003.4526000000043
1180.5,1005.8284999999995
1180.6,1000.5968999999944
1180.7,1001.5909999999963
1180.8,997.411287128713
1180.9,1007.7028000000361
1181.0,1021.3475999999806
1181.1,991.6962376236855
1181.2,1037.7050000000042
1181.3,1041.0600000000104
1181.4,1034.2025
1181.5,1036.4600000000048
1181.6,1046.2163366336488
1181.7,1053.3563999999894
1181.8,1037.495200000023
1181.9,1013.9987999999853
1182.0,1001.6171999999955
1182.1,1005.7869306930681
1182.2,1006.7941999999995
1182.3,1006.6699999999994
1182.4,1008.3117000000041
1182.5,1010.3100000000026
1182.6,1007.0316000000005
1182.7,1007.2883999999983
1182.8,1010.0448000000002
1182.9,1008.7555999999954
1183.0,1005.6580000000007
1183.1,1004.4709900990097
1183.2,1003.753400000001
1183.3,1001.4899999999985
1183.4,1005.9338999999977
1183.5,1004.7181188118813
1183.6,1004.0080000000007
1183.7,1003.63
1183.8,1006.6520000000014
1183.9,1003.804
1184.0,1003.9151881188122
1184.1,1009.7919584158424
1184.2,1006.8360999999999
1184.3,1004.1204000000022
1184.4,996.107600000001
1184.5,999.2602999999999
1184.6,997.9681970297037
1184.7,994.6139663366337
1184.8,994.2207999999999
1184.9,992.4486000000005
1185.0,992.8167999999998
1185.1,991.0585999999869
1185.2,997.1233663366339
1185.3,997.5778999999999
1185.4,998.202700000003
1185.5,1002.0673000000006
1185.6,1002.7427702970364
1185.7,1000.1564435643598
1185.8,1005.6183999999982
1185.9,1006.1847999999974
1186.0,1003.0259999999978
1186.1,998.831200000006
1186.2,995.046633663366
1186.3,993.9660000000056
1186.4,990.5195000000059
1186.5,994.8559999999999
1186.6,994.6353465346541
1186.7,993.3785999999943
1186.8,989.878999999992
1186.9,997.1385999999974
1187.0,994.2548000000047
1187.1,990.9633999999924
1187.2,998.2721782178231
1187.3,996.2484000000159
1187.4,972.1795999999623
1187.5,948.7207999999904
1187.6,961.4557425742545
1187.7,962.4988000000067
1187.8,949.1296000000015
1187.9,948.7916000000316
1188.0,964.6305663366402
1188.1,948.9014831683053
1188.2,950.3496999999973
1188.3,963.0299999999964
1188.4,978.1236000000139
1188.5,985.7215841584144
1188.6,991.1310000000005
1188.7,988.751
1188.8,987.3790000000002
1188.9,986.4028712871287
1189.0,987.3201999999997
1189.1,986.4035
1189.2,988.2276999999997
1189.3,986.7206930693068
1189.4,985.3044000000018
1189.5,987.9719999999968
1189.6,977.7043999999855
1189.7,984.8887999999993
1189.8,983.6184673267327
1189.9,984.2653207920845
1190.0,991.7728000000011
1190.1,993.6399000000007
1190.2,993.3471000000011
1190.3,995.1283514851513
1190.4,999.8288257425728
1190.5,998.2140000000006
1190.6,999.412199999992
1190.7,1004.8033999999984
1190.8,1002.952599999997
1190.9,1004.8517821782151
1191.0,1001.7904999999951
1191.1,997.2115000000007
1191.2,996.6059999999986
1191.3,995.5114999999973
1191.4,997.7029999999974
1191.5,995.4973267326736
1191.6,995.7644000000015
1191.7,994.1371999999984
1191.8,992.7228000000033
1191.9,989.4256000000074
1192.0,994.8448000000053
1192.1,989.2439603960386
1192.2,990.3292000000009
1192.3,991.1842999999947
1192.4,998.7618000000001
1192.5,998.76269108911
1192.6,996.9275999999991
1192.7,998.9667999999956
1192.8,1008.5436000000013
1192.9,1005.244399999996
1193.0,1003.1842574257387
1193.1,1011.7755000000009
1193.2,1008.311600000001
1193.3,1003.5194000000001
1193.4,1003.4613861386141
1193.5,1003.6
1193.6,1002.28
1193.7,1005.0699999999999
1193.8,999.36
1193.9,998.16
1194.0,996.0708910891084
1194.1,1001.0296999999898
1194.2,1002.4462000000003
1194.3,994.9359999999983
1194.4,1000.2412871287155
1194.5,1012.8156000000058
1194.6,1010.4632000000047
1194.7,998.2383999999944
1194.8,1004.752970297019
1194.9,996.8022999999943
1195.0,992.6699999999972
1195.1,992.8118999999995
1195.2,994.1877000000011
1195.3,992.8950495049521
1195.4,994.2992000000014
1195.5,997.460800000003
1195.6,1000.1243999999966
1195.7,997.2264356435609
1195.8,999.3499999999975
1195.9,996.7434999999967
1196.0,996.0395000000008
1196.1,999.1069999999963
1196.2,999.7545000000007
1196.3,998.2157920792095
1196.4,993.521059405934
1196.5,994.1417999999992
1196.6,989.8478000000041
1196.7,990.7168000000016
1196.8,987.8196000000023
1196.9,995.1594000000109
1197.0,990.2885148514882
1197.1,985.9747000000029
1197.2,997.5095999999933
1197.3,996.4854168224315
1197.4,992.324211214949
1197.5,994.540800000003
1197.6,999.9300990098963
1197.7,995.1034999999924
1197.8,999.9819999999945
1197.9,1002.1675000000014
1198.0,1005.9739999999967
1198.1,1001.3740000000071
1198.2,1000.7390000000004
1198.3,999.6347574257436
1198.4,1000.7933504950516
1198.5,1004.0067999999981
1198.6,1003.3100000000013
1198.7,1005.0272000000032
1198.8,1003.5100000000014
1198.9,1006.1068000000048
1199.0,1001.8736000000031
1199.1,1003.0724752475229
1199.2,1001.4914000000007
1199.3,999.0216000000017
1199.4,994.7819999999925
1199.5,987.8829000000021
1199.6,988.6598019801968
1199.7,979.3256000000005
1199.8,973.9820000000018
1199.9,976.5764000000073
1200.0,989.1899999999994
1200.1,986.4536000000029
1200.2,988.3732673267333
1200.3,990.8962999999994
1200.4,1006.8396000000039
1200.5,1008.4874000000005
1200.6,1011.3495811881181
1200.7,1023.8652475247584
1200.8,1029.632
1200.9,1030.7820000000002
1201.0,1025.978
1201.1,1032.551980198004
1201.2,1028.0824999999982
1201.3,1029.4073000000008
1201.4,1028.4345999999982
1201.5,1028.9001000000003
1201.6,1030.7754445544524
1201.7,1033.8300574257441
1201.8,1035.6208000000006
1201.9,1036.3022000000005
1202.0,1033.5317999999984
1202.1,1034.1487128712852
1202.2,1040.7300000000055
1202.3,1041.9925000000007
1202.4,1038.207999999997
1202.5,1035.1665999999982
1202.6,1065.0796999999613
1202.7,1083.6604000000034
1202.8,1084.8524752475253
1202.9,1078.798599999992
1203.0,1092.3033999999852
1203.1,1089.5272000000232
1203.2,1090.2658930693246
1203.3,1094.2881930693115
1203.4,1086.611999999986
1203.5,1101.2539999999901
1203.6,1069.2230000000739
1203.7,1046.0938613861388
1203.8,1046.2191999999995
1203.9,1043.3507999999933
1204.0,1039.7932000000003
1204.1,1037.346930693071
1204.2,1038.2625000000003
1204.3,1035.2228000000043
1204.4,1034.2512000000036
1204.5,1031.3187128712852
1204.6,1028.6160000000004
1204.7,1030.5448000000015
1204.8,1031.6792000000003
1204.9,1035.5892079207956
1205.0,1041.0030999999988
1205.1,1043.0168999999999
1205.2,1043.6546000000008
1205.3,1044.9744554455444
1205.4,1043.9519999999975
1205.5,1043.068
1205.6,1044.0239999999983
1205.7,1045.0768316831684
1205.8,1033.6240999999955
1205.9,1027.496800000004
1206.0,1019.0220999999962
1206.1,1026.2840999999733
1206.2,1030.5627841584126
1206.3,1026.2978396039607
1206.4,1032.0614000000046
1206.5,1034.2365999999984
1206.6,1041.1153168316728
1206.7,1035.295744554441
1206.8,1040.4869999999846
1206.9,1052.197700000001
1207.0,1051.955199999999
1207.1,1049.9745544554467
1207.2,1047.791599999998
1207.3,1046.3740000000003
1207.4,1045.7535999999996
1207.5,1047.060799999999
1207.6,1049.6206495049473
1207.7,1049.2495198019772
1207.8,1049.2499999999995
1207.9,1047.9024999999951
1208.0,1047.4639999999997
1208.1,1049.560999999998
1208.2,1051.3192079207922
1208.3,1052.800999999999
1208.4,1053.0545999999993
1208.5,1052.658
1208.6,1048.6968000000065
1208.7,1046.0708910891092
1208.8,1045.0724000000018
1208.9,1043.6947
1209.0,1050.474000000005
1209.1,1058.2919999999976
1209.2,1063.5258000000026
1209.3,1062.9350495049546
1209.4,1058.2059999999985
1209.5,1055.901600000001
1209.6,1064.1627999999919
1209.7,1073.3792000000008
1209.8,1067.2514851485191
1209.9,1066.8766000000103
1210.0,1053.7506000000085
1210.1,1036.1752999999999
1210.2,1037.5827000000018
1210.3,1033.809504950496
1210.4,1031.080000000004
1210.5,1033.555
1210.6,1032.900000000003
1210.7,1030.085
1210.8,1032.935
1210.9,1036.309999999998
1211.0,1033.607227722772
1211.1,1032.521299999999
1211.2,1032.8377999999998
1211.3,1036.0169999999935
1211.4,1041.9813861386153
1211.5,1041.4319999999973
1211.6,1036.748000000002
1211.7,1035.1964
1211.8,1033.3604000000025
1211.9,1030.713960396039
1212.0,1033.0797999999975
1212.1,1037.1825999999976
1212.2,1036.2433999999973
1212.3,1031.861800000002
1212.4,1027.5114999999976
1212.5,1029.0139999999972
1212.6,1031.4164486711868
1212.7,1029.505349557522
1212.8,1031.9562999999953
1212.9,1037.7595000000026
1213.0,1037.376539603965
1213.1,1031.890629702971
1213.2,1035.851200000016
1213.3,1042.332000000005
1213.4,1036.3216000000048
1213.5,1031.2968000000114
1213.6,1012.939600000002
1213.7,1017.6961386138894
1213.8,1027.338600000005
1213.9,1010.0919999999909
1214.0,1003.7074000000013
1214.1,1002.240199999993
1214.2,1001.2158000000045
1214.3,987.5121
1214.4,988.8915000000062
1214.5,995.808091089107
1214.6,1002.8706831683198
1214.7,999.307
1214.8,999.223
1214.9,999.9989999999905
1215.0,995.294
1215.1,993.2130000000024
1215.2,992.52
1215.3,994.388
1215.4,991.5963366336744
1215.5,996.2443891089108
1215.6,995.4597000000009
1215.7,991.5307999999982
1215.8,987.9575999999963
1215.9,994.1965000000001
1216.0,994.6868999999999
1216.1,995.4133999999984
1216.2,997.9454000000001
1216.3,999.3015999999982
1216.4,1000.220396039602
1216.5,994.5483999999987
1216.6,992.2084000000002
1216.7,991.6564
1216.8,990.8084000000005
1216.9,988.1779999999989
1217.0,987.2788000000014
1217.1,989.5569306930694
1217.2,991.3494000000036
1217.3,994.1636999999997
1217.4,991.0379999999989
1217.5,990.8339000000002
1217.6,994.7143999999926
1217.7,997.4735316831665
1217.8,996.788453465348
1217.9,1002.222800000007
1218.0,1007.160999999999
1218.1,1004.8949999999996
1218.2,1004.3360396039593
1218.3,1002.0775000000004
1218.4,1002.202500000002
1218.5,1004.0825000000011
1218.6,1005.6474999999996
1218.7,1004.8624999999977
1218.8,1001.8689356435636
1218.9,1002.4108990099013
1219.0,1001.632000000004
1219.1,998.5979999999987
1219.2,999.2391999999985
1219.3,998.0631999999988
1219.4,997.3591999999946
1219.5,993.1264356435614
1219.6,995.5892000000007
1219.7,994.0219999999962
1219.8,990.1115000000034
1219.9,986.5231000000011
1220.0,987.1987000000001
1220.1,985.0648000000057
1220.2,980.3436405940674
1220.3,986.3760316831672
1220.4,989.1926000000058
1220.5,991.670200000002
1220.6,989.6811999999948
1220.7,993.5484000000009
1220.8,991.9994000000005
1220.9,991.8155445544578
1221.0,994.5758910891075
1221.1,999.9851999999993
1221.2,1001.1324999999997
1221.3,1001.6202000000006
1221.4,999.7505
1221.5,999.7669
1221.6,1000.3456999999977
1221.7,1002.6462376237625
1221.8,996.9180000000114
1221.9,977.1500000000001
1222.0,977.794
1222.1,978.5700000000027
1222.2,972.6115841584156
1222.3,969.786161386136
1222.4,980.5518000000001
1222.5,980.1409999999993
1222.6,977.3241000000003
1222.7,976.8617000000011
1222.8,983.2030999999971
1222.9,994.5428999999995
1223.0,994.0931267326748
1223.1,1000.7656217821776
1223.2,1006.7602000000002
1223.3,1006.8892000000001
1223.4,1007.2584000000031
1223.5,1011.7893999999997
1223.6,1006.530396039606
1223.7,1005.6032
1223.8,1005.9797000000008
1223.9,1007.5957999999985
1224.0,1006.1603000000008
1224.1,1007.9207000000036
1224.2,1005.6160396039595
1224.3,1004.4551999999928
1224.4,1008.8335999999999
1224.5,1008.9536000000005
1224.6,1010.7855999999913
1224.7,1015.0979999999963
1224.8,1009.5643999999993
1224.9,1008.2297108910783
1225.0,998.4904108910891
1225.1,998.9124999999964
1225.2,1001.1594999999978
1225.3,998.9704999999981
1225.4,1000.3704999999998
1225.5,999.7709999999973
1225.6,996.5185000000037
1225.7,995.2900000000084
1225.8,1004.1391999999984
1225.9,1005.6952000000001
1226.0,1006.5135999999958
1226.1,1010.7971999999986
1226.2,1011.7563999999977
1226.3,1010.0623999999984
1226.4,1011.6161386138623
1226.5,1012.1621000000014
1226.6,1010.3269000000013
1226.7,1008.0109999999931
1226.8,1003.2375000000009
1226.9,1001.5688999999942
1227.0,998.1165811881167
1227.1,1001.3187287128699
1227.2,1002.3184000000032
1227.3,996.0688000000007
1227.4,995.8492000000115
1227.5,1001.9176000000016
1227.6,998.2148000000022
1227.7,995.5444554455439
1227.8,997.2905999999989
1227.9,1002.0531999999985
1228.0,1001.1732000000002
1228.1,999.9082000000021
1228.2,995.3335000000014
1228.3,986.7767000000063
1228.4,962.8613861386309
1228.5,972.125
1228.6,979.0180000000012
1228.7,973.441
1228.8,967.4279999999976
1228.9,976.7400000000001
1229.0,971.3220000000001
1229.1,962.5894554455422
1229.2,973.36671089109
1229.3,977.8731000000002
1229.4,991.2148000000002
1229.5,991.9600000000003
1229.6,992.8241
1229.7,992.4518000000003
1229.8,993.8579000000001
1229.9,998.9323762376245
1230.0,1001.5444000000005
1230.1,1002.9836000000023
1230.2,1002.1912000000025
1230.3,1007.1331999999999
1230.4,1006.9183999999998
1230.5,1006.8807009900997
1230.6,1009.4273554455424
1230.7,1010.6228999999989
1230.8,1009.1257999999993
1230.9,1008.3010000000015
1231.0,1010.2817999999988
1231.1,1007.8790000000067
1231.2,1004.1530762376258
1231.3,1007.7873425742575
1231.4,1007.2099999999982
1231.5,1005.2951999999996
1231.6,1004.6954000000012
1231.7,1003.7055999999983
1231.8,1001.7367999999968
1231.9,1003.8312871287121
1232.0,1003.0585
1232.1,1002.9620000000016
1232.2,1002.1650000000101
1232.3,1011.6449999999983
1232.4,1013.0524999999996
1232.5,1012.8670000000031
1232.6,1015.4733663366378
1232.7,1011.9868000000031
1232.8,1014.1628000000034
1232.9,1010.9340000000096
1233.0,1018.1588000000015
1233.1,1016.4983999999989
1233.2,1017.4584158415777
1233.3,1012.662999999998
1233.4,1015.5220999999925
1233.5,1010.6656000000016
1233.6,1008.5314999999937
1233.7,1017.1558415841505
1233.8,1012.0478000000016
1233.9,1008.4909999999984
1234.0,1007.603799999999
1234.1,1009.701683168318
1234.2,1007.3187999999998
1234.3,1008.1539000000007
1234.4,1004.6155000000072
1234.5,1008.0987000000007
1234.6,1005.0521999999986
1234.7,1010.252376237623
1234.8,1013.49
1234.9,1025.06
1235.0,1022.75
1235.1,1022.96
1235.2,1022.5999999999999
1235.3,1024.8949504950342
1235.4,1029.9867574257437
1235.5,1033.752500000001
1235.6,1040.7793999999858
1235.7,1034.5634999999984
1235.8,1025.995899999998
1235.9,1009.4561999999959
1236.0,1005.9200792079199
1236.1,1007.8600653465311
1236.2,1003.8525999999981
1236.3,993.7151999999953
1236.4,993.9510000000002
1236.5,989.6421782178188
1236.6,986.1926000000052
1236.7,987.7681000000011
1236.8,996.5984999999862
1236.9,996.9864000000001
1237.0,998.2801000000009
1237.1,1002.3248514851432
1237.2,1004.4196000000018
1237.3,1005.9303999999981
1237.4,1005.8171999999998
1237.5,1011.9732000000058
1237.6,1006.8156000000071
1237.7,1007.4352752475255
1237.8,1005.9873316831698
1237.9,1003.430499999997
1238.0,997.3910000000062
1238.1,1002.3334999999937
1238.2,1001.3939999999986
1238.3,998.4895000000031
1238.4,1005.5449504950599
1238.5,1006.2255999999999
1238.6,1004.2190000000019
1238.7,1002.0313999999971
1238.8,1004.4755999999978
1238.9,1004.8280000000003
1239.0,1003.1386000000014
1239.1,998.2369306930728
1239.2,999.7306999999989
1239.3,1002.622799999998
1239.4,995.7433999999879
1239.5,997.3768999999987
1239.6,1000.4508999999978
1239.7,998.4651633663378
1239.8,1000.6111326732662
1239.9,997.9947999999944
1240.0,994.3920000000011
1240.1,1000.319199999997
1240.2,1001.4119999999999
1240.3,995.3843564356451
1240.4,994.1075
1240.5,994.3221
1240.6,992.8485000000004
1240.7,962.1513000000008
1240.8,909.8171000000123
1240.9,861.560300000001
1241.0,812.2024752475259
1241.1,755.4820000000001
1241.2,703.7039999999884
1241.3,662.644
1241.4,597.0809999999844
1241.5,549.4970000000001
1241.6,505.2436435643564
1241.7,478.0317346534549
1241.8,473.28199999999947
1241.9,472.6305999999998
1242.0,472.05489999999986
1242.1,471.7675000000005
1242.2,471.44700495049494
1242.3,471.13695049504935
1242.4,471.0824
1242.5,470.9391999999999
1242.6,470.77920000000023
1242.7,470.716
1242.8,470.45732673267366
1242.9,470.32429999999994
1243.0,470.18819999999994
1243.1,469.9003000000004
1243.2,469.80779999999993
1243.3,469.7478000000001
1243.4,469.507425742574
1243.5,469.4097999999999
1243.6,469.36560000000003
1243.7,469.2051999999998
1243.8,469.21439999999996
1243.9,469.19419999999997
1244.0,469.0788811881188
1244.1,469.13648514851474
1244.2,469.0904999999999
1244.3,468.9695000000001
1244.4,468.99250000000006
1244.5,468.9150000000001
1244.6,468.8320000000001
1244.7,468.844995049505
1244.8,468.7575207920793
1244.9,468.7484
1245.0,468.80879999999996
1245.1,468.76120000000003
1245.2,468.74159999999995
1245.3,468.7652
1245.4,468.67834851485134
1245.5,468.7181504950495
1245.6,468.73
1245.7,468.64700000000005
1245.8,468.6383
1245.9,468.6151
1246.0,468.52700000000004
1246.1,468.5017
1246.2,468.45891089108915
1246.3,468.4336
1246.4,468.4874000000001
1246.5,468.418
1246.6,468.4164
1246.7,468.4364
1246.8,468.37504950495054
1246.9,468.36
1247.0,468.3843
1247.1,468.34950000000003
1247.2,468.3805
1247.3,468.39
1247.4,468.3171
1247.5,468.30803960396037
1247.6,468.278
1247.7,468.22999999999996
1247.8,468.236
1247.9,468.19999999999993
1248.0,468.206
1248.1,468.258
1248.2,468.159108910891
1248.3,468.1932
1248.4,468.22580000000005
1248.5,468.1905
1248.6,468.20369999999997
1248.7,468.1942
1248.8,468.111
1248.9,468.13740000000007
1249.0,468.0946217821782
1249.1,468.00193465346547
1249.2,468.0502
1249.3,468.0544
1249.4,468.00319999999994
1249.5,468.0368
1249.6,467.9720000000001
1249.7,467.95
1249.8,468.05795940594044
1249.9,467.9667999999999
1250.0,467.99930000000006
1250.1,468.0662
1250.2,468.00299999999993
1250.3,467.9877
1250.4,467.99
1250.5,467.9063999999999
1250.6,467.8952
1250.7,467.8848
1250.8,467.7964000000001
1250.9,467.82320000000004
1251.0,467.8323247524752
1251.1,467.79995049504953
1251.2,467.83500000000004
1251.3,467.76750000000004
1251.4,467.77750000000003
1251.5,467.835
1251.6,467.7980198019803
1251.7,467.817
1251.8,467.93359999999984
1251.9,467.8589999999998
1252.0,467.9088
1252.1,467.9548
1252.2,467.9012396039604
1252.3,467.9602465346534
1252.4,468.00460000000004
1252.5,467.98080000000004
1252.6,468.0356999999999
1252.7,468.0819
1252.8,468.0316
1252.9,468.08242178217824
1253.0,468.0092000000001
1253.1,467.99879999999996
1253.2,468.0244
1253.3,467.93640000000005
1253.4,467.8784
1253.5,467.88439999999997
1253.6,467.7899841584159
1253.7,467.72858514851487
1253.8,467.7271
1253.9,467.71579999999994
1254.0,467.7526
1254.1,467.7416
1254.2,467.7158
1254.3,467.80138613861385
1254.4,467.81199999999995
1254.5,467.81399999999996
1254.6,467.8619999999999
1254.7,467.852
1254.8,467.861
1254.9,467.8769306930693
1255.0,467.8179
1255.1,467.8865999999998
1255.2,467.9369
1255.3,467.90549999999996
1255.4,467.95900000000006
1255.5,467.962604950495
1255.6,467.96375841584154
1255.7,467.9904
1255.8,467.96600000000007
1255.9,467.96360000000004
1256.0,468.0244
1256.1,467.96840000000014
1256.2,467.93673267326733
1256.3,467.93330000000003
1256.4,467.8361999999999
1256.5,467.84360000000004
1256.6,467.8566
1256.7,467.7896999999999
1256.8,467.8528712871286
1256.9,467.8934
1257.0,467.82400000000007
1257.1,467.8625999999999
1257.2,467.87359999999995
1257.3,467.84680000000003
1257.4,467.89940000000007
1257.5,467.903796039604
1257.6,467.8445000000001
1257.7,467.8265
1257.8,467.6675000000001
1257.9,467.58
1258.0,467.5475
1258.1,467.4520000000001
1258.2,467.45504950495047
1258.3,467.4224000000001
1258.4,467.3003999999998
1258.5,467.2692
1258.6,467.2608
1258.7,467.18600000000004
1258.8,467.2651999999998
1258.9,467.2983168316831
1259.0,467.2611
1259.1,467.2626
1259.2,467.18179999999995
1259.3,467.1048
1259.4,467.1341000000001
1259.5,467.08439999999996
1259.6,467.07723861386137
1259.7,467.11863762376237
1259.8,467.0742
1259.9,467.0896
1260.0,467.12
1260.1,467.08900000000006
1260.2,467.1444
1260.3,467.23333861386135
1260.4,467.2232841584158
1260.5,467.2793
1260.6,467.2934
1260.7,467.27610000000004
1260.8,467.2983
1260.9,467.25509999999997
1261.0,467.250198019802
1261.1,467.32999999999987
1261.2,467.26800000000003
1261.3,467.224
1261.4,467.27000000000004
1261.5,467.212
1261.6,467.2019999999999
1261.7,467.2240594059406
1261.8,467.2141
1261.9,467.2572000000001
1262.0,467.2369
1262.1,467.17640000000006
1262.2,467.1775247524753
1262.3,467.1378000000001
1262.4,467.1116
1262.5,467.1838
1262.6,467.20680000000004
1262.7,467.2016
1262.8,467.2042
1262.9,467.17145940594054
1263.0,467.1956425742575
1263.1,467.20720000000006
1263.2,467.19
1263.3,467.1957
1263.4,467.16009999999994
1263.5,467.1072
1263.6,467.1071
1263.7,467.0917821782178
1263.8,467.0924
1263.9,467.11
1264.0,467.05400000000003
1264.1,467.0547999999999
1264.2,467.1066336633664
1264.3,467.087
1264.4,467.1040000000001
1264.5,467.151
1264.6,467.13250000000005
1264.7,467.1650000000001
1264.8,467.1825
1264.9,467.1545544554455
1265.0,467.1986
1265.1,467.1860000000001
1265.2,467.12919999999997
1265.3,467.14699999999993
1265.4,467.1213999999999
1265.5,467.1121861386139
1265.6,467.1560396039604
1265.7,467.11699999999996
1265.8,467.10179999999997
1265.9,467.15650000000005
1266.0,467.12699999999995
1266.1,467.1435999999999
1266.2,467.1947524752475
1266.3,467.15360000000004
1266.4,467.1668000000001
1266.5,467.1632000000001
1266.6,467.08360000000005
1266.7,467.09680000000003
1266.8,467.11400000000003
1266.9,467.10045148514854
1267.0,467.1406485148515
1267.1,467.11390000000006
1267.2,467.10080000000005
1267.3,467.1757
1267.4,467.1385999999999
1267.5,467.110396039604
1267.6,467.145
1267.7,467.09
1267.8,467.035
1267.9,466.9899999999999
1268.0,466.94
1268.1,466.9349504950495
1268.2,466.91549999999995
1268.3,466.8802
1268.4,466.8945
1268.5,466.8563
1268.6,466.8291999999999
1268.7,466.87009702970295
1268.8,466.82200000000006
1268.9,466.78920000000005
1269.0,466.8292
1269.1,466.80680000000007
1269.2,466.7744
1269.3,466.76120000000003
1269.4,466.73
1269.5,466.7632673267326
1269.6,466.7483000000002
1269.7,466.69
1269.8,466.75579999999997
1269.9,466.77829999999994
1270.0,466.7435
1270.1,466.79792079207914
1270.2,466.7885999999999
1270.3,466.7676
1270.4,466.84140000000014
1270.5,466.8394
1270.6,466.79839999999996
1270.7,466.82460000000003
1270.8,466.79356435643564
1270.9,466.78600000000006
1271.0,466.794
1271.1,466.7455
1271.2,466.7805
1271.3,466.80326732673274
1271.4,466.77880000000005
1271.5,466.80760000000004
1271.6,466.80800000000005
1271.7,466.81960000000004
1271.8,466.89199999999994
1271.9,466.8803999999999
1272.0,466.83871287128716
1272.1,466.8457
1272.2,466.8314
1272.3,466.84579999999994
1272.4,466.8714
1272.5,466.8385
1272.6,466.8357148514851
1272.7,466.82759801980194
1272.8,466.80359999999996
1272.9,466.8542
1273.0,466.83900000000006
1273.1,466.8352
1273.2,466.8824752475248
1273.3,466.8632168316832
1273.4,466.8428000000001
1273.5,466.8982
1273.6,466.89360000000005
1273.7,466.8905
1273.8,466.8954
1273.9,466.8559
1274.0,466.8699405940594
1274.1,466.86800000000005
1274.2,466.852
1274.3,466.908
1274.4,466.89199999999994
1274.5,466.866
1274.6,466.89792079207916
1274.7,466.871
1274.8,466.8567999999999
1274.9,466.9027
1275.0,466.8483
1275.1,466.8689999999999
1275.2,466.91049999999996
1275.3,466.88772277227724
1275.4,466.94180000000006
1275.5,466.96819999999997
1275.6,466.938
1275.7,467.0228
1275.8,467.0144
1275.9,466.98560000000003
1276.0,467.0637623762376
1276.1,467.0404000000001
1276.2,467.0011
1276.3,467.00890000000004
1276.4,466.9418999999999
1276.5,466.89311683168313
1276.6,466.93888316831686
1276.7,466.90559999999994
1276.8,466.916
1276.9,466.9367999999999
1277.0,466.87800000000004
1277.1,466.9363172413792
1277.2,466.976
1277.3,466.93399999999997
1277.4,467.0
1277.5,467.01800000000003
1277.6,466.93600000000004
1277.7,466.9580198019802
1277.8,466.9461198019802
1277.9,466.949
1278.0,467.02049999999997
1278.1,466.9781
1278.2,466.99280000000005
1278.3,467.08050000000003
1278.4,467.0324
1278.5,467.00940594059404
1278.6,467.02480000000025
1278.7,466.9136
1278.8,466.9246
1278.9,466.87119999999993
1279.0,466.75260000000003
1279.1,466.80820000000006
1279.2,466.78570693069304
1279.3,466.73886435643567
1279.4,466.8470000000001
1279.5,466.9368
1279.6,466.9937999999998
1279.7,467.09809999999993
1279.8,467.0536
1279.9,467.1268
1280.0,467.1330693069306
1280.1,467.0
1280.2,466.97759999999994
1280.3,466.8392000000002
1280.4,466.7139999999999
1280.5,466.60439999999994
1280.6,466.45729504950503
1280.7,466.3839158415841
1280.8,466.34100000000007
1280.9,466.2885
1281.0,466.2875
1281.1,466.321
1281.2,466.27750000000003
1281.3,466.317
1281.4,466.2932554455445
1281.5,466.2625999999999
1281.6,466.34
1281.7,466.33299999999997
1281.8,466.29979999999995
1281.9,466.3487999999999
1282.0,466.26880000000006
1282.1,466.209702970297
1282.2,466.25179999999983
1282.3,466.1390999999999
1282.4,466.2078000000001
1282.5,466.2431000000001
1282.6,466.1416999999999
1282.7,466.22390000000007
1282.8,466.24090000000007
1282.9,466.1967326732675
1283.0,466.31359999999995
1283.1,466.3280000000001
1283.2,466.25199999999995
1283.3,466.34
1283.4,466.33159999999987
1283.5,466.2830930693069
1283.6,466.3664475247525
1283.7,466.2622
1283.8,466.2877
1283.9,466.3367999999998
1284.0,466.2377
1284.1,466.30219999999997
1284.2,466.3068
1284.3,466.2
1284.4,466.2011108910891
1284.5,466.19491089108914
1284.6,466.065
1284.7,466.106
1284.8,466.05600000000004
1284.9,465.93399999999997
1285.0,465.959
1285.1,465.861
1285.2,465.8779207920792
1285.3,465.941
1285.4,465.85540000000003
1285.5,465.9154
1285.6,465.9574
1285.7,465.83450000000005
1285.8,465.8863
1285.9,465.94280000000003
1286.0,465.8744554455445
1286.1,465.91920000000005
1286.2,465.90599999999995
1286.3,465.86560000000003
1286.4,465.9276
1286.5,465.9
1286.6,465.9031999999999
1286.7,465.9392
1286.8,465.93475247524754
1286.9,465.9956
1287.0,466.0651
1287.1,466.0034999999999
1287.2,466.05420000000004
1287.3,466.10579999999993
1287.4,466.0534653465347
1287.5,466.1012
1287.6,466.1170000000001
1287.7,466.0724
1287.8,469.099199999932
1287.9,519.727251485206
1288.0,582.1265742574644
1288.1,631.1414999999365
1288.2,687.2475000000627
1288.3,748.0694999999423
1288.4,799.3500000000689
1288.5,859.4815000000524
1288.6,910.9400990098383
1288.7,966.7284000000707
1288.8,1019.9172000000011
1288.9,1018.5827999999979
1289.0,1017.1159999999966
1289.1,1020.6068000000002
1289.2,1020.333168316833
1289.3,1021.4528999999984
1289.4,1023.7973999999992
1289.5,1023.2727000000027
1289.6,1019.7166999999947
1289.7,1027.3700000000001
1289.8,1027.4272999999987
1289.9,1029.4507920792166
1290.0,1035.0503999999996
1290.1,1036.1003999999987
1290.2,1038.4730000000022
1290.3,1033.7773999999986
1290.4,1036.5944000000004
1290.5,1036.8257999999996
1290.6,1037.5239603960415
1290.7,1033.6949000000013
1290.8,1027.3256999999983
1290.9,1034.7175999999793
1291.0,1024.7499999999961
1291.1,1041.5483000000008
1291.2,1038.3639811881199
1291.3,1033.817326732673
1291.4,1034.55
1291.5,1033.6
1291.6,1045.48
1291.7,1039.3
1291.8,1033.96
1291.9,1031.7604950495045
1292.0,1033.1457287128715
1292.1,1030.675100000005
1292.2,1029.4421999999997
1292.3,1029.3310000000001
1292.4,1031.9139000000007
1292.5,1040.275800000002
1292.6,1040.7973643564349
1292.7,1035.3709326732649
1292.8,1038.9448000000016
1292.9,1038.8436
1293.0,1038.4675999999997
1293.1,1042.3309999999929
1293.2,1038.9739841584135
1293.3,1036.62924356436
1293.4,1035.2407999999991
1293.5,1029.6030999999962
1293.6,1039.3530999999844
1293.7,1035.7120999999972
1293.8,1031.3899000000067
1293.9,1056.9656722772515
1294.0,1091.0829029703284
1294.1,1066.7704000000342
1294.2,1079.389600000013
1294.3,1083.8287999999948
1294.4,1072.6811999999893
1294.5,1066.1139999999941
1294.6,1062.5288000000044
1294.7,1069.470047524761
1294.8,1081.6676287128587
1294.9,1051.0634999999627
1295.0,1048.7075000000007
1295.1,1049.7719999999986
1295.2,1046.3054999999958
1295.3,1046.889499999999
1295.4,1053.9280198019903
1295.5,1048.2976000000049
1295.6,1046.819600000001
1295.7,1050.5382000000054
1295.8,1045.3562000000045
1295.9,1050.4173267326823
1296.0,1048.997200000001
1296.1,1052.0777999999978
1296.2,1051.4086000000004
1296.3,1052.1676999999993
1296.4,1046.0640999999896
1296.5,1053.8595049504925
1296.6,1054.5976
1296.7,1053.2016000000003
1296.8,1051.7184000000007
1296.9,1051.2503999999994
1297.0,1053.1611999999996
1297.1,1028.0443009901057
1297.2,1007.6245772277233
1297.3,1021.2471999999962
1297.4,1010.2848000000004
1297.5,1005.328100000001
1297.6,1015.7798999999973
1297.7,995.3467000000006
1297.8,1015.8334999999943
1297.9,990.5807920792017
1298.0,994.6789999999999
1298.1,1020.391
1298.2,1028.1280000000013
1298.3,1031.5240000000001
1298.4,1037.1141782178245
1298.5,1033.0430653465335
1298.6,1032.3087000000003
1298.7,1034.0611000000004
1298.8,1040.3231000000014
1298.9,1042.4139000000007
1299.0,1040.9233663366329
1299.1,1036.4056000000073
1299.2,1036.6560000000004
1299.3,1036.9548000000002
1299.4,1035.791999999999
1299.5,1037.0589108910904
1299.6,1035.4430000000027
1299.7,1031.0983999999967
1299.8,1029.9332000000009
1299.9,1032.348019801983
1300.0,1035.0720000000024
1300.1,1033.4548000000025
1300.2,1030.4725999999973
1300.3,1031.2353999999984
1300.4,1029.1853999999976
1300.5,1029.2242000000003
1300.6,1024.5812871287173
1300.7,1031.0870000000098
1300.8,1036.2474999999963
1300.9,1033.3769999999954
1301.0,1031.1775000000016
1301.1,1028.2990000000034
1301.2,1036.9291089109054
1301.3,1036.1032000000016
1301.4,1041.7352000000099
1301.5,1035.516400000005
1301.6,1039.5111999999942
1301.7,1029.5368316831727
1301.8,1016.0220000000093
1301.9,1023.7779000000194
1302.0,1013.3485000000045
1302.1,1008.8727000000015
1302.2,996.2541000000044
1302.3,998.204059405938
1302.4,989.6497999999789
1302.5,984.7556000000001
1302.6,994.1357999999944
1302.7,1001.2171999999997
1302.8,1001.8921782178219
1302.9,999.8802999999996
1303.0,1002.5970999999992
1303.1,1004.1337999999998
1303.2,1003.6315
1303.3,1005.5759999999993
1303.4,1005.6163999999999
1303.5,1005.4378217821783
1303.6,1004.9000000000001
1303.7,1005.7300000000005
1303.8,1006.85
1303.9,1006.1899999999995
1304.0,1005.3672277227722
1304.1,1004.6399940594071
1304.2,1000.4214999999988
1304.3,1004.3328000000014
1304.4,1003.6296999999983
1304.5,996.169599999998
1304.6,990.9962000000066
1304.7,991.1737623762382
1304.8,989.4185999999988
1304.9,983.7933999999939
1305.0,987.7130000000031
1305.1,988.3386000000014
1305.2,988.5814000000003
1305.3,983.7079207920865
1305.4,989.4218000000063
1305.5,989.8759999999984
1305.6,988.4768000000013
1305.7,987.7633999999996
1305.8,991.6955999999944
1305.9,989.8528712871254
1306.0,993.7108000000057
1306.1,994.9868000000004
1306.2,996.9012000000023
1306.3,995.3336000000024
1306.4,995.0656000000006
1306.5,995.729441584157
1306.6,994.7565099009921
1306.7,997.8050000000052
1306.8,1000.0299999999992
1306.9,1001.9875000000026
1307.0,996.6757178217852
1307.1,996.4337861386116
1307.2,992.9826000000019
1307.3,991.6905999999998
1307.4,996.0468000000078
1307.5,998.8401999999994
1307.6,998.0690000000013
1307.7,998.8562376237621
1307.8,1001.526499999998
1307.9,1000.524999999996
1308.0,1000.6311
1308.1,1000.2265000000007
1308.2,1003.1308999999997
1308.3,1004.9423999999993
1308.4,1003.0984158415839
1308.5,1004.6687999999986
1308.6,1004.4452000000008
1308.7,1005.9872000000005
1308.8,1008.7759999999987
1308.9,1005.3335999999989
1309.0,1002.5164000000007
1309.1,1009.4453465346505
1309.2,1011.6602999999996
1309.3,1008.9857000000009
1309.4,1010.5050000000015
1309.5,1006.6068000000016
1309.6,1002.1931000000008
1309.7,998.334851485146
1309.8,994.5720000000001
1309.9,1006.2340000000124
1310.0,1023.089
1310.1,1028.886999999998
1310.2,1028.482
1310.3,1031.4320792079216
1310.4,1031.413399999998
1310.5,1032.3163000000006
1310.6,1038.671099999989
1310.7,1049.5866000000028
1310.8,1050.500299999999
1310.9,1036.655099999983
1311.0,1013.2476237623664
1311.1,1001.922800000005
1311.2,999.5383999999993
1311.3,998.2160000000014
1311.4,1001.7304000000026
1311.5,1000.445199999998
1311.6,998.3236633663375
1311.7,995.6984999999976
1311.8,997.4610999999963
1311.9,998.4276999999995
1312.0,996.8733999999987
1312.1,999.9652999999953
1312.2,999.6076237623735
1312.3,995.8764000000024
1312.4,987.3821999999902
1312.5,989.1977999999951
1312.6,989.7794000000048
1312.7,985.7489999999962
1312.8,987.9228712871263
1312.9,993.3440000000061
1313.0,995.1355000000001
1313.1,995.4799999999993
1313.2,1001.975500000011
1313.3,1003.182500000001
1313.4,1004.0760990099051
1313.5,1006.6283920792079
1313.6,1009.1799999999976
1313.7,1005.8884000000006
1313.8,1002.8464000000007
1313.9,1000.4099999999955
1314.0,996.8954455445541
1314.1,992.7743000000031
1314.2,994.0921000000008
1314.3,995.5176000000004
1314.4,991.6292999999906
1314.5,994.5616702970311
1314.6,997.7381524752474
1314.7,999.4086000000011
1314.8,996.9786000000025
1314.9,997.3242000000016
1315.0,998.8161386138613
1315.1,998.4418000000002
1315.2,997.0165999999988
1315.3,997.9191999999995
1315.4,1000.2488000000014
1315.5,1000.3714851485149
1315.6,999.8720000000001
1315.7,1001.0999999999999
1315.8,1001.13
1315.9,1004.0340000000051
1316.0,1006.108
1316.1,1006.8440198019784
1316.2,1007.2681554455445
1316.3,1006.9039999999999
1316.4,997.052199999981
1316.5,977.345899999995
1316.6,976.6961999999842
1316.7,984.7284000000009
1316.8,983.2966336633712
1316.9,980.6463999999996
1317.0,987.6318000000058
1317.1,985.609800000011
1317.2,972.2759999999938
1317.3,977.8363999999831
1317.4,988.9774000000023
1317.5,997.0118000000047
1317.6,999.7609900990119
1317.7,998.3121999999996
1317.8,997.2535000000009
1317.9,996.5501999999999
1318.0,995.8287999999992
1318.1,996.5715841584149
1318.2,994.8643999999956
1318.3,994.2427999999991
1318.4,996.2624000000014
1318.5,998.1383999999991
1318.6,998.4808000000014
1318.7,997.2503960396026
1318.8,995.0395000000003
1318.9,995.4130000000034
1319.0,996.845
1319.1,996.8735000000001
1319.2,997.7950000000019
1319.3,1000.640198019802
1319.4,1001.3809999999975
1319.5,999.4121999999996
1319.6,997.849800000001
1319.7,996.9789999999999
1319.8,997.9597999999979
1319.9,999.1515841584162
1320.0,999.5898000000003
1320.1,1000.5253999999993
1320.2,1001.9174000000006
1320.3,1004.6368999999975
1320.4,1005.9765999999987
1320.5,1004.5634336633655
1320.6,1005.5520514851468
1320.7,1009.4152000000025
1320.8,1010.8512000000004
1320.9,1009.5835999999989
1321.0,1011.149199999998
1321.1,1010.9577227722789
1321.2,1008.4743999999994
1321.3,1004.9972000000014
1321.4,1001.8485999999999
1321.5,1001.7749000000001
1321.6,1000.4899000000006
1321.7,1001.7443564356486
1321.8,1002.575
1321.9,999.4949999999967
1322.0,997.8650000000001
1322.1,997.5850000000003
1322.2,996.485
1322.3,998.1099999999999
1322.4,1000.3040594059396
1322.5,1000.6103000000004
1322.6,1002.428199999998
1322.7,1003.0989999999997
1322.8,998.9356000000067
1322.9,976.6706999999915
1323.0,958.6296742574202
1323.1,963.1613346534542
1323.2,966.156929729725
1323.3,982.9252758132684
1323.4,1001.2027999999968
1323.5,999.7888000000002
1323.6,997.8456000000131
1323.7,995.6108910891109
1323.8,998.4105000000136
1323.9,986.1464999999855
1324.0,981.5160000000037
1324.1,989.601499999996
1324.2,991.8245
1324.3,991.9055049504946
1324.4,994.2132277227793
1324.5,996.0557999999967
1324.6,992.8159999999988
1324.7,992.8695999999984
1324.8,993.6585999999934
1324.9,996.7329702970263
1325.0,992.8909000000008
1325.1,994.0793999999956
1325.2,997.8008999999989
1325.3,994.5938000000049
1325.4,990.9155000000028
1325.5,994.9683999999962
1325.6,997.2285148514877
1325.7,997.3760000000104
1325.8,1003.5756000000005
1325.9,1004.4828000000052
1326.0,1007.0008000000009
1326.1,1006.0351485148494
1326.2,1006.9432000000004
1326.3,1006.0631000000001
1326.4,1007.3565000000056
1326.5,1010.1363
1326.6,1009.6214000000011
1326.7,1007.0422772277236
1326.8,1003.617
1326.9,1003.097999999988
1327.0,997.1990000000001
1327.1,995.3660000000009
1327.2,993.6419405940594
1327.3,992.1366326732663
1327.4,993.2750000000001
1327.5,994.6247000000008
1327.6,996.0537000000015
1327.7,992.316899999999
1327.8,991.1139999999972
1327.9,997.2732000000011
1328.0,1000.4636633663363
1328.1,1001.6727999999986
1328.2,1008.016800000001
1328.3,1009.4120396396397
1328.4,1008.4384863080888
1328.5,1005.7521861386127
1328.6,1003.0811999999992
1328.7,1002.5551999999966
1328.8,998.3039999999912
1328.9,1004.8624000000067
1329.0,1011.4700000000014
1329.1,1012.4472752475343
1329.2,1006.2160346534645
1329.3,1007.0814999999802
1329.4,1019.4889999999818
1329.5,1007.6140000000089
1329.6,1018.2459999999913
1329.7,1025.819702970303
1329.8,1032.2087999999987
1329.9,1032.3113999999916
1330.0,1026.4759999999933
1330.1,1032.7686000000003
1330.2,1032.9544000000046
1330.3,1036.281287128716
1330.4,1033.7635000000064
1330.5,1038.5119999999977
1330.6,1040.6003000000046
1330.7,1035.2506000000049
1330.8,1038.361
1330.9,1038.1507000000006
1331.0,1038.1902059405957
1331.1,1036.0156000000009
1331.2,1035.1667999999995
1331.3,1035.7284000000018
1331.4,1032.4491999999996
1331.5,1031.613374257428
1331.6,1026.994412871291
1331.7,1022.381799999999
1331.8,1025.4286000000018
1331.9,1019.6983000000189
1332.0,1029.7299999999987
1332.1,1034.7906000000012
1332.2,1033.4546534653448
1332.3,1040.3510000000015
1332.4,1035.831
1332.5,1048.31
1332.6,1039.486999999999
1332.7,1043.6374455445546
1332.8,1044.9025009900988
1332.9,1046.2226000000005
1333.0,1048.6452000000013
1333.1,1052.8074
1333.2,1046.1812999999997
1333.3,1044.8143
1333.4,1043.9929578947367
1333.5,1042.2614035087736
1333.6,1041.743078947369
1333.7,1044.1140000000028
1333.8,1039.9365000000046
1333.9,1034.845999999994
1334.0,1037.373499999997
1334.1,1032.35397524753
1334.2,1042.5769960396192
1334.3,1039.2926000000032
1334.4,1036.238799999996
1334.5,1041.7563999999954
1334.6,1042.3455999999996
1334.7,1041.0104950495058
1334.8,1054.8785999999898
1334.9,1087.6802000000544
1335.0,1077.3197000000073
1335.1,1091.9002999999886
1335.2,1071.9404000000118
1335.3,1083.554158415835
1335.4,1088.5172000000075
1335.5,1080.9748000000022
1335.6,1095.6631999999925
1335.7,1074.156400000007
1335.8,1071.2408000000005
1335.9,1046.81188118812
1336.0,1051.3459999999984
1336.1,1047.689300000001
1336.2,1047.1235000000001
1336.3,1053.1341999999984
1336.4,1053.4388000000001
1336.5,1056.822499999999
1336.6,1056.2778405940596
1336.7,1060.460623762377
1336.8,1060.3990000000001
1336.9,1057.7209999999993
1337.0,1051.6879999999999
1337.1,1057.359
1337.2,1058.159
1337.3,1055.8593168316825
1337.4,1053.3016871287116
1337.5,1051.9341999999997
1337.6,1054.4610999999948
1337.7,1049.5389999999986
1337.8,1050.2999009900996
1337.9,1054.0276000000028
1338.0,1047.4259999999963
1338.1,1026.6952000000347
1338.2,1038.7488000000076
1338.3,1026.3455999999926
1338.4,1038.4336000000117
1338.5,1023.6997029702848
1338.6,1023.4596490566033
1338.7,1031.9109735849077
1338.8,1024.6675000000025
1338.9,1033.5015702970352
1339.0,1028.3220396039603
1339.1,1033.286
1339.2,1032.4359999999986
1339.3,1028.9180000000001
1339.4,1032.4080000000024
1339.5,1037.578811881189
1339.6,1036.0609000000052
1339.7,1033.9637999999995
1339.8,1035.2016000000006
1339.9,1033.9788999999985
1340.0,1027.8519999999983
1340.1,1033.8981099009768
1340.2,1031.3040079207894
1340.3,1031.688200000001
1340.4,1030.0405999999973
1340.5,1030.1420000000003
1340.6,1029.8330000000008
1340.7,1028.6759999999995
1340.8,1030.567821782175
1340.9,1035.645200000004
1341.0,1035.3067999999985
1341.1,1031.229500000005
1341.2,1034.0870000000034
1341.3,1038.4558049504913
1341.4,1041.927409900993
1341.5,1040.353999999997
1341.6,1045.173199999994
1341.7,1047.690000000001
1341.8,1045.5512000000026
1341.9,1041.7979999999964
1342.0,1040.7965742574256
1342.1,1047.7558168316727
1342.2,1052.810000000004
1342.3,1049.6475000000032
1342.4,1037.8499999999842
1342.5,1046.8724999999904
1342.6,1035.275000000024
1342.7,1027.4878217821795
1342.8,1026.7284
1342.9,1023.4547999999938
1343.0,1016.9102000000023
1343.1,1004.6748000000127
1343.2,1003.1637999999991
1343.3,996.4508000000092
1343.4,991.3608910891038
1343.5,993.7595999999998
1343.6,996.096899999999
1343.7,993.6411000000003
1343.8,990.3535000000021
1343.9,991.8879000000051
1344.0,992.7819000000001
1344.1,993.4396999999994
1344.2,995.6170297029705
1344.3,998.4911999999987
1344.4,998.2327999999997
1344.5,992.3812000000036
1344.6,991.4147999999992
1344.7,990.1823999999996
1344.8,990.5523999999994
1344.9,997.3868000000016
1345.0,1003.0200752475236
1345.1,1005.032628712871
1345.2,1002.9472999999986
1345.3,1000.5358000000006
1345.4,1000.5180000000003
1345.5,1002.9722999999992
1345.6,1004.6538999999998
1345.7,1009.3476069306969
1345.8,1007.8199207920792
1345.9,1006.1809999999998
1346.0,1003.9579999999999
1346.1,1001.0100000000047
1346.2,999.6080000000001
1346.3,1003.027
1346.4,1002.7909999999983
1346.5,1000.9388118811878
1346.6,1006.5871999999881
1346.7,1008.7327999999998
1346.8,1009.2535000000003
1346.9,1008.2023999999981
1347.0,1006.9075999999997
1347.1,1001.5523000000098
1347.2,997.7895999999996
1347.3,995.6990099009925
1347.4,995.1692000000002
1347.5,996.4132000000008
1347.6,992.3664000000074
1347.7,989.4995999999994
1347.8,984.9948000000068
1347.9,979.3307999999975
1348.0,983.0776000000037
1348.1,989.2926138613813
1348.2,989.8355990098996
1348.3,994.5229999999933
1348.4,1000.4465000000033
1348.5,1001.8990999999997
1348.6,1000.6844000000013
1348.7,1002.5487000000026
1348.8,1003.5011881188121
1348.9,1004.5680000000016
1349.0,1006.7243999999987
1349.1,1007.7773999999995
1349.2,1009.9890000000029
1349.3,1011.6341999999994
1349.4,1012.7088000000011
1349.5,1011.5392000000014
1349.6,1011.3569999999987
1349.7,1011.3526792079203
1349.8,1011.5366336633662
1349.9,1009.1299999999953
1350.0,1010.7199999999984
1350.1,1009.437500000005
1350.2,1002.4329999999904
1350.3,993.4160000000032
1350.4,990.3935000000004
1350.5,988.508500000001
1350.6,983.1402970297096
1350.7,986.6451999999991
1350.8,986.1612000000055
1350.9,999.1468000000322
1351.0,1005.3780000000003
1351.1,1005.1559999999985
1351.2,1007.8811999999997
1351.3,1017.566399999988
1351.4,1022.1118811881183
1351.5,1016.3225999999986
1351.6,1017.4288999999952
1351.7,1023.923400000001
1351.8,1021.7181000000049
1351.9,1007.2737999999702
1352.0,1001.0267000000001
1352.1,1004.4173851485123
1352.2,1004.7316990099
1352.3,999.9078000000029
1352.4,998.2664000000005
1352.5,999.4553999999995
1352.6,996.1738000000028
1352.7,995.8368000000013
1352.8,993.7626000000023
1352.9,994.5500000000019
1353.0,992.1694118811901
1353.1,991.7127227722764
1353.2,994.1619000000012
1353.3,991.1878000000013
1353.4,996.8249000000086
1353.5,1002.4484999999997
1353.6,1001.5295000000006
1353.7,999.7938613861373
1353.8,1005.6479999999999
1353.9,1006.8579999999953
1354.0,1004.97
1354.1,1002.876000000005
1354.2,1002.012
1354.3,999.048
1354.4,995.6951683168301
1354.5,996.8491900990103
1354.6,998.3936999999994
1354.7,993.490099999998
1354.8,992.8864000000011
1354.9,995.7696000000017
1355.0,990.6428999999978
1355.1,992.3870999999891
1355.2,1000.0711000000015
1355.3,1003.5834267326716
1355.4,1003.0963405940587
1355.5,1002.5616000000003
1355.6,1002.6060000000002
1355.7,1002.6714000000001
1355.8,1006.829801980193
1355.9,1009.6845999999998
1356.0,1011.4482000000023
1356.1,1011.8753000000011
1356.2,1008.8487128712839
1356.3,1005.9712000000006
1356.4,1007.3960000000038
1356.5,1009.3232
1356.6,1008.3388118811905
1356.7,1003.7739999999923
1356.8,1000.5795
1356.9,1000.7535000000006
1357.0,996.456000000001
1357.1,990.2275000000053
1357.2,993.0372079207923
1357.3,998.7576178217794
1357.4,985.6061999999633
1357.5,969.047399999999
1357.6,971.9197999999892
1357.7,974.7933999999993
1357.8,967.7781188118882
1357.9,970.9729000000222
1358.0,977.8221000000002
1358.1,968.4811000000124
1358.2,961.2476376237554
1358.3,971.4927881187978
1358.4,983.7884000000047
1358.5,988.5823999999991
1358.6,988.5344000000011
1358.7,987.0915999999995
1358.8,985.9513861386145
1358.9,985.0831
1359.0,986.3771999999994
1359.1,988.4239999999998
1359.2,989.4466000000006
1359.3,990.3249405940593
1359.4,992.0432178217849
1359.5,992.8749999999999
1359.6,992.7599999999995
1359.7,995.155
1359.8,999.2750000000001
1359.9,1001.2750000000001
1360.0,999.6814356435639
1360.1,996.7234227722796
1360.2,994.3119999999994
1360.3,996.1740999999946
1360.4,996.8544999999989
1360.5,996.7849000000011
1360.6,1000.9079999999972
1360.7,1002.6478000000001
1360.8,1002.9200990099007
1360.9,1002.8643999999998
1361.0,1003.805600000001
1361.1,1004.2836000000011
1361.2,1004.9460000000015
1361.3,1008.0307999999981
1361.4,1010.6344118811893
1361.5,1011.7108277227724
1361.6,1010.739900000003
1361.7,1008.8581999999986
1361.8,1007.8629000000001
1361.9,1006.2408999999976
1362.0,1004.3839138613861
1362.1,1007.123199999992
1362.2,1008.9997999999974
1362.3,1007.1234
1362.4,1006.4961999999995
1362.5,1004.2651564356436
1362.6,1003.1325544554426
1362.7,1005.3280000000002
1362.8,1004.5245000000042
1362.9,1004.3210000000048
1363.0,1007.6460000000003
1363.1,1007.730000000003
1363.2,1003.7332623762363
1363.3,1000.0429108910902
1363.4,999.1635999999992
1363.5,998.0447999999994
1363.6,999.7391999999943
1363.7,1001.7611999999989
1363.8,988.7848000000231
1363.9,958.8122772276738
1364.0,945.9553623762453
1364.1,955.6739999999994
1364.2,952.4405999999947
1364.3,948.9732999999977
1364.4,955.5728000000067
1364.5,958.9390000000046
1364.6,944.0081188118963
1364.7,940.8094000000242
1364.8,964.3643999999921
1364.9,982.6252000000169
1365.0,991.5466000000026
1365.1,988.1748
1365.2,986.8169999999973
1365.3,983.9753465346544
1365.4,984.5590000000054
1365.5,990.2666999999983
1365.6,992.7989000000043
1365.7,987.1045000000018
1365.8,987.3243999999971
1365.9,991.8167999999916
1366.0,986.4698000000005
1366.1,986.2465811881158
1366.2,991.2146336633652
1366.3,995.99
1366.4,996.5300000000028
1366.5,998.274
1366.6,999.1759999999997
1366.7,998.492
1366.8,997.29
1366.9,999.5600000000065
1367.0,1001.3690099009899
1367.1,1003.238999999994
1367.2,1008.4740999999998
1367.3,1009.0563999999982
1367.4,1009.5114999999992
1367.5,1008.8926000000007
1367.6,1010.4776000000008
1367.7,1009.4072999999997
1367.8,1009.0739999999996
1367.9,1009.5210891089109
1368.0,1008.9925999999992
1368.1,1005.3436000000029
1368.2,1001.4516000000003
1368.3,999.3608000000028
1368.4,994.4967999999993
1368.5,993.2367999999997
1368.6,991.5992059405953
1368.7,990.8456524752494
1368.8,993.8949999999995
1368.9,996.3580000000017
1369.0,997.944
1369.1,996.911900000005
1369.2,996.3460000000026
1369.3,1000.6380999999992
1369.4,1003.8255999999999
1369.5,1004.4203960396038
1369.6,1006.1523999999977
1369.7,1003.0587999999896
1369.8,973.7035999999944
1369.9,916.2795999999539
1370.0,868.206399999996
1370.1,821.5968000000711
1370.2,766.7550930692526
1370.3,712.0510990098937
1370.4,665.321499999945
1370.5,612.2339999999789
1370.6,554.8275000000556
1370.7,507.55049999998494
1370.8,476.9710000000061
1370.9,473.35999999999956
1371.0,472.8934999999998
1371.1,472.3540594059411
1371.2,471.9987999999999
1371.3,471.77800000000025
1371.4,471.51879999999977
1371.5,471.383
1371.6,471.29220000000015
1371.7,471.15959999999995
1371.8,471.113099009901
1371.9,471.03346930693056
1372.0,470.9099
1372.1,470.9003000000001
1372.2,470.7706999999998
1372.3,470.5970000000001
1372.4,470.5069
1372.5,470.3940653465348
1372.6,470.2209267326733
1372.7,470.09519999999986
1372.8,469.9648000000001
1372.9,469.87719999999996
1373.0,469.79560000000004
1373.1,469.648
1373.2,469.5511999999999
1373.3,469.43930693069314
1373.4,469.31449999999995
1373.5,469.2614
1373.6,469.20450000000005
1373.7,469.1638
1373.8,469.1469
1373.9,469.1000990099008
1374.0,469.01
1374.1,469.019
1374.2,469.037
1374.3,469.045
1374.4,469.05899999999986
1374.5,469.0129702970297
1374.6,469.0113
1374.7,468.9523
1374.8,468.87159999999994
1374.9,468.9174
1375.0,468.92519999999996
1375.1,468.8632
1375.2,468.91121386138616
1375.3,468.8534574257426
1375.4,468.78240000000005
1375.5,468.8372
1375.6,468.81600000000003
1375.7,468.79400000000004
1375.8,468.8328
1375.9,468.82039999999995
1376.0,468.7868
1376.1,468.78816633663365
1376.2,468.6749613861386
1376.3,468.6762
1376.4,468.6848999999999
1376.5,468.6008
1376.6,468.6407999999999
1376.7,468.6321999999999
1376.8,468.53
1376.9,468.51919999999996
1377.0,468.4739603960396
1377.1,468.44819999999993
1377.2,468.51300000000003
1377.3,468.51619999999997
1377.4,468.4408000000001
1377.5,468.5052
1377.6,468.5044000000001
1377.7,468.4912000000001
1377.8,468.5567544554455
1377.9,468.4901485148515
1378.0,468.47999999999996
1378.1,468.39250000000027
1378.2,468.2025
1378.3,468.155
1378.4,468.1249999999998
1378.5,467.97249999999997
1378.6,467.8926237623764
1378.7,467.7634970297028
1378.8,467.63199999999995
1378.9,467.67
1379.0,467.6436000000001
1379.1,467.5911999999999
1379.2,467.6876
1379.3,467.66560000000004
1379.4,467.6392000000001
1379.5,467.690495049505
1379.6,467.64390000000003
1379.7,467.59
1379.8,467.5532000000001
1379.9,467.41849999999994
1380.0,467.39379999999994
1380.1,467.40780000000007
1380.2,467.30455445544555
1380.3,467.3288
1380.4,467.3313999999998
1380.5,467.24979999999994
1380.6,467.33539999999994
1380.7,467.3768
1380.8,467.3607999999999
1380.9,467.46119999999996
1381.0,467.4212871287129
1381.1,467.39209999999997
1381.2,467.3895
1381.3,467.33950000000004
1381.4,467.3168000000001
1381.5,467.3548
1381.6,467.26419999999996
1381.7,467.3052
1381.8,467.36430000000007
1381.9,467.2466336633665
1382.0,467.3302376237624
1382.1,467.394
1382.2,467.336
1382.3,467.36999999999995
1382.4,467.392
1382.5,467.322
1382.6,467.3280198019802
1382.7,467.30463960396037
1382.8,467.2457
1382.9,467.2624
1383.0,467.2224
1383.1,467.1957
1383.2,467.2124
1383.3,467.1914
1383.4,467.2419
1383.5,467.24059405940596
1383.6,467.21799999999985
1383.7,467.2964
1383.8,467.27279999999996
1383.9,467.25800000000004
1384.0,467.331
1384.1,467.28640000000007
1384.2,467.2826
1384.3,467.32930693069306
1384.4,467.28
1384.5,467.28340000000003
1384.6,467.29320000000007
1384.7,467.27360000000004
1384.8,467.3434
1384.9,467.34299999999996
1385.0,467.28040000000004
1385.1,467.38
1385.2,467.369900990099
1385.3,467.34079999999983
1385.4,467.4468
1385.5,467.4172
1385.6,467.3675999999998
1385.7,467.44399999999996
1385.8,467.3568
1385.9,467.34953663366343
1386.0,467.38457920792075
1386.1,467.30749999999995
1386.2,467.36050000000006
1386.3,467.4095000000001
1386.4,467.35600000000005
1386.5,467.40200000000004
1386.6,467.4506930693071
1386.7,467.3470000000001
1386.8,467.3914
1386.9,467.37899999999985
1387.0,467.2639999999999
1387.1,467.3360000000001
1387.2,467.2373999999999
1387.3,467.16839999999996
1387.4,467.21168316831677
1387.5,467.15610000000004
1387.6,467.1390999999999
1387.7,467.1895999999999
1387.8,467.12649999999996
1387.9,467.18040000000013
1388.0,467.2409
1388.1,467.19039999999995
1388.2,467.2651099009902
1388.3,467.2830257425743
1388.4,467.1744000000002
1388.5,467.27520000000004
1388.6,467.2364
1388.7,467.22439999999995
1388.8,467.31800000000004
1388.9,467.2227999999999
1389.0,467.18199999999996
1389.1,467.26160000000004
1389.2,467.20594059405937
1389.3,467.2588
1389.4,467.31899999999985
1389.5,467.241
1389.6,467.3311
1389.7,467.329
1389.8,467.2433
1389.9,467.2788000000001
1390.0,467.33797623762376
1390.1,467.25144554455443
1390.2,467.349
1390.3,467.33
1390.4,467.247
1390.5,467.307
1390.6,467.278
1390.7,467.269
1390.8,467.345
1390.9,467.29898019801976
1391.0,467.2881099009901
1391.1,467.2655
1391.2,467.22090000000003
1391.3,467.2255
1391.4,467.1764
1391.5,467.1418
1391.6,467.15819999999997
1391.7,467.12649999999996
1391.8,466.998901980198
1391.9,467.09445544554455
1392.0,467.1376
1392.1,467.1139999999999
1392.2,467.15599999999995
1392.3,467.11080000000004
1392.4,467.1248
1392.5,467.1744712871287
1392.6,467.114107920792
1392.7,467.17350000000005
1392.8,467.21299999999997
1392.9,467.11929999999995
1393.0,467.1079
1393.1,467.07300000000015
1393.2,466.98420000000004
1393.3,467.0372277227723
1393.4,466.9957999999999
1393.5,466.9318
1393.6,466.95880000000005
1393.7,466.9424
1393.8,466.98
1393.9,466.9721999999999
1394.0,466.8560000000001
1394.1,466.95057623762375
1394.2,466.9525940594058
1394.3,466.81299999999993
1394.4,466.87
1394.5,466.86699999999996
1394.6,466.81149999999997
1394.7,466.8375
1394.8,466.79
1394.9,466.7955000000001
1395.0,466.8985148514851
1395.1,466.86920000000003
1395.2,466.85440000000017
1395.3,466.9568000000001
1395.4,466.88160000000005
1395.5,466.92319999999995
1395.6,466.99280000000016
1395.7,466.82198019801984
1395.8,466.8691
1395.9,466.83729999999986
1396.0,466.75149999999996
1396.1,466.79970000000003
1396.2,466.7897
1396.3,466.7820881188118
1396.4,466.84900594059394
1396.5,466.80920000000003
1396.6,466.77279999999996
1396.7,466.9092
1396.8,466.8708
1396.9,466.91100000000006
1397.0,466.95760000000007
1397.1,466.841
1397.2,466.8904
1397.3,466.90821188118815
1397.4,466.79070000000013
1397.5,466.8605
1397.6,466.90900000000005
1397.7,466.8107
1397.8,466.87969999999996
1397.9,466.84989999999993
1398.0,466.8411
1398.1,466.9493099009901
1398.2,466.879801980198
1398.3,466.85
1398.4,466.91
1398.5,466.87
1398.6,466.88
1398.7,466.90999999999997
1398.8,466.79
1398.9,466.86
1399.0,466.85
1399.1,466.77079900990117
1399.2,466.8591
1399.3,466.86
1399.4,466.82039999999995
1399.5,466.8596
1399.6,466.8501
1399.7,466.7906
1399.8,466.8296
1399.9,466.73198019801976
1400.0,466.6712
1400.1,466.6308000000001
1400.2,466.51239999999996
1400.3,466.51980000000003
1400.4,466.4514
1400.5,466.33239999999995
1400.6,466.33
1400.7,466.32980594059404
1400.8,466.23297920792095
1400.9,466.30760000000004
1401.0,466.27119999999996
1401.1,466.2894
1401.2,466.3094
1401.3,466.28090000000003
1401.4,466.2994
1401.5,466.32881188118813
1401.6,466.2628000000001
1401.7,466.2984
1401.8,466.3383999999999
1401.9,466.25359999999995
1402.0,466.3460000000001
1402.1,466.2924000000001
1402.2,466.26177029702967
1402.3,466.3740049504949
1402.4,466.3705
1402.5,466.3415
1402.6,466.39699999999993
1402.7,466.3334999999999
1402.8,466.31100000000004
1402.9,466.3955000000001
1403.0,466.24009900990114
1403.1,466.28639999999996
1403.2,466.3652000000001
1403.3,466.2478000000001
1403.4,466.29640000000006
1403.5,466.2812
1403.6,466.1860000000001
1403.7,466.328910891089
1403.8,466.30280000000005
1403.9,466.2162999999998
1404.0,466.32159999999993
1404.1,466.2928
1404.2,466.21560000000005
1404.3,466.27509999999995
1404.4,466.1683999999998
1404.5,466.2152475247525
1404.6,466.29359999999997
1404.7,466.18960000000004
1404.8,466.26279999999997
1404.9,466.30680000000007
1405.0,466.2364
1405.1,466.30359999999996
1405.2,466.356
1405.3,466.2415841584159
1405.4,466.3574
1405.5,466.3518
1405.6,466.2863
1405.7,466.3164
1405.8,466.2108
1405.9,466.2360396039604
1406.0,466.222
1406.1,466.166
1406.2,466.169
1406.3,466.242
1406.4,466.15999999999997
1406.5,466.168
1406.6,466.2058217821782
1406.7,466.1388217821782
1406.8,466.20120000000003
1406.9,466.1833
1407.0,466.18
1407.1,466.1711
1407.2,466.16999999999996
1407.3,466.14329999999995
1407.4,466.15762376237626
1407.5,466.08079999999995
1407.6,466.09639999999996
1407.7,466.2232000000001
1407.8,466.24
1407.9,466.3192
1408.0,466.3388
1408.1,466.3312871287129
1408.2,466.3126
1408.3,466.2926
1408.4,466.17689999999993
1408.5,466.17740000000003
1408.6,466.03210000000024
1408.7,465.9665
1408.8,465.9774
1408.9,465.8766336633662
1409.0,465.8944
1409.1,465.943
1409.2,465.98440000000005
1409.3,466.0673999999999
1409.4,466.0369999999999
1409.5,466.0047108910892
1409.6,466.0170148514851
1409.7,465.9349999999999
1409.8,465.8180000000001
1409.9,465.74049999999994
1410.0,465.61950000000013
1410.1,465.5490000000001
1410.2,465.4634999999999
1410.3,465.29700000000014
1410.4,465.30366336633665
1410.5,465.36039999999997
1410.6,465.31960000000004
1410.7,465.3856000000001
1410.8,465.4
1410.9,465.37479999999994
1411.0,465.42879999999997
1411.1,465.43168316831685
1411.2,465.4051
1411.3,465.48299999999995
1411.4,465.45849999999996
1411.5,465.4085
1411.6,465.4663999999999
1411.7,465.4221465346535
1411.8,465.5658891089108
1411.9,465.57539999999995
1412.0,465.652
1412.1,465.7192
1412.2,465.7218
1412.3,465.81019999999995
1412.4,465.8788752475248
1412.5,465.8818811881188
1412.6,465.9367
1412.7,465.90139999999997
1412.8,465.89
1412.9,465.9062
1413.0,465.81280000000004
1413.1,465.83811881188115
1413.2,465.826
1413.3,465.772
1413.4,465.76800000000003
1413.5,465.818
1413.6,465.78999999999996
1413.7,465.82800000000003
1413.8,465.84000000000003
1413.9,465.8084
1414.0,465.8632
1414.1,465.87210000000005
1414.2,465.8779
1414.3,465.88
1414.4,465.8723346534654
1414.5,465.8855782178218
1414.6,465.87440000000004
1414.7,465.8232
1414.8,465.91140000000007
1414.9,465.94780000000003
1415.0,465.9266
1415.1,465.9508910891089
1415.2,465.96770000000004
1415.3,465.9546
1415.4,465.98850000000004
1415.5,465.9692
1415.6,465.96
1415.7,466.00620000000004
1415.8,465.9437623762377
1415.9,465.9352
1416.0,465.97040000000004
1416.1,465.8888000000001
1416.2,465.94360000000006
1416.3,465.98519999999996
1416.4,465.9221267326732
1416.5,465.95254950495047
1416.6,465.97
1416.7,465.9324999999999
1416.8,465.97999999999996
1416.9,486.15250000003056
1417.0,540.8924999999637
1417.1,589.4618811880769
1417.2,648.5021999999794
1417.3,701.8581999999551
1417.4,756.0612000000763
1417.5,811.9485999999822
1417.6,854.8071999999652
1417.7,918.6171999999768
1417.8,971.8144554455101
1417.9,1010.7022000000575
1418.0,1013.5469000000006
1418.1,1015.4867999999958
1418.2,1016.2667000000001
1418.3,1014.881500000001
1418.4,1022.3740000000172
1418.5,1025.1586
1418.6,1028.557840594056
1418.7,1031.375568316832
1418.8,1029.7884000000013
1418.9,1029.48
1419.0,1030.5251999999996
1419.1,1036.2139999999965
1419.2,1034.577599999999
1419.3,1034.3181425742566
1419.4,1032.5987574257415
1419.5,1028.8090000000009
1419.6,1030.8504999999989
1419.7,1029.4861999999982
1419.8,1028.4113
1419.9,1029.1158000000005
1420.0,1028.8462000000002
1420.1,1029.2948514851469
1420.2,1028.502
1420.3,1033.703
1420.4,1033.9109999999978
1420.5,1028.711
1420.6,1036.6269999999777
1420.7,1042.627
1420.8,1042.1113960396096
1420.9,1035.9673504950415
1421.0,1034.2246000000002
1421.1,1035.7991999999977
1421.2,1037.5758000000003
1421.3,1033.8964999999985
1421.4,1028.940199999996
1421.5,1033.559200000002
1421.6,1035.1022772277247
1421.7,1033.060399999999
1421.8,1037.7083999999913
1421.9,1039.4003999999995
1422.0,1038.0239999999994
1422.1,1035.1460000000038
1422.2,1033.2143999999994
1422.3,1033.9154099009888
1422.4,1036.9998900990124
1422.5,1037.7172999999993
1422.6,1037.4768
1422.7,1039.8685000000023
1422.8,1036.149000000006
1422.9,1038.590800000005
1423.0,1058.055513861369
1423.1,1074.99010297028
1423.2,1085.889600000009
1423.3,1079.5156000000088
1423.4,1084.7132000000142
1423.5,1085.700000000004
1423.6,1086.3325742574204
1423.7,1079.857999999986
1423.8,1077.9844999999987
1423.9,1086.258000000012
1424.0,1056.5440099010075
1424.1,1037.720875247526
1424.2,1040.6591999999996
1424.3,1042.2592000000004
1424.4,1044.1636000000044
1424.5,1048.3955999999996
1424.6,1047.1440000000043
1424.7,1045.3677267326734
1424.8,1048.8427247524714
1424.9,1051.4870000000012
1425.0,1052.0279
1425.1,1054.046299999998
1425.2,1055.6514000000002
1425.3,1057.3952999999985
1425.4,1054.4263366336615
1425.5,1051.2520000000006
1425.6,1055.4815999999964
1425.7,1061.115600000002
1425.8,1057.379800000004
1425.9,1055.0496000000007
1426.0,1055.8381485148516
1426.1,1053.727708910892
1426.2,1038.9348999999854
1426.3,1030.5973999999999
1426.4,1027.0882999999963
1426.5,1032.5191999999972
1426.6,1024.4565000000048
1426.7,1021.7709900990174
1426.8,1019.518
1426.9,1013.1799999999964
1427.0,1020.6659999999999
1427.1,1017.9920000000199
1427.2,1025.4340000000002
1427.3,1029.842
1427.4,1030.2764356435703
1427.5,1033.1331247524754
1427.6,1032.5896000000018
1427.7,1032.6285000000003
1427.8,1031.4184999999993
1427.9,1029.3177999999982
1428.0,1026.298199999999
1428.1,1024.8151999999995
1428.2,1028.9066000000016
1428.3,1027.9956435643626
1428.4,1026.1746000000005
1428.5,1026.5528
1428.6,1025.8474000000008
1428.7,1028.218200000002
1428.8,1029.7660000000005
1428.9,1035.3344000000047
1429.0,1040.805374257427
1429.1,1041.7007188118812
1429.2,1041.7613000000001
1429.3,1042.626499999999
1429.4,1045.1823000000022
1429.5,1043.5049999999962
1429.6,1041.7270999999994
1429.7,1042.5918000000006
1429.8,1044.3434653465333
1429.9,1042.901999999996
1430.0,1040.7264
1430.1,1039.5204000000026
1430.2,1039.268000000001
1430.3,1039.1924000000004
1430.4,1036.7963049504915
1430.5,1033.9716584158416
1430.6,1039.8754999999855
1430.7,1035.9139999999802
1430.8,1024.5100000000007
1430.9,1016.78449999999
1431.0,1013.5624999999999
1431.1,1008.680891089119
1431.2,995.0665999999977
1431.3,998.044999999982
1431.4,999.3485999999804
1431.5,992.9198
1431.6,992.0694000000017
1431.7,993.2844000000006
1431.8,995.6695049504941
1431.9,996.2689000000003
1432.0,998.6938000000018
1432.1,1002.7668999999975
1432.2,1004.2920999999999
1432.3,1004.2436999999998
1432.4,1005.8178217821796
1432.5,1007.068
1432.6,1005.5172000000014
1432.7,1009.9748000000071
1432.8,1016.1343999999993
1432.9,1015.981999999999
1433.0,1016.437999999999
1433.1,1014.480297029705
1433.2,1011.2031999999994
1433.3,1010.7884
1433.4,1011.4393000000013
1433.5,1011.0588000000005
1433.6,1009.8310475247536
1433.7,1006.449603960396
1433.8,1004.47
1433.9,1004.6699999999977
1434.0,1002.075
1434.1,1003.8299999999924
1434.2,1004.4051485148509
1434.3,1000.1963782178242
1434.4,998.7449
1434.5,999.6320000000005
1434.6,997.3846000000058
1434.7,994.5751000000002
1434.8,995.0702
1434.9,992.0856999999986
1435.0,988.5499702970293
1435.1,991.4065029702926
1435.2,995.0052
1435.3,991.932800000004
1435.4,992.9780000000042
1435.5,997.0667999999994
1435.6,995.5732000000011
1435.7,991.493999999997
1435.8,990.9422772277196
1435.9,993.526699999999
1436.0,991.8688000000008
1436.1,989.7819000000036
1436.2,987.7069999999987
1436.3,987.9454999999989
1436.4,989.1126732673264
1436.5,992.2301999999991
1436.6,995.6350000000017
1436.7,994.9416
1436.8,996.6679999999994
1436.9,1000.3530000000032
1437.0,1002.5229999999999
1437.1,1004.3366336633621
1437.2,1007.3245000000003
1437.3,1009.8714999999972
1437.4,1009.1059999999948
1437.5,1005.4254999999997
1437.6,1004.5409999999988
1437.7,1005.2915000000002
1437.8,1004.5475247524776
1437.9,1002.5695999999976
1438.0,1002.6652000000008
1438.1,1003.477200000001
1438.2,1000.522399999998
1438.3,997.106800000001
1438.4,995.7263247524749
1438.5,997.617351485144
1438.6,1000.9725000000008
1438.7,998.2475999999972
1438.8,998.3147999999956
1438.9,999.0073999999958
1439.0,1003.9351702970142
1439.1,1016.0875940593986
1439.2,1019.5300000000069
1439.3,1024.4261999999997
1439.4,1029.8032000000103
1439.5,1032.6324000000045
1439.6,1027.3085999999996
1439.7,1027.1489801980183
1439.8,1029.3545178217805
1439.9,1034.135700000001
1440.0,1024.3154000000056
1440.1,1008.9970000000015
1440.2,1008.8408999999997
1440.3,1008.0144000000009
1440.4,1004.6141584158388
1440.5,1003.526
1440.6,1004.405999999999
1440.7,1003.1999999999998
1440.8,1002.8259999999999
1440.9,1005.2179999999958
1441.0,1002.1450891089107
1441.1,999.3615930693085
1441.2,996.9059999999994
1441.3,994.3255000000016
1441.4,990.7653999999989
1441.5,989.9622000000014
1441.6,990.9853000000044
1441.7,985.6202999999992
1441.8,982.6537623762391
1441.9,983.593200000003
1442.0,988.9222000000015
1442.1,989.3686000000016
1442.2,988.8422000000023
1442.3,994.2297999999976
1442.4,997.5951999999999
1442.5,996.1850495049514
1442.6,998.0680999999839
1442.7,1003.1882999999978
1442.8,998.931000000001
1442.9,996.2058000000017
1443.0,998.4569999999997
1443.1,997.2714000000108
1443.2,992.6556435643558
1443.3,992.6468000000002
1443.4,992.1995999999962
1443.5,987.6887999999996
1443.6,986.6623999999913
1443.7,992.2068000000038
1443.8,994.2476950495047
1443.9,994.6340099009942
1444.0,996.4779999999992
1444.1,996.9404999999934
1444.2,1000.2744999999998
1444.3,1000.9684999999957
1444.4,1003.0124999999988
1444.5,1002.0912722772275
1444.6,1001.6981920792077
1444.7,1000.5315999999978
1444.8,997.342800000002
1444.9,992.9235999999878
1445.0,988.5196000000026
1445.1,989.2060000000059
1445.2,984.3229999999991
1445.3,984.4661999999969
1445.4,987.8981188118835
1445.5,982.6562000000156
1445.6,983.328499999967
1445.7,1001.1907999999628
1445.8,987.0170999999681
1445.9,1022.5483000000106
1446.0,1030.4693069306938
1446.1,1030.175999999999
1446.2,1033.4676000000065
1446.3,1032.9816000000064
1446.4,1022.7399999999977
1446.5,1015.4888000000084
1446.6,1003.9011999999987
1446.7,1007.8095049505021
1446.8,1011.7375000000002
1446.9,1008.94769999999
1447.0,1004.2216999999997
1447.1,1004.0734000000027
1447.2,1002.0504
1447.3,1002.6428712871284
1447.4,1005.3160000000057
1447.5,1006.92
1447.6,1004.3600000000009
1447.7,1005.583
1447.8,1009.381
1447.9,1006.6750000000002
1448.0,1005.8948514851484
1448.1,1005.7226999999971
1448.2,1009.7310999999995
1448.3,1007.6198000000006
1448.4,1006.6139000000001
1448.5,1006.6399000000001
1448.6,1005.4854000000021
1448.7,1002.1688118811882
1448.8,1002.29
1448.9,1002.0379999999996
1449.0,1002.5884000000019
1449.1,1005.6168
1449.2,1005.5248
1449.3,1004.0328000000011
1449.4,999.0877227722757
1449.5,996.8296
1449.6,997.0115999999966
1449.7,998.7595000000006
1449.8,999.9038000000002
1449.9,1000.9905999999992
1450.0,999.9957425742574
1450.1,1001.3245999999915
1450.2,1005.6911999999992
1450.3,1004.8917999999999
1450.4,1006.5032000000072
1450.5,1011.6503999999992
1450.6,1009.7218811881194
1450.7,1008.542499999998
1450.8,1006.1999999999989
1450.9,1007.427500000002
1451.0,1007.7999999999977
1451.1,1004.4300000000021
1451.2,1003.085
1451.3,1001.9976237623817
1451.4,998.273132673267
1451.5,998.1491999999987
1451.6,998.7640000000015
1451.7,999.9604000000083
1451.8,1007.1560000000021
1451.9,1000.7331999999842
1452.0,978.7660000000277
1452.1,960.2599999999827
1452.2,975.3891089108936
1452.3,975.9624000000049
1452.4,969.5806999999959
1452.5,968.927499999993
1452.6,977.535299999998
1452.7,975.2678999999783
1452.8,963.7516999999879
1452.9,979.9002970297149
1453.0,991.7717999999927
1453.1,1002.2924000000091
1453.2,994.7144000000003
1453.3,993.7504000000014
1453.4,990.1309999999909
1453.5,986.8571999999956
1453.6,994.8521900990082
1453.7,996.3108425742572
1453.8,995.6847000000012
1453.9,991.9769000000014
1454.0,993.4149999999993
1454.1,995.4324000000026
1454.2,993.8421999999987
1454.3,999.720792079204
1454.4,1003.566
1454.5,998.2579999999999
1454.6,994.1599999999987
1454.7,995.326
1454.8,988.9360000000037
1454.9,983.9176237623765
1455.0,990.0839000000003
1455.1,991.2954000000002
1455.2,990.2803000000001
1455.3,990.7319999999999
1455.4,991.8697108910898
1455.5,993.1851940594065
1455.6,991.1845999999864
1455.7,997.9706000000017
1455.8,1001.3904000000001
1455.9,1004.1240000000022
1456.0,1008.4092
1456.1,1010.7342574257352
1456.2,1012.9826999999954
1456.3,1007.6714000000004
1456.4,1008.2855999999977
1456.5,1005.1610999999994
1456.6,1003.2172000000013
1456.7,1002.1510999999986
1456.8,999.6868316831669
1456.9,994.6003999999897
1457.0,985.4856000000012
1457.1,986.9052000000052
1457.2,983.3363999999987
1457.3,982.5531999999889
1457.4,990.5972000000074
1457.5,997.6627722772284
1457.6,998.8479999999992
1457.7,999.9370000000026
1457.8,1001.8180000000062
1457.9,997.5275000000026
1458.0,1000.2010000000031
1458.1,1005.3024752475118
1458.2,1014.7675999999956
1458.3,1011.350999999999
1458.4,1011.4915999999937
1458.5,1009.1121999999816
1458.6,1025.1702000000087
1458.7,1016.771722772276
1458.8,1018.1945851484995
1458.9,1033.3255999999988
1459.0,1033.1774999999968
1459.1,1037.4178999999995
1459.2,1038.051599999999
1459.3,1037.9266999999975
1459.4,1039.921921782167
1459.5,1032.3798613861386
1459.6,1032.6563999999987
1459.7,1034.7939999999976
1459.8,1038.4700000000034
1459.9,1032.262400000005
1460.0,1034.615600000002
1460.1,1030.7143128712873
1460.2,1030.4908861386134
1460.3,1031.456000000001
1460.4,1027.7127000000028
1460.5,1029.3244999999995
1460.6,1030.0040000000047
1460.7,1026.4913999999897
1460.8,1068.581599999997
1460.9,1080.539801980211
1461.0,1086.011
1461.1,1079.2469999999967
1461.2,1091.704
1461.3,1090.1109999999976
1461.4,1099.9470000000001
1461.5,1101.249
1461.6,1098.8010891089073
1461.7,1109.2319999999852
1461.8,1049.2645999999997
1461.9,1043.3161000000011
1462.0,1047.0553999999972
1462.1,1036.4177000000002
1462.2,1039.0872000000008
1462.3,1042.2527999999998
1462.4,1037.0924752475257
1462.5,1040.4311999999984
1462.6,1035.0384000000001
1462.7,1035.2248000000013
1462.8,1037.4935999999998
1462.9,1036.1807999999983
1463.0,1033.0452000000018
1463.1,1039.550891089101
1463.2,1043.6138999999998
1463.3,1043.5652000000014
1463.4,1045.2993999999956
1463.5,1039.6490000000035
1463.6,1045.7750000000026
1463.7,1044.470216831684
1463.8,1045.464073267331
1463.9,1041.3111999999876
1464.0,1028.8956000000032
1464.1,1032.5136000000089
1464.2,1026.995800000007
1464.3,1035.4241999999992
1464.4,1036.114271287131
1464.5,1038.3744356435604
1464.6,1034.691000000004
1464.7,1031.818000000007
1464.8,1038.2379999999998
1464.9,1038.9955000000182
1465.0,1054.0399999999986
1465.1,1052.7288118811878
1465.2,1052.9595999999958
1465.3,1049.8008000000007
1465.4,1049.162400000002
1465.5,1050.7069629629618
1465.6,1051.8737037037024
1465.7,1047.465333333329
1465.8,1047.3567999999998
1465.9,1048.0416000000005
1466.0,1049.5964000000013
1466.1,1042.3489821782257
1466.2,1042.7394207920802
1466.3,1046.9504999999954
1466.4,1045.497999999998
1466.5,1045.1535000000001
1466.6,1047.9804999999965
1466.7,1051.0370000000034
1466.8,1051.5003960396036
1466.9,1048.079599999995
1467.0,1049.0913999999989
1467.1,1058.6357999999907
1467.2,1082.8246000000343
1467.3,1083.5216000000007
1467.4,1087.1642000000054
1467.5,1068.9343980198128
1467.6,1086.2623346534517
1467.7,1081.5134000000035
1467.8,1076.0001000000036
1467.9,1087.37520000002
1468.0,1074.347200000008
1468.1,1082.8490742574209
1468.2,1040.1446891089238
1468.3,1029.2944000000036
1468.4,1029.5908000000018
1468.5,1032.1723999999992
1468.6,1029.0044000000019
1468.7,1031.4607999999992
1468.8,1035.2143999999982
1468.9,1037.4601980198017
1469.0,1032.1263000000013
1469.1,1033.9914999999994
1469.2,1034.2573
1469.3,1039.8382999999985
1469.4,1040.9178
1469.5,1042.1711999999998
1469.6,1041.6530000000002
1469.7,1036.9589108910882
1469.8,1038.475
1469.9,1034.9469999999992
1470.0,1042.783
1470.1,1039.209
1470.2,1037.783
1470.3,1038.409
1470.4,1041.778118811883
1470.5,1038.7267999999992
1470.6,1036.840400000003
1470.7,1040.1194629629624
1470.8,1042.1930518518514
1470.9,1039.6389108910876
1471.0,1032.594
1471.1,1032.434
1471.2,1032.2619999999997
1471.3,1037.634
1471.4,1042.8660000000023
1471.5,1040.511188118811
1471.6,1041.5043999999964
1471.7,1032.1170999999972
1471.8,1019.4806999999971
1471.9,1028.2829000000102
1472.0,1021.2495999999971
1472.1,1018.3040594059411
1472.2,1026.0300000000045
1472.3,1015.1493999999923
1472.4,999.2763999999851
1472.5,994.3579999999992
1472.6,1002.3795999999858
1472.7,1005.5088000000004
1472.8,1008.0522000000013
1472.9,1007.3816831683149
1473.0,1003.5018999999969
1473.1,1001.2357000000017
1473.2,995.5954999999954
1473.3,994.1970999999999
1473.4,995.1971000000008
1473.5,990.7906999999958
1473.6,990.9304574257408
1473.7,989.5403049504928
1473.8,988.4028000000005
1473.9,985.4407999999967
1474.0,993.8548000000112
1474.1,995.2092000000017
1474.2,995.1660000000005
1474.3,997.055140594058
1474.4,1002.56524752476
1474.5,1002.837500000001
1474.6,999.2825000000047
1474.7,1002.8700000000069
1474.8,1001.3950000000023
1474.9,997.6350495049456
1475.0,999.247799999999
1475.1,1000.8751999999992
1475.2,1002.8393999999993
1475.3,1007.9243999999945
1475.4,1005.1043999999919
1475.5,1005.2750415841581
1475.6,1006.4478742574253
1475.7,1011.8986999999995
1475.8,1012.847200000001
1475.9,1012.8742000000009
1476.0,1014.3851
1476.1,1010.2861574257458
1476.2,1007.9078613861384
1476.3,1002.7020000000032
1476.4,1004.7444000000011
1476.5,999.4572000000044
1476.6,998.7151999999988
1476.7,995.1039999999989
1476.8,993.6475999999999
1476.9,991.166534653464
1477.0,988.6958000000004
1477.1,991.184299999999
1477.2,991.3962999999994
1477.3,986.8875000000013
1477.4,985.7099000000003
1477.5,990.1770297029698
1477.6,986.1630000000132
1477.7,990.873
1477.8,995.8149999999999
1477.9,997.2120000000006
1478.0,993.529
1478.1,996.0747227722685
1478.2,996.1195970297024
1478.3,994.0717999999996
1478.4,995.5348000000029
1478.5,995.0461999999995
1478.6,991.9498000000049
1478.7,993.2688000000009
1478.8,995.883465346532
1478.9,994.3595999999985
1479.0,992.3443999999994
1479.1,990.5368000000021
1479.2,990.2060000000001
1479.3,989.5952000000012
1479.4,997.4408000000055
1479.5,999.0984158415822
1479.6,997.8223000000003
1479.7,999.676400000002
1479.8,998.9382000000022
1479.9,1010.4280000000126
1480.0,1027.8699000000115
1480.1,1032.2693069306943
1480.2,1030.3795999999984
1480.3,1028.9214000000006
1480.4,1031.7902000000045
1480.5,1032.8662000000006
1480.6,1033.5465999999979
1480.7,1041.1946000000098
1480.8,1036.146237623768
1480.9,1025.0964554455318
1481.0,1009.2197861386156
1481.1,999.3908000000041
1481.2,997.1072000000001
1481.3,994.8263366336657
1481.4,999.4845000000145
1481.5,999.455399999999
1481.6,1000.3983999999967
1481.7,1001.9158
1481.8,1002.2372999999995
1481.9,1002.5504000000001
1482.0,1002.454
1482.1,1004.7298999999974
1482.2,1010.9939970297055
1482.3,1010.20072277228
1482.4,1004.5371999999977
1482.5,1007.1013999999966
1482.6,1006.2696000000027
1482.7,1000.9819999999979
1482.8,1000.0127999999993
1482.9,1001.5668554455455
1483.0,998.4842118811895
1483.1,996.2746999999999
1483.2,998.6309000000024
1483.3,1000.0761
1483.4,996.7005999999965
1483.5,997.0409999999991
1483.6,1000.4584039603918
1483.7,999.4039801980193
1483.8,999.884
1483.9,999.0279999999966
1484.0,1000.166
1484.1,1000.7680000000025
1484.2,1002.4559999999999
1484.3,1003.818613861386
1484.4,1004.2005000000012
1484.5,1006.6786000000009
1484.6,1005.4042000000052
1484.7,1002.1588999999996
1484.8,1001.0843
1484.9,1006.1761000000101
1485.0,1005.8543970297005
1485.1,1003.5529584158409
1485.2,999.5831999999966
1485.3,995.2610000000018
1485.4,990.8735999999973
1485.5,988.5404000000001
1485.6,993.0151999999936
1485.7,995.4787999999994
1485.8,992.036831683172
1485.9,990.1934000000003
1486.0,992.4550000000025
1486.1,990.1695000000041
1486.2,994.3039000000083
1486.3,1003.2934653465317
1486.4,991.7119999999766
1486.5,969.3448000000072
1486.6,968.087599999982
1486.7,974.6336000000013
1486.8,973.1660000000013
1486.9,974.0497267326779
1487.0,978.7614999999994
1487.1,971.2230000000202
1487.2,959.0819999999914
1487.3,963.6769999999983
1487.4,979.5040000000192
1487.5,991.9399999999989
1487.6,992.5400990099072
1487.7,991.9116000000006
1487.8,992.3984000000023
1487.9,992.2398000000026
1488.0,992.9542
1488.1,996.3129999999942
1488.2,998.5115425742571
1488.3,998.586788118811
1488.4,999.0591999999995
1488.5,999.7804000000007
1488.6,1000.0241000000008
1488.7,998.257399999999
1488.8,996.8497000000003
1488.9,998.4152534653483
1489.0,997.5125425742597
1489.1,992.939200000002
1489.2,991.9720000000013
1489.3,990.8636000000018
1489.4,987.7867999999987
1489.5,987.0463999999997
1489.6,986.4138613861392
1489.7,988.6914000000054
1489.8,992.1487999999997
1489.9,989.9585999999955
1490.0,991.922899999998
1490.1,998.7442999999989
1490.2,1002.5688118811909
1490.3,1003.435
1490.4,1004.4900000000035
1490.5,1005.085
1490.6,1004.539999999999
1490.7,1003.8907920792078
1490.8,1003.2799999999992
1490.9,1004.1869000000002
1491.0,1005.8397000000007
1491.1,1006.9340000000002
1491.2,1008.2637000000008
1491.3,1005.8126000000074
1491.4,1004.7247445544577
1491.5,1007.8689623762375
1491.6,1007.5748000000002
1491.7,1009.9556000000024
1491.8,1011.1196000000022
1491.9,1008.042154455444
1492.0,1006.3544574257427
1492.1,1006.2933999999996
1492.2,1005.4558999999986
1492.3,1002.9841000000011
1492.4,1002.8576000000021
1492.5,1004.4148
1492.6,1002.5017000000062
1492.7,999.2533663366316
1492.8,1000.3325999999992
1492.9,1010.7072000000148
1493.0,1018.6644000000002
1493.1,1017.7611999999998
1493.2,1017.2267999999987
1493.3,1016.2615168316833
1493.4,1018.0520148514895
1493.5,1020.3710000000001
1493.6,1019.7010000000014
1493.7,1015.7089999999992
1493.8,1020.7868712871003
1493.9,1023.8655643564084
1494.0,1009.3495999999961
1494.1,1004.4395999999981
1494.2,1007.0092000000012
1494.3,1006.8936000000039
1494.4,1005.2368000000023
1494.5,1005.8601980198015
1494.6,1003.4678000000032
1494.7,1000.7423999999999
1494.8,1000.3665000000003
1494.9,999.6498999999992
1495.0,997.6683000000022
1495.1,999.031999999995
1495.2,1001.6337534653442
1495.3,998.509578217823
1495.4,993.5469999999925
1495.5,992.196599999996
1495.6,996.9072000000003
1495.7,995.4371999999979
1495.8,994.7855999999992
1495.9,994.1177999999966
1496.0,992.9686138613852
1496.1,992.8836000000048
1496.2,991.3855999999995
1496.3,990.7617000000012
1496.4,988.7926000000022
1496.5,988.184400000001
1496.6,985.2872000000012
1496.7,983.5985732673273
1496.8,980.9895841584163
1496.9,980.576000000004
1497.0,980.28
1497.1,975.882000000003
1497.2,976.884
1497.3,982.99
1497.4,982.9359999999914
1497.5,982.5438415841584
1497.6,989.5177445544517
1497.7,992.6320000000002
1497.8,993.2213999999998
1497.9,994.5422000000007
1498.0,996.7617000000002
1498.1,996.4579000000016
1498.2,996.4982178217833
1498.3,999.4727999999993
1498.4,999.8357999999993
1498.5,997.6415999999986
1498.6,998.3109999999972
1498.7,1001.4495999999987
1498.8,982.196310891108
1498.9,933.643392079179
1499.0,883.3711000000071
1499.1,837.5723000000752
1499.2,783.968699999956
1499.3,724.6698000000081
1499.4,676.5259999999698
1499.5,627.3236000000092
1499.6,571.3315732674112
1499.7,521.3120475247181
1499.8,485.6483999999982
1499.9,473.0091999999993
1500.0,472.35159999999996
1500.1,471.90440000000063
1500.2,471.53799999999984
1500.3,471.3315841584158
1500.4,471.0989999999997
1500.5,470.90549999999996
1500.6,470.8215000000001
1500.7,470.70799999999997
1500.8,470.63349999999997
1500.9,470.59799999999984
1501.0,470.4888118811881
1501.1,470.41640000000007
1501.2,470.33899999999994
1501.3,470.19920000000013
1501.4,470.1164653465346
1501.5,470.0436019801981
1501.6,469.87700000000007
1501.7,469.7736999999999
1501.8,469.6373000000001
1501.9,469.5001
1502.0,469.45360000000005
1502.1,469.35752475247534
1502.2,469.26039999999995
1502.3,469.22080000000005
1502.4,469.11279999999977
1502.5,468.96360000000004
1502.6,468.9116000000001
1502.7,468.8268
1502.8,468.81366336633664
1502.9,468.7224999999997
1503.0,468.5283
1503.1,468.4521000000001
1503.2,468.31250000000006
1503.3,468.1214
1503.4,468.0582999999999
1503.5,467.96089108910894
1503.6,467.856
1503.7,467.846
1503.8,467.73
1503.9,467.6050000000001
1504.0,467.637
1504.1,467.615
1504.2,467.61564356435645
1504.3,467.6739
1504.4,467.6013
1504.5,467.5974
1504.6,467.6052
1504.7,467.52
1504.8,467.55189999999993
1504.9,467.60415841584154
1505.0,467.55680000000007
1505.1,467.6084
1505.2,467.5935999999999
1505.3,467.5308
1505.4,467.6184
1505.5,467.61479999999995
1505.6,467.5749504950495
1505.7,467.64
1505.8,467.59409999999997
1505.9,467.48080000000004
1506.0,467.4992
1506.1,467.4619
1506.2,467.4535
1506.3,467.4525742574257
1506.4,467.33959999999996
1506.5,467.336
1506.6,467.3944000000001
1506.7,467.3474
1506.8,467.3504
1506.9,467.34359999999987
1507.0,467.2451485148515
1507.1,467.25000000000006
1507.2,467.19249999999994
1507.3,467.1349999999999
1507.4,467.1924999999999
1507.5,467.11499999999995
1507.6,467.04
1507.7,467.0525247524753
1507.8,467.0776237623763
1507.9,467.0616000000001
1508.0,467.1348
1508.1,467.15479999999997
1508.2,467.19160000000005
1508.3,467.24320000000006
1508.4,467.21640000000014
1508.5,467.3047524752475
1508.6,467.30620000000005
1508.7,467.2784000000001
1508.8,467.34
1508.9,467.3238999999999
1509.0,467.2860999999999
1509.1,467.31700000000006
1509.2,467.24690000000004
1509.3,467.2859633663366
1509.4,467.3179227722771
1509.5,467.24879999999996
1509.6,467.29759999999993
1509.7,467.3446
1509.8,467.2878
1509.9,467.28429108910893
1510.0,467.2725435643565
1510.1,467.18889999999993
1510.2,467.2537
1510.3,467.1985
1510.4,467.09680000000014
1510.5,467.1642
1510.6,467.1467326732674
1510.7,467.034
1510.8,467.082
1510.9,467.048
1511.0,467.052
1511.1,467.0780000000001
1511.2,466.9939801980198
1511.3,467.03162178217815
1511.4,467.10859999999997
1511.5,467.0524
1511.6,467.04089999999997
1511.7,467.1072
1511.8,467.02139999999997
1511.9,467.0794059405941
1512.0,467.09479999999996
1512.1,466.99439999999987
1512.2,467.0618
1512.3,467.0538
1512.4,466.99440000000004
1512.5,467.0546534653465
1512.6,467.0198000000001
1512.7,466.98190000000005
1512.8,467.0281
1512.9,466.9734
1513.0,467.00870000000003
1513.1,467.08823465346546
1513.2,467.0297504950495
1513.3,467.0395999999999
1513.4,467.0739999999999
1513.5,466.9916
1513.6,467.0079999999999
1513.7,467.0404
1513.8,467.0042574257425
1513.9,467.07399999999996
1514.0,467.0294999999999
1514.1,466.97
1514.2,466.9715
1514.3,466.97700000000003
1514.4,466.96450000000004
1514.5,466.9795188118811
1514.6,466.92
1514.7,466.9312000000001
1514.8,466.98180000000013
1514.9,466.87840000000006
1515.0,466.9342
1515.1,466.9572
1515.2,466.94
1515.3,466.94129999999996
1515.4,466.94479999999993
1515.5,466.92299999999994
1515.6,467.0126
1515.7,467.0221999999999
1515.8,466.9803999999999
1515.9,467.038415841584
1516.0,466.966
1516.1,467.01120000000003
1516.2,467.01520000000005
1516.3,466.9872
1516.4,467.04234059405945
1516.5,467.0478118811881
1516.6,466.9566
1516.7,467.0067
1516.8,466.98
1516.9,466.99210000000016
1517.0,467.08019801980197
1517.1,466.994
1517.2,466.951
1517.3,467.04200000000003
1517.4,466.97
1517.5,466.9749603960396
1517.6,467.01261980198024
1517.7,466.9418
1517.8,466.9618
1517.9,466.9665
1518.0,466.8381
1518.1,466.92
1518.2,466.9057425742574
1518.3,466.7696
1518.4,466.8784
1518.5,466.8544
1518.6,466.79639999999984
1518.7,466.86359999999996
1518.8,466.7908
1518.9,466.8023762376238
1519.0,466.8237
1519.1,466.7379000000001
1519.2,466.71350000000007
1519.3,466.75019999999995
1519.4,466.6207
1519.5,466.63137920792076
1519.6,466.64182772277246
1519.7,466.52600000000007
1519.8,466.62
1519.9,466.6157999999999
1520.0,466.55420000000004
1520.1,466.6247999999999
1520.2,466.6963999999999
1520.3,466.6471287128711
1520.4,466.75899999999996
1520.5,466.742
1520.6,466.7839999999999
1520.7,466.8534999999998
1520.8,466.731
1520.9,466.7514851485149
1521.0,466.7792
1521.1,466.7611999999999
1521.2,466.79200000000003
1521.3,466.8356000000001
1521.4,466.73440000000016
1521.5,466.84
1521.6,466.8384237623763
1521.7,466.80129603960404
1521.8,466.84
1521.9,466.84090000000003
1522.0,466.8697
1522.1,466.85850000000005
1522.2,466.81
1522.3,466.81059999999997
1522.4,466.8270356435642
1522.5,466.73090891089106
1522.6,466.7894
1522.7,466.7588
1522.8,466.7012
1522.9,466.7602
1523.0,466.769
1523.1,466.7217821782178
1523.2,466.809
1523.3,466.7105
1523.4,466.7604000000001
1523.5,466.79920000000004
1523.6,466.7205
1523.7,466.7704
1523.8,466.8092079207921
1523.9,466.73
1524.0,466.77
1524.1,466.81
1524.2,466.77
1524.3,466.83000000000004
1524.4,466.78
1524.5,466.74
1524.6,466.8093069306929
1524.7,466.75059999999996
1524.8,466.69059999999996
1524.9,466.7692
1525.0,466.7007
1525.1,466.75939999999986
1525.2,466.7900920792079
1525.3,466.70177821782175
1525.4,466.80780000000004
1525.5,466.76099999999997
1525.6,466.64240000000024
1525.7,466.76740000000007
1525.8,466.8282178217821
1525.9,466.75239999999997
1526.0,466.78880000000004
1526.1,466.75120000000004
1526.2,466.6723999999999
1526.3,466.77669999999983
1526.4,466.6538999999999
1526.5,466.66920792079213
1526.6,466.78519999999986
1526.7,466.64599999999984
1526.8,466.67839999999995
1526.9,466.6992
1527.0,466.6327999999999
1527.1,466.66801980198017
1527.2,466.7555000000001
1527.3,466.64600000000013
1527.4,466.75400000000013
1527.5,466.76000000000005
1527.6,466.7415643564357
1527.7,466.8058118811882
1527.8,466.76300000000003
1527.9,466.70359999999994
1528.0,466.8033999999999
1528.1,466.73480000000006
1528.2,466.6735999999999
1528.3,466.72639999999996
1528.4,466.6366514851484
1528.5,466.70442772277227
1528.6,466.75649999999996
1528.7,466.6670000000001
1528.8,466.73439999999994
1528.9,466.76790000000005
1529.0,466.7235
1529.1,466.78509999999994
1529.2,466.79920792079207
1529.3,466.73560000000003
1529.4,466.84960000000024
1529.5,466.74960000000004
1529.6,466.73080000000004
1529.7,466.80359999999996
1529.8,466.70069306930696
1529.9,466.7719
1530.0,466.82550000000003
1530.1,466.7481
1530.2,466.8219
1530.3,466.89369999999997
1530.4,466.8181
1530.5,466.900099009901
1530.6,466.892
1530.7,466.79999999999995
1530.8,466.88
1530.9,466.827
1531.0,466.793
1531.1,466.817
1531.2,466.739
1531.3,466.72108910891086
1531.4,466.79120000000006
1531.5,466.7288
1531.6,466.7378
1531.7,466.8201
1531.8,466.7232
1531.9,466.7452475247525
1532.0,466.7676
1532.1,466.7260000000001
1532.2,466.72
1532.3,466.71119999999996
1532.4,466.68359999999996
1532.5,466.69742574257424
1532.6,466.65650000000005
1532.7,466.65
1532.8,466.6587
1532.9,466.6252
1533.0,466.7157000000001
1533.1,466.72130000000004
1533.2,466.7458415841584
1533.3,466.81019999999995
1533.4,466.8114
1533.5,466.77559999999994
1533.6,466.81299999999993
1533.7,466.76839999999993
1533.8,466.72594059405947
1533.9,466.7624405940595
1534.0,466.6595000000001
1534.1,466.6909999999999
1534.2,466.66599999999994
1534.3,466.5495000000001
1534.4,466.58950000000004
1534.5,466.5491683168317
1534.6,466.48108910891096
1534.7,466.49520000000007
1534.8,466.542
1534.9,466.45759999999984
1535.0,466.4484
1535.1,466.3744000000001
1535.2,466.36
1535.3,466.4354336633663
1535.4,466.38343168316817
1535.5,466.5028
1535.6,466.5963999999999
1535.7,466.5436
1535.8,466.5549
1535.9,466.5683
1536.0,466.487903960396
1536.1,466.46999999999997
1536.2,466.4372
1536.3,466.31520000000006
1536.4,466.3310000000001
1536.5,466.2744
1536.6,466.2436
1536.7,466.281
1536.8,466.2818811881188
1536.9,466.39340000000004
1537.0,466.52529999999996
1537.1,466.5095
1537.2,466.55670000000003
1537.3,466.6024
1537.4,466.5137623762376
1537.5,466.53
1537.6,466.46
1537.7,466.35999999999996
1537.8,466.38800000000003
1537.9,466.27199999999993
1538.0,466.152
1538.1,466.1220792079208
1538.2,466.07259999999997
1538.3,466.0679
1538.4,466.13320000000004
1538.5,466.06309999999996
1538.6,466.0873999999999
1538.7,466.09209999999996
1538.8,465.9961386138613
1538.9,466.01680000000005
1539.0,466.03
1539.1,465.9910000000001
1539.2,466.0034
1539.3,466.0022
1539.4,465.94539999999995
1539.5,465.9917821782179
1539.6,465.97150000000005
1539.7,465.9523
1539.8,465.99619999999993
1539.9,465.9638
1540.0,465.98850000000004
1540.1,466.0459712871287
1540.2,465.9916237623762
1540.3,466.01559999999995
1540.4,466.0528
1540.5,465.9991999999999
1540.6,466.01039999999995
1540.7,465.98959999999994
1540.8,465.95720000000006
1540.9,465.98009900990104
1541.0,465.96000000000004
1541.1,465.9575
1541.2,465.99750000000006
1541.3,465.96500000000003
1541.4,465.99500000000006
1541.5,466.03249999999997
1541.6,465.98824257425747
1541.7,466.0218257425742
1541.8,466.0548
1541.9,466.01559999999995
1542.0,466.037
1542.1,466.0278
1542.2,465.983
1542.3,466.0066336633663
1542.4,465.96159999999986
1542.5,465.9692
1542.6,465.97270000000003
1542.7,465.9116
1542.8,465.94839999999994
1542.9,465.99190000000004
1543.0,465.9489
1543.1,466.00227722772274
1543.2,466.03
1543.3,465.994
1543.4,466.0448
1543.5,466.02680000000004
1543.6,465.9884
1543.7,466.0448
1543.8,465.9836
1543.9,465.99990099009904
1544.0,466.0413
1544.1,466.00030000000004
1544.2,466.07230000000004
1544.3,466.1384
1544.4,466.07899999999995
1544.5,466.1139
1544.6,466.15405940594053
1544.7,466.09000000000003
1544.8,466.13
1544.9,466.12499999999994
1545.0,466.068
1545.1,466.1059999999999
1545.2,466.00524752475246
1545.3,465.9776
1545.4,466.03830000000005
1545.5,465.97029999999995
1545.6,465.9507
1545.7,465.9738
1545.8,465.9248
1545.9,465.9478217821783
1546.0,466.004
1546.1,465.9520000000001
1546.2,466.00160000000005
1546.3,465.9788000000001
1546.4,465.9228
1546.5,465.97120000000007
1546.6,465.9528712871288
1546.7,465.9367
1546.8,466.0069999999999
1546.9,465.9796999999999
1547.0,465.98350000000005
1547.1,466.0134
1547.2,465.97979999999995
1547.3,466.0130693069307
1547.4,466.0466
1547.5,466.0104
1547.6,466.0229999999999
1547.7,466.04
1547.8,466.0004
1547.9,466.00640000000004
1548.0,465.96118811881195
1548.1,465.9625
1548.2,465.99950000000007
1548.3,465.96450000000004
1548.4,466.0115000000001
1548.5,466.063
1548.6,466.0445148514852
1548.7,466.0554930693069
1548.8,466.08279999999996
1548.9,466.0964
1549.0,466.1192
1549.1,466.0917900990099
1549.2,466.0637
1549.3,466.10409999999996
1549.4,466.0606999999998
1549.5,466.0326
1549.6,466.07779999999997
1549.7,466.06219999999996
1549.8,466.0587128712871
1549.9,466.039
1550.0,465.9828
1550.1,465.9786
1550.2,465.9466
1550.3,465.89520000000005
1550.4,465.87349306930696
1550.5,483.458788118803
1550.6,535.1864999999848
1550.7,589.8988000000311
1550.8,649.3129999999846
1550.9,708.3048000000354
1551.0,761.8810999999878
1551.1,820.234499999986
1551.2,873.122938613893
1551.3,931.2190495049447
1551.4,984.9960000000422
1551.5,1022.6859999999999
1551.6,1033.9380000000033
1551.7,1033.1399999999999
1551.8,1033.9340000000002
1551.9,1034.31
1552.0,1032.9425742574258
1552.1,1031.0140495049525
1552.2,1032.0169000000008
1552.3,1031.121399999999
1552.4,1029.7172
1552.5,1030.4344000000003
1552.6,1026.4378000000083
1552.7,1024.2471287128717
1552.8,1021.9536000000043
1552.9,1019.8199999999999
1553.0,1019.7677999999999
1553.1,1018.9528000000012
1553.2,1019.5326000000009
1553.3,1023.0801999999959
1553.4,1025.6759405940602
1553.5,1031.8514000000068
1553.6,1035.2993000000008
1553.7,1040.6464000000071
1553.8,1044.9306000000001
1553.9,1047.183900000003
1554.0,1048.2524752475254
1554.1,1050.2863999999936
1554.2,1049.0683999999947
1554.3,1051.6139999999966
1554.4,1052.7951999999955
1554.5,1049.9384000000005
1554.6,1046.4652000000071
1554.7,1045.3176237623784
1554.8,1046.7475
1554.9,1042.0204999999894
1555.0,1040.1774999999996
1555.1,1042.7609999999986
1555.2,1041.835999999997
1555.3,1042.3179009900991
1555.4,1039.953942574248
1555.5,1036.4592
1555.6,1036.1606000000002
1555.7,1035.5646
1555.8,1035.8343999999988
1555.9,1037.9396000000038
1556.0,1043.4665346534675
1556.1,1046.6500000000008
1556.2,1047.7223000000013
1556.3,1046.800400000003
1556.4,1048.2680000000105
1556.5,1061.079600000007
1556.6,1085.3514999999798
1556.7,1093.2158415841527
1556.8,1093.6983999999948
1556.9,1092.8047999999922
1557.0,1092.494399999995
1557.1,1102.018399999996
1557.2,1099.1907999999917
1557.3,1100.8353465346484
1557.4,1100.8221999999869
1557.5,1092.5447000000004
1557.6,1076.2806000000066
1557.7,1057.3769999999927
1557.8,1056.2679999999987
1557.9,1057.8474217821758
1558.0,1055.330099009901
1558.1,1054.6749999999986
1558.2,1057.565
1558.3,1059.9950000000001
1558.4,1059.769999999999
1558.5,1057.595
1558.6,1054.7900000000022
1558.7,1054.6203960396042
1558.8,1052.8255613861434
1558.9,1051.4612000000006
1559.0,1054.8263000000009
1559.1,1055.2173000000028
1559.2,1051.286599999999
1559.3,1049.3215999999993
1559.4,1050.1126000000002
1559.5,1052.1266000000007
1559.6,1054.3636633663357
1559.7,1046.1795999999915
1559.8,1031.1560000000075
1559.9,1029.5372000000043
1560.0,1026.979599999993
1560.1,1023.1495999999945
1560.2,1021.6759999999944
1560.3,1007.0011881188208
1560.4,1007.3540000000138
1560.5,1009.3791000000072
1560.6,1004.8398999999821
1560.7,1013.4343000000039
1560.8,1022.7197999999948
1560.9,1029.9639000000002
1561.0,1029.0649000000008
1561.1,1031.0024999999894
1561.2,1034.6870297029704
1561.3,1035.0721999999998
1561.4,1034.841799999999
1561.5,1034.7205999999999
1561.6,1034.6530000000018
1561.7,1034.817600000002
1561.8,1033.6852000000006
1561.9,1030.8227782178212
1562.0,1030.9407376237625
1562.1,1030.3985000000025
1562.2,1029.4245
1562.3,1031.843499999995
1562.4,1034.9525000000015
1562.5,1034.3304999999996
1562.6,1034.0079999999966
1562.7,1035.3114504950495
1562.8,1037.2426891089062
1562.9,1036.88039999999
1563.0,1033.4256000000005
1563.1,1038.1099999999922
1563.2,1042.9308
1563.3,1041.6024000000025
1563.4,1040.0225742574257
1563.5,1042.029599999997
1563.6,1045.962699999998
1563.7,1047.2444999999993
1563.8,1043.8145000000045
1563.9,1043.1522000000045
1564.0,1049.3215643564329
1564.1,1045.2754574257497
1564.2,1043.3878000000147
1564.3,1044.3036000000097
1564.4,1030.8005999999978
1564.5,1035.7651920792025
1564.6,1038.4461613861567
1564.7,1028.2232000000006
1564.8,1025.091300000001
1564.9,1024.945000000006
1565.0,1019.6579000000047
1565.1,1006.0403960396073
1565.2,1003.184
1565.3,1003.1
1565.4,1001.7099999999889
1565.5,994.698
1565.6,988.934257425748
1565.7,984.0758999999996
1565.8,979.1988000000059
1565.9,974.0968000000004
1566.0,979.0661000000026
1566.1,985.3878000000007
1566.2,983.3469999999992
1566.3,983.5419415841548
1566.4,988.3935485148527
1566.5,989.2303999999992
1566.6,990.0501999999979
1566.7,996.8450000000043
1566.8,1001.3564000000013
1566.9,1000.6216000000015
1567.0,1003.0524752475244
1567.1,1003.211200000002
1567.2,1001.4975999999983
1567.3,998.8370000000004
1567.4,997.7315000000013
1567.5,997.7797000000005
1567.6,996.6638247524716
1567.7,998.0260831683164
1567.8,998.7476000000003
1567.9,997.5283999999922
1568.0,992.0896
1568.1,991.7208000000018
1568.2,991.2568000000008
1568.3,994.6893782178232
1568.4,998.4534009900945
1568.5,995.89
1568.6,995.078500000003
1568.7,993.2914999999999
1568.8,992.4850000000024
1568.9,992.6285000000049
1569.0,995.6171287128716
1569.1,997.2551999999964
1569.2,998.3423999999975
1569.3,994.6886000000026
1569.4,994.0628000000047
1569.5,995.3849999999983
1569.6,992.4927722772303
1569.7,989.9178999999989
1569.8,989.5147999999989
1569.9,987.6988999999926
1570.0,985.5298999999924
1570.1,993.6129999999986
1570.2,993.6834999999967
1570.3,989.6205940594084
1570.4,988.7728000000067
1570.5,992.3232000000007
1570.6,990.7624000000005
1570.7,990.8144000000029
1570.8,991.7852000000013
1570.9,989.8632673267322
1571.0,988.5298000000007
1571.1,985.6616000000015
1571.2,984.9794999999997
1571.3,985.4809000000004
1571.4,986.3757000000087
1571.5,991.3402970297027
1571.6,992.053000000001
1571.7,993.243
1571.8,999.271
1571.9,1001.8690000000016
1572.0,1002.926
1572.1,1004.5802970297012
1572.2,1006.3441999999998
1572.3,1005.3300000000004
1572.4,1005.0434000000002
1572.5,1005.5345128712866
1572.6,1012.3327445544501
1572.7,1032.107199999998
1572.8,1028.1888000000008
1572.9,1025.7199999999996
1573.0,1027.0748000000033
1573.1,1031.6484000000005
1573.2,1029.4599009900985
1573.3,1029.3082000000002
1573.4,1030.5173
1573.5,1029.5568999999998
1573.6,1018.3832000000507
1573.7,997.5997000000062
1573.8,1005.0735000000002
1573.9,1006.6904950495033
1574.0,1005.7090000000007
1574.1,1008.0001999999982
1574.2,1008.6513999999991
1574.3,1007.4347999999995
1574.4,1006.4946000000007
1574.5,1007.3190000000004
1574.6,1006.684653465354
1574.7,1002.1199999999994
1574.8,1001.8124999999976
1574.9,1001.4499999999911
1575.0,995.9350000000009
1575.1,997.0769059405939
1575.2,997.7695247524772
1575.3,998.6292000000033
1575.4,996.8864000000036
1575.5,1001.0711999999967
1575.6,1003.0884000000028
1575.7,999.1175999999945
1575.8,994.1983999999992
1575.9,995.6476524752509
1576.0,996.5193000000047
1576.1,993.3415999999934
1576.2,1000.9662000000001
1576.3,1001.2350999999991
1576.4,1000.2336633663265
1576.5,994.0101999999985
1576.6,995.988000000003
1576.7,993.7371999999997
1576.8,996.1911999999961
1576.9,1002.624999999999
1577.0,1000.9972000000021
1577.1,997.74217821782
1577.2,1000.1216999999991
1577.3,1001.9702000000011
1577.4,998.2345000000038
1577.5,999.5463000000007
1577.6,998.5481999999954
1577.7,1002.1626000000017
1577.8,996.912871287128
1577.9,999.208
1578.0,1004.2080000000001
1578.1,999.7320000000044
1578.2,992.5999999999999
1578.3,995.8119999999988
1578.4,997.6094851485148
1578.5,995.8674079207922
1578.6,997.1866999999996
1578.7,999.616400000001
1578.8,1002.8255000000006
1578.9,1001.0279000000003
1579.0,1002.0731
1579.1,995.6902000000065
1579.2,971.1580198019815
1579.3,976.5258000000003
1579.4,981.8517999999973
1579.5,975.0679999999995
1579.6,968.2337999999829
1579.7,976.7348000000019
1579.8,978.2479841584147
1579.9,967.8775247524718
1580.0,966.7759000000054
1580.1,982.9599999999905
1580.2,987.6747999999989
1580.3,986.6476237623767
1580.4,988.322000000002
1580.5,989.5171999999977
1580.6,986.7571999999943
1580.7,989.7817584158399
1580.8,987.2978019801976
1580.9,987.2219999999985
1581.0,986.0369999999997
1581.1,985.3755000000023
1581.2,983.7700000000007
1581.3,984.4739999999998
1581.4,984.8380000000017
1581.5,986.225049504951
1581.6,986.7518000000001
1581.7,986.8066000000013
1581.8,987.351200000003
1581.9,984.1327999999979
1582.0,983.0277999999962
1582.1,987.4582178217773
1582.2,991.6772999999951
1582.3,988.8440999999976
1582.4,992.2295000000026
1582.5,994.4093999999984
1582.6,995.7502108910944
1582.7,991.5778257425713
1582.8,997.0804000000004
1582.9,996.3616000000029
1583.0,998.0767999999999
1583.1,998.3019999999995
1583.2,999.1807999999996
1583.3,1000.3692831683161
1583.4,1001.6308811881116
1583.5,997.7455000000007
1583.6,995.2101999999996
1583.7,995.9982999999999
1583.8,996.1686000000007
1583.9,993.7145999999997
1584.0,994.0539603960386
1584.1,997.6730000000005
1584.2,996.3269999999999
1584.3,998.5509999999999
1584.4,998.403
1584.5,997.1020000000001
1584.6,998.0040594059409
1584.7,997.1111000000003
1584.8,998.3034
1584.9,1002.4626999999984
1585.0,995.9183999999996
1585.1,994.1698000000001
1585.2,996.5176999999985
1585.3,990.3109900990098
1585.4,987.7940000000042
1585.5,996.5220000000006
1585.6,998.8439999999922
1585.7,1003.2792000000027
1585.8,1008.9260000000005
1585.9,1010.3443999999992
1586.0,1008.9964000000011
1586.1,1013.0977227722693
1586.2,1016.8585999999973
1586.3,1013.7206000000044
1586.4,1021.4150999999973
1586.5,1017.8841000000019
1586.6,1020.2387000000232
1586.7,1006.410099009899
1586.8,1002.9277999999998
1586.9,1003.181400000002
1587.0,1005.2694000000005
1587.1,1006.0665999999923
1587.2,1011.3496000000001
1587.3,1011.5863999999981
1587.4,1012.9592000000005
1587.5,1012.8197009900933
1587.6,1005.8493613861402
1587.7,1004.4939999999981
1587.8,1002.4305000000054
1587.9,997.655999999995
1588.0,993.4245000000005
1588.1,993.8405000000012
1588.2,992.6090693069248
1588.3,987.088427722772
1588.4,986.813599999989
1588.5,978.9763999999892
1588.6,990.4028000000002
1588.7,990.134799999997
1588.8,988.072399999995
1588.9,993.5728000000051
1589.0,997.2887128712914
1589.1,992.7099999999987
1589.2,994.9509000000153
1589.3,1004.4622000000049
1589.4,997.2772954443543
1589.5,992.7586538461521
1589.6,995.2353067022036
1589.7,998.6656000000007
1589.8,988.8395999999976
1589.9,997.0659000000022
1590.0,996.0510999999998
1590.1,995.1886000000018
1590.2,987.4183999999982
1590.3,993.4662376237651
1590.4,997.1670000000018
1590.5,993.182799999998
1590.6,996.7259999999934
1590.7,996.3883999999998
1590.8,998.683000000001
1590.9,998.5327386138613
1591.0,1003.4592396039637
1591.1,1000.0210000000056
1591.2,999.1824999999994
1591.3,1004.5046999999917
1591.4,1001.0615999999975
1591.5,997.2348999999974
1591.6,997.7922772277218
1591.7,992.5783999999951
1591.8,1005.7135999999823
1591.9,1000.0683999999942
1592.0,1001.5956000000017
1592.1,1011.7547524752367
1592.2,1008.9074999999959
1592.3,1009.7939999999988
1592.4,1014.4860000000056
1592.5,1031.1744999999823
1592.6,1026.4350000000068
1592.7,1027.166000000001
1592.8,1030.126435643562
1592.9,1027.0575999999953
1593.0,1032.7437999999952
1593.1,1033.0448000000001
1593.2,1043.6150000000152
1593.3,1042.7954000000013
1593.4,1040.8387999999973
1593.5,1039.8823762376242
1593.6,1040.2012999999997
1593.7,1038.0166000000013
1593.8,1036.362000000001
1593.9,1042.03460000001
1594.0,1040.396100000001
1594.1,1034.855300000004
1594.2,1032.7920217821793
1594.3,1044.6537108910832
1594.4,1067.421200000043
1594.5,1053.127200000005
1594.6,1063.4823965811597
1594.7,1027.5265384614777
1594.8,1022.4710891089081
1594.9,1013.1881999999794
1595.0,1019.1489999999958
1595.1,1027.5853999999938
1595.2,1028.2200000000005
1595.3,1040.2323999999846
1595.4,1041.0438613861313
1595.5,1041.4435999999998
1595.6,1043.6832999999986
1595.7,1045.3823
1595.8,1046.2425999999996
1595.9,1046.5633000000003
1596.0,1046.9777
1596.1,1043.6745188118844
1596.2,1038.8864950495044
1596.3,1038.7855999999992
1596.4,1039.5724000000002
1596.5,1041.8643999999988
1596.6,1040.0892000000017
1596.7,1035.5983168316816
1596.8,1039.2764999999984
1596.9,1036.0604999999969
1597.0,1038.3942999999986
1597.1,1039.3212000000003
1597.2,1039.9866000000006
1597.3,1040.2964000000002
1597.4,1041.1849504950503
1597.5,1027.167
1597.6,1019.1350000000043
1597.7,1026.054
1597.8,1025.587
1597.9,1025.8740000000018
1598.0,1029.14
1598.1,1036.0395049504832
1598.2,1038.2987999999998
1598.3,1040.854800000001
1598.4,1039.0201999999958
1598.5,1047.9310000000032
1598.6,1046.0295000000126
1598.7,1042.5065999999997
1598.8,1039.59026336634
1598.9,1045.509746534658
1599.0,1050.7196000000013
1599.1,1048.455200000005
1599.2,1052.902800000004
1599.3,1051.875200000006
1599.4,1048.9987999999994
1599.5,1047.6080198019795
1599.6,1050.2351999999962
1599.7,1055.3288071428624
1599.8,1058.7920178571426
1599.9,1054.362499999989
1600.0,1049.6625000000001
1600.1,1050.5634999999975
1600.2,1049.7689999999964
1600.3,1047.0613168316834
1600.4,1046.8142950495067
1600.5,1050.8666000000007
1600.6,1049.2510000000075
1600.7,1055.9832000000026
1600.8,1066.0969999999982
1600.9,1066.1489999999976
1601.0,1071.6972000000017
1601.1,1080.9195049504895
1601.2,1083.8671999999997
1601.3,1081.5914000000025
1601.4,1075.3425999999863
1601.5,1070.2976999999992
1601.6,1074.2123999999937
1601.7,1062.108299999988
1601.8,1045.42277227723
1601.9,1042.2691999999984
1602.0,1039.126400000002
1602.1,1037.4479999999999
1602.2,1040.4532000000036
1602.3,1039.7292079207941
1602.4,1036.1970999999994
1602.5,1039.0025999999984
1602.6,1042.7023999999997
1602.7,1040.1989999999946
1602.8,1036.6082000000001
1602.9,1035.3159999999987
1603.0,1036.3027999999993
1603.1,1037.500990099011
1603.2,1035.925
1603.3,1034.785
1603.4,1036.1900000000032
1603.5,1034.5549999999998
1603.6,1031.2550000000006
1603.7,1033.6679207920797
1603.8,1037.3462999999983
1603.9,1035.6539999999989
1604.0,1033.1009000000001
1604.1,1032.1536000000021
1604.2,1033.2687188118828
1604.3,1035.7883722772276
1604.4,1032.720399999997
1604.5,1032.1908000000028
1604.6,1038.0259999999964
1604.7,1038.9691999999982
1604.8,1037.8551999999986
1604.9,1040.9496000000017
1605.0,1038.8910891089154
1605.1,1040.598599999979
1605.2,1039.0466999999874
1605.3,1028.1579000000008
1605.4,1027.7489000000014
1605.5,1023.1940000000045
1605.6,1012.5079000000151
1605.7,1002.3586138613775
1605.8,999.4023999999991
1605.9,998.6111999999916
1606.0,993.4390000000001
1606.1,993.7973999999983
1606.2,996.7763900990099
1606.3,998.6589306930713
1606.4,997.7840000000007
1606.5,999.4290000000003
1606.6,1002.7549999999958
1606.7,1003.9394999999997
1606.8,1005.7259999999928
1606.9,1007.4958415841538
1607.0,1006.5660000000009
1607.1,1005.2516000000059
1607.2,1002.9836000000012
1607.3,1003.5608000000022
1607.4,1002.7984000000018
1607.5,1005.7996000000019
1607.6,1008.4408910891093
1607.7,1009.2364000000015
1607.8,1008.5731000000034
1607.9,1007.4626000000022
1608.0,1009.7388999999998
1608.1,1009.4916000000005
1608.2,1009.0803000000001
1608.3,1009.1656
1608.4,1008.7112871287122
1608.5,1008.0718000000002
1608.6,1006.9252000000012
1608.7,1005.4512
1608.8,1005.2020000000002
1608.9,1003.6469999999973
1609.0,1000.6944000000012
1609.1,997.2271287128772
1609.2,995.4788999999995
1609.3,996.9488999999999
1609.4,995.2216999999948
1609.5,990.907400000001
1609.6,990.5294366336585
1609.7,991.7399801980198
1609.8,985.6260000000001
1609.9,982.8606250000104
1610.0,989.5947499999984
1610.1,992.5736000000018
1610.2,990.3808000000001
1610.3,990.3995999999994
1610.4,991.7476000000023
1610.5,992.7020000000014
1610.6,990.3614851485136
1610.7,991.5978000000007
1610.8,988.419400000001
1610.9,984.995600000009
1611.0,989.0261000000008
1611.1,986.616299999997
1611.2,991.9332000000007
1611.3,989.4997999999998
1611.4,990.7024752475273
1611.5,991.9259999999999
1611.6,991.8779999999996
1611.7,993.9360000000001
1611.8,998.9509999999998
1611.9,1000.038
1612.0,1001.8964356435644
1612.1,1004.1256
1612.2,1002.7144999999991
1612.3,999.1065000000001
1612.4,999.1221000000004
1612.5,1000.4835999999997
1612.6,998.775698019802
1612.7,999.876217821784
1612.8,1003.1291999999985
1612.9,997.0131999999979
1613.0,993.0900000000006
1613.1,995.1120000000011
1613.2,994.2503999999982
1613.3,990.8959405940601
1613.4,993.5140000000022
1613.5,998.5669000000156
1613.6,1026.466599999993
1613.7,1030.1367999999961
1613.8,1025.183900000003
1613.9,1031.6330663366434
1614.0,1045.5495683168142
1614.1,1037.623200000012
1614.2,1030.5070000000146
1614.3,1047.918000000009
1614.4,1041.275599999995
1614.5,1033.6863999999716
1614.6,999.4357999999975
1614.7,1001.1484158415827
1614.8,999.5040000000008
1614.9,998.6459999999961
1615.0,995.5447222222263
1615.1,999.6511111111046
1615.2,999.9837333333335
1615.3,997.3031000000042
1615.4,1008.2974000000077
1615.5,1007.078299999999
1615.6,1010.1048999999953
1615.7,1006.2714999999972
1615.8,1008.5798019801948
1615.9,1006.9327999999983
1616.0,1004.4599999999978
1616.1,1003.3520000000012
1616.2,1000.5163999999974
1616.3,1002.5311999999973
1616.4,999.394399999997
1616.5,996.3714455445519
1616.6,993.0278465346569
1616.7,989.9624999999965
1616.8,996.4694999999929
1616.9,999.2900000000029
1617.0,994.8505000000049
1617.1,999.2174999999945
1617.2,1004.623861386146
1617.3,1004.4048000000005
1617.4,1001.653399999996
1617.5,1003.3129999999985
1617.6,1003.6273999999999
1617.7,1002.0513999999976
1617.8,1002.0915584158415
1617.9,1004.276220792083
1618.0,1000.6735000000022
1618.1,999.9994000000003
1618.2,1005.1221999999971
1618.3,1000.0974000000039
1618.4,994.7795999999915
1618.5,1002.6608495049478
1618.6,1006.994776237622
1618.7,1003.0412000000013
1618.8,1004.5375999999991
1618.9,1006.190400000003
1619.0,1004.1856000000006
1619.1,998.8572000000025
1619.2,1001.3723999999991
1619.3,1001.6320950495049
1619.4,998.1775980198022
1619.5,1003.2453999999987
1619.6,1001.3139000000006
1619.7,1004.9101999999999
1619.8,997.1000000000021
1619.9,1000.0664999999998
1620.0,1013.584634653465
1620.1,1027.4590594059405
1620.2,1028.0346551724142
1620.3,1024.1235415080005
1620.4,1027.0640000000092
1620.5,1030.0169999999998
1620.6,1031.2891999999993
1620.7,1035.0812999999998
1620.8,1044.2712999999926
1620.9,1042.0510891089102
1621.0,1023.1816000000106
1621.1,1006.5156000000063
1621.2,1007.9252000000013
1621.3,1009.2656000000005
1621.4,1006.6399999999994
1621.5,1006.756534653465
1621.6,1011.4938999999986
1621.7,1011.3287999999989
1621.8,1008.4526000000008
1621.9,1007.1952999999996
1622.0,1006.5472000000002
1622.1,1006.9818999999998
1622.2,1004.4140594059381
1622.3,1008.7009999999999
1622.4,1008.6489999999977
1622.5,1006.71
1622.6,1004.2550000000048
1622.7,1003.335
1622.8,1000.4125742574258
1622.9,1004.6379792079274
1623.0,1006.9081999999999
1623.1,1004.728600000004
1623.2,1007.7889000000014
1623.3,1007.8994999999993
1623.4,1007.7541000000007
1623.5,1003.6208999999985
1623.6,1003.0814851485125
1623.7,1002.199599999999
1623.8,1003.4555999999968
1623.9,1004.0499999999998
1624.0,1006.6508000000019
1624.1,1006.9096000000015
1624.2,1003.9107999999983
1624.3,1004.850792079205
1624.4,1003.903499999998
1624.5,1004.0288000000012
1624.6,1002.5131000000026
1624.7,1004.8433000000034
1624.8,1000.8419000000072
1624.9,1000.2889108910919
1625.0,1000.1858000000011
1625.1,997.3390000000046
1625.2,993.7117999999966
1625.3,996.8212000000015
1625.4,999.579519895386
1625.5,994.728
1625.6,998.931999999983
1625.7,1003.5619999999999
1625.8,1004.6659999999999
1625.9,1004.0879999999978
1626.0,1002.9559999999999
1626.1,1001.3807920792109
1626.2,999.8625999999998
1626.3,997.8638999999993
1626.4,997.5519000000016
1626.5,1004.4135000000024
1626.6,1007.1752000000031
1626.7,1005.1019801980192
1626.8,1004.9651999999992
1626.9,1009.0140000000029
1627.0,1011.4627999999998
1627.1,1015.0029999999945
1627.2,1021.2370000000027
1627.3,1020.6571049504897
1627.4,1018.8660891089078
1627.5,1009.2911999999878
1627.6,999.2146000000026
1627.7,997.8047000000006
1627.8,996.2290000000021
1627.9,994.1601999999992
1628.0,991.5818811881205
1628.1,988.9340000000025
1628.2,986.0591999999966
1628.3,984.9495999999997
1628.4,990.4572000000082
1628.5,993.8988000000004
1628.6,991.4676000000048
1628.7,994.771908910899
1628.8,1000.5984207920784
1628.9,1002.5565000000007
1629.0,1003.4284999999999
1629.1,1006.1869999999954
1629.2,1005.2339999999942
1629.3,1003.539900990099
1629.4,1001.5173999999936
1629.5,998.7659999999997
1629.6,998.6811999999992
1629.7,1001.4322000000005
1629.8,1002.5682000000015
1629.9,1000.0773999999957
1630.0,997.6957425742569
1630.1,1001.2406999999944
1630.2,1002.6148999999982
1630.3,999.8476000000007
1630.4,1001.6561000000071
1630.5,1004.2082000000004
1630.6,1004.0935000000007
1630.7,1001.3802970297008
1630.8,999.5623999999998
1630.9,1000.9828000000015
1631.0,998.724000000003
1631.1,996.5887999999992
1631.2,996.4591999999986
1631.3,996.3639999999992
1631.4,998.21485148515
1631.5,998.7412000000002
1631.6,1000.798799999999
1631.7,1003.2359000000001
1631.8,1003.2493999999999
1631.9,1003.2047
1632.0,1002.0068000000005
1632.1,1000.9558415841582
1632.2,1004.285
1632.3,995.3
1632.4,954.479999999935
1632.5,900.175
1632.6,849.8200000000561
1632.7,794.94
1632.8,737.895
1632.9,689.8694554454963
1633.0,642.8690316831623
1633.1,585.9448000000554
1633.2,534.5632999999909
1633.3,497.71250000002993
1633.4,476.78089999999827
1633.5,472.6625742574256
1633.6,472.15040000000033
1633.7,471.70719999999983
1633.8,471.39520000000016
1633.9,471.1207999999999
1634.0,470.90279999999996
1634.1,470.81080000000003
1634.2,470.6806930693068
1634.3,470.52240000000006
1634.4,470.4141999999999
1634.5,470.2225000000001
1634.6,470.0430000000002
1634.7,469.90069999999986
1634.8,469.7248000000001
1634.9,469.5934653465346
1635.0,469.4526
1635.1,469.2718000000002
1635.2,469.16159999999996
1635.3,469.0894
1635.4,469.0208
1635.5,468.9962
1635.6,468.9253465346536
1635.7,468.86
1635.8,468.8555
1635.9,468.79149999999987
1636.0,468.7155
1636.1,468.71000000000004
1636.2,468.66499999999996
1636.3,468.5918663366337
1636.4,468.54337821782167
1636.5,468.5012
1636.6,468.50759999999997
1636.7,468.49479999999994
1636.8,468.45439999999996
1636.9,468.48640000000006
1637.0,468.46719999999993
1637.1,468.4261386138613
1637.2,468.4514
1637.3,468.3798000000001
1637.4,468.3172
1637.5,468.33140000000003
1637.6,468.2641425742575
1637.7,468.2028297029703
1637.8,468.199
1637.9,468.1321999999999
1638.0,468.101
1638.1,468.13
1638.2,468.1342
1638.3,468.18199999999996
1638.4,468.2358415841584
1638.5,468.22180000000003
1638.6,468.22229999999996
1638.7,468.17850000000004
1638.8,468.1064
1638.9,468.14230000000003
1639.0,468.09850000000006
1639.1,468.0141
1639.2,468.02
1639.3,467.952
1639.4,467.858
1639.5,467.882
1639.6,467.86000000000007
1639.7,467.836
1639.8,467.91
1639.9,467.91219801980185
1640.0,467.8818811881188
1640.1,467.90779999999995
1640.2,467.95120000000003
1640.3,467.9571000000001
1640.4,467.9095
1640.5,467.9712
1640.6,467.98524752475254
1640.7,467.9376
1640.8,467.9234
1640.9,467.84579999999994
1641.0,467.83180000000004
1641.1,467.862
1641.2,467.78133861386135
1641.3,467.7908871287128
1641.4,467.8526
1641.5,467.8141
1641.6,467.7995999999999
1641.7,467.82409999999993
1641.8,467.7909900990099
1641.9,467.8460000000001
1642.0,467.8668
1642.1,467.80799999999994
1642.2,467.84
1642.3,467.786
1642.4,467.6972
1642.5,467.72425742574256
1642.6,467.6940000000002
1642.7,467.61800000000005
1642.8,467.663
1642.9,467.6149999999999
1643.0,467.5846534653466
1643.1,467.64660000000003
1643.2,467.6196
1643.3,467.6139999999999
1643.4,467.6527999999999
1643.5,467.59659999999997
1643.6,467.6103999999999
1643.7,467.62306930693063
1643.8,467.5766
1643.9,467.5933
1644.0,467.5637000000001
1644.1,467.4867
1644.2,467.4965000000001
1644.3,467.48710000000005
1644.4,467.4359405940595
1644.5,467.5068
1644.6,467.48080000000004
1644.7,467.46240000000006
1644.8,467.51959999999997
1644.9,467.5175999999999
1645.0,467.4764
1645.1,467.4836
1645.2,467.47940990099016
1645.3,467.50909504950494
1645.4,467.4896999999998
1645.5,467.4217
1645.6,467.4916999999999
1645.7,467.51210000000003
1645.8,467.4622772277228
1645.9,467.50500000000005
1646.0,467.534
1646.1,467.53499999999997
1646.2,467.56399999999996
1646.3,467.544
1646.4,467.5510000000001
1646.5,467.5792079207921
1646.6,467.53290000000004
1646.7,467.54580000000004
1646.8,467.53100000000006
1646.9,467.4658
1647.0,467.4887
1647.1,467.4723
1647.2,467.40007029702974
1647.3,467.46127128712874
1647.4,467.462
1647.5,467.4152
1647.6,467.48
1647.7,467.47159999999997
1647.8,467.4752
1647.9,467.5289108910891
1648.0,467.5027
1648.1,467.53159999999986
1648.2,467.5602999999999
1648.3,467.48539999999997
1648.4,467.5081
1648.5,467.4787
1648.6,467.3694059405939
1648.7,467.4630000000001
1648.8,467.47659999999996
1648.9,467.4360000000001
1649.0,467.5178
1649.1,467.5218000000001
1649.2,467.49340000000007
1649.3,467.5651485148515
1649.4,467.5599999999999
1649.5,467.5375000000001
1649.6,467.6200000000001
1649.7,467.51499999999993
1649.8,467.4924999999999
1649.9,467.5174999999998
1650.0,467.40490099009907
1650.1,467.4693504950494
1650.2,467.49159999999983
1650.3,467.3915999999999
1650.4,467.4768
1650.5,467.4796000000002
1650.6,467.35359999999986
1650.7,467.4696
1650.8,467.4738613861387
1650.9,467.40150000000006
1651.0,467.44689999999997
1651.1,467.4378000000001
1651.2,467.3346
1651.3,467.3155000000001
1651.4,467.1840594059405
1651.5,467.1388
1651.6,467.13480000000015
1651.7,467.0122
1651.8,467.03099999999995
1651.9,467.0327306930691
1652.0,466.89401287128715
1652.1,466.8721
1652.2,466.85900000000004
1652.3,466.7926
1652.4,466.8589000000002
1652.5,466.91949999999997
1652.6,466.88
1652.7,466.878
1652.8,466.86400000000003
1652.9,466.846
1653.0,466.854
1653.1,466.808
1653.2,466.90000000000003
1653.3,466.9580000000001
1653.4,466.8719801980198
1653.5,466.8819
1653.6,466.8881
1653.7,466.8838
1653.8,466.9
1653.9,466.8943
1654.0,466.8738
1654.1,466.87683168316835
1654.2,466.811
1654.3,466.7772
1654.4,466.8028
1654.5,466.7808
1654.6,466.83539999999994
1654.7,466.8511425742574
1654.8,466.8203643564357
1654.9,466.87850000000003
1655.0,466.91319999999996
1655.1,466.8918999999999
1655.2,466.95340000000004
1655.3,466.96320000000003
1655.4,466.9350495049505
1655.5,466.95039999999995
1655.6,466.89200000000005
1655.7,466.85
1655.8,466.8372792079209
1655.9,466.76241584158413
1656.0,466.7275
1656.1,466.7550000000001
1656.2,466.68350000000004
1656.3,466.7674999999999
1656.4,466.79199999999986
1656.5,466.7093069306932
1656.6,466.8228
1656.7,466.8315999999999
1656.8,466.7995999999999
1656.9,466.91439999999994
1657.0,466.87166930693076
1657.1,466.8238138613861
1657.2,466.84479999999996
1657.3,466.80350000000004
1657.4,466.7678000000001
1657.5,466.8031000000001
1657.6,466.6978
1657.7,466.761584158416
1657.8,466.81720000000007
1657.9,466.66440000000017
1658.0,466.77599999999995
1658.1,466.80800000000005
1658.2,466.72839999999997
1658.3,466.7816831683168
1658.4,466.71119999999985
1658.5,466.6488
1658.6,466.7178
1658.7,466.69230000000005
1658.8,466.6419801980197
1658.9,466.731
1659.0,466.646
1659.1,466.62
1659.2,466.704
1659.3,466.65594059405936
1659.4,466.71180000000004
1659.5,466.7174
1659.6,466.59180000000003
1659.7,466.6109
1659.8,466.6119
1659.9,466.5363
1660.0,466.59554455445544
1660.1,466.53880000000026
1660.2,466.406
1660.3,466.35839999999996
1660.4,466.32879999999994
1660.5,466.2048
1660.6,466.2536633663368
1660.7,466.17719999999997
1660.8,466.14070000000004
1660.9,466.1387999999999
1661.0,465.99420000000003
1661.1,466.05139999999994
1661.2,466.0679
1661.3,466.0469306930694
1661.4,466.1448000000001
1661.5,466.22
1661.6,466.22119999999995
1661.7,466.2454000000001
1661.8,466.3329999999999
1661.9,466.38712277227734
1662.0,466.50228217821785
1662.1,466.5449999999999
1662.2,466.64099999999996
1662.3,466.65550000000013
1662.4,466.57400000000007
1662.5,466.6474999999999
1662.6,466.59851485148516
1662.7,466.57120000000003
1662.8,466.59880000000004
1662.9,466.56839999999994
1663.0,466.53159999999997
1663.1,466.5696
1663.2,466.5584158415841
1663.3,466.52329999999995
1663.4,466.62699999999984
1663.5,466.5327
1663.6,466.62209999999993
1663.7,466.68759999999986
1663.8,466.61209999999994
1663.9,466.67969702970294
1664.0,466.66710891089116
1664.1,466.54139999999995
1664.2,466.6106
1664.3,466.63660000000004
1664.4,466.47200000000015
1664.5,466.569
1664.6,466.5174297029704
1664.7,466.3916940594059
1664.8,466.529
1664.9,466.43050000000005
1665.0,466.48040000000003
1665.1,466.51930000000004
1665.2,466.4502
1665.3,466.4705940594059
1665.4,466.53
1665.5,466.42999999999995
1665.6,466.46
1665.7,466.53
1665.8,466.32
1665.9,466.4
1666.0,466.40999999999997
1666.1,466.36
1666.2,466.48
1666.3,466.4106930693069
1666.4,466.44960000000003
1666.5,466.5292
1666.6,466.53
1666.7,466.4607
1666.8,466.5536
1666.9,466.45415038801167
1667.0,466.44
1667.1,466.4751999999999
1667.2,466.40079999999995
1667.3,466.44280000000003
1667.4,466.4588
1667.5,466.38140990099004
1667.6,466.38739999999996
1667.7,466.44220000000007
1667.8,466.45869999999996
1667.9,466.4774
1668.0,466.5061
1668.1,466.4491000000001
1668.2,466.50882475247533
1668.3,466.39960000000013
1668.4,466.43160000000006
1668.5,466.51740000000007
1668.6,466.4698000000001
1668.7,466.48580000000004
1668.8,466.4728
1668.9,466.40979999999996
1669.0,466.3742
1669.1,466.31891089108916
1669.2,466.2589999999999
1669.3,466.25
1669.4,466.1649999999999
1669.5,466.0735000000001
1669.6,466.12799999999993
1669.7,466.1485
1669.8,466.1668316831683
1669.9,466.2288000000001
1670.0,466.24
1670.1,466.3155999999999
1670.2,466.3972000000001
1670.3,466.3596
1670.4,466.37520000000006
1670.5,466.38
1670.6,466.2970000000001
1670.7,466.2385
1670.8,466.17190000000005
1670.9,466.09359999999987
1671.0,466.05510000000004
1671.1,465.91851485148527
1671.2,465.9146
1671.3,465.95279999999997
1671.4,465.88619999999986
1671.5,465.9438
1671.6,465.92719999999997
1671.7,465.879
1671.8,465.9105940594059
1671.9,465.89570000000003
1672.0,465.8738
1672.1,465.9429
1672.2,465.8871
1672.3,465.8299405940594
1672.4,465.87600000000003
1672.5,465.834
1672.6,465.86
1672.7,465.894
1672.8,465.78000000000003
1672.9,465.814
1673.0,465.8458415841584
1673.1,465.7473000000002
1673.2,465.8148
1673.3,465.83209999999997
1673.4,465.77469999999994
1673.5,465.8311
1673.6,465.802991089109
1673.7,465.7665782178218
1673.8,465.83020000000005
1673.9,465.7953999999999
1674.0,465.78
1674.1,465.928122772277
1674.2,465.8541584158415
1674.3,465.84309999999994
1674.4,465.8808
1674.5,465.81299999999993
1674.6,465.8361999999999
1674.7,465.83475247524746
1674.8,465.77680000000004
1674.9,465.83600000000007
1675.0,465.8524
1675.1,465.7968000000001
1675.2,465.80280000000005
1675.3,465.78720000000004
1675.4,465.7876
1675.5,465.83504950495046
1675.6,465.7075000000002
1675.7,465.6525
1675.8,465.6875
1675.9,465.5799999999998
1676.0,465.5625
1676.1,465.6145544554455
1676.2,465.5486
1676.3,465.5644
1676.4,465.5652
1676.5,465.5452
1676.6,465.59919999999994
1676.7,465.59069306930695
1676.8,465.6019
1676.9,465.6538000000001
1677.0,465.6554
1677.1,465.65000000000003
1677.2,465.65729999999996
1677.3,465.63831683168314
1677.4,465.68760000000003
1677.5,465.6668
1677.6,465.6428
1677.7,465.70480000000003
1677.8,465.7084
1677.9,465.6860277227723
1678.0,465.7012138613861
1678.1,465.6745
1678.2,465.7097
1678.3,465.73
1678.4,465.67319999999995
1678.5,465.6855
1678.6,465.7
1678.7,465.6432
1678.8,465.64108910891093
1678.9,465.664
1679.0,465.635
1679.1,465.6829999999999
1679.2,465.668
1679.3,465.671
1679.4,465.7146534653466
1679.5,465.6816693069307
1679.6,465.68069999999994
1679.7,465.7314
1679.8,465.67409999999995
1679.9,465.68140000000005
1680.0,465.7136633663366
1680.1,465.63840000000016
1680.2,465.6272
1680.3,465.62640000000005
1680.4,465.5724
1680.5,465.65880000000004
1680.6,465.68280000000004
1680.7,465.629603960396
1680.8,465.6769999999999
1680.9,465.6631
1681.0,465.64
1681.1,465.6868999999999
1681.2,465.63629999999995
1681.3,465.6134
1681.4,465.6133663366337
1681.5,465.57040000000006
1681.6,465.5895999999999
1681.7,465.65620000000007
1681.8,465.6206000000001
1681.9,465.6362000000001
1682.0,465.6204
1682.1,465.6
1682.2,465.63920792079216
1682.3,465.60150000000004
1682.4,465.60900000000004
1682.5,465.656
1682.6,465.58550000000014
1682.7,465.553
1682.8,465.5664356435643
1682.9,465.4995999999999
1683.0,465.5112
1683.1,465.8471999999996
1683.2,499.70959999999525
1683.3,556.8743999999457
1683.4,614.0008910891929
1683.5,666.6292000000082
1683.6,727.6940999999542
1683.7,782.3279000000075
1683.8,842.4153999999539
1683.9,895.7637000000716
1684.0,950.8526000000097
1684.1,1011.5668316831355
1684.2,1035.1900000000005
1684.3,1033.1024000000018
1684.4,1034.1134000000015
1684.5,1033.6264000000015
1684.6,1034.8103999999983
1684.7,1035.2149999999992
1684.8,1032.0886000000019
1684.9,1028.8673267326717
1685.0,1031.6878999999985
1685.1,1031.7583000000009
1685.2,1029.9049999999997
1685.3,1031.0580999999995
1685.4,1031.2554019801973
1685.5,1034.477762376237
1685.6,1032.7840000000092
1685.7,1029.988
1685.8,1028.38
1685.9,1027.0879999999995
1686.0,1023.854
1686.1,1026.8595049504847
1686.2,1031.3956000000003
1686.3,1030.5510999999995
1686.4,1033.4815000000078
1686.5,1034.3370999999993
1686.6,1030.1126000000054
1686.7,1033.6578217821816
1686.8,1038.957199999998
1686.9,1041.9584000000016
1687.0,1045.885000000002
1687.1,1043.1692000000069
1687.2,1039.6083999999998
1687.3,1040.061881188118
1687.4,1038.946899999998
1687.5,1037.8383000000001
1687.6,1037.008000000001
1687.7,1042.173900000007
1687.8,1049.8047999999965
1687.9,1047.9239603960334
1688.0,1042.5672000000013
1688.1,1040.97
1688.2,1042.3812000000023
1688.3,1042.4428000000007
1688.4,1042.818400000002
1688.5,1042.8472000000006
1688.6,1041.3204950495067
1688.7,1036.7154999999918
1688.8,1032.3580000000002
1688.9,1031.6435000000004
1689.0,1032.6954999999998
1689.1,1034.5199999999977
1689.2,1035.5355000000004
1689.3,1025.6918811881185
1689.4,1024.3352000000177
1689.5,1026.123599999999
1689.6,1029.825199999988
1689.7,1032.0930693069288
1689.8,1033.2096999999942
1689.9,1038.3607000000036
1690.0,1034.0422999999962
1690.1,1039.6508999999867
1690.2,1036.2530999999908
1690.3,1037.9564356435508
1690.4,1048.3467999999984
1690.5,1047.4135999999999
1690.6,1046.9596000000006
1690.7,1041.9871999999946
1690.8,1045.0163999999938
1690.9,1052.362000000001
1691.0,1052.7592554455448
1691.1,1050.1953871287137
1691.2,1047.457999999999
1691.3,1048.3234999999995
1691.4,1046.1193999999937
1691.5,1043.8431999999996
1691.6,1048.8916999999983
1691.7,1051.2831999999976
1691.8,1046.6277831683176
1691.9,1045.0499504950535
1692.0,1046.08
1692.1,1048.4599999999932
1692.2,1050.2199999999998
1692.3,1051.965
1692.4,1060.3900000000122
1692.5,1084.76
1692.6,1092.6954455445768
1692.7,1092.0042000000049
1692.8,1093.5334000000173
1692.9,1083.2632999999998
1693.0,1085.6281000000013
1693.1,1085.0412000000063
1693.2,1086.7611881188157
1693.3,1079.7536000000168
1693.4,1068.6308000000024
1693.5,1049.1067999999789
1693.6,1027.150399999997
1693.7,1031.0596000000014
1693.8,1030.2053821782204
1693.9,1026.5514029702956
1694.0,1023.8755000000012
1694.1,1022.6545999999981
1694.2,1027.2280000000057
1694.3,1030.1478000000013
1694.4,1031.846300000005
1694.5,1035.9612871287127
1694.6,1035.1046000000033
1694.7,1032.228199999997
1694.8,1032.3573999999994
1694.9,1038.5140594059492
1695.0,1043.4175
1695.1,1045.5244999999954
1695.2,1045.5789999999995
1695.3,1043.5214999999985
1695.4,1043.027499999997
1695.5,1040.7554999999998
1695.6,1040.7936633663342
1695.7,1042.4804000000004
1695.8,1039.2940000000076
1695.9,1033.8463999999976
1696.0,1033.2300000000002
1696.1,1031.7026732673303
1696.2,1029.859400000001
1696.3,1028.3520000000037
1696.4,1027.1337000000028
1696.5,1028.8685000000014
1696.6,1028.3922999999988
1696.7,1030.0774435643575
1696.8,1033.8332554455417
1696.9,1032.81579999999
1697.0,1023.8804000000024
1697.1,1016.173600000005
1697.2,1013.3806000000072
1697.3,1015.2586000000033
1697.4,1007.2863999999922
1697.5,1008.4073267326678
1697.6,1013.3374000000115
1697.7,1003.1576000000024
1697.8,996.4331000000003
1697.9,996.950300000003
1698.0,1000.0221999999992
1698.1,1001.3963000000017
1698.2,1002.265799999999
1698.3,1006.7903554455439
1698.4,1009.5771683168315
1698.5,1007.424
1698.6,1004.9539999999986
1698.7,1006.024
1698.8,1006.6679999999999
1698.9,1008.544000000004
1699.0,1011.9590099009905
1699.1,1013.3839000000019
1699.2,1012.8509000000008
1699.3,1011.7461000000053
1699.4,1005.6860999999993
1699.5,1004.3984326732677
1699.6,1003.9936910891103
1699.7,1001.1575999999991
1699.8,997.175000000003
1699.9,993.9986000000015
1700.0,996.6319227722769
1700.1,993.9489435643707
1700.2,986.949599999998
1700.3,985.1469999999999
1700.4,986.8713000000031
1700.5,988.7084000000004
1700.6,987.1420999999993
1700.7,990.5616000000059
1700.8,996.2681188118812
1700.9,994.8691999999954
1701.0,992.4348000000001
1701.1,993.3620000000017
1701.2,992.4291999999997
1701.3,993.1752000000001
1701.4,996.6272000000046
1701.5,1000.2855445544557
1701.6,1000.8205000000008
1701.7,1001.1635000000008
1701.8,1001.8830000000028
1701.9,998.7594999999949
1702.0,997.3675000000015
1702.1,1000.7319999999982
1702.2,1001.5658415841581
1702.3,1004.1307999999917
1702.4,1007.4401999999891
1702.5,1002.4214000000004
1702.6,1003.270799999999
1702.7,1003.8059999999996
1702.8,1003.1482000000007
1702.9,1003.242574257427
1703.0,1004.924999999999
1703.1,1006.5569999999987
1703.2,1006.8762999999975
1703.3,1004.415300000001
1703.4,1004.8185000000037
1703.5,1005.3919801980243
1703.6,1001.3771999999985
1703.7,1001.7515999999944
1703.8,998.4971999999997
1703.9,997.4247999999947
1704.0,993.9105742574259
1704.1,993.6435148514846
1704.2,992.1590000000012
1704.3,987.4075000000004
1704.4,988.3607000000094
1704.5,993.1297000000002
1704.6,992.708300000001
1704.7,992.9949336633658
1704.8,995.550207920792
1704.9,997.1210000000053
1705.0,998.298
1705.1,995.5819999999999
1705.2,995.3409999999999
1705.3,984.5562574257632
1705.4,960.2554970297024
1705.5,960.6868000000015
1705.6,963.8368000000025
1705.7,956.3270999999975
1705.8,952.7700999999937
1705.9,966.0652000000023
1706.0,968.3413999999963
1706.1,957.4504999999989
1706.2,962.2852475247555
1706.3,975.8667999999961
1706.4,990.9291999999998
1706.5,992.7112000000034
1706.6,996.1904000000012
1706.7,994.1461386138659
1706.8,1000.6286999999999
1706.9,1000.5413000000001
1707.0,999.6944999999996
1707.1,998.7687999999897
1707.2,1002.7922999999982
1707.3,1000.3173999999998
1707.4,1000.918200000006
1707.5,1007.9297029702973
1707.6,1010.3711999999971
1707.7,1010.6269999999954
1707.8,1007.8468000000012
1707.9,1010.3333999999991
1708.0,1010.4452000000009
1708.1,1012.4564000000012
1708.2,1012.6439940594072
1708.3,1014.4639356435661
1708.4,1012.2349999999974
1708.5,1010.2399999999993
1708.6,1008.8775000000026
1708.7,1006.5024999999982
1708.8,1004.283168316832
1708.9,1004.2912000000008
1709.0,1003.8464000000041
1709.1,1000.869599999998
1709.2,1002.8500000000008
1709.3,1002.0548000000059
1709.4,995.9947999999961
1709.5,994.215445544548
1709.6,999.4236000000018
1709.7,996.711399999997
1709.8,996.3063999999947
1709.9,1002.7237000000024
1710.0,1004.3226000000003
1710.1,1003.497128712874
1710.2,1001.5866000000002
1710.3,1001.4311999999995
1710.4,1001.4759999999958
1710.5,1000.4495999999968
1710.6,1006.1395999999979
1710.7,1007.3368316831692
1710.8,1005.6517999999999
1710.9,1006.1015999999998
1711.0,1006.0721
1711.1,1005.9687000000004
1711.2,1006.6251999999988
1711.3,1010.3165346534664
1711.4,1008.684
1711.5,1007.722
1711.6,1008.2060000000005
1711.7,1002.0999999999999
1711.8,976.4512871287232
1711.9,961.1102000000064
1712.0,984.7331000000006
1712.1,983.9912000000029
1712.2,971.5896999999992
1712.3,971.8011999999968
1712.4,982.0789999999972
1712.5,969.5995940594083
1712.6,960.0831999999723
1712.7,976.2772000000093
1712.8,993.1901999999999
1712.9,994.1760000000015
1713.0,997.9876000000003
1713.1,1000.9936000000055
1713.2,998.6796000000004
1713.3,999.5256
1713.4,1000.8192970297033
1713.5,1001.8087198019808
1713.6,1003.7326999999996
1713.7,1005.3007000000053
1713.8,1011.172999999999
1713.9,1008.1953999999985
1714.0,1006.5396000000005
1714.1,1008.0284821782185
1714.2,1007.87354059406
1714.3,1008.5656000000025
1714.4,1007.6728000000037
1714.5,1010.6167999999984
1714.6,1008.9231999999929
1714.7,1013.0173267326721
1714.8,1011.8904999999952
1714.9,1014.9379999999956
1715.0,1012.0900000000023
1715.1,1014.3550000000023
1715.2,1013.0895000000019
1715.3,1015.1329999999996
1715.4,1015.7796039603977
1715.5,1017.265000000001
1715.6,1015.421400000005
1715.7,1011.0346000000025
1715.8,1012.8198000000017
1715.9,1011.1095999999997
1716.0,1010.6003960396052
1716.1,1009.9579999999968
1716.2,1013.4919999999954
1716.3,1010.6498999999984
1716.4,1012.4144999999983
1716.5,1011.2296000000002
1716.6,1011.1548
1716.7,1011.3529702970321
1716.8,1012.8112000000004
1716.9,1012.0600000000015
1717.0,1013.0131999999999
1717.1,1013.382000000001
1717.2,1012.1320000000001
1717.3,1011.6868000000012
1717.4,1009.171386138611
1717.5,1007.6071999999999
1717.6,1008.2701999999991
1717.7,1010.1385999999995
1717.8,1012.1576999999999
1717.9,1012.1363999999986
1718.0,1011.8669999999993
1718.1,1014.8746534653476
1718.2,1013.029
1718.3,1017.7049999999995
1718.4,1019.9920000000001
1718.5,1017.469
1718.6,1009.6330000000008
1718.7,1006.625
1718.8,1007.7700000000015
1718.9,1000.7753999999984
1719.0,995.2052000000019
1719.1,1002.5060000000001
1719.2,999.5369999999984
1719.3,992.9836999999999
1719.4,988.9705940594076
1719.5,995.5436000000014
1719.6,1000.1404000000089
1719.7,996.2536000000033
1719.8,1003.5288000000015
1719.9,1008.4019999999983
1720.0,1004.8394019801972
1720.1,1001.8895970297046
1720.2,1001.3899000000032
1720.3,1005.1611999999964
1720.4,998.9701000000016
1720.5,1001.4099000000015
1720.6,1003.764300000001
1720.7,1003.080699999998
1720.8,1000.5474257425763
1720.9,1003.8802000000001
1721.0,1003.5875999999942
1721.1,996.7879999999934
1721.2,1001.2927999999999
1721.3,1001.3686495049462
1721.4,1004.4096287128729
1721.5,1005.9545000000012
1721.6,1006.9790000000002
1721.7,1006.8050000000007
1721.8,1007.4989999999992
1721.9,1007.9374999999975
1722.0,1005.6405940594026
1722.1,1002.6627999999981
1722.2,1004.5739999999976
1722.3,1002.5844000000037
1722.4,998.4423999999946
1722.5,994.2488000000039
1722.6,990.0672237623779
1722.7,988.030231683159
1722.8,981.084099999997
1722.9,985.656100000012
1723.0,993.3247999999992
1723.1,994.4296000000005
1723.2,993.8474000000039
1723.3,996.3592999999998
1723.4,996.679603960397
1723.5,997.3507999999993
1723.6,998.8885999999993
1723.7,1000.1824000000024
1723.8,994.8374000000016
1723.9,991.4060000000111
1724.0,997.4620000000027
1724.1,991.5307326732711
1724.2,984.3984297029664
1724.3,993.3703999999983
1724.4,1000.3931000000108
1724.5,1005.5208000000031
1724.6,992.8172999999979
1724.7,1001.6465999999957
1724.8,1020.0397000000019
1724.9,1012.1032673267352
1725.0,1013.4300000000001
1725.1,1022.23
1725.2,1022.39
1725.3,1024.31
1725.4,1023.32
1725.5,1028.6499999999999
1725.6,1032.1875247524747
1725.7,1035.2197089108918
1725.8,1035.4876000000002
1725.9,1036.2028
1726.0,1038.5563000000006
1726.1,1033.4815000000103
1726.2,1037.063300000001
1726.3,1032.4472940594048
1726.4,1031.1453485148509
1726.5,1032.2274000000007
1726.6,1029.6628000000046
1726.7,1030.2568000000003
1726.8,1023.6353999999969
1726.9,1023.2647999999998
1727.0,1023.4462
1727.1,1013.463800000018
1727.2,1028.9400000000107
1727.3,1031.2629999999972
1727.4,1029.7970999999989
1727.5,1028.1494999999989
1727.6,1034.9675999999893
1727.7,1034.0644999999993
1727.8,1041.2855999999886
1727.9,1048.482475247531
1728.0,1053.3972000000044
1728.1,1045.334000000011
1728.2,1042.6859999999979
1728.3,1039.8732000000036
1728.4,1047.4016000000074
1728.5,1039.5023999999921
1728.6,1040.0816950495039
1728.7,1045.1859702970357
1728.8,1048.7464999999963
1728.9,1047.5614999999984
1729.0,1041.077500000007
1729.1,1043.4094999999968
1729.2,1044.338500000001
1729.3,1049.0732821782128
1729.4,1041.0897188118695
1729.5,1046.1441999999954
1729.6,1046.4436
1729.7,1044.8325999999977
1729.8,1044.3634000000004
1729.9,1047.037800000004
1730.0,1045.1702000000016
1730.1,1042.5584000000024
1730.2,1064.075841584146
1730.3,1090.8650999999816
1730.4,1076.8569999999727
1730.5,1093.19979999999
1730.6,1081.6674000000094
1730.7,1086.112599999997
1730.8,1093.9599999999946
1730.9,1079.428217821753
1731.0,1095.048799999995
1731.1,1087.3660000000045
1731.2,1075.8520000000033
1731.3,1048.3504000000132
1731.4,1047.8156000000035
1731.5,1048.0224673267326
1731.6,1051.3879534653456
1731.7,1054.6047
1731.8,1053.0700000000004
1731.9,1053.4814999999999
1732.0,1049.9455000000007
1732.1,1049.5718000000002
1732.2,1054.4533663366349
1732.3,1050.5439999999999
1732.4,1047.8989999999994
1732.5,1048.902
1732.6,1048.023
1732.7,1048.0989108910892
1732.8,1050.264747524753
1732.9,1045.5192999999972
1733.0,1043.8230999999996
1733.1,1045.585699999996
1733.2,1043.1944999999994
1733.3,1045.3197029702983
1733.4,1033.9635999999903
1733.5,1011.197199999989
1733.6,1027.625999999966
1733.7,1010.6183999999898
1733.8,1022.7152000000076
1733.9,1022.406799999998
1734.0,1020.7482178217812
1734.1,1029.4065999999868
1734.2,1021.6819999999929
1734.3,1028.542799999988
1734.4,1029.8135
1734.5,1038.9724000000072
1734.6,1040.4458643564353
1734.7,1041.4054178217832
1734.8,1033.1922000000102
1734.9,1034.5562000000027
1735.0,1036.2126000000012
1735.1,1038.2245999999977
1735.2,1034.7617999999961
1735.3,1038.6649999999945
1735.4,1036.8796039603928
1735.5,1037.7574999999988
1735.6,1035.2955000000036
1735.7,1036.452000000002
1735.8,1039.0519999999979
1735.9,1039.7745000000004
1736.0,1038.9210049504957
1736.1,1038.6746376237625
1736.2,1035.3671999999947
1736.3,1041.8211999999953
1736.4,1044.5560000000023
1736.5,1038.5740594059432
1736.6,1040.7295999999974
1736.7,1037.3298000000013
1736.8,1039.8680999999974
1736.9,1036.385099999992
1737.0,1039.6799999999985
1737.1,1043.5130693069289
1737.2,1040.0190000000002
1737.3,1037.314200000001
1737.4,1038.6010000000038
1737.5,1047.0223999999996
1737.6,1050.4462376237618
1737.7,1055.9249000000011
1737.8,1047.076000000003
1737.9,1052.261100000002
1738.0,1042.0015000000033
1738.1,1028.425445544555
1738.2,1040.2580000000082
1738.3,1029.9679999999998
1738.4,1017.825999999995
1738.5,1012.108
1738.6,1007.1560000000001
1738.7,997.275999999995
1738.8,992.9847524752471
1738.9,996.1688000000033
1739.0,995.9986999999996
1739.1,995.6584
1739.2,996.4163000000003
1739.3,1000.348800000001
1739.4,1000.8073366336629
1739.5,1001.5727524752481
1739.6,999.5680000000038
1739.7,995.6383999999981
1739.8,995.9112000000007
1739.9,992.115999999995
1740.0,987.7129999999981
1740.1,987.301980198019
1740.2,984.4084999999973
1740.3,985.9100999999968
1740.4,986.4605999999999
1740.5,983.0219999999969
1740.6,992.3279999999856
1740.7,1001.0695000000051
1740.8,1000.9989108910911
1740.9,1001.2784000000009
1741.0,1007.5820000000073
1741.1,1008.1372000000014
1741.2,1007.0563999999993
1741.3,1008.7620396039588
1741.4,1010.0047277227732
1741.5,1010.0375
1741.6,1005.9150000000063
1741.7,1002.0699999999962
1741.8,1000.4375000000007
1741.9,997.4399999999958
1742.0,998.1574999999988
1742.1,996.1381188118844
1742.2,993.7108000000007
1742.3,998.838399999993
1742.4,995.8719999999909
1742.5,995.3361999999995
1742.6,996.8107999999987
1742.7,996.6990000000003
1742.8,993.9844000000031
1742.9,992.0862376237603
1743.0,994.1946999999998
1743.1,995.8545999999993
1743.2,993.0129000000003
1743.3,986.9106000000046
1743.4,990.4455000000116
1743.5,989.7801000000003
1743.6,987.0042000000017
1743.7,985.0751485148512
1743.8,989.0755999999972
1743.9,989.8839999999998
1744.0,989.9375999999996
1744.1,993.0879999999981
1744.2,992.5147999999995
1744.3,988.693600000002
1744.4,988.5036633663372
1744.5,992.3208999999989
1744.6,989.3932000000013
1744.7,993.5585000000036
1744.8,995.3197000000002
1744.9,993.5376999999991
1745.0,990.9871128712873
1745.1,991.6399999999967
1745.2,993.1030000000001
1745.3,994.125
1745.4,998.1830000000036
1745.5,996.5450000000001
1745.6,997.0259999999957
1745.7,1000.5468316831689
1745.8,1002.8333000000003
1745.9,1004.4999000000015
1746.0,1003.3049999999994
1746.1,1005.5107999999943
1746.2,1013.5361000000021
1746.3,1031.706200000005
1746.4,1029.1332673267177
1746.5,1027.3028000000018
1746.6,1027.204800000002
1746.7,1035.8276000000062
1746.8,1032.2616000000125
1746.9,1032.2732000000024
1747.0,1038.8371287128757
1747.1,1026.1486000000189
1747.2,1020.9208000000023
1747.3,1006.4728000000196
1747.4,1002.3609000000035
1747.5,1000.8370999999968
1747.6,999.6081188118809
1747.7,998.0905999999977
1747.8,995.1310000000019
1747.9,993.6507999999994
1748.0,995.789599999998
1748.1,996.1750000000017
1748.2,998.0468000000033
1748.3,997.4525742574269
1748.4,997.3095000000013
1748.5,1001.4904999999981
1748.6,1001.0270000000043
1748.7,999.4078495145634
1748.8,999.0442213592235
1748.9,1001.0194000000013
1749.0,1000.7376000000012
1749.1,1001.9375999999986
1749.2,1002.6399999999996
1749.3,1001.9810000000002
1749.4,997.2981188118771
1749.5,997.8332999999988
1749.6,999.1421000000004
1749.7,995.1961999999962
1749.8,999.3090999999977
1749.9,1003.0920999999997
1750.0,1004.6052999999994
1750.1,1003.9124752475288
1750.2,1002.2560000000001
1750.3,1001.314
1750.4,999.1579999999974
1750.5,1000.018
1750.6,1001.5379999999996
1750.7,999.8069306930689
1750.8,1000.757817821783
1750.9,1001.4757999999985
1751.0,998.249099999999
1751.1,997.8867999999972
1751.2,1001.7638000000011
1751.3,1002.7015999999996
1751.4,1002.7861386138632
1751.5,1003.7776000000003
1751.6,1007.9949999999942
1751.7,1007.9473999999979
1751.8,1003.9170000000029
1751.9,1005.7522000000026
1752.0,1007.5315999999996
1752.1,1007.4415841584155
1752.2,1004.9952999999967
1752.3,1004.6229999999982
1752.4,1003.1567999999968
1752.5,1000.9104999999998
1752.6,999.7328712871296
1752.7,1008.0792000000148
1752.8,1017.8247999999984
1752.9,1019.9576000000002
1753.0,1018.4092000000011
1753.1,1020.6378534653388
1753.2,1016.0640841584004
1753.3,1009.2685000000001
1753.4,1009.8360000000024
1753.5,1008.8595000000005
1753.6,1011.984950495041
1753.7,1002.2957999999966
1753.8,987.1455688073461
1753.9,984.6726788990854
1754.0,985.0824999999998
1754.1,985.4704999999962
1754.2,988.134059405941
1754.3,990.0103999999981
1754.4,990.9603999999993
1754.5,991.4968000000007
1754.6,994.1751999999967
1754.7,995.5331999999995
1754.8,993.7080633663386
1754.9,991.842682178217
1755.0,993.7645999999958
1755.1,994.7085000000043
1755.2,994.5022000000046
1755.3,996.9295000000029
1755.4,993.4926326732658
1755.5,989.9351485148546
1755.6,988.0023999999987
1755.7,987.9041999999965
1755.8,986.6525999999989
1755.9,990.7030000000053
1756.0,994.2909999999999
1756.1,993.5808000000009
1756.2,992.5059405940592
1756.3,995.3204999999984
1756.4,999.4923
1756.5,999.6083999999998
1756.6,999.5860000000005
1756.7,1001.9534999999985
1756.8,1004.1092000000008
1756.9,1003.29356435644
1757.0,1003.5899999999999
1757.1,1000.852
1757.2,1002.05
1757.3,1003.2059999999999
1757.4,1002.2799999999995
1757.5,1002.734
1757.6,1005.1379999999969
1757.7,1004.4543168316825
1757.8,1001.4923584158394
1757.9,1002.0947999999992
1758.0,1001.0395000000008
1758.1,1000.6419000000038
1758.2,998.6271000000008
1758.3,999.5180000000025
1758.4,997.5120000000002
1758.5,996.1001980198005
1758.6,992.6658000000004
1758.7,995.330200000004
1758.8,998.1884000000028
1758.9,991.7871061946862
1759.0,988.5042256637191
1759.1,991.9874999999987
1759.2,994.7141584158462
1759.3,1001.2739999999961
1759.4,1003.9411999999985
1759.5,1003.307199999997
1759.6,1007.5591999999933
1759.7,1013.7876000000022
1759.8,1017.0747524752431
1759.9,1021.7082000000036
1760.0,1024.6341999999988
1760.1,1025.3002000000015
1760.2,1020.0317999999835
1760.3,1008.3119999999998
1760.4,1008.8799000000013
1760.5,1008.6387128712902
1760.6,1005.1691999999987
1760.7,1005.0926000000023
1760.8,1000.4682000000014
1760.9,998.0443999999982
1761.0,997.842599999998
1761.1,1000.9450000000012
1761.2,999.6193069306937
1761.3,997.459100000001
1761.4,995.3111000000092
1761.5,1000.1731999999996
1761.6,1000.2133000000023
1761.7,997.8753465346532
1761.8,999.4999999999984
1761.9,1002.3259999999999
1762.0,1002.7740000000001
1762.1,1003.6499999999996
1762.2,1004.6460000000001
1762.3,1006.0434653465354
1762.4,1005.0200000000006
1762.5,1006.2219999999994
1762.6,1003.5318000000009
1762.7,1000.8247000000014
1762.8,1005.2466000000005
1762.9,1002.4861524752471
1763.0,1000.3560158415844
1763.1,998.5986000000077
1763.2,994.5269999999985
1763.3,990.3399999999997
1763.4,984.3344000000016
1763.5,988.0049425742577
1763.6,993.2647396039598
1763.7,992.4949999999963
1763.8,989.1251000000021
1763.9,994.5383999999982
1764.0,991.1930999999977
1764.1,986.3719999999863
1764.2,994.0370336633684
1764.3,997.0440910891097
1764.4,999.5596000000021
1764.5,1001.7096000000007
1764.6,1002.2404000000049
1764.7,999.2660000000001
1764.8,999.9547999999949
1764.9,1003.499600000002
1765.0,999.5944554455232
1765.1,960.6140000000601
1765.2,908.9094999999639
1765.3,863.1055000000555
1765.4,812.8324999999336
1765.5,754.3479999999532
1765.6,698.8600000000424
1765.7,659.4081188118387
1765.8,606.5354000000581
1765.9,545.0057999999508
1766.0,500.43420000002675
1766.1,474.8268000000017
1766.2,473.12459999999936
1766.3,472.53842772277267
1766.4,472.11841584158384
1766.5,471.79890000000034
1766.6,471.3731000000001
1766.7,471.2391999999998
1766.8,471.0805000000001
1766.9,470.9487
1767.0,470.92069306930705
1767.1,470.77440000000007
1767.2,470.6624
1767.3,470.6584000000001
1767.4,470.4795999999997
1767.5,470.32759999999996
1767.6,470.28861386138624
1767.7,470.1179
1767.8,470.0211
1767.9,470.01459999999975
1768.0,469.8867
1768.1,469.8676455445544
1768.2,469.91446534653466
1768.3,469.781
1768.4,469.787
1768.5,469.75199999999995
1768.6,469.683
1768.7,469.706
1768.8,469.65400000000005
1768.9,469.509
1769.0,469.4940594059406
1769.1,469.43158695652176
1769.2,469.3379130434782
1769.3,469.30193043478266
1769.4,469.1683999999998
1769.5,469.09420000000006
1769.6,469.01480000000004
1769.7,468.8501999999998
1769.8,468.74618613861395
1769.9,468.73065841584156
1770.0,468.5533000000001
1770.1,468.52139999999997
1770.2,468.4363000000001
1770.3,468.3277000000001
1770.4,468.30139999999994
1770.5,468.2907
1770.6,468.26210000000003
1770.7,468.2968316831683
1770.8,468.254
1770.9,468.2131999999999
1771.0,468.2652
1771.1,468.16880000000003
1771.2,468.23359999999997
1771.3,468.3044
1771.4,468.1551485148515
1771.5,468.1855
1771.6,468.2355
1771.7,468.1035
1771.8,468.1082
1771.9,468.0918
1772.0,468.0263
1772.1,468.08369999999996
1772.2,468.0719801980198
1772.3,467.98900000000003
1772.4,468.088
1772.5,468.019
1772.6,467.99199999999996
1772.7,468.107
1772.8,468.04871287128714
1772.9,468.09340000000003
1773.0,468.1267
1773.1,468.05880000000013
1773.2,468.04110000000003
1773.3,468.0934
1773.4,467.98429999999996
1773.5,468.0145
1773.6,468.03744752475245
1773.7,467.943104950495
1773.8,468.0092
1773.9,467.9584
1774.0,467.8796
1774.1,467.9667999999998
1774.2,467.9448
1774.3,467.8877227722773
1774.4,467.9322
1774.5,467.85299999999995
1774.6,467.79650000000004
1774.7,467.7813
1774.8,467.6843000000001
1774.9,467.6958415841584
1775.0,467.70860000000005
1775.1,467.5724000000002
1775.2,467.5672
1775.3,467.53560000000004
1775.4,467.49559999999997
1775.5,467.533
1775.6,467.57405940594055
1775.7,467.5715
1775.8,467.62949999999995
1775.9,467.5804999999999
1776.0,467.553
1776.1,467.6425742574256
1776.2,467.5591999999998
1776.3,467.5904
1776.4,467.6
1776.5,467.5160000000001
1776.6,467.5084
1776.7,467.5520000000001
1776.8,467.5350495049505
1776.9,467.5383
1777.0,467.58979999999997
1777.1,467.5087000000001
1777.2,467.55639999999994
1777.3,467.6115
1777.4,467.59509999999995
1777.5,467.6228712871287
1777.6,467.60540000000003
1777.7,467.58360000000005
1777.8,467.5554
1777.9,467.49259999999987
1778.0,467.562
1778.1,467.59639999999996
1778.2,467.5837623762376
1778.3,467.5719
1778.4,467.5781
1778.5,467.5638
1778.6,467.6491
1778.7,467.6862
1778.8,467.6659405940594
1778.9,467.72400000000005
1779.0,467.70000000000005
1779.1,467.65
1779.2,467.696
1779.3,467.662
1779.4,467.682
1779.5,467.68207920792076
1779.6,467.60100000000017
1779.7,467.6274
1779.8,467.63210000000004
1779.9,467.56679999999994
1780.0,467.629
1780.1,467.68159999999995
1780.2,467.6196821782178
1780.3,467.6702653465347
1780.4,467.68219999999997
1780.5,467.6722
1780.6,467.7167999999999
1780.7,467.68319999999994
1780.8,467.6856
1780.9,467.7368
1781.0,467.64960396039595
1781.1,467.63539999999995
1781.2,467.7170000000001
1781.3,467.6476000000001
1781.4,467.6431
1781.5,467.6577
1781.6,467.6215
1781.7,467.6633663366337
1781.8,467.6876
1781.9,467.6139999999999
1782.0,467.6432000000001
1782.1,467.67519999999996
1782.2,467.5887999999999
1782.3,467.59039999999993
1782.4,467.5247524752474
1782.5,467.4925
1782.6,467.4825
1782.7,467.40499999999986
1782.8,467.3875
1782.9,467.43500000000006
1783.0,467.38324257425745
1783.1,467.3895742574257
1783.2,467.4592
1783.3,467.4356
1783.4,467.4718000000001
1783.5,467.4678
1783.6,467.4452
1783.7,467.4909940594059
1783.8,467.4808267326733
1783.9,467.4773
1784.0,467.5238
1784.1,467.4743000000001
1784.2,467.4427
1784.3,467.50569999999993
1784.4,467.47940594059406
1784.5,467.51039999999995
1784.6,467.57319999999993
1784.7,467.5252
1784.8,467.52160000000003
1784.9,467.5084
1785.0,467.4786138613862
1785.1,467.4913
1785.2,467.43609999999995
1785.3,467.34610000000004
1785.4,467.3555
1785.5,467.33450000000005
1785.6,467.2916
1785.7,467.29405940594063
1785.8,467.223
1785.9,467.2600000000001
1786.0,467.304
1786.1,467.25400000000013
1786.2,467.3
1786.3,467.351
1786.4,467.2906930693068
1786.5,467.3082693069307
1786.6,467.30930000000006
1786.7,467.3138
1786.8,467.3407
1786.9,467.28099999999995
1787.0,467.2224
1787.1,467.2996999999998
1787.2,467.2648514851485
1787.3,467.27079999999995
1787.4,467.3308
1787.5,467.2819999999999
1787.6,467.30439999999993
1787.7,467.33680000000004
1787.8,467.28613861386145
1787.9,467.3404000000001
1788.0,467.3733
1788.1,467.26280000000014
1788.2,467.28370000000007
1788.3,467.2798
1788.4,467.240099009901
1788.5,467.27619999999996
1788.6,467.2934
1788.7,467.28340000000003
1788.8,467.3196
1788.9,467.28059999999994
1789.0,467.30279999999993
1789.1,467.369207920792
1789.2,467.31849999999986
1789.3,467.31899999999996
1789.4,467.34000000000003
1789.5,467.22300000000007
1789.6,467.23149999999987
1789.7,467.2765
1789.8,467.22182178217827
1789.9,467.2349425742575
1790.0,467.2472
1790.1,467.20160000000004
1790.2,467.2376
1790.3,467.21240000000006
1790.4,467.1864
1790.5,467.2470297029703
1790.6,467.16660000000013
1790.7,467.1189
1790.8,467.1363
1790.9,467.11479999999995
1791.0,467.13100099009904
1791.1,467.14376237623765
1791.2,467.09039999999993
1791.3,467.09719999999993
1791.4,467.1572
1791.5,467.149
1791.6,467.209801980198
1791.7,467.2295
1791.8,467.2222
1791.9,467.30320000000006
1792.0,467.29510000000005
1792.1,467.30269999999996
1792.2,467.36660000000006
1792.3,467.3477227722772
1792.4,467.32
1792.5,467.344
1792.6,467.3000000000001
1792.7,467.29
1792.8,467.3218811881188
1792.9,467.28869999999995
1793.0,467.2777
1793.1,467.26640000000003
1793.2,467.25
1793.3,467.2618
1793.4,467.24049999999994
1793.5,467.25504950495053
1793.6,467.3148
1793.7,467.3168
1793.8,467.2710000000001
1793.9,467.25
1794.0,467.2326
1794.1,467.2659405940594
1794.2,467.2772
1794.3,467.27139999999997
1794.4,467.2914
1794.5,467.2886
1794.6,467.27430000000004
1794.7,467.29246138613865
1794.8,467.2709742574258
1794.9,467.2624
1795.0,467.28560000000004
1795.1,467.25080000000014
1795.2,467.24800000000005
1795.3,467.2532
1795.4,467.20704455445536
1795.5,467.1965
1795.6,467.188
1795.7,467.1204999999999
1795.8,467.1295
1795.9,467.1209356435642
1796.0,467.1016910891089
1796.1,467.15239999999994
1796.2,467.11519999999996
1796.3,467.09239999999994
1796.4,467.130693069307
1796.5,467.0763534653465
1796.6,467.03589999999997
1796.7,467.0765
1796.8,467.05230000000006
1796.9,467.05240000000015
1797.0,467.0532673267326
1797.1,466.999295049505
1797.2,467.03200000000004
1797.3,467.0488
1797.4,467.0304
1797.5,467.0919999999999
1797.6,467.1194059405941
1797.7,467.1204
1797.8,467.1604
1797.9,467.14429999999993
1798.0,467.16099999999994
1798.1,467.2355
1798.2,467.1936999999999
1798.3,467.16534653465345
1798.4,467.21000000000004
1798.5,467.185
1798.6,467.17999999999995
1798.7,467.195
1798.8,467.17499999999995
1798.9,467.22480198019815
1799.0,467.2359
1799.1,467.19489999999996
1799.2,467.2441
1799.3,467.21160000000015
1799.4,467.1251
1799.5,467.1445
1799.6,467.13570000000004
1799.7,467.0951
1799.8,467.109405940594
1799.9,467.07239999999996
1800.0,467.0436
1800.1,467.05600000000004
1800.2,466.9771999999999
1800.3,467.01119999999986
1800.4,467.0528752475247
1800.5,466.9900524752475
1800.6,467.00409999999994
1800.7,466.9823999999999
1800.8,466.9259
1800.9,466.9147
1801.0,466.86415841584164
1801.1,466.8092
1801.2,466.83840000000004
1801.3,466.8186
1801.4,466.80680000000007
1801.5,466.8638
1801.6,466.8754
1801.7,466.88366336633663
1801.8,466.87750000000005
1801.9,466.85900000000004
1802.0,466.88800000000003
1802.1,466.8785000000001
1802.2,466.84000000000003
1802.3,466.849
1802.4,466.8194999999999
1802.5,466.78336633663366
1802.6,466.81759999999997
1802.7,466.818
1802.8,466.82519999999994
1802.9,466.87440000000004
1803.0,466.8844
1803.1,466.9339999999999
1803.2,466.99
1803.3,467.00742574257424
1803.4,467.04703069306936
1803.5,467.01840000000004
1803.6,466.9457
1803.7,466.9228
1803.8,466.83550000000014
1803.9,466.7586
1804.0,466.73594059405946
1804.1,466.62280000000004
1804.2,466.55100000000004
1804.3,466.5884
1804.4,466.59999999999997
1804.5,466.6629999999999
1804.6,466.7752
1804.7,466.8515841584159
1804.8,466.9264
1804.9,466.93359999999996
1805.0,466.9059
1805.1,466.8918
1805.2,466.81850000000003
1805.3,466.71770000000004
1805.4,466.69188118811877
1805.5,466.596
1805.6,466.446
1805.7,466.39
1805.8,466.336
1805.9,466.31196039603964
1806.0,466.3220188118812
1806.1,466.3139
1806.2,466.3317
1806.3,466.33050000000003
1806.4,466.2961
1806.5,466.3131683168317
1806.6,466.30820000000006
1806.7,466.27420000000006
1806.8,466.3262
1806.9,466.2819999999999
1807.0,466.2504
1807.1,466.2849504950495
1807.2,466.2563
1807.3,466.2611
1807.4,466.2726
1807.5,466.2637
1807.6,466.2958999999999
1807.7,466.2960396039603
1807.8,466.238
1807.9,466.2772
1808.0,466.2468
1808.1,466.18799999999993
1808.2,466.23080000000004
1808.3,466.2392
1808.4,466.2413861386139
1808.5,466.2835
1808.6,466.27950000000004
1808.7,466.29150000000004
1808.8,466.33600000000007
1808.9,466.303
1809.0,466.3215
1809.1,466.3349504950496
1809.2,466.2534
1809.3,466.26
1809.4,466.2055999999998
1809.5,466.1136
1809.6,466.1536
1809.7,466.1255999999999
1809.8,466.04699801980195
1809.9,466.1032336633664
1810.0,466.07700000000006
1810.1,466.0528999999999
1810.2,466.13009999999997
1810.3,466.11
1810.4,466.1463000000001
1810.5,466.200396039604
1810.6,466.1536
1810.7,466.15920000000006
1810.8,466.16800000000006
1810.9,466.1256000000001
1811.0,466.196
1811.1,466.18881188118826
1811.2,466.131
1811.3,466.2062
1811.4,466.20449999999994
1811.5,466.2041
1811.6,466.2583000000001
1811.7,466.23154653465343
1811.8,466.2980693069307
1811.9,466.30699999999985
1812.0,466.233
1812.1,466.25499999999994
1812.2,466.26
1812.3,466.205
1812.4,466.25205940594066
1812.5,466.2595594059406
1812.6,466.2245
1812.7,466.25710000000004
1812.8,466.2442
1812.9,466.2445
1813.0,466.2684
1813.1,466.2545
1813.2,466.2957425742574
1813.3,466.2764
1813.4,466.1956
1813.5,466.224
1813.6,466.246
1813.7,466.2128
1813.8,466.2144
1813.9,466.1944
1814.0,466.19943366336634
1814.1,466.247589108911
1814.2,466.24
1814.3,466.2589
1814.4,466.36130000000014
1814.5,479.9811000000034
1814.6,533.3517821781219
1814.7,593.3774000000477
1814.8,645.5086000000163
1814.9,699.2680000000557
1815.0,756.1610000000142
1815.1,805.5679999999129
1815.2,866.1518000000467
1815.3,918.2886138614068
1815.4,974.3075000000701
1815.5,1019.5424999999979
1815.6,1017.3274999999966
1815.7,1018.3149999999971
1815.8,1015.7549999999945
1815.9,1020.2600000000041
1816.0,1023.8978217821807
1816.1,1028.2823999999946
1816.2,1032.6531999999993
1816.3,1031.742000000001
1816.4,1030.9260000000004
1816.5,1031.7123999999983
1816.6,1033.4103999999993
1816.7,1032.6801861386095
1816.8,1029.654550495046
1816.9,1030.2263999999877
1817.0,1022.1677999999981
1817.1,1023.367200000003
1817.2,1018.7518999999942
1817.3,1015.1724999999982
1817.4,1016.3515999999956
1817.5,1017.1406999999883
1817.6,1029.8764356435665
1817.7,1028.7391999999993
1817.8,1027.6726000000044
1817.9,1024.7346000000275
1818.0,1043.2049999999956
1818.1,1046.7708000000175
1818.2,1037.4373999999898
1818.3,1053.8566118811939
1818.4,1049.846664356435
1818.5,1048.0988000000013
1818.6,1042.996200000002
1818.7,1041.1569999999997
1818.8,1042.8317999999997
1818.9,1044.0633663366336
1819.0,1042.586
1819.1,1035.8480000000025
1819.2,1032.81
1819.3,1037.2780000000016
1819.4,1033.368
1819.5,1028.54
1819.6,1027.0801980198028
1819.7,1026.0108000000007
1819.8,1029.2338999999995
1819.9,1031.8235000000004
1820.0,1033.4811000000004
1820.1,1035.5757999999992
1820.2,1038.0087999999992
1820.3,1035.417623762376
1820.4,1036.7330000000009
1820.5,1037.7982
1820.6,1035.4052000000033
1820.7,1032.382399999996
1820.8,1023.5997999999995
1820.9,1017.7264000000077
1821.0,1030.4006930693063
1821.1,1023.795100000008
1821.2,1020.190200000002
1821.3,1022.9459000000004
1821.4,1026.6418000000106
1821.5,1034.956799999992
1821.6,1019.9732999999308
1821.7,1054.590495049502
1821.8,1046.9952000000026
1821.9,1045.7464000000014
1822.0,1046.671999999999
1822.1,1044.9175999999984
1822.2,1046.2916000000016
1822.3,1050.117199999987
1822.4,1057.4802970296998
1822.5,1054.5449999999998
1822.6,1053.7745000000052
1822.7,1050.613000000004
1822.8,1054.438500000002
1822.9,1052.5459999999973
1823.0,1050.5985000000003
1823.1,1051.4750495049466
1823.2,1054.4375999999986
1823.3,1052.7456000000045
1823.4,1048.4352
1823.5,1047.6630000000032
1823.6,1044.7933999999989
1823.7,1045.4495999999965
1823.8,1046.0738613861165
1823.9,1069.4648000000154
1824.0,1081.1595999999934
1824.1,1087.2667000000133
1824.2,1072.7343000000235
1824.3,1086.0551000000128
1824.4,1072.3805940594327
1824.5,1089.877600000001
1824.6,1086.8496000000077
1824.7,1078.5871999999965
1824.8,1080.4328000000182
1824.9,1044.1323999999865
1825.0,1036.2136356435653
1825.1,1035.108079207918
1825.2,1040.6566999999993
1825.3,1042.9733000000006
1825.4,1039.4510999999857
1825.5,1032.6149999999993
1825.6,1034.8982999999998
1825.7,1035.213168316832
1825.8,1034.0639999999996
1825.9,1035.519
1826.0,1037.495
1826.1,1034.4120000000016
1826.2,1028.282
1826.3,1030.2009999999989
1826.4,1035.312514851485
1826.5,1036.3615099009892
1826.6,1032.8536
1826.7,1032.1681000000005
1826.8,1033.7514
1826.9,1030.6227000000003
1827.0,1031.6365
1827.1,1033.2380000000003
1827.2,1041.7277069306933
1827.3,1041.7023999999988
1827.4,1038.0060000000026
1827.5,1042.7652
1827.6,1042.6119999999971
1827.7,1044.1972000000003
1827.8,1044.3775247524732
1827.9,1038.0486000000055
1828.0,1045.878100000003
1828.1,1050.0981000000274
1828.2,1034.1559000000002
1828.3,1033.3316999999913
1828.4,1017.1624999999937
1828.5,1010.2164356435771
1828.6,1031.320000000026
1828.7,1013.4215999999994
1828.8,1013.2441999999903
1828.9,1019.1969999999894
1829.0,1007.6073999999907
1829.1,996.1821999999988
1829.2,997.4410000000057
1829.3,1004.4682178217795
1829.4,1006.1573712871245
1829.5,1002.4919999999956
1829.6,998.2135000000031
1829.7,995.4309999999961
1829.8,991.9894999999966
1829.9,994.7674999999986
1830.0,993.8295049505001
1830.1,998.3440000000064
1830.2,991.8956000000056
1830.3,996.2227999999974
1830.4,998.7747524752424
1830.5,994.9368000000018
1830.6,992.7007999999971
1830.7,996.9396000000005
1830.8,997.0196000000052
1830.9,989.941700000019
1831.0,1001.9127722772288
1831.1,1000.4741999999975
1831.2,1005.4340000000033
1831.3,998.3229999999991
1831.4,1000.3811999999957
1831.5,997.9852000000001
1831.6,997.7224752475254
1831.7,996.3820999999996
1831.8,998.5880999999997
1831.9,1000.3294999999898
1832.0,995.3400999999997
1832.1,996.2821000000015
1832.2,990.5103425742583
1832.3,986.540099009901
1832.4,989.79
1832.5,990.77
1832.6,987.35
1832.7,995.5899999999999
1832.8,994.62
1832.9,993.45
1833.0,992.5999009900988
1833.1,993.6988029702949
1833.2,990.7399999999993
1833.3,992.4425000000003
1833.4,995.9745000000008
1833.5,997.6138000000004
1833.6,998.7866336633643
1833.7,1002.6320000000018
1833.8,1002.3669999999997
1833.9,1000.6155999999991
1834.0,998.8061999999991
1834.1,1003.3955999999916
1834.2,1008.3214000000022
1834.3,1004.5390059406002
1834.4,1013.0335821782239
1834.5,1003.318699999993
1834.6,998.9263000000063
1834.7,989.8080999999938
1834.8,992.1004999999959
1834.9,990.0767326732653
1835.0,986.9755999999973
1835.1,990.1043999999957
1835.2,987.6095999999976
1835.3,986.8088000000009
1835.4,975.0413861386
1835.5,987.9104999999855
1835.6,987.5465000000013
1835.7,986.5304999999988
1835.8,993.889999999992
1835.9,1001.8045643564463
1836.0,1001.2084237623772
1836.1,1002.5593999999986
1836.2,1009.3334000000095
1836.3,1007.7390000000016
1836.4,1004.8087999999959
1836.5,1008.0639782178198
1836.6,1020.1495930692982
1836.7,1040.9884999999888
1836.8,1029.7304000000095
1836.9,1022.7063999999896
1837.0,1021.9245000000002
1837.1,1020.532900000001
1837.2,1015.5590099009917
1837.3,1025.6831999999947
1837.4,1035.8920000000185
1837.5,1031.6124000000013
1837.6,1009.6696000000106
1837.7,993.4940000000042
1837.8,1000.6219999999977
1837.9,1003.2417821782178
1838.0,1003.4473
1838.1,1004.3963999999999
1838.2,1012.9347999999998
1838.3,1009.3656000000012
1838.4,1010.4042
1838.5,1007.0271287128713
1838.6,1008.278
1838.7,1003.2579999999988
1838.8,1000.0699999999999
1838.9,999.6989999999998
1839.0,992.697
1839.1,990.8399999999999
1839.2,990.4348514851484
1839.3,992.1889000000003
1839.4,984.4711999999956
1839.5,989.5509000000015
1839.6,993.4011653465292
1839.7,994.7963960396045
1839.8,986.9659999999959
1839.9,993.5712000000065
1840.0,994.8840000000001
1840.1,989.8424000000089
1840.2,998.8125742574329
1840.3,998.9785000000019
1840.4,999.1815000000003
1840.5,1001.989200000002
1840.6,1000.7035000000025
1840.7,997.883499999998
1840.8,1002.073960396034
1840.9,1003.704400000001
1841.0,1007.0750000000033
1841.1,1004.8136000000034
1841.2,1003.1301999999987
1841.3,1005.7593999999965
1841.4,1001.6533999999951
1841.5,1000.1692079207928
1841.6,998.7565000000018
1841.7,1001.4370000000038
1841.8,993.2120000000082
1841.9,996.149500000006
1842.0,998.2914999999988
1842.1,997.4080000000015
1842.2,993.4986138613804
1842.3,997.1259999999972
1842.4,994.8083999999949
1842.5,991.0684000000019
1842.6,994.8043999999953
1842.7,998.024000000004
1842.8,996.3884000000014
1842.9,998.568217821787
1843.0,1000.8661999999995
1843.1,992.4569000000072
1843.2,967.2789000000083
1843.3,967.3122999999961
1843.4,979.1730000000208
1843.5,974.2751485148523
1843.6,962.7588000000055
1843.7,970.1311999999995
1843.8,978.7571999999964
1843.9,958.9683999999529
1844.0,974.5885999999988
1844.1,983.8287999999974
1844.2,992.7304851485163
1844.3,995.3518059405937
1844.4,993.6607999999995
1844.5,992.3452000000003
1844.6,991.8322000000002
1844.7,995.891000000001
1844.8,994.8952287128714
1844.9,996.9300198019816
1845.0,995.1600000000001
1845.1,996.8879999999999
1845.2,996.8779999999996
1845.3,994.202
1845.4,995.5940000000012
1845.5,994.286138613861
1845.6,994.6789999999983
1845.7,997.2010000000007
1845.8,997.6361999999999
1845.9,997.4643039603959
1846.0,997.9136435643567
1846.1,999.9453999999968
1846.2,1000.3629999999998
1846.3,999.2457999999993
1846.4,1001.0148000000027
1846.5,1006.2956000000028
1846.6,1006.3459742574275
1846.7,1006.3935455445549
1846.8,1009.0763999999965
1846.9,1006.8831999999974
1847.0,1003.9055999999982
1847.1,1001.5475000000024
1847.2,1000.2753999999994
1847.3,999.5803000000005
1847.4,997.8845999999985
1847.5,996.6191999999993
1847.6,998.7281188118785
1847.7,992.1107999999913
1847.8,988.3840000000016
1847.9,987.4383999999994
1848.0,987.2191999999999
1848.1,992.3755999999944
1848.2,994.7168000000008
1848.3,994.563762376238
1848.4,995.1675000000009
1848.5,996.3999999999993
1848.6,996.2275000000008
1848.7,996.6000000000008
1848.8,1000.777499999997
1848.9,1004.8850000000042
1849.0,1002.6986138613877
1849.1,1002.8113999999986
1849.2,1001.5872000000007
1849.3,1001.3873999999996
1849.4,1001.1203999999992
1849.5,1004.4653999999985
1849.6,1006.9715188118794
1849.7,1013.5167188118771
1849.8,1012.7841000000026
1849.9,1011.8157000000001
1850.0,1010.7961000000001
1850.1,1016.1623999999947
1850.2,1018.0272
1850.3,1010.9770752475312
1850.4,1017.8091366336648
1850.5,1018.266400000002
1850.6,1013.908000000002
1850.7,1000.6659999999969
1850.8,997.3219999999991
1850.9,998.5816000000001
1851.0,1000.861334653464
1851.1,992.8475405940629
1851.2,993.4564000000025
1851.3,995.5618
1851.4,994.9915999999996
1851.5,996.1028999999996
1851.6,995.4375000000005
1851.7,997.3608712871301
1851.8,999.7402178217822
1851.9,1004.0470000000037
1852.0,1003.379
1852.1,1003.6489999999972
1852.2,1004.6
1852.3,1004.85
1852.4,1001.862999999997
1852.5,1002.2749504950498
1852.6,1005.3345999999955
1852.7,1003.9411999999992
1852.8,1000.000299999999
1852.9,996.7120999999972
1853.0,996.4655000000002
1853.1,991.4694079208023
1853.2,994.5960514851515
1853.3,1000.2303999999951
1853.4,1000.299599999999
1853.5,998.1947999999991
1853.6,996.9728000000008
1853.7,995.7203999999994
1853.8,993.7876633663391
1853.9,996.8772910891122
1854.0,997.2426999999985
1854.1,998.4294999999976
1854.2,1000.3214000000008
1854.3,999.3227000000018
1854.4,999.1628000000005
1854.5,999.9905940594053
1854.6,1001.9529999999966
1854.7,1003.3348000000007
1854.8,1002.471400000001
1854.9,1002.8338000000012
1855.0,1001.8812000000013
1855.1,997.9258000000067
1855.2,992.2250495049441
1855.3,988.1820000000012
1855.4,986.3994999999986
1855.5,977.1500000000046
1855.6,975.8674999999939
1855.7,974.7480693069238
1855.8,981.3207524752461
1855.9,981.0143999999897
1856.0,982.3319999999994
1856.1,994.6287999999857
1856.2,994.0556000000009
1856.3,999.021497029691
1856.4,1009.6427405940733
1856.5,1024.9218000000028
1856.6,1029.9470000000022
1856.7,1033.279300000001
1856.8,1040.7861999999948
1856.9,1041.0925742574245
1857.0,1040.4985999999994
1857.1,1043.2809999999986
1857.2,1045.4298000000006
1857.3,1044.7358000000008
1857.4,1038.6717999999964
1857.5,1036.695247524752
1857.6,1030.3791000000026
1857.7,1027.0949000000014
1857.8,1025.720100000001
1857.9,1020.5745999999959
1858.0,1022.5170999999983
1858.1,1024.9517821782185
1858.2,1025.414
1858.3,1024.304
1858.4,1026.3860000000047
1858.5,1029.844
1858.6,1031.4559999999983
1858.7,1037.494
1858.8,1039.415940594059
1858.9,1039.6237000000028
1859.0,1040.6259
1859.1,1041.0016999999993
1859.2,1039.8262999999995
1859.3,1042.3228000000015
1859.4,1045.5619801980215
1859.5,1049.3358000000023
1859.6,1050.6640000000014
1859.7,1047.328399999998
1859.8,1044.8384000000008
1859.9,1043.128199999999
1860.0,1042.533069306931
1860.1,1038.2770000000048
1860.2,1035.7464000000011
1860.3,1034.4278000000022
1860.4,1036.1947000000039
1860.5,1037.897599999999
1860.6,1035.2513623762393
1860.7,1033.2793108910885
1860.8,1032.7380000000003
1860.9,1032.7136000000003
1861.0,1031.7580000000007
1861.1,1031.4207999999987
1861.2,1031.6858415841582
1861.3,1031.306
1861.4,1031.0129999999997
1861.5,1035.569999999999
1861.6,1058.2950495049154
1861.7,1070.9593999999993
1861.8,1075.7181999999875
1861.9,1073.9475999999795
1862.0,1079.2834000000032
1862.1,1088.1154000000026
1862.2,1085.3575999999996
1862.3,1094.274257425728
1862.4,1088.9884999999576
1862.5,1085.3239000000065
1862.6,1070.2281000000296
1862.7,1049.2792999999995
1862.8,1048.9266999999998
1862.9,1049.7918633663373
1863.0,1051.5068673267317
1863.1,1051.8336000000006
1863.2,1050.6539999999993
1863.3,1052.6615999999979
1863.4,1056.3684000000017
1863.5,1054.7224000000026
1863.6,1052.009702970297
1863.7,1054.0451000000035
1863.8,1056.4281999999998
1863.9,1057.5338000000013
1864.0,1057.4807000000003
1864.1,1057.3205999999998
1864.2,1055.6485148514807
1864.3,1052.845
1864.4,1050.0549999999953
1864.5,1050.595
1864.6,1053.4899999999996
1864.7,1049.0049999999999
1864.8,1035.3550000000002
1864.9,1028.269958111202
1865.0,1026.642986407768
1865.1,1024.9773999999923
1865.2,1023.2383999999904
1865.3,1016.3250000000004
1865.4,1018.2164000000066
1865.5,1015.9470000000018
1865.6,1014.4811999999827
1865.7,1014.3999009900994
1865.8,1015.2204999999769
1865.9,1025.2504999999971
1866.0,1022.6909999999998
1866.1,1022.856499999996
1866.2,1024.514
1866.3,1025.1513861386115
1866.4,1027.712400000004
1866.5,1030.9012000000014
1866.6,1032.9116
1866.7,1032.1143999999993
1866.8,1030.4324000000013
1866.9,1027.6319801980176
1867.0,1025.9934999999982
1867.1,1031.0148999999942
1867.2,1032.6981999999955
1867.3,1027.0894000000023
1867.4,1025.5356000000006
1867.5,1027.4394059405922
1867.6,1029.3546
1867.7,1028.6319999999982
1867.8,1031.9753465346496
1867.9,1038.5439000000008
1868.0,1036.9682000000012
1868.1,1035.7714851485102
1868.2,1039.632
1868.3,1040.1840000000002
1868.4,1037.6799999999987
1868.5,1037.61
1868.6,1039.1718811881171
1868.7,1038.420999999999
1868.8,1034.678200000001
1868.9,1036.6891000000016
1869.0,1036.282699999997
1869.1,1033.959207920784
1869.2,1033.6413999999888
1869.3,1016.1102000000026
1869.4,1016.1170000000047
1869.5,1016.3109999999928
1869.6,1006.2954000000001
1869.7,1003.6553999999969
1869.8,1000.9760396039592
1869.9,998.6095999999912
1870.0,989.0219085470081
1870.1,987.8895384615348
1870.2,995.2500000000001
1870.3,999.0979999999988
1870.4,1001.2337623762377
1870.5,1001.3775
1870.6,1001.1753000000004
1870.7,998.6557999999991
1870.8,996.3814999999988
1870.9,1001.1903
1871.0,1000.3010891089119
1871.1,995.364399999998
1871.2,996.997000000002
1871.3,998.9023999999996
1871.4,992.7064000000015
1871.5,997.4608000000004
1871.6,1005.683366336638
1871.7,1003.899006930694
1871.8,1004.7462999999996
1871.9,1004.0169000000024
1872.0,1006.3169999999989
1872.1,1001.8339000000117
1872.2,995.8913861386142
1872.3,996.8059999999981
1872.4,996.869599999994
1872.5,991.4020000000005
1872.6,992.0608000000011
1872.7,990.7171999999979
1872.8,986.7640000000063
1872.9,983.2485148514871
1873.0,985.2710000000009
1873.1,985.4240000000062
1873.2,982.0165000000065
1873.3,989.7034999999939
1873.4,993.8864999999977
1873.5,991.591683168314
1873.6,989.7721999999926
1873.7,996.5251999999975
1873.8,994.2822000000016
1873.9,993.282200000004
1874.0,997.0317999999965
1874.1,1000.4722772277221
1874.2,1001.0204999999985
1874.3,999.8146000000011
1874.4,998.8209000000038
1874.5,1001.3232000000002
1874.6,1001.5052999999974
1874.7,1004.3610999999954
1874.8,1001.4726693069299
1874.9,1003.3245742574337
1875.0,1007.6596000000006
1875.1,1006.1490222222235
1875.2,1004.210514124811
1875.3,1007.4376000000001
1875.4,1007.3029999999972
1875.5,1005.5292999999983
1875.6,1007.7933999999995
1875.7,1008.6703000000061
1875.8,1012.4529000000024
1875.9,1008.9833999999996
1876.0,1008.7771524752474
1876.1,1008.9772811881196
1876.2,1007.628400000001
1876.3,1005.548400000001
1876.4,1003.488199999998
1876.5,1002.4118000000002
1876.6,1001.9730000000009
1876.7,1000.1102970297042
1876.8,997.6517999999999
1876.9,997.8217999999983
1877.0,997.0238999999997
1877.1,998.361600000001
1877.2,994.5891089108904
1877.3,997.5
1877.4,994.98
1877.5,997.78
1877.6,964.23
1877.7,955.76
1877.8,967.22
1877.9,969.1971287128595
1878.0,962.7155871287113
1878.1,976.2228999999722
1878.2,979.2706000000006
1878.3,981.3493000000004
1878.4,968.3415999999966
1878.5,980.8919000000029
1878.6,1008.8785999999432
1878.7,1011.6399009901002
1878.8,1011.1411999999997
1878.9,1008.1115999999985
1879.0,1007.3247999999996
1879.1,1007.0846000000004
1879.2,1013.1070000000028
1879.3,1011.4446534653493
1879.4,1011.5161
1879.5,1009.0076999999982
1879.6,1007.4168000000024
1879.7,1005.6918999999989
1879.8,1002.778019801984
1879.9,1004.3688000000016
1880.0,998.4207999999943
1880.1,996.7396000000019
1880.2,992.0335999999957
1880.3,987.5027891891933
1880.4,988.766094594597
1880.5,989.056
1880.6,988.7610000000004
1880.7,985.2844999999953
1880.8,996.0333910891011
1880.9,999.8834732673295
1881.0,999.9496000000001
1881.1,1002.1679999999976
1881.2,1009.2864000000109
1881.3,1007.8300000000017
1881.4,1009.6200000000036
1881.5,1010.8750495049502
1881.6,1008.8654000000018
1881.7,1006.7185000000006
1881.8,1009.4741999999975
1881.9,1009.4293999999986
1882.0,1011.7135999999991
1882.1,1012.6083999999996
1882.2,1011.8189108910892
1882.3,1009.891600000001
1882.4,1011.6912000000049
1882.5,1015.5401999999999
1882.6,1016.8457999999996
1882.7,1014.8103960396036
1882.8,1015.0065999999998
1882.9,1013.0315999999996
1883.0,1005.6288000000019
1883.1,1000.194900000001
1883.2,996.9347999999994
1883.3,995.5133000000003
1883.4,991.853465346533
1883.5,988.72
1883.6,986.27
1883.7,984.3679999999991
1883.8,983.586
1883.9,989.5040000000034
1884.0,989.9170099009898
1884.1,964.6784782178709
1884.2,965.4813000000022
1884.3,979.0356000000033
1884.4,975.7662999999943
1884.5,960.5709999999962
1884.6,972.6377999999688
1884.7,973.474099999999
1884.8,966.8488118811852
1884.9,981.2322000000196
1885.0,994.320000000005
1885.1,1002.7693999999898
1885.2,1004.1033999999997
1885.3,1001.2899247524792
1885.4,998.849649504949
1885.5,996.7121999999986
1885.6,1001.0401999999933
1885.7,1002.7880000000002
1885.8,1000.5315000000033
1885.9,1000.2689000000004
1886.0,1001.5088000000009
1886.1,1001.3368316831688
1886.2,1001.4536000000003
1886.3,1000.8712000000007
1886.4,1004.2016000000042
1886.5,1005.6848000000005
1886.6,1004.0216000000019
1886.7,1005.7552000000028
1886.8,1003.6356435643588
1886.9,999.3099999999948
1887.0,997.7375000000004
1887.1,997.4475000000002
1887.2,995.397499999997
1887.3,996.4399999999988
1887.4,999.590000000004
1887.5,998.7420792079216
1887.6,994.020800000005
1887.7,992.8216
1887.8,992.5178000000005
1887.9,993.445600000002
1888.0,998.126799999998
1888.1,996.8926950495078
1888.2,996.1603673267327
1888.3,994.9387000000013
1888.4,994.0338999999991
1888.5,992.8361000000001
1888.6,993.7420999999989
1888.7,996.063069306931
1888.8,998.0227999999992
1888.9,996.1195999999993
1889.0,993.562800000001
1889.1,994.1611999999992
1889.2,992.2495999999994
1889.3,992.2415999999994
1889.4,997.7255445544581
1889.5,998.9309000000003
1889.6,995.5838000000009
1889.7,1001.9286000000045
1889.8,1004.5017000000001
1889.9,1006.8957000000016
1890.0,1006.1744554455447
1890.1,1008.4161485148446
1890.2,1007.7819999999999
1890.3,1006.358
1890.4,1003.7269999999976
1890.5,1000.9110000000001
1890.6,1006.4329999999857
1890.7,1005.693
1890.8,1008.2952475247533
1890.9,1004.952599999993
1891.0,1004.8756000000008
1891.1,1009.1022999999936
1891.2,1008.7559999999994
1891.3,1013.4838000000018
1891.4,1016.3730693069313
1891.5,1017.5256000000005
1891.6,1004.937600000021
1891.7,1001.1188000000014
1891.8,1007.6295999999913
1891.9,1010.2616
1892.0,1009.0079999999991
1892.1,1007.7805940594068
1892.2,1006.8702999999994
1892.3,1005.6052000000011
1892.4,1002.6375999999974
1892.5,1003.7885000000024
1892.6,1002.1929000000035
1892.7,997.2677227722728
1892.8,999.0173999999968
1892.9,995.6491999999928
1893.0,993.2867999999996
1893.1,993.4895999999999
1893.2,995.734200000003
1893.3,995.2762000000015
1893.4,996.0509900990124
1893.5,999.4479999999987
1893.6,998.9740000000033
1893.7,995.6074999999958
1893.8,997.2549999999985
1893.9,1000.3315000000026
1894.0,1002.1799999999994
1894.1,1006.9714999999925
1894.2,1008.5292079207923
1894.3,1010.1971999999971
1894.4,1006.7519999999902
1894.5,1004.6079999999998
1894.6,1003.5544000000018
1894.7,1002.0712000000001
1894.8,1001.0804000000009
1894.9,999.3849504950463
1895.0,995.4651999999993
1895.1,988.123800000006
1895.2,985.7279000000002
1895.3,984.0465000000023
1895.4,981.4784999999968
1895.5,984.5452851485159
1895.6,990.0893267326703
1895.7,992.6690000000003
1895.8,993.5011999999996
1895.9,996.3382000000016
1896.0,994.8736633663382
1896.1,994.8792999999993
1896.2,997.002800000001
1896.3,999.5502999999992
1896.4,983.1138999999808
1896.5,935.5477000000135
1896.6,882.9619000000109
1896.7,835.0141999999685
1896.8,780.6315841584212
1896.9,726.7399999999539
1897.0,682.344
1897.1,635.6440000000697
1897.2,578.356
1897.3,526.21
1897.4,489.05302970294133
1897.5,473.9038920792071
1897.6,471.9507000000003
1897.7,471.59219999999993
1897.8,471.1131999999999
1897.9,470.7583999999997
1898.0,470.5242999999999
1898.1,470.2489108910894
1898.2,470.06199999999995
1898.3,469.88660000000016
1898.4,469.6565999999999
1898.5,469.56
1898.6,469.4266000000002
1898.7,469.26619999999997
1898.8,469.1970297029703
1898.9,469.1115999999999
1899.0,469.02009999999996
1899.1,468.9216000000001
1899.2,468.75599999999986
1899.3,468.60730000000007
1899.4,468.57710000000003
1899.5,468.4987999999999
1899.6,468.4412871287129
1899.7,468.42199999999997
1899.8,468.30480000000006
1899.9,468.2412
1900.0,468.18840000000006
1900.1,468.14
1900.2,468.1456
1900.3,468.10564356435646
1900.4,468.05899999999997
1900.5,468.04449999999997
1900.6,468.0015000000001
1900.7,467.9920000000001
1900.8,468.01
1900.9,467.9609900990098
1901.0,467.9308
1901.1,467.94
1901.2,467.8698
1901.3,467.84779999999995
1901.4,467.85299999999995
1901.5,467.7765346534653
1901.6,467.73
1901.7,467.7088
1901.8,467.6847
1901.9,467.7118000000001
1902.0,467.7029
1902.1,467.6647
1902.2,467.68099009900993
1902.3,467.6532
1902.4,467.6464
1902.5,467.6956
1902.6,467.64760000000007
1902.7,467.64200000000005
1902.8,467.67970297029706
1902.9,467.5781999999998
1903.0,467.53589999999997
1903.1,467.5494
1903.2,467.48429999999996
1903.3,467.4908
1903.4,467.4789999999999
1903.5,467.399702970297
1903.6,467.4149999999999
1903.7,467.425
1903.8,467.375
1903.9,467.3950000000001
1904.0,467.38
1904.1,467.359801980198
1904.2,467.4094485148515
1904.3,467.37610000000006
1904.4,467.3396
1904.5,467.3845
1904.6,467.3463000000001
1904.7,467.3339
1904.8,467.360794059406
1904.9,467.320502970297
1905.0,467.3292
1905.1,467.326
1905.2,467.27599999999995
1905.3,467.2836
1905.4,467.31039999999996
1905.5,467.2664
1905.6,467.26801980198013
1905.7,467.26769999999993
1905.8,467.2623
1905.9,467.2818
1906.0,467.20770000000005
1906.1,467.1647
1906.2,467.1559
1906.3,467.10277227722776
1906.4,467.0692
1906.5,467.08
1906.6,467.06620000000004
1906.7,467.07300000000004
1906.8,467.05400000000003
1906.9,467.00910891089114
1907.0,467.047
1907.1,467.0395000000001
1907.2,467.026
1907.3,467.0969999999999
1907.4,467.06249999999983
1907.5,467.0067326732673
1907.6,467.0444
1907.7,467.0236
1907.8,467.01199999999994
1907.9,467.0091999999999
1908.0,466.97
1908.1,466.9961386138613
1908.2,466.99978712871285
1908.3,466.9729
1908.4,467.02440000000007
1908.5,467.0227000000001
1908.6,466.9858
1908.7,467.0242574257426
1908.8,466.97960000000006
1908.9,466.92680000000007
1909.0,466.9542
1909.1,466.90960000000007
1909.2,466.8568
1909.3,466.85504950495056
1909.4,466.76259999999985
1909.5,466.721
1909.6,466.75540000000007
1909.7,466.71590000000003
1909.8,466.7264
1909.9,466.7011653465345
1910.0,466.6301188118812
1910.1,466.634
1910.2,466.584
1910.3,466.54
1910.4,466.6160000000001
1910.5,466.568
1910.6,466.4916831683168
1910.7,466.5244
1910.8,466.46880000000004
1910.9,466.4629
1911.0,466.5261
1911.1,466.5122
1911.2,466.56969801980205
1911.3,466.65340000000003
1911.4,466.6138
1911.5,466.64660000000003
1911.6,466.6634
1911.7,466.63520000000005
1911.8,466.6676
1911.9,466.6347386138613
1912.0,466.6045247524752
1912.1,466.69109999999995
1912.2,466.67299999999994
1912.3,466.63219999999995
1912.4,466.68850000000003
1912.5,466.69780000000003
1912.6,466.6821999999999
1912.7,466.7273267326733
1912.8,466.7436
1912.9,466.7932000000001
1913.0,466.8304
1913.1,466.75280000000004
1913.2,466.76160000000004
1913.3,466.7676
1913.4,466.70632871287125
1913.5,466.7034356435644
1913.6,466.6750000000001
1913.7,466.624
1913.8,466.6465
1913.9,466.6084999999999
1914.0,466.5675
1914.1,466.6139999999999
1914.2,466.64
1914.3,466.6604
1914.4,466.6932
1914.5,466.66639999999995
1914.6,466.6807999999999
1914.7,466.73959999999994
1914.8,466.7034
1914.9,466.72683168316837
1915.0,466.7468
1915.1,466.7430999999999
1915.2,466.7933
1915.3,466.7934
1915.4,466.7866
1915.5,466.8033
1915.6,466.793696039604
1915.7,466.76293069306934
1915.8,466.77
1915.9,466.77320000000003
1916.0,466.7928
1916.1,466.77200000000005
1916.2,466.67
1916.3,466.686
1916.4,466.68831683168304
1916.5,466.6386
1916.6,466.6954999999999
1916.7,466.73
1916.8,466.75169999999997
1916.9,466.7813999999999
1917.0,466.74
1917.1,466.77069306930684
1917.2,466.819
1917.3,466.764
1917.4,466.76800000000014
1917.5,466.789
1917.6,466.728
1917.7,466.7
1917.8,466.6623000000001
1917.9,466.5932
1918.0,466.6442
1918.1,466.58650000000006
1918.2,466.52930000000003
1918.3,466.6615712871287
1918.4,466.66185742574254
1918.5,466.6152
1918.6,466.68
1918.7,466.6688
1918.8,466.6596
1918.9,466.69599999999997
1919.0,466.64613861386135
1919.1,466.6288999999999
1919.2,466.63139999999987
1919.3,466.5027
1919.4,466.5316
1919.5,466.5495
1919.6,466.4640594059405
1919.7,466.5534000000001
1919.8,466.5836
1919.9,466.5060000000001
1920.0,466.5878
1920.1,466.5970000000001
1920.2,466.58080000000007
1920.3,466.62455445544555
1920.4,466.56999999999994
1920.5,466.55500000000006
1920.6,466.58500000000004
1920.7,466.53499999999997
1920.8,466.5424999999999
1920.9,466.60014851485147
1921.0,466.5508000000001
1921.1,466.4852
1921.2,466.4363999999999
1921.3,466.3324
1921.4,466.3448
1921.5,466.32160000000016
1921.6,466.2048
1921.7,466.1962376237623
1921.8,466.1016000000001
1921.9,466.0169999999999
1922.0,465.9377
1922.1,465.9323
1922.2,465.9538000000001
1922.3,465.97725049504953
1922.4,465.91100000000006
1922.5,465.95439999999996
1922.6,465.9612000000001
1922.7,465.94100000000003
1922.8,465.9822
1922.9,465.98339999999996
1923.0,465.98178217821777
1923.1,466.05984356435647
1923.2,466.0579
1923.3,466.0542
1923.4,466.0573999999999
1923.5,466.0121
1923.6,466.0157584158416
1923.7,465.98592079207924
1923.8,465.94399999999996
1923.9,466.0
1924.0,465.98
1924.1,465.9138613861386
1924.2,465.9681
1924.3,465.9429
1924.4,465.88710000000003
1924.5,465.9581
1924.6,465.94059405940595
1924.7,465.91800000000006
1924.8,465.98019999999997
1924.9,465.9026
1925.0,465.9636
1925.1,465.9496851485152
1925.2,465.8253000000001
1925.3,465.91360000000003
1925.4,465.9595999999999
1925.5,465.8668
1925.6,465.8898000000001
1925.7,465.81980198019795
1925.8,465.71360000000004
1925.9,465.6655999999999
1926.0,465.58039999999994
1926.1,465.52840000000003
1926.2,465.5104
1926.3,465.4377900990101
1926.4,465.32891584158426
1926.5,465.3559999999999
1926.6,465.2409999999998
1926.7,465.363
1926.8,465.3680000000001
1926.9,465.3150000000001
1927.0,465.4
1927.1,465.3941039603961
1927.2,465.3601702970297
1927.3,465.3656
1927.4,465.38599999999985
1927.5,465.30979999999994
1927.6,465.36160000000007
1927.7,465.30161386138604
1927.8,465.26031386138607
1927.9,465.3156999999999
1928.0,465.2381999999999
1928.1,465.3678
1928.2,465.4095999999999
1928.3,465.3620999999999
1928.4,465.51520000000005
1928.5,465.54616435643567
1928.6,465.53208712871276
1928.7,465.62239999999997
1928.8,465.63160000000005
1928.9,465.58320000000015
1929.0,465.67400000000004
1929.1,465.62640000000005
1929.2,465.6156
1929.3,465.7193069306931
1929.4,465.6444000000001
1929.5,465.6866
1929.6,465.7279000000001
1929.7,465.6399
1929.8,465.7276237623762
1929.9,465.777
1930.0,465.672
1930.1,465.78499999999997
1930.2,465.818
1930.3,465.716
1930.4,465.7709900990099
1930.5,465.77549999999997
1930.6,465.7354
1930.7,465.7846
1930.8,465.7291
1930.9,465.72720000000004
1931.0,465.78919999999994
1931.1,465.6862376237624
1931.2,465.7556
1931.3,465.8112
1931.4,465.7108
1931.5,465.72
1931.6,465.7144000000001
1931.7,465.65475247524756
1931.8,465.7114
1931.9,465.72369999999995
1932.0,465.64700000000005
1932.1,465.7344000000001
1932.2,465.6614
1932.3,465.68350000000004
1932.4,465.7272346534653
1932.5,465.69360000000006
1932.6,465.7541999999999
1932.7,465.8127999999999
1932.8,465.70599999999985
1932.9,465.80120000000005
1933.0,465.8188
1933.1,465.80415841584147
1933.2,465.8685
1933.3,465.83850000000007
1933.4,465.80899999999997
1933.5,465.7874999999999
1933.6,465.7370000000001
1933.7,465.67949999999996
1933.8,465.6650495049506
1933.9,465.5704
1934.0,465.57840000000004
1934.1,465.5368000000001
1934.2,465.4632000000001
1934.3,465.53920000000005
1934.4,465.5179999999999
1934.5,465.4775247524751
1934.6,465.66129603960394
1934.7,465.70270000000016
1934.8,465.79179999999997
1934.9,465.8481999999999
1935.0,465.78970000000004
1935.1,465.7791089108911
1935.2,465.74700000000007
1935.3,465.5998
1935.4,465.58939999999996
1935.5,465.55640000000005
1935.6,465.37860000000006
1935.7,465.3074000000001
1935.8,465.17722772277233
1935.9,465.04100000000017
1936.0,465.1394
1936.1,465.0797
1936.2,465.0507
1936.3,465.1191
1936.4,465.0305000000001
1936.5,465.0803
1936.6,465.1095049504951
1936.7,465.06
1936.8,465.17
1936.9,465.2
1937.0,465.08
1937.1,465.13
1937.2,465.15
1937.3,465.03
1937.4,465.1290099009901
1937.5,465.0508
1937.6,465.0005000000001
1937.7,465.0792
1937.8,465.0107
1937.9,465.0397
1938.0,465.11920000000003
1938.1,465.0309000000002
1938.2,465.03980198019804
1938.3,465.1478000000001
1938.4,465.0127999999999
1938.5,465.08840000000004
1938.6,465.1193999999999
1938.7,465.01219999999995
1938.8,465.0585148514851
1938.9,465.01149999999996
1939.0,464.9420999999999
1939.1,465.0078999999999
1939.2,465.0294
1939.3,465.0397
1939.4,465.13700000000006
1939.5,465.0623999999999
1939.6,465.10801980198016
1939.7,465.18680000000006
1939.8,465.10360000000014
1939.9,465.1672000000001
1940.0,465.20840000000004
1940.1,465.10440000000017
1940.2,465.15760000000006
1940.3,465.16
1940.4,465.15999999999997
1940.5,465.2075
1940.6,465.1245000000001
1940.7,465.139
1940.8,465.1588118811881
1940.9,465.0753999999999
1941.0,465.12639999999993
1941.1,465.16759999999994
1941.2,465.0665999999998
1941.3,465.09722772277223
1941.4,465.0348999999999
1941.5,464.98350000000005
1941.6,465.02649999999994
1941.7,465.0207920792079
1941.8,464.9924
1941.9,465.0268000000001
1942.0,464.9656
1942.1,464.9692
1942.2,465.01599999999996
1942.3,464.9562376237624
1942.4,464.9591
1942.5,464.9418
1942.6,464.8672
1942.7,464.8054
1942.8,464.79089999999997
1942.9,464.7359405940594
1943.0,464.74798019801983
1943.1,464.678
1943.2,464.625
1943.3,464.62899999999996
1943.4,464.558
1943.5,464.568
1943.6,464.63237623762365
1943.7,464.59549999999996
1943.8,464.67900000000003
1943.9,464.66329999999994
1944.0,464.62440000000004
1944.1,464.70899999999983
1944.2,464.7111
1944.3,464.64831683168313
1944.4,464.7368000000001
1944.5,464.7324
1944.6,464.73879999999997
1944.7,464.82800000000003
1944.8,464.79599999999994
1944.9,464.85099009900995
1945.0,464.9383
1945.1,464.85430000000014
1945.2,464.95310000000006
1945.3,464.9787
1945.4,464.8929999999999
1945.5,464.95830000000007
1945.6,464.9266722772278
1945.7,464.85121386138604
1945.8,464.9001999999999
1945.9,464.89279999999997
1946.0,464.8556
1946.1,464.9187999999999
1946.2,464.86171089108905
1946.3,464.8670148514851
1946.4,464.9465000000001
1946.5,464.89200000000005
1946.6,464.94799999999987
1946.7,464.97700000000003
1946.8,464.88650000000007
1946.9,481.86293069309215
1947.0,536.0874653464994
1947.1,587.3603999999549
1947.2,651.6036000000914
1947.3,702.6331999999738
1947.4,759.7524000000803
1947.5,816.0925663366033
1947.6,864.9504722771936
1947.7,923.7097999999819
1947.8,972.9671999999681
1947.9,1017.6492000000704
1948.0,1018.9948000000022
1948.1,1019.9792999999981
1948.2,1014.928800000002
1948.3,1011.7044554455459
1948.4,1015.300800000009
1948.5,1013.8038000000001
1948.6,1020.4795999999959
1948.7,1024.2658
1948.8,1024.4302000000002
1948.9,1025.6310000000028
1949.0,1020.6084158415831
1949.1,1023.5271999999989
1949.2,1028.428500000001
1949.3,1032.0553999999993
1949.4,1033.4595000000002
1949.5,1029.3065000000013
1949.6,1032.6396999999988
1949.7,1030.5064534653459
1949.8,1028.2430891089118
1949.9,1014.5099999999924
1950.0,1031.024
1950.1,1035.854
1950.2,1026.875999999995
1950.3,1031.88
1950.4,1031.9315841584144
1950.5,1031.4305
1950.6,1016.3784000000298
1950.7,1021.5361000000025
1950.8,1028.4572000000012
1950.9,1032.3123000000023
1951.0,1030.7605999999994
1951.1,1029.7689108910897
1951.2,1032.3588000000016
1951.3,1036.0528000000015
1951.4,1040.6786000000047
1951.5,1043.2320000000009
1951.6,1046.5281999999952
1951.7,1048.1746000000005
1951.8,1048.4463742574253
1951.9,1046.9273811881174
1952.0,1046.7780000000002
1952.1,1046.4311000000005
1952.2,1040.3093999999946
1952.3,1037.080100000002
1952.4,1037.8088118811893
1952.5,1033.176799999994
1952.6,1032.4131999999993
1952.7,1031.4463999999987
1952.8,1029.4184000000018
1952.9,1027.6839999999986
1953.0,1048.9614297029286
1953.1,1068.254999999955
1953.2,1081.4000000000135
1953.3,1077.730000000005
1953.4,1088.005000000019
1953.5,1080.357500000009
1953.6,1079.8474999999949
1953.7,1085.7900000000072
1953.8,1088.927574257425
1953.9,1097.5921623762526
1954.0,1060.1274000000174
1954.1,1046.4187999999995
1954.2,1045.8400000000001
1954.3,1044.4774000000014
1954.4,1047.188255445551
1954.5,1048.5825326732672
1954.6,1051.804399999997
1954.7,1053.6462000000001
1954.8,1050.8486000000028
1954.9,1050.8150000000023
1955.0,1053.5413999999998
1955.1,1051.0785000000033
1955.2,1043.561881188118
1955.3,1041.0276000000001
1955.4,1035.9111999999986
1955.5,1036.0711999999987
1955.6,1035.0640000000012
1955.7,1034.9692000000002
1955.8,1033.335718811882
1955.9,1029.9672861386123
1956.0,1031.3281999999992
1956.1,1029.309600000001
1956.2,1017.2098999999935
1956.3,1011.4068000000004
1956.4,1016.6081000000036
1956.5,1020.6710999999995
1956.6,1016.8499009901095
1956.7,1026.721
1956.8,1028.6619999999998
1956.9,1031.8940000000043
1957.0,1032.3519999999999
1957.1,1028.9660000000063
1957.2,1044.5900000000038
1957.3,1048.573099999999
1957.4,1047.8756000000012
1957.5,1048.5912
1957.6,1043.254158415851
1957.7,1039.7647999999992
1957.8,1037.2936000000032
1957.9,1038.6248000000014
1958.0,1038.1234772277214
1958.1,1034.0842227722815
1958.2,1033.2405000000008
1958.3,1035.7505999999973
1958.4,1032.4248999999954
1958.5,1029.7326732673273
1958.6,1031.961399999995
1958.7,1034.8340000000023
1958.8,1034.8184000000008
1958.9,1032.3571999999972
1959.0,1032.1547999999993
1959.1,1033.8054455445522
1959.2,1038.1160000000064
1959.3,1037.6720000000014
1959.4,1038.3395000000035
1959.5,1038.4705000000004
1959.6,1037.5670000000007
1959.7,1034.9449999999958
1959.8,1036.262871287128
1959.9,1038.177200000001
1960.0,1040.0207999999998
1960.1,1040.8588000000002
1960.2,1036.5548000000006
1960.3,1034.9947999999988
1960.4,1038.9772000000075
1960.5,1040.854
1960.6,1041.6998019801968
1960.7,1039.3156999999994
1960.8,1035.3798000000024
1960.9,1028.910299999987
1961.0,1032.2997000000016
1961.1,1026.2546000000107
1961.2,1015.4936633663341
1961.3,1027.384799999989
1961.4,1021.2927999999899
1961.5,1011.3462000000004
1961.6,1010.0896000000007
1961.7,1011.1930000000011
1961.8,1009.7138613861399
1961.9,1008.7539000000006
1962.0,1008.4934000000003
1962.1,1008.8912999999997
1962.2,1009.3794999999999
1962.3,1005.7305000000013
1962.4,1003.9285000000006
1962.5,1002.0193069306935
1962.6,1001.6659999999973
1962.7,999.8120000000001
1962.8,1001.854
1962.9,1000.1879999999936
1963.0,995.9780000000001
1963.1,996.7819999999961
1963.2,993.225997298384
1963.3,988.1739989668549
1963.4,987.1595999999997
1963.5,986.2339999999992
1963.6,985.4119999999995
1963.7,988.6636000000025
1963.8,992.0397029702976
1963.9,991.2888742574254
1964.0,988.2984000000042
1964.1,988.3402999999944
1964.2,992.5383999999993
1964.3,989.9564000000031
1964.4,989.8869000000036
1964.5,994.0140999999987
1964.6,993.1428712871314
1964.7,990.2863999999995
1964.8,989.1268000000009
1964.9,988.3806000000008
1965.0,990.0959999999988
1965.1,993.5217999999982
1965.2,996.0058
1965.3,995.8135782178218
1965.4,996.9310574257463
1965.5,999.2889999999998
1965.6,1000.3160999999985
1965.7,1000.3371000000004
1965.8,1001.5129999999988
1965.9,1004.3939999999994
1966.0,1002.3760900990104
1966.1,1000.2715247524745
1966.2,1000.2059999999999
1966.3,999.552
1966.4,999.1679999999976
1966.5,998.108
1966.6,997.9620000000001
1966.7,999.172
1966.8,1001.413267326732
1966.9,1001.3775999999997
1967.0,1000.0849999999997
1967.1,1000.410199999998
1967.2,1001.5270999999996
1967.3,998.3680000000031
1967.4,994.1022999999991
1967.5,990.6566999999993
1967.6,987.7677227722784
1967.7,983.5759999999964
1967.8,980.3739999999983
1967.9,982.4395999999992
1968.0,979.8335999999981
1968.1,975.2458000000022
1968.2,977.2656000000061
1968.3,984.2727722772288
1968.4,980.6097999999976
1968.5,981.6267999999986
1968.6,989.41209999999
1968.7,992.6821999999987
1968.8,991.4082000000001
1968.9,993.2107000000035
1969.0,1005.5261386138596
1969.1,1021.1592000000005
1969.2,1018.9459999999949
1969.3,1014.3471999999998
1969.4,1014.7600000000054
1969.5,1016.6523999999995
1969.6,1013.5247999999987
1969.7,1010.0316831683148
1969.8,1008.2359999999819
1969.9,1014.3294999999862
1970.0,1002.7049999999963
1970.1,993.1815000000087
1970.2,989.0240000000008
1970.3,990.8409999999992
1970.4,990.7571287128695
1970.5,992.088400000004
1970.6,997.3115999999978
1970.7,998.7117999999999
1970.8,998.169000000001
1970.9,1000.0246000000105
1971.0,1002.9256158415799
1971.1,999.5514633663347
1971.2,1000.4429999999975
1971.3,1000.1532999999966
1971.4,1000.4112999999921
1971.5,993.9517000000004
1971.6,995.5115841584123
1971.7,997.3979999999932
1971.8,992.2544000000013
1971.9,991.7032000000041
1972.0,994.6535999999994
1972.1,994.3732000000016
1972.2,994.4576000000084
1972.3,999.7750495049504
1972.4,999.4808999999979
1972.5,997.8678000000003
1972.6,996.9855999999993
1972.7,997.293
1972.8,995.5328000000009
1972.9,994.0633000000059
1973.0,995.7777613861394
1973.1,993.5418019801958
1973.2,995.442
1973.3,995.3720000000001
1973.4,993.6039999999979
1973.5,993.529
1973.6,995.3480000000004
1973.7,994.6165346534652
1973.8,991.5731000000034
1973.9,986.6369000000004
1974.0,989.6998000000015
1974.1,993.4807000000014
1974.2,989.8517821782165
1974.3,986.5812
1974.4,988.190800000002
1974.5,990.190399999998
1974.6,987.589900990099
1974.7,990.3184000000047
1974.8,996.1800000000003
1974.9,997.5842999999979
1975.0,996.7020000000002
1975.1,1000.7737623762335
1975.2,1002.3685999999988
1975.3,1001.6260000000003
1975.4,1002.6402000000008
1975.5,1009.3382000000075
1975.6,1027.4273999999966
1975.7,1027.2363366336604
1975.8,1022.5299999999947
1975.9,1028.677500000012
1976.0,1035.7599999999977
1976.1,1032.0775000000042
1976.2,1030.2450000000022
1976.3,1032.0500000000045
1976.4,1026.1613861386065
1976.5,1011.831200000021
1976.6,993.8520000000016
1976.7,993.1144000000019
1976.8,994.4644000000014
1976.9,992.7719999999986
1977.0,991.8255999999988
1977.1,993.2432158415829
1977.2,994.3693950495053
1977.3,993.4556000000036
1977.4,989.6890000000014
1977.5,990.8072999999996
1977.6,991.526599999999
1977.7,993.3491000000034
1977.8,995.5784000000006
1977.9,995.5021584158447
1978.0,997.0624079207932
1978.1,994.4794000000022
1978.2,991.6334000000024
1978.3,988.666999999998
1978.4,992.218400000001
1978.5,993.3981999999987
1978.6,995.0268000000024
1978.7,992.7315841584165
1978.8,991.9350999999997
1978.9,992.3924999999957
1979.0,990.2872
1979.1,991.757999999996
1979.2,996.2980000000001
1979.3,996.799108910889
1979.4,999.6379999999999
1979.5,1000.2120000000001
1979.6,996.854000000001
1979.7,995.02
1979.8,994.6699999999989
1979.9,995.9448118811879
1980.0,994.2743811881201
1980.1,998.9154000000001
1980.2,999.2537000000008
1980.3,1000.2987000000018
1980.4,993.8147000000002
1980.5,994.3043999999995
1980.6,992.5612029702969
1980.7,993.7042118811903
1980.8,998.1246000000002
1980.9,1000.4605999999987
1981.0,998.0355999999999
1981.1,997.9955999999955
1981.2,999.9547999999999
1981.3,1000.010875247525
1981.4,1000.8765821782182
1981.5,1002.7953000000026
1981.6,1009.5529000000073
1981.7,1005.6794
1981.8,1005.0811999999992
1981.9,1000.6867999999912
1982.0,982.456799999987
1982.1,948.6078108910626
1982.2,962.8156633663308
1982.3,966.7736000000245
1982.4,952.4024000000044
1982.5,958.1340000000056
1982.6,966.7431999999992
1982.7,962.9479999999855
1982.8,945.5043999999593
1982.9,972.5945544554576
1983.0,985.7425000000126
1983.1,998.8035000000037
1983.2,997.0745000000057
1983.3,1003.5019999999979
1983.4,1004.711499999997
1983.5,1002.5649504950497
1983.6,1002.5328000000022
1983.7,1000.9026000000036
1983.8,1001.9488000000132
1983.9,990.3368000000069
1984.0,996.0761999999997
1984.1,996.2354000000008
1984.2,995.7500000000022
1984.3,997.1559000000018
1984.4,995.3425000000042
1984.5,998.3987999999988
1984.6,1000.0196999999995
1984.7,1000.6967000000008
1984.8,1001.6259999999978
1984.9,1004.5142574257436
1985.0,1005.2104
1985.1,1004.9132000000014
1985.2,1003.0436000000009
1985.3,1002.2295999999973
1985.4,1006.6999999999915
1985.5,1001.3344000000021
1985.6,997.205544554457
1985.7,995.4493999999994
1985.8,996.7717000000018
1985.9,989.9434000000125
1986.0,996.4488999999993
1986.1,998.9813000000005
1986.2,997.1139871287146
1986.3,990.9273267326712
1986.4,995.088
1986.5,995.622
1986.6,992.4949999999982
1986.7,1000.452
1986.8,1005.8588910891094
1986.9,1004.3162386138614
1987.0,1005.8154999999998
1987.1,1005.1255
1987.2,1007.386999999999
1987.3,1003.6401000000002
1987.4,1008.8253999999996
1987.5,1007.1212000000003
1987.6,1007.7560396039604
1987.7,1007.5839999999981
1987.8,1003.0639999999977
1987.9,995.5159999999998
1988.0,995.2563999999993
1988.1,994.1615999999691
1988.2,1009.107999999996
1988.3,1001.2803960396052
1988.4,1005.8900000000041
1988.5,1011.6135000000011
1988.6,1013.043300000011
1988.7,1006.8752000000015
1988.8,1011.1301000000153
1988.9,1037.6746999999918
1989.0,1026.8406089108921
1989.1,1028.7666316831642
1989.2,1031.422800000002
1989.3,1034.4215999999935
1989.4,1038.6839999999954
1989.5,1034.6742000000102
1989.6,1047.0127999999988
1989.7,1047.4337999999948
1989.8,1040.8935643564396
1989.9,1038.3945000000067
1990.0,1044.0130000000004
1990.1,1044.0435000000093
1990.2,1036.217524752473
1990.3,1034.125200000003
1990.4,1031.0739999999983
1990.5,1029.7363999999998
1990.6,1030.0699999999958
1990.7,1035.9441363068854
1990.8,1072.043364705942
1990.9,1017.135499999997
1991.0,1015.7197999999995
1991.1,1017.7738999999976
1991.2,1027.0242237623775
1991.3,1022.5906930693172
1991.4,1031.5
1991.5,1032.35
1991.6,1031.58
1991.7,1045.35
1991.8,1035.5204950495029
1991.9,1035.528981188119
1992.0,1038.5990000000006
1992.1,1032.9078000000118
1992.2,1031.8797999999997
1992.3,1029.2761999999993
1992.4,1033.6384445544577
1992.5,1038.6593049504972
1992.6,1036.535400000004
1992.7,1037.1466000000003
1992.8,1040.7174000000016
1992.9,1034.929599999997
1993.0,1036.966000000001
1993.1,1040.0081207920746
1993.2,1042.8256702970316
1993.3,1042.289200000001
1993.4,1035.3829999999953
1993.5,1034.3842999999995
1993.6,1033.671300000001
1993.7,1032.7478999999994
1993.8,1028.6671287128768
1993.9,1019.4183999999914
1994.0,1003.9871999999857
1994.1,1023.4143999999735
1994.2,1010.569999999987
1994.3,1025.9551999999787
1994.4,1015.7527999999897
1994.5,1021.1265346534591
1994.6,1030.7304999999888
1994.7,1025.4059999999931
1994.8,1040.774999999983
1994.9,1036.2324999999935
1995.0,1043.6259999999918
1995.1,1044.1052475247525
1995.2,1043.7903999999994
1995.3,1045.029599999999
1995.4,1043.7187999999978
1995.5,1046.8729999999973
1995.6,1042.718400000004
1995.7,1043.7372000000018
1995.8,1048.640990099007
1995.9,1047.828199999998
1996.0,1052.7805999999973
1996.1,1052.1370000000009
1996.2,1052.7481999999995
1996.3,1052.6977000000002
1996.4,1049.8906999999951
1996.5,1046.6229702970306
1996.6,1053.7567999999962
1996.7,1052.1368000000007
1996.8,1049.9620000000011
1996.9,1049.5875999999996
1997.0,1052.2471999999993
1997.1,1067.7465346534611
1997.2,1094.8837999999994
1997.3,1080.9763000000041
1997.4,1094.6834999999996
1997.5,1087.6733000000022
1997.6,1082.316400000001
1997.7,1091.5523999999998
1997.8,1072.207900000005
1997.9,1086.8863366336673
1998.0,1077.173
1998.1,1063.191
1998.2,1029.0919999999917
1998.3,1030.05
1998.4,1033.1250000000005
1998.5,1032.357
1998.6,1036.4459405940509
1998.7,1035.8563999999997
1998.8,1035.1770999999999
1998.9,1034.9854
1999.0,1036.8746000000006
1999.1,1033.8882000000065
1999.2,1034.071584158416
1999.3,1032.557199999999
1999.4,1030.8527999999988
1999.5,1035.3668000000025
1999.6,1035.7372000000005
1999.7,1036.7648000000006
1999.8,1036.8308
1999.9,1038.1095049504966
2000.0,1033.4540999999963
2000.1,1035.1746999999964
2000.2,1032.973499999998
2000.3,1040.9332999999874
2000.4,1037.9691999999968
2000.5,1031.9981999999945
2000.6,1036.5321722772212
2000.7,1038.347400000001
2000.8,1039.5491999999988
2000.9,1038.4901999999988
2001.0,1041.2828000000031
2001.1,1045.3131999999957
2001.2,1044.3505999999986
2001.3,1037.5095049505014
2001.4,1036.1134999999997
2001.5,1048.4629999999884
2001.6,1032.8680000000238
2001.7,1026.8484999999962
2001.8,1013.9470000000117
2001.9,1017.1065000000071
2002.0,1008.6915841584223
2002.1,993.5068000000146
2002.2,1006.9940000000261
2002.3,997.3912000000082
2002.4,994.0139999999985
2002.5,993.6704000000001
2002.6,997.8819999999954
2002.7,995.8443960396048
2002.8,994.3902841584165
2002.9,997.6711000000067
2003.0,1000.6375999999992
2003.1,1000.0708000000009
2003.2,1002.0594999999993
2003.3,1005.3900999999977
2003.4,1002.286499999993
2003.5,999.023400000001
2003.6,1001.4149999999977
2003.7,1001.8620792079208
2003.8,998.7222000000017
2003.9,1000.4262000000053
2004.0,1002.6637999999999
2004.1,1001.4410000000009
2004.2,998.6874000000001
2004.3,995.3310000000016
2004.4,993.1683999999966
2004.5,991.0727643564352
2004.6,989.8986188118813
2004.7,993.9725000000011
2004.8,992.8559000000006
2004.9,987.3622999999986
2005.0,988.4336999999995
2005.1,987.0727000000005
2005.2,985.0990999999997
2005.3,989.6233376237622
2005.4,994.8862376237647
2005.5,994.54
2005.6,992.9920000000001
2005.7,994.7140000000012
2005.8,995.1880000000001
2005.9,991.5799999999979
2006.0,992.8800000000001
2006.1,996.1788316831628
2006.2,993.6767584158406
2006.3,996.1775000000009
2006.4,993.2226999999965
2006.5,993.4640000000004
2006.6,991.6196000000043
2006.7,994.0578000000008
2006.8,994.9328207920794
2006.9,996.0765762376251
2007.0,1001.2260000000028
2007.1,999.3842000000054
2007.2,996.4952475247509
2007.3,991.6365000000059
2007.4,993.2244000000026
2007.5,990.0990999999965
2007.6,984.3098980198071
2007.7,987.2553663366389
2007.8,987.0668000000016
2007.9,983.1955999999959
2008.0,979.0595999999963
2008.1,986.8490376237551
2008.2,987.6742079207891
2008.3,982.6550000000034
2008.4,986.7000000000083
2008.5,991.8149999999976
2008.6,991.5899257425758
2008.7,991.3666712871286
2008.8,992.8707999999981
2008.9,994.7242000000026
2009.0,992.883800000001
2009.1,995.1112534653435
2009.2,997.6430722772277
2009.3,998.1374107142857
2009.4,1000.2489821428594
2009.5,1000.5930000000004
2009.6,1003.5045999999986
2009.7,1004.9176999999991
2009.8,1005.9764999999994
2009.9,1014.2454455445642
2010.0,1022.8420000000001
2010.1,1019.5240000000134
2010.2,1015.3000000000001
2010.3,1017.7760000000001
2010.4,1018.5039999999983
2010.5,1016.63
2010.6,1017.540633663363
2010.7,1017.4736118811876
2010.8,1019.2573000000011
2010.9,1016.9422999999919
2011.0,1009.7765999999983
2011.1,1007.4784999999986
2011.2,1011.0593000000011
2011.3,1010.6783267326773
2011.4,1009.6125247524758
2011.5,1009.3321999999994
2011.6,1009.5229999999988
2011.7,1006.4011999999971
2011.8,1001.8972000000027
2011.9,999.491199999999
2012.0,997.3469999999991
2012.1,999.7246891089067
2012.2,1002.5507277227726
2012.3,1004.0083999999987
2012.4,1007.2228000000027
2012.5,1006.7768999999975
2012.6,1008.2136999999967
2012.7,1010.4658999999999
2012.8,1010.4669999999999
2012.9,1007.5866336633621
2013.0,1003.3980000000013
2013.1,1000.3232000000038
2013.2,998.1255999999985
2013.3,993.6584000000023
2013.4,985.261999999991
2013.5,984.2933663366324
2013.6,984.3675000000054
2013.7,980.7614999999969
2013.8,981.3694999999996
2013.9,988.9440000000127
2014.0,992.9455000000003
2014.1,994.3509999999955
2014.2,999.5307920792081
2014.3,1002.4633999999998
2014.4,1000.3876432432417
2014.5,1000.9255410183838
2014.6,1005.554199999999
2014.7,1005.6615999999979
2014.8,1008.2781999999955
2014.9,1014.2502000000006
2015.0,1014.5058000000002
2015.1,1013.8939603960406
2015.2,1011.2360000000012
2015.3,1008.3984999999998
2015.4,1008.6375999999993
2015.5,1009.916399999999
2015.6,1010.7338000000043
2015.7,1006.6718188118822
2015.8,1002.331861386139
2015.9,999.2499999999982
2016.0,995.5360000000001
2016.1,991.3839999999997
2016.2,993.1220000000001
2016.3,994.158
2016.4,982.256336633626
2016.5,954.622399999993
2016.6,944.4406999999853
2016.7,958.9696000000006
2016.8,951.785500000015
2016.9,943.6538000000032
2017.0,959.6182000000042
2017.1,964.4379772277321
2017.2,950.1321188118761
2017.3,949.5349999999934
2017.4,967.7002000000097
2017.5,984.1566000000039
2017.6,989.1318000000003
2017.7,989.7276000000014
2017.8,992.534799999999
2017.9,993.6724752475242
2018.0,991.5648000000006
2018.1,988.7148000000014
2018.2,985.9232999999958
2018.3,985.5151999999985
2018.4,991.726100000001
2018.5,993.1043999999998
2018.6,993.253168316834
2018.7,992.5888000000008
2018.8,992.8788
2018.9,991.9459999999987
2019.0,991.1904000000001
2019.1,994.0139999999902
2019.2,996.627999999995
2019.3,994.9150495049514
2019.4,998.0779999999999
2019.5,996.6194743589733
2019.6,993.5485914529897
2019.7,994.5674000000006
2019.8,995.2179999999998
2019.9,994.3538000000038
2020.0,1001.7381207920795
2020.1,1003.5888821782216
2020.2,1000.9856999999975
2020.3,998.2922000000008
2020.4,1000.6683000000006
2020.5,1001.5325
2020.6,1002.1700999999961
2020.7,1004.4468000000007
2020.8,1005.0637861386133
2020.9,1004.1687128712888
2021.0,1006.4876000000022
2021.1,1010.405599999996
2021.2,1012.3523999999983
2021.3,1009.618400000001
2021.4,1009.2840000000017
2021.5,1010.9497029702974
2021.6,1011.060500000002
2021.7,1009.9980000000021
2021.8,1011.8045000000037
2021.9,1008.548499999997
2022.0,1006.1934999999993
2022.1,1004.9370000000038
2022.2,1002.0603960396033
2022.3,1001.5245999999981
2022.4,1003.5210000000029
2022.5,1005.326800000003
2022.6,1003.8605999999905
2022.7,1012.2773999999968
2022.8,1006.9642000000174
2022.9,985.6793069306548
2023.0,958.0802999999827
2023.1,979.8231000000014
2023.2,976.8051999999884
2023.3,968.3080000000036
2023.4,965.6978000000208
2023.5,979.4763000000011
2023.6,975.1276000000161
2023.7,956.3526732673436
2023.8,969.639999999992
2023.9,986.8388000000232
2024.0,999.1444000000033
2024.1,992.4616000000012
2024.2,991.1132673267325
2024.3,990.6802000000014
2024.4,986.1810000000164
2024.5,994.0578000000005
2024.6,992.1637348623858
2024.7,991.1080422018356
2024.8,988.7749999999976
2024.9,993.9171999999996
2025.0,993.7166000000014
2025.1,990.8162455445492
2025.2,1001.0103198019783
2025.3,1005.0458000000011
2025.4,999.5980999999834
2025.5,991.5682999999983
2025.6,999.2849504950505
2025.7,995.78
2025.8,987.89
2025.9,994.07
2026.0,996.4599999999999
2026.1,995.77
2026.2,993.48
2026.3,994.3764356435643
2026.4,996.8352871287135
2026.5,991.9891999999988
2026.6,1000.3846999999827
2026.7,1001.8857000000004
2026.8,999.5041999999994
2026.9,1006.0140000000016
2027.0,1003.7534999999993
2027.1,1008.6721584158316
2027.2,1001.711817821779
2027.3,1006.9404000000025
2027.4,1006.1189999999996
2027.5,1006.6390000000004
2027.6,1007.0811999999992
2027.7,1004.6203999999989
2027.8,1000.3200990099077
2027.9,991.741299999994
2028.0,994.166900000002
2028.1,988.0129000000098
2028.2,988.4020000000004
2028.3,993.2020999999926
2028.4,997.9866000000031
2028.5,996.2833504950484
2028.6,993.8194138613893
2028.7,997.0320000000031
2028.8,995.6916000000019
2028.9,945.3355999999524
2029.0,896.775999999956
2029.1,854.9616000000528
2029.2,799.2807999999488
2029.3,738.3444396040383
2029.4,688.8699603959844
2029.5,641.000500000049
2029.6,573.5540000000778
2029.7,531.5314999999538
2029.8,477.1503333333862
2029.9,472.29359999999974
2030.0,471.5088000000001
2030.1,471.16940594059406
2030.2,470.8299999999998
2030.3,470.504
2030.4,470.31999999999994
2030.5,470.178
2030.6,469.99
2030.7,469.86199999999997
2030.8,469.74399999999997
2030.9,469.6011881188118
2031.0,469.491
2031.1,469.3673000000002
2031.2,469.2768
2031.3,469.1889
2031.4,469.01199999999983
2031.5,468.97
2031.6,468.90680000000015
2031.7,468.7257425742573
2031.8,468.7034
2031.9,468.6866
2032.0,468.602
2032.1,468.5722
2032.2,468.5466
2032.3,468.48539999999997
2032.4,468.46961386138616
2032.5,468.37739504950486
2032.6,468.3192
2032.7,468.34850000000006
2032.8,468.26760000000013
2032.9,468.2092
2033.0,468.23080000000004
2033.1,468.1103960396041
2033.2,468.0624
2033.3,468.09799999999996
2033.4,467.98839999999984
2033.5,467.98800000000006
2033.6,467.9696
2033.7,467.86879999999985
2033.8,467.9001980198019
2033.9,467.89754950495046
2034.0,467.82250000000005
2034.1,467.8749999999999
2034.2,467.8249999999999
2034.3,467.77
2034.4,467.8125000000001
2034.5,467.76250000000005
2034.6,467.74742574257425
2034.7,467.787
2034.8,467.68900000000014
2034.9,467.6278
2035.0,467.67179999999996
2035.1,467.60918613861395
2035.2,467.63826633663365
2035.3,467.6746
2035.4,467.6288999999999
2035.5,467.5662
2035.6,467.55
2035.7,467.50620000000004
2035.8,467.5478217821782
2035.9,467.5484
2036.0,467.4968
2036.1,467.4944
2036.2,467.40639999999996
2036.3,467.37
2036.4,467.3767722772277
2036.5,467.33745742574257
2036.6,467.3626
2036.7,467.3942
2036.8,467.3219
2036.9,467.36100000000005
2037.0,467.3687
2037.1,467.3458
2037.2,467.4032673267327
2037.3,467.388
2037.4,467.363
2037.5,467.38800000000003
2037.6,467.3090000000002
2037.7,467.284
2037.8,467.346
2037.9,467.26499999999993
2038.0,467.2962376237624
2038.1,467.33
2038.2,467.26099999999997
2038.3,467.3197
2038.4,467.3738
2038.5,467.38
2038.6,467.4282999999999
2038.7,467.4565584158416
2038.8,467.4463683168317
2038.9,467.53520000000003
2039.0,467.50519999999995
2039.1,467.46320000000003
2039.2,467.48720000000003
2039.3,467.3912000000002
2039.4,467.3604
2039.5,467.4238613861387
2039.6,467.3562000000001
2039.7,467.33680000000004
2039.8,467.38349999999997
2039.9,467.2927999999999
2040.0,467.28690000000006
2040.1,467.31669999999997
2040.2,467.28683168316826
2040.3,467.34266732673257
2040.4,467.3932
2040.5,467.35380000000004
2040.6,467.4091999999998
2040.7,467.39059999999995
2040.8,467.3534653465347
2040.9,467.4020000000001
2041.0,467.37800000000004
2041.1,467.38249999999994
2041.2,467.4386138613861
2041.3,467.3896000000001
2041.4,467.3628
2041.5,467.338
2041.6,467.3196831683168
2041.7,467.33893663366337
2041.8,467.29330000000004
2041.9,467.28520000000003
2042.0,467.2118
2042.1,467.14128712871286
2042.2,467.1176
2042.3,467.03560000000004
2042.4,466.9776
2042.5,466.92058415841586
2042.6,466.8351772277228
2042.7,466.76339999999993
2042.8,466.7339
2042.9,466.68729999999994
2043.0,466.6844
2043.1,466.6573
2043.2,466.6058415841584
2043.3,466.632
2043.4,466.61799999999994
2043.5,466.602
2043.6,466.63399999999996
2043.7,466.59000000000003
2043.8,466.544
2043.9,466.5459405940594
2044.0,466.4969
2044.1,466.5130999999999
2044.2,466.57950000000005
2044.3,466.5528
2044.4,466.5790000000001
2044.5,466.6082
2044.6,466.5766336633664
2044.7,466.63540000000006
2044.8,466.6726
2044.9,466.6542
2045.0,466.71380000000005
2045.1,466.74260000000004
2045.2,466.6955445544554
2045.3,466.7611999999999
2045.4,466.7958
2045.5,466.8156
2045.6,466.90129999999994
2045.7,466.90009999999995
2045.8,466.92699999999996
2045.9,466.98710000000005
2046.0,466.9486999999999
2046.1,466.96074851485145
2046.2,467.028
2046.3,466.97720000000004
2046.4,466.9648000000001
2046.5,466.97760000000005
2046.6,466.9430336633664
2046.7,466.9571435643565
2046.8,466.9635
2046.9,466.96650000000005
2047.0,467.01300000000003
2047.1,467.00700000000006
2047.2,467.00750000000005
2047.3,467.0575
2047.4,467.0473811881187
2047.5,467.0739544554456
2047.6,467.15779999999995
2047.7,467.1468
2047.8,467.1154
2047.9,467.12
2048.0,467.0875999999999
2048.1,467.07614653465345
2048.2,467.0525742574259
2048.3,466.9828999999999
2048.4,466.90760000000006
2048.5,466.77460000000013
2048.6,466.71649999999994
2048.7,466.7135
2048.8,466.6217821782175
2048.9,466.57040000000006
2049.0,466.5591999999999
2049.1,466.47760000000005
2049.2,466.4044000000001
2049.3,466.39520000000005
2049.4,466.38975445544554
2049.5,466.3899574257425
2049.6,466.3745
2049.7,466.3755
2049.8,466.4204000000001
2049.9,466.3788
2050.0,466.3812
2050.1,466.4706
2050.2,466.4596039603961
2050.3,466.46000000000015
2050.4,466.51500000000004
2050.5,466.495
2050.6,466.47499999999997
2050.7,466.4650000000001
2050.8,466.39499999999975
2050.9,466.3549504950495
2051.0,466.28649999999993
2051.1,466.16099999999994
2051.2,466.1540999999998
2051.3,466.13629999999995
2051.4,466.0602
2051.5,466.04514851485146
2051.6,465.9776000000002
2051.7,465.9483999999998
2051.8,466.0044000000001
2051.9,465.9767999999999
2052.0,465.9875999999998
2052.1,466.02600000000007
2052.2,465.96198019802
2052.3,465.95760000000007
2052.4,466.0047
2052.5,465.9676999999999
2052.6,465.9388
2052.7,465.94120000000004
2052.8,465.90119999999996
2052.9,465.9265346534653
2053.0,465.92020000000014
2053.1,465.8867999999999
2053.2,465.9346
2053.3,465.9123999999998
2053.4,465.9030000000001
2053.5,465.94366336633664
2053.6,465.9375
2053.7,465.9279999999999
2053.8,465.9455
2053.9,465.931
2054.0,465.93350000000004
2054.1,465.92300000000006
2054.2,465.89899999999994
2054.3,465.89663366336634
2054.4,465.8844
2054.5,465.8856
2054.6,465.88
2054.7,465.87120000000004
2054.8,465.8468
2054.9,465.84311287128713
2055.0,465.82554356435634
2055.1,465.7929
2055.2,465.7928000000001
2055.3,465.7570999999999
2055.4,465.7443
2055.5,465.69831485148495
2055.6,465.6636
2055.7,465.71
2055.8,465.69319999999993
2055.9,465.7203999999999
2056.0,465.8152
2056.1,465.8206
2056.2,465.80099999999993
2056.3,465.8424752475248
2056.4,465.8353999999999
2056.5,465.8369
2056.6,465.86540000000014
2056.7,465.8341
2056.8,465.8318
2056.9,465.7994999999999
2057.0,465.77
2057.1,465.802
2057.2,465.8140000000002
2057.3,465.784
2057.4,465.836
2057.5,465.836
2057.6,465.83564356435636
2057.7,465.88220000000007
2057.8,465.8621999999999
2057.9,465.8656000000001
2058.0,465.85099999999994
2058.1,465.7822772277228
2058.2,465.7851999999999
2058.3,465.7872
2058.4,465.75
2058.5,465.7652
2058.6,465.7215999999999
2058.7,465.63257425742574
2058.8,465.66259999999994
2058.9,465.60929999999985
2059.0,465.57329999999985
2059.1,465.60410000000013
2059.2,465.5158930693072
2059.3,465.4472633663367
2059.4,465.4528
2059.5,465.41479999999996
2059.6,465.3916
2059.7,465.3872277227726
2059.8,465.29249999999985
2059.9,465.29150000000016
2060.0,465.30450000000013
2060.1,465.227
2060.2,465.26449999999994
2060.3,465.27499999999964
2060.4,465.2135
2060.5,465.2336653465347
2060.6,465.2124
2060.7,465.1471999999997
2060.8,465.19319999999993
2060.9,465.1561999999999
2061.0,465.1402633663367
2061.1,465.18026633663374
2061.2,465.12350000000004
2061.3,465.12630000000024
2061.4,465.2
2061.5,465.2066
2061.6,465.25299999999993
2061.7,465.29030000000006
2061.8,465.2528712871289
2061.9,465.31280000000004
2062.0,465.32719999999995
2062.1,465.3255999999998
2062.2,465.3863999999999
2062.3,465.4032
2062.4,465.4292000000001
2062.5,465.4606217821781
2062.6,465.4585316831683
2062.7,465.5279
2062.8,465.5713999999998
2062.9,465.54859999999996
2063.0,465.6117
2063.1,465.63520000000005
2063.2,465.61376237623756
2063.3,465.68699999999995
2063.4,465.66199999999986
2063.5,465.63200000000006
2063.6,465.6450000000001
2063.7,465.59500000000014
2063.8,465.56300000000005
2063.9,465.5402970297028
2064.0,465.4845
2064.1,465.5258
2064.2,465.5168000000001
2064.3,465.4687
2064.4,465.49580000000003
2064.5,465.4955
2064.6,465.46574257425743
2064.7,465.48839999999996
2064.8,465.50159999999994
2064.9,465.51080000000013
2065.0,465.57880000000006
2065.1,465.5751999999999
2065.2,465.65679999999986
2065.3,465.68039999999985
2065.4,465.65772277227745
2065.5,465.7354
2065.6,465.7202999999999
2065.7,465.6642999999999
2065.8,465.75970000000007
2065.9,465.8292
2066.0,465.82160000000005
2066.1,465.8692
2066.2,465.83465346534655
2066.3,465.84600000000034
2066.4,465.89139999999975
2066.5,465.7970000000001
2066.6,465.76779999999997
2066.7,465.7484000000002
2066.8,465.60659999999973
2066.9,465.5426
2067.0,465.5191089108912
2067.1,465.4375
2067.2,465.47749999999974
2067.3,465.51499999999993
2067.4,465.4900000000001
2067.5,465.5750000000001
2067.6,465.64750000000004
2067.7,465.6598019801978
2067.8,465.7031999999998
2067.9,465.6236000000001
2068.0,465.55439999999993
2068.1,465.5520000000002
2068.2,465.38800000000003
2068.3,465.33797623762365
2068.4,465.2596039603961
2068.5,465.13
2068.6,465.1323
2068.7,465.1193000000003
2068.8,465.0753000000002
2068.9,465.17610000000013
2069.0,465.19584158415825
2069.1,465.10639999999995
2069.2,465.1934
2069.3,465.1523999999997
2069.4,465.09659999999997
2069.5,465.09800000000007
2069.6,465.01779999999997
2069.7,465.02306930693067
2069.8,465.0447999999998
2069.9,464.96680000000015
2070.0,465.04260000000005
2070.1,465.0753000000002
2070.2,465.02629999999994
2070.3,465.0626000000001
2070.4,465.105903960396
2070.5,465.0938415841584
2070.6,465.108
2070.7,465.08400000000006
2070.8,465.022
2070.9,465.016
2071.0,464.9619801980198
2071.1,464.97569999999996
2071.2,464.98860000000013
2071.3,464.9552000000002
2071.4,465.02
2071.5,465.00480000000016
2071.6,464.9589999999998
2071.7,465.04940594059394
2071.8,465.08459999999997
2071.9,465.0654
2072.0,465.0774
2072.1,465.0146
2072.2,464.9936
2072.3,465.001
2072.4,464.97960396039605
2072.5,465.07169999999996
2072.6,465.0664000000001
2072.7,465.0084999999999
2072.8,465.05170000000004
2072.9,465.0531999999999
2073.0,465.03519900990085
2073.1,465.1082336633664
2073.2,465.09360000000015
2073.3,465.0632
2073.4,465.06719999999996
2073.5,465.0016
2073.6,465.01800000000003
2073.7,465.04080000000044
2073.8,464.9447524752476
2073.9,464.97749999999996
2074.0,465.0020000000001
2074.1,464.91949999999986
2074.2,465.02700000000004
2074.3,464.9934999999997
2074.4,464.91949999999986
2074.5,465.03000000000003
2074.6,465.0258
2074.7,465.0125999999997
2074.8,465.0787999999999
2074.9,465.01
2075.0,465.0155445544555
2075.1,465.0318000000001
2075.2,464.9139
2075.3,464.9530000000003
2075.4,465.02700000000004
2075.5,464.94773564356433
2075.6,465.0000871287129
2075.7,464.9856000000003
2075.8,464.89200000000017
2075.9,464.97049504950485
2076.0,464.8945
2076.1,464.8544
2076.2,464.88230000000004
2076.3,464.809
2076.4,464.7299
2076.5,464.7947524752476
2076.6,464.66900000000004
2076.7,464.6659999999998
2076.8,464.70799999999974
2076.9,464.60500000000013
2077.0,464.64699999999993
2077.1,464.61300000000017
2077.2,464.55
2077.3,464.5536
2077.4,464.5801
2077.5,464.4827
2077.6,464.5028
2077.7,464.4264
2077.8,464.3945
2077.9,464.4337
2078.0,464.3772
2078.1,464.4562376237624
2078.2,466.7815999999486
2078.3,497.9020000001743
2078.4,560.7580000001203
2078.5,612.4759999998878
2078.6,673.5071999999029
2078.7,727.111999999897
2078.8,783.9675128714487
2078.9,842.1617237624928
2079.0,890.2635000000464
2079.1,956.9422000000177
2079.2,1004.2695999998753
2079.3,1033.8083999999953
2079.4,1027.5738000000015
2079.5,1029.9850821782202
2079.6,1033.014138613861
2079.7,1031.9501999999943
2079.8,1035.5999999999856
2079.9,1031.7858000000201
2080.0,1038.344999999999
2080.1,1038.9954000000012
2080.2,1038.0639603960415
2080.3,1036.9825000000028
2080.4,1039.2859999999996
2080.5,1038.781499999999
2080.6,1037.758499999998
2080.7,1036.005999999988
2080.8,1039.167499999996
2080.9,1035.5084999999956
2081.0,1033.0368316831925
2081.1,1056.7471999999702
2081.2,1087.2952000000187
2081.3,1068.1036000000522
2081.4,1082.5148000000017
2081.5,1080.4104000000068
2081.6,1073.8963999999846
2081.7,1089.1996118812058
2081.8,1067.6217138613451
2081.9,1091.0465999999956
2082.0,1087.398999999954
2082.1,1056.031100000061
2082.2,1035.9789000000042
2082.3,1034.6548000000003
2082.4,1034.6884999999934
2082.5,1030.8298019802016
2082.6,1033.1369999999993
2082.7,1034.4244000000008
2082.8,1032.6387999999918
2082.9,1030.5408000000018
2083.0,1026.6467326732677
2083.1,1025.9773000000032
2083.2,1024.7288999999978
2083.3,1025.6566000000096
2083.4,1030.289300000004
2083.5,1032.1956999999993
2083.6,1031.7796999999975
2083.7,1032.7378217821788
2083.8,1032.52
2083.9,1043.4
2084.0,1040.78
2084.1,1044.8899999999999
2084.2,1044.08
2084.3,1026.8899999999999
2084.4,1026.18
2084.5,1023.4770297029758
2084.6,1027.9049999999909
2084.7,1025.2869000000055
2084.8,1035.2590000000253
2084.9,1022.4503999999674
2085.0,1038.4668999999674
2085.1,1028.6112000000207
2085.2,1034.0775247524525
2085.3,1047.5572000000063
2085.4,1037.9417999999955
2085.5,1040.3370000000014
2085.6,1045.2410000000023
2085.7,1044.5168000000033
2085.8,1046.793200000001
2085.9,1045.0934653465297
2086.0,1047.1351999999968
2086.1,1041.3024000000096
2086.2,1040.3828000000012
2086.3,1042.4067000000061
2086.4,1039.821899999992
2086.5,1049.5563999999854
2086.6,1048.217722772276
2086.7,1051.9803999999863
2086.8,1050.6807999999985
2086.9,1049.5063999999988
2087.0,1055.613600000006
2087.1,1052.2891999999965
2087.2,1047.3590099009953
2087.3,1053.3135000000223
2087.4,1051.3980000000022
2087.5,1078.991499999967
2087.6,1078.5215000000023
2087.7,1082.637999999995
2087.8,1081.3494999999946
2087.9,1092.829900990117
2088.0,1063.1603999999559
2088.1,1083.479199999931
2088.2,1082.268000000009
2088.3,1081.1129999999985
2088.4,1082.4694000000022
2088.5,1032.993799999928
2088.6,1029.085445544555
2088.7,1027.774500000001
2088.8,1028.2659000000024
2088.9,1025.4735000000012
2089.0,1027.0548999999987
2089.1,1026.8459000000003
2089.2,1025.6110000000008
2089.3,1029.9973514851586
2089.4,1035.9460712871396
2089.5,1032.2163999999916
2089.6,1031.0680000000018
2089.7,1032.1039999999969
2089.8,1029.0167999999937
2089.9,1033.0916000000086
2090.0,1031.2619999999956
2090.1,1031.4525742574258
2090.2,1033.5465999999994
2090.3,1030.0462999999993
2090.4,1027.7599000000005
2090.5,1028.5072999999998
2090.6,1037.6089999999976
2090.7,1039.1843920792062
2090.8,1040.438782178221
2090.9,1036.7359999999903
2091.0,1041.3049999999898
2091.1,1039.079000000007
2091.2,1038.1940000000016
2091.3,1040.4250000000059
2091.4,1042.9700990099022
2091.5,1042.1552999999997
2091.6,1035.7009999999984
2091.7,1038.3643000000009
2091.8,1028.5474217821425
2091.9,1034.8529108911125
2092.0,1015.3080000000298
2092.1,1011.5760000000018
2092.2,1020.7075999999809
2092.3,1010.8819999999656
2092.4,1001.1189108910802
2092.5,999.5345999999997
2092.6,1002.2118000000021
2092.7,988.4390000000534
2092.8,981.8924752475104
2092.9,986.4087999999956
2093.0,993.52079999999
2093.1,993.1038000000024
2093.2,992.1562000000011
2093.3,993.957800000007
2093.4,992.6962000000013
2093.5,990.4645544554438
2093.6,990.1285
2093.7,993.9804999999876
2093.8,990.5603333333261
2093.9,991.5993000000036
2094.0,994.8435000000054
2094.1,990.9231000000119
2094.2,990.0746999999998
2094.3,993.2855000000062
2094.4,993.9722138613861
2094.5,992.5367821782186
2094.6,993.1793999999995
2094.7,996.0385999999985
2094.8,998.3420000000008
2094.9,994.9562000000021
2095.0,991.8012000000012
2095.1,988.9530000000015
2095.2,985.2330693069389
2095.3,988.8478000000111
2095.4,985.87669999999
2095.5,988.3825000000088
2095.6,987.0840000000043
2095.7,993.5721999999785
2095.8,993.6782178217816
2095.9,989.26
2096.0,993.6419999999999
2096.1,996.894
2096.2,998.53
2096.3,999.2040000000005
2096.4,1004.3399999999999
2096.5,1003.9683168316865
2096.6,999.0370000000116
2096.7,999.743899999995
2096.8,1002.1539000000059
2096.9,1003.4421000000024
2097.0,1005.0640999999981
2097.1,1010.6855999999864
2097.2,1010.5073524752546
2097.3,1006.1857524752453
2097.4,1004.3177999999996
2097.5,1002.298199999999
2097.6,1002.0552000000001
2097.7,1003.5885999999942
2097.8,1002.1903999999989
2097.9,995.5386198019619
2098.0,989.7108504950523
2098.1,986.8930000000033
2098.2,982.9296000000072
2098.3,982.4059000000019
2098.4,979.6416999999888
2098.5,979.7632999999992
2098.6,980.1600999999998
2098.7,978.2928267326812
2098.8,983.118752475254
2098.9,986.388000000002
2099.0,984.2655999999969
2099.1,988.9348000000067
2099.2,995.7087999999831
2099.3,992.7475999999945
2099.4,999.2937623762309
2099.5,1006.8549999999925
2099.6,1009.0174999999992
2099.7,1005.875000000005
2099.8,1007.3500000000117
2099.9,1008.8774999999999
2100.0,1005.551460396036
2100.1,1006.887465346528
2100.2,1007.9527999999993
2100.3,991.2563999999692
2100.4,962.637199999958
2100.5,968.162400000025
2100.6,974.8413999999948
2100.7,971.2485148514929
2100.8,964.4850999999961
2100.9,972.9770999999902
2101.0,967.230500000009
2101.1,960.3001000000031
2101.2,971.7592999999881
2101.3,989.2204000000095
2101.4,1003.7719435643711
2101.5,1006.7047168316811
2101.6,1007.2007999999984
2101.7,1008.1175999999978
2101.8,1009.523600000003
2101.9,1007.3663999999935
2102.0,1010.8428000000114
2102.1,1007.4204000000104
2102.2,1004.9537623762383
2102.3,1002.6612999999968
2102.4,998.633400000001
2102.5,995.8987000000004
2102.6,997.3263999999994
2102.7,998.2280999999999
2102.8,996.5346999999973
2102.9,1001.8263366336763
2103.0,1005.8789999999981
2103.1,1005.3960000000037
2103.2,1006.9399999999935
2103.3,1007.0889999999977
2103.4,1005.0649999999945
2103.5,1002.9300000000019
2103.6,1001.4360792079215
2103.7,1000.0105495049552
2103.8,1001.5234000000005
2103.9,1000.4503999999994
2104.0,995.7197999999987
2104.1,994.5558000000002
2104.2,992.7262000000088
2104.3,995.2193000000011
2104.4,998.6592079207974
2104.5,1000.3151999999997
2104.6,1003.5155999999924
2104.7,1002.2796000000069
2104.8,998.0711999999878
2104.9,996.4491999999991
2105.0,997.2679999999995
2105.1,998.6829702970296
2105.2,996.9490000000078
2105.3,995.0827999999992
2105.4,995.5643000000009
2105.5,996.7337000000009
2105.6,992.4568999999952
2105.7,996.9570999999761
2105.8,999.3845544554424
2105.9,997.5075999999996
2106.0,998.205599999997
2106.1,1000.6295999999965
2106.2,1001.4604
2106.3,1000.9713999999977
2106.4,1001.3306000000001
2106.5,1001.1629702970296
2106.6,998.7845000000059
2106.7,999.6029999999897
2106.8,1006.1590000000097
2106.9,1020.3390000000196
2107.0,1026.6660000000006
2107.1,1024.7985000000058
2107.2,1023.2401980198033
2107.3,1030.186400000041
2107.4,1027.4751999999924
2107.5,1028.7579999999928
2107.6,1036.0167999999937
2107.7,1032.660297029723
2107.8,1020.1990999999771
2107.9,1000.9684999999649
2108.0,993.7487000000024
2108.1,994.3755999999998
2108.2,997.0911999999875
2108.3,999.3399009900993
2108.4,1001.194599999999
2108.5,1001.0570000000008
2108.6,1000.6221999999999
2108.7,1003.5423999999979
2108.8,1004.4477999999983
2108.9,1004.0141485148508
2109.0,1006.6363999999969
2109.1,1010.2846999999919
2109.2,1010.9744000000024
2109.3,1008.9834999999946
2109.4,1005.6005940594027
2109.5,1004.7739999999999
2109.6,1005.634
2109.7,1005.404
2109.8,1007.8940000000084
2109.9,1008.324
2110.0,1006.5283168316848
2110.1,1006.0130999999998
2110.2,1003.2298000000098
2110.3,999.9365999999943
2110.4,1003.3701000000185
2110.5,1007.1964999999998
2110.6,1005.9623000000063
2110.7,1008.7156435643344
2110.8,1013.3870000000014
2110.9,1017.1402000000019
2111.0,1016.1623999999978
2111.1,1014.3366000000001
2111.2,1012.2934336633697
2111.3,1010.770826732673
2111.4,1008.2663999999983
2111.5,1006.4482999999997
2111.6,1005.0366000000042
2111.7,996.8135000000198
2111.8,991.7222000000014
2111.9,986.3868237623724
2112.0,981.7803485148519
2112.1,980.884399999999
2112.2,984.7967999999872
2112.3,987.7495999999992
2112.4,987.0271999999994
2112.5,989.5780000000045
2112.6,992.7072000000014
2112.7,991.2798019801988
2112.8,990.4180000000053
2112.9,994.5300000000057
2113.0,994.5370000000058
2113.1,997.8864999999885
2113.2,1003.463499999998
2113.3,1013.632000000058
2113.4,1023.1896039604039
2113.5,1021.2275999999911
2113.6,1019.1495999999981
2113.7,1023.0171999999819
2113.8,1027.5740000000048
2113.9,1023.8947999999865
2114.0,1021.0726000000044
2114.1,1027.7956435643591
2114.2,1030.9814000000017
2114.3,1015.5671999999611
2114.4,1001.405300000002
2114.5,1003.895499999995
2114.6,1006.8518000000007
2114.7,1005.577900000001
2114.8,1006.8760396039711
2114.9,1008.7095999999999
2115.0,1007.6599999999964
2115.1,1005.3272000000015
2115.2,1005.95279999999
2115.3,1006.2127999999949
2115.4,1002.0059999999901
2115.5,997.8608910891066
2115.6,995.1603000000006
2115.7,991.4867000000011
2115.8,992.4146000000129
2115.9,994.9578000000004
2116.0,995.2436633663344
2116.1,996.6399999999976
2116.2,996.2650000000041
2116.3,995.2999999999997
2116.4,995.5400000000013
2116.5,997.415
2116.6,1001.0099999999909
2116.7,1001.8978712871344
2116.8,997.3755297029611
2116.9,997.4678000000016
2117.0,997.8620999999985
2117.1,992.7200999999992
2117.2,995.8789999999797
2117.3,1001.9169970297033
2117.4,999.8436871287171
2117.5,998.3399999999936
2117.6,1003.5583999999872
2117.7,1005.7760000000056
2117.8,1002.6587999999913
2117.9,1001.4080000000005
2118.0,1002.3155999999982
2118.1,1001.8314851485161
2118.2,998.6156000000065
2118.3,995.0308999999982
2118.4,995.715700000003
2118.5,994.8227999999954
2118.6,992.2975000000016
2118.7,993.5886999999998
2118.8,992.9973267326706
2118.9,994.0070000000044
2119.0,994.7094000000043
2119.1,993.0254
2119.2,990.4394000000077
2119.3,991.0394000000251
2119.4,1002.2460000000166
2119.5,1004.5338613861416
2119.6,1001.6734999999916
2119.7,1009.8459999999765
2119.8,1015.0835000000036
2119.9,1016.2299999999984
2120.0,1015.406
2120.1,1023.3724999999838
2120.2,1031.2563366336733
2120.3,1027.758799999996
2120.4,1024.2404000000042
2120.5,1022.964399999997
2120.6,1024.0156000000015
2120.7,1023.9275999999982
2120.8,1026.922400000007
2120.9,1025.7160000000074
2121.0,1022.6873267326739
2121.1,1025.0699999999997
2121.2,1026.809599999992
2121.3,1029.9166000000057
2121.4,1033.1969000000045
2121.5,1035.0035000000007
2121.6,1035.9909999999993
2121.7,1037.0238613861384
2121.8,1036.3245999999958
2121.9,1035.9623999999992
2122.0,1037.149
2122.1,1038.4347999999989
2122.2,1036.3136000000038
2122.3,1033.773600000012
2122.4,1036.404950495099
2122.5,1038.2751158416659
2122.6,1037.0015000000321
2122.7,1035.779099999961
2122.8,1049.7024000000238
2122.9,1051.145699999973
2123.0,1047.4646000000018
2123.1,1052.0076237623812
2123.2,1048.8140000000053
2123.3,1050.076
2123.4,1053.678
2123.5,1050.272
2123.6,1048.3899999999999
2123.7,1044.736000000025
2123.8,1037.3936831683188
2123.9,1038.8938861386155
2124.0,1041.4995000000044
2124.1,1045.7203999999972
2124.2,1045.056300000008
2124.3,1040.9532999999888
2124.4,1038.2953000000007
2124.5,1039.0879386138627
2124.6,1038.8512138613892
2124.7,1040.5883999999876
2124.8,1047.483000000001
2124.9,1048.7195999999997
2125.0,1046.4067999999975
2125.1,1042.2869306930702
2125.2,1055.7286999999355
2125.3,1082.659700000011
2125.4,1088.5861000000123
2125.5,1087.461382178231
2125.6,1083.4097465346367
2125.7,1092.7372000000546
2125.8,1087.2720000000104
2125.9,1090.7371999999903
2126.0,1085.3492079207929
2126.1,1094.0609999999806
2126.2,1085.5120000000643
2126.3,1049.5595000000076
2126.4,1049.4264999999918
2126.5,1047.1005940594057
2126.6,1049.2249999999995
2126.7,1050.397600000009
2126.8,1047.6939999999968
2126.9,1046.6676000000023
2127.0,1050.1810000000096
2127.1,1055.8621999999996
2127.2,1056.6426732673344
2127.3,1054.1369999999974
2127.4,1052.6938000000016
2127.5,1053.3950999999956
2127.6,1055.1428000000053
2127.7,1050.7479999999982
2127.8,1053.183000000005
2127.9,1053.1752475247517
2128.0,1047.7159999999972
2128.1,1041.7564000000048
2128.2,1039.0120000000134
2128.3,1035.8336000000008
2128.4,1028.067199999954
2128.5,1009.7211999999987
2128.6,1005.6198019802081
2128.7,1007.1208999999963
2128.8,1014.3906999999621
2128.9,1011.3736999999957
2129.0,1021.1608000000026
2129.1,1011.8372000000011
2129.2,1009.5518999999993
2129.3,1008.9305326732313
2129.4,1011.2361485149203
2129.5,1031.8019999999976
2129.6,1029.989
2129.7,1028.6980000000094
2129.8,1023.8529999999853
2129.9,1019.8200000000038
2130.0,1022.7595049505048
2130.1,1026.2155999999995
2130.2,1024.5139
2130.3,1024.7980000000002
2130.4,1026.7056000000007
2130.5,1030.8212000000012
2130.6,1033.5810999999992
2130.7,1031.5226722772272
2130.8,1033.2568435643648
2130.9,1035.216799999999
2131.0,1034.8319999999992
2131.1,1034.0476000000072
2131.2,1033.759599999984
2131.3,1038.987199999989
2131.4,1035.0695999999948
2131.5,1031.5128831683207
2131.6,1031.19293465347
2131.7,1036.0053000000014
2131.8,1033.8056999999992
2131.9,1033.5716000000014
2132.0,1035.2061000000003
2132.1,1036.9861000000037
2132.2,1039.8192079207915
2132.3,1037.9862000000155
2132.4,1042.104800000004
2132.5,1044.323999999996
2132.6,1043.6620000000148
2132.7,1035.521800000001
2132.8,1038.4592000000412
2132.9,1045.1960396039315
2133.0,1035.9924999999953
2133.1,1029.8400000000001
2133.2,1020.8950000000001
2133.3,1017.7799999999859
2133.4,1005.3449999999857
2133.5,998.8450000000132
2133.6,1004.1788118811796
2133.7,994.156799999999
2133.8,993.0619999999797
2133.9,988.0423999999961
2134.0,991.0520000000009
2134.1,990.1140000000008
2134.2,990.2714495049456
2134.3,994.0638851485222
2134.4,997.2400999999966
2134.5,995.2434999999992
2134.6,994.9285999999887
2134.7,998.0447999999977
2134.8,998.3125999999979
2134.9,996.7580049504926
2135.0,994.4494514851494
2135.1,991.9040000000007
2135.2,992.1131999999975
2135.3,994.8989999999782
2135.4,990.5461999999976
2135.5,994.7199999999997
2135.6,994.8464356435654
2135.7,993.9608999999992
2135.8,994.4336000000025
2135.9,995.7637000000041
2136.0,998.9979000000087
2136.1,1004.885800000005
2136.2,1003.1943564356449
2136.3,1003.758
2136.4,1006.582
2136.5,1002.392
2136.6,1000.2719999999999
2136.7,1002.2079999999991
2136.8,1001.6974257425709
2136.9,997.1511000000077
2137.0,1001.2292999999968
2137.1,1002.2813000000015
2137.2,1001.2492000000047
2137.3,1000.7532000000182
2137.4,1006.302299999997
2137.5,1004.6469306930708
2137.6,1003.4481999999988
2137.7,1001.895799999999
2137.8,1003.9533999999993
2137.9,1001.8615999999975
2138.0,997.3941999999998
2138.1,996.2507999999978
2138.2,991.7669306930692
2138.3,988.8706999999845
2138.4,984.3898999999988
2138.5,984.1505999999981
2138.6,985.5889999999956
2138.7,987.8605999999996
2138.8,988.1076237623777
2138.9,988.1083999999973
2139.0,986.632800000006
2139.1,992.8544000000009
2139.2,996.2552000000055
2139.3,996.1988000000069
2139.4,1003.2949742574281
2139.5,1006.1036386138654
2139.6,1002.5850000000005
2139.7,1002.0855000000018
2139.8,1000.6729999999995
2139.9,1000.4540000000005
2140.0,1000.6934999999953
2140.1,1004.7864999999954
2140.2,1007.5597029703039
2140.3,1003.7128000000027
2140.4,1006.169600000007
2140.5,1010.6250000000002
2140.6,1010.9436000000005
2140.7,1011.2832000000068
2140.8,1008.7123999999927
2140.9,1004.053465346534
2141.0,1003.4385000000011
2141.1,1002.5787999999975
2141.2,1008.7281999999849
2141.3,1029.420000000036
2141.4,1037.649700000007
2141.5,1028.7995999999994
2141.6,1030.8163366336544
2141.7,1037.9196000000256
2141.8,1029.7020000000011
2141.9,1029.8207999999938
2142.0,1028.68960000002
2142.1,1041.1643564356687
2142.2,1028.7473000000216
2142.3,1001.7623000000013
2142.4,996.3929999999998
2142.5,996.6273267326733
2142.6,996.1440000000049
2142.7,994.7669999999871
2142.8,1000.0990000000052
2142.9,1001.9009999999942
2143.0,999.9260000000065
2143.1,1003.196336633662
2143.2,1003.6299000000004
2143.3,1001.4356999999987
2143.4,996.8191000000004
2143.5,998.9026732673269
2143.6,1001.3932000000067
2143.7,998.3823999999909
2143.8,1002.7331999999906
2143.9,999.7228000000052
2144.0,1001.4416673267381
2144.1,998.3517762376239
2144.2,998.536200000013
2144.3,995.4594000000003
2144.4,996.2007000000034
2144.5,1000.8102999999994
2144.6,1000.1381
2144.7,999.780500000011
2144.8,997.563861386144
2144.9,1003.2723999999943
2145.0,1001.1972000000053
2145.1,997.638799999998
2145.2,999.253199999995
2145.3,1002.4037999999816
2145.4,997.433600000022
2145.5,1004.596417821781
2145.6,1005.4166485148507
2145.7,1003.9735000000067
2145.8,1002.4895000000081
2145.9,1009.1360000000002
2146.0,1009.1734999999983
2146.1,1007.8425000000022
2146.2,1010.067000000007
2146.3,1008.2095049504971
2146.4,1009.6368000000109
2146.5,998.0288000000003
2146.6,997.6948000000015
2146.7,996.0552000000017
2146.8,994.2988000000033
2146.9,995.1776000000011
2147.0,993.9378217821778
2147.1,994.462399999991
2147.2,997.5066999999945
2147.3,999.2949999999976
2147.4,997.876900000002
2147.5,999.216100000007
2147.6,1004.0537445544445
2147.7,1007.2693306930685
2147.8,979.8117999999604
2147.9,970.4273999999925
2148.0,986.3998000000016
2148.1,982.7788000000041
2148.2,974.207999999993
2148.3,989.4445544554749
2148.4,996.5615999999922
2148.5,992.6364999999753
2148.6,980.5486999999654
2148.7,994.3765999999758
2148.8,1003.9704000000063
2148.9,1006.9764999999992
2149.0,1006.6875247524869
2149.1,1012.4399999999999
2149.2,1008.47
2149.3,1004.1500000000001
2149.4,1006.5899999999999
2149.5,1005.79
2149.6,1008.67
2149.7,1005.500495049505
2149.8,1008.7475297029785
2149.9,1006.1861999999934
2150.0,1008.3082999999957
2150.1,1001.5386000000141
2150.2,1002.9252999999969
2150.3,1001.9004999999974
2150.4,999.6723999999944
2150.5,997.4739603960386
2150.6,994.6663999999987
2150.7,998.4123999999845
2150.8,1000.459800000001
2150.9,1004.1946000000017
2151.0,999.5659999999979
2151.1,998.0881999999995
2151.2,991.816623762387
2151.3,993.9775782178287
2151.4,998.9582000000149
2151.5,1001.0305999999971
2151.6,998.7911000000038
2151.7,1005.1025999999895
2151.8,1004.0680999999963
2151.9,1002.7010999999959
2152.0,1002.8616831683171
2152.1,1009.4364000000062
2152.2,1010.8907999999957
2152.3,1012.044000000001
2152.4,1007.6067999999958
2152.5,1007.4680000000001
2152.6,1006.9611999999995
2152.7,1010.7990099009859
2152.8,1004.2359999999758
2152.9,1004.991499999999
2153.0,1002.0195000000036
2153.1,1008.8234999999917
2153.2,1007.0050000000026
2153.3,1003.9647524752429
2153.4,1006.7222000000042
2153.5,1005.2931999999977
2153.6,1002.614400000008
2153.7,1006.6705999999857
2153.8,1006.3908910891067
2153.9,1005.8943000000002
2154.0,1007.6920999999986
2154.1,1009.122699999999
2154.2,985.9607000000171
2154.3,954.5801999998769
2154.4,974.4560999999915
2154.5,977.1789108910909
2154.6,969.2568000000206
2154.7,954.9992000000402
2154.8,971.1896000000344
2154.9,960.4639999999758
2155.0,939.3623999999604
2155.1,951.676689108875
2155.2,968.2210633663292
2155.3,989.0393000000039
2155.4,984.7984000000016
2155.5,990.0321999999985
2155.6,993.1761999999993
2155.7,990.8365000000007
2155.8,997.5266336633853
2155.9,1004.590000000016
2156.0,1006.3069999999979
2156.1,1006.9239999999986
2156.2,1006.7370000000005
2156.3,1002.4439999999892
2156.4,1001.6549999999992
2156.5,1003.4912871287139
2156.6,1004.8325000000002
2156.7,1001.0450999999989
2156.8,1006.692100000005
2156.9,1010.3425000000008
2157.0,1006.258899999999
2157.1,1000.6960396039693
2157.2,1004.1999999999913
2157.3,1006.0812000000041
2157.4,1003.655199999992
2157.5,1000.9680000000033
2157.6,1002.7883999999955
2157.7,1004.4615999999971
2157.8,992.852772277215
2157.9,991.0839000000001
2158.0,991.9152000000007
2158.1,990.9176999999991
2158.2,999.5456999999669
2158.3,997.6931999999974
2158.4,997.2287
2158.5,995.9293069306947
2158.6,998.4891999999955
2158.7,992.9802000000095
2158.8,995.0802000000114
2158.9,998.1255999999979
2159.0,999.0253465346539
2159.1,993.2959999999923
2159.2,989.9495000000076
2159.3,995.7280000000083
2159.4,994.0744999999963
2159.5,988.4381584158346
2159.6,992.5963999999965
2159.7,996.296799999997
2159.8,990.7299999999736
2159.9,995.4415999999987
2160.0,998.4229702970323
2160.1,991.7284000000186
2160.2,939.0690000001823
2160.3,889.0719999999242
2160.4,842.6274257425785
2160.5,789.6610000000247
2160.6,732.7100000000262
2160.7,688.2726000000189
2160.8,640.8313999999823
2160.9,572.791536633696
2161.0,526.2251950494403
2161.1,486.21200000006513
2161.2,473.5065000000159
2161.3,471.78159999999866
2161.4,471.4250999999994
2161.5,470.9406999999989
2161.6,470.58336633663356
2161.7,470.312
2161.8,470.0039999999997
2161.9,469.836
2162.0,469.746
2162.1,469.594
2162.2,469.55199999999996
2162.3,469.5262376237623
2162.4,469.40929603960365
2162.5,469.41949999999997
2162.6,469.3589000000002
2162.7,469.25310000000025
2162.8,469.31690000000026
2162.9,469.26889999999975
2163.0,469.24210000000005
2163.1,469.17742574257426
2163.2,469.04300000000046
2163.3,468.971
2163.4,468.88199999999995
2163.5,468.7195999999999
2163.6,468.6878
2163.7,468.62760000000026
2163.8,468.43948118811846
2163.9,468.35129504950487
2164.0,468.27840000000003
2164.1,468.1599000000002
2164.2,468.16079999999994
2164.3,468.15459999999996
2164.4,468.11149999999986
2164.5,468.1154
2164.6,468.0513861386138
2164.7,468.0603999999999
2164.8,468.10040000000004
2164.9,468.0263999999999
2165.0,468.0076
2165.1,468.02520000000004
2165.2,467.9171287128714
2165.3,467.9700000000004
2165.4,468.0075
2165.5,467.91250000000014
2165.6,467.96999999999986
2165.7,467.9775
2165.8,467.93249999999983
2165.9,467.96455445544564
2166.0,467.95039999999995
2166.1,467.88080000000014
2166.2,467.9339999999997
2166.3,467.8415999999998
2166.4,467.77779999999996
2166.5,467.83660000000015
2166.6,467.7720792079208
2166.7,467.7546
2166.8,467.81840000000005
2166.9,467.76700000000005
2167.0,467.77649999999994
2167.1,467.8411
2167.2,467.83831683168324
2167.3,467.83720000000005
2167.4,467.85440000000006
2167.5,467.8239999999999
2167.6,467.82439999999997
2167.7,467.7436000000003
2167.8,467.68119999999993
2167.9,467.7412871287129
2168.0,467.7203
2168.1,467.6503
2168.2,467.65840000000003
2168.3,467.6131999999999
2168.4,467.6042
2168.5,467.6739
2168.6,467.6720217821783
2168.7,467.72982178217796
2168.8,467.7249999999999
2168.9,467.68899999999996
2169.0,467.715
2169.1,467.7020000000001
2169.2,467.64800000000014
2169.3,467.643306930693
2169.4,467.6014851485148
2169.5,467.5593
2169.6,467.5431
2169.7,467.47790000000026
2169.8,467.5052
2169.9,467.53
2170.0,467.461683168317
2170.1,467.5047999999998
2170.2,467.5807999999999
2170.3,467.56599999999986
2170.4,467.59760000000017
2170.5,467.5996
2170.6,467.53560000000016
2170.7,467.5234653465346
2170.8,467.47639999999996
2170.9,467.38969999999995
2171.0,467.3667
2171.1,467.2560999999999
2171.2,467.1933
2171.3,467.17659999999995
2171.4,467.09702970297036
2171.5,467.0798
2171.6,467.12299999999993
2171.7,467.0938000000001
2171.8,467.04359999999986
2171.9,467.0894
2172.0,467.10020000000003
2172.1,467.12920792079194
2172.2,467.1565
2172.3,467.12749999999994
2172.4,467.12300000000005
2172.5,467.09099999999995
2172.6,467.1024999999999
2172.7,467.12649999999996
2172.8,467.09132178217806
2172.9,467.1085069306931
2173.0,467.14279999999997
2173.1,467.1372
2173.2,467.16839999999996
2173.3,467.1771999999999
2173.4,467.10599999999994
2173.5,467.11479999999995
2173.6,467.0952000000001
2173.7,467.0129702970299
2173.8,467.05560000000014
2173.9,466.99919999999975
2174.0,466.9589000000001
2174.1,467.0329999999999
2174.2,467.0070000000003
2174.3,467.03930000000014
2174.4,467.13620099009904
2174.5,467.10800000000006
2174.6,467.09479999999996
2174.7,467.17819999999995
2174.8,467.1579999999999
2174.9,467.1944
2175.0,467.2338
2175.1,467.1440594059408
2175.2,467.1448999999998
2175.3,467.13729999999987
2175.4,467.0550999999998
2175.5,467.11149999999986
2175.6,467.15780000000007
2175.7,467.14993960396043
2175.8,467.18603960396047
2175.9,467.156
2176.0,467.15
2176.1,467.206
2176.2,467.188
2176.3,467.17800000000005
2176.4,467.256
2176.5,467.222
2176.6,467.18782178217816
2176.7,467.19410000000005
2176.8,467.1427999999998
2176.9,467.12180000000006
2177.0,467.0887
2177.1,467.04230000000007
2177.2,467.0594999999999
2177.3,467.05079207920784
2177.4,467.001
2177.5,467.02060000000006
2177.6,466.9513999999999
2177.7,466.9089999999999
2177.8,466.93
2177.9,466.9014019801981
2178.0,466.88557227722765
2178.1,466.8558000000001
2178.2,466.7844000000001
2178.3,466.7100999999998
2178.4,466.6629
2178.5,466.6215000000001
2178.6,466.6284999999999
2178.7,466.60485148514874
2178.8,466.5644
2178.9,466.5824
2179.0,466.5608
2179.1,466.5244
2179.2,466.5256
2179.3,466.4851999999999
2179.4,466.4828792079207
2179.5,466.5151881188118
2179.6,466.49800000000005
2179.7,466.49649999999997
2179.8,466.51
2179.9,466.5045
2180.0,466.5274999999999
2180.1,466.55
2180.2,466.58849999999995
2180.3,466.6581188118813
2180.4,466.67379999999997
2180.5,466.7032000000001
2180.6,466.7831999999999
2180.7,466.76060000000035
2180.8,466.77480000000014
2180.9,466.84620000000007
2181.0,466.82252079207916
2181.1,466.82705346534647
2181.2,466.8441
2181.3,466.80349999999993
2181.4,466.8382999999999
2181.5,466.8847
2181.6,466.88
2181.7,466.9382999999999
2181.8,466.9581999999999
2181.9,466.94574257425745
2182.0,467.01200000000017
2182.1,466.9872000000001
2182.2,466.9407999999999
2182.3,467.00160000000017
2182.4,466.9515999999997
2182.5,466.8749425742574
2182.6,466.9004485148515
2182.7,466.8639
2182.8,466.8712000000003
2182.9,466.8943
2183.0,466.8447
2183.1,466.9008445544553
2183.2,466.9649504950495
2183.3,466.94499999999994
2183.4,466.9700000000002
2183.5,466.995
2183.6,466.9600000000001
2183.7,466.9549999999999
2183.8,466.89574257425727
2183.9,466.85920000000004
2184.0,466.8902
2184.1,466.8261
2184.2,466.80919999999986
2184.3,466.8549
2184.4,466.8551
2184.5,466.8888118811881
2184.6,466.9395999999999
2184.7,466.95959999999997
2184.8,466.9988000000002
2184.9,467.006
2185.0,467.0183999999998
2185.1,467.0887999999999
2185.2,467.1106376237625
2185.3,467.1091376237623
2185.4,467.12
2185.5,467.0682999999999
2185.6,467.0570000000001
2185.7,467.09590000000003
2185.8,467.08000000000004
2185.9,467.0939603960396
2186.0,467.0732000000001
2186.1,467.04839999999996
2186.2,467.0838
2186.3,467.1138000000001
2186.4,467.14840000000004
2186.5,467.1792
2186.6,467.1535643564358
2186.7,467.1234999999999
2186.8,467.1355
2186.9,467.11199999999997
2187.0,467.1170000000001
2187.1,467.12750000000005
2187.2,467.06850000000026
2187.3,467.048
2187.4,467.029900990099
2187.5,466.98
2187.6,467.0063999999999
2187.7,467.01800000000003
2187.8,467.0208000000001
2187.9,467.0468
2188.0,466.99480000000005
2188.1,466.98049504950484
2188.2,467.0071000000001
2188.3,466.95129999999983
2188.4,466.9172000000001
2188.5,466.9357
2188.6,466.88270000000006
2188.7,466.86257425742554
2188.8,466.8863999999998
2188.9,466.84
2189.0,466.8778
2189.1,466.88800000000003
2189.2,466.8929999999999
2189.3,467.0052000000001
2189.4,467.01060000000007
2189.5,466.999108910891
2189.6,467.04819999999995
2189.7,466.9739000000005
2189.8,466.8417999999999
2189.9,466.83410000000003
2190.0,466.7579999999999
2190.1,466.6563999999999
2190.2,466.63132772277265
2190.3,466.5199405940594
2190.4,466.464
2190.5,466.422
2190.6,466.33799999999997
2190.7,466.3480396039603
2190.8,466.3541752475247
2190.9,466.29609999999997
2191.0,466.31730000000005
2191.1,466.29760000000033
2191.2,466.2389999999998
2191.3,466.3195000000001
2191.4,466.31524752475235
2191.5,466.29420000000005
2191.6,466.3386
2191.7,466.30100000000004
2191.8,466.31180000000006
2191.9,466.361
2192.0,466.29222574257426
2192.1,466.26718712871275
2192.2,466.28560000000016
2192.3,466.20629999999994
2192.4,466.2222000000001
2192.5,466.23040000000015
2192.6,466.21329999999983
2192.7,466.2626366336634
2192.8,466.2392
2192.9,466.23440000000005
2193.0,466.2708
2193.1,466.27920000000006
2193.2,466.2778217821781
2193.3,466.31700000000006
2193.4,466.3265
2193.5,466.28500000000014
2193.6,466.234
2193.7,466.2807920792078
2193.8,466.2689999999998
2193.9,466.19040000000007
2194.0,466.21639999999996
2194.1,466.1428712871286
2194.2,466.0895999999999
2194.3,466.1402999999998
2194.4,466.05030000000005
2194.5,466.02959999999996
2194.6,466.07700000000006
2194.7,466.00019801980204
2194.8,466.0056000000002
2194.9,466.01839999999976
2195.0,465.9364
2195.1,465.9595999999999
2195.2,465.9352000000004
2195.3,465.8621782178219
2195.4,465.9162
2195.5,465.88970000000006
2195.6,465.84029999999996
2195.7,465.92690000000005
2195.8,465.89519999999976
2195.9,465.87719999999996
2196.0,465.96
2196.1,465.96899999999994
2196.2,466.01999999999975
2196.3,466.0809999999999
2196.4,466.057
2196.5,466.0710000000001
2196.6,466.0784158415844
2196.7,465.99159999999995
2196.8,466.0316
2196.9,466.03389999999996
2197.0,465.9729
2197.1,465.98580000000004
2197.2,465.96810000000016
2197.3,465.9100128712872
2197.4,465.9659564356435
2197.5,465.9856
2197.6,466.0139999999999
2197.7,466.0276000000001
2197.8,465.97560000000004
2197.9,466.0066336633665
2198.0,466.04496138613854
2198.1,466.04350000000005
2198.2,466.0719
2198.3,466.0554
2198.4,466.0619
2198.5,466.05620000000005
2198.6,466.1
2198.7,466.1311999999998
2198.8,466.20439999999985
2198.9,466.14699999999993
2199.0,466.1126
2199.1,466.0810000000002
2199.2,465.97779999999995
2199.3,465.9923029702969
2199.4,465.95029702970294
2199.5,465.90000000000003
2199.6,465.9175
2199.7,465.86500000000024
2199.8,465.8450000000001
2199.9,465.9475000000001
2200.0,466.03
2200.1,466.06960396039614
2200.2,466.1804
2200.3,466.15
2200.4,466.16439999999994
2200.5,466.16680000000014
2200.6,466.0372
2200.7,466.03386138613877
2200.8,465.90859999999975
2200.9,465.76079999999996
2201.0,465.70469999999995
2201.1,465.60160000000025
2201.2,465.53999999999996
2201.3,465.52178217821773
2201.4,465.4556
2201.5,465.4532
2201.6,465.4802000000001
2201.7,465.40999999999997
2201.8,465.4342000000003
2201.9,465.5002
2202.0,465.44960396039596
2202.1,465.51790000000005
2202.2,465.4785000000004
2202.3,465.3915000000003
2202.4,465.5036999999999
2202.5,465.46739999999994
2202.6,465.43663366336614
2202.7,465.496
2202.8,465.474
2202.9,465.458
2203.0,465.478
2203.1,465.438
2203.2,465.48199999999997
2203.3,465.50617821782174
2203.4,465.42726039603974
2203.5,465.5094999999999
2203.6,465.5329000000002
2203.7,465.4713999999999
2203.8,465.5181
2203.9,465.48909999999984
2204.0,465.4169683168315
2204.1,465.4772376237624
2204.2,465.42
2204.3,465.43260000000004
2204.4,465.4792
2204.5,465.43
2204.6,465.44440000000003
2204.7,465.4974
2204.8,465.4417821782178
2204.9,465.46870000000024
2205.0,465.53620000000024
2205.1,465.4301999999999
2205.2,465.48509999999993
2205.3,465.49990099009887
2205.4,465.4628000000001
2205.5,465.52039999999994
2205.6,465.4684
2205.7,465.4695999999998
2205.8,465.5136
2205.9,465.4832
2206.0,465.50792079207923
2206.1,465.5380000000001
2206.2,465.47
2206.3,465.4745000000001
2206.4,465.48350000000016
2206.5,465.39599999999996
2206.6,465.43
2206.7,465.4181188118813
2206.8,465.3528
2206.9,465.36719999999997
2207.0,465.34579999999994
2207.1,465.3256
2207.2,465.3586
2207.3,465.35560000000004
2207.4,465.3983029702971
2207.5,465.44774455445554
2207.6,465.43129999999996
2207.7,465.4452
2207.8,465.47349999999983
2207.9,465.44429999999994
2208.0,465.54
2208.1,465.5348
2208.2,465.5064356435643
2208.3,465.5476
2208.4,465.5288
2208.5,465.5272000000001
2208.6,465.5752000000001
2208.7,465.5483999999998
2208.8,465.61480000000006
2208.9,465.63811881188104
2209.0,465.55769999999995
2209.1,466.46479999999826
2209.2,479.50289999995897
2209.3,536.2382999999865
2209.4,595.482299999987
2209.5,651.4615841583941
2209.6,701.5389999998495
2209.7,766.0939999998867
2209.8,816.0090000001151
2209.9,868.0370000001477
2210.0,930.9530000000809
2210.1,976.7799999998672
2210.2,1029.0291089108987
2210.3,1027.0586000000021
2210.4,1035.4195999999993
2210.5,1032.7272000000012
2210.6,1037.9764999999993
2210.7,1035.572599999999
2210.8,1040.1887732673265
2210.9,1039.8192712871285
2211.0,1041.91320000001
2211.1,1037.0307999999968
2211.2,1038.5860000000014
2211.3,1037.3131999999819
2211.4,1031.0591999999976
2211.5,1029.9279168316878
2211.6,1027.6249425742578
2211.7,1027.8106000000093
2211.8,1025.6986000000013
2211.9,1027.1969999999967
2212.0,1021.9651999999934
2212.1,1012.1459999999955
2212.2,1002.6116831682212
2212.3,1026.7017999999873
2212.4,1023.1074000000067
2212.5,1025.4531999999956
2212.6,1028.1632000000072
2212.7,1024.1014732672982
2212.8,1038.0250148513644
2212.9,1033.158500000006
2213.0,1038.0074999999986
2213.1,1037.2450000000078
2213.2,1045.1195000000137
2213.3,1041.3245000000004
2213.4,1041.6232673267332
2213.5,1042.2351999999962
2213.6,1046.1872000000003
2213.7,1045.7664000000027
2213.8,1043.202400000014
2213.9,1046.8024000000069
2214.0,1039.8083999999967
2214.1,1043.3747999999998
2214.2,1043.354950495053
2214.3,1039.856799999988
2214.4,1032.7225000000044
2214.5,1035.3984000000005
2214.6,1035.5827000000086
2214.7,1032.690100000007
2214.8,1030.1920999999875
2214.9,1022.6236000000065
2215.0,1026.601584158415
2215.1,1026.0261999999993
2215.2,1027.842599999988
2215.3,1054.3758000000873
2215.4,1075.4024000000074
2215.5,1059.5453999999954
2215.6,1069.3135999999956
2215.7,1078.615445544559
2215.8,1069.7118000000473
2215.9,1092.4836999999638
2216.0,1075.165100000027
2216.1,1088.5257000000036
2216.2,1086.7442000000915
2216.3,1050.4741999999885
2216.4,1044.9653495049536
2216.5,1046.4981188118809
2216.6,1051.61
2216.7,1050.39
2216.8,1050.17
2216.9,1049.28
2217.0,1050.6799999999998
2217.1,1056.53
2217.2,1056.46
2217.3,1053.0045544554368
2217.4,1049.06939999999
2217.5,1047.7133000000026
2217.6,1042.88860000001
2217.7,1041.1768000000034
2217.8,1049.5651000000212
2217.9,1048.887699999998
2218.0,1048.2820792079206
2218.1,1047.4859999999996
2218.2,1047.5777999999996
2218.3,1055.4298000000035
2218.4,1055.9036
2218.5,1039.5635999999922
2218.6,1041.0626000000009
2218.7,1039.722178217824
2218.8,1032.715399999979
2218.9,1033.4409000000028
2219.0,1035.2741999999973
2219.1,1029.5197000000096
2219.2,1024.9529108911056
2219.3,1026.1331881188132
2219.4,1024.3179999999982
2219.5,1035.644800000011
2219.6,1030.3119999999944
2219.7,1030.5595999999982
2219.8,1032.0008000000012
2219.9,1028.2199999999964
2220.0,1028.9914851485137
2220.1,1031.7949999999967
2220.2,1031.0470000000012
2220.3,1025.8414999999816
2220.4,1026.3109999999992
2220.5,1029.3994999999964
2220.6,1028.4390000000012
2220.7,1030.2705940593999
2220.8,1025.1541999999924
2220.9,1026.7752000000028
2221.0,1029.1654000000033
2221.1,1029.9021999999982
2221.2,1034.5553999999843
2221.3,1034.2355564356412
2221.4,1035.5104891089104
2221.5,1031.266900000003
2221.6,1030.3262000000004
2221.7,1029.6383000000005
2221.8,1030.9943000000058
2221.9,1031.3046
2222.0,1036.537299999996
2222.1,1033.9650495049586
2222.2,1031.4560000000067
2222.3,1026.3471999999902
2222.4,1034.5864000000172
2222.5,1033.7667999999967
2222.6,1033.9427999999991
2222.7,1035.3454455445537
2222.8,1043.2787000000017
2222.9,1043.7224
2223.0,1036.5374000000018
2223.1,1027.276000000002
2223.2,1019.0863000000019
2223.3,1030.4812000000024
2223.4,1019.1832673267048
2223.5,1018.2149999999991
2223.6,1035.0269999999578
2223.7,1020.0690000000425
2223.8,1007.498999999973
2223.9,1009.094475247527
2224.0,1011.2099782178223
2224.1,1014.0911000000008
2224.2,1012.0436999999994
2224.3,1017.2502000000045
2224.4,1016.7907999999998
2224.5,1018.5902000000006
2224.6,1016.0887999999993
2224.7,1015.1684158415851
2224.8,1015.6356000000017
2224.9,1017.3028000000049
2225.0,1013.7536000000053
2225.1,1014.0759999999983
2225.2,1009.4224039604152
2225.3,1007.5541227722763
2225.4,1004.804799999998
2225.5,1002.2623999999983
2225.6,1004.236800000002
2225.7,1007.9294999999875
2225.8,1008.6214000000001
2225.9,1002.8442574257498
2226.0,1008.16219999999
2226.1,1004.759600000007
2226.2,1002.199600000003
2226.3,998.1933999999864
2226.4,994.4510000000028
2226.5,992.143366336632
2226.6,983.635999999989
2226.7,984.0684999999941
2226.8,981.8839999999967
2226.9,983.1910000000023
2227.0,978.4849999999932
2227.1,985.9215000000112
2227.2,987.9201980198015
2227.3,984.4835999999846
2227.4,990.8659999999984
2227.5,1000.3075999999912
2227.6,1001.4048000000005
2227.7,1002.9747999999981
2227.8,1008.3715841584275
2227.9,1004.1294999999899
2228.0,1005.3325000000043
2228.1,1001.9322000000102
2228.2,1001.0404000000003
2228.3,996.878299999992
2228.4,1002.9165346534646
2228.5,1003.4752000000005
2228.6,1001.3676000000012
2228.7,999.392000000001
2228.8,1003.9536000000023
2228.9,1004.8004000000001
2229.0,1003.8972000000006
2229.1,1005.5286138613814
2229.2,1006.6384999999977
2229.3,1006.8567000000002
2229.4,998.91579999998
2229.5,999.9903000000074
2229.6,997.7637594059405
2229.7,995.7074851485145
2229.8,991.849999999996
2229.9,990.57
2230.0,989.686
2230.1,989.8340000000001
2230.2,990.5600000000001
2230.3,992.454653465353
2230.4,988.8730999999872
2230.5,992.0185999999942
2230.6,997.6903999999882
2230.7,996.4905000000063
2230.8,1003.3787000000237
2230.9,1009.2438821782222
2231.0,1009.6176461797112
2231.1,1006.2934188679307
2231.2,1004.2404000000032
2231.3,1016.8340000000327
2231.4,1025.2512000000086
2231.5,1033.649524752479
2231.6,1035.2858425742577
2231.7,1037.7080999999991
2231.8,1040.9590000000032
2231.9,1038.0725000000011
2232.0,1042.5281999999982
2232.1,1043.3938000000005
2232.2,1042.4802
2232.3,1034.637326732642
2232.4,1020.2749999999639
2232.5,1013.3640000000028
2232.6,1013.048999999998
2232.7,1010.3000000000097
2232.8,1007.4575247524733
2232.9,1007.9085000000003
2233.0,1005.301199999999
2233.1,1001.1951999999991
2233.2,1000.4974999999978
2233.3,1001.5994000000003
2233.4,999.2644999999991
2233.5,1000.2466336633627
2233.6,1004.0035999999927
2233.7,1004.7188000000016
2233.8,1000.0911999999823
2233.9,1001.1476000000124
2234.0,1003.2899999999996
2234.1,1002.1220792079212
2234.2,1005.7951999999844
2234.3,1008.2012000000002
2234.4,1008.6282000000003
2234.5,1005.771699999997
2234.6,1006.0253000000018
2234.7,1003.9809564356465
2234.8,999.8627940593932
2234.9,1003.6150000000014
2235.0,1007.3125999999978
2235.1,1005.9196000000039
2235.2,1006.866999999996
2235.3,1007.7511999999995
2235.4,1005.4551485148453
2235.5,1004.2049999999999
2235.6,1005.1059999999974
2235.7,1004.7195000000047
2235.8,1003.2584999999983
2235.9,1002.151499999999
2236.0,1001.931
2236.1,998.4036485148536
2236.2,992.4524792079256
2236.3,995.2404000000287
2236.4,995.9835999999978
2236.5,994.8036000000001
2236.6,995.5807999999988
2236.7,1001.0887999999927
2236.8,1001.1047999999839
2236.9,1000.7076237623808
2237.0,1004.2539000000072
2237.1,1003.8258000000043
2237.2,1000.44800000001
2237.3,1000.6012000000036
2237.4,1005.4620000000102
2237.5,1004.1747524752458
2237.6,1005.7395999999973
2237.7,1004.6214000000025
2237.8,1016.4204000000285
2237.9,1024.7726000000002
2238.0,1023.7586000000007
2238.1,1023.3426
2238.2,1025.7381188118748
2238.3,1028.031800000003
2238.4,1023.8546999999842
2238.5,1022.8712999999976
2238.6,1022.9073000000052
2238.7,1021.599800000002
2238.8,1003.7546999999411
2238.9,993.4197029702983
2239.0,996.1199999999999
2239.1,995.7520000000001
2239.2,994.8420000000001
2239.3,995.7260000000022
2239.4,995.1279999999999
2239.5,994.498
2239.6,994.7360000000001
2239.7,995.507524752474
2239.8,996.0090000000002
2239.9,989.7900999999734
2240.0,987.0919999999994
2240.1,986.6765000000054
2240.2,985.926299999999
2240.3,986.2721000000005
2240.4,988.9495049505008
2240.5,990.7361999999999
2240.6,989.361799999999
2240.7,990.4357999999924
2240.8,991.8172
2240.9,992.0658415841581
2241.0,993.5824999999965
2241.1,997.399999999992
2241.2,998.9971000000015
2241.3,1002.4845000000203
2241.4,1005.0366999999998
2241.5,1004.2207920792081
2241.6,1002.7951999999984
2241.7,1002.314799999999
2241.8,1002.3683999999996
2241.9,1001.1235999999983
2242.0,1002.6711247524743
2242.1,1000.0456881188213
2242.2,997.2164999999982
2242.3,997.6529999999982
2242.4,995.594999999997
2242.5,992.8340000000026
2242.6,993.6489999999961
2242.7,995.593499999999
2242.8,997.3161435643618
2242.9,999.7030673267361
2243.0,1001.5762000000021
2243.1,1005.4929999999935
2243.2,1008.9319999999959
2243.3,1008.2231999999967
2243.4,1007.930800000002
2243.5,1007.2559405940588
2243.6,1003.2987000000036
2243.7,1002.1749999999984
2243.8,1002.8358999999987
2243.9,1001.9189000000006
2244.0,1000.4288000000013
2244.1,1000.4985148514818
2244.2,1004.1911999999854
2244.3,1011.2952000000159
2244.4,1015.2295999999991
2244.5,1011.9275999999894
2244.6,1012.8695999999961
2244.7,1019.1253465346458
2244.8,1021.6377999999995
2244.9,1018.3476000000014
2245.0,1013.6070000000007
2245.1,1016.238299999998
2245.2,1015.0670000000023
2245.3,1004.7567999999794
2245.4,998.4881188118788
2245.5,997.9749999999999
2245.6,998.5500000000005
2245.7,998.9699999999976
2245.8,1002.3750000000131
2245.9,1003.7999999999934
2246.0,1003.4390099009904
2246.1,1006.2287752475211
2246.2,1006.3918000000065
2246.3,1003.0794999999993
2246.4,1003.7553000000012
2246.5,1004.173199999999
2246.6,999.6412871287166
2246.7,996.8052000000015
2246.8,994.0291999999864
2246.9,990.504399999999
2247.0,987.3344000000081
2247.1,985.3315999999987
2247.2,989.5439999999853
2247.3,994.1482178217836
2247.4,993.8109999999988
2247.5,995.9932000000044
2247.6,1000.4523000000015
2247.7,999.2332673267341
2247.8,999.6926000000217
2247.9,1004.1658000000018
2248.0,1003.8994000000035
2248.1,1001.0456000000042
2248.2,1001.9903999999922
2248.3,1001.4605999999749
2248.4,995.2172178217775
2248.5,994.675891089108
2248.6,997.6334999999983
2248.7,996.9300000000129
2248.8,995.3395000000014
2248.9,999.5722772277245
2249.0,1002.9888000000022
2249.1,999.9060000000036
2249.2,998.5771999999984
2249.3,1000.985200000005
2249.4,1003.5855999999981
2249.5,1005.8675247524757
2249.6,1008.3861999999992
2249.7,1011.1561999999901
2249.8,1010.9228999999922
2249.9,1008.0642
2250.0,1006.5120999999945
2250.1,1001.4516831683118
2250.2,999.3139999999978
2250.3,1003.9216000000097
2250.4,1008.5023999999978
2250.5,1006.4478000000051
2250.6,999.1706000000006
2250.7,1004.5305999999932
2250.8,1009.3469999999801
2250.9,1005.0504950495064
2251.0,1014.6167000000037
2251.1,1028.5498999999866
2251.2,1030.1310000000096
2251.3,1024.9927999999857
2251.4,1022.131800000006
2251.5,1023.8291089108909
2251.6,1025.128
2251.7,1028.2659999999953
2251.8,1028.702
2251.9,1028.78
2252.0,1029.228
2252.1,1026.2540000000001
2252.2,1026.0596831683206
2252.3,1026.0327603960425
2252.4,1029.4463000000103
2252.5,1032.0017
2252.6,1033.9036999999903
2252.7,1034.2526000000137
2252.8,1031.6109900990161
2252.9,1031.464599999997
2253.0,1027.7338000000002
2253.1,1030.603600000003
2253.2,1034.5914000000007
2253.3,1035.8162000000018
2253.4,1035.838999999997
2253.5,1033.435247524751
2253.6,1035.6656000000019
2253.7,1036.5361999999932
2253.8,1039.7084000000038
2253.9,1042.911700000008
2254.0,1044.6116000000102
2254.1,1042.7018534653375
2254.2,1046.3126732673259
2254.3,1046.099999999999
2254.4,1047.1484000000044
2254.5,1049.2859999999978
2254.6,1047.0444000000014
2254.7,1043.5760000000223
2254.8,1040.6804000000027
2254.9,1042.8044554455448
2255.0,1041.1930000000068
2255.1,1036.8145000000013
2255.2,1036.7234999999973
2255.3,1039.3465000000115
2255.4,1041.0844999999977
2255.5,1038.6135000000052
2255.6,1034.6013465346591
2255.7,1033.757350495039
2255.8,1036.121200000001
2255.9,1035.9851999999976
2256.0,1036.4786000000065
2256.1,1040.0955999999996
2256.2,1035.0436000000554
2256.3,1020.4055999999875
2256.4,1012.8027999999938
2256.5,1016.320792079221
2256.6,1027.5765000000033
2256.7,1028.563199999991
2256.8,1034.7556999999817
2256.9,1029.3920000000005
2257.0,1029.1417999999996
2257.1,1028.6382000000017
2257.2,1035.5863366336282
2257.3,1050.8039999999858
2257.4,1045.163999999998
2257.5,1045.7684000000015
2257.6,1049.2835999999938
2257.7,1053.3247999999785
2257.8,1057.7779999999948
2257.9,1056.9504000000063
2258.0,1058.429207920789
2258.1,1055.159800000001
2258.2,1052.3238999999999
2258.3,1052.8651000000004
2258.4,1055.8368316831734
2258.5,1061.1249999999966
2258.6,1056.5690000000152
2258.7,1050.6880000000092
2258.8,1048.4270000000042
2258.9,1051.697000000015
2259.0,1054.907999999996
2259.1,1052.4179999999953
2259.2,1054.727326732665
2259.3,1056.4494
2259.4,1066.9297000000088
2259.5,1093.7260999999994
2259.6,1093.6842000000015
2259.7,1094.0928000000172
2259.8,1089.258800000005
2259.9,1097.644341584167
2260.0,1082.6201742574096
2260.1,1089.4039999999968
2260.2,1083.2576000000483
2260.3,1068.4488000000422
2260.4,1063.981199999919
2260.5,1025.2811999999908
2260.6,1029.3747999999969
2260.7,1030.7113861386126
2260.8,1030.4724999999985
2260.9,1027.9713999999979
2261.0,1026.5194000000022
2261.1,1028.8889
2261.2,1029.5906999999988
2261.3,1031.9386000000015
2261.4,1033.1316831683166
2261.5,1030.5398000000077
2261.6,1025.518600000004
2261.7,1023.6217999999988
2261.8,1024.9314000000077
2261.9,1027.2122000000038
2262.0,1029.642399999995
2262.1,1032.9811504950453
2262.2,1033.3379950495223
2262.3,1028.6324999999963
2262.4,1026.7100000000028
2262.5,1029.537500000005
2262.6,1033.3725
2262.7,1035.097623762379
2262.8,1033.7503999999942
2262.9,1031.172400000003
2263.0,1028.7311999999993
2263.1,1029.1168000000011
2263.2,1029.811199999994
2263.3,1035.322800000005
2263.4,1035.4394059405959
2263.5,1031.426300000001
2263.6,1033.9423999999856
2263.7,1037.1089000000075
2263.8,1034.2329999999938
2263.9,1028.481499999981
2264.0,1017.557299999996
2264.1,1015.0828712870945
2264.2,1021.4914000000099
2264.3,1003.3989999999828
2264.4,1000.515399999997
2264.5,1005.7719999999998
2264.6,1003.0214000000067
2264.7,991.561796039604
2264.8,992.7426346534786
2264.9,999.3252000000145
2265.0,1004.8911999999997
2265.1,1004.4075000000032
2265.2,1005.2364999999784
2265.3,1011.0052999999896
2265.4,1006.0955445544485
2265.5,1003.0120000000001
2265.6,1004.912
2265.7,1005.9220000000037
2265.8,1002.962
2265.9,1003.5360000000001
2266.0,1002.258
2266.1,1002.12
2266.2,1000.2887128712853
2266.3,1003.9226999999984
2266.4,1003.6954000000028
2266.5,1004.758800000003
2266.6,1002.6784000000094
2266.7,999.0871999999981
2266.8,1000.1329702970334
2266.9,1001.8292000000007
2267.0,1002.7237999999993
2267.1,1001.796200000001
2267.2,1002.961000000001
2267.3,1000.9590099009926
2267.4,1003.5048000000031
2267.5,1005.1368999999961
2267.6,1007.7306999999957
2267.7,1010.413499999996
2267.8,1012.1202999999929
2267.9,1008.6885999999816
2268.0,1001.1967326732708
2268.1,998.1403999999994
2268.2,995.4763999999926
2268.3,997.370800000001
2268.4,997.081599999993
2268.5,990.7848000000013
2268.6,992.684000000001
2268.7,995.4180000000362
2268.8,987.5304950495066
2268.9,990.4529999999968
2269.0,993.4439999999955
2269.1,996.546000000002
2269.2,995.5644999999962
2269.3,998.0869999999929
2269.4,995.996499999999
2269.5,995.8910000000067
2269.6,990.3114702970355
2269.7,987.1664891089042
2269.8,988.105399999992
2269.9,984.4834000000141
2270.0,993.138599999998
2270.1,991.8414
2270.2,991.4748000000086
2270.3,989.6348000000045
2270.4,992.8448514851511
2270.5,995.0461
2270.6,995.584199999997
2270.7,1000.1061999999961
2270.8,1005.1559000000015
2270.9,1005.6261999999995
2271.0,1006.6136633663341
2271.1,1008.8848000000013
2271.2,1008.2448000000054
2271.3,1007.1236000000091
2271.4,1011.7804000000034
2271.5,1013.1723999999969
2271.6,1011.7979207920628
2271.7,1017.6888000000007
2271.8,1017.2230999999992
2271.9,1019.2253000000018
2272.0,1012.7400999999991
2272.1,1017.1032999999982
2272.2,1025.3719999999926
2272.3,1033.9043564356432
2272.4,1029.0589999999913
2272.5,1025.9490000000058
2272.6,1028.2760000000123
2272.7,1023.8989999999882
2272.8,1028.8020000000051
2272.9,1031.600000000016
2273.0,1037.6157425742497
2273.1,1032.4072999999955
2273.2,1013.5725000000012
2273.3,1007.6613000000006
2273.4,1010.1908000000005
2273.5,1011.6186999999986
2273.6,1006.7585148514852
2273.7,1008.8868
2273.8,1008.5659999999903
2273.9,1005.5304000000067
2274.0,1008.7122138613754
2274.1,1015.1125970297038
2274.2,1017.7821000000076
2274.3,1016.068300000001
2274.4,1017.5923999999995
2274.5,1016.6106999999965
2274.6,1011.5541584158383
2274.7,1005.7882000000043
2274.8,1003.0294000000049
2274.9,1003.9469999999766
2275.0,996.553399999996
2275.1,999.1547524752505
2275.2,997.1910000000094
2275.3,994.3239999999948
2275.4,990.337500000007
2275.5,996.3445000000038
2275.6,999.1239999999937
2275.7,992.9921138613571
2275.8,1001.6597544554614
2275.9,1005.8536000000033
2276.0,1002.2296000000024
2276.1,999.8231999999946
2276.2,1005.3896000000061
2276.3,998.7035643564182
2276.4,994.1104000000091
2276.5,999.682700000003
2276.6,1001.4730000000235
2276.7,993.9086999999903
2276.8,997.1294118811896
2276.9,998.0349386138622
2277.0,995.3279470085487
2277.1,991.7250427350394
2277.2,996.6629102563927
2277.3,999.6589752475323
2277.4,992.6474613861403
2277.5,1001.0511999999893
2277.6,1000.3244000000028
2277.7,1002.1483999999975
2277.8,999.6499999999874
2277.9,1003.4327999999991
2278.0,1004.5770376237626
2278.1,1006.1171980197981
2278.2,1012.0141999999801
2278.3,1010.6367999999951
2278.4,1003.5878999999875
2278.5,999.0129999999938
2278.6,999.7360999999963
2278.7,997.5300000000088
2278.8,971.4379207920819
2278.9,965.2750000000003
2279.0,972.7823999999957
2279.1,965.2186000000052
2279.2,951.7510000000063
2279.3,968.3132000000085
2279.4,970.9994000000008
2279.5,963.8339603960264
2279.6,978.1259999999678
2279.7,987.7305999999819
2279.8,999.4942000000261
2279.9,1000.5124999999964
2280.0,1002.553300000006
2280.1,1003.6769999999989
2280.2,1006.4667999999917
2280.3,1003.080099009899
2280.4,1000.37
2280.5,1000.14
2280.6,992.3820000000001
2280.7,994.702
2280.8,990.5539999999941
2280.9,987.024257425737
2281.0,986.5347999999998
2281.1,991.0155999999885
2281.2,988.1631000000104
2281.3,986.8608999999992
2281.4,992.4643000000179
2281.5,992.2715000000023
2281.6,989.9398000000049
2281.7,990.21435643564
2281.8,995.2348000000028
2281.9,995.7241999999995
2282.0,1000.9790000000031
2282.1,1002.0229999999997
2282.2,999.615821621629
2282.3,997.4185519801937
2282.4,996.912
2282.5,995.8844000000022
2282.6,997.9137999999947
2282.7,995.6860000000073
2282.8,996.747400000014
2282.9,994.9465346534562
2283.0,991.9844999999979
2283.1,992.6299999999965
2283.2,993.3040000000001
2283.3,995.0255000000031
2283.4,997.8255000000033
2283.5,997.0966881188118
2283.6,1000.0007326732622
2283.7,1004.9091999999961
2283.8,1007.4420000000057
2283.9,1007.2959999999993
2284.0,1007.1495999999996
2284.1,1006.0612000000018
2284.2,1003.149200000003
2284.3,1003.3130693069359
2284.4,1005.8436000000044
2284.5,1004.6386999999945
2284.6,1002.7919000000011
2284.7,1006.4011999999816
2284.8,1003.953499999988
2284.9,999.6542999999963
2285.0,1004.2840594059434
2285.1,1006.301800000001
2285.2,986.7264000000138
2285.3,957.2771999999632
2285.4,956.8261999999922
2285.5,970.1967999999949
2285.6,961.667085148599
2285.7,956.3827346535013
2285.8,962.8046000000161
2285.9,960.7093999999827
2286.0,948.8395000000103
2286.1,957.4143999999424
2286.2,980.1249999999437
2286.3,995.5858415841674
2286.4,1001.776
2286.5,1006.412
2286.6,1006.8580000000001
2286.7,1005.666
2286.8,1006.002000000001
2286.9,1004.182
2287.0,1002.908
2287.1,1004.72435643564
2287.2,1005.080400000003
2287.3,1002.2302999999905
2287.4,996.7467172413659
2287.5,990.0903999999892
2287.6,985.4260128712878
2287.7,985.38550495049
2287.8,989.6466000000147
2287.9,993.0964000000004
2288.0,992.512
2288.1,994.8631999999975
2288.2,998.8363999999991
2288.3,998.9545999999948
2288.4,998.3493069306942
2288.5,1001.3939000000008
2288.6,1002.5595000000102
2288.7,1000.0880000000005
2288.8,1001.1959000000062
2288.9,1000.4630999999875
2289.0,995.0085999999992
2289.1,993.3877999999936
2289.2,995.271999999997
2289.3,992.972
2289.4,992.85
2289.5,999.5180000000001
2289.6,1000.9979999999999
2289.7,999.0600000000138
2289.8,997.422
2289.9,1002.1865544554454
2290.0,1002.5471841584163
2290.1,1004.7167999999874
2290.2,1008.5513999999995
2290.3,1009.7435000000066
2290.4,1010.2016999999925
2290.5,1007.843999999999
2290.6,1004.6383000000124
2290.7,1001.8335999999954
2290.8,1001.4392079207844
2290.9,998.1535999999994
2291.0,987.4799999999882
2291.1,947.7391999999718
2291.2,891.27540000006
2291.3,842.6803999999769
2291.4,789.1421999999737
2291.5,733.7185999999765
2291.6,688.1200990099123
2291.7,646.8124000000803
2291.8,592.3807999998191
2291.9,538.0953999999458
2292.0,499.5632000000504
2292.1,476.92530000001165
2292.2,472.05360000000115
2292.3,471.3594999999981
2292.4,470.8389999999996
2292.5,470.5694059405942
2292.6,470.30040000000025
2292.7,470.0340000000004
2292.8,469.9087999999998
2292.9,469.6919999999997
2293.0,469.4892
2293.1,469.43435643564356
2293.2,469.3070000000002
2293.3,469.18299999999994
2293.4,469.10349999999966
2293.5,468.9065000000002
2293.6,468.7420000000001
2293.7,468.64100000000013
2293.8,468.5114999999996
2293.9,468.4538613861387
2294.0,468.41879999999975
2294.1,468.3102
2294.2,468.34019999999987
2294.3,468.3089999999998
2294.4,468.2270000000001
2294.5,468.26340000000005
2294.6,468.23630297029695
2294.7,468.16966831683175
2294.8,468.1567999999999
2294.9,468.1234
2295.0,468.12979999999993
2295.1,468.1337000000001
2295.2,468.0435
2295.3,468.02306930693084
2295.4,468.0243999999999
2295.5,467.9668
2295.6,467.99199999999973
2295.7,468.03120000000024
2295.8,467.97640000000007
2295.9,467.99316831683166
2296.0,467.97520000000003
2296.1,467.9293
2296.2,467.9345
2296.3,467.8751999999998
2296.4,467.8355
2296.5,467.8300990099011
2296.6,467.73400000000004
2296.7,467.7409999999998
2296.8,467.77499999999986
2296.9,467.7249999999999
2297.0,467.702
2297.1,467.7030000000002
2297.2,467.6607920792077
2297.3,467.72159999999997
2297.4,467.7181
2297.5,467.6603
2297.6,467.7187
2297.7,467.6965000000002
2297.8,467.60450000000003
2297.9,467.63138613861383
2298.0,467.5764000000002
2298.1,467.5291999999997
2298.2,467.6076000000001
2298.3,467.5472
2298.4,467.5484
2298.5,467.55896633663366
2298.6,467.5299277227723
2298.7,467.55699999999996
2298.8,467.60029999999995
2298.9,467.5497000000001
2299.0,467.6435
2299.1,467.6448999999999
2299.2,467.5635
2299.3,467.59198019801977
2299.4,467.5413999999998
2299.5,467.4703999999999
2299.6,467.4948
2299.7,467.4488000000002
2299.8,467.38080000000025
2299.9,467.4091089108908
2300.0,467.32
2300.1,467.3375
2300.2,467.3575000000004
2300.3,467.2750000000001
2300.4,467.3400000000001
2300.5,467.3724999999999
2300.6,467.28999999999996
2300.7,467.31159999999994
2300.8,467.3511999999997
2300.9,467.27439999999996
2301.0,467.32
2301.1,467.30320000000006
2301.2,467.2643999999999
2301.3,467.3052475247524
2301.4,467.27159999999986
2301.5,467.2307
2301.6,467.3068999999999
2301.7,467.3414999999999
2301.8,467.3845544554456
2301.9,467.38020000000006
2302.0,467.31219999999996
2302.1,467.33099999999996
2302.2,467.35240000000005
2302.3,467.2966000000001
2302.4,467.33539999999994
2302.5,467.3592000000001
2302.6,467.2521782178218
2302.7,467.24740000000014
2302.8,467.1936999999999
2302.9,467.17840000000007
2303.0,467.19949999999994
2303.1,467.1453000000002
2303.2,467.09000000000003
2303.3,467.072
2303.4,467.002
2303.5,467.008
2303.6,466.972
2303.7,466.858
2303.8,466.8340396039604
2303.9,466.74546039603933
2304.0,466.63620000000003
2304.1,466.6181
2304.2,466.59100000000024
2304.3,466.51760000000013
2304.4,466.5404999999999
2304.5,466.49430000000007
2304.6,466.479405940594
2304.7,466.502
2304.8,466.42900000000003
2304.9,466.48620000000005
2305.0,466.551
2305.1,466.5298
2305.2,466.63259999999997
2305.3,466.666813861386
2305.4,466.5702000000001
2305.5,466.61830000000003
2305.6,466.6015000000001
2305.7,466.5634
2305.8,466.58340000000004
2305.9,466.58129999999977
2306.0,466.50529999999986
2306.1,466.5732673267328
2306.2,466.5304000000002
2306.3,466.4976000000001
2306.4,466.57879999999994
2306.5,466.5152
2306.6,466.50108910891095
2306.7,466.5435000000001
2306.8,466.45600000000013
2306.9,466.49749999999995
2307.0,466.5235000000001
2307.1,466.43297029702967
2307.2,466.44860000000006
2307.3,466.4259999999999
2307.4,466.3582000000002
2307.5,466.4728
2307.6,466.4747524752474
2307.7,466.3890999999999
2307.8,466.45
2307.9,466.44350000000003
2308.0,466.4025742574257
2308.1,466.40893861386155
2308.2,466.33359999999993
2308.3,466.36240000000004
2308.4,466.35849504950465
2308.5,466.1981069306929
2308.6,466.1966
2308.7,466.2324000000001
2308.8,466.09
2308.9,466.09000000000003
2309.0,466.0856
2309.1,466.05
2309.2,466.0460000000001
2309.3,466.0029999999998
2309.4,465.9359999999999
2309.5,465.89899999999994
2309.6,465.8939999999999
2309.7,465.9210000000002
2309.8,465.8459405940595
2309.9,465.8982
2310.0,465.8746
2310.1,465.8263
2310.2,465.8954
2310.3,465.9428
2310.4,465.88530000000003
2310.5,466.03821782178215
2310.6,466.0176000000001
2310.7,465.99719999999985
2310.8,466.07599999999985
2310.9,466.0340000000001
2311.0,466.08639999999986
2311.1,466.15200000000016
2311.2,466.06396039603953
2311.3,466.1156000000001
2311.4,466.17809999999986
2311.5,466.03050000000013
2311.6,466.1735
2311.7,466.21370000000036
2311.8,466.1376445544555
2311.9,466.2394930693069
2312.0,466.22880000000004
2312.1,466.21359999999993
2312.2,466.2676000000001
2312.3,466.23120000000006
2312.4,466.25300000000016
2312.5,466.2970000000001
2312.6,466.24881188118815
2312.7,466.23199999999986
2312.8,466.2649999999999
2312.9,466.1745000000001
2313.0,466.25849999999997
2313.1,466.229
2313.2,466.2124999999998
2313.3,466.26
2313.4,466.26
2313.5,466.2627999999999
2313.6,466.3304
2313.7,466.34119999999996
2313.8,466.3724000000002
2313.9,466.42680000000007
2314.0,466.35239999999993
2314.1,466.40881188118817
2314.2,466.3770000000003
2314.3,466.2821000000001
2314.4,466.3509
2314.5,466.3794
2314.6,466.36178217821765
2314.7,466.4186000000001
2314.8,466.3506000000001
2314.9,466.381
2315.0,466.42900000000003
2315.1,466.38
2315.2,466.3812
2315.3,466.43742574257374
2315.4,466.3105000000001
2315.5,466.3599
2315.6,466.3486000000004
2315.7,466.2112999999997
2315.8,466.33939999999984
2315.9,466.2793999999999
2316.0,466.2208910891091
2316.1,466.31
2316.2,466.27
2316.3,466.3
2316.4,466.38
2316.5,466.3
2316.6,466.28999999999996
2316.7,466.35
2316.8,466.21138613861353
2316.9,466.29910000000024
2317.0,466.29010000000005
2317.1,466.1415000000003
2317.2,466.27859999999976
2317.3,466.2106999999998
2317.4,466.13158415841576
2317.5,466.2182
2317.6,466.2004
2317.7,466.1706000000001
2317.8,466.2573267326735
2317.9,466.2017999999998
2318.0,466.21939999999995
2318.1,466.32669999999985
2318.2,466.2039000000002
2318.3,466.1903
2318.4,466.26760000000024
2318.5,466.1259405940593
2318.6,466.11039999999997
2318.7,466.09080000000006
2318.8,465.92679999999984
2318.9,465.99680000000006
2319.0,466.00950495049506
2319.1,465.9245000000001
2319.2,465.9864999999999
2319.3,466.00900000000007
2319.4,465.972
2319.5,466.04599999999994
2319.6,465.9550000000001
2319.7,466.01584158415824
2319.8,466.05760000000004
2319.9,466.02239999999995
2320.0,466.0011999999999
2320.1,466.0375999999999
2320.2,465.9460000000003
2320.3,465.9956554455448
2320.4,466.0558138613861
2320.5,466.0321
2320.6,466.1787999999999
2320.7,466.1528
2320.8,466.15930000000003
2320.9,466.17859999999996
2321.0,466.2076237623763
2321.1,466.22839999999997
2321.2,466.24839999999995
2321.3,466.22239999999994
2321.4,466.22920000000005
2321.5,466.24840000000006
2321.6,466.1396000000003
2321.7,466.202598019802
2321.8,466.1827
2321.9,466.1436
2322.0,466.1946
2322.1,466.1454
2322.2,466.1309
2322.3,466.1664
2322.4,466.0618811881186
2322.5,466.07699999999994
2322.6,466.14299999999986
2322.7,466.0960000000001
2322.8,466.1440000000001
2322.9,466.1770000000001
2323.0,466.0730693069306
2323.1,466.1401
2323.2,466.1411
2323.3,466.1133
2323.4,466.21680000000003
2323.5,466.2389
2323.6,466.1777
2323.7,466.2493069306929
2323.8,466.16319999999973
2323.9,466.14119999999997
2324.0,466.2015999999999
2324.1,466.07800000000026
2324.2,466.10356435643547
2324.3,466.1013
2324.4,465.9955999999999
2324.5,466.03220000000005
2324.6,466.03999999999996
2324.7,465.9452475247526
2324.8,465.9988000000003
2324.9,465.97560000000004
2325.0,465.90120000000013
2325.1,465.93299999999994
2325.2,465.8110000000002
2325.3,465.7559405940593
2325.4,465.7585
2325.5,465.61549999999977
2325.6,465.6155
2325.7,465.62
2325.8,465.49249999999984
2325.9,465.47841584158414
2326.0,465.50519999999995
2326.1,465.4512000000001
2326.2,465.4568
2326.3,465.49360000000013
2326.4,465.4412
2326.5,465.5055999999999
2326.6,465.45346534653487
2326.7,465.44826633663365
2326.8,465.4666
2326.9,465.38699999999983
2327.0,465.37
2327.1,465.37
2327.2,465.3119000000002
2327.3,465.3498000000001
2327.4,465.40108910891087
2327.5,465.3362000000001
2327.6,465.39379999999994
2327.7,465.40999999999997
2327.8,465.4264
2327.9,465.50379999999996
2328.0,465.5037623762376
2328.1,465.5567940594058
2328.2,465.6509999999997
2328.3,465.61329999999987
2328.4,465.6
2328.5,465.6891000000002
2328.6,465.6776000000001
2328.7,465.7582178217821
2328.8,465.80400000000003
2328.9,465.818
2329.0,465.884
2329.1,465.852
2329.2,465.79200000000003
2329.3,465.80400000000003
2329.4,465.762
2329.5,465.6866336633665
2329.6,465.65420000000006
2329.7,465.58680000000015
2329.8,465.58580000000006
2329.9,465.60580000000004
2330.0,465.57840000000004
2330.1,465.6638613861386
2330.2,465.78359999999964
2330.3,465.7944
2330.4,465.85240000000005
2330.5,465.83099999999996
2330.6,465.7966
2330.7,465.789691089109
2330.8,465.67436336633625
2330.9,465.64
2331.0,465.57070000000004
2331.1,465.4191000000003
2331.2,465.35690000000005
2331.3,465.31149999999985
2331.4,465.22299999999973
2331.5,465.25336633663375
2331.6,465.28520000000003
2331.7,465.26720000000006
2331.8,465.3208000000001
2331.9,465.3248
2332.0,465.2972
2332.1,465.3355247524753
2332.2,465.26727722772284
2332.3,465.27000000000015
2332.4,465.3175
2332.5,465.2475000000002
2332.6,465.24249999999995
2332.7,465.25
2332.8,465.1824999999997
2332.9,465.1975742574257
2333.0,465.23970297029706
2333.1,465.1760000000002
2333.2,465.23139999999967
2333.3,465.26
2333.4,465.2155999999999
2333.5,465.28880000000015
2333.6,465.2756000000001
2333.7,465.26
2333.8,465.29650000000004
2333.9,465.24430000000007
2334.0,465.25649999999996
2334.1,465.32109999999994
2334.2,465.2451000000001
2334.3,465.27570000000003
2334.4,465.33606633663373
2334.5,465.27797227722755
2334.6,465.3147999999999
2334.7,465.3328
2334.8,465.30839999999995
2334.9,465.3648000000002
2335.0,465.34009900990094
2335.1,465.3129
2335.2,465.3739
2335.3,465.3289999999999
2335.4,465.3284
2335.5,465.40389999999996
2335.6,465.33770000000004
2335.7,465.3210891089108
2335.8,465.35100000000006
2335.9,465.2969999999998
2336.0,465.3329999999999
2336.1,465.43679207920775
2336.2,465.38710792079246
2336.3,465.3983
2336.4,465.3786
2336.5,465.3462
2336.6,465.3883
2336.7,465.3617000000002
2336.8,465.36712178217834
2336.9,465.3800316831683
2337.0,465.3392
2337.1,465.30640000000005
2337.2,465.32719999999995
2337.3,465.2991999999998
2337.4,465.32080000000013
2337.5,465.3468
2337.6,465.3163366336634
2337.7,465.3736999999997
2337.8,465.38989999999995
2337.9,465.3733
2338.0,465.41020000000003
2338.1,465.36299999999994
2338.2,465.37019999999984
2338.3,465.3833663366336
2338.4,465.3404
2338.5,465.35299999999995
2338.6,465.3766
2338.7,465.3734
2338.8,465.39640000000014
2338.9,465.39033069306925
2339.0,465.3540346534653
2339.1,465.4049999999998
2339.2,465.3815000000003
2339.3,465.3760000000001
2339.4,465.41600000000005
2339.5,465.3324999999998
2339.6,465.3379207920792
2339.7,465.33160000000004
2339.8,465.2587999999997
2339.9,465.2748
2340.0,465.2872
2340.1,465.24800000000005
2340.2,465.2811999999999
2340.3,465.2907999999999
2340.4,465.2863366336634
2340.5,465.34670000000017
2340.6,465.29810000000015
2340.7,465.30669999999975
2340.8,465.3523504950495
2340.9,465.2793247524753
2341.0,465.3105999999999
2341.1,465.3786
2341.2,465.32800000000003
2341.3,465.3329702970299
2341.4,465.34779999999995
2341.5,465.29730000000006
2341.6,465.3431999999997
2341.7,465.37780000000004
2341.8,465.37
2341.9,482.4988000000575
2342.0,532.8100990099533
2342.1,587.66
2342.2,648.756
2342.3,704.4200000000844
2342.4,757.624
2342.5,818.91
2342.6,872.726
2342.7,931.639900990018
2342.8,982.7039000001006
2342.9,1021.2737000000936
2343.0,1035.7940000000003
2343.1,1031.5148000000129
2343.2,1026.656700000008
2343.3,1023.7498019801951
2343.4,1026.585800000003
2343.5,1026.0835999999974
2343.6,1022.2029999999988
2343.7,1018.5844000000094
2343.8,1013.2551999999972
2343.9,1013.7363940594092
2344.0,1012.5579544554491
2344.1,1015.3139999999853
2344.2,1020.5752999999963
2344.3,1021.3490999999989
2344.4,1025.7956000000029
2344.5,1029.5264999999993
2344.6,1033.3996039603949
2344.7,1048.4367999999645
2344.8,1079.6304000000353
2344.9,1081.797999999976
2345.0,1090.8856000000337
2345.1,1103.6923999999944
2345.2,1095.7072000000153
2345.3,1098.294455445572
2345.4,1098.899499999992
2345.5,1101.766999999986
2345.6,1106.825000000001
2345.7,1093.1980000000274
2345.8,1063.657999999884
2345.9,1048.1657425742567
2346.0,1048.0956
2346.1,1049.531599999997
2346.2,1048.0702000000156
2346.3,1045.2953999999986
2346.4,1044.8616000000002
2346.5,1041.0405999999903
2346.6,1039.4541584158424
2346.7,1039.1657000000023
2346.8,1041.3889000000104
2346.9,1042.0741000000035
2347.0,1036.8639000000035
2347.1,1033.1687000000015
2347.2,1035.4674257425631
2347.3,1037.361599999996
2347.4,1034.7287999999944
2347.5,1037.0924000000134
2347.6,1040.0372000000007
2347.7,1041.6999999999884
2347.8,1045.7278930693099
2347.9,1043.1568811881205
2348.0,1039.0175
2348.1,1040.0579999999995
2348.2,1042.2812999999994
2348.3,1039.6429999999846
2348.4,1049.6807999999937
2348.5,1051.0533663366632
2348.6,1039.804999999998
2348.7,1041.489999999994
2348.8,1035.6799999999678
2348.9,1044.1050000000705
2349.0,1057.6248514851436
2349.1,1053.6987999999992
2349.2,1053.6015999999925
2349.3,1053.9478999999992
2349.4,1051.4026999999996
2349.5,1049.5395999999996
2349.6,1052.4697029702909
2349.7,1054.6432000000077
2349.8,1050.4543999999885
2349.9,1047.8087999999996
2350.0,1047.588799999999
2350.1,1050.4479999999903
2350.2,1049.998316831702
2350.3,1047.186700000001
2350.4,1049.454700000002
2350.5,1049.3673999999976
2350.6,1045.317399999997
2350.7,1044.8451999999938
2350.8,1049.1650000000031
2350.9,1051.638508910891
2351.0,1052.000112871287
2351.1,1045.1884000000211
2351.2,1029.8756000000205
2351.3,1027.7352000000417
2351.4,1028.6329999999853
2351.5,1024.0252475247512
2351.6,1028.9549999999965
2351.7,1031.082
2351.8,1035.1325000000102
2351.9,1036.8654999999917
2352.0,1028.672004950493
2352.1,1030.7724198019653
2352.2,1040.5623999999991
2352.3,1041.2540000000004
2352.4,1042.2199999999984
2352.5,1044.9951999999964
2352.6,1048.6087999999972
2352.7,1047.2640000000063
2352.8,1041.0475247524605
2352.9,1039.2040000000045
2353.0,1042.3781000000058
2353.1,1041.6621000000023
2353.2,1039.4363999999898
2353.3,1043.2690000000068
2353.4,1046.3779000000025
2353.5,1043.639702970291
2353.6,1039.0933999999995
2353.7,1038.800800000001
2353.8,1041.7784000000206
2353.9,1046.8128000000006
2354.0,1041.599800000005
2354.1,1038.9101049504839
2354.2,1044.0795168316824
2354.3,1044.079099999999
2354.4,1042.9576999999958
2354.5,1043.924800000001
2354.6,1046.0970000000057
2354.7,1042.603900000013
2354.8,1038.7632999999978
2354.9,1037.8950495049503
2355.0,1040.424
2355.1,1044.404
2355.2,1045.5500000000002
2355.3,1045.602
2355.4,1047.66
2355.5,1046.8517821782254
2355.6,1040.703900000002
2355.7,1038.953400000006
2355.8,1036.364399999995
2355.9,1034.5622999999964
2356.0,1020.3476752474675
2356.1,1005.4074455445603
2356.2,1010.238200000018
2356.3,998.6855999999966
2356.4,993.281599999999
2356.5,992.0250000000001
2356.6,995.9382000000045
2356.7,1001.2648514851493
2356.8,1002.5274000000207
2356.9,1007.497600000002
2357.0,1009.3956999999959
2357.1,1010.122400000004
2357.2,1007.5536000000043
2357.3,1005.225799999995
2357.4,1004.3946000000008
2357.5,1002.6064534653503
2357.6,999.474950495048
2357.7,1001.1383999999939
2357.8,1002.6808000000012
2357.9,1004.619600000003
2358.0,1006.0591999999986
2358.1,1005.3751999999994
2358.2,1006.6307999999926
2358.3,1008.1759405940606
2358.4,1007.5244999999943
2358.5,1006.6589999999962
2358.6,1006.6390000000071
2358.7,1000.6765000000062
2358.8,996.1134999999898
2358.9,992.9239999999935
2359.0,991.1887128712867
2359.1,991.0492000000006
2359.2,988.1568000000048
2359.3,987.3942000000009
2359.4,987.6059999999992
2359.5,983.7628712871218
2359.6,980.794699999992
2359.7,988.1178000000009
2359.8,986.5533999999952
2359.9,985.9655999999984
2360.0,988.9158999999971
2360.1,991.1494000000013
2360.2,990.3188118811865
2360.3,991.2032000000005
2360.4,991.7800000000022
2360.5,991.3179999999985
2360.6,990.9331999999795
2360.7,995.7232000000026
2360.8,994.2275999999954
2360.9,994.919603960405
2361.0,999.5042000000005
2361.1,999.6150999999988
2361.2,1000.8974000000017
2361.3,997.2493058823678
2361.4,1000.7225254901962
2361.5,1001.2186000000004
2361.6,1003.2923000000009
2361.7,1007.5479999999943
2361.8,1010.3467712871259
2361.9,1007.6908277227699
2362.0,1007.0779999999967
2362.1,1008.116000000002
2362.2,1007.2396000000008
2362.3,1006.9384000000001
2362.4,1007.6516000000037
2362.5,1008.0799009901043
2362.6,1005.5455000000026
2362.7,1006.5333000000035
2362.8,1002.7884000000018
2362.9,1004.3097999999985
2363.0,1003.0974000000012
2363.1,1003.885799999999
2363.2,1003.2951999999991
2363.3,1005.1146534653493
2363.4,1006.4343999999988
2363.5,1006.227999999999
2363.6,1007.2879999999976
2363.7,1008.435400000001
2363.8,1005.5881999999716
2363.9,991.3539940593276
2364.0,967.7974257425673
2364.1,966.4549999999999
2364.2,975.8950000000068
2364.3,970.6799999999832
2364.4,965.8850000000286
2364.5,980.8874999999822
2364.6,970.001485148517
2364.7,968.9204000000138
2364.8,963.88800000007
2364.9,989.4323999999823
2365.0,1003.6864000000021
2365.1,1002.4243999999978
2365.2,1004.2351999999998
2365.3,1003.5094059405822
2365.4,1001.0225000000028
2365.5,1002.0709999999993
2365.6,1000.6215000000058
2365.7,998.9176000000025
2365.8,999.7097000000101
2365.9,1004.3660693069295
2366.0,1004.1809089108897
2366.1,1007.0321999999992
2366.2,1007.1100000000023
2366.3,1003.4014000000027
2366.4,1002.9602000000023
2366.5,999.438799999999
2366.6,1000.0818000000019
2366.7,996.1231683168342
2366.8,992.9992999999904
2366.9,988.4006999999912
2367.0,984.406699999997
2367.1,982.6846999999948
2367.2,986.1679999999781
2367.3,993.6226485148552
2367.4,994.5963168316832
2367.5,991.862
2367.6,996.868
2367.7,999.1780000000047
2367.8,996.6959999999999
2367.9,1004.2133267326715
2368.0,1007.5616712871275
2368.1,1008.2690000000018
2368.2,1007.4355000000011
2368.3,1006.5928999999948
2368.4,1004.5560999999971
2368.5,1004.1577999999885
2368.6,1008.7663039603956
2368.7,1008.6484297029704
2368.8,1007.801800000002
2368.9,1012.3460000000022
2369.0,1015.407999999998
2369.1,1011.3445999999988
2369.2,1010.0060396039607
2369.3,1012.5584999999853
2369.4,1008.1643999999964
2369.5,1006.6289000000013
2369.6,1005.5796000000034
2369.7,1003.7486000000007
2369.8,1001.1260396039254
2369.9,990.0276000000008
2370.0,990.8444000000005
2370.1,991.0407999999995
2370.2,990.0715999999863
2370.3,994.6316000000081
2370.4,1003.8690653465451
2370.5,1013.8936633663373
2370.6,1014.6395000000005
2370.7,1014.9869999999943
2370.8,1019.7945000000104
2370.9,1022.913500000001
2371.0,1020.0340594059513
2371.1,1009.9662000000104
2371.2,1020.9460000000306
2371.3,1011.8009999999913
2371.4,1003.4713999999719
2371.5,985.5125999999967
2371.6,983.4147999999999
2371.7,982.9592079207982
2371.8,980.7142999999907
2371.9,979.2854999999943
2372.0,986.5837999999998
2372.1,986.8334
2372.2,987.4371999999977
2372.3,991.1684000000187
2372.4,996.1704950495048
2372.5,996.488799999999
2372.6,996.69839999998
2372.7,1002.8544000000065
2372.8,1000.7179999999994
2372.9,1000.8240000000063
2373.0,1003.4999999999962
2373.1,1000.8671287128711
2373.2,1000.9694999999997
2373.3,1001.0202000000007
2373.4,998.1350000000002
2373.5,997.5965000000001
2373.6,996.8476237623762
2373.7,996.7190000000044
2373.8,995.1660000000037
2373.9,996.6469999999997
2374.0,996.8190000000052
2374.1,999.4893069306917
2374.2,1000.0048000000003
2374.3,999.0065000000004
2374.4,1000.7026000000001
2374.5,1000.6481999999996
2374.6,998.9090000000003
2374.7,1000.4949999999988
2374.8,1006.0143564356416
2374.9,1001.7115999999924
2375.0,999.2495999999885
2375.1,1004.6860000000097
2375.2,999.7876000000005
2375.3,999.4483999999973
2375.4,998.5916000000025
2375.5,999.19732673268
2375.6,995.6548000000016
2375.7,1000.2639999999839
2375.8,1004.272900000001
2375.9,1005.5272999999991
2376.0,1004.5620000000052
2376.1,1011.8039188118826
2376.2,1014.325544554451
2376.3,1017.3166000000052
2376.4,1018.5563999999868
2376.5,1013.9316000000077
2376.6,1008.1164000000117
2376.7,1000.1377287128696
2376.8,1001.5910148515082
2376.9,1007.3660000000034
2377.0,1009.788999999992
2377.1,1002.9864999999975
2377.2,1000.5154999999955
2377.3,1001.7950000000008
2377.4,1002.4960000000009
2377.5,1003.6171287128802
2377.6,1012.3667999999918
2377.7,1020.5512000000086
2377.8,1011.0747999999668
2377.9,1001.7484000000019
2378.0,1000.0480198019743
2378.1,1006.2095287128718
2378.2,1005.4726000000018
2378.3,1004.8124999999949
2378.4,1001.6308999999985
2378.5,1000.5627999999938
2378.6,996.5399999999911
2378.7,999.3678000000082
2378.8,996.9612871287256
2378.9,1005.0622000000025
2379.0,999.7829999999999
2379.1,999.9737999999991
2379.2,1002.0418000000018
2379.3,998.1433999999866
2379.4,994.9065999999995
2379.5,996.3018811881166
2379.6,1000.7728000000193
2379.7,993.242099999972
2379.8,1004.315199999995
2379.9,1001.8702000000021
2380.0,1002.8497999999939
2380.1,999.8571000000007
2380.2,999.5584000000028
2380.3,998.4124752475252
2380.4,998.6600000000001
2380.5,1003.45
2380.6,1001.8699999999999
2380.7,1004.58
2380.8,1004.76
2380.9,998.66
2381.0,996.0263366336687
2381.1,995.9504999999999
2381.2,997.5240999999967
2381.3,998.3716000000021
2381.4,996.2514999999945
2381.5,994.745000000003
2381.6,990.423500000009
2381.7,989.0534000000027
2381.8,980.8651485148474
2381.9,990.2746000000044
2382.0,993.5766000000015
2382.1,988.7007999999977
2382.2,994.234999999977
2382.3,999.5530237623789
2382.4,1000.5430564356461
2382.5,1000.0074000000009
2382.6,1001.2800999999979
2382.7,1004.356099999995
2382.8,995.613299999973
2382.9,1004.4646267327004
2383.0,1009.5707366336683
2383.1,1015.2132000000051
2383.2,1009.90080000002
2383.3,1010.3324000000007
2383.4,1027.0448000000158
2383.5,1016.1813148514741
2383.6,1024.2159504950403
2383.7,1035.0814999999875
2383.8,1032.0199999999872
2383.9,1030.2055000000016
2384.0,1026.9755000000039
2384.1,1034.1914999999913
2384.2,1028.3575000000073
2384.3,1023.9854455445482
2384.4,1023.1847999999992
2384.5,1027.0510000000056
2384.6,1034.2747999999783
2384.7,1027.0872000000259
2384.8,1032.4844000000085
2384.9,1030.1237623762393
2385.0,1028.673800000001
2385.1,1032.9509999999968
2385.2,1031.2619000000016
2385.3,1036.401700000022
2385.4,1035.8328000000004
2385.5,1031.509900000003
2385.6,1030.3704950495073
2385.7,1012.7372000000521
2385.8,1024.6328000000265
2385.9,1015.68919999998
2386.0,1027.8464000000258
2386.1,1017.6640000000291
2386.2,1021.8595999999847
2386.3,1024.268415841584
2386.4,1013.1669000000029
2386.5,1027.0376999999962
2386.6,1032.7059999999988
2386.7,1040.0814999999982
2386.8,1039.2047999999998
2386.9,1041.1702999999995
2387.0,1037.9111881188198
2387.1,1042.8219999999867
2387.2,1040.1610000000082
2387.3,1040.3130000000015
2387.4,1040.4420000000002
2387.5,1038.5600000000038
2387.6,1032.7970000000141
2387.7,1035.725999999991
2387.8,1036.6546534653469
2387.9,1031.789399999999
2388.0,1031.7763000000002
2388.1,1029.3134999999993
2388.2,1033.636900000001
2388.3,1029.9735999999966
2388.4,1027.4296999999995
2388.5,1032.2115841584068
2388.6,1032.9692
2388.7,1033.428799999999
2388.8,1032.0907999999956
2388.9,1031.1871999999978
2389.0,1029.8404000000019
2389.1,1035.6803999999875
2389.2,1043.330891089081
2389.3,1047.6373000000026
2389.4,1050.653000000002
2389.5,1045.2444999999955
2389.6,1047.0770000000023
2389.7,1039.9678514853006
2389.8,1035.7074257425784
2389.9,1055.8629999999825
2390.0,1056.8564000000038
2390.1,1056.2120000000004
2390.2,1051.5346000000075
2390.3,1045.7747999999815
2390.4,1049.0965999999964
2390.5,1049.9147524752475
2390.6,1048.1209999999976
2390.7,1049.8144999999936
2390.8,1053.128000000004
2390.9,1049.2894999999942
2391.0,1042.4339999999918
2391.1,1044.0800000000036
2391.2,1047.9174999999893
2391.3,1047.0385742574197
2391.4,1049.683057425742
2391.5,1054.6163999999953
2391.6,1048.3016000000077
2391.7,1046.94
2391.8,1046.6795999999988
2391.9,1047.139239603961
2392.0,1034.8478475247289
2392.1,1013.4441000000495
2392.2,1027.0348999999378
2392.3,1019.9859999999795
2392.4,1024.9646000000137
2392.5,1022.9771999999934
2392.6,1019.3362376237626
2392.7,1026.3669999999956
2392.8,1019.3497999999961
2392.9,1030.248399999993
2393.0,1031.1658000000011
2393.1,1036.8015999999966
2393.2,1040.5489999999986
2393.3,1040.2599999999977
2393.4,1040.7018000000016
2393.5,1035.9980999999877
2393.6,1034.9328999999998
2393.7,1036.3188999999957
2393.8,1039.871900000008
2393.9,1034.7033663366308
2394.0,1034.488
2394.1,1032.808
2394.2,1028.134
2394.3,1030.0500000000034
2394.4,1033.678
2394.5,1029.88
2394.6,1027.5460396039628
2394.7,1034.1898999999821
2394.8,1038.5996000000082
2394.9,1042.3294000000096
2395.0,1042.357900000001
2395.1,1044.0617999999952
2395.2,1043.4087000000031
2395.3,1036.9755445544483
2395.4,1035.8004000000003
2395.5,1040.3882000000026
2395.6,1045.5166000000022
2395.7,1043.3886000000127
2395.8,1038.5565999999976
2395.9,1037.1691999999998
2396.0,1036.8660396039606
2396.1,1041.9435999999894
2396.2,1042.7100000000016
2396.3,1050.2185000000297
2396.4,1044.1677999999679
2396.5,1047.7534574257556
2396.6,1033.6130019801797
2396.7,1021.1172000000249
2396.8,1026.332000000009
2396.9,1016.5827999999855
2397.0,1011.3287999999983
2397.1,1000.6807999999878
2397.2,1001.2675999999873
2397.3,996.7135643564145
2397.4,989.2175
2397.5,994.4674999999893
2397.6,997.4624999999991
2397.7,1000.5949999999956
2397.8,999.4099999999902
2397.9,1002.0725
2398.0,1001.039108910889
2398.1,999.2096000000029
2398.2,999.3257999999979
2398.3,997.5315999999964
2398.4,997.3062000000008
2398.5,998.2020138613858
2398.6,998.3093198019805
2398.7,997.8193000000003
2398.8,996.6817999999993
2398.9,994.6848000000016
2399.0,993.1821000000008
2399.1,992.2295000000005
2399.2,1000.1167326732432
2399.3,998.2691999999874
2399.4,997.7008000000035
2399.5,997.9275999999992
2399.6,994.9732000000058
2399.7,992.3580000000057
2399.8,991.0499999999981
2399.9,993.1574772277238
2400.0,996.8817851485139
2400.1,995.5321000000008
2400.2,991.3818000000009
2400.3,994.8996000000074
2400.4,992.5858000000013
2400.5,986.7291000000014
2400.6,992.9097702970114
2400.7,996.3347623762372
2400.8,993.9649999999922
2400.9,994.2880000000046
2401.0,995.8219999999986
2401.1,996.202
2401.2,994.0550000000069
2401.3,995.8568316831715
2401.4,998.6608000000003
2401.5,998.8365428571433
2401.6,996.8792571428596
2401.7,994.538400000002
2401.8,993.4491999999982
2401.9,988.3327999999944
2402.0,986.3610891089116
2402.1,985.7716000000021
2402.2,984.6082000000026
2402.3,989.7773000000138
2402.4,994.6065000000041
2402.5,996.8352000000033
2402.6,996.6261000000019
2402.7,996.6089108910879
2402.8,995.5759999999971
2402.9,997.486599999998
2403.0,998.3578000000006
2403.1,1001.4125999999974
2403.2,998.7602000000035
2403.3,995.1124752475216
2403.4,993.9662999999975
2403.5,989.6304000000047
2403.6,985.173600000008
2403.7,987.8139999999839
2403.8,991.3897000000037
2403.9,990.5338613861366
2404.0,993.738
2404.1,995.602
2404.2,996.362
2404.3,994.6979999999921
2404.4,993.0899999999999
2404.5,993.75811881188
2404.6,993.9889000000006
2404.7,997.4276999999877
2404.8,1000.3012000000017
2404.9,1017.9850000000737
2405.0,1022.9410000000023
2405.1,1016.5429702970312
2405.2,1015.3170000000007
2405.3,1026.0856000000085
2405.4,1034.5700000000004
2405.5,1033.870599999999
2405.6,1037.6246000000037
2405.7,1035.077800000022
2405.8,1025.0112871286938
2405.9,1008.5811564356363
2406.0,1001.9522999999931
2406.1,1007.4537999999899
2406.2,1009.5644000000017
2406.3,1006.80538316831
2406.4,1005.634800000001
2406.5,1006.9332000000013
2406.6,1006.7298181818186
2406.7,1006.222799999999
2406.8,1003.4527999999783
2406.9,1001.3340000000037
2407.0,1002.7928000000012
2407.1,1002.7639999999988
2407.2,1001.1018000000064
2407.3,999.5734633663417
2407.4,998.3841089108852
2407.5,994.2064999999967
2407.6,991.3585000000027
2407.7,990.288499999996
2407.8,993.7945000000072
2407.9,993.1079999999894
2408.0,986.4209999999962
2408.1,986.3400000000009
2408.2,987.2556000000027
2408.3,984.6327999999966
2408.4,986.9775999999927
2408.5,993.6139999999955
2408.6,998.2835999999959
2408.7,1000.1273386138645
2408.8,1000.7948871287185
2408.9,1003.3189000000019
2409.0,1003.4050999999978
2409.1,1003.6778999999991
2409.2,1006.7367999999888
2409.3,1008.071599999997
2409.4,1006.4751019801978
2409.5,1006.570485148514
2409.6,1005.4304000000025
2409.7,1001.8648000000004
2409.8,1003.3290000000108
2409.9,1007.0315999999992
2410.0,1006.1934000000022
2410.1,1006.2345999999969
2410.2,1012.7122772277146
2410.3,1015.794999999997
2410.4,1014.1022999999959
2410.5,1013.4730000000003
2410.6,1013.3134000000057
2410.7,1010.3195000000102
2410.8,1007.7928326732671
2410.9,1006.3100594059407
2411.0,1006.122
2411.1,1005.0
2411.2,1001.163999999992
2411.3,1005.996
2411.4,1015.32
2411.5,1019.5001980198117
2411.6,1012.8987999999961
2411.7,1011.882100000008
2411.8,1009.192555555566
2411.9,1012.866999999999
2412.0,1014.8279000000005
2412.1,1015.864158415835
2412.2,1018.7740000000182
2412.3,1010.4239999999793
2412.4,1000.1189999999701
2412.5,990.000999999997
2412.6,987.7280000000002
2412.7,988.0149999999976
2412.8,987.3153465346455
2412.9,984.2738000000003
2413.0,985.4474000000002
2413.1,985.1704999999992
2413.2,983.0269999999986
2413.3,984.4094059405954
2413.4,983.8111999999909
2413.5,980.8687999999901
2413.6,985.8807999999931
2413.7,989.1919999999966
2413.8,990.5684000000001
2413.9,991.6129702970377
2414.0,993.9451999999991
2414.1,993.2317000000005
2414.2,995.0783999999974
2414.3,998.3378999999992
2414.4,997.383807920792
2414.5,997.6362594059385
2414.6,998.5664000000011
2414.7,998.0521999999993
2414.8,998.3895999999997
2414.9,997.4395999999929
2415.0,994.1934000000033
2415.1,991.8112277227763
2415.2,990.9809405940487
2415.3,992.5549999999951
2415.4,990.8925000000071
2415.5,994.5049999999951
2415.6,992.22
2415.7,995.1724999999982
2415.8,994.5828217821738
2415.9,993.2312277227759
2416.0,999.9231999999934
2416.1,1004.794800000003
2416.2,1001.6800000000025
2416.3,1000.8260000000131
2416.4,1004.0920000000025
2416.5,1000.6872079207998
2416.6,996.9039059405875
2416.7,999.5480999999897
2416.8,1001.454061016944
2416.9,998.7060000000047
2417.0,1002.561500000003
2417.1,1004.9748514851467
2417.2,1003.2720000000015
2417.3,1001.9936000000306
2417.4,1010.5315999999989
2417.5,1011.5392000000052
2417.6,1006.1315999999971
2417.7,1009.2667485148519
2417.8,1009.3015277228251
2417.9,1023.6153000000008
2418.0,1024.0646999999979
2418.1,1022.7850999999819
2418.2,1028.881599999989
2418.3,1032.2205999999856
2418.4,1023.4961554455465
2418.5,1023.2160158416824
2418.6,1027.9886000000029
2418.7,1022.084999999999
2418.8,1024.015799999945
2418.9,1010.5600000000005
2419.0,1009.508514851487
2419.1,1005.9487000000054
2419.2,1003.8747999999912
2419.3,1007.3164999999993
2419.4,1006.9444999999948
2419.5,1004.3762999999913
2419.6,1000.0667999999959
2419.7,1001.7036633663433
2419.8,999.0699999999999
2419.9,994.92
2420.0,991.64
2420.1,995.68
2420.2,996.63
2420.3,988.4900000000001
2420.4,993.9058415841718
2420.5,999.3455999999891
2420.6,1001.0631999999965
2420.7,994.1005000000144
2420.8,997.2475000000081
2420.9,997.6958000000011
2421.0,993.1616831683145
2421.1,1000.1456000000032
2421.2,1006.6599999999739
2421.3,1005.0749999999991
2421.4,1007.3430000000011
2421.5,1006.4295999999995
2421.6,1007.0274000000003
2421.7,1006.3413861386149
2421.8,1013.8666000000229
2421.9,1013.3821999999979
2422.0,1011.3782288288318
2422.1,1014.9607117117064
2422.2,1010.9927108910963
2422.3,1003.0150643564236
2422.4,1000.8744999999988
2422.5,996.7334999999947
2422.6,992.9189999999959
2422.7,986.0885000000202
2422.8,989.8760000000065
2422.9,985.1939603960434
2423.0,983.4108000000008
2423.1,975.6680000000082
2423.2,986.3831999999868
2423.3,986.8183999999917
2423.4,981.974400000001
2423.5,989.8724673267233
2423.6,995.5402108910766
2423.7,978.961500000062
2423.8,926.944599999907
2423.9,883.089599999935
2424.0,840.7819999999322
2424.1,779.0422000001433
2424.2,727.0274000001455
2424.3,683.2658415841622
2424.4,635.3198000000223
2424.5,574.139400000029
2424.6,523.1260000000219
2424.7,487.5622000000149
2424.8,474.7719999999969
2424.9,472.862178217821
2425.0,472.3325999999989
2425.1,471.82500000000084
2425.2,471.51940000000064
2425.3,471.25939999999946
2425.4,471.0479999999996
2425.5,470.97768019801975
2425.6,470.80962376237613
2425.7,470.618
2425.8,470.4759999999999
2425.9,470.346
2426.0,470.15999999999997
2426.1,470.048
2426.2,469.83871287128727
2426.3,469.71085445544526
2426.4,469.6267999999998
2426.5,469.42040000000026
2426.6,469.38579999999996
2426.7,469.41369999999995
2426.8,469.3172999999997
2426.9,469.3134653465347
2427.0,469.34340000000003
2427.1,469.3025559633027
2427.2,469.31095596330266
2427.3,469.2441
2427.4,469.2307
2427.5,469.2124
2427.6,469.16584158415844
2427.7,469.1839999999999
2427.8,469.1591999999998
2427.9,469.1059999999999
2428.0,469.1172
2428.1,469.03480000000025
2428.2,469.01039999999995
2428.3,469.040198019802
2428.4,468.9628999999999
2428.5,468.9334
2428.6,468.9467
2428.7,468.9232000000001
2428.8,468.9167
2428.9,468.959801980198
2429.0,468.9272000000001
2429.1,468.9461999999999
2429.2,468.9304000000001
2429.3,468.8505999999997
2429.4,468.8464
2429.5,468.8077227722772
2429.6,468.79949999999997
2429.7,468.7905000000001
2429.8,468.70849999999984
2429.9,468.65049999999997
2430.0,468.6465
2430.1,468.55250000000024
2430.2,468.5836633663364
2430.3,468.63
2430.4,468.6108
2430.5,468.6192
2430.6,468.6236
2430.7,468.59440000000006
2430.8,468.611683168317
2430.9,468.6237
2431.0,468.6011
2431.1,468.6466999999999
2431.2,468.6170000000003
2431.3,468.56739999999996
2431.4,468.60410000000013
2431.5,468.56138613861384
2431.6,468.5448
2431.7,468.59099999999995
2431.8,468.55419999999987
2431.9,468.57579999999996
2432.0,468.61
2432.1,468.5732297029704
2432.2,468.543706930693
2432.3,468.5644000000001
2432.4,468.48239999999964
2432.5,468.42609999999996
2432.6,468.39340000000016
2432.7,468.291485148515
2432.8,468.25800000000004
2432.9,468.222
2433.0,468.142
2433.1,468.14
2433.2,468.094
2433.3,468.0680000000001
2433.4,468.14534653465364
2433.5,468.13100000000003
2433.6,468.13719999999984
2433.7,468.1759
2433.8,468.14459999999985
2433.9,468.1259
2434.0,468.1654
2434.1,468.1433257425743
2434.2,468.13315841584154
2434.3,468.09779999999995
2434.4,468.06
2434.5,468.1064
2434.6,468.09939999999995
2434.7,468.13959999999975
2434.8,468.19545544554467
2434.9,468.1658851485148
2435.0,468.2026999999998
2435.1,468.29559999999987
2435.2,468.2901000000001
2435.3,468.2999000000002
2435.4,468.3414
2435.5,468.34475148514844
2435.6,468.3623564356436
2435.7,468.37440000000004
2435.8,468.3756
2435.9,468.3912
2436.0,468.4
2436.1,468.4
2436.2,468.4389227722772
2436.3,468.40945544554415
2436.4,468.39850000000007
2436.5,468.43
2436.6,468.3750000000001
2436.7,468.33549999999997
2436.8,468.3398366336633
2436.9,468.2805999999998
2437.0,468.25700000000006
2437.1,468.25840000000005
2437.2,468.2292000000001
2437.3,468.23080000000004
2437.4,468.2075999999999
2437.5,468.1907465346535
2437.6,468.2211534653465
2437.7,468.2294
2437.8,468.20939999999996
2437.9,468.24769999999995
2438.0,468.2158000000001
2438.1,468.16574257425737
2438.2,468.19039999999995
2438.3,468.1427999999998
2438.4,468.1160000000001
2438.5,468.1191999999999
2438.6,468.06360000000006
2438.7,468.03000000000003
2438.8,468.05059405940597
2438.9,468.02410000000003
2439.0,468.05139999999994
2439.1,468.0894
2439.2,468.0498
2439.3,468.10120000000023
2439.4,468.1448514851485
2439.5,468.135
2439.6,468.17999999999984
2439.7,468.1750000000002
2439.8,468.14000000000004
2439.9,468.1549504950495
2440.0,468.0816
2440.1,468.0049
2440.2,468.01
2440.3,467.9512
2440.4,467.9243
2440.5,467.950297029703
2440.6,467.9448
2440.7,467.96439999999996
2440.8,467.9367999999997
2440.9,467.8852
2441.0,467.9039999999999
2441.1,467.89160000000015
2441.2,467.84040000000005
2441.3,467.8395049504951
2441.4,467.7982999999999
2441.5,467.74
2441.6,467.7165
2441.7,467.6524000000001
2441.8,467.61469999999997
2441.9,467.6106
2442.0,467.5767326732674
2442.1,467.56839999999994
2442.2,467.5532000000001
2442.3,467.54680000000025
2442.4,467.5762
2442.5,467.53240000000005
2442.6,467.53679999999986
2442.7,467.5752633663366
2442.8,467.54771782178216
2442.9,467.53800000000007
2443.0,467.5825000000001
2443.1,467.56950000000006
2443.2,467.5739999999996
2443.3,467.62199999999996
2443.4,467.58663366336634
2443.5,467.6271999999999
2443.6,467.6736000000001
2443.7,467.65319999999997
2443.8,467.7052000000001
2443.9,467.71920000000006
2444.0,467.7195999999999
2444.1,467.7917821782177
2444.2,467.75550000000044
2444.3,467.7130000000002
2444.4,467.78290000000004
2444.5,467.75269999999983
2444.6,467.7201
2444.7,467.75570000000005
2444.8,467.71168316831677
2444.9,467.70619999999997
2445.0,467.7574
2445.1,467.72740000000005
2445.2,467.75199999999995
2445.3,467.7889999999999
2445.4,467.781
2445.5,467.8266336633663
2445.6,467.8172000000002
2445.7,467.7986999999998
2445.8,467.8646000000001
2445.9,467.8589999999998
2446.0,467.82460000000003
2446.1,467.8761564356435
2446.2,467.851881188119
2446.3,467.796
2446.4,467.81600000000003
2446.5,467.786
2446.6,467.778
2446.7,467.828
2446.8,467.808
2446.9,467.7916831683169
2447.0,467.8166
2447.1,467.78779999999995
2447.2,467.8389999999998
2447.3,467.86099999999976
2447.4,467.8117000000001
2447.5,467.86120000000005
2447.6,467.8598019801982
2447.7,467.79519999999997
2447.8,467.83900000000006
2447.9,467.8281999999999
2448.0,467.81320000000005
2448.1,467.8924
2448.2,467.8534000000001
2448.3,467.8400990099011
2448.4,467.87889999999993
2448.5,467.8674
2448.6,467.9058999999999
2448.7,467.91670000000016
2448.8,467.86
2448.9,467.8859000000001
2449.0,467.8750495049506
2449.1,467.80159999999995
2449.2,467.8723999999997
2449.3,467.8975999999999
2449.4,467.8652000000001
2449.5,467.9136
2449.6,467.89480000000003
2449.7,467.8571287128712
2449.8,467.86299999999994
2449.9,467.8675000000001
2450.0,467.91749999999996
2450.1,467.9290000000001
2450.2,467.89
2450.3,467.90750000000014
2450.4,467.89841584158387
2450.5,467.83360000000005
2450.6,467.87699999999995
2450.7,467.8862000000002
2450.8,467.8672000000001
2450.9,467.8927999999999
2451.0,467.83663366336634
2451.1,467.86299999999994
2451.2,467.91020000000003
2451.3,467.87660000000005
2451.4,467.90649999999994
2451.5,467.9334
2451.6,467.9233
2451.7,467.94627128712864
2451.8,467.9381980198017
2451.9,467.87240000000014
2452.0,467.93280000000004
2452.1,467.91520000000037
2452.2,467.8519999999997
2452.3,467.92
2452.4,467.89465346534644
2452.5,467.8586
2452.6,467.8814
2452.7,467.8245
2452.8,467.8117000000002
2452.9,467.82280000000003
2453.0,467.75227722772274
2453.1,467.81599999999975
2453.2,467.85500000000036
2453.3,467.7710000000002
2453.4,467.826
2453.5,467.81299999999993
2453.6,467.7887623762374
2453.7,467.8858
2453.8,467.88550000000004
2453.9,467.879
2454.0,467.9355
2454.1,467.86809999999997
2454.2,467.83059999999983
2454.3,467.89809999999994
2454.4,467.8286138613861
2454.5,467.84440000000006
2454.6,467.7908000000002
2454.7,467.6984
2454.8,467.7312000000001
2454.9,467.73199999999986
2455.0,467.69066138613846
2455.1,467.7945891089109
2455.2,467.8303000000001
2455.3,467.77160000000003
2455.4,467.82189999999997
2455.5,467.7892
2455.6,467.7762
2455.7,467.81460000000004
2455.8,467.8026465346535
2455.9,467.8123069306932
2456.0,467.79400000000015
2456.1,467.7148
2456.2,467.71559999999994
2456.3,467.7443999999998
2456.4,467.7130000000001
2456.5,467.7654455445544
2456.6,467.8
2456.7,467.7774999999999
2456.8,467.81000000000006
2456.9,467.8325
2457.0,467.81990099009903
2457.1,467.8380000000001
2457.2,467.78800000000007
2457.3,467.7572000000001
2457.4,467.7608000000001
2457.5,467.6976
2457.6,467.6924
2457.7,467.6929425742575
2457.8,467.67920000000004
2457.9,467.6984999999999
2458.0,467.6577
2458.1,467.65
2458.2,467.63850000000014
2458.3,467.58389999999986
2458.4,467.5323
2458.5,467.5285
2458.6,467.4831683168318
2458.7,467.4534
2458.8,467.4101999999997
2458.9,467.3488
2459.0,467.37120000000004
2459.1,467.3158000000001
2459.2,467.2366
2459.3,467.26653465346544
2459.4,467.27949999999987
2459.5,467.2610000000001
2459.6,467.34419999999994
2459.7,467.3621
2459.8,467.38633728813573
2459.9,467.4606
2460.0,467.4797
2460.1,467.47359999999964
2460.2,467.5882000000002
2460.3,467.53060000000005
2460.4,467.55060000000003
2460.5,467.5682178217821
2460.6,467.5125999999999
2460.7,467.6394
2460.8,467.6093999999999
2460.9,467.58079999999995
2461.0,467.6214
2461.1,467.69059999999996
2461.2,467.72217821782175
2461.3,467.8295999999999
2461.4,467.7906000000001
2461.5,467.8501
2461.6,467.85910000000024
2461.7,467.76970000000006
2461.8,467.73969999999997
2461.9,467.7085999999997
2462.0,467.570099009901
2462.1,467.58
2462.2,467.55
2462.3,467.5
2462.4,467.58
2462.5,467.6
2462.6,467.61
2462.7,467.74
2462.8,467.72019801980196
2462.9,467.7992000000002
2463.0,467.8593999999999
2463.1,467.7016000000003
2463.2,467.6802
2463.3,467.6502999999999
2463.4,467.44209999999947
2463.5,467.4007920792079
2463.6,467.37059999999997
2463.7,467.19360000000074
2463.8,467.1998
2463.9,467.1608
2464.0,467.10119999999995
2464.1,467.22740000000005
2464.2,467.17178217821794
2464.3,467.16029999999995
2464.4,467.2570000000003
2464.5,467.1921000000001
2464.6,467.17060000000004
2464.7,467.19909999999993
2464.8,467.08359999999965
2464.9,467.1382000000002
2465.0,467.2268198019802
2465.1,467.13399603960386
2465.2,467.2163999999997
2465.3,467.23920000000004
2465.4,467.21119999999996
2465.5,467.27720000000005
2465.6,467.26079999999996
2465.7,467.2504
2465.8,467.32680000000005
2465.9,467.2255405940595
2466.0,467.14397524752485
2466.1,467.1495
2466.2,466.99800000000016
2466.3,466.98049999999995
2466.4,466.98
2466.5,466.8280000000002
2466.6,466.8295
2466.7,466.80150000000003
2466.8,466.69549999999964
2466.9,466.69
2467.0,466.6335999999999
2467.1,466.61120000000005
2467.2,466.6381999999999
2467.3,466.5647999999999
2467.4,466.56
2467.5,466.6164000000001
2467.6,466.5542000000002
2467.7,466.56879999999995
2467.8,466.57930693069306
2467.9,466.5335
2468.0,466.58579999999995
2468.1,466.60859999999997
2468.2,466.55420000000004
2468.3,466.56860000000006
2468.4,466.5049
2468.5,466.53692376237626
2468.6,466.60438415841566
2468.7,466.5272000000002
2468.8,466.58440000000013
2468.9,466.59920000000005
2469.0,466.4987999999998
2469.1,466.56359999999984
2469.2,466.57
2469.3,466.54267326732673
2469.4,466.64009999999996
2469.5,466.65
2469.6,466.5681
2469.7,466.6237
2469.8,466.55719999999997
2469.9,466.5955
2470.0,466.6450495049504
2470.1,466.55097029702995
2470.2,466.58499999999987
2470.3,466.56299999999993
2470.4,466.4699999999998
2470.5,466.56799999999976
2470.6,466.6069999999999
2470.7,466.54762376237625
2470.8,466.6201000000001
2470.9,466.63890000000004
2471.0,466.5777
2471.1,466.5967
2471.2,466.5911
2471.3,466.6078
2471.4,466.6540594059407
2471.5,466.51040000000023
2471.6,466.56039999999985
2471.7,466.5436
2471.8,466.4343999999997
2471.9,466.50800000000027
2472.0,466.5288871287129
2472.1,466.49519999999995
2472.2,466.5595999999997
2472.3,466.52649999999994
2472.4,466.4765
2472.5,466.5570000000001
2472.6,466.52693069306935
2472.7,466.5372
2472.8,466.58300000000014
2472.9,466.4868000000001
2473.0,466.5044
2473.1,466.53554455445544
2473.2,466.43800000000033
2473.3,466.46250000000003
2473.4,466.4955
2473.5,466.4064999999998
2473.6,466.43250000000006
2473.7,466.42300000000006
2473.8,466.3947524752474
2473.9,473.39559999999847
2474.0,521.2575999999497
2474.1,579.4867999999466
2474.2,636.862399999948
2474.3,687.2188000001786
2474.4,751.5066891088994
2474.5,804.9150772277827
2474.6,861.108999999875
2474.7,916.317399999838
2474.8,966.0676000000775
2474.9,1020.0913000000877
2475.0,1028.2979999999977
2475.1,1029.7939603960394
2475.2,1028.456200000001
2475.3,1028.1209999999999
2475.4,1029.4993999999992
2475.5,1023.5106000000035
2475.6,1029.5263999999959
2475.7,1032.8965999999991
2475.8,1037.1932673267443
2475.9,1036.2126999999953
2476.0,1035.2191999999986
2476.1,1037.9249999999943
2476.2,1036.4921000000065
2476.3,1033.4079999999935
2476.4,1027.595148514849
2476.5,1030.03
2476.6,1030.568
2476.7,1024.982
2476.8,1025.1220000000017
2476.9,1022.452
2477.0,1033.482
2477.1,1032.6597029703046
2477.2,1034.9089999999917
2477.3,1037.5633000000057
2477.4,1040.8524000000089
2477.5,1046.4110999999934
2477.6,1043.029000000012
2477.7,1034.798500000018
2477.8,1045.8146534653613
2477.9,1049.1426
2478.0,1039.7099999999946
2478.1,1037.4834000000003
2478.2,1037.124200000002
2478.3,1040.2036000000019
2478.4,1039.962550495047
2478.5,1036.503276237626
2478.6,1030.5573000000104
2478.7,1029.1138999999998
2478.8,1030.4236000000049
2478.9,1029.3931999999945
2479.0,1031.6230693069356
2479.1,1031.1959999999985
2479.2,1029.903200000003
2479.3,1029.7492000000002
2479.4,1030.3220000000006
2479.5,1034.806800000005
2479.6,1040.266400000005
2479.7,1043.0950495049492
2479.8,1044.717500000005
2479.9,1048.6
2480.0,1042.3225000000111
2480.1,1037.4400000000037
2480.2,1050.499999999979
2480.3,1054.4145544554437
2480.4,1057.477800000006
2480.5,1044.1803999999734
2480.6,1042.119199999992
2480.7,1049.7955999999715
2480.8,1054.821000000005
2480.9,1060.9500000000096
2481.0,1062.4183168316833
2481.1,1054.931600000007
2481.2,1050.005400000002
2481.3,1049.2046
2481.4,1050.6042999999988
2481.5,1048.127000000003
2481.6,1048.20534653465
2481.7,1050.8559999999916
2481.8,1051.6884
2481.9,1051.3919999999991
2482.0,1046.8735999999888
2482.1,1049.7319999999909
2482.2,1055.8604396039543
2482.3,1053.6759108910833
2482.4,1052.3043
2482.5,1054.5299999999993
2482.6,1056.0957999999998
2482.7,1054.7967000000006
2482.8,1048.0439999999905
2482.9,1049.3768999999988
2483.0,1047.811782178225
2483.1,1047.0429999999983
2483.2,1053.2929999999806
2483.3,1071.6340000000512
2483.4,1072.2999999999802
2483.5,1078.3139999999887
2483.6,1073.5759009901053
2483.7,1064.9881643564563
2483.8,1077.645000000005
2483.9,1065.811099999994
2484.0,1077.0339000000065
2484.1,1068.6082999999944
2484.2,1062.2461999999941
2484.3,1045.037299999994
2484.4,1029.6586138613654
2484.5,1026.6479999999997
2484.6,1027.275199999999
2484.7,1027.847199999999
2484.8,1031.6988000000147
2484.9,1031.2199999999912
2485.0,1032.090799999999
2485.1,1037.1238613861378
2485.2,1037.4550663366363
2485.3,1037.2638712871317
2485.4,1040.4644000000008
2485.5,1040.408800000003
2485.6,1037.673000000008
2485.7,1035.2371089108985
2485.8,1035.1950000000013
2485.9,1037.5495000000035
2486.0,1037.420499999998
2486.1,1033.8550000000082
2486.2,1035.665148514842
2486.3,1036.7655999999956
2486.4,1035.6579999999992
2486.5,1036.8799999999976
2486.6,1040.538399999996
2486.7,1045.2579999999955
2486.8,1047.737600000004
2486.9,1045.1327722772169
2487.0,1042.7951999999984
2487.1,1043.7944999999972
2487.2,1041.5597000000141
2487.3,1040.8195000000026
2487.4,1043.2570000000046
2487.5,1043.2778999999973
2487.6,1049.0161386138645
2487.7,1041.1940000000086
2487.8,1031.0615999999939
2487.9,1024.7536000000032
2488.0,1023.8389999999987
2488.1,1015.2508000000071
2488.2,1005.8900000000026
2488.3,1015.6039405941151
2488.4,1008.3749821781688
2488.5,997.5970000000017
2488.6,996.6451000000003
2488.7,997.9458999999945
2488.8,998.9220000000004
2488.9,999.2379000000008
2489.0,997.9321000000017
2489.1,1000.3278217821728
2489.2,1001.922
2489.3,999.4299999999936
2489.4,1001.8760000000001
2489.5,1002.298
2489.6,998.8720000000001
2489.7,998.86
2489.8,1000.0904950495069
2489.9,998.3534999999918
2490.0,998.8915999999995
2490.1,1001.9014999999941
2490.2,1002.0729000000034
2490.3,1000.8725999999979
2490.4,1004.1766564356517
2490.5,1006.6847881188114
2490.6,1005.3903999999991
2490.7,1008.6237999999844
2490.8,1007.1439999999965
2490.9,1002.4773999999989
2491.0,997.2929999999967
2491.1,994.319
2491.2,992.5536000000068
2491.3,990.22633663366
2491.4,986.1311999999978
2491.5,982.2577000000038
2491.6,980.0387000000034
2491.7,976.654800000007
2491.8,981.1241000000329
2491.9,985.3174257425724
2492.0,982.8943999999967
2492.1,986.9724000000091
2492.2,993.086799999995
2492.3,991.1439999999948
2492.4,991.7564000000052
2492.5,995.7625742574251
2492.6,997.4922326732661
2492.7,997.0785000000017
2492.8,998.8375000000152
2492.9,999.8774999999985
2493.0,999.5849999999989
2493.1,999.6655000000007
2493.2,998.8553366336656
2493.3,999.6465801980228
2493.4,1001.8278000000029
2493.5,1005.0642000000058
2493.6,1005.0066000000041
2493.7,1003.4295999999993
2493.8,1003.5186138613861
2493.9,1001.2634000000029
2494.0,998.9090000000004
2494.1,999.0675999999993
2494.2,998.0107000000019
2494.3,993.2078999999904
2494.4,987.8675000000029
2494.5,985.9224752475247
2494.6,983.994000000002
2494.7,980.5996000000082
2494.8,977.9019999999956
2494.9,981.0556000000151
2495.0,985.1496000000004
2495.1,982.9745227722738
2495.2,986.0483247524728
2495.3,990.3355999999972
2495.4,988.6151000000006
2495.5,990.0828999999989
2495.6,995.0258999999988
2495.7,998.5246999999996
2495.8,1000.9392079208014
2495.9,1004.4700000000096
2496.0,1015.195
2496.1,1027.3949999999836
2496.2,1029.6450000000061
2496.3,1027.7649999999976
2496.4,1031.4900000000193
2496.5,1030.819752475235
2496.6,1020.0569514851459
2496.7,1015.7316999999933
2496.8,1026.7988000000043
2496.9,1026.7352999999955
2497.0,1008.1066999999961
2497.1,997.9828999999993
2497.2,995.849500000003
2497.3,993.7526999999993
2497.4,991.2096039603979
2497.5,990.8403999999969
2497.6,996.1703999999833
2497.7,997.9652000000115
2497.8,990.6251999999769
2497.9,989.5889425742698
2498.0,991.1820475247494
2498.1,984.2761999999935
2498.2,982.3266999999904
2498.3,989.7733000000056
2498.4,993.6136999999991
2498.5,995.012100000003
2498.6,998.8547861386161
2498.7,999.2934594059415
2498.8,996.9399999999937
2498.9,996.1590000000008
2499.0,998.1751999999951
2499.1,996.6478000000103
2499.2,998.4019999999826
2499.3,1004.8367999999971
2499.4,1003.40583564356
2499.5,1000.3287623762325
2499.6,999.8424999999961
2499.7,1001.5095000000051
2499.8,997.0539999999908
2499.9,996.4800000000098
2500.0,1002.393500000003
2500.1,1004.0693663366344
2500.2,999.8222495049591
2500.3,994.581200000002
2500.4,993.4396000000038
2500.5,989.9616000000024
2500.6,988.9267999999992
2500.7,989.5711999999999
2500.8,990.1617821782206
2500.9,992.1833000000053
2501.0,995.8244000000066
2501.1,996.8428000000011
2501.2,995.0584000000003
2501.3,996.5767000000059
2501.4,1001.7588000000114
2501.5,1004.8182178217805
2501.6,1003.6415999999998
2501.7,1005.1295999999986
2501.8,1005.5945999999936
2501.9,1002.153400000002
2502.0,998.6836000000012
2502.1,996.6542000000007
2502.2,991.5893762376368
2502.3,990.3040188119045
2502.4,996.7841999999993
2502.5,988.0770999999962
2502.6,961.7865000000859
2502.7,946.9852999999666
2502.8,958.5927722772389
2502.9,958.7139999999999
2503.0,950.884
2503.1,955.894
2503.2,960.7220000000101
2503.3,947.284
2503.4,940.568
2503.5,959.2533663366214
2503.6,974.4880019801665
2503.7,984.0403999999993
2503.8,985.0673000000052
2503.9,985.0000999999914
2504.0,981.6563999999977
2504.1,981.8093999999887
2504.2,986.4953465346435
2504.3,988.5017999999998
2504.4,988.3474000000001
2504.5,988.7142000000002
2504.6,989.3042000000003
2504.7,989.9283999999992
2504.8,991.7408000000017
2504.9,994.1271227722773
2505.0,994.8711128712846
2505.1,994.2708000000066
2505.2,992.0421999999984
2505.3,991.7220999999921
2505.4,988.0271999999932
2505.5,985.3658999999985
2505.6,985.0606455445584
2505.7,982.6019999999957
2505.8,981.3215999999949
2505.9,979.0012000000033
2506.0,981.3031999999998
2506.1,980.8065346534652
2506.2,982.4399999999923
2506.3,987.770000000009
2506.4,989.4775000000001
2506.5,990.1119999999981
2506.6,993.690499999992
2506.7,996.7550000000049
2506.8,997.5223762376513
2506.9,1004.1583999999997
2507.0,1002.5855999999943
2507.1,999.6598000000001
2507.2,998.8476000000043
2507.3,997.198599999997
2507.4,996.3248000000024
2507.5,996.9045544554444
2507.6,994.0907000000035
2507.7,991.2995999999986
2507.8,992.6044999999991
2507.9,991.5648000000017
2508.0,990.2665999999992
2508.1,990.959801980198
2508.2,992.2919999999889
2508.3,994.9423999999991
2508.4,993.9171999999958
2508.5,993.9568000000017
2508.6,999.0779999999852
2508.7,1001.7804000000082
2508.8,999.0863999999964
2508.9,997.4009900990086
2509.0,998.8585999999984
2509.1,1007.0159999999976
2509.2,1010.0861000000032
2509.3,1002.4938000000175
2509.4,1005.8833663366324
2509.5,1006.4430000000068
2509.6,1011.4920000000011
2509.7,1010.4830000000052
2509.8,1012.8850000000303
2509.9,1022.0229999999985
2510.0,1018.4796138613438
2510.1,1005.5064396039569
2510.2,994.8010999999906
2510.3,1002.2021000000011
2510.4,1005.3087999999999
2510.5,1004.9794999999999
2510.6,1003.8363999999992
2510.7,1000.4704950495066
2510.8,996.0783999999899
2510.9,995.0184000000083
2511.0,999.9751999999947
2511.1,1000.953200000007
2511.2,998.9659999999951
2511.3,1001.4486168316874
2511.4,1001.6916999999971
2511.5,996.7266999999954
2511.6,994.0677000000059
2511.7,1001.5759999999974
2511.8,1004.3833999999981
2511.9,1001.5171999999975
2512.0,997.5277247524749
2512.1,994.8475999999948
2512.2,995.4018000000118
2512.3,990.7578000000208
2512.4,995.1063999999963
2512.5,993.6468000000004
2512.6,995.2194712871193
2512.7,1001.0088613861341
2512.8,1002.7524999999994
2512.9,1002.3124999999993
2513.0,1003.7900000000087
2513.1,1009.095
2513.2,1008.3611881188049
2513.3,1008.9455999999859
2513.4,1006.020799999995
2513.5,1008.9112000000047
2513.6,1004.8016000000008
2513.7,1003.8964712871295
2513.8,1002.2425653465231
2513.9,997.4124999999883
2514.0,992.4579000000014
2514.1,994.5163000000005
2514.2,992.4771000000243
2514.3,988.4331000000159
2514.4,996.5493000000031
2514.5,998.1315841584163
2514.6,998.1998000000007
2514.7,996.8206000000005
2514.8,995.7705999999991
2514.9,994.061800000003
2515.0,991.3660396039496
2515.1,1001.5726999999903
2515.2,1007.572099999965
2515.3,1016.1577999999759
2515.4,1006.8746000000006
2515.5,1011.504700000023
2515.6,1027.428514851492
2515.7,1024.0100000000032
2515.8,1022.9879999999999
2515.9,1031.03
2516.0,1035.714
2516.1,1031.8558613861387
2516.2,1031.0675772277243
2516.3,1028.7126000000037
2516.4,1030.9138000000082
2516.5,1034.1801000000087
2516.6,1030.872599999999
2516.7,1031.9383168316751
2516.8,1035.1612000000014
2516.9,1038.1056000000015
2517.0,1039.696799999997
2517.1,1033.9305999999992
2517.2,1033.3205999999989
2517.3,1035.1175999999991
2517.4,1034.1418000000021
2517.5,1037.835508910891
2517.6,1037.8547089108915
2517.7,1042.9826999999534
2517.8,1071.1860000000675
2517.9,1088.3079999999768
2518.0,1081.1657999999845
2518.1,1090.2597999999905
2518.2,1093.150000000019
2518.3,1087.204760396086
2518.4,1104.4378970295772
2518.5,1090.1867999999904
2518.6,1084.9580000000042
2518.7,1096.776800000162
2518.8,1057.7559999999908
2518.9,1049.2284
2519.0,1048.965900990098
2519.1,1047.572222772277
2519.2,1047.1250000000014
2519.3,1045.143999999984
2519.4,1039.670000000004
2519.5,1036.661500000001
2519.6,1035.89792079208
2519.7,1034.6798000000156
2519.8,1030.5282000000009
2519.9,1031.1848000000011
2520.0,1032.1630000000025
2520.1,1034.7304000000045
2520.2,1039.6081188118933
2520.3,1035.974200000001
2520.4,1036.6079999999984
2520.5,1038.9479999999996
2520.6,1039.9821999999974
2520.7,1042.9459000000024
2520.8,1040.9216000000272
2520.9,1046.9990099009933
2521.0,1038.8495999999968
2521.1,1035.7504000000222
2521.2,1029.470399999981
2521.3,1035.6548000000014
2521.4,1037.0854455445642
2521.5,1042.990999999999
2521.6,1046.3034000000007
2521.7,1043.2577000000022
2521.8,1040.4432000000006
2521.9,1039.6500000000003
2522.0,1046.5569999999948
2522.1,1044.1809999999941
2522.2,1046.8239999999932
2522.3,1049.7010000000053
2522.4,1052.3562376237742
2522.5,1057.5964
2522.6,1057.4375999999997
2522.7,1056.3277999999998
2522.8,1057.968300000001
2522.9,1060.7879999999982
2523.0,1053.866195049505
2523.1,1055.720875247524
2523.2,1056.596399999993
2523.3,1059.681599999985
2523.4,1054.4863999999955
2523.5,1052.6256000000021
2523.6,1051.232000000007
2523.7,1047.6909663366337
2523.8,1047.4952198019737
2523.9,1045.6931000000056
2524.0,1053.4687000000004
2524.1,1052.5640999999932
2524.2,1034.6694000000448
2524.3,1024.729500000008
2524.4,1035.0082633663308
2524.5,1023.9494653465598
2524.6,1008.1369999999674
2524.7,1030.1496000000113
2524.8,1023.2010000000473
2524.9,1035.7397999999312
2525.0,1013.4942
2525.1,1014.922772277194
2525.2,1036.2915000000141
2525.3,1032.642500000007
2525.4,1038.543499999999
2525.5,1037.9500000000023
2525.6,1039.6084999999957
2525.7,1034.711500000021
2525.8,1029.2306930693148
2525.9,1036.7223999999958
2526.0,1040.877200000005
2526.1,1035.3028000000052
2526.2,1029.7032000000033
2526.3,1026.158399999998
2526.4,1025.4039603960443
2526.5,1020.0226000000166
2526.6,1030.9659000000133
2526.7,1026.6527999999978
2526.8,1027.298799999995
2526.9,1024.2650999999955
2527.0,1021.6925000000083
2527.1,1027.2780198019796
2527.2,1027.6361999999976
2527.3,1032.3834000000068
2527.4,1034.0727999999988
2527.5,1036.5342000000028
2527.6,1030.4645999999977
2527.7,1035.1043267326731
2527.8,1035.2991722772235
2527.9,1033.1126000000027
2528.0,1034.3834000000047
2528.1,1036.736399999991
2528.2,1040.3690999999926
2528.3,1043.2227999999943
2528.4,1040.6139603960567
2528.5,1049.01
2528.6,1040.21
2528.7,1037.77
2528.8,1025.95
2528.9,1019.41
2529.0,1035.43
2529.1,1010.9151485149011
2529.2,1008.6900000000041
2529.3,1007.491899999997
2529.4,994.6594999999677
2529.5,992.1639000000047
2529.6,997.990899999988
2529.7,1003.5345999999886
2529.8,1003.4810999999997
2529.9,1006.2043881188131
2530.0,1011.9832000000026
2530.1,1009.924399999999
2530.2,1003.8922000000244
2530.3,1002.3195999999994
2530.4,1002.4840594059411
2530.5,998.551719801986
2530.6,1002.2614999999937
2530.7,1003.7573999999977
2530.8,996.1951999999768
2530.9,994.970599999997
2531.0,1002.6553415841654
2531.1,1002.4227722772271
2531.2,1004.358399999993
2531.3,1004.1615999999997
2531.4,1003.4683999999992
2531.5,998.6783999999955
2531.6,991.1551999999931
2531.7,997.9787128712795
2531.8,998.3309999999999
2531.9,991.4805000000065
2532.0,987.4435000000043
2532.1,986.3380000000011
2532.2,977.1568316831979
2532.3,984.5230000000114
2532.4,990.8016000000084
2532.5,993.5294000000033
2532.6,995.0742712871283
2532.7,997.7097594059387
2532.8,999.1648000000052
2532.9,994.6100000000018
2533.0,1000.6955999999952
2533.1,1001.8867999999995
2533.2,997.959600000003
2533.3,996.2327722772247
2533.4,1000.4616000000086
2533.5,995.1083999999886
2533.6,991.528000000008
2533.7,995.4367999999876
2533.8,996.3888000000012
2533.9,993.0605940594061
2534.0,997.9624999999987
2534.1,1007.1249999999977
2534.2,1004.3036000000009
2534.3,1003.6761
2534.4,1006.4982999999993
2534.5,1003.554455445552
2534.6,1001.256000000005
2534.7,1000.6350000000011
2534.8,999.5459999999974
2534.9,1000.4110000000026
2535.0,987.9470000000254
2535.1,987.6029999999973
2535.2,987.229900990099
2535.3,984.722499999998
2535.4,986.7963000000005
2535.5,995.6162000000021
2535.6,997.0260000000001
2535.7,998.6097000000004
2535.8,1003.1432000000035
2535.9,1002.9045544554434
2536.0,1004.4103999999977
2536.1,1005.1491999999989
2536.2,1009.99839999999
2536.3,1006.8483999999883
2536.4,1005.2757425742562
2536.5,1003.6844999999989
2536.6,998.6849999999962
2536.7,994.6901000000124
2536.8,1000.6902000000051
2536.9,1000.2853999999988
2537.0,972.1021782178565
2537.1,962.8012000000076
2537.2,976.9925999999763
2537.3,974.7257999999827
2537.4,967.2262000000057
2537.5,985.2458415841754
2537.6,993.8840000000071
2537.7,988.6490000000198
2537.8,984.6529999999962
2537.9,991.3650000000097
2538.0,1005.7130000000175
2538.1,1003.6774257425773
2538.2,1001.5244000000014
2538.3,1003.59680000001
2538.4,999.5628000000011
2538.5,990.8672277227613
2538.6,995.4717999999837
2538.7,991.693600000018
2538.8,988.7509999999963
2538.9,987.7125999999987
2539.0,995.3432940594046
2539.1,997.5881346534651
2539.2,998.1199999999998
2539.3,1002.9660000000022
2539.4,1003.3048000000003
2539.5,999.369800000002
2539.6,1001.9255445544467
2539.7,1006.5813861386017
2539.8,1005.0518999999938
2539.9,1012.5557000000205
2540.0,1014.4581000000001
2540.1,1015.3914999999981
2540.2,1013.722700000006
2540.3,1014.5952475247532
2540.4,1013.912
2540.5,1014.076
2540.6,1018.628
2540.7,1013.564
2540.8,1012.5000000000006
2540.9,1011.0678415841544
2541.0,1011.0155207920787
2541.1,1010.5254000000015
2541.2,1010.9624999999985
2541.3,1007.9204999999898
2541.4,1008.4683000000044
2541.5,1004.2738000000063
2541.6,1001.7170000000035
2541.7,1003.59702970296
2541.8,1003.2995999999995
2541.9,998.5861999999975
2542.0,995.9961999999992
2542.1,997.6012000000012
2542.2,996.132000000008
2542.3,996.4258000000005
2542.4,998.2618950495058
2542.5,998.9488138613859
2542.6,997.7110000000027
2542.7,1000.3306999999937
2542.8,1001.5611000000013
2542.9,1000.7359999999965
2543.0,1001.4070999999993
2543.1,1000.9277000000016
2543.2,1004.3060396039457
2543.3,1008.1964000000033
2543.4,1011.524800000003
2543.5,1024.7868000000149
2543.6,1023.0603999999933
2543.7,1032.0543999999638
2543.8,1034.2162336633623
2543.9,1023.8206435643563
2544.0,1030.367499999985
2544.1,1030.6900000000044
2544.2,1028.9725000000012
2544.3,1034.3100000000254
2544.4,1029.6375
2544.5,1006.2520792079004
2544.6,994.3490000000124
2544.7,991.3292000000062
2544.8,989.0465999999967
2544.9,988.9084000000009
2545.0,988.9541999999997
2545.1,989.0061999999997
2545.2,987.076435643568
2545.3,981.8923999999967
2545.4,981.5028999999988
2545.5,980.7363000000012
2545.6,979.6522000000006
2545.7,982.0406999999975
2545.8,985.8801287128731
2545.9,989.302716831687
2546.0,991.7004000000038
2546.1,998.1407999999882
2546.2,1001.3271999999965
2546.3,1001.9104000000005
2546.4,1007.551200000014
2546.5,1009.9808910891089
2546.6,1011.0200999999997
2546.7,1012.4010999999998
2546.8,1014.3578000000024
2546.9,1011.6798785714219
2547.0,1009.363692857143
2547.1,1006.2339000000098
2547.2,1004.9602999999976
2547.3,1003.4044999999913
2547.4,1002.5800000000025
2547.5,1001.751584158413
2547.6,999.460599999999
2547.7,999.0547999999978
2547.8,997.3713999999983
2547.9,995.3891999999996
2548.0,994.9482
2548.1,996.5014000000012
2548.2,997.2840000000015
2548.3,995.0270158415776
2548.4,996.7277574257447
2548.5,1000.3753999999965
2548.6,999.8423000000041
2548.7,1000.1050999999961
2548.8,1005.5675000000228
2548.9,1006.6370999999986
2549.0,1002.8552000000057
2549.1,1001.7117999999988
2549.2,1003.5706930692995
2549.3,1004.3231999999994
2549.4,1005.732800000003
2549.5,1006.2699999999986
2549.6,1007.1276000000024
2549.7,1006.7352000000047
2549.8,1005.8708000000007
2549.9,1007.3404000000019
2550.0,1015.4235643564327
2550.1,1022.3514999999977
2550.2,1022.6280000000015
2550.3,1022.6365000000035
2550.4,1023.4740000000006
2550.5,1025.264999999997
2550.6,1027.458999999998
2550.7,1023.5039158416678
2550.8,1023.6707445545144
2550.9,1025.5705999999957
2551.0,1015.2407999999775
2551.1,1005.5702000000042
2551.2,1002.8936000000052
2551.3,1001.4047425742563
2551.4,994.1498316831648
2551.5,990.701399999997
2551.6,991.1488000000021
2551.7,988.6653000000015
2551.8,992.1767000000121
2551.9,997.5933999999982
2552.0,999.2416090909084
2552.1,998.2507454545496
2552.2,998.5120792079135
2552.3,999.9649999999962
2552.4,1000.7265999999981
2552.5,1002.1552000000011
2552.6,1002.0419999999986
2552.7,1001.6350000000024
2552.8,998.2371999999981
2552.9,998.2497999999995
2553.0,996.7277227722842
2553.1,992.631900000006
2553.2,993.2312999999876
2553.3,997.0133000000043
2553.4,994.7152999999823
2553.5,994.6799000000024
2553.6,1001.4939811881219
2553.7,1002.9709306930507
2553.8,1005.49
2553.9,1004.454
2554.0,1003.806
2554.1,1003.0011287128712
2554.2,1005.8026445544504
2554.3,1009.305899999997
2554.4,1009.7266000000074
2554.5,1011.1728999999993
2554.6,1009.4171000000064
2554.7,1005.0261643564527
2554.8,1002.3192000000015
2554.9,1001.3499999999963
2555.0,995.6603999999991
2555.1,993.0601999999983
2555.2,989.6200000000009
2555.3,986.3017999999886
2555.4,981.8682999999932
2555.5,977.0614000000061
2555.6,978.4724999999837
2555.7,986.3803999999939
2555.8,978.082999999914
2555.9,938.2497029701688
2556.0,886.3971999999628
2556.1,842.4236000000362
2556.2,790.8980000001991
2556.3,738.0591999999549
2556.4,691.9887999999637
2556.5,647.6273267326638
2556.6,591.4490000000721
2556.7,534.212000000052
2556.8,493.8904999998964
2556.9,473.62499999999727
2557.0,472.4995000000005
2557.1,472.0268459548667
2557.2,471.55381818181894
2557.3,471.2875999999993
2557.4,471.02280000000025
2557.5,470.7836000000001
2557.6,470.6472000000002
2557.7,470.41821782178255
2557.8,470.21539999999993
2557.9,470.1562999999997
2558.0,470.00079999999997
2558.1,469.96770000000004
2558.2,469.91860000000054
2558.3,469.7592999999998
2558.4,469.6877227722772
2558.5,469.6448000000001
2558.6,469.5222
2558.7,469.541
2558.8,469.5535999999996
2558.9,469.4578
2559.0,469.4411564356436
2559.1,469.3802089108914
2559.2,469.27209999999997
2559.3,469.25059999999974
2559.4,469.1231999999998
2559.5,469.0579
2559.6,469.01430000000045
2559.7,468.8758415841585
2559.8,468.862
2559.9,468.836
2560.0,468.7
2560.1,468.698
2560.2,468.6720000000001
2560.3,468.604
2560.4,468.6219801980198
2560.5,468.60910000000024
2560.6,468.5332999999998
2560.7,468.57670000000013
2560.8,468.50859999999983
2560.9,468.4771000000001
2561.0,468.540594059406
2561.1,468.4874
2561.2,468.4498
2561.3,468.52379999999994
2561.4,468.4464
2561.5,468.4372
2561.6,468.45199999999994
2561.7,468.3735643564356
2561.8,468.3985000000001
2561.9,468.4195999999997
2562.0,468.32679999999993
2562.1,468.3617
2562.2,468.3481188118815
2562.3,468.24960000000004
2562.4,468.29519999999997
2562.5,468.24599999999987
2562.6,468.1456
2562.7,468.2736000000001
2562.8,468.2160950495048
2562.9,468.0959158415841
2563.0,468.1180000000001
2563.1,468.0515
2563.2,468.063
2563.3,468.06660396039575
2563.4,467.9898297029703
2563.5,467.9914
2563.6,467.9817999999999
2563.7,467.8686
2563.8,467.8768000000001
2563.9,467.9617999999998
2564.0,467.85693069306933
2564.1,467.89220000000006
2564.2,467.82310000000007
2564.3,467.71910000000025
2564.4,467.7813
2564.5,467.7835
2564.6,467.75299999999993
2564.7,467.84128712871285
2564.8,467.8367999999998
2564.9,467.74720000000013
2565.0,467.8012
2565.1,467.8123999999999
2565.2,467.84559999999965
2565.3,467.94919999999985
2565.4,467.8711881188119
2565.5,467.8932
2565.6,467.9923
2565.7,467.9420999999999
2565.8,468.0466
2565.9,468.0978
2566.0,468.0831584158415
2566.1,468.1086435643564
2566.2,468.09000000000026
2566.3,468.0170000000004
2566.4,468.16299999999984
2566.5,468.097
2566.6,468.0720198019801
2566.7,468.07820891089136
2566.8,467.97540000000004
2566.9,468.02819999999997
2567.0,468.0091
2567.1,468.0018
2567.2,468.0236
2567.3,468.0419999999999
2567.4,467.8706930693069
2567.5,467.9784000000001
2567.6,467.9512000000002
2567.7,467.8524
2567.8,467.8808
2567.9,467.8851999999999
2568.0,467.83077623762375
2568.1,467.83263168316836
2568.2,467.7393
2568.3,467.7377000000001
2568.4,467.8301999999999
2568.5,467.6993
2568.6,467.6956
2568.7,467.76378316831716
2568.8,467.6800415841586
2568.9,467.6912000000001
2569.0,467.7064000000001
2569.1,467.65659999999986
2569.2,467.75700000000006
2569.3,467.7088237623762
2569.4,467.6965643564359
2569.5,467.8069999999999
2569.6,467.75
2569.7,467.75349999999975
2569.8,467.8149999999999
2569.9,467.72200000000004
2570.0,467.76397524752485
2570.1,467.83540990099016
2570.2,467.73199999999997
2570.3,467.78160000000014
2570.4,467.81720000000007
2570.5,467.7516
2570.6,467.7904
2570.7,467.80039999999997
2570.8,467.8120000000002
2570.9,467.8560396039605
2571.0,467.75819999999993
2571.1,467.7017999999998
2571.2,467.75790000000023
2571.3,467.6894
2571.4,467.66970000000003
2571.5,467.65729999999985
2571.6,467.56940594059415
2571.7,467.55019999999996
2571.8,467.5575999999995
2571.9,467.44219999999996
2572.0,467.5484
2572.1,467.46880000000004
2572.2,467.41
2572.3,467.4090079207919
2572.4,467.3593960396038
2572.5,467.27979999999997
2572.6,467.25940000000014
2572.7,467.19950000000017
2572.8,467.1505000000001
2572.9,467.1987128712869
2573.0,467.07
2573.1,467.1
2573.2,467.08
2573.3,467.03
2573.4,467.12
2573.5,467.16999999999996
2573.6,467.09089108910905
2573.7,467.2484039603957
2573.8,467.2401
2573.9,467.2003999999999
2574.0,467.27919999999983
2574.1,467.2899
2574.2,467.33949999999993
2574.3,467.3988118811882
2574.4,467.2921999999999
2574.5,467.33900000000006
2574.6,467.40860000000004
2574.7,467.3022000000004
2574.8,467.38820000000004
2574.9,467.5064356435647
2575.0,467.3838970297032
2575.1,467.47699999999986
2575.2,467.5963999999998
2575.3,467.5029999999997
2575.4,467.6358000000004
2575.5,467.64969999999994
2575.6,467.60198019801976
2575.7,467.6959999999997
2575.8,467.65199999999993
2575.9,467.61159999999995
2576.0,467.64840000000004
2576.1,467.56359999999995
2576.2,467.52160000000015
2576.3,467.59603960396066
2576.4,467.5145000000001
2576.5,467.5005
2576.6,467.5854999999999
2576.7,467.51400000000007
2576.8,467.49118811881186
2576.9,467.52760000000006
2577.0,467.4735999999999
2577.1,467.5357999999998
2577.2,467.5494
2577.3,467.4841999999999
2577.4,467.5078277227723
2577.5,467.4635
2577.6,467.42280000000005
2577.7,467.5036999999999
2577.8,467.50069999999994
2577.9,467.4721
2578.0,467.49789999999996
2578.1,467.44475247524764
2578.2,467.49519999999984
2578.3,467.5552000000001
2578.4,467.48639999999983
2578.5,467.5168000000001
2578.6,467.5751999999999
2578.7,467.52480000000014
2578.8,467.52910891089107
2578.9,467.5573
2579.0,467.5964
2579.1,467.6819
2579.2,467.6172
2579.3,467.6646
2579.4,467.77009999999996
2579.5,467.689
2579.6,467.6890099009901
2579.7,467.7529999999998
2579.8,467.6609999999998
2579.9,467.6950000000001
2580.0,467.67300000000006
2580.1,467.49151485148525
2580.2,467.4344
2580.3,467.4033
2580.4,467.31989999999996
2580.5,467.3189
2580.6,467.2577
2580.7,467.32120000000003
2580.8,467.36515940594074
2580.9,467.3172475247523
2581.0,467.3452
2581.1,467.3939999999999
2581.2,467.3912
2581.3,467.39880000000005
2581.4,467.4792000000003
2581.5,467.4638613861386
2581.6,467.53830000000005
2581.7,467.4717000000003
2581.8,467.42519999999996
2581.9,467.4461
2582.0,467.44129999999996
2582.1,467.4315584158416
2582.2,467.4643584158415
2582.3,467.3839999999997
2582.4,467.3614
2582.5,467.4287999999999
2582.6,467.3712000000001
2582.7,467.41977425742556
2582.8,467.43
2582.9,467.3364999999999
2583.0,467.3965000000001
2583.1,467.427
2583.2,467.3535000000003
2583.3,467.374
2583.4,467.3798316831683
2583.5,467.3296
2583.6,467.3955999999999
2583.7,467.35120000000006
2583.8,467.3820000000002
2583.9,467.45719999999994
2584.0,467.3692000000001
2584.1,467.3666336633663
2584.2,467.3948999999999
2584.3,467.3335999999999
2584.4,467.32
2584.5,467.32
2584.6,467.29510000000005
2584.7,467.2650178217823
2584.8,467.2600178217822
2584.9,467.18620000000004
2585.0,467.25199999999995
2585.1,467.22900000000004
2585.2,467.26919999999996
2585.3,467.37020000000007
2585.4,467.29257425742554
2585.5,467.32670000000013
2585.6,467.37239999999997
2585.7,467.3476000000001
2585.8,467.3805000000001
2585.9,467.4143
2586.0,467.33089999999976
2586.1,467.350099009901
2586.2,467.392
2586.3,467.3279999999999
2586.4,467.382
2586.5,467.376
2586.6,467.33799999999997
2586.7,467.37752475247515
2586.8,467.31099999999975
2586.9,467.3532000000002
2587.0,467.39369999999997
2587.1,467.3210000000002
2587.2,467.3156435643564
2587.3,467.3512
2587.4,467.24299999999994
2587.5,467.2334
2587.6,467.279
2587.7,467.2204950495051
2587.8,467.2308000000001
2587.9,467.2168999999999
2588.0,467.2177
2588.1,467.2277
2588.2,467.19195742574277
2588.3,467.1723762376238
2588.4,467.208
2588.5,467.1439999999999
2588.6,467.10479999999995
2588.7,467.0620000000001
2588.8,466.9587999999999
2588.9,466.9528
2589.0,466.96767524752477
2589.1,466.90242574257434
2589.2,466.9025
2589.3,466.85749999999973
2589.4,466.84000000000003
2589.5,466.86999999999995
2589.6,466.895
2589.7,466.91499999999996
2589.8,466.94970297029715
2589.9,466.9377999999999
2590.0,466.90039999999993
2590.1,466.9639999999998
2590.2,466.9678000000001
2590.3,466.99700000000007
2590.4,467.03930693069304
2590.5,467.0135
2590.6,467.02189999999996
2590.7,467.06649999999996
2590.8,467.0873
2590.9,467.1556999999999
2591.0,467.23109999999997
2591.1,467.20663366336646
2591.2,467.20439999999996
2591.3,467.23160000000007
2591.4,467.18239999999986
2591.5,467.1672
2591.6,467.0980000000001
2591.7,467.1341584158415
2591.8,467.1671
2591.9,467.12030000000004
2592.0,467.1284
2592.1,467.1329
2592.2,467.1513
2592.3,467.14594059405937
2592.4,467.1960000000002
2592.5,467.234
2592.6,467.28199999999987
2592.7,467.2720000000001
2592.8,467.27400000000006
2592.9,467.27299999999997
2593.0,467.20069306930685
2593.1,467.25280000000004
2593.2,467.3037999999999
2593.3,467.2686
2593.4,467.3052
2593.5,467.3093
2593.6,467.3
2593.7,467.3204950495049
2593.8,467.24159999999966
2593.9,467.19319999999993
2594.0,467.2036
2594.1,467.1080000000003
2594.2,466.9988000000002
2594.3,467.0103960396041
2594.4,466.96299999999997
2594.5,466.97690000000006
2594.6,466.98659999999995
2594.7,466.92640000000017
2594.8,467.02730000000014
2594.9,467.109701980198
2595.0,467.1068673267327
2595.1,467.1725999999998
2595.2,467.2034
2595.3,467.1339999999997
2595.4,467.0868
2595.5,467.0206000000001
2595.6,466.9372000000001
2595.7,466.929603960396
2595.8,466.8099999999998
2595.9,466.71399999999994
2596.0,466.6935
2596.1,466.58670792079215
2596.2,466.57487128712864
2596.3,466.6064
2596.4,466.5331999999999
2596.5,466.5603999999999
2596.6,466.59360000000004
2596.7,466.57099009901
2596.8,466.5915000000001
2596.9,466.6037
2597.0,466.59369999999996
2597.1,466.6466999999999
2597.2,466.6300990099011
2597.3,466.5938
2597.4,466.61479999999995
2597.5,466.56180000000006
2597.6,466.55719999999997
2597.7,466.5924
2597.8,466.55039999999985
2597.9,466.57524752475257
2598.0,466.6039
2598.1,466.5512000000002
2598.2,466.56269999999984
2598.3,466.5655999999999
2598.4,466.52559999999994
2598.5,466.5220792079208
2598.6,466.524
2598.7,466.52
2598.8,466.526
2598.9,466.5
2599.0,466.474
2599.1,466.50570297029697
2599.2,466.47702178217844
2599.3,466.4872000000002
2599.4,466.54950000000014
2599.5,466.5464
2599.6,466.52410000000003
2599.7,466.52
2599.8,466.53180000000003
2599.9,466.5575247524753
2600.0,466.541
2600.1,466.5316
2600.2,466.5573999999999
2600.3,466.541
2600.4,466.5548
2600.5,466.5916
2600.6,466.56571683168323
2600.7,466.57424257425737
2600.8,466.58859999999993
2600.9,466.5629
2601.0,466.61269999999985
2601.1,466.6315000000001
2601.2,466.6271
2601.3,466.64000000000004
2601.4,466.5835643564355
2601.5,466.5624
2601.6,466.5856
2601.7,466.55640000000005
2601.8,466.58600000000007
2601.9,466.6468
2602.0,466.60455445544557
2602.1,466.5929999999999
2602.2,466.60350000000005
2602.3,466.55149999999975
2602.4,466.5805000000001
2602.5,466.5805000000001
2602.6,466.54549999999995
2602.7,466.5826732673266
2602.8,466.55599999999987
2602.9,466.5154
2603.0,466.5524000000001
2603.1,466.49900000000014
2603.2,466.46742574257416
2603.3,466.51590000000004
2603.4,466.4770000000001
2603.5,466.48299999999995
2603.6,466.51410000000004
2603.7,466.45760000000007
2603.8,466.46198019802
2603.9,466.48439999999994
2604.0,466.42839999999984
2604.1,466.44199999999995
2604.2,466.4432000000003
2604.3,466.3948514851485
2604.4,466.3798
2604.5,466.3343
2604.6,466.3153
2604.7,466.3096
2604.8,466.2389999999998
2604.9,466.20529999999997
2605.0,466.21999999999997
2605.1,466.1594059405942
2605.2,466.14499999999975
2605.3,466.17999999999995
2605.4,466.1349999999999
2605.5,466.125
2605.6,466.10500000000025
2605.7,466.08999999999986
2605.8,466.11480198019797
2605.9,466.07079999999996
2606.0,483.29270000000804
2606.1,535.8540000000161
2606.2,596.1345999999008
2606.3,652.2994000000143
2606.4,712.0176000000127
2606.5,765.9633811881293
2606.6,819.591710891046
2606.7,876.1563999998955
2606.8,936.3176000001722
2606.9,994.8344000000292
2607.0,1031.8859999999652
2607.1,1038.4860000000128
2607.2,1033.515493069312
2607.3,1032.8469782178247
2607.4,1034.506600000001
2607.5,1032.2022999999954
2607.6,1030.4905000000028
2607.7,1034.231599999995
2607.8,1036.8771000000013
2607.9,1037.2090999999991
2608.0,1035.764554455446
2608.1,1030.1884000000143
2608.2,1025.9567999999958
2608.3,1027.9650000000024
2608.4,1026.5713999999957
2608.5,1028.6137999999878
2608.6,1029.2856000000124
2608.7,1023.8302000000016
2608.8,1020.8790099009786
2608.9,1014.9659999999922
2609.0,1014.8815000000095
2609.1,1017.9540000000029
2609.2,1022.3149999999533
2609.3,1024.0269999999853
2609.4,1026.9630000000254
2609.5,1037.0764999999947
2609.6,1038.3586138613882
2609.7,1044.689999999997
2609.8,1046.3955999999996
2609.9,1049.9239999999922
2610.0,1053.3680000000024
2610.1,1050.2732000000033
2610.2,1049.1175999999982
2610.3,1048.7721188118733
2610.4,1045.5455405940543
2610.5,1044.4314000000031
2610.6,1043.5691000000018
2610.7,1040.9171000000001
2610.8,1041.5708000000025
2610.9,1040.2798999999918
2611.0,1038.743861386141
2611.1,1041.5569999999989
2611.2,1043.5961999999993
2611.3,1045.6472000000058
2611.4,1044.4852000000028
2611.5,1038.923000000002
2611.6,1035.8708000000006
2611.7,1037.4224712871217
2611.8,1041.186256435646
2611.9,1041.9571999999998
2612.0,1050.606100000004
2612.1,1075.9365999999218
2612.2,1088.1562000000379
2612.3,1087.3918000000408
2612.4,1095.7031999999826
2612.5,1096.0137623762535
2612.6,1103.27
2612.7,1095.2140000000331
2612.8,1091.912
2612.9,1100.694
2613.0,1090.336
2613.1,1069.7993069307154
2613.2,1052.3227000000043
2613.3,1049.1489999999878
2613.4,1046.4447000000018
2613.5,1049.553700000005
2613.6,1052.4876000000063
2613.7,1053.3211999999855
2613.8,1056.8716999999951
2613.9,1053.4999009900896
2614.0,1049.4571999999994
2614.1,1048.395
2614.2,1050.8239999999914
2614.3,1054.885441584158
2614.4,1054.3302376237614
2614.5,1052.8284000000042
2614.6,1052.098299999996
2614.7,1053.5820000000008
2614.8,1051.0396999999816
2614.9,1048.1945000000037
2615.0,1051.7585999999926
2615.1,1053.2680198019898
2615.2,1044.136000000066
2615.3,1035.2200000000068
2615.4,1040.0308
2615.5,1037.306799999993
2615.6,1029.2008000000064
2615.7,1027.4955999999593
2615.8,1034.8068000000003
2615.9,1036.475742574258
2616.0,1035.8685000000103
2616.1,1029.8970000000004
2616.2,1028.9155000000028
2616.3,1024.4154999999719
2616.4,1020.1040000000055
2616.5,1022.9409999999973
2616.6,1025.936534653458
2616.7,1027.6690000000085
2616.8,1025.151599999997
2616.9,1024.1224000000018
2617.0,1025.3634000000013
2617.1,1028.4881999999986
2617.2,1033.8591742574217
2617.3,1034.2922762376188
2617.4,1032.6513000000002
2617.5,1032.1953000000003
2617.6,1030.2589000000032
2617.7,1027.9978999999983
2617.8,1030.2451000000035
2617.9,1032.4127722772282
2618.0,1035.5476000000008
2618.1,1035.4748000000131
2618.2,1032.8419999999942
2618.3,1035.322800000006
2618.4,1040.0304000000142
2618.5,1043.7592079207866
2618.6,1041.958699999999
2618.7,1045.0516000000002
2618.8,1044.3278999999975
2618.9,1042.2399000000012
2619.0,1038.7110000000002
2619.1,1040.1065346534597
2619.2,1045.2539999999954
2619.3,1045.1699999999887
2619.4,1039.645999999984
2619.5,1037.3790000000079
2619.6,1041.2339702970407
2619.7,1034.488421782185
2619.8,1027.3128999999972
2619.9,1017.4519999999995
2620.0,1021.4783000000043
2620.1,1027.1878999999938
2620.2,1006.8928000000029
2620.3,1007.1302000000017
2620.4,1011.8944861386142
2620.5,1006.2885742574512
2620.6,995.1515999999987
2620.7,996.5127999999945
2620.8,1000.9116000000218
2620.9,1006.2159999999977
2621.0,1004.2936000000053
2621.1,1003.8369960769578
2621.2,1007.7144115449305
2621.3,1004.2866999999882
2621.4,999.5856999999983
2621.5,999.6125000000036
2621.6,1002.0708000000013
2621.7,1002.3505673267231
2621.8,1004.4142574257422
2621.9,1001.748
2622.0,1000.124
2622.1,1001.096
2622.2,1003.7980000000036
2622.3,1000.506
2622.4,1000.6740000000001
2622.5,1002.9909900990093
2622.6,1003.5146000000075
2622.7,999.7957000000082
2622.8,997.1329000000072
2622.9,998.2283999999892
2623.0,992.5232000000035
2623.1,990.3605000000084
2623.2,987.5673405940532
2623.3,989.5190435643561
2623.4,988.491599999999
2623.5,987.1516000000006
2623.6,988.079
2623.7,987.3028000000016
2623.8,984.4620000000023
2623.9,989.3265346534657
2624.0,992.6078000000059
2624.1,991.1883999999849
2624.2,999.7682999999937
2624.3,1003.1565000000014
2624.4,1003.135599999995
2624.5,1001.8496039603917
2624.6,1004.7843999999998
2624.7,1003.7407999999969
2624.8,1004.9360000000027
2624.9,1007.4804000000008
2625.0,1008.7084000000025
2625.1,1011.2004000000002
2625.2,1012.63519999999
2625.3,1014.5635643564343
2625.4,1012.800499999999
2625.5,1013.420000000001
2625.6,1012.489500000002
2625.7,1010.6170000000035
2625.8,1008.8015000000137
2625.9,1013.1179207920788
2626.0,1012.9907999999955
2626.1,1009.9963999999991
2626.2,1008.1950000000168
2626.3,1003.5567999999987
2626.4,1002.5101999999972
2626.5,1000.3225999999961
2626.6,998.3268000000027
2626.7,1001.0033663366424
2626.8,998.0455999999938
2626.9,996.768799999998
2627.0,997.9974000000062
2627.1,989.7483000000021
2627.2,987.5864999999972
2627.3,991.5533000000112
2627.4,994.1697722772287
2627.5,992.3871683168376
2627.6,996.7735999999978
2627.7,997.2440000000049
2627.8,994.9015999999885
2627.9,989.6964000000054
2628.0,992.6136000000032
2628.1,996.0951999999714
2628.2,1005.7811881187998
2628.3,1008.9837000000008
2628.4,1006.3488999999993
2628.5,1009.6864999999985
2628.6,1014.4076000000016
2628.7,1007.7414000000038
2628.8,1004.2602960396043
2628.9,1014.778623762392
2629.0,1020.6009999999917
2629.1,1014.2950000000494
2629.2,995.372999999985
2629.3,1002.1150000000197
2629.4,1009.849999999999
2629.5,1009.160396039599
2629.6,1006.9458
2629.7,1006.6504
2629.8,1007.1780000000001
2629.9,1007.2546999999997
2630.0,1006.2296000000001
2630.1,1006.3536999999993
2630.2,1003.7019415841585
2630.3,1005.1716910891097
2630.4,1005.3135999999968
2630.5,1004.0987999999998
2630.6,1004.6959999999887
2630.7,1010.6751999999938
2630.8,1013.54799999999
2630.9,1010.7515841584338
2631.0,1017.1714999999989
2631.1,1015.4303999999985
2631.2,1011.0587000000216
2631.3,1005.7276999999987
2631.4,1003.9104999999994
2631.5,1003.0436999999993
2631.6,1001.748613861384
2631.7,997.7918000000041
2631.8,994.9135999999955
2631.9,992.9959999999727
2632.0,984.8463999999843
2632.1,995.6131999999997
2632.2,995.337000000011
2632.3,988.4630000000368
2632.4,999.8053465346782
2632.5,1007.4119999999982
2632.6,1005.8949999999993
2632.7,1005.435499999986
2632.8,1009.3039999999991
2632.9,1008.6835000000015
2633.0,1009.5924752475187
2633.1,1003.9071999999993
2633.2,1004.3428000000049
2633.3,999.3324000000175
2633.4,1004.141200000001
2633.5,1002.8900000000018
2633.6,1000.9393425742583
2633.7,1000.3811960395851
2633.8,1006.5846000000013
2633.9,1007.2362999999923
2634.0,1002.6239000000016
2634.1,1003.770999999995
2634.2,1005.5510999999871
2634.3,1009.4221999999804
2634.4,997.53
2634.5,997.6587999999971
2634.6,1004.1391999999961
2634.7,1012.3460000000019
2634.8,1008.2592000000058
2634.9,1009.6738000000004
2635.0,1008.9551999999983
2635.1,1012.5625960396077
2635.2,1008.6927069307768
2635.3,1008.5617000000127
2635.4,1014.6564999999973
2635.5,1013.2318999999823
2635.6,1004.3709000000348
2635.7,990.5749000000063
2635.8,988.1063000000033
2635.9,989.7477227722829
2636.0,992.52
2636.1,990.3100000000001
2636.2,989.4
2636.3,988.1400000000001
2636.4,986.23
2636.5,983.65
2636.6,983.0699999999999
2636.7,981.0500000000001
2636.8,991.0698019802232
2636.9,990.9719999999995
2637.0,993.8805999999942
2637.1,991.9399000000041
2637.2,998.3648999999867
2637.3,998.1923999999993
2637.4,995.5070999999932
2637.5,998.909614851487
2637.6,1006.7317940594096
2637.7,1004.4498000000099
2637.8,1005.7230000000006
2637.9,1003.2509999999988
2638.0,999.2603999999982
2638.1,996.0537999999985
2638.2,1000.0373999999834
2638.3,1001.1686000000004
2638.4,997.8036633663266
2638.5,1006.6239999999867
2638.6,1003.7669000000052
2638.7,1006.9000999999946
2638.8,997.3096999999705
2638.9,998.8821000000057
2639.0,999.2309999999994
2639.1,998.8846534653462
2639.2,1005.1003999999775
2639.3,1006.6272000000012
2639.4,1004.5199999999978
2639.5,1004.0555999999997
2639.6,1009.3104000000051
2639.7,1003.8564000000205
2639.8,1004.1902970297049
2639.9,1004.5049999999998
2640.0,1010.8469999999925
2640.1,1007.1425000000047
2640.2,1007.661499999999
2640.3,1006.9779999999973
2640.4,1005.6701980198
2640.5,999.6867999999914
2640.6,1002.2521999999908
2640.7,1000.7480000000057
2640.8,998.1865999999965
2640.9,1007.4488000000135
2641.0,1007.8987623762372
2641.1,985.8791643564483
2641.2,964.5798000000144
2641.3,981.3559000000758
2641.4,985.9570999999987
2641.5,980.6014000000041
2641.6,981.8167999999988
2641.7,989.2869999999947
2641.8,989.7295049504949
2641.9,970.4091999999617
2642.0,987.9856000000381
2642.1,988.510000000003
2642.2,997.3339999999736
2642.3,995.3131999999945
2642.4,993.6991999999973
2642.5,990.3372277227725
2642.6,984.0049000000015
2642.7,989.8982999999984
2642.8,988.6653999999997
2642.9,983.1747000000014
2643.0,988.7469999999985
2643.1,991.4247999999993
2643.2,994.4681188118748
2643.3,994.8340000000001
2643.4,997.0720000000056
2643.5,995.9250000000028
2643.6,994.5010000000033
2643.7,996.384999999995
2643.8,1003.6840000000179
2643.9,999.3907920792053
2644.0,993.6346999999987
2644.1,1000.0132000000018
2644.2,996.0294999999987
2644.3,994.6734999999994
2644.4,996.7961000000006
2644.5,1001.0672455445558
2644.6,999.2516673267368
2644.7,1000.4359999999969
2644.8,1004.3096000000113
2644.9,1003.0675999999946
2645.0,999.0988000000054
2645.1,1001.9779999999931
2645.2,1002.3790099009902
2645.3,1002.3352
2645.4,1003.0869000000006
2645.5,1006.1667000000024
2645.6,1005.4789999999991
2645.7,1002.143200000012
2645.8,1004.8094940594087
2645.9,1002.6103683168349
2646.0,1001.7156000000007
2646.1,1004.5381999999954
2646.2,999.996200000008
2646.3,996.8579999999913
2646.4,989.3871287128593
2646.5,989.9095000000025
2646.6,983.7344999999913
2646.7,982.904499999999
2646.8,985.2295000000031
2646.9,987.9760000000032
2647.0,982.2464356435687
2647.1,977.520000000004
2647.2,979.8555999999968
2647.3,993.9540000000584
2647.4,990.4568000000013
2647.5,998.0191999999906
2647.6,1010.6839999999881
2647.7,1012.0561029702975
2647.8,1007.8777841584065
2647.9,1009.3840000000044
2648.0,1031.182700000041
2648.1,1024.8098000000282
2648.2,1026.8429999999848
2648.3,1030.1170000000047
2648.4,1030.5592960396036
2648.5,1034.9791742574253
2648.6,1030.651000000003
2648.7,1036.0089999999964
2648.8,1031.093199999997
2648.9,1030.5035999999996
2649.0,1029.9994000000004
2649.1,1031.629399999999
2649.2,1035.1518316831664
2649.3,1029.3934188118621
2649.4,1025.8830999999948
2649.5,1021.1169999999892
2649.6,1022.0134999999962
2649.7,1022.3790000000004
2649.8,1036.0004000000345
2649.9,1078.8980198020001
2650.0,1075.004
2650.1,1093.868
2650.2,1090.6399999999999
2650.3,1104.344000000018
2650.4,1108.856
2650.5,1104.862
2650.6,1118.483465346505
2650.7,1103.2278000000495
2650.8,1094.049899999987
2650.9,1063.872199999908
2651.0,1044.2821000000165
2651.1,1041.0632019801992
2651.2,1039.981073267331
2651.3,1039.5318
2651.4,1043.7332000000024
2651.5,1040.6321999999975
2651.6,1038.4449999999995
2651.7,1037.1248000000041
2651.8,1041.378712871301
2651.9,1041.8883999999969
2652.0,1045.3821999999973
2652.1,1045.013900000003
2652.2,1043.9982178217845
2652.3,1043.1967999999993
2652.4,1040.7427999999973
2652.5,1042.1276000000025
2652.6,1046.4244554455418
2652.7,1046.2100000000023
2652.8,1042.0724999999834
2652.9,1040.1075
2653.0,1026.9675000000195
2653.1,1019.4323762376353
2653.2,1027.5599999999602
2653.3,1026.5771999999922
2653.4,1025.9854000000016
2653.5,1030.4218000000076
2653.6,1025.920693069308
2653.7,1037.722199999987
2653.8,1037.2032999999956
2653.9,1037.9250999999972
2654.0,1049.76669999999
2654.1,1047.9054000000053
2654.2,1048.8935999999972
2654.3,1047.226732673258
2654.4,1047.0688000000023
2654.5,1049.798800000006
2654.6,1047.717600000006
2654.7,1045.758000000003
2654.8,1045.6444000000006
2654.9,1049.717639603962
2655.0,1051.9699475247523
2655.1,1051.0798000000004
2655.2,1052.0370999999996
2655.3,1052.2294999999995
2655.4,1056.1169999999988
2655.5,1052.4876000000017
2655.6,1051.5866999999996
2655.7,1056.9997029702856
2655.8,1058.3209999999976
2655.9,1052.8339999999832
2656.0,1048.7020000000025
2656.1,1048.768999999997
2656.2,1050.8229999999944
2656.3,1042.0619999999692
2656.4,1043.8148514851555
2656.5,1049.826200000001
2656.6,1056.2966000000017
2656.7,1058.3444000000006
2656.8,1059.3740000000003
2656.9,1059.2273435643547
2657.0,1058.7955841584155
2657.1,1058.6892
2657.2,1053.2572000000143
2657.3,1048.030799999989
2657.4,1044.6619999999916
2657.5,1039.930000000002
2657.6,1032.642475247526
2657.7,1030.8711999999969
2657.8,1031.6416000000004
2657.9,1032.5102000000006
2658.0,1030.6489999999978
2658.1,1032.8038613861354
2658.2,1033.9022000000011
2658.3,1037.0916000000168
2658.4,1040.0878000000002
2658.5,1038.9874000000036
2658.6,1041.6771999999926
2658.7,1041.945148514858
2658.8,1038.0289999999945
2658.9,1036.7990000000007
2659.0,1038.083000000002
2659.1,1040.8469999999938
2659.2,1040.0995000000103
2659.3,1037.9744999999982
2659.4,1038.0206930693066
2659.5,1041.2819999999958
2659.6,1044.0591999999983
2659.7,1040.8984000000055
2659.8,1042.8880000000236
2659.9,1044.1091999999987
2660.0,1043.6243999999997
2660.1,1043.5080000000003
2660.2,1037.956831683187
2660.3,1039.6988000000124
2660.4,1041.820299999998
2660.5,1034.292499999982
2660.6,1033.9162999999924
2660.7,1031.5158000000217
2660.8,1020.7737999999798
2660.9,1027.3180376237667
2661.0,1022.2453069307014
2661.1,1013.1100000000014
2661.2,1012.4721999999997
2661.3,1009.9465999999942
2661.4,1002.4812000000042
2661.5,993.8798000000038
2661.6,994.3993999999974
2661.7,996.6913861386138
2661.8,997.3400000000021
2661.9,992.9109999999839
2662.0,991.4098999999982
2662.1,992.5022074766351
2662.2,992.2237121495348
2662.3,990.4665999999963
2662.4,988.9283999999993
2662.5,991.0213009901001
2662.6,994.7355445544533
2662.7,997.4919999999984
2662.8,997.2154999999963
2662.9,994.6662000000017
2663.0,995.9426999999969
2663.1,1000.0185999999976
2663.2,1000.2572000000018
2663.3,1002.7119801980396
2663.4,1008.4292000000082
2663.5,1009.6859999999969
2663.6,1007.9496000000009
2663.7,1007.484799999998
2663.8,1007.4967999999988
2663.9,1007.6235960396048
2664.0,1010.3813366336625
2664.1,1014.2109999999993
2664.2,1015.5362000000001
2664.3,1015.7121000000013
2664.4,1015.7081000000002
2664.5,1014.1970000000006
2664.6,1014.0644999999996
2664.7,1013.3334653465389
2664.8,1011.3149999999983
2664.9,1010.2399999999968
2665.0,1008.9
2665.1,1008.5049999999989
2665.2,1007.9400000000037
2665.3,1006.0049999999948
2665.4,1002.726435643559
2665.5,1000.2067999999999
2665.6,996.6945999999986
2665.7,994.6690999999948
2665.8,998.4792000000011
2665.9,999.3794999999992
2666.0,995.1209999999988
2666.1,996.1100990098954
2666.2,997.7168000000084
2666.3,993.5683999999901
2666.4,995.6872000000045
2666.5,999.819600000001
2666.6,999.3780000000007
2666.7,1002.1987999999885
2666.8,1006.0455445544575
2666.9,1006.3879999999996
2667.0,1004.4155999999975
2667.1,1001.0741999999979
2667.2,1000.4961159292013
2667.3,1001.5772407079628
2667.4,1000.5737999999994
2667.5,1000.055399999999
2667.6,999.8087128712876
2667.7,996.2765000000081
2667.8,989.1973000000066
2667.9,989.667600000003
2668.0,985.4866000000028
2668.1,986.8525999999916
2668.2,996.193366336629
2668.3,998.5315999999998
2668.4,999.0996000000036
2668.5,1002.1792000000021
2668.6,1005.9947999999983
2668.7,1006.8235999999968
2668.8,1006.594399999994
2668.9,1006.3197029703043
2669.0,1014.584199999997
2669.1,1023.4268999999999
2669.2,1022.3753000000008
2669.3,1020.1926000000013
2669.4,1023.5603999999978
2669.5,1029.8552277228068
2669.6,1028.615465346595
2669.7,1030.9279999999821
2669.8,1034.320999999984
2669.9,1032.415000000023
2670.0,1032.495999999979
2670.1,1016.8639999999955
2670.2,1018.5709999999975
2670.3,1018.5519999999942
2670.4,1015.025762376228
2670.5,1011.5028297029708
2670.6,1012.3644999999996
2670.7,1010.188300000003
2670.8,1007.037799999999
2670.9,1003.6697999999997
2671.0,1001.7474999999993
2671.1,997.3229999999983
2671.2,994.353762376235
2671.3,999.4439999999961
2671.4,997.425599999995
2671.5,994.5728000000022
2671.6,995.6399999999873
2671.7,997.756800000019
2671.8,993.0736000000276
2671.9,1001.2554455445613
2672.0,1003.0715999999986
2672.1,1000.5143999999972
2672.2,999.1827999999964
2672.3,1004.5028963302763
2672.4,1005.2662880733927
2672.5,1003.6636000000035
2672.6,1009.6157999999995
2672.7,1008.613
2672.8,1008.4161999999999
2672.9,1009.2562376237629
2673.0,1014.8057999999988
2673.1,1014.6006000000077
2673.2,1012.4920999999822
2673.3,1020.8646999999849
2673.4,1016.3169999999959
2673.5,1014.8096999999993
2673.6,1014.2713861386239
2673.7,1009.224400000016
2673.8,1005.2687999999986
2673.9,1003.3163999999963
2674.0,999.0587999999947
2674.1,993.5539999999994
2674.2,990.0944000000051
2674.3,989.6703960396067
2674.4,993.2480000000035
2674.5,989.709000000007
2674.6,985.8864999999894
2674.7,994.0969999999978
2674.8,994.9474999999849
2674.9,992.4829999999829
2675.0,1005.8574257425712
2675.1,1009.4464000000005
2675.2,1010.2973999999955
2675.3,1012.0098000000048
2675.4,1014.2399999999917
2675.5,1003.8901999999495
2675.6,972.1791089108924
2675.7,974.5572999999931
2675.8,982.1997999999687
2675.9,971.7212000000113
2676.0,959.1107999999896
2676.1,972.4182999999994
2676.2,971.3263000000098
2676.3,959.9330851485486
2676.4,969.3784000000188
2676.5,980.425600000021
2676.6,994.9695999999971
2676.7,995.9355999999997
2676.8,996.5732000000079
2676.9,1000.2222772277203
2677.0,999.0125999999997
2677.1,1000.0687000000008
2677.2,997.2363999999963
2677.3,1001.1531000000016
2677.4,994.9404428571429
2677.5,993.392941176468
2677.6,993.6836168067216
2677.7,997.7219999999882
2677.8,996.1103999999962
2677.9,1000.6412000000093
2678.0,996.7075999999914
2678.1,996.7036475247523
2678.2,992.326393069308
2678.3,990.5158999999998
2678.4,994.138299999999
2678.5,996.8668999999994
2678.6,994.5702000000007
2678.7,998.2875999999991
2678.8,1002.3290099010001
2678.9,1000.5519999999945
2679.0,999.6350000000014
2679.1,1004.7889999999867
2679.2,1004.6860000000016
2679.3,1004.9340000000009
2679.4,1005.8521782178223
2679.5,1006.1558000000001
2679.6,1007.6218000000003
2679.7,1006.4026999999998
2679.8,1005.2598999999992
2679.9,1003.6091999999996
2680.0,1000.0468999999991
2680.1,1005.5024138613765
2680.2,1004.8380237623792
2680.3,1002.2639999999926
2680.4,1008.0032000000188
2680.5,1006.6828000000032
2680.6,1004.8216831683162
2680.7,1000.4053000000157
2680.8,1004.4780000000038
2680.9,1004.7362999999997
2681.0,1005.3138000000005
2681.1,1005.5666000000001
2681.2,1008.0694999999907
2681.3,1006.794738613856
2681.4,1005.5754000000009
2681.5,1007.6903999999965
2681.6,1007.406400000001
2681.7,1005.1586000000034
2681.8,1007.7340000000108
2681.9,1011.3059999999974
2682.0,981.1390792078935
2682.1,958.7919999999615
2682.2,967.5179999999622
2682.3,969.7445000000001
2682.4,955.549499999981
2682.5,961.3445000000112
2682.6,966.7880000000052
2682.7,965.5880198019815
2682.8,960.0219999999773
2682.9,973.6375999999968
2683.0,985.4667999999903
2683.1,999.9479366336509
2683.2,1005.6474881188019
2683.3,1007.0487000000014
2683.4,1008.1379000000019
2683.5,1006.0059999999955
2683.6,1005.7872999999993
2683.7,1005.1511000000025
2683.8,1003.8266336633664
2683.9,998.4860000000028
2684.0,997.9931999999997
2684.1,999.9339999999991
2684.2,992.958200000004
2684.3,992.6947049504952
2684.4,993.2991168316837
2684.5,991.9038999999963
2684.6,996.2336999999906
2684.7,997.2733000000002
2684.8,995.6075999999958
2684.9,1001.4489000000158
2685.0,1002.4644999999988
2685.1,1001.0367326732667
2685.2,1001.102
2685.3,1001.6160000000006
2685.4,1001.984
2685.5,997.4180000000001
2685.6,999.8599999999999
2685.7,1003.9119999999999
2685.8,1002.3475247524667
2685.9,994.8648999999782
2686.0,995.172999999997
2686.1,997.6122999999952
2686.2,994.2706000000101
2686.3,995.9755000000085
2686.4,1000.3814000000116
2686.5,1000.649000000001
2686.6,995.752303960408
2686.7,1004.6918257425273
2686.8,1004.3787999999981
2686.9,1005.213800000001
2687.0,1007.7982000000012
2687.1,1009.3962000000006
2687.2,1009.4850000000008
2687.3,1015.2560594059441
2687.4,1014.5989326732602
2687.5,1011.1711000000018
2687.6,1012.9371999999946
2687.7,1009.1930806451704
2687.8,979.7930290322353
2687.9,933.6632000000378
2688.0,883.5410000000309
2688.1,838.9824752476018
2688.2,781.4580000001913
2688.3,723.0943999999135
2688.4,677.8419999999215
2688.5,627.671999999897
2688.6,569.4516000000326
2688.7,517.4720910892314
2688.8,485.7442366336462
2688.9,474.2736000000008
2689.0,472.2605000000001
2689.1,471.8156000000001
2689.2,471.45720000000006
2689.3,471.23329999999964
2689.4,470.9562000000001
2689.5,470.7394
2689.6,470.6544554455447
2689.7,470.4850000000005
2689.8,470.3299999999998
2689.9,470.2199999999997
2690.0,470.105
2690.1,470.0050000000002
2690.2,469.8650000000004
2690.3,469.6899999999996
2690.4,469.58019801980197
2690.5,469.49139999999994
2690.6,469.371
2690.7,469.31020000000007
2690.8,469.251
2690.9,469.1951
2691.0,469.15569999999997
2691.1,469.0612
2691.2,469.00970297029704
2691.3,469.01039999999995
2691.4,468.94719999999995
2691.5,468.9187999999999
2691.6,468.91160000000013
2691.7,468.8220000000002
2691.8,468.7892000000001
2691.9,468.7764475247524
2692.0,468.730704950495
2692.1,468.7341
2692.2,468.7171000000001
2692.3,468.6706
2692.4,468.66470000000004
2692.5,468.5947999999999
2692.6,468.52880000000005
2692.7,468.55
2692.8,468.47639999999944
2692.9,468.42680000000007
2693.0,468.4332000000001
2693.1,468.35320000000013
2693.2,468.3559999999999
2693.3,468.38699999999983
2693.4,468.30939999999987
2693.5,468.30920792079206
2693.6,468.3575000000001
2693.7,468.31650000000013
2693.8,468.3405000000001
2693.9,468.35849999999994
2694.0,468.3470000000001
2694.1,468.41149999999993
2694.2,468.38299009901027
2694.3,468.27750099009904
2694.4,468.28079999999994
2694.5,468.2584000000001
2694.6,468.1844
2694.7,468.1856
2694.8,468.1359999999998
2694.9,468.11920792079206
2695.0,468.1743
2695.1,468.1413
2695.2,468.14159999999964
2695.3,468.22290000000004
2695.4,468.21849999999995
2695.5,468.2287000000001
2695.6,468.2587128712871
2695.7,468.2258
2695.8,468.23260000000005
2695.9,468.2248
2696.0,468.1648
2696.1,468.1174
2696.2,468.0375405940596
2696.3,467.9497663366336
2696.4,467.94179999999994
2696.5,467.8808
2696.6,467.8509999999998
2696.7,467.91409999999996
2696.8,467.87079999999975
2696.9,467.8164000000001
2697.0,467.8440594059406
2697.1,467.838
2697.2,467.8639999999998
2697.3,467.898
2697.4,467.86199999999997
2697.5,467.88
2697.6,467.836
2697.7,467.7818811881188
2697.8,467.8117000000001
2697.9,467.8182999999999
2698.0,467.82340000000005
2698.1,467.8716999999999
2698.2,467.86270000000013
2698.3,467.85092970297046
2698.4,467.8923386138614
2698.5,467.87239999999997
2698.6,467.8904
2698.7,467.9058000000001
2698.8,467.8348
2698.9,467.82140000000004
2699.0,467.79439999999994
2699.1,467.73128712871284
2699.2,467.7684999999999
2699.3,467.74449999999956
2699.4,467.67590000000007
2699.5,467.73109999999997
2699.6,467.7315000000001
2699.7,467.74777029702943
2699.8,467.8336
2699.9,467.82199999999995
2700.0,467.8260000000001
2700.1,467.86840000000007
2700.2,467.80840000000023
2700.3,467.8024000000001
2700.4,467.84217821782175
2700.5,467.7820000000001
2700.6,467.7579999999999
2700.7,467.75750000000016
2700.8,467.6775000000002
2700.9,467.73800000000017
2701.0,467.74134653465353
2701.1,467.67746138613853
2701.2,467.7571999999998
2701.3,467.79299999999995
2701.4,467.76340000000005
2701.5,467.7904000000001
2701.6,467.7926
2701.7,467.7334990099009
2701.8,467.7302999999998
2701.9,467.6238000000001
2702.0,467.53
2702.1,467.4904000000001
2702.2,467.3869
2702.3,467.3334
2702.4,467.28089009900987
2702.5,467.1936
2702.6,467.19919999999985
2702.7,467.1920000000004
2702.8,467.0996
2702.9,467.12640000000005
2703.0,467.10479999999995
2703.1,467.02049504950503
2703.2,466.99379999999996
2703.3,466.95209999999975
2703.4,466.8869
2703.5,466.8676
2703.6,466.8245
2703.7,466.78380000000004
2703.8,466.7454762376235
2703.9,466.6746534653465
2704.0,466.66100000000006
2704.1,466.6920000000001
2704.2,466.6619999999999
2704.3,466.70500000000015
2704.4,466.70699999999977
2704.5,466.63
2704.6,466.6213
2704.7,466.59130000000005
2704.8,466.6019
2704.9,466.6742
2705.0,466.6687
2705.1,466.68999999999994
2705.2,466.66702970297035
2705.3,466.6296000000002
2705.4,466.69680000000005
2705.5,466.73720000000003
2705.6,466.7467999999999
2705.7,466.80119999999994
2705.8,466.7939603960393
2705.9,466.7324000000001
2706.0,466.8335
2706.1,466.8592
2706.2,466.85699999999997
2706.3,466.9273
2706.4,466.90649999999994
2706.5,466.8780198019802
2706.6,466.89480000000003
2706.7,466.89039999999994
2706.8,466.94860000000034
2706.9,467.0065999999998
2707.0,466.94
2707.1,466.96339999999987
2707.2,467.00418019802
2707.3,466.9400742574258
2707.4,466.96999999999997
2707.5,466.98
2707.6,467.0125
2707.7,466.99500000000035
2707.8,466.93000000000006
2707.9,466.95752475247525
2708.0,466.93800000000005
2708.1,466.91919999999993
2708.2,466.9560000000001
2708.3,466.88480000000004
2708.4,466.91679999999997
2708.5,466.97237623762373
2708.6,466.97540000000004
2708.7,466.9737999999998
2708.8,467.0061999999999
2708.9,466.96920000000006
2709.0,467.0046
2709.1,467.01080000000013
2709.2,466.9936633663365
2709.3,467.0311999999999
2709.4,466.98900000000003
2709.5,466.9566
2709.6,466.9712
2709.7,466.94219999999996
2709.8,466.97860000000037
2709.9,467.0691089108911
2710.0,467.0321
2710.1,467.06099999999975
2710.2,467.1169000000003
2710.3,467.03420000000006
2710.4,467.0626000000001
2710.5,467.08479999999986
2710.6,467.00871287128695
2710.7,467.072
2710.8,467.01
2710.9,466.912
2711.0,466.998
2711.1,466.98199999999997
2711.2,466.96399999999994
2711.3,467.024
2711.4,467.0320792079208
2711.5,467.01329999999984
2711.6,467.0586000000001
2711.7,467.0194999999999
2711.8,467.07330000000013
2711.9,467.1071999999998
2712.0,467.01379999999995
2712.1,467.0375999999999
2712.2,467.05118811881215
2712.3,466.97540000000004
2712.4,466.9928
2712.5,466.95279999999997
2712.6,466.9254
2712.7,466.94280000000003
2712.8,466.89747128712867
2712.9,466.8487465346535
2713.0,466.87470000000013
2713.1,466.8
2713.2,466.8101999999999
2713.3,466.8463999999998
2713.4,466.7766
2713.5,466.77353267326725
2713.6,466.81651881188145
2713.7,466.69840000000005
2713.8,466.69480000000004
2713.9,466.70719999999994
2714.0,466.6560000000001
2714.1,466.7304
2714.2,466.6656792079211
2714.3,466.5914158415842
2714.4,466.5955
2714.5,466.5640000000001
2714.6,466.5404999999999
2714.7,466.6089999999999
2714.8,466.66150000000005
2714.9,466.67749999999995
2715.0,466.70811881188126
2715.1,466.64840000000004
2715.2,466.71959999999956
2715.3,466.82459999999986
2715.4,466.7468000000001
2715.5,466.8528
2715.6,466.8574970297029
2715.7,466.78
2715.8,466.77739999999994
2715.9,466.76519999999994
2716.0,466.80649999999997
2716.1,466.84740000000005
2716.2,466.8287
2716.3,466.8304000000003
2716.4,466.88842871287136
2716.5,466.81693861386157
2716.6,466.87839999999983
2716.7,466.93400000000014
2716.8,466.89360000000005
2716.9,466.9127999999999
2717.0,466.8539999999999
2717.1,466.81594059405927
2717.2,466.85560000000004
2717.3,466.8189
2717.4,466.8155
2717.5,466.8534
2717.6,466.8011
2717.7,466.8166
2717.8,466.8623762376238
2717.9,466.8090000000002
2718.0,466.89200000000005
2718.1,466.89300000000037
2718.2,466.741
2718.3,466.75690099009915
2718.4,466.81388019801983
2718.5,466.7581
2718.6,466.84270000000004
2718.7,466.8682
2718.8,466.85356435643564
2718.9,466.8795999999997
2719.0,466.76239999999996
2719.1,466.80039999999974
2719.2,466.9152000000001
2719.3,466.8544554455444
2719.4,466.79
2719.5,466.7815999999999
2719.6,466.6658
2719.7,466.6093
2719.8,466.5930693069306
2719.9,466.5048000000003
2720.0,466.5758000000001
2720.1,466.50340000000017
2720.2,466.40299405940584
2720.3,466.4488118811881
2720.4,466.4269999999999
2720.5,466.37300000000005
2720.6,466.4244999999999
2720.7,466.3209999999999
2720.8,466.34000000000003
2720.9,466.33306930693055
2721.0,466.2043999999999
2721.1,466.3108
2721.2,466.3252000000001
2721.3,466.21200000000016
2721.4,466.26199999999994
2721.5,466.3084
2721.6,466.2743999999999
2721.7,466.379603960396
2721.8,466.3694
2721.9,466.3542000000002
2722.0,466.48699999999985
2722.1,466.3923999999997
2722.2,466.47178217821767
2722.3,466.52899999999977
2722.4,466.4808
2722.5,466.52099999999996
2722.6,466.56860000000006
2722.7,466.5012
2722.8,466.56180000000035
2722.9,466.64820000000003
2723.0,466.56178019801973
2723.1,466.6504980198019
2723.2,466.68980000000005
2723.3,466.6702
2723.4,466.68989999999997
2723.5,466.6798
2723.6,466.66029999999995
2723.7,466.6896000000001
2723.8,466.65029702970304
2723.9,466.68
2724.0,466.68
2724.1,466.58
2724.2,466.65
2724.3,466.71
2724.4,466.64
2724.5,466.679603960396
2724.6,466.75919999999985
2724.7,466.76
2724.8,466.8095000000001
2724.9,466.7901999999999
2725.0,466.8790999999998
2725.1,466.96772772277245
2725.2,466.7837960396047
2725.3,466.78
2725.4,466.731
2725.5,466.5437999999999
2725.6,466.5498
2725.7,466.4520000000004
2725.8,466.3729584158412
2725.9,466.40882376237636
2726.0,466.37120000000004
2726.1,466.3991
2726.2,466.5454999999997
2726.3,466.55
2726.4,466.6470000000003
2726.5,466.69801980198025
2726.6,466.64239999999995
2726.7,466.6783999999999
2726.8,466.65119999999996
2726.9,466.4579999999998
2727.0,466.45
2727.1,466.3635999999999
2727.2,466.1794059405943
2727.3,466.20800000000014
2727.4,466.13400000000007
2727.5,466.03500000000014
2727.6,466.09649999999993
2727.7,466.0715
2727.8,466.04149999999987
2727.9,466.0964356435644
2728.0,466.0247999999999
2728.1,466.01060000000007
2728.2,466.0757999999998
2728.3,465.9671999999998
2728.4,466.0164000000001
2728.5,466.04820000000007
2728.6,465.94762376237634
2728.7,466.02369999999996
2728.8,466.07650000000024
2728.9,466.04280000000006
2729.0,466.1515999999999
2729.1,466.1414
2729.2,466.09396039603973
2729.3,466.11760000000004
2729.4,466.0831999999999
2729.5,466.07079999999996
2729.6,466.1159999999999
2729.7,466.00040000000035
2729.8,465.99
2729.9,466.0268000000001
2730.0,465.8843821782179
2730.1,465.9701
2730.2,466.0073
2730.3,465.9827
2730.4,466.0164
2730.5,466.0564
2730.6,465.98792079207936
2730.7,466.02499999999986
2730.8,466.03000000000003
2730.9,466.00299999999993
2731.0,466.05399999999986
2731.1,465.9340000000003
2731.2,465.929
2731.3,465.98400000000015
2731.4,465.9276237623762
2731.5,465.9645
2731.6,466.0056
2731.7,465.9388
2731.8,465.9834000000001
2731.9,466.0345
2732.0,466.0490762376238
2732.1,466.15559999999977
2732.2,466.15240000000006
2732.3,466.15
2732.4,466.2292000000003
2732.5,466.22240000000005
2732.6,466.3079999999998
2732.7,466.39039999999983
2732.8,466.36514851485146
2732.9,466.4557000000001
2733.0,466.4787
2733.1,466.43649999999997
2733.2,466.5169999999997
2733.3,466.46909999999997
2733.4,466.44259999999997
2733.5,466.48350000000005
2733.6,466.4211029702971
2733.7,466.41
2733.8,466.4186
2733.9,466.37700000000007
2734.0,466.4129999999999
2734.1,466.42859999999996
2734.2,466.3278217821786
2734.3,466.3780000000001
2734.4,466.3985
2734.5,466.34899999999993
2734.6,466.45050000000015
2734.7,466.39350000000024
2734.8,466.3884158415842
2734.9,466.4404
2735.0,466.4080000000001
2735.1,466.4084
2735.2,466.47653465346514
2735.3,466.39039999999983
2735.4,466.46130000000016
2735.5,466.5298000000001
2735.6,466.43210000000033
2735.7,466.5012999999997
2735.8,466.53643564356435
2735.9,466.43340000000006
2736.0,466.4756
2736.1,466.4818
2736.2,466.4062
2736.3,466.4632316831685
2736.4,466.3908623762374
2736.5,466.3051999999998
2736.6,466.33859999999993
2736.7,466.2528000000003
2736.8,466.1894999999999
2736.9,466.1881
2737.0,466.1008999999998
2737.1,466.08785940594066
2737.2,466.10603960396037
2737.3,465.9899999999999
2737.4,465.992
2737.5,465.96
2737.6,465.926
2737.7,465.952
2737.8,465.98400000000004
2737.9,465.91871287128697
2738.0,465.95529999999997
2738.1,465.94630000000006
2738.2,465.96369999999996
2738.3,466.06480000000033
2738.4,466.02679999999975
2738.5,466.0968999999999
2738.6,466.1594999999999
2738.7,466.1230693069309
2738.8,466.16460000000006
2738.9,466.18
2739.0,466.1722
2739.1,466.1856
2739.2,466.1744000000001
2739.3,466.1388
2739.4,466.1612
2739.5,483.99415841581583
2739.6,539.1382999998968
2739.7,589.2674999999272
2739.8,650.3251000001941
2739.9,703.7891000001473
2740.0,761.9889999999668
2740.1,817.2835999999146
2740.2,868.5963455444717
2740.3,929.6054534654359
2740.4,981.9032000000443
2740.5,1022.2728000000343
2740.6,1027.273999999995
2740.7,1027.5251999999948
2740.8,1026.6951999999983
2740.9,1028.2514851485132
2741.0,1034.4874999999915
2741.1,1035.172500000002
2741.2,1036.107499999998
2741.3,1039.4375000000132
2741.4,1041.54
2741.5,1041.421435643564
2741.6,1040.9370376237637
2741.7,1036.6046000000183
2741.8,1033.8175999999976
2741.9,1032.294399999998
2742.0,1026.4143999999899
2742.1,1020.73560000001
2742.2,1026.776039603947
2742.3,1030.9857000000013
2742.4,1055.3479999999777
2742.5,1060.1423000000038
2742.6,1073.0409999999865
2742.7,1070.965100000007
2742.8,1079.8015841584538
2742.9,1085.7664000000038
2743.0,1084.0487999999941
2743.1,1095.7571999999745
2743.2,1086.0440000000553
2743.3,1085.7024000000135
2743.4,1058.0247524752326
2743.5,1040.0263000000018
2743.6,1044.258199999998
2743.7,1044.000900000001
2743.8,1042.7232
2743.9,1043.3531999999998
2744.0,1044.8979999999997
2744.1,1045.447415841584
2744.2,1042.2259108910996
2744.3,1042.2680000000046
2744.4,1042.1449999999977
2744.5,1042.746999999999
2744.6,1037.4280000000185
2744.7,1035.917999999997
2744.8,1038.8820000000082
2744.9,1039.1371584158412
2745.0,1035.571800990098
2745.1,1037.0311000000008
2745.2,1041.165899999988
2745.3,1046.1798000000013
2745.4,1049.1227000000003
2745.5,1042.7278999999978
2745.6,1042.0935643564314
2745.7,1052.0899999999765
2745.8,1050.1367999999754
2745.9,1048.1916000000037
2746.0,1057.7215999999953
2746.1,1060.8168000000032
2746.2,1061.3343999999972
2746.3,1056.0095049504835
2746.4,1056.9387000000038
2746.5,1062.850200000004
2746.6,1061.4999999999966
2746.7,1054.9925000000171
2746.8,1051.561499999999
2746.9,1048.4168999999974
2747.0,1046.6978999999997
2747.1,1045.3954455445555
2747.2,1047.717599999994
2747.3,1047.2463999999904
2747.4,1042.926799999999
2747.5,1042.5729999999971
2747.6,1042.847600000001
2747.7,1046.510799999992
2747.8,1045.8634653465272
2747.9,1047.9365297029763
2748.0,1052.4035000000044
2748.1,1051.3950000000068
2748.2,1049.4955000000032
2748.3,1051.1070000000034
2748.4,1057.252500000009
2748.5,1058.7389999999978
2748.6,1055.4867722772283
2748.7,1047.3139009901088
2748.8,1039.3343999999763
2748.9,1039.783200000003
2749.0,1035.2864000000086
2749.1,1037.508399999992
2749.2,1042.4271999999974
2749.3,1039.531599999978
2749.4,1039.0989108910956
2749.5,1035.693699999989
2749.6,1039.015699999988
2749.7,1040.0771000000113
2749.8,1037.7086999999974
2749.9,1037.502800000001
2750.0,1038.3007653465345
2750.1,1039.3737900990095
2750.2,1037.8508000000015
2750.3,1038.8820000000046
2750.4,1038.786800000001
2750.5,1041.1573999999976
2750.6,1042.7074000000005
2750.7,1040.6129702970347
2750.8,1040.940100000005
2750.9,1044.7714000000096
2751.0,1048.4682999999977
2751.1,1045.971700000015
2751.2,1043.1320000000019
2751.3,1040.3498019801946
2751.4,1040.92
2751.5,1037.862
2751.6,1033.398
2751.7,1036.018
2751.8,1035.1639999999902
2751.9,1033.78
2752.0,1031.018
2752.1,1032.7319603960314
2752.2,1036.3613346534619
2752.3,1036.8647999999991
2752.4,1036.041999999997
2752.5,1038.1282999999992
2752.6,1036.728100000011
2752.7,1030.2222772277464
2752.8,1030.1512000000023
2752.9,1031.2137999999993
2753.0,1034.6018000000033
2753.1,1030.5365999999945
2753.2,1031.6349999999766
2753.3,1031.0907920791915
2753.4,1018.8298999999946
2753.5,1026.5060999999607
2753.6,1025.323900000033
2753.7,1015.9654000000012
2753.8,1010.9063366336485
2753.9,1005.4455999999971
2754.0,998.1679999999905
2754.1,989.5715999999935
2754.2,986.7491999999991
2754.3,984.7207999999964
2754.4,985.1308000000035
2754.5,979.9271999999887
2754.6,983.1017821782143
2754.7,989.4030000000013
2754.8,988.7139999999988
2754.9,991.0065000000039
2755.0,997.2734999999911
2755.1,999.5985000000024
2755.2,999.8829999999974
2755.3,1006.5415841584394
2755.4,1010.1691999999972
2755.5,1008.3813999999978
2755.6,1005.7870000000038
2755.7,1004.8641999999961
2755.8,1005.2463999999995
2755.9,1004.5013999999985
2756.0,1002.6579128712864
2756.1,1002.5317267326714
2756.2,1000.1846000000041
2756.3,995.9231999999963
2756.4,992.3562000000031
2756.5,990.0692000000003
2756.6,995.1265346534481
2756.7,996.3344000000184
2756.8,993.7300000000023
2756.9,994.0959999999992
2757.0,991.1135999999904
2757.1,986.2200000000025
2757.2,986.0885148514795
2757.3,988.3468000000013
2757.4,992.1530999999984
2757.5,992.2974000000015
2757.6,988.0876000000005
2757.7,991.1974999999982
2757.8,993.4294999999929
2757.9,989.4025742574211
2758.0,989.115
2758.1,994.1699999999859
2758.2,995.9750000000059
2758.3,999.2100000000205
2758.4,1002.5549999999946
2758.5,1001.3399999999999
2758.6,1000.3600000000042
2758.7,999.5832673267315
2758.8,999.0396999999997
2758.9,999.2308000000004
2759.0,999.7101999999998
2759.1,999.0332
2759.2,998.8602000000001
2759.3,996.2676999999989
2759.4,992.3472861386158
2759.5,991.0647207920792
2759.6,988.7380000000089
2759.7,985.0668000000043
2759.8,983.312399999997
2759.9,980.5843999999975
2760.0,984.2791999999772
2760.1,988.6423762376266
2760.2,987.5994999999959
2760.3,988.3814999999988
2760.4,991.2025000000053
2760.5,996.0526000000011
2760.6,995.9593999999987
2760.7,996.6876237623752
2760.8,1001.5360000000194
2760.9,1003.606399999997
2761.0,1000.8498000000039
2761.1,1000.9145999999952
2761.2,1000.7262000000061
2761.3,999.9287128712953
2761.4,1001.5534999999991
2761.5,1001.0939999999998
2761.6,1006.8504999999882
2761.7,1017.4184999999736
2761.8,1021.8995000000006
2761.9,1023.1468316831688
2762.0,1028.6575999999911
2762.1,1032.8684000000026
2762.2,1030.9992000000004
2762.3,1034.160400000013
2762.4,1036.9664000000034
2762.5,1029.6596000000109
2762.6,1016.6714693069589
2762.7,1006.8016089108982
2762.8,1003.9920999999975
2762.9,1000.2045999999892
2763.0,994.9123999999947
2763.1,993.6993999999994
2763.2,995.4298999999943
2763.3,994.8099999999972
2763.4,993.7499999999986
2763.5,998.0057999999973
2763.6,1001.3078000000002
2763.7,998.5332000000027
2763.8,996.2984000000066
2763.9,998.6644059405952
2764.0,997.9394920792072
2764.1,999.7991999999747
2764.2,1006.8523999999935
2764.3,1007.8482999999973
2764.4,1005.6516831683127
2764.5,1001.5837029702968
2764.6,996.414
2764.7,994.0079999999965
2764.8,996.492
2764.9,997.678
2765.0,995.888
2765.1,994.5349504950506
2765.2,992.2278000000082
2765.3,989.2422999999964
2765.4,984.8950999999777
2765.5,983.0909000000067
2765.6,988.7817
2765.7,986.1558000000139
2765.8,985.57664554457
2765.9,989.9173366336606
2766.0,989.3176000000018
2766.1,990.4875999999985
2766.2,992.5403999999859
2766.3,999.7102000000003
2766.4,999.7135999999995
2766.5,1000.4964356435631
2766.6,1005.1708999999912
2766.7,1007.6625000000045
2766.8,1005.1344999999937
2766.9,1007.280200000012
2767.0,1011.3974000000079
2767.1,1006.4396000000078
2767.2,1002.8784158415871
2767.3,1002.864800000002
2767.4,1002.0207999999943
2767.5,999.8220000000046
2767.6,1003.1771999999996
2767.7,1002.7720000000074
2767.8,1000.1768316831618
2767.9,999.1865000000068
2768.0,1006.4344999999845
2768.1,1020.6644999999826
2768.2,1028.5565000000065
2768.3,1021.5879999999688
2768.4,1017.2805000000085
2768.5,1016.597500000012
2768.6,1012.4810891088964
2768.7,1014.9946000000248
2768.8,1014.2158000000177
2768.9,1020.1429999999898
2769.0,1008.8563999999748
2769.1,988.9496000000041
2769.2,978.4901999999585
2769.3,988.9380178217857
2769.4,992.2176633663375
2769.5,992.958399999997
2769.6,996.7453999999984
2769.7,998.7227999999992
2769.8,999.4009999999993
2769.9,999.9853999999983
2770.0,1001.3391000000006
2770.1,1001.3959702970276
2770.2,1000.8718653465487
2770.3,997.0595999999982
2770.4,996.2975999999995
2770.5,992.639999999996
2770.6,986.2323999999924
2770.7,987.2540000000076
2770.8,985.0505940594038
2770.9,984.84346138614
2771.0,987.0402999999991
2771.1,989.4002000000004
2771.2,987.2839000000007
2771.3,987.5420000000239
2771.4,992.5614000000005
2771.5,990.2689000000006
2771.6,989.2350465346508
2771.7,992.9124356435515
2771.8,995.6559999999919
2771.9,996.4770000000252
2772.0,1003.0459999999964
2772.1,1000.8839999999952
2772.2,1001.5570000000059
2772.3,999.8050000000005
2772.4,999.3116831683132
2772.5,998.1969000000004
2772.6,999.5952000000002
2772.7,997.9000000000087
2772.8,993.2785000000008
2772.9,994.9854999999993
2773.0,992.0311999999994
2773.1,990.2015
2773.2,991.6387128712856
2773.3,994.267999999997
2773.4,993.9440000000027
2773.5,995.8923999999957
2773.6,997.7155999999991
2773.7,998.8935999999948
2773.8,1000.22257425742
2773.9,998.1406999999997
2774.0,997.6748999999999
2774.1,997.7825000000006
2774.2,996.9368000000028
2774.3,994.2527000000027
2774.4,997.9980198019806
2774.5,1001.7089999999923
2774.6,1006.2513999999981
2774.7,1008.4889999999936
2774.8,1012.2186000000036
2774.9,1011.0561999999848
2775.0,1008.4814752474788
2775.1,1017.820297029614
2775.2,1019.9674999999947
2775.3,1020.8374999999988
2775.4,1019.6724999999983
2775.5,1014.2124999999804
2775.6,1000.505
2775.7,999.3448514851372
2775.8,1001.961999999995
2775.9,1000.1104000000014
2776.0,999.9335999999962
2776.1,1002.8352000000009
2776.2,1003.2935999999954
2776.3,1007.672800000005
2776.4,1009.508851485147
2776.5,1010.9029267326708
2776.6,1012.1875999999967
2776.7,1012.4911000000071
2776.8,1009.6700999999935
2776.9,1005.928799999996
2777.0,1004.5031000000012
2777.1,1005.5324000000063
2777.2,1001.9848514851684
2777.3,994.8673999999914
2777.4,991.8768000000017
2777.5,988.8162000000005
2777.6,986.1798000000034
2777.7,982.4393999999958
2777.8,991.5048000000259
2777.9,998.3454455445545
2778.0,999.3105999999987
2778.1,999.3024999999893
2778.2,1002.8069999999982
2778.3,1002.7341999999938
2778.4,1001.4300623762479
2778.5,1006.184970297036
2778.6,1008.1759999999999
2778.7,1002.9340000000043
2778.8,998.9939999999999
2778.9,997.264
2779.0,992.244
2779.1,990.91
2779.2,995.6022178217798
2779.3,996.9833247524734
2779.4,994.9933000000034
2779.5,998.2925999999826
2779.6,1004.4861000000078
2779.7,1000.5127000000097
2779.8,997.180300000006
2779.9,999.727150495055
2780.0,1002.4098118811879
2780.1,1003.3518000000023
2780.2,1007.0712000000008
2780.3,1005.2855999999999
2780.4,1004.1561999999973
2780.5,998.7681999999986
2780.6,999.6624000000085
2780.7,1013.4101861386171
2780.8,1007.4078920792151
2780.9,1013.2315000000065
2781.0,1016.7662999999899
2781.1,1020.1133000000183
2781.2,1010.5032772277228
2781.3,1013.2280831683634
2781.4,1026.6051999999922
2781.5,1020.2272000000045
2781.6,1024.4768000000001
2781.7,1025.5587999999893
2781.8,1027.9383999999995
2781.9,1027.3357425742568
2782.0,1027.6879999999903
2782.1,1034.4710000000034
2782.2,1031.9959999999992
2782.3,1033.373000000012
2782.4,1037.9834999999937
2782.5,1043.1407920792062
2782.6,1044.9589999999998
2782.7,1044.1076000000164
2782.8,1039.7106000000003
2782.9,1039.5133999999957
2783.0,1037.0318000000025
2783.1,1038.686948514852
2783.2,1038.2420079208257
2783.3,1033.7936999999883
2783.4,1030.9908999999986
2783.5,1032.3606000000016
2783.6,1030.5616999999986
2783.7,1033.3861999999947
2783.8,1040.2693069306972
2783.9,1041.8116000000082
2784.0,1045.815600000001
2784.1,1046.4184000000039
2784.2,1045.5805940593955
2784.3,1048.3326000000009
2784.4,1044.972800000001
2784.5,1042.2128999999993
2784.6,1044.5304000000015
2784.7,1039.1152999999983
2784.8,1040.8118000000006
2784.9,1039.1487999999986
2785.0,1044.0415841584181
2785.1,1039.8839999999982
2785.2,1040.7229999999981
2785.3,1041.2249999999945
2785.4,1039.2690000000057
2785.5,1040.693999999985
2785.6,1033.5479999999955
2785.7,1035.0636633663432
2785.8,1032.4995999999996
2785.9,1032.0691000000024
2786.0,1041.9421999999995
2786.1,1040.8309000000004
2786.2,1042.2397000000008
2786.3,1038.2762000000007
2786.4,1043.6675000000064
2786.5,1072.1469277227739
2786.6,1104.8060514851554
2786.7,1100.2816000000187
2786.8,1091.7852000000312
2786.9,1101.8443999999863
2787.0,1097.9324554455154
2787.1,1114.025181188115
2787.2,1105.311599999985
2787.3,1109.1916000000026
2787.4,1109.2166999999652
2787.5,1060.892499999993
2787.6,1051.2605999999996
2787.7,1050.3788999999756
2787.8,1055.8239603960349
2787.9,1050.7528000000054
2788.0,1052.6399999999974
2788.1,1054.3208000000045
2788.2,1051.4507999999944
2788.3,1055.2389999999925
2788.4,1053.3531683168483
2788.5,1058.2029999999938
2788.6,1053.0514999999987
2788.7,1051.2945000000182
2788.8,1046.6370000000088
2788.9,1053.8279999999963
2789.0,1050.8235000000018
2789.1,1052.232376237624
2789.2,1052.3052000000037
2789.3,1048.5496000000173
2789.4,1052.942400000009
2789.5,1043.5283999999972
2789.6,1046.7299999999973
2789.7,1048.5836000000234
2789.8,1023.9119801980164
2789.9,1023.4757000000258
2790.0,1039.3291000000072
2790.1,1043.8608000000286
2790.2,1034.3807000000127
2790.3,1029.7229999999747
2790.4,1014.5856000000151
2790.5,1023.5794059405819
2790.6,1016.202999999989
2790.7,1039.823200000001
2790.8,1037.4847999999909
2790.9,1035.2440000000006
2791.0,1033.803000000004
2791.1,1025.8187999999957
2791.2,1035.4415742574288
2791.3,1029.6059099009954
2791.4,1032.2651000000094
2791.5,1036.7024999999944
2791.6,1033.9474000000082
2791.7,1030.675900000011
2791.8,1026.3997000000186
2791.9,1035.2866000000015
2792.0,1035.9810891089192
2792.1,1040.09
2792.2,1032.8500000000001
2792.3,1036.8500000000001
2792.4,1033.5
2792.5,1030.05
2792.6,1034.4299999999998
2792.7,1039.2011881188018
2792.8,1033.9534960395904
2792.9,1027.534299999984
2793.0,1036.4591999999818
2793.1,1040.7970999999911
2793.2,1042.4140999999968
2793.3,1033.717999999978
2793.4,1041.0402970297066
2793.5,1044.2672000000016
2793.6,1040.8019999999983
2793.7,1040.3968000000013
2793.8,1044.3198000000018
2793.9,1054.374653465376
2794.0,1040.8963000000206
2794.1,1052.5852999999802
2794.2,1032.9392000000328
2794.3,1035.210600000009
2794.4,1031.1871999999876
2794.5,1027.5292000000054
2794.6,1022.7236633663326
2794.7,1010.5780000000431
2794.8,1020.8128000000102
2794.9,997.1639999999772
2795.0,994.7487999999987
2795.1,995.774800000001
2795.2,999.5459405940554
2795.3,999.0749999999977
2795.4,1001.8519999999971
2795.5,1001.1260000000011
2795.6,1001.175
2795.7,1002.1489999999988
2795.8,999.4354999999902
2795.9,1004.1729999999953
2796.0,1006.010198019804
2796.1,1004.2582000000057
2796.2,1002.0250000000071
2796.3,1000.7901999999983
2796.4,998.5297999999968
2796.5,1000.7024000000034
2796.6,1001.613354455445
2796.7,999.2423603960415
2796.8,1001.5338000000103
2796.9,1004.9656999999988
2797.0,1001.2296000000028
2797.1,1001.3949999999996
2797.2,1000.3140000000008
2797.3,1002.3597000000088
2797.4,997.8515841584058
2797.5,996.7323999999985
2797.6,997.0471999999991
2797.7,996.702800000001
2797.8,991.9503999999907
2797.9,986.7743999999905
2798.0,989.338613861386
2798.1,982.2863000000018
2798.2,989.0401999999981
2798.3,989.6889999999999
2798.4,991.1359999999996
2798.5,988.0131000000008
2798.6,989.8102999999994
2798.7,991.578172277224
2798.8,989.6890594059355
2798.9,993.9780000000114
2799.0,997.8819999999931
2799.1,999.1959999999976
2799.2,999.0930000000005
2799.3,999.3940000000008
2799.4,998.268999999997
2799.5,997.0617821782172
2799.6,998.8880000000004
2799.7,1003.081600000001
2799.8,998.9597999999962
2799.9,1001.7364000000009
2800.0,1001.4824999999998
2800.1,998.7649831683214
2800.2,993.3059168316937
2800.3,994.537200000006
2800.4,995.9088000000033
2800.5,996.7991999999989
2800.6,1000.7719999999919
2800.7,999.4432000000038
2800.8,999.5948000000013
2800.9,998.7612871287118
2801.0,1000.0046000000011
2801.1,1001.7847000000013
2801.2,1003.5250999999944
2801.3,1005.5248000000014
2801.4,1009.0351000000026
2801.5,1007.1100999999982
2801.6,1008.5335000000014
2801.7,1008.9808910891087
2801.8,1008.4251999999979
2801.9,1005.887600000002
2802.0,1008.0871999999958
2802.1,1007.271600000002
2802.2,1005.4360000000027
2802.3,1011.9552297029815
2802.4,1011.5844851485126
2802.5,1021.9690000000143
2802.6,1024.0200000000002
2802.7,1018.9755000000163
2802.8,1025.2455000000095
2802.9,1032.2390000000075
2803.0,1026.2564356435691
2803.1,1024.2764000000006
2803.2,1032.8271999999906
2803.3,1027.7515999999707
2803.4,1027.6039999999998
2803.5,1011.263600000018
2803.6,1006.355148514857
2803.7,1011.5028999999805
2803.8,1008.0068999999912
2803.9,1003.8478999999938
2804.0,1003.3062000000002
2804.1,1004.1516999999977
2804.2,1000.827425742578
2804.3,1003.1942000000015
2804.4,1003.8964000000001
2804.5,1001.0628000000016
2804.6,998.0948000000013
2804.7,1004.0333999999965
2804.8,1005.9256000000001
2804.9,1007.6537623762407
2805.0,1006.9769999999974
2805.1,1004.3567000000048
2805.2,1004.3588999999984
2805.3,996.0740999999788
2805.4,995.290700000003
2805.5,995.9950495049507
2805.6,994.564
2805.7,991.8679999999999
2805.8,991.7780000000006
2805.9,987.356
2806.0,989.164
2806.1,999.7455445544355
2806.2,1000.4498000000049
2806.3,1000.242300000001
2806.4,1003.7249000000107
2806.5,1008.4061999999948
2806.6,1006.7793000000069
2806.7,1008.8567326732544
2806.8,1010.4724000000006
2806.9,1009.4541999999993
2807.0,1009.5602000000002
2807.1,1005.1035999999972
2807.2,1002.523000000005
2807.3,999.3051999999983
2807.4,1005.3269306930903
2807.5,1004.6527000000019
2807.6,999.8845000000083
2807.7,1002.049499999993
2807.8,1006.7383000000141
2807.9,1005.3990999999905
2808.0,1005.1550999999996
2808.1,1005.0305762376242
2808.2,1002.8533227722858
2808.3,1001.0675999999986
2808.4,998.9467999999979
2808.5,998.3367999999999
2808.6,999.6044000000015
2808.7,996.2024000000127
2808.8,998.7398019802117
2808.9,999.7675
2809.0,968.7850000000469
2809.1,951.272500000011
2809.2,966.3299999999736
2809.3,969.3524999999872
2809.4,960.1399999999999
2809.5,964.3824752475315
2809.6,976.2153999999746
2809.7,962.5962000000728
2809.8,956.6573999999999
2809.9,965.6732000000165
2810.0,983.462400000027
2810.1,991.4341999999923
2810.2,989.8290099009948
2810.3,987.587899999999
2810.4,986.9786
2810.5,981.0097000000055
2810.6,980.3967999999986
2810.7,980.6150000000002
2810.8,981.3487000000006
2810.9,981.9952475247529
2811.0,984.5680000000062
2811.1,985.8079999999994
2811.2,983.551200000009
2811.3,986.7484000000104
2811.4,990.0038613861394
2811.5,989.1506000000005
2811.6,991.703699999999
2811.7,993.8661999999997
2811.8,991.0817999999952
2811.9,995.3024999999983
2812.0,996.7193000000002
2812.1,998.3623762376191
2812.2,995.6580000000115
2812.3,996.8210000000087
2812.4,996.702999999996
2812.5,997.7769999999979
2812.6,999.2049999999977
2812.7,997.994000000005
2812.8,999.4192079207946
2812.9,998.8633999999995
2813.0,996.3438999999994
2813.1,996.2621000000003
2813.2,998.3387999999927
2813.3,998.2298999999998
2813.4,999.1203000000004
2813.5,1001.9544554455407
2813.6,1003.0339999999999
2813.7,1002.3836000000017
2813.8,1002.7568000000027
2813.9,1005.54160000001
2814.0,1005.2448000000009
2814.1,1002.2506930693073
2814.2,1001.2639999999996
2814.3,1001.8526000000005
2814.4,998.8671999999967
2814.5,996.3051999999991
2814.6,1000.0711000000043
2814.7,997.8414851485193
2814.8,995.3793999999987
2814.9,1000.4870000000014
2815.0,1001.751200000003
2815.1,1001.504999999999
2815.2,1000.9482000000017
2815.3,1003.862673267336
2815.4,996.9914999999849
2815.5,971.9949999999644
2815.6,969.4574999999766
2815.7,979.157499999973
2815.8,978.9759999999949
2815.9,968.1239999999838
2816.0,970.2186930693773
2816.1,972.0207405940931
2816.2,965.1080000000082
2816.3,970.7908000000509
2816.4,980.7288000000055
2816.5,994.8947999999838
2816.6,997.0796000000059
2816.7,996.6667009900966
2816.8,996.64504653465
2816.9,996.7397000000019
2817.0,1000.8466000000093
2817.1,1006.1247999999938
2817.2,1006.9142000000049
2817.3,1005.3688475247504
2817.4,1005.5565663366342
2817.5,1004.0532000000014
2817.6,1004.4719999999988
2817.7,1002.7568000000019
2817.8,1004.9192000000078
2817.9,1003.2330693069237
2818.0,1001.6210999999989
2818.1,1002.0880000000005
2818.2,999.2711000000113
2818.3,993.8418811881139
2818.4,992.462
2818.5,994.482
2818.6,993.804
2818.7,996.264
2818.8,997.8396039603919
2818.9,998.7065000000059
2819.0,997.2569000000007
2819.1,997.6685999999927
2819.2,999.7394999999979
2819.3,1000.7658415841597
2819.4,1004.6642000000028
2819.5,1007.6208000000004
2819.6,1010.0918000000017
2819.7,1011.4934000000006
2819.8,1009.6979999999987
2819.9,1003.9203960396096
2820.0,1001.8509999999964
2820.1,999.8361000000084
2820.2,997.0399000000015
2820.3,995.1636999999923
2820.4,992.6842574257382
2820.5,990.1235999999976
2820.6,984.4319999999926
2820.7,978.9244000000057
2820.8,983.8928000000105
2820.9,991.3284000000039
2821.0,989.6569306930708
2821.1,993.9064999999854
2821.2,1003.1174999999929
2821.3,998.7029999999552
2821.4,961.9404999999489
2821.5,909.4805000000563
2821.6,864.9900000000459
2821.7,817.9486138615043
2821.8,760.130199999915
2821.9,706.2057999999363
2822.0,658.2985999999332
2822.1,601.4938000000693
2822.2,543.8930000001673
2822.3,498.0983999999454
2822.4,476.4845900990043
2822.5,473.5047059405939
2822.6,473.0615000000003
2822.7,472.6433000000003
2822.8,472.3327999999997
2822.9,472.10340000000014
2823.0,471.8569000000002
2823.1,471.6770000000001
2823.2,471.58801980198035
2823.3,471.43559999999957
2823.4,471.2727999999998
2823.5,471.1575999999998
2823.6,471.0064000000001
2823.7,470.83680000000044
2823.8,470.67247524752463
2823.9,470.4982
2824.0,470.3743
2824.1,470.2737
2824.2,470.1488
2824.3,470.0951
2824.4,470.0439
2824.5,469.985
2824.6,469.9600000000001
2824.7,469.8900000000002
2824.8,469.835
2824.9,469.83500000000004
2825.0,469.765
2825.1,469.6897029702971
2825.2,469.6553970297032
2825.3,469.58079999999995
2825.4,469.5645
2825.5,469.54589999999996
2825.6,469.4706
2825.7,469.48409999999984
2825.8,469.5008910891088
2825.9,469.4556
2826.0,469.47839999999985
2826.1,469.45760000000024
2826.2,469.41399999999993
2826.3,469.44960000000003
2826.4,469.40297029702947
2826.5,469.33529999999996
2826.6,469.37230000000005
2826.7,469.3542000000002
2826.8,469.2753
2826.9,469.2606
2827.0,469.1935999999999
2827.1,469.1672277227723
2827.2,469.2008000000001
2827.3,469.1623999999998
2827.4,469.17140000000006
2827.5,469.2062000000001
2827.6,469.1486000000001
2827.7,469.1182178217821
2827.8,469.1084999999999
2827.9,469.061
2828.0,469.07250000000005
2828.1,469.0505000000001
2828.2,468.9630000000002
2828.3,468.96150000000006
2828.4,468.95544554455444
2828.5,468.9044
2828.6,468.9276
2828.7,468.93240000000003
2828.8,468.9540000000002
2828.9,469.00120000000004
2829.0,468.9812871287129
2829.1,468.98720000000003
2829.2,469.02289999999994
2829.3,469.0141999999999
2829.4,468.9843
2829.5,468.9641999999999
2829.6,468.9172277227723
2829.7,468.9
2829.8,468.85379999999975
2829.9,468.8026
2830.0,468.84939999999995
2830.1,468.8858
2830.2,468.88419999999996
2830.3,468.90226732673284
2830.4,468.9035999999999
2830.5,468.92100000000005
2830.6,468.97180000000003
2830.7,468.96
2830.8,468.97640000000007
2830.9,468.9671999999998
2831.0,468.88752475247514
2831.1,468.848
2831.2,468.82800000000015
2831.3,468.792
2831.4,468.794
2831.5,468.738
2831.6,468.694
2831.7,468.73168316831675
2831.8,468.7331999999997
2831.9,468.67560000000014
2832.0,468.68829999999997
2832.1,468.6388000000002
2832.2,468.6094999999999
2832.3,468.61277722772263
2832.4,468.5508772277227
2832.5,468.55420000000004
2832.6,468.57579999999996
2832.7,468.5010000000001
2832.8,468.5042
2832.9,468.5334
2833.0,468.5014
2833.1,468.55800000000005
2833.2,468.58230099009904
2833.3,468.54608712871305
2833.4,468.6270000000001
2833.5,468.64930000000015
2833.6,468.6058999999999
2833.7,468.6610999999999
2833.8,468.6466999999997
2833.9,468.61201683168326
2834.0,468.6247366336633
2834.1,468.55120000000005
2834.2,468.53239999999965
2834.3,468.57919999999996
2834.4,468.5492
2834.5,468.5549504950495
2834.6,468.5720000000001
2834.7,468.527
2834.8,468.5575000000002
2834.9,468.5654999999999
2835.0,468.53732673267325
2835.1,468.6006
2835.2,468.6226000000004
2835.3,468.53639999999996
2835.4,468.49639999999994
2835.5,468.4329702970296
2835.6,468.37649999999996
2835.7,468.38360000000006
2835.8,468.2903999999997
2835.9,468.23293663366337
2836.0,468.234998019802
2836.1,468.12080000000014
2836.2,468.10559999999975
2836.3,468.1247999999998
2836.4,468.04359999999997
2836.5,468.04920000000004
2836.6,468.04840000000036
2836.7,467.92505346534676
2836.8,467.8624683168318
2836.9,467.82490000000007
2837.0,467.6707
2837.1,467.62210000000005
2837.2,467.51660000000004
2837.3,467.42310000000003
2837.4,467.38660000000004
2837.5,467.27465346534655
2837.6,467.2549999999999
2837.7,467.2989999999999
2837.8,467.32
2837.9,467.33800000000014
2838.0,467.383
2838.1,467.40799999999984
2838.2,467.47079207920774
2838.3,467.49969999999996
2838.4,467.4877
2838.5,467.58
2838.6,467.5568
2838.7,467.51159999999993
2838.8,467.55740000000003
2838.9,467.59704257425744
2839.0,467.607299009901
2839.1,467.64160000000004
2839.2,467.6060000000001
2839.3,467.5896000000002
2839.4,467.6259999999999
2839.5,467.5928
2839.6,467.60554455445543
2839.7,467.5930000000001
2839.8,467.52540000000005
2839.9,467.54
2840.0,467.52379999999994
2840.1,467.4880198019802
2840.2,467.5126
2840.3,467.49919999999975
2840.4,467.4660000000002
2840.5,467.5476455445544
2840.6,467.5677970297029
2840.7,467.5749999999998
2840.8,467.615
2840.9,467.61
2841.0,467.64250000000004
2841.1,467.635
2841.2,467.617227722772
2841.3,467.7096000000001
2841.4,467.70160000000016
2841.5,467.6015999999999
2841.6,467.66040000000004
2841.7,467.6060000000001
2841.8,467.5396000000001
2841.9,467.5842574257425
2842.0,467.61159999999995
2842.1,467.56839999999977
2842.2,467.61850000000015
2842.3,467.57539999999995
2842.4,467.5850495049506
2842.5,467.63700000000006
2842.6,467.5354
2842.7,467.6142
2842.8,467.67579999999964
2842.9,467.5944
2843.0,467.61
2843.1,467.57850000000036
2843.2,467.46419999999995
2843.3,467.4779
2843.4,467.44689999999974
2843.5,467.3810000000001
2843.6,467.44536237623777
2843.7,467.3672079207924
2843.8,467.294
2843.9,467.334
2844.0,467.27200000000005
2844.1,467.302
2844.2,467.39
2844.3,467.3840594059406
2844.4,467.3695000000001
2844.5,467.3967000000001
2844.6,467.3589999999998
2844.7,467.45139999999986
2844.8,467.4793069306928
2844.9,467.408
2845.0,467.50260000000003
2845.1,467.5474
2845.2,467.50079999999997
2845.3,467.559
2845.4,467.58919999999995
2845.5,467.5471287128713
2845.6,467.57660000000004
2845.7,467.5498000000001
2845.8,467.51530000000025
2845.9,467.5610999999996
2846.0,467.42339999999996
2846.1,467.44
2846.2,467.42491881188135
2846.3,467.35438415841577
2846.4,467.38800000000003
2846.5,467.42359999999996
2846.6,467.3948
2846.7,467.43119999999976
2846.8,467.48519999999996
2846.9,467.4695049504951
2847.0,467.51250000000005
2847.1,467.46999999999997
2847.2,467.4744999999999
2847.3,467.4834999999997
2847.4,467.3945
2847.5,467.43049999999994
2847.6,467.4720000000001
2847.7,467.37891089108905
2847.8,467.43140000000005
2847.9,467.42739999999986
2848.0,467.3668000000002
2848.1,467.4658
2848.2,467.4344000000001
2848.3,467.40420000000006
2848.4,467.42306930693064
2848.5,467.3709
2848.6,467.31649999999996
2848.7,467.34960000000007
2848.8,467.27349999999984
2848.9,467.2416999999999
2849.0,467.2994059405942
2849.1,467.17079999999976
2849.2,467.25
2849.3,467.24639999999994
2849.4,467.2296000000001
2849.5,467.3036000000001
2849.6,467.3288
2849.7,467.3306930693067
2849.8,467.41549999999995
2849.9,467.45120000000003
2850.0,467.3877
2850.1,467.4434
2850.2,467.38120000000004
2850.3,467.32415841584157
2850.4,467.4299999999998
2850.5,467.34200000000004
2850.6,467.3639999999999
2850.7,467.3940000000001
2850.8,467.3419801980199
2850.9,467.3654
2851.0,467.40829999999994
2851.1,467.29900000000004
2851.2,467.3882
2851.3,467.36376237623756
2851.4,467.30400000000014
2851.5,467.34760000000006
2851.6,467.3192
2851.7,467.3107920792079
2851.8,467.3144
2851.9,467.2393
2852.0,467.2377000000001
2852.1,467.3323
2852.2,467.2348514851483
2852.3,467.2994
2852.4,467.2833999999997
2852.5,467.18179999999995
2852.6,467.20700000000005
2852.7,467.15465346534666
2852.8,467.071
2852.9,467.0874999999999
2853.0,467.03299999999984
2853.1,466.9005
2853.2,466.9045000000004
2853.3,466.7985
2853.4,466.77247029702977
2853.5,466.816285148515
2853.6,466.7196
2853.7,466.712
2853.8,466.75599999999963
2853.9,466.66
2854.0,466.66239999999993
2854.1,466.7188118811882
2854.2,466.6903
2854.3,466.7003
2854.4,466.7084999999999
2854.5,466.66270000000014
2854.6,466.74880000000013
2854.7,466.71000000000004
2854.8,466.7116000000003
2854.9,466.7898
2855.0,466.7806
2855.1,466.8112
2855.2,466.8698
2855.3,466.8614000000003
2855.4,466.9307920792079
2855.5,466.9689999999998
2855.6,466.8712999999997
2855.7,466.99980000000005
2855.8,466.97979999999995
2855.9,466.96020000000004
2856.0,466.9793999999999
2856.1,466.92069306930676
2856.2,466.99
2856.3,466.99
2856.4,466.96000000000004
2856.5,467.0
2856.6,467.09000000000003
2856.7,467.03
2856.8,467.09000000000003
2856.9,467.13950495049517
2857.0,467.02120000000025
2857.1,467.0991999999999
2857.2,467.0604000000001
2857.3,467.01049999999987
2857.4,467.07930000000016
2857.5,466.9810000000002
2857.6,466.97019801980196
2857.7,467.02879999999976
2857.8,466.96139999999997
2857.9,466.98940000000005
2858.0,467.05860000000007
2858.1,467.1286
2858.2,467.1985999999997
2858.3,467.249
2858.4,467.2888118811882
2858.5,467.32879999999994
2858.6,467.2136000000002
2858.7,467.2487999999999
2858.8,467.2305999999999
2858.9,467.0747999999995
2859.0,467.03120000000007
2859.1,466.9341524752474
2859.2,466.88200792079226
2859.3,466.90880000000004
2859.4,466.85239999999993
2859.5,466.97480000000013
2859.6,467.06640000000004
2859.7,467.0799801980197
2859.8,467.25099504950555
2859.9,467.2695
2860.0,467.24150000000003
2860.1,467.2874999999999
2860.2,467.2140000000001
2860.3,467.0484999999994
2860.4,466.97350000000006
2860.5,466.838316831683
2860.6,466.7548000000002
2860.7,466.7218000000001
2860.8,466.55079999999975
2860.9,466.5964000000001
2861.0,466.59999999999997
2861.1,466.4882237623763
2861.2,466.55442079207916
2861.3,466.55069999999995
2861.4,466.4942
2861.5,466.5550999999999
2861.6,466.5042000000001
2861.7,466.4721
2861.8,466.5253396039605
2861.9,466.42876831683145
2862.0,466.4108
2862.1,466.4375999999999
2862.2,466.35720000000026
2862.3,466.4144000000001
2862.4,466.4476000000001
2862.5,466.32211089108904
2862.6,466.38281782178217
2862.7,466.41729999999995
2862.8,466.3381
2862.9,466.43919999999997
2863.0,466.4682
2863.1,466.4063
2863.2,466.4360396039603
2863.3,466.39499999999987
2863.4,466.36299999999994
2863.5,466.43199999999985
2863.6,466.3590000000002
2863.7,466.4039999999999
2863.8,466.5000000000002
2863.9,466.3852475247524
2864.0,466.4234
2864.1,466.43
2864.2,466.34099999999995
2864.3,466.3745
2864.4,466.41560000000004
2864.5,466.36659999999995
2864.6,466.40405940594053
2864.7,466.3572000000001
2864.8,466.3147999999999
2864.9,466.38920000000024
2865.0,466.40000000000003
2865.1,466.42639999999994
2865.2,466.5619999999997
2865.3,466.4841584158415
2865.4,466.47
2865.5,466.53960000000006
2865.6,466.46299999999997
2865.7,466.4934999999998
2865.8,466.4913
2865.9,466.4204
2866.0,466.40999999999997
2866.1,466.3584000000001
2866.2,466.3156
2866.3,466.3616000000002
2866.4,466.29260000000005
2866.5,466.28860000000003
2866.6,466.32439999999997
2866.7,466.27840000000003
2866.8,466.3125742574258
2866.9,466.3710000000001
2867.0,466.3204999999999
2867.1,466.3610000000001
2867.2,466.37
2867.3,466.33599999999996
2867.4,466.3889108910891
2867.5,466.37480000000005
2867.6,466.3616
2867.7,466.3684
2867.8,466.3195999999998
2867.9,466.3682178217823
2868.0,466.4298000000001
2868.1,466.3736000000002
2868.2,466.4097999999998
2868.3,466.4449000000001
2868.4,466.3842574257426
2868.5,466.41099999999994
2868.6,466.42
2868.7,466.32980000000003
2868.8,466.351
2868.9,466.28693069306917
2869.0,466.1889999999998
2869.1,466.1781
2869.2,466.0828000000003
2869.3,466.07620000000003
2869.4,466.1124000000001
2869.5,466.0146999999997
2869.6,503.4424752475435
2869.7,565.482
2869.8,619.152000000046
2869.9,672.254
2870.0,731.912
2870.1,780.0840000000001
2870.2,841.35
2870.3,894.0700594059872
2870.4,949.5869019803117
2870.5,1005.4207999999394
2870.6,1018.0437999999975
2870.7,1021.4362999999919
2870.8,1020.5319999999945
2870.9,1026.5164000000204
2871.0,1025.2029702970262
2871.1,1028.6110000000024
2871.2,1029.576000000001
2871.3,1024.8377999999973
2871.4,1026.0940000000014
2871.5,1025.4393999999993
2871.6,1026.805000000001
2871.7,1024.6819801980237
2871.8,1024.7339000000034
2871.9,1026.1350000000045
2872.0,1025.8486000000005
2872.1,1022.9958000000055
2872.2,1022.3385999999997
2872.3,1024.9339603960443
2872.4,1027.8048000000026
2872.5,1020.1911999999902
2872.6,1024.0324000000078
2872.7,1018.5536000000252
2872.8,1030.6048000000173
2872.9,1037.1816000000024
2873.0,1035.7958415841601
2873.1,1032.482500000004
2873.2,1027.4825000000062
2873.3,1037.6150000000525
2873.4,1040.1975
2873.5,1038.0275247524735
2873.6,1039.6991999999939
2873.7,1041.868999999994
2873.8,1040.0929999999958
2873.9,1033.328199999989
2874.0,1030.4455999999986
2874.1,1031.9210891089106
2874.2,1032.6621999999998
2874.3,1033.0942000000002
2874.4,1034.4663999999989
2874.5,1036.1025999999988
2874.6,1037.1239999999996
2874.7,1033.8068000000032
2874.8,1037.7687930693241
2874.9,1038.710055445542
2875.0,1038.5564000000008
2875.1,1039.199999999999
2875.2,1042.6571999999878
2875.3,1046.2456000000059
2875.4,1048.5468000000035
2875.5,1042.357999999983
2875.6,1055.729702970305
2875.7,1079.6146999999944
2875.8,1072.6393999999784
2875.9,1079.8516999999958
2876.0,1083.0768000000005
2876.1,1087.7111999999984
2876.2,1094.0040999999987
2876.3,1077.1200722771532
2876.4,1088.1898811881802
2876.5,1085.8950000000136
2876.6,1076.9670000000147
2876.7,1056.1080000000616
2876.8,1045.1409999999908
2876.9,1043.6329999999991
2877.0,1042.052405940593
2877.1,1045.742033663368
2877.2,1043.8122000000164
2877.3,1043.1602000000003
2877.4,1041.0555999999992
2877.5,1039.2827999999997
2877.6,1039.6379000000002
2877.7,1037.9183168316865
2877.8,1042.3076000000215
2877.9,1039.86639999998
2878.0,1038.5667999999996
2878.1,1037.4656000000043
2878.2,1039.732399999992
2878.3,1041.8436000000027
2878.4,1038.5742811881114
2878.5,1038.8185930693087
2878.6,1036.0077999999962
2878.7,1034.7295999999978
2878.8,1030.7520999999956
2878.9,1029.2999000000007
2879.0,1036.5720792079137
2879.1,1036.285200000008
2879.2,1031.356600000006
2879.3,1033.149800000016
2879.4,1034.5828
2879.5,1042.5843999999831
2879.6,1043.7837960396155
2879.7,1036.9883861386415
2879.8,1038.8470000000082
2879.9,1039.3514999999963
2880.0,1040.090000000003
2880.1,1037.826500000009
2880.2,1038.31960396039
2880.3,1039.2911999999985
2880.4,1036.3687999999968
2880.5,1034.7588
2880.6,1036.1443999999979
2880.7,1038.2839999999983
2880.8,1038.6751999999979
2880.9,1037.2155999999986
2881.0,1037.0105940594065
2881.1,1035.2651000000042
2881.2,1037.5727999999835
2881.3,1039.7875000000004
2881.4,1043.8364000000101
2881.5,1042.928099999992
2881.6,1044.1925999999935
2881.7,1044.4531683168352
2881.8,1043.7566000000006
2881.9,1042.8970000000008
2882.0,1045.0227999999981
2882.1,1047.0261999999998
2882.2,1041.726800000004
2882.3,1040.0650000000035
2882.4,1041.5439999999999
2882.5,1043.9155445544498
2882.6,1044.4043000000036
2882.7,1042.7354000000048
2882.8,1041.759899999999
2882.9,1044.0217000000082
2883.0,1041.8612000000044
2883.1,1040.2524999999969
2883.2,1042.2771999999936
2883.3,1039.7215168316773
2883.4,1029.8509702970287
2883.5,1016.414
2883.6,1016.7919999999999
2883.7,1013.388
2883.8,1000.839999999977
2883.9,1001.238
2884.0,997.8385148514994
2884.1,988.4947000000157
2884.2,983.5977000000061
2884.3,987.6900000000225
2884.4,994.3533663366402
2884.5,995.4491999999993
2884.6,995.1682000000003
2884.7,997.1819999999938
2884.8,1000.1974257425801
2884.9,999.0618999999984
2885.0,1000.0955999999919
2885.1,1001.8468000000012
2885.2,1001.8134653465333
2885.3,1002.0120000000001
2885.4,1003.1212000000019
2885.5,1004.2956000000004
2885.6,1000.2639999999931
2885.7,997.7039999999977
2885.8,998.8357544554476
2885.9,999.6183663366343
2886.0,1000.1014999999996
2886.1,999.5240000000015
2886.2,999.5074999999988
2886.3,999.4189999999966
2886.4,999.8290000000013
2886.5,1002.8815841584168
2886.6,1004.7428000000002
2886.7,1006.8037999999874
2886.8,1007.7605999999978
2886.9,1005.6915999999967
2887.0,1005.0298000000013
2887.1,1006.7151999999974
2887.2,1009.1038613861341
2887.3,1009.2494999999973
2887.4,1009.4611999999986
2887.5,1008.3000000000027
2887.6,1007.1142999999992
2887.7,1005.7743000000024
2887.8,1003.6306930693047
2887.9,1002.6411999999979
2888.0,1001.9243999999994
2888.1,1003.5007999999981
2888.2,1003.1300000000101
2888.3,1000.4043999999967
2888.4,999.5655999999999
2888.5,998.9007564356426
2888.6,994.5261207920807
2888.7,993.8928999999987
2888.8,997.5970000000034
2888.9,995.4516000000012
2889.0,990.412300000001
2889.1,989.5031999999994
2889.2,990.5693069306933
2889.3,987.1399999999848
2889.4,987.3150000000161
2889.5,992.9750000000001
2889.6,992.7650000000107
2889.7,990.8899999999979
2889.8,992.440000000005
2889.9,993.7181188118816
2890.0,991.5628999999989
2890.1,990.2617000000006
2890.2,991.7439999999989
2890.3,991.2708999999998
2890.4,989.9944999999997
2890.5,985.7124999999982
2890.6,982.9276069306909
2890.7,985.1265386138581
2890.8,986.323200000001
2890.9,986.1399999999996
2891.0,986.2635999999981
2891.1,991.1159999999837
2891.2,993.0964000000101
2891.3,989.9475960396039
2891.4,987.751665346533
2891.5,988.8236000000047
2891.6,990.3455999999969
2891.7,987.2732000000021
2891.8,988.7801000000032
2891.9,989.925299999998
2892.0,986.799009900991
2892.1,984.727200000001
2892.2,990.413599999982
2892.3,994.483999999979
2892.4,993.6386000000064
2892.5,1001.3241999999866
2892.6,1008.5181999999943
2892.7,1005.4855564356697
2892.8,999.3648069306938
2892.9,1001.8275000000056
2893.0,1006.1745000000041
2893.1,1007.4895000000013
2893.2,1007.061499999997
2893.3,1007.2699999999993
2893.4,1005.9589999999976
2893.5,1008.444608910893
2893.6,1012.6212435643574
2893.7,1010.8856000000026
2893.8,1010.8492000000057
2893.9,1013.0955999999993
2894.0,1012.1768000000028
2894.1,1008.0028000000052
2894.2,1006.9971999999957
2894.3,1007.3905940593913
2894.4,1002.3174999999925
2894.5,997.7566999999932
2894.6,995.0807000000002
2894.7,992.8292000000134
2894.8,986.6480999999867
2894.9,984.1962000000085
2895.0,986.0101999999954
2895.1,982.7408910891062
2895.2,982.7475999999976
2895.3,988.5946000000145
2895.4,993.330399999999
2895.5,994.9505999999997
2895.6,996.7541999999987
2895.7,997.647400000001
2895.8,997.465400000005
2895.9,999.2142574257431
2896.0,1002.4132000000013
2896.1,1002.5823000000225
2896.2,996.4044000000054
2896.3,997.5777000000122
2896.4,999.6731999999928
2896.5,996.5293999999996
2896.6,995.2928712871275
2896.7,996.1559999999982
2896.8,993.2280000000001
2896.9,990.9259999999999
2897.0,996.162
2897.1,999.1659999999999
2897.2,998.5326732673334
2897.3,994.5328000000063
2897.4,996.2143000000009
2897.5,995.948599999999
2897.6,996.1588999999949
2897.7,999.8349999999888
2897.8,1002.1018999999931
2897.9,1000.3673326732677
2898.0,1001.757922772279
2898.1,1007.9466000000047
2898.2,1020.8627999999776
2898.3,1029.3065999999972
2898.4,1024.0659999999984
2898.5,1020.5227999999981
2898.6,1019.3366336633653
2898.7,1018.4304000000129
2898.8,1015.5082000000173
2898.9,1017.7754999999952
2899.0,1018.4431999999866
2899.1,1015.6329000000347
2899.2,1000.5665000000057
2899.3,995.7290099009747
2899.4,990.4055999999979
2899.5,989.2424000000008
2899.6,990.0211999999995
2899.7,991.2059999999923
2899.8,991.9703999999984
2899.9,989.8314851485143
2900.0,990.91699999999
2900.1,996.4750000000006
2900.2,995.3730000000025
2900.3,995.7640000000179
2900.4,1002.7538960396226
2900.5,1008.3250178217822
2900.6,1004.2368000000012
2900.7,1001.5921999999878
2900.8,1004.0383999999997
2900.9,1002.2842554455414
2901.0,998.8954683168321
2901.1,998.4659999999999
2901.2,996.5078000000043
2901.3,993.9760000000123
2901.4,996.8099000000013
2901.5,996.787128712866
2901.6,997.9048000000132
2901.7,998.337599999968
2901.8,1006.3568000000005
2901.9,1007.390400000005
2902.0,1008.9199999999996
2902.1,1006.5760000000142
2902.2,1003.3156435643548
2902.3,1004.2076000000028
2902.4,1005.3318999999997
2902.5,1006.453
2902.6,1006.6816999999999
2902.7,1004.9971000000013
2902.8,1001.1896000000004
2902.9,999.2742574257389
2903.0,996.4520000000053
2903.1,1002.9759999999816
2903.2,1007.739000000007
2903.3,1004.7559999999937
2903.4,1003.3950000000044
2903.5,1004.2799999999985
2903.6,1003.0857425742578
2903.7,1002.1560000000028
2903.8,999.9735999999998
2903.9,999.2428
2904.0,1000.0123000000006
2904.1,1001.1137999999999
2904.2,1000.1250000000017
2904.3,998.7671287128703
2904.4,998.611200000003
2904.5,999.4500000000041
2904.6,989.6540000000532
2904.7,967.6556000000063
2904.8,969.2548000000401
2904.9,979.4767999999982
2905.0,976.4048950495194
2905.1,973.1716376237525
2905.2,981.7472999999957
2905.3,985.3578999999943
2905.4,977.2736999999947
2905.5,971.9759000000007
2905.6,978.378500000014
2905.7,991.4171000000041
2905.8,987.5883168316906
2905.9,990.5323999999915
2906.0,987.572399999999
2906.1,985.1950000000154
2906.2,980.4345999999814
2906.3,990.4161999999981
2906.4,989.8537999999993
2906.5,991.2179999999913
2906.6,997.6227722772151
2906.7,1002.3300000000044
2906.8,1001.0474999999986
2906.9,1001.9325000000085
2907.0,1005.1099999999892
2907.1,997.355
2907.2,995.8738613861345
2907.3,998.0480000000113
2907.4,1000.0092000000053
2907.5,996.7315999999953
2907.6,1001.2287999999976
2907.7,1002.6896000000021
2907.8,999.479702970277
2907.9,995.6579000000075
2908.0,999.6427000000008
2908.1,999.7504000000133
2908.2,997.9604999999783
2908.3,1003.262475247523
2908.4,1002.4371999999992
2908.5,1001.7046000000043
2908.6,994.9637999999985
2908.7,997.7763999999995
2908.8,998.6456000000001
2908.9,1000.7221999999957
2909.0,1008.1225742574259
2909.1,1007.9067000000017
2909.2,1007.5504999999973
2909.3,1007.7121999999936
2909.4,1003.3162999999815
2909.5,997.198100000005
2909.6,999.8656000000117
2909.7,996.0710891089127
2909.8,993.728
2909.9,986.296
2910.0,986.836
2910.1,987.8299999999999
2910.2,981.7599999999994
2910.3,985.0126732673334
2910.4,993.8550999999808
2910.5,986.9406999999724
2910.6,997.3585000000057
2910.7,999.0912999999565
2910.8,1015.1077999999841
2910.9,1008.9120999999911
2911.0,1008.2603960395729
2911.1,1022.7255999999959
2911.2,1016.0161999999984
2911.3,1019.2871999999998
2911.4,1021.9304000000077
2911.5,1034.9033999999979
2911.6,1031.764600000001
2911.7,1034.0653999999995
2911.8,1034.2221782178162
2911.9,1030.3585000000155
2912.0,1036.21
2912.1,1036.3068999999991
2912.2,1037.5483999999929
2912.3,1040.616599999988
2912.4,1036.4554999999896
2912.5,1032.2226000000019
2912.6,1030.6424693069362
2912.7,1027.1273900990182
2912.8,1022.8199999999964
2912.9,1019.4103999999998
2913.0,1018.6731999999971
2913.1,1017.2276000000013
2913.2,1021.6984000000245
2913.3,1014.973599999994
2913.4,1009.2175999999985
2913.5,1007.7845544554453
2913.6,1010.2949999999787
2913.7,1025.8900000000021
2913.8,1025.9870000000328
2913.9,1035.0045000000086
2914.0,1029.2489999999934
2914.1,1035.1924999999915
2914.2,1039.9342920792092
2914.3,1033.393310891065
2914.4,1050.7109999999968
2914.5,1047.456599999988
2914.6,1039.8393999999998
2914.7,1039.9623999999915
2914.8,1042.1001999999985
2914.9,1041.50574257426
2915.0,1043.4780000000003
2915.1,1043.2248999999997
2915.2,1043.506400000002
2915.3,1041.700300000014
2915.4,1045.3395000000005
2915.5,1044.1217029702993
2915.6,1041.1808118811857
2915.7,1043.229199999994
2915.8,1045.4300000000044
2915.9,1048.351200000011
2916.0,1052.2995999999857
2916.1,1042.616542574254
2916.2,1043.950766336628
2916.3,1045.5470000000007
2916.4,1042.5869
2916.5,1042.0425000000007
2916.6,1039.2565910891085
2916.7,1040.524108910882
2916.8,1041.977999999952
2916.9,1024.3210000000286
2917.0,1036.5310000000156
2917.1,1044.5275247524703
2917.2,1045.8269000000018
2917.3,1035.9073999999991
2917.4,1034.3955000000035
2917.5,1048.5922000000014
2917.6,1053.8519801980194
2917.7,1046.6091999999956
2917.8,1048.431999999984
2917.9,1043.2988000000073
2918.0,1046.202399999999
2918.1,1046.636677227724
2918.2,1046.234475247514
2918.3,1048.428699999994
2918.4,1040.8075000000035
2918.5,1045.6010999999992
2918.6,1044.3590999999997
2918.7,1043.7391663366238
2918.8,1046.6175405940767
2918.9,1051.8351999999984
2919.0,1051.1232000000039
2919.1,1048.07560000001
2919.2,1041.187200000002
2919.3,1039.8960000000004
2919.4,1040.054800000003
2919.5,1041.261881188115
2919.6,1044.3975000000019
2919.7,1047.8074999998937
2919.8,1077.9785000000134
2919.9,1088.7314999999946
2920.0,1083.76099999999
2920.1,1076.0792871287317
2920.2,1087.959647524916
2920.3,1075.5056000000757
2920.4,1095.6464000000199
2920.5,1075.070399999991
2920.6,1084.8332549019522
2920.7,1093.2802274510075
2920.8,1034.6003999999662
2920.9,1026.2876
2921.0,1026.1885999999997
2921.1,1027.0582178217833
2921.2,1025.0358999999885
2921.3,1029.5798
2921.4,1029.5714000000023
2921.5,1030.6774999999957
2921.6,1028.4676999999956
2921.7,1030.2356376237585
2921.8,1031.7984158415838
2921.9,1033.49
2922.0,1032.1
2922.1,1034.66
2922.2,1040.21
2922.3,1033.1499999999999
2922.4,1033.1995049504953
2922.5,1031.9823000000024
2922.6,1034.1182999999955
2922.7,1031.1007000000063
2922.8,1027.9910999999922
2922.9,1034.8900000000035
2923.0,1036.6666000000007
2923.1,1040.3554000000017
2923.2,1037.5390000000118
2923.3,1037.7250000000001
2923.4,1043.0122000000024
2923.5,1044.4136000000005
2923.6,1039.5301999999976
2923.7,1043.1462376237564
2923.8,1050.0597000000207
2923.9,1045.8176999999864
2924.0,1045.9127999999996
2924.1,1029.536700000027
2924.2,1038.729999999984
2924.3,1029.4559079207806
2924.4,1018.8270653465249
2924.5,1030.7168000000115
2924.6,1017.3387999999868
2924.7,1010.5008000000225
2924.8,1001.1295999999912
2924.9,1001.5756000000008
2925.0,990.8408910891205
2925.1,985.302000000006
2925.2,993.5614999999898
2925.3,992.9269999999962
2925.4,994.6559999999984
2925.5,987.226000000009
2925.6,990.6774999999955
2925.7,989.7230693069345
2925.8,990.1526956521749
2925.9,993.388447826097
2926.0,990.2010000000056
2926.1,993.8304999999879
2926.2,993.9067326732727
2926.3,993.4318
2926.4,991.4711999999989
2926.5,992.1858000000007
2926.6,997.8440000000031
2926.7,1000.2447999999965
2926.8,1001.2410000000004
2926.9,1001.8438613861398
2927.0,1004.4855999999983
2927.1,1004.2621000000021
2927.2,1004.4935999999989
2927.3,1005.3507000000027
2927.4,1004.3818999999955
2927.5,1003.2292000000006
2927.6,1003.020495049505
2927.7,1001.852000000004
2927.8,998.5159999999966
2927.9,996.3259999999984
2928.0,999.6236000000044
2928.1,994.9959405940642
2928.2,989.4675000000055
2928.3,996.0300000000353
2928.4,998.1925
2928.5,996.745000000002
2928.6,992.1625000000063
2928.7,996.3270297029507
2928.8,997.3249999999982
2928.9,992.115999999991
2929.0,990.6960000000005
2929.1,988.7872000000054
2929.2,985.7120000000102
2929.3,987.4700000000047
2929.4,989.4203960396038
2929.5,991.2526999999986
2929.6,988.7386000000029
2929.7,994.7493999999933
2929.8,998.3755000000008
2929.9,999.5867999999991
2930.0,1002.2200990099045
2930.1,1007.7467999999906
2930.2,1009.6435999999997
2930.3,1007.7791999999952
2930.4,1009.401600000006
2930.5,1008.6351999999957
2930.6,1009.0455999999978
2930.7,1006.032800000013
2930.8,1004.5509386138615
2930.9,1000.7292133708802
2931.0,1001.2786238532092
2931.1,1006.0601999999976
2931.2,1003.3838000000035
2931.3,999.6247999999982
2931.4,1003.0785148514921
2931.5,1005.2279000000003
2931.6,1005.6304999999974
2931.7,1004.6492000000056
2931.8,1003.3756999999987
2931.9,1002.8920999999991
2932.0,996.8596000000069
2932.1,995.5098019801942
2932.2,996.082
2932.3,994.7019999999978
2932.4,992.226
2932.5,989.096
2932.6,992.9580000000001
2932.7,1000.638
2932.8,1002.1787722772206
2932.9,1002.5820871287194
2933.0,1008.2258999999985
2933.1,1014.2652999999905
2933.2,1016.0443000000005
2933.3,1014.5634999999941
2933.4,1012.4784158415816
2933.5,1018.8082000000056
2933.6,1014.0693999999924
2933.7,1006.8362000000003
2933.8,1006.5753999999997
2933.9,1006.4774257425743
2934.0,1005.7562000000021
2934.1,1008.5144999999907
2934.2,1011.2294999999993
2934.3,1009.1911999999887
2934.4,1011.9137623762514
2934.5,1017.7428000000041
2934.6,1018.6675999999984
2934.7,1016.1944000000049
2934.8,1016.5220000000028
2934.9,1015.8375999999967
2935.0,1012.6895999999974
2935.1,1009.2665346534662
2935.2,1006.1725000000027
2935.3,1002.9249999999868
2935.4,995.3509999999904
2935.5,991.4039999999984
2935.6,988.698500000007
2935.7,984.5705000000029
2935.8,984.7755000000083
2935.9,991.7575247524999
2936.0,996.2425578947357
2936.1,997.0961052631583
2936.2,1003.2459999999799
2936.3,1008.712
2936.4,1006.3913861386127
2936.5,1007.4615000000035
2936.6,1012.5415999999889
2936.7,1014.725100000006
2936.8,1012.8797999999996
2936.9,1012.5008999999983
2937.0,1013.3388118811936
2937.1,1012.4861999999966
2937.2,1006.6824000000039
2937.3,1004.2285999999992
2937.4,1003.3066
2937.5,1005.9606000000032
2937.6,1010.9499009900984
2937.7,1010.2101000000084
2937.8,1006.6716999999983
2937.9,1008.1574000000064
2938.0,1009.3738000000084
2938.1,1006.7037999999972
2938.2,1007.326400000002
2938.3,1005.201188118804
2938.4,1001.6347999999967
2938.5,995.778799999991
2938.6,990.6611999999975
2938.7,991.5036000000134
2938.8,987.3385148514762
2938.9,985.6485000000079
2939.0,987.6065000000027
2939.1,990.7089999999848
2939.2,1003.2019999999876
2939.3,1008.7600693069156
2939.4,1005.076748514846
2939.5,1006.5224000000121
2939.6,1014.5119999999989
2939.7,1018.8705999999981
2939.8,1020.0420000000031
2939.9,1020.8935999999974
2940.0,1016.8017999999887
2940.1,1007.1906930692992
2940.2,998.6357544554457
2940.3,997.4353999999961
2940.4,994.9409000000029
2940.5,990.7798000000028
2940.6,990.4367999999952
2940.7,995.4986138613846
2940.8,996.0735999999986
2940.9,994.9291999999964
2941.0,995.0308000000016
2941.1,997.8639586206914
2941.2,996.9443172413895
2941.3,995.6252000000059
2941.4,1001.1736000000005
2941.5,1001.1219999999964
2941.6,997.5391999999998
2941.7,997.0255801980111
2941.8,998.5285841584011
2941.9,994.6199999999949
2942.0,997.9855000000041
2942.1,994.9914999999993
2942.2,995.3570000000013
2942.3,995.367500000016
2942.4,1000.1375000000016
2942.5,999.3003960396023
2942.6,1001.0323999999997
2942.7,1000.3144000000096
2942.8,998.1074000000038
2942.9,1000.9460000000032
2943.0,1003.5322000000051
2943.1,1006.7386
2943.2,1006.7909900990086
2943.3,1006.8742029702894
2943.4,1005.0693999999991
2943.5,1005.9801000000016
2943.6,1004.0763999999999
2943.7,1004.3979999999996
2943.8,1004.7483999999956
2943.9,1003.1905000000021
2944.0,999.9711881188153
2944.1,996.8259999999979
2944.2,997.3980000000029
2944.3,996.5776000000023
2944.4,997.4895999999975
2944.5,996.4752000000025
2944.6,998.7363999999878
2944.7,1003.6406930692829
2944.8,1010.336200000001
2944.9,1005.8871000000008
2945.0,1003.2648999999991
2945.1,1006.2224000000004
2945.2,1004.4935999999987
2945.3,1006.3096999999995
2945.4,1008.7155663366339
2945.5,1013.2496831682665
2945.6,1024.2349999999697
2945.7,1034.6550000000364
2945.8,1020.6700000000084
2945.9,1024.4930000000113
2946.0,1028.1839999999863
2946.1,1021.4749999999999
2946.2,1020.8491304347933
2946.3,1015.7026086956056
2946.4,1012.881913043477
2946.5,1006.1740000000078
2946.6,992.7010000000157
2946.7,979.6125000000148
2946.8,990.9149504950682
2946.9,991.7640000000001
2947.0,992.7946000000014
2947.1,995.5107999999918
2947.2,1002.0061999999787
2947.3,1002.1937999999996
2947.4,1001.0352475247531
2947.5,1005.4139999999967
2947.6,1002.5880000000024
2947.7,1005.5491999999977
2947.8,1001.4468999999821
2947.9,1005.0352999999985
2948.0,1000.4568000000036
2948.1,1005.4766336633514
2948.2,1005.6732000000007
2948.3,1001.2707999999913
2948.4,995.9679999999902
2948.5,1001.8144000000124
2948.6,1003.6111999999968
2948.7,997.0704950495082
2948.8,1000.2875000000007
2948.9,1000.1786000000001
2949.0,1002.8235999999993
2949.1,994.3358000000022
2949.2,999.4122999999985
2949.3,1001.0992079207952
2949.4,1002.3450000000028
2949.5,1007.7169999999894
2949.6,1004.8350000000088
2949.7,1005.9619999999961
2949.8,1008.857000000007
2949.9,1007.4949999999959
2950.0,1001.9172178217913
2950.1,1004.0446524752476
2950.2,997.153199999998
2950.3,995.2453999999992
2950.4,991.6667999999991
2950.5,988.6404950495095
2950.6,992.4523999999914
2950.7,988.0216000000104
2950.8,982.0423999999837
2950.9,986.3800000000157
2951.0,992.4806930693127
2951.1,988.3035999999961
2951.2,996.8863999999649
2951.3,998.7846000000003
2951.4,988.2392627298581
2951.5,940.5140090090725
2951.6,891.4900000000541
2951.7,846.4250000000503
2951.8,798.9274999998343
2951.9,738.6760396038392
2952.0,691.1789999999431
2952.1,638.932200000112
2952.2,583.0954000001776
2952.3,533.3067999999349
2952.4,491.45059999994567
2952.5,475.3045544554466
2952.6,472.90530000000024
2952.7,472.39850000000035
2952.8,471.8776999999997
2952.9,471.5429000000002
2953.0,471.18530000000027
2953.1,470.89020000000016
2953.2,470.7838613861387
2953.3,470.6187999999996
2953.4,470.56
2953.5,470.5672
2953.6,470.4332000000003
2953.7,470.44479999999976
2953.8,470.4628712871287
2953.9,470.35350000000005
2954.0,470.3171
2954.1,470.32
2954.2,470.17800000000005
2954.3,470.1342
2954.4,470.09022970297036
2954.5,469.99282178217834
2954.6,469.97399999999993
2954.7,469.9100000000002
2954.8,469.7889999999997
2954.9,469.78500000000014
2955.0,469.7652772277228
2955.1,469.687593069307
2955.2,469.7013999999998
2955.3,469.6648
2955.4,469.6538
2955.5,469.7083
2955.6,469.6748
2955.7,469.6704950495049
2955.8,469.68680000000006
2955.9,469.6015999999997
2956.0,469.59399999999994
2956.1,469.5828000000001
2956.2,469.5292000000001
2956.3,469.48306930693064
2956.4,469.42979999999994
2956.5,469.3454814814815
2956.6,469.3267888888888
2956.7,469.32230000000004
2956.8,469.29819999999995
2956.9,469.2959
2957.0,469.27639999999997
2957.1,469.31309999999985
2957.2,469.3441584158416
2957.3,469.3284
2957.4,469.3548
2957.5,469.35679999999996
2957.6,469.29359999999997
2957.7,469.2542
2957.8,469.2212871287128
2957.9,469.1886
2958.0,469.2198999999999
2958.1,469.19300000000015
2958.2,469.15
2958.3,469.1671000000001
2958.4,469.1515
2958.5,469.1638613861386
2958.6,469.1956
2958.7,469.1888
2958.8,469.19680000000005
2958.9,469.1876
2959.0,469.09159999999986
2959.1,469.08561188118813
2959.2,469.09682178217827
2959.3,469.0094999999996
2959.4,468.97650000000004
2959.5,468.97350000000006
2959.6,468.8995000000001
2959.7,468.8939999999999
2959.8,468.9082178217821
2959.9,468.87919999999997
2960.0,468.90240000000006
2960.1,468.90840000000003
2960.2,468.89
2960.3,468.9381188118812
2960.4,468.91640000000007
2960.5,468.8812
2960.6,468.9265
2960.7,468.91290000000004
2960.8,468.9012
2960.9,468.9147524752475
2961.0,468.87841980198016
2961.1,468.876
2961.2,468.9311999999998
2961.3,468.9079999999998
2961.4,468.9276000000002
2961.5,469.0056000000001
2961.6,468.994
2961.7,468.95970297029703
2961.8,468.91429999999986
2961.9,468.8698
2962.0,468.92629999999997
2962.1,468.9186
2962.2,468.8551
2962.3,468.84990099009894
2962.4,468.75999999999965
2962.5,468.71000000000004
2962.6,468.6950000000002
2962.7,468.60000000000025
2962.8,468.55500000000006
2962.9,468.59960396039617
2963.0,468.5861
2963.1,468.5545
2963.2,468.5457000000001
2963.3,468.52959999999996
2963.4,468.5941
2963.5,468.6351
2963.6,468.6833663366336
2963.7,468.78319999999985
2963.8,468.80599999999987
2963.9,468.76079999999996
2964.0,468.7448
2964.1,468.7020000000002
2964.2,468.7024673267324
2964.3,468.7645425742574
2964.4,468.74179999999996
2964.5,468.7241
2964.6,468.7165
2964.7,468.69
2964.8,468.7225742574259
2964.9,468.7185999999999
2965.0,468.68839999999994
2965.1,468.75599999999986
2965.2,468.75940000000014
2965.3,468.72760000000017
2965.4,468.77840000000003
2965.5,468.73168316831686
2965.6,468.6769999999999
2965.7,468.7369999999998
2965.8,468.7339999999999
2965.9,468.7260000000001
2966.0,468.7339999999999
2966.1,468.66776732673264
2966.2,468.670910891089
2966.3,468.7056
2966.4,468.67800000000005
2966.5,468.6939999999999
2966.6,468.7104000000001
2966.7,468.66
2966.8,468.69440000000014
2966.9,468.70129999999983
2967.0,468.66290000000004
2967.1,468.70579999999995
2967.2,468.68891089108934
2967.3,468.64520000000016
2967.4,468.66740000000004
2967.5,468.61220000000003
2967.6,468.5936
2967.7,468.62752475247527
2967.8,468.56489999999974
2967.9,468.5328000000002
2968.0,468.56359999999995
2968.1,468.4867000000003
2968.2,468.42623762376223
2968.3,468.426
2968.4,468.37
2968.5,468.35200000000003
2968.6,468.346
2968.7,468.318
2968.8,468.33799999999997
2968.9,468.3064356435642
2969.0,468.24780000000004
2969.1,468.27949999999987
2969.2,468.26710000000026
2969.3,468.2078
2969.4,468.2239
2969.5,468.19486138613854
2969.6,468.17487524752465
2969.7,468.1920000000001
2969.8,468.1376
2969.9,468.1576
2970.0,468.1396
2970.1,468.11660000000006
2970.2,468.18279999999993
2970.3,468.1936633663365
2970.4,468.17590000000007
2970.5,468.25329999999985
2970.6,468.26930000000016
2970.7,468.21849999999995
2970.8,468.2759000000002
2970.9,468.3089
2971.0,468.3009900990099
2971.1,468.30920000000003
2971.2,468.29
2971.3,468.30440000000004
2971.4,468.30479999999994
2971.5,468.2708
2971.6,468.31159999999994
2971.7,468.32480000000027
2971.8,468.28709306930693
2971.9,468.3209356435645
2972.0,468.3355000000001
2972.1,468.32849999999985
2972.2,468.41049999999996
2972.3,468.4054999999998
2972.4,468.3845000000001
2972.5,468.4404653465346
2972.6,468.43266930693073
2972.7,468.4003999999998
2972.8,468.39919999999984
2972.9,468.34040000000005
2973.0,468.39020000000005
2973.1,468.36580000000004
2973.2,468.3237623762373
2973.3,468.4430000000002
2973.4,468.4902000000001
2973.5,468.46649999999994
2973.6,468.51649999999995
2973.7,468.52059405940605
2973.8,468.4952000000002
2973.9,468.57640000000004
2974.0,468.5612
2974.1,468.52879999999976
2974.2,468.5772000000001
2974.3,468.53732673267325
2974.4,468.5379
2974.5,468.57210000000003
2974.6,468.5224
2974.7,468.56859999999995
2974.8,468.5789999999997
2974.9,468.5348
2975.0,468.6176237623762
2975.1,468.62600000000043
2975.2,468.5089999999999
2975.3,468.5450000000001
2975.4,468.54699999999974
2975.5,468.5030000000001
2975.6,468.56514851485156
2975.7,468.51840000000004
2975.8,468.51320000000004
2975.9,468.54679999999996
2976.0,468.4668
2976.1,468.439
2976.2,468.4897000000001
2976.3,468.44
2976.4,468.4512000000001
2976.5,468.45200000000017
2976.6,468.4079999999998
2976.7,468.48839999999996
2976.8,468.4934495049504
2976.9,468.4524108910891
2977.0,468.47350000000006
2977.1,468.48029999999994
2977.2,468.41619999999995
2977.3,468.46000000000004
2977.4,468.45462673267326
2977.5,468.45039999999995
2977.6,468.4592000000001
2977.7,468.4207999999999
2977.8,468.46699999999987
2977.9,468.4091999999998
2978.0,468.3707999999999
2978.1,468.4326
2978.2,468.4297029702971
2978.3,468.4100000000001
2978.4,468.43499999999995
2978.5,468.4024999999999
2978.6,468.3775
2978.7,468.45000000000016
2978.8,468.4024999999999
2978.9,468.35990099009905
2979.0,468.3852
2979.1,468.3843999999999
2979.2,468.43719999999996
2979.3,468.4263999999996
2979.4,468.3415999999999
2979.5,468.42679999999996
2979.6,468.43920000000014
2979.7,468.338514851485
2979.8,468.4323
2979.9,468.4146999999998
2980.0,468.3507000000001
2980.1,468.39010000000036
2980.2,468.2831000000001
2980.3,468.2761000000001
2980.4,468.3117821782177
2980.5,468.2566
2980.6,468.28659999999996
2980.7,468.28800000000007
2980.8,468.2232000000002
2980.9,468.28979999999996
2981.0,468.33580000000006
2981.1,468.27199999999993
2981.2,468.36089108910886
2981.3,468.3726999999997
2981.4,468.2889000000002
2981.5,468.36
2981.6,468.3474000000001
2981.7,468.3104999999999
2981.8,468.35630000000003
2981.9,468.37376237623755
2982.0,468.358
2982.1,468.382
2982.2,468.354
2982.3,468.38599999999997
2982.4,468.424
2982.5,468.33
2982.6,468.3561386138614
2982.7,468.28100000000023
2982.8,468.18669999999986
2982.9,468.1147999999999
2983.0,468.0291000000002
2983.1,467.9418811881188
2983.2,467.932
2983.3,467.8356
2983.4,467.7682
2983.5,467.74379999999996
2983.6,467.6752930693069
2983.7,467.7053465346535
2983.8,467.7163999999998
2983.9,467.6585000000001
2984.0,467.7084999999999
2984.1,467.7296000000002
2984.2,467.6434653465345
2984.3,467.7164
2984.4,467.7259999999999
2984.5,467.6032
2984.6,467.61199999999997
2984.7,467.5557425742577
2984.8,467.48300000000006
2984.9,467.49250000000006
2985.0,467.4515
2985.1,467.46000000000004
2985.2,467.4420000000001
2985.3,467.33249999999987
2985.4,467.2944851485148
2985.5,467.30197029702947
2985.6,467.19280000000003
2985.7,467.21
2985.8,467.2015999999999
2985.9,467.1528
2986.0,467.1559999999999
2986.1,467.06159999999994
2986.2,467.01831683168297
2986.3,467.0778000000002
2986.4,467.1313
2986.5,467.13610000000006
2986.6,467.1074
2986.7,467.0952
2986.8,467.1273871287128
2986.9,467.1052871287128
2987.0,467.07720000000006
2987.1,467.1371999999999
2987.2,467.1852000000001
2987.3,467.16080000000017
2987.4,467.23159999999984
2987.5,467.18069306930704
2987.6,467.27099999999996
2987.7,467.3523
2987.8,467.29769999999996
2987.9,467.3644
2988.0,467.3912871287129
2988.1,467.33099999999973
2988.2,467.43699999999984
2988.3,467.4949999999999
2988.4,467.46600000000035
2988.5,467.611
2988.6,467.6041584158419
2988.7,467.4654
2988.8,467.51009999999997
2988.9,467.40729999999996
2989.0,467.3872
2989.1,467.45189999999997
2989.2,467.3637
2989.3,467.3035643564357
2989.4,467.33439999999985
2989.5,467.27639999999985
2989.6,467.3595999999998
2989.7,467.46760000000006
2989.8,467.4488000000003
2989.9,467.5516
2990.0,467.5612000000002
2990.1,467.46479999999985
2990.2,467.5207920792079
2990.3,467.5194999999999
2990.4,467.3786
2990.5,467.35019999999986
2990.6,467.2116
2990.7,467.1013999999999
2990.8,467.1108999999999
2990.9,466.99138613861385
2991.0,467.0118
2991.1,467.03340000000014
2991.2,466.9323999999999
2991.3,466.97060000000005
2991.4,466.9739999999997
2991.5,466.8871346534652
2991.6,467.0014059405941
2991.7,467.0265000000002
2991.8,466.96200000000005
2991.9,466.9964999999999
2992.0,466.9269999999999
2992.1,466.8760000000001
2992.2,466.9885000000001
2992.3,466.9624752475248
2992.4,467.01239999999996
2992.5,467.06400000000014
2992.6,466.92159999999996
2992.7,466.96119999999996
2992.8,466.98679999999973
2992.9,466.91237623762373
2993.0,466.96939999999995
2993.1,466.94820000000016
2993.2,466.88970000000006
2993.3,466.87759999999986
2993.4,466.7984999999999
2993.5,466.75450000000023
2993.6,466.89732673267355
2993.7,466.811
2993.8,466.8610000000002
2993.9,466.9082000000001
2994.0,466.82099999999997
2994.1,466.87059999999997
2994.2,466.89741782178226
2994.3,466.770003960396
2994.4,466.79010000000005
2994.5,466.7988999999998
2994.6,466.6910999999997
2994.7,466.79990000000004
2994.8,466.7896999999999
2994.9,466.76079207920804
2995.0,466.84000000000003
2995.1,466.82
2995.2,466.78999999999996
2995.3,466.95
2995.4,466.83
2995.5,466.90999999999997
2995.6,466.92980198019796
2995.7,466.82110000000023
2995.8,466.8497000000001
2995.9,466.85
2996.0,466.7708000000001
2996.1,466.82939999999985
2996.2,466.83
2996.3,466.7614
2996.4,466.8482
2996.5,466.8206
2996.6,466.82
2996.7,466.8983999999997
2996.8,466.82237623762353
2996.9,466.86850000000015
2997.0,466.87969999999996
2997.1,466.7733000000002
2997.2,466.8087999999999
2997.3,466.8294000000001
2997.4,466.7717039603958
2997.5,466.77961188118815
2997.6,466.79920000000004
2997.7,466.7424000000002
2997.8,466.8072000000001
2997.9,466.74279999999993
2998.0,466.788
2998.1,466.82840000000004
2998.2,466.7539603960397
2998.3,466.81650000000025
2998.4,466.85799999999995
2998.5,466.7745000000001
2998.6,466.808
2998.7,466.79100000000005
2998.8,466.7429702970296
2998.9,466.7964000000001
2999.0,466.7906
2999.1,466.80879999999996
2999.2,466.85699999999986
2999.3,466.7762376237621
2999.4,466.80719999999997
2999.5,466.8565
2999.6,466.77630000000005
2999.7,466.83509999999995
2999.8,466.86790000000013
2999.9,466.75840000000005
3000.0,466.7592079207921
3000.1,466.7324000000001
3000.2,466.66560000000015
3000.3,466.77960000000024
3000.4,466.73534653465344
3000.5,466.71180000000004
3000.6,466.801
3000.7,466.7008
3000.8,466.7264
3000.9,466.8023495049506
3001.0,466.7109702970299
3001.1,466.7449999999999
3001.2,466.768
3001.3,466.63499999999965
3001.4,466.6560000000001
3001.5,466.63326732673266
3001.6,466.50539999999995
3001.7,466.5345
3001.8,466.4509999999999
3001.9,466.34209999999996
3002.0,466.3478
3002.1,466.1987
3002.2,466.1887237623762
3002.3,466.2428118811883
3002.4,466.1267999999996
3002.5,466.12760000000003
3002.6,466.18279999999993
3002.7,466.11080000000015
3002.8,466.1
3002.9,466.1263128712872
3003.0,466.06907425742565
3003.1,466.1557000000001
3003.2,466.20479999999986
3003.3,466.20129999999995
3003.4,466.24350000000004
3003.5,466.25861386138615
3003.6,466.2772
3003.7,466.3143999999999
3003.8,466.3544000000001
3003.9,508.9815999999639
3004.0,572.8691999999096
3004.1,627.3931999999282
3004.2,680.5273267325078
3004.3,740.5640000000697
3004.4,789.8020000000536
3004.5,855.7920000000788
3004.6,903.5305000000499
3004.7,961.3664999998355
3004.8,1019.356534653652
3004.9,1027.6796000000002
3005.0,1025.9476000000016
3005.1,1026.8259999999987
3005.2,1023.6732000000037
3005.3,1020.1991999999877
3005.4,1022.3899999999994
3005.5,1019.3215366336657
3005.6,1023.1200455445407
3005.7,1025.3164999999954
3005.8,1022.4923999999941
3005.9,1026.1926000000083
3006.0,1025.2456999999963
3006.1,1026.1481999999965
3006.2,1030.6844999999848
3006.3,1031.6832673267327
3006.4,1036.6135999999972
3006.5,1033.1226000000024
3006.6,1033.3581999999994
3006.7,1028.9806000000026
3006.8,1015.8075999999946
3006.9,1015.7461386138664
3007.0,1016.8117000000011
3007.1,1028.8107999999759
3007.2,1025.460200000019
3007.3,1029.941100000015
3007.4,1034.521400000008
3007.5,1034.4578346533842
3007.6,1041.7744752475037
3007.7,1040.028
3007.8,1047.192000000009
3007.9,1053.682
3008.0,1057.6000000000001
3008.1,1050.9
3008.2,1050.6024752475216
3008.3,1048.6715999999926
3008.4,1052.790000000015
3008.5,1051.719500000003
3008.6,1046.3916000000122
3008.7,1045.91435643564
3008.8,1044.8819999999994
3008.9,1041.8311999999985
3009.0,1037.481999999998
3009.1,1041.1422000000027
3009.2,1044.737599999991
3009.3,1044.9431999999997
3009.4,1043.6115405940566
3009.5,1042.6985148514855
3009.6,1046.464699999992
3009.7,1049.526499999996
3009.8,1045.5931999999827
3009.9,1045.312600000004
3010.0,1036.7904000000062
3010.1,1040.1790999999876
3010.2,1030.4452475247997
3010.3,1040.6212000000164
3010.4,1033.0227999999856
3010.5,1043.2416000000167
3010.6,1044.6275999999964
3010.7,1043.404000000001
3010.8,1052.1284000000105
3010.9,1035.8121782178375
3011.0,1049.4799999999698
3011.1,1055.8075000000006
3011.2,1051.2450000000067
3011.3,1048.7624999999955
3011.4,1050.1775
3011.5,1052.5524999999973
3011.6,1049.4297029703102
3011.7,1049.782799999993
3011.8,1047.052199999994
3011.9,1046.6818000000014
3012.0,1052.0142000000092
3012.1,1049.0762000000127
3012.2,1049.292199999992
3012.3,1047.9935425742578
3012.4,1039.424371287136
3012.5,1037.6441999999988
3012.6,1036.826300000001
3012.7,1040.728099999996
3012.8,1039.0038999999974
3012.9,1033.477600000004
3013.0,1036.102099999996
3013.1,1038.7080198019771
3013.2,1073.3027999998706
3013.3,1084.4399999999946
3013.4,1087.56000000001
3013.5,1087.2279999999953
3013.6,1093.3831999999861
3013.7,1091.1295683169374
3013.8,1082.2053465346848
3013.9,1096.7323999999944
3014.0,1090.912200000004
3014.1,1091.611099999998
3014.2,1057.2010000000118
3014.3,1041.0281999999984
3014.4,1037.3644554455377
3014.5,1033.4620000000034
3014.6,1034.7569999999923
3014.7,1038.2859999999919
3014.8,1036.0419999999892
3014.9,1035.0260000000014
3015.0,1037.480198019805
3015.1,1042.3678000000014
3015.2,1046.248999999991
3015.3,1039.6682999999975
3015.4,1039.1987000000008
3015.5,1038.5979485148548
3015.6,1039.6405029702917
3015.7,1037.4696000000083
3015.8,1036.2240000000008
3015.9,1036.816400000002
3016.0,1037.2268
3016.1,1032.6520000000125
3016.2,1030.0291089108932
3016.3,1037.7997000000082
3016.4,1042.4938000000006
3016.5,1042.1530999999993
3016.6,1039.5320168316857
3016.7,1038.393469306931
3016.8,1041.317200000014
3016.9,1042.4041999999997
3017.0,1037.2136000000103
3017.1,1039.2237999999904
3017.2,1043.1221782178154
3017.3,1038.895999999991
3017.4,1032.0914999999927
3017.5,1038.8080000000155
3017.6,1039.857376237625
3017.7,1031.8282693069407
3017.8,1022.4547999999656
3017.9,1024.5320000000063
3018.0,1019.4116000000116
3018.1,1007.4039445544821
3018.2,1011.2540683167923
3018.3,1005.0338999999722
3018.4,993.1330999999861
3018.5,990.2361000000008
3018.6,992.9992999999947
3018.7,994.4951118811881
3018.8,993.6245504950477
3018.9,994.7491999999987
3019.0,994.8548000000008
3019.1,995.787999999999
3019.2,991.6098000000037
3019.3,988.9178000000009
3019.4,987.4857425742546
3019.5,986.0906000000004
3019.6,982.2932000000146
3019.7,979.8048000000008
3019.8,981.6564000000067
3019.9,983.0054000000002
3020.0,984.4306277227743
3020.1,986.0475445544562
3020.2,985.972
3020.3,989.6440000000123
3020.4,996.7620000000001
3020.5,996.6800000000001
3020.6,999.34
3020.7,1004.7296633663321
3020.8,1004.969672277222
3020.9,1003.5525999999979
3021.0,1001.4536000000006
3021.1,999.7326000000016
3021.2,999.1912000000007
3021.3,1001.2843000000094
3021.4,1002.7827999999997
3021.5,1001.3363366336603
3021.6,1003.6128000000026
3021.7,1007.7879999999932
3021.8,1008.8405999999999
3021.9,1006.2993999999981
3022.0,1006.6432000000016
3022.1,1008.1816831683168
3022.2,1005.7747000000069
3022.3,1003.5822999999981
3022.4,1002.7385999999997
3022.5,1001.7585000000016
3022.6,999.5659000000048
3022.7,995.2803801980341
3022.8,991.7440950495029
3022.9,988.2467999999959
3023.0,986.1455999999998
3023.1,987.1040000000019
3023.2,989.9391999999942
3023.3,987.0830059405752
3023.4,985.6600346534688
3023.5,987.7399999999993
3023.6,986.9155000000023
3023.7,986.2674999999995
3023.8,990.8700000000274
3023.9,995.1300000000011
3024.0,996.2530544554456
3024.1,997.3882277227709
3024.2,998.0695999999994
3024.3,997.0837999999973
3024.4,996.6630000000013
3024.5,999.038600000005
3024.6,999.3184000000028
3024.7,1000.2613999999876
3024.8,1002.2524752475249
3024.9,1004.1318999999978
3025.0,1003.4982000000028
3025.1,1001.6536
3025.2,998.577700000004
3025.3,995.5243999999993
3025.4,997.9458999999965
3025.5,1000.5618811881191
3025.6,997.3164000000036
3025.7,991.5100000000136
3025.8,989.7340000000022
3025.9,991.2564000000034
3026.0,989.2439999999898
3026.1,990.080990099015
3026.2,996.7669336633646
3026.3,996.1439999999848
3026.4,997.8616999999975
3026.5,1004.7780999999993
3026.6,1004.7170000000008
3026.7,1004.3953999999993
3026.8,1011.9974782178626
3026.9,1009.6550990098619
3027.0,999.1200000000001
3027.1,1000.1049999999866
3027.2,1002.4750000000026
3027.3,1002.8350000000044
3027.4,1002.8673267326717
3027.5,1002.0275435643563
3027.6,1000.8018999999993
3027.7,997.5337000000077
3027.8,997.0692000000007
3027.9,997.7334999999995
3028.0,994.614399999999
3028.1,995.726633663361
3028.2,997.970800000005
3028.3,995.8863999999965
3028.4,994.9167999999997
3028.5,992.6180000000076
3028.6,989.2024000000049
3028.7,985.8144000000077
3028.8,983.5019485148512
3028.9,985.7390099009936
3029.0,987.2161999999983
3029.1,983.4541999999965
3029.2,983.0564999999928
3029.3,983.9409999999974
3029.4,980.0296861386109
3029.5,981.031584158414
3029.6,988.9741999999874
3029.7,992.3884000000047
3029.8,991.0030000000033
3029.9,993.5848000000047
3030.0,993.245200000008
3030.1,990.803267326729
3030.2,990.7125000000074
3030.3,992.5360000000074
3030.4,993.4784999999931
3030.5,993.1325000000077
3030.6,996.8125
3030.7,995.8500000000075
3030.8,991.9625891089097
3030.9,990.9358217821734
3031.0,996.3207999999948
3031.1,996.4744000000062
3031.2,995.5335999999941
3031.3,997.4195999999936
3031.4,997.3463999999956
3031.5,996.7334653465333
3031.6,994.6171999999981
3031.7,997.6662999999987
3031.8,998.5235000000023
3031.9,1001.276400000007
3032.0,1003.7009999999995
3032.1,1001.5090000000017
3032.2,1000.5883168316755
3032.3,1006.236000000017
3032.4,1006.7070000000044
3032.5,987.5818000000146
3032.6,969.0721999999998
3032.7,974.7153999999942
3032.8,979.7261188118168
3032.9,965.7007148513699
3033.0,959.9182000000042
3033.1,974.483999999994
3033.2,970.7791000000312
3033.3,966.8889108910994
3033.4,978.772
3033.5,994.6759999999999
3033.6,1003.7499999999999
3033.7,1003.7360000000035
3033.8,1000.7721782178172
3033.9,999.0296000000067
3034.0,1002.9527000000044
3034.1,1006.3438000000012
3034.2,1005.8340000000007
3034.3,1004.335049504945
3034.4,1002.5300000000002
3034.5,1002.8324
3034.6,1002.8276000000001
3034.7,1001.2058871287184
3034.8,998.9223702970306
3034.9,999.2465999999989
3035.0,997.6163000000047
3035.1,994.5619000000049
3035.2,992.804599999999
3035.3,992.7185999999965
3035.4,992.1291386138627
3035.5,992.5230415841595
3035.6,992.9967999999994
3035.7,996.731599999968
3035.8,1004.3716000000051
3035.9,1008.0920000000004
3036.0,1007.424752475247
3036.1,1006.9984999999958
3036.2,1008.3180000000035
3036.3,1006.7940000000049
3036.4,1009.2385000000079
3036.5,1013.4084999999956
3036.6,1015.3089108910925
3036.7,1012.5462000000146
3036.8,1011.4102000000074
3036.9,1013.7203999999947
3037.0,1010.9193999999992
3037.1,1008.8810000000009
3037.2,1006.6217999999913
3037.3,1007.6398574257412
3037.4,1004.6965019802007
3037.5,1001.5971000000008
3037.6,1001.9322999999978
3037.7,1002.3944000000037
3037.8,998.6088999999984
3037.9,997.7178000000008
3038.0,997.1892079207905
3038.1,998.0523999999991
3038.2,999.9403999999859
3038.3,1003.4355999999997
3038.4,1001.9727999999923
3038.5,998.6043999999995
3038.6,996.3387128712943
3038.7,993.9962999999998
3038.8,994.713900000002
3038.9,996.6810999999989
3039.0,1005.8558999999957
3039.1,1018.2299455445927
3039.2,1016.1055643565038
3039.3,1014.127999999994
3039.4,1015.2620000000227
3039.5,1020.8219999999958
3039.6,1015.8500000000129
3039.7,1015.2259999999744
3039.8,1020.5998019801841
3039.9,1012.4766999999981
3040.0,999.3213999999939
3040.1,983.2967000000021
3040.2,988.1332000000065
3040.3,984.4901306930689
3040.4,984.7386891089129
3040.5,983.9247999999873
3040.6,989.4571999999963
3040.7,989.803600000007
3040.8,989.1380000000208
3040.9,995.7972000000062
3041.0,997.6246534653513
3041.1,992.4940999999951
3041.2,990.5134999999934
3041.3,998.3325999999976
3041.4,994.078099999996
3041.5,992.7494000000077
3041.6,1001.322277227723
3041.7,1001.7408000000032
3041.8,1000.0488000000013
3041.9,1000.462600000001
3042.0,1001.0999999999987
3042.1,1001.0704000000042
3042.2,999.8887999999947
3042.3,1002.7087207920787
3042.4,1002.7475495049524
3042.5,1002.7949999999977
3042.6,1001.425
3042.7,1003.0399999999827
3042.8,1004.8474999999909
3042.9,999.6000000000033
3043.0,1001.5674999999986
3043.1,1000.6473267326734
3043.2,1001.6863999999963
3043.3,1004.7811999999997
3043.4,1003.2020000000057
3043.5,996.7500000000066
3043.6,992.4783999999952
3043.7,994.8136000000061
3043.8,989.490594059402
3043.9,988.5806000000005
3044.0,990.3324000000038
3044.1,995.1033000000068
3044.2,992.640800000009
3044.3,991.4040000000076
3044.4,995.3049504950505
3044.5,995.9230000000001
3044.6,996.5409999999981
3044.7,1000.5953999999981
3044.8,1001.488599999968
3044.9,994.3082732673249
3045.0,996.9232346534703
3045.1,998.9458999999506
3045.2,1011.0058000000425
3045.3,998.689800000011
3045.4,1007.3899000000434
3045.5,1022.767099999993
3045.6,1019.5572999999772
3045.7,1026.6015841584183
3045.8,1029.7839999999999
3045.9,1044.694
3046.0,1042.7179999999998
3046.1,1041.534
3046.2,1045.1193465346473
3046.3,1050.2822910891077
3046.4,1046.4499999999837
3046.5,1038.705299999996
3046.6,1039.3916000000088
3046.7,1035.6396000000022
3046.8,1034.622099999999
3046.9,1034.054851485146
3047.0,1033.2218000000005
3047.1,1032.7989999999968
3047.2,1026.8642000000004
3047.3,1026.2760000000012
3047.4,1028.0651999999989
3047.5,1027.0642000000023
3047.6,1033.2946534653474
3047.7,1047.7226999999502
3047.8,1071.856999999968
3047.9,1066.0332000000412
3048.0,1080.9438000000077
3048.1,1077.4386999999952
3048.2,1080.9991999999909
3048.3,1084.1456435643313
3048.4,1079.6428000000203
3048.5,1096.7279999999905
3048.6,1084.1259999999957
3048.7,1060.7828000000743
3048.8,1042.5147999999936
3048.9,1037.9859405940642
3049.0,1045.2609999999981
3049.1,1046.1230000000035
3049.2,1043.3230000000021
3049.3,1041.9060000000018
3049.4,1042.1845000000021
3049.5,1040.9250495049494
3049.6,1041.9099999999978
3049.7,1040.1041999999823
3049.8,1044.9328000000007
3049.9,1044.3131999999896
3050.0,1037.879207920793
3050.1,1038.8422999999989
3050.2,1040.894199999997
3050.3,1043.9692999999822
3050.4,1039.9428712871268
3050.5,1044.2739999999983
3050.6,1043.5523999999905
3050.7,1046.9307999999937
3050.8,1047.5127999999777
3050.9,1037.0138613861432
3051.0,1040.3193999999983
3051.1,1046.8144000000004
3051.2,1045.0304000000003
3051.3,1044.9910118811881
3051.4,1047.3305544554466
3051.5,1048.0650000000066
3051.6,1051.4569999999976
3051.7,1050.581000000042
3051.8,1035.78900000004
3051.9,1051.2079999999905
3052.0,1048.2320000000134
3052.1,1054.768514851486
3052.2,1054.0165000000006
3052.3,1051.513600000001
3052.4,1055.0946
3052.5,1054.3703000000007
3052.6,1056.401299999999
3052.7,1052.6003999999996
3052.8,1055.4575247524779
3052.9,1060.8892000000012
3053.0,1060.4336000000205
3053.1,1050.0931999999982
3053.2,1051.312399999994
3053.3,1054.5724000000082
3053.4,1057.1500990098943
3053.5,1054.5937999999987
3053.6,1053.421700000002
3053.7,1058.0961000000145
3053.8,1054.5991000000001
3053.9,1054.1655999999946
3054.0,1046.0847247524698
3054.1,1036.4514376237632
3054.2,1036.3079999999927
3054.3,1040.6545999999662
3054.4,1030.7336000000016
3054.5,1032.053799999982
3054.6,1044.4537920792088
3054.7,1044.0410742574159
3054.8,1047.0059999999994
3054.9,1046.5900000000008
3055.0,1047.610500000006
3055.1,1052.2674999999947
3055.2,1046.468910891105
3055.3,1042.0012000000138
3055.4,1045.6948000000039
3055.5,1041.5467999999987
3055.6,1042.5448000000083
3055.7,1033.8575999999982
3055.8,1035.7396000000017
3055.9,1036.1446099009916
3056.0,1034.443539603955
3056.1,1030.9067999999806
3056.2,1037.3356999999935
3056.3,1039.4083999999973
3056.4,1037.8381000000052
3056.5,1040.9982999999995
3056.6,1040.7387999999883
3056.7,1044.5992178217805
3056.8,1045.2225465346512
3056.9,1044.6924000000017
3057.0,1041.0093999999972
3057.1,1046.8773999999996
3057.2,1047.7050000000006
3057.3,1046.5890000000218
3057.4,1051.7800079207952
3057.5,1044.399263366348
3057.6,1049.5594000000078
3057.7,1046.5173000000032
3057.8,1045.294000000007
3057.9,1048.610789108901
3058.0,1043.690594059406
3058.1,1050.9
3058.2,1047.3500000000001
3058.3,1046.79
3058.4,1040.65
3058.5,1048.82
3058.6,1033.268316831713
3058.7,1029.4568702970373
3058.8,1022.0939999999816
3058.9,1018.812399999992
3059.0,1012.9984000000118
3059.1,992.8232000000415
3059.2,1007.3412999999696
3059.3,995.0060999999685
3059.4,991.7825742574241
3059.5,992.4256000000004
3059.6,994.2922000000008
3059.7,998.0539999999847
3059.8,998.5514000000002
3059.9,1004.0382000000025
3060.0,1009.3799009900908
3060.1,1006.8143000000044
3060.2,1010.1346999999944
3060.3,1008.1350999999936
3060.4,1003.792299999987
3060.5,1000.2034386138575
3060.6,1005.3400554455495
3060.7,1003.8128000000063
3060.8,1002.0215999999984
3060.9,1011.5116000000091
3061.0,1011.6123999999998
3061.1,1013.760000000002
3061.2,1007.053865346542
3061.3,1007.792509900994
3061.4,1006.4060000000013
3061.5,1006.0925000000003
3061.6,1008.9774999999964
3061.7,1007.467500000002
3061.8,1005.8938613861363
3061.9,1001.7391999999941
3062.0,1000.088799999998
3062.1,995.6478000000135
3062.2,998.2745999999902
3062.3,998.1900990099
3062.4,1004.4474999999976
3062.5,1000.1119000000035
3062.6,1000.1312999999998
3062.7,1004.9866999999964
3062.8,999.7502950494928
3062.9,996.2985821782119
3063.0,999.2416000000063
3063.1,1000.697599999997
3063.2,998.3712000000073
3063.3,1003.3304000000102
3063.4,1004.2032000000008
3063.5,1002.0871999999957
3063.6,1000.9526732673268
3063.7,1001.0875
3063.8,1000.7187
3063.9,1001.8811999999997
3064.0,999.7705000000005
3064.1,1000.0686999999999
3064.2,1000.9025999999998
3064.3,995.7182178217678
3064.4,996.7420000000042
3064.5,998.944999999996
3064.6,993.4640000000144
3064.7,992.9829999999996
3064.8,996.2850000000083
3064.9,990.4464158415807
3065.0,996.0982178217839
3065.1,999.2129000000007
3065.2,1000.2832000000002
3065.3,1001.0297000000005
3065.4,998.4488999999994
3065.5,998.7519000000002
3065.6,996.1065999999993
3065.7,1002.1145544554344
3065.8,1004.914800000006
3065.9,1000.1903999999845
3066.0,1001.0499999999978
3066.1,1006.504799999989
3066.2,1000.6816000000134
3066.3,997.2284158415815
3066.4,1000.0690000000026
3066.5,1003.1861000000022
3066.6,1000.8220999999978
3066.7,998.8353000000059
3066.8,1000.5898019802046
3066.9,1002.1483999999991
3067.0,998.9702000000053
3067.1,1005.2139999999894
3067.2,997.1665346534985
3067.3,996.267000000001
3067.4,1000.4020000000054
3067.5,999.5204999999978
3067.6,1001.9175000000037
3067.7,1005.7815841584136
3067.8,1006.7980000000017
3067.9,997.2520000000021
3068.0,992.7404000000029
3068.1,995.4807999999965
3068.2,1000.7451999999951
3068.3,1000.3931207920768
3068.4,1000.6878504950507
3068.5,1004.1283000000063
3068.6,996.3108000000224
3068.7,996.3959999999935
3068.8,992.1468999999912
3068.9,996.0389000000093
3069.0,994.1166999999944
3069.1,994.2185148514851
3069.2,996.305199999999
3069.3,994.3683999999989
3069.4,987.2900000000036
3069.5,990.3107999999975
3069.6,997.7597999999964
3069.7,992.9562000000033
3069.8,999.6682990099248
3069.9,1005.2172118811975
3070.0,1006.6794000000015
3070.1,1002.867200000008
3070.2,1001.5431000000012
3070.3,1001.2960999999997
3070.4,1002.3535000000029
3070.5,1007.3096039603985
3070.6,1004.9820000000001
3070.7,1005.0223960396024
3070.8,1004.9203623762365
3070.9,1004.8925742574258
3071.0,1003.6463999999993
3071.1,1005.4662000000012
3071.2,1007.078399999996
3071.3,1009.5596000000012
3071.4,1006.3111999999977
3071.5,1003.394799999999
3071.6,1005.806930693065
3071.7,1003.1896000000072
3071.8,1001.1566999999962
3071.9,997.8646999999885
3072.0,997.7861999999996
3072.1,996.105000000004
3072.2,996.3923999999982
3072.3,998.9600000000042
3072.4,998.5323999999987
3072.5,996.5435999999979
3072.6,1000.4076000000051
3072.7,1000.7032000000037
3072.8,996.5295999999955
3072.9,1000.1057425742534
3073.0,1001.9124999999996
3073.1,1003.9924999999969
3073.2,1007.8324999999952
3073.3,1009.790000000004
3073.4,1022.1650000000001
3073.5,1036.3824999999847
3073.6,1030.5200990099338
3073.7,1029.3079999999914
3073.8,1038.201800000015
3073.9,1033.4209999999857
3074.0,1025.2169999999899
3074.1,1019.5686435643563
3074.2,1030.9558534653347
3074.3,1022.2671999999899
3074.4,1006.4403000000102
3074.5,997.4122000000046
3074.6,994.9614000000006
3074.7,994.3604000000005
3074.8,995.4026000000009
3074.9,995.7460396039603
3075.0,995.7964000000002
3075.1,995.2180000000012
3075.2,991.5456000000131
3075.3,989.2451999999976
3075.4,988.7835999999998
3075.5,984.76839999999
3075.6,983.612079207921
3075.7,986.8726999999991
3075.8,985.6185035087584
3075.9,987.8767877193008
3076.0,993.5886999999922
3076.1,997.3757999999954
3076.2,997.3860000000035
3076.3,997.9505000000079
3076.4,998.6852999999998
3076.5,1000.0728999999953
3076.6,1003.5679207920784
3076.7,1003.6392000000047
3076.8,1002.9884000000011
3076.9,1002.5547999999985
3077.0,1000.3079999999975
3077.1,999.0695999999998
3077.2,999.2987999999992
3077.3,994.9080198019614
3077.4,990.6104999999991
3077.5,992.1054999999959
3077.6,995.1214999999971
3077.7,995.803500000001
3077.8,996.563000000007
3077.9,995.6112871287049
3078.0,995.0768000000027
3078.1,993.8216000000044
3078.2,991.157600000005
3078.3,994.5494000000105
3078.4,1002.7480000000119
3078.5,1004.4279999999941
3078.6,1000.4022772277217
3078.7,1000.6286999999975
3078.8,1001.6202999999979
3078.9,998.9749000000025
3079.0,996.582200000001
3079.1,998.0410999999974
3079.2,997.3531000000032
3079.3,999.8422772277477
3079.4,1004.5676000000016
3079.5,1004.4023999999979
3079.6,1002.2428000000016
3079.7,1003.6671999999847
3079.8,1007.0672000000025
3079.9,1011.4578217821837
3080.0,1018.7845999999984
3080.1,1022.3685999999999
3080.2,1022.9323999999997
3080.3,1024.274400000003
3080.4,1027.4177999999988
3080.5,1026.6082000000015
3080.6,1024.4636633663345
3080.7,1022.2150000000142
3080.8,1018.4849999999972
3080.9,1010.1381981981615
3081.0,1000.4244099099096
3081.1,1000.4647524752463
3081.2,1003.1653999999933
3081.3,1002.9283999999957
3081.4,998.852400000002
3081.5,1002.2380000000007
3081.6,1003.3288000000001
3081.7,1005.8805009900909
3081.8,1010.6374475247558
3081.9,1010.7427999999954
3082.0,1008.958799999998
3082.1,1009.5624000000007
3082.2,1009.2045000000003
3082.3,1008.2051485148461
3082.4,1005.7939999999978
3082.5,1004.4592000000004
3082.6,1002.5208000000044
3082.7,998.5004000000004
3082.8,998.9592000000014
3082.9,998.6187920792047
3083.0,994.2897871287117
3083.1,993.6454999999902
3083.2,998.728500000002
3083.3,994.8474999999729
3083.4,992.8750495049751
3083.5,999.8690000000039
3083.6,1002.1443999999998
3083.7,1002.7060000000018
3083.8,1002.6570356435658
3083.9,1003.5140376237632
3084.0,1003.6456000000005
3084.1,1005.3877999999954
3084.2,1009.3451000000011
3084.3,1008.8427722772327
3084.4,1010.5440000000035
3084.5,1011.0347999999991
3084.6,1006.9656000000195
3084.7,1001.0127722772343
3084.8,998.5256999999984
3084.9,996.8301000000009
3085.0,991.4985000000017
3085.1,987.0972999999993
3085.2,987.8162000000009
3085.3,985.1712871287141
3085.4,983.2069999999834
3085.5,980.4750000000072
3085.6,985.905000000001
3085.7,971.7990000001045
3085.8,924.8329999998879
3085.9,878.206999999908
3086.0,834.7439207920322
3086.1,780.4849950496011
3086.2,724.2839000000437
3086.3,683.03099999999
3086.4,635.5988999999875
3086.5,578.9532999999865
3086.6,524.7083999999904
3086.7,488.661092079228
3086.8,472.90336633662963
3086.9,471.3999999999993
3087.0,470.9224000000008
3087.1,470.5248000000006
3087.2,470.24360000000024
3087.3,470.08279999999934
3087.4,469.86811089108886
3087.5,469.76474950495066
3087.6,469.7286999999999
3087.7,469.55760000000004
3087.8,469.44569999999993
3087.9,469.3313999999999
3088.0,469.18649999999997
3088.1,469.13128712871287
3088.2,469.0254000000003
3088.3,468.8465999999997
3088.4,468.7695999999999
3088.5,468.6594000000004
3088.6,468.4352
3088.7,468.43700000000007
3088.8,468.366534653465
3088.9,468.28000000000003
3089.0,468.2724999999998
3089.1,468.1375
3089.2,468.0774999999999
3089.3,468.07499999999993
3089.4,467.98749999999995
3089.5,467.9717504950495
3089.6,468.0136000000001
3089.7,467.9396
3089.8,467.9748000000001
3089.9,467.9588000000001
3090.0,467.8791999999999
3090.1,467.9542811881187
3090.2,467.9701762376242
3090.3,467.87
3090.4,467.8815000000001
3090.5,467.88319999999993
3090.6,467.7737999999998
3090.7,467.80620000000016
3090.8,467.7393910891088
3090.9,467.68767722772276
3091.0,467.72800000000007
3091.1,467.6412
3091.2,467.6276
3091.3,467.67019999999974
3091.4,467.59340000000003
3091.5,467.58742574257417
3091.6,467.6374000000001
3091.7,467.59419999999994
3091.8,467.6163000000001
3091.9,467.6231999999999
3092.0,467.56
3092.1,467.55380396039607
3092.2,467.5179207920793
3092.3,467.47
3092.4,467.47
3092.5,467.468
3092.6,467.4640198019802
3092.7,467.47191881188115
3092.8,467.44190000000003
3092.9,467.45380000000006
3093.0,467.4529000000002
3093.1,467.3894999999999
3093.2,467.42990594059404
3093.3,467.41584356435646
3093.4,467.35720000000003
3093.5,467.381
3093.6,467.32559999999995
3093.7,467.2708
3093.8,467.30217821782173
3093.9,467.2046999999998
3094.0,467.1384999999999
3094.1,467.17150000000004
3094.2,467.13339999999994
3094.3,467.15680000000015
3094.4,467.1765346534651
3094.5,467.11
3094.6,467.12760000000003
3094.7,467.1960000000006
3094.8,467.0844000000001
3094.9,467.17280000000005
3095.0,467.22415841584154
3095.1,467.14583168316824
3095.2,467.1949999999999
3095.3,467.2589999999996
3095.4,467.1579999999999
3095.5,467.2540000000001
3095.6,467.2125000000001
3095.7,467.18649999999985
3095.8,467.268118811881
3095.9,467.19719999999995
3096.0,467.1898000000001
3096.1,467.24159999999995
3096.2,467.1927999999999
3096.3,467.22680000000014
3096.4,467.3064356435642
3096.5,467.15999999999997
3096.6,467.16389999999996
3096.7,467.1718000000001
3096.8,467.0539000000001
3096.9,467.08259999999996
3097.0,467.0832029702971
3097.1,466.98071287128687
3097.2,467.06239999999997
3097.3,467.0679999999998
3097.4,466.9884000000001
3097.5,467.04879999999997
3097.6,467.04
3097.7,467.04
3097.8,467.0388118811881
3097.9,467.0322
3098.0,467.0544
3098.1,467.079
3098.2,466.9889
3098.3,466.98
3098.4,466.9701
3098.5,466.89650198019797
3098.6,466.9512673267327
3098.7,466.958
3098.8,466.9470000000002
3098.9,467.01200000000006
3099.0,467.02799999999996
3099.1,467.0179999999998
3099.2,467.08306930693084
3099.3,467.02
3099.4,467.0299
3099.5,467.121
3099.6,467.02639999999997
3099.7,466.9846534653465
3099.8,466.9227999999997
3099.9,466.84080000000006
3100.0,466.8484000000001
3100.1,466.82440000000014
3100.2,466.7607683168317
3100.3,466.7732603960397
3100.4,466.80439999999993
3100.5,466.73490000000004
3100.6,466.7944
3100.7,466.7241584158413
3100.8,466.7824000000001
3100.9,466.8163999999998
3101.0,466.76239999999996
3101.1,466.7994
3101.2,466.7846475247526
3101.3,466.70040594059407
3101.4,466.711
3101.5,466.7219999999998
3101.6,466.572
3101.7,466.61
3101.8,466.6054999999999
3101.9,466.52200000000005
3102.0,466.5550495049504
3102.1,466.45840000000004
3102.2,466.42279999999994
3102.3,466.48599999999965
3102.4,466.3892
3102.5,466.3723762376237
3102.6,466.4243000000006
3102.7,466.23880000000014
3102.8,466.1978999999999
3102.9,466.1257999999998
3103.0,465.99120000000005
3103.1,466.0282000000002
3103.2,465.9667089108914
3103.3,465.8600118811883
3103.4,465.87940000000003
3103.5,465.8498
3103.6,465.84259999999995
3103.7,465.9696
3103.8,465.9510000000002
3103.9,466.00099009900987
3104.0,466.04909999999984
3104.1,465.9607999999998
3104.2,466.04029999999995
3104.3,466.0689999999998
3104.4,465.97070000000014
3104.5,466.04
3104.6,466.04
3104.7,466.0
3104.8,466.08
3104.9,466.07
3105.0,466.05
3105.1,466.15999999999997
3105.2,466.07019801980204
3105.3,466.0898000000001
3105.4,466.1296000000001
3105.5,466.09040000000005
3105.6,466.17909999999983
3105.7,466.20969999999994
3105.8,466.10109999999975
3105.9,466.14871584158413
3106.0,466.12059801980195
3106.1,466.00239999999997
3106.2,466.10779999999954
3106.3,466.0904
3106.4,466.0998
3106.5,466.18820000000005
3106.6,466.16059999999993
3106.7,466.16999405940584
3106.8,466.189397029703
3106.9,466.1317999999998
3107.0,466.13969999999995
3107.1,466.1787999999999
3107.2,466.1121000000001
3107.3,466.17790000000025
3107.4,466.179903960396
3107.5,466.07440792079194
3107.6,466.12760000000003
3107.7,466.08200000000016
3107.8,466.04159999999996
3107.9,466.15520000000015
3108.0,466.12198019801986
3108.1,466.139
3108.2,466.1685
3108.3,466.1129999999998
3108.4,466.1764999999999
3108.5,466.22749999999996
3108.6,466.15456435643586
3108.7,466.1499821782178
3108.8,466.1876000000001
3108.9,466.1335999999999
3109.0,466.1582
3109.1,466.1319861386139
3109.2,466.0927653465347
3109.3,466.1644000000003
3109.4,466.12350000000004
3109.5,466.0084000000001
3109.6,466.0836999999999
3109.7,466.07140000000004
3109.8,466.07930000000005
3109.9,466.0984158415842
3110.0,466.02639999999985
3110.1,466.02
3110.2,466.06599999999986
3110.3,465.9595999999998
3110.4,466.04200000000014
3110.5,466.05
3110.6,465.9953465346535
3110.7,466.02639999999997
3110.8,466.0573
3110.9,466.0418
3111.0,466.1037
3111.1,466.0827
3111.2,466.06198019801985
3111.3,466.11400000000015
3111.4,466.0389999999998
3111.5,466.10199999999986
3111.6,466.1639999999999
3111.7,466.07100000000025
3111.8,466.0509108910891
3111.9,466.13903267326737
3112.0,466.09659999999997
3112.1,466.11670000000004
3112.2,466.16450000000003
3112.3,466.13439999999997
3112.4,466.13
3112.5,466.1211881188119
3112.6,466.09360000000004
3112.7,466.1339999999999
3112.8,466.1223999999999
3112.9,466.1024
3113.0,466.1176
3113.1,466.00560000000024
3113.2,466.04227722772254
3113.3,466.0587
3113.4,466.03389999999996
3113.5,465.9865
3113.6,465.98
3113.7,465.9714
3113.8,466.02160000000015
3113.9,465.987
3114.0,465.99719999999996
3114.1,466.0601999999999
3114.2,465.9763366336637
3114.3,466.0280000000001
3114.4,466.0485
3114.5,465.99049999999994
3114.6,466.09050000000013
3114.7,466.1182475247525
3114.8,466.0696316831681
3114.9,466.0768
3115.0,466.04640000000006
3115.1,466.00640000000004
3115.2,466.1091999999999
3115.3,466.0968158415841
3115.4,466.05679999999995
3115.5,466.1081000000001
3115.6,465.99550000000033
3115.7,466.0363999999998
3115.8,466.06660000000005
3115.9,465.93719999999973
3116.0,465.99250693069314
3116.1,466.06736435643563
3116.2,465.94880000000006
3116.3,465.98560000000003
3116.4,466.03279999999995
3116.5,465.97440000000006
3116.6,466.0655445544552
3116.7,466.04950000000014
3116.8,466.0156999999999
3116.9,466.06670000000014
3117.0,465.9674821782177
3117.1,465.9479603960396
3117.2,466.014
3117.3,465.90999999999985
3117.4,465.88800000000003
3117.5,465.874
3117.6,465.7670297029705
3117.7,465.7952999999998
3117.8,465.8416000000001
3117.9,465.7551999999997
3118.0,465.8010999999999
3118.1,465.8125693069306
3118.2,465.73975643564387
3118.3,465.75120000000004
3118.4,465.7054
3118.5,465.6744
3118.6,465.6856
3118.7,465.57300000000043
3118.8,465.50879999999995
3118.9,465.530891089109
3119.0,465.4245000000001
3119.1,465.43619999999993
3119.2,465.46539999999993
3119.3,465.4160999999998
3119.4,465.4770000000003
3119.5,465.4847524752475
3119.6,465.49420560747666
3119.7,465.5680950495048
3119.8,465.56599999999986
3119.9,465.54319999999996
3120.0,465.58759999999995
3120.1,465.55560000000014
3120.2,465.5707999999999
3120.3,465.6775247524754
3120.4,465.6328999999999
3120.5,465.64360000000005
3120.6,465.69010000000003
3120.7,465.6464000000002
3120.8,465.7071000000001
3120.9,465.7701
3121.0,465.78
3121.1,465.81299999999993
3121.2,465.84319999999997
3121.3,465.81699999999984
3121.4,465.8528
3121.5,465.84040000000005
3121.6,465.8332
3121.7,465.8857425742572
3121.8,465.8319999999999
3121.9,465.82250000000005
3122.0,465.89200000000005
3122.1,465.86150000000015
3122.2,465.8494999999999
3122.3,465.87950000000006
3122.4,465.8642574257426
3122.5,465.87559999999996
3122.6,465.86440000000005
3122.7,465.8692
3122.8,465.8992000000001
3122.9,465.89079999999996
3123.0,465.86732673267323
3123.1,465.8977999999999
3123.2,465.8948000000001
3123.3,465.90520000000004
3123.4,465.9137
3123.5,465.84699999999987
3123.6,465.8352
3123.7,465.80003663366347
3123.8,465.7142752475246
3123.9,465.6676
3124.0,465.6104
3124.1,465.5986
3124.2,465.61
3124.3,465.58519999999993
3124.4,465.61959999999993
3124.5,465.74207920792054
3124.6,465.8
3124.7,465.85489999999976
3124.8,465.89610000000005
3124.9,465.8633999999999
3125.0,465.87659999999994
3125.1,465.8573000000002
3125.2,465.75070000000034
3125.3,465.6939603960396
3125.4,465.6
3125.5,465.474
3125.6,465.388
3125.7,465.27
3125.8,465.2520000000001
3125.9,465.286
3126.0,465.23653465346547
3126.1,465.2176999999999
3126.2,465.2359
3126.3,465.20459999999986
3126.4,465.2685000000004
3126.5,465.2887
3126.6,465.2366336633663
3126.7,465.2663999999998
3126.8,465.25359999999995
3126.9,465.1852
3127.0,465.189
3127.1,465.15779999999995
3127.2,465.1257425742574
3127.3,465.1414000000001
3127.4,465.09869999999995
3127.5,465.0827999999999
3127.6,465.1228
3127.7,465.1001000000001
3127.8,465.13772277227747
3127.9,465.1844
3128.0,465.15199999999993
3128.1,465.158
3128.2,465.1520000000001
3128.3,465.11319999999995
3128.4,465.1388118811881
3128.5,465.1260000000001
3128.6,465.0955
3128.7,465.111
3128.8,465.04849999999954
3128.9,465.0450000000001
3129.0,465.11199999999997
3129.1,465.1027722772278
3129.2,465.11779999999976
3129.3,465.16620000000006
3129.4,465.18
3129.5,465.2070000000001
3129.6,465.2246
3129.7,465.1984000000001
3129.8,465.2120792079208
3129.9,465.1817000000001
3130.0,465.16179999999997
3130.1,465.1847
3130.2,465.1535
3130.3,465.1194
3130.4,465.1259
3130.5,465.1242574257426
3130.6,465.13079999999997
3130.7,465.15
3130.8,465.1343999999999
3130.9,465.14080000000007
3131.0,465.1443999999999
3131.1,465.1352
3131.2,465.1708396039603
3131.3,465.1898
3131.4,465.2004
3131.5,465.20980000000003
3131.6,465.15920000000006
3131.7,465.13530000000003
3131.8,465.15510000000006
3131.9,465.1345
3132.0,465.1402970297029
3132.1,465.13500000000016
3132.2,465.09000000000003
3132.3,465.1100000000001
3132.4,465.1199999999999
3132.5,465.1
3132.6,465.109900990099
3132.7,465.07590000000016
3132.8,465.0496
3132.9,465.0847
3133.0,465.04609999999997
3133.1,465.0530693069306
3133.2,465.1152
3133.3,465.08119999999985
3133.4,465.0932000000001
3133.5,465.1112000000001
3133.6,465.08000000000004
3133.7,465.08000000000004
3133.8,465.08
3133.9,465.09880000000004
3134.0,465.06359999999995
3134.1,465.00930693069307
3134.2,465.0154
3134.3,464.95479999999964
3134.4,464.8854
3134.5,464.87080000000003
3134.6,464.82320000000016
3134.7,464.77540000000005
3134.8,464.76544554455444
3134.9,464.74199999999996
3135.0,464.72900000000004
3135.1,464.6950000000001
3135.2,464.6534999999999
3135.3,464.68350000000004
3135.4,464.659900990099
3135.5,464.6364
3135.6,464.70519999999993
3135.7,464.72360000000003
3135.8,464.7164000000001
3135.9,464.7632
3136.0,464.77141782178217
3136.1,464.8028871287129
3136.2,464.8728999999999
3136.3,464.89860000000004
3136.4,464.9315000000001
3136.5,464.9514
3136.6,464.9271
3136.7,464.9311168316831
3136.8,464.93497227722753
3136.9,464.91679999999997
3137.0,464.95259999999996
3137.1,464.9238
3137.2,464.8768
3137.3,464.8915999999999
3137.4,464.8883168316832
3137.5,464.9164
3137.6,464.9441
3137.7,472.47349999995413
3137.8,507.8262000001224
3137.9,562.6606000000976
3138.0,617.7100990099808
3138.1,674.788
3138.2,725.6739999998891
3138.3,785.054
3138.4,840.9040000000001
3138.5,894.1220000000001
3138.6,943.554
3138.7,993.4694059405485
3138.8,1025.5866999999862
3138.9,1024.5510000000147
3139.0,1025.0650999999941
3139.1,1022.2484999999895
3139.2,1027.9288999999867
3139.3,1031.2705940594033
3139.4,1032.0864000000022
3139.5,1035.0918000000001
3139.6,1036.9080000000022
3139.7,1039.3686000000014
3139.8,1037.848399999999
3139.9,1035.8741999999993
3140.0,1038.1792079207894
3140.1,1041.5445000000082
3140.2,1034.4187000000168
3140.3,1026.3669999999884
3140.4,1023.0774999999971
3140.5,1020.1616831683195
3140.6,1012.61280000001
3140.7,1002.316800000015
3140.8,1004.4572000000121
3140.9,1011.4091999999961
3141.0,1009.3504000000016
3141.1,1014.9375999999911
3141.2,1019.9052633663649
3141.3,1021.7035198020144
3141.4,1029.8634999999786
3141.5,1026.9109999999846
3141.6,1040.3114999999848
3141.7,1047.5325000000046
3141.8,1043.8324999999895
3141.9,1042.212787128716
3142.0,1041.701239603956
3142.1,1039.567
3142.2,1038.536000000013
3142.3,1034.9255999999964
3142.4,1033.5202000000013
3142.5,1034.3394000000008
3142.6,1035.7175247524774
3142.7,1039.0153999999977
3142.8,1041.7816000000037
3142.9,1042.41073069307
3143.0,1041.1040673267355
3143.1,1038.9300000000094
3143.2,1036.5819999999999
3143.3,1037.9492000000073
3143.4,1041.5804000000048
3143.5,1043.0715999999995
3143.6,1041.824392079211
3143.7,1039.7987346534655
3143.8,1050.9958000001257
3143.9,1086.134399999996
3144.0,1100.0852999999984
3144.1,1103.9160000000006
3144.2,1107.1734999999965
3144.3,1113.7270297029181
3144.4,1107.1570000000252
3144.5,1112.594999999993
3144.6,1107.8809999999944
3144.7,1113.2659999999717
3144.8,1101.9679999998484
3144.9,1052.5602970296877
3145.0,1046.053692079208
3145.1,1045.1181999999994
3145.2,1041.8084000000033
3145.3,1040.1256000000003
3145.4,1043.0242000000014
3145.5,1045.2312999999983
3145.6,1040.064794059406
3145.7,1040.6208435643498
3145.8,1042.7191999999957
3145.9,1043.1644000000083
3146.0,1045.293600000013
3146.1,1041.867999999989
3146.2,1044.2781544554625
3146.3,1039.328508910891
3146.4,1039.079499999998
3146.5,1036.3992999999991
3146.6,1035.772300000001
3146.7,1034.2248000000054
3146.8,1027.5968000000014
3146.9,1027.0874257425733
3147.0,1021.3626000000033
3147.1,1020.3545999999956
3147.2,1023.4241999999963
3147.3,1026.362000000012
3147.4,1027.4807920791914
3147.5,1026.5225000000169
3147.6,1038.07
3147.7,1039.517499999997
3147.8,1040.2100000000003
3147.9,1040.5676237623768
3148.0,1040.9780000000012
3148.1,1039.6300000000015
3148.2,1038.1132000000014
3148.3,1038.0720000000122
3148.4,1042.267199999998
3148.5,1042.1537108910998
3148.6,1034.6111940594262
3148.7,1029.9313999999906
3148.8,1034.1878000000124
3148.9,1039.517799999995
3149.0,1037.6009900990123
3149.1,1038.2660000000021
3149.2,1033.8806000000016
3149.3,1030.7007999999912
3149.4,1027.8804000000011
3149.5,1028.3515841584053
3149.6,1037.9426999999953
3149.7,1038.1810000000148
3149.8,1032.4699999999898
3149.9,1029.3163366336696
3150.0,1033.1006534653463
3150.1,1036.0819999999999
3150.2,1036.7779999999962
3150.3,1040.514
3150.4,1041.828
3150.5,1037.7803564356461
3150.6,1032.8881019801968
3150.7,1035.563699999977
3150.8,1044.7284000000009
3150.9,1044.4993999999956
3151.0,1041.3148000000106
3151.1,1037.1810000000003
3151.2,1037.1206930693065
3151.3,1036.2289999999975
3151.4,1034.9676000000081
3151.5,1046.5991999999924
3151.6,1032.0731999999975
3151.7,1027.7888
3151.8,1026.710399999997
3151.9,1020.4550495049501
3152.0,1015.2112000000169
3152.1,1009.0829999999747
3152.2,1020.1686000000198
3152.3,1009.2666999999897
3152.4,1007.1231000000098
3152.5,1010.0153405940649
3152.6,1005.337421782178
3152.7,1001.0856000000013
3152.8,1000.3519999999975
3152.9,997.828799999999
3153.0,996.5043999999975
3153.1,993.6891999999993
3153.2,990.0538613861504
3153.3,986.3114999999887
3153.4,981.680500000008
3153.5,976.408999999994
3153.6,981.8084999999929
3153.7,986.9260000000011
3153.8,986.4159405940657
3153.9,988.9456000000075
3154.0,994.2042000000048
3154.1,997.053799999999
3154.2,996.6295999999836
3154.3,1000.824599999998
3154.4,999.6192000000018
3154.5,1001.1276217821814
3154.6,1004.0334524752453
3154.7,1006.0200000000027
3154.8,1002.5491000000003
3154.9,1002.5255000000004
3155.0,1001.6103000000019
3155.1,998.7071000000029
3155.2,995.1073267326722
3155.3,996.1535999999987
3155.4,995.6184000000015
3155.5,996.8356000000053
3155.6,1000.1184000000079
3155.7,997.9551999999906
3155.8,1000.8115999999972
3155.9,999.9884158415915
3156.0,1004.0266000000003
3156.1,1003.2900999999999
3156.2,1004.3727999999983
3156.3,1006.8538999999994
3156.4,1008.9292000000004
3156.5,1007.3652801980215
3156.6,1004.4839801980065
3156.7,1009.4410000000086
3156.8,1005.7909999999945
3156.9,1003.506999999997
3157.0,1002.3410000000005
3157.1,1002.3660000000058
3157.2,1000.343366336627
3157.3,1003.0091000000007
3157.4,1005.6201999999997
3157.5,1004.6324000000003
3157.6,1005.7997999999998
3157.7,1004.9730000000002
3157.8,1003.6801999999997
3157.9,1002.9086138613862
3158.0,1006.2740000000022
3158.1,1004.9692000000045
3158.2,1003.3511999999843
3158.3,1011.2183999999972
3158.4,1009.9471999999902
3158.5,1006.1255445544552
3158.6,1006.2096000000001
3158.7,1006.452500000001
3158.8,1006.2067
3158.9,1005.9179999999989
3159.0,1004.7191000000029
3159.1,1008.4724999999996
3159.2,1007.3470653465325
3159.3,1007.754572277223
3159.4,1006.3361999999966
3159.5,1005.1548000000005
3159.6,1005.20399999999
3159.7,1012.1204000000008
3159.8,1011.3954455445491
3159.9,1010.1515000000094
3160.0,1018.0790000000025
3160.1,1020.1785000000006
3160.2,1020.7829999999958
3160.3,1021.6104999999916
3160.4,1014.7627871287165
3160.5,1018.164190099008
3160.6,1020.1264000000012
3160.7,1018.7068000000029
3160.8,1014.9339999999502
3160.9,1000.7204000000088
3161.0,991.3048000000015
3161.1,989.6120000000029
3161.2,986.4865306930706
3161.3,985.2400762376266
3161.4,987.0026000000086
3161.5,992.3038000000022
3161.6,993.7607999999959
3161.7,995.222499999986
3161.8,999.8679871287148
3161.9,1001.067811881189
3162.0,999.0923999999983
3162.1,1002.7351999999978
3162.2,1007.2424000000035
3162.3,999.6774000000314
3162.4,1007.3758000000004
3162.5,1006.5236000000035
3162.6,998.7887128712889
3162.7,995.2581000000005
3162.8,995.0682999999997
3162.9,994.8478999999894
3163.0,989.8025000000226
3163.1,1000.9217000000046
3163.2,999.1149999999988
3163.3,999.5556999999889
3163.4,994.190693069309
3163.5,995.2600000000001
3163.6,995.8299999999999
3163.7,991.3299999999999
3163.8,997.52
3163.9,998.6
3164.0,999.9499999999999
3164.1,996.08
3164.2,994.5156435643596
3164.3,993.5990999999976
3164.4,993.6494000000001
3164.5,1001.4907999999841
3164.6,1002.7876999999974
3164.7,1004.2651999999971
3164.8,1005.0225000000019
3164.9,1009.812680198022
3165.0,1011.7817267326741
3165.1,1010.0069999999992
3165.2,1010.695199999997
3165.3,1008.1815999999988
3165.4,1004.9351999999985
3165.5,1004.7438613861389
3165.6,1007.7178999999951
3165.7,999.5941000000134
3165.8,995.6830999999889
3165.9,1000.2939000000144
3166.0,992.9297029702893
3166.1,986.8311999999946
3166.2,996.3819999999647
3166.3,999.938800000003
3166.4,1009.1567326732575
3166.5,1009.1930000000004
3166.6,1013.3974999999949
3166.7,1013.3255000000004
3166.8,1011.1154999999922
3166.9,1020.6520940593966
3167.0,1018.4698950495015
3167.1,1016.5328000000054
3167.2,1013.8350000000087
3167.3,1003.2453999999849
3167.4,981.4675999999694
3167.5,989.2944000000134
3167.6,989.0803485148517
3167.7,992.8516069306903
3167.8,994.2188000000044
3167.9,996.922599999999
3168.0,998.542899999999
3168.1,995.8600000000021
3168.2,1000.9261386138469
3168.3,1001.1039999999994
3168.4,1001.0708000000001
3168.5,996.8563999999917
3168.6,999.5351999999922
3168.7,995.5312000000126
3168.8,992.096399999994
3168.9,988.8331683168318
3169.0,987.6664000000002
3169.1,985.1685000000007
3169.2,987.5416999999993
3169.3,989.8475000000003
3169.4,988.7578000000003
3169.5,984.3143475247623
3169.6,987.2780198019715
3169.7,989.4689999999955
3169.8,988.4459999999968
3169.9,989.5610000000031
3170.0,993.0209999999933
3170.1,993.6689999999993
3170.2,995.6247524752474
3170.3,994.4537999999989
3170.4,993.8260999999999
3170.5,991.5894999999995
3170.6,993.7432673267284
3170.7,995.6451999999967
3170.8,992.6743999999901
3170.9,999.0160000000211
3171.0,1002.4127999999963
3171.1,1001.1396000000034
3171.2,994.1528000000139
3171.3,996.3188000000096
3171.4,996.74
3171.5,998.2103000000011
3171.6,1000.7007000000019
3171.7,1005.5726999999829
3171.8,1004.5795999999987
3171.9,1003.1068316831697
3172.0,1005.4899999999958
3172.1,1003.1064000000044
3172.2,1003.896999999998
3172.3,1006.2156000000078
3172.4,1010.3783999999968
3172.5,1006.6999999999962
3172.6,1009.4350000000047
3172.7,1007.908000000007
3172.8,994.864999999983
3172.9,965.786999999964
3173.0,969.3290000000111
3173.1,978.3539059406746
3173.2,964.1568792079506
3173.3,964.4676000000142
3173.4,970.3651999999989
3173.5,977.0399999999939
3173.6,956.3472000000236
3173.7,972.1751999999784
3173.8,977.4416000000065
3173.9,997.7801980198482
3174.0,1000.9518999999982
3174.1,1007.7917999999815
3174.2,1010.1927999999966
3174.3,1011.975300000003
3174.4,1009.693799999995
3174.5,1007.0562376237626
3174.6,1004.9682000000008
3174.7,997.6974000000039
3174.8,999.4600000000015
3174.9,998.449800000001
3175.0,996.4054000000009
3175.1,993.6936633663427
3175.2,991.1574000000061
3175.3,989.7422999999976
3175.4,990.7755000000033
3175.5,994.3991000000085
3175.6,995.1314000000002
3175.7,995.2981999999994
3175.8,998.0450792079275
3175.9,999.7397623762383
3176.0,1000.264
3176.1,1001.658
3176.2,1004.718
3176.3,1001.4079999999954
3176.4,999.6973663366338
3176.5,997.476685148519
3176.6,996.8847000000001
3176.7,996.3723000000014
3176.8,998.5705000000073
3176.9,1000.9759475247583
3177.0,1000.4409683168304
3177.1,995.8231999999974
3177.2,996.9789999999905
3177.3,995.7077999999989
3177.4,991.5641999999979
3177.5,995.1675227722799
3177.6,997.5975019801965
3177.7,999.2851999999971
3177.8,999.3511999999987
3177.9,1002.9999000000145
3178.0,1001.8254000000015
3178.1,1002.541399999997
3178.2,1005.5550524752423
3178.3,1003.7154059405893
3178.4,999.8827999999965
3178.5,1001.0656000000026
3178.6,998.9507999999967
3178.7,994.8704000000108
3178.8,990.1511999999956
3178.9,991.63623762376
3179.0,997.8049999999919
3179.1,995.0475000000068
3179.2,999.6299999999908
3179.3,1005.6800000000184
3179.4,1021.7950000000001
3179.5,1021.7625000000077
3179.6,1023.8228712871155
3179.7,1037.660399999946
3179.8,1035.4025999999878
3179.9,1030.3515999999952
3180.0,1033.8548000000083
3180.1,1033.1778000000063
3180.2,1024.0872000000356
3180.3,1019.763267326733
3180.4,1022.9583999999966
3180.5,1016.6285000000072
3180.6,1015.0428999999988
3180.7,1013.0718000000023
3180.8,1014.7719801980282
3180.9,1021.2996000000139
3181.0,1023.3347999999996
3181.1,1028.14279999999
3181.2,1032.1035999999922
3181.3,1035.5452000000066
3181.4,1037.3185148514856
3181.5,1041.120299999999
3181.6,1073.46339999999
3181.7,1092.962799999998
3181.8,1102.6073000000106
3181.9,1096.7956435643378
3182.0,1103.106999999987
3182.1,1094.182000000043
3182.2,1102.998999999953
3182.3,1103.6415841584092
3182.4,1092.5204999999971
3182.5,1096.1993000000025
3182.6,1063.802799999988
3182.7,1042.6623000000213
3182.8,1040.6564356435651
3182.9,1041.3376000000023
3183.0,1042.3479999999995
3183.1,1042.9719999999993
3183.2,1036.8576000000169
3183.3,1035.5248000000065
3183.4,1038.0843564356471
3183.5,1042.1023000000032
3183.6,1044.1793000000005
3183.7,1045.270799999997
3183.8,1042.2629999999965
3183.9,1039.2198999999987
3184.0,1041.3640000000028
3184.1,1042.0665999999994
3184.2,1044.6086118811854
3184.3,1046.1169742574257
3184.4,1042.113999999999
3184.5,1039.2546000000016
3184.6,1040.1699999999973
3184.7,1030.3362000000218
3184.8,1015.7657999999559
3184.9,1020.8510000000028
3185.0,1015.6275247524711
3185.1,1021.1389999999693
3185.2,1022.5030000000238
3185.3,1020.7360000000012
3185.4,1031.948500000019
3185.5,1031.3614999999888
3185.6,1034.7199801980184
3185.7,1036.817477227725
3185.8,1043.5308000000437
3185.9,1049.651200000002
3186.0,1051.457199999999
3186.1,1053.2183999999982
3186.2,1051.5152000000035
3186.3,1047.5991999999856
3186.4,1045.238134653462
3186.5,1044.9403158415846
3186.6,1048.6394999999927
3186.7,1049.413300000006
3186.8,1050.152000000004
3186.9,1049.0113999999949
3187.0,1048.381386138614
3187.1,1052.9173999999969
3187.2,1054.8514000000005
3187.3,1052.953399999997
3187.4,1055.5143999999975
3187.5,1055.4242000000017
3187.6,1055.448799999999
3187.7,1056.2570297029706
3187.8,1050.7765999999815
3187.9,1047.8695000000018
3188.0,1049.2098999999987
3188.1,1048.5673000000052
3188.2,1052.145899999982
3188.3,1051.1933663366285
3188.4,1047.482
3188.5,1045.2820000000002
3188.6,1044.898
3188.7,1046.48
3188.8,1045.967999999996
3188.9,1047.960772277235
3189.0,1037.3684534653505
3189.1,1029.176899999998
3189.2,1023.4966000000209
3189.3,1023.8861000000195
3189.4,1029.923800000012
3189.5,1031.3099999999988
3189.6,1030.0895999999993
3189.7,1028.680600000003
3189.8,1030.423200000002
3189.9,1030.884599999999
3190.0,1033.818000000003
3190.1,1035.5865999999992
3190.2,1034.1006019801994
3190.3,1033.5180089108908
3190.4,1032.6107999999995
3190.5,1031.0166000000027
3190.6,1029.2085000000031
3190.7,1028.3130000000003
3190.8,1033.645100000028
3190.9,1036.555598019798
3191.0,1033.6824792079174
3191.1,1032.6072000000008
3191.2,1033.1523999999995
3191.3,1035.055200000003
3191.4,1036.0187999999994
3191.5,1039.1744000000058
3191.6,1042.8853069306929
3191.7,1042.9122227722787
3191.8,1037.8339999999723
3191.9,1034.7025000000008
3192.0,1039.6619999999907
3192.1,1043.4359999999997
3192.2,1044.6559999999974
3192.3,1036.1334999999413
3192.4,1037.944500000016
3192.5,1036.1477227722733
3192.6,1024.6764000000069
3192.7,1025.4481999999782
3192.8,1024.3833999999893
3192.9,1017.2305999999911
3193.0,1005.6795999999784
3193.1,1002.1667999999925
3193.2,999.8366000000325
3193.3,994.2327999999977
3193.4,993.8075247524754
3193.5,996.9931999999962
3193.6,999.3910000000002
3193.7,997.0134000000028
3193.8,996.6730000000045
3193.9,998.2094999999999
3194.0,995.100000000004
3194.1,996.2761999999949
3194.2,1000.7421999999988
3194.3,1000.1379207920718
3194.4,996.7959999999928
3194.5,996.1792000000045
3194.6,996.0184000000013
3194.7,995.3675999999969
3194.8,997.2537623762397
3194.9,996.4336633663374
3195.0,995.4448999999995
3195.1,997.9091999999994
3195.2,997.9426000000005
3195.3,996.6051
3195.4,997.2613861386152
3195.5,997.3399999999999
3195.6,998.1099999999939
3195.7,998.4600000000045
3195.8,999.8100000000105
3195.9,1004.2984158415895
3196.0,1005.2896999999995
3196.1,1002.7559999999993
3196.2,999.719900000007
3196.3,997.3666999999998
3196.4,995.5694999999994
3196.5,994.7757000000001
3196.6,994.1487128712888
3196.7,992.1352000000032
3196.8,990.4951999999957
3196.9,992.2588000000028
3197.0,993.2008000000068
3197.1,991.1244000000004
3197.2,991.5708396039571
3197.3,994.2531425742604
3197.4,994.8879999999974
3197.5,993.8307000000012
3197.6,994.8934
3197.7,993.8538000000035
3197.8,988.4825455445385
3197.9,984.6061742574275
3198.0,986.0091999999986
3198.1,983.7402000000084
3198.2,986.6215999999816
3198.3,993.6783999999984
3198.4,994.8828712871357
3198.5,996.5704999999998
3198.6,998.6204999999958
3198.7,1000.7095000000037
3198.8,1002.8504554455459
3198.9,1006.1846455445545
3199.0,1007.986399999996
3199.1,1010.8003999999992
3199.2,1011.8115999999989
3199.3,1010.986324752466
3199.4,1007.7228257425691
3199.5,1007.8665000000074
3199.6,1012.0251999999988
3199.7,1013.4507000000044
3199.8,1013.918700000005
3199.9,1016.7060396039622
3200.0,1017.4768000000007
3200.1,1013.5262000000034
3200.2,1009.3113999999999
3200.3,1008.6161999999958
3200.4,1005.676200000002
3200.5,1002.9452000000002
3200.6,1001.0141584158469
3200.7,989.8368000000538
3200.8,957.2426999999008
3200.9,933.5587000000246
3201.0,942.783300000001
3201.1,941.2016000000281
3201.2,931.9993000000158
3201.3,936.3133891089346
3201.4,950.4196435643564
3201.5,946.758
3201.6,944.086
3201.7,964.5059999999629
3201.8,985.784
3201.9,997.922
3202.0,998.00099009901
3202.1,1003.5138693069266
3202.2,1005.326800000008
3202.3,1004.824200000012
3202.4,1006.5894999999927
3202.5,1004.4194999999993
3202.6,1003.652800000001
3202.7,999.9452217821963
3202.8,993.3991702970244
3202.9,991.7408000000004
3203.0,995.9500000000046
3203.1,1001.5305999999993
3203.2,1002.3021999999941
3203.3,1003.8685999999984
3203.4,1000.9839603960402
3203.5,998.438800000006
3203.6,997.3501999999945
3203.7,999.8259999999988
3203.8,1001.1107000000062
3203.9,1001.6037999999971
3204.0,998.5261000000071
3204.1,993.5705940594195
3204.2,988.7720000000111
3204.3,985.0307999999955
3204.4,984.6508000000069
3204.5,990.843200000003
3204.6,990.7032000000047
3204.7,989.9283999999665
3204.8,996.8064514851538
3204.9,999.8992227722836
3205.0,1002.5349999999992
3205.1,1003.0074999999999
3205.2,1001.9235000000037
3205.3,999.5839999999974
3205.4,1000.3780000000068
3205.5,1003.7888118811874
3205.6,1002.6670000000016
3205.7,998.2287999999862
3205.8,1002.317600000005
3205.9,1001.9557999999889
3206.0,995.1755999999943
3206.1,994.6943999999987
3206.2,1000.3658415841496
3206.3,1000.4313999999824
3206.4,998.7401999999931
3206.5,1003.7995000000033
3206.6,1001.2759999999985
3206.7,999.7833000000062
3206.8,995.2384000000105
3206.9,998.6095999999992
3207.0,999.5202297029697
3207.1,1001.1172673267218
3207.2,1002.1428000000143
3207.3,1001.8960000000187
3207.4,1012.5320000000206
3207.5,1004.0131999999815
3207.6,966.526300990082
3207.7,961.5932653464331
3207.8,968.4323000000359
3207.9,974.0570000000022
3208.0,962.4909000000038
3208.1,956.6533999999958
3208.2,973.9315999999965
3208.3,987.2002970297348
3208.4,993.6170000000028
3208.5,993.9289999999982
3208.6,992.6249999999994
3208.7,992.5990000000015
3208.8,990.6029999999885
3208.9,986.3652673267288
3209.0,985.0327574257432
3209.1,986.0905000000004
3209.2,987.5781999999982
3209.3,989.2510000000004
3209.4,988.8140594059428
3209.5,985.6707999999916
3209.6,988.8948000000007
3209.7,988.7983999999991
3209.8,989.6028000000041
3209.9,992.3280000000085
3210.0,996.5288000000002
3210.1,998.1079207920727
3210.2,1001.8626000000008
3210.3,1000.1453999999987
3210.4,997.8494999999978
3210.5,996.2790000000018
3210.6,997.6498247524746
3210.7,995.345170297034
3210.8,995.0208000000192
3210.9,997.5647999999849
3211.0,993.1699999999938
3211.1,993.9494000000134
3211.2,987.3478257425708
3211.3,989.1998019801983
3211.4,989.5200000000018
3211.5,992.4750000000082
3211.6,998.1125000000001
3211.7,999.6149999999911
3211.8,1002.1025000000024
3211.9,1004.9250742574313
3212.0,1008.3798415841575
3212.1,1008.0879999999976
3212.2,1010.0224000000005
3212.3,1011.075600000015
3212.4,1014.9924000000021
3212.5,1013.4965940594036
3212.6,1015.5641861386039
3212.7,1017.4403000000101
3212.8,1014.087099999995
3212.9,1012.1336000000036
3213.0,1013.6304960396033
3213.1,1012.7546396039596
3213.2,1014.1623999999977
3213.3,1017.5093999999932
3213.4,1016.0295999999995
3213.5,1016.424200000001
3213.6,1013.3619801980249
3213.7,1012.1679999999631
3213.8,1027.4846000000352
3213.9,1038.751199999977
3214.0,1028.0129999999904
3214.1,1024.1756435643279
3214.2,1033.8520000000085
3214.3,1025.932
3214.4,1023.824
3214.5,1022.4359999999999
3214.6,1025.512
3214.7,1016.9536633663415
3214.8,1005.8518999999801
3214.9,998.7168999999942
3215.0,995.4112000000051
3215.1,991.6904000000181
3215.2,986.6990099009623
3215.3,996.0816000000001
3215.4,996.8424000000016
3215.5,999.9230000000002
3215.6,999.9957999999995
3215.7,999.0829999999999
3215.8,998.9422772277206
3215.9,997.3083000000044
3216.0,1000.1448999999889
3216.1,1005.1361000000074
3216.2,1000.4457000000077
3216.3,997.5308000000184
3216.4,1001.5097999999846
3216.5,995.1787128712904
3216.6,993.9668000000013
3216.7,1000.3259999999888
3216.8,1001.873999999994
3216.9,996.8052000000026
3217.0,1000.0232000000041
3217.1,1003.756
3217.2,1002.8164356435766
3217.3,999.607
3217.4,999.4895000000008
3217.5,998.9799999999996
3217.6,999.8299999999961
3217.7,1002.4965000000018
3217.8,1001.9245000000127
3217.9,1005.041683168321
3218.0,1000.3836000000005
3218.1,1000.1643999999977
3218.2,997.1916000000081
3218.3,995.4604000000046
3218.4,998.3780000000003
3218.5,998.1999999999966
3218.6,994.6139603960286
3218.7,985.8472999999991
3218.8,986.2369999999833
3218.9,981.5972000000012
3219.0,980.6988999999976
3219.1,985.0686999999932
3219.2,993.677237623763
3219.3,993.0185584158385
3219.4,992.8920000000082
3219.5,996.4011999999943
3219.6,988.1759254238259
3219.7,950.847966101832
3219.8,897.6355355931462
3219.9,855.908799999944
3220.0,799.9263999999223
3220.1,741.2454455445862
3220.2,693.1782000000322
3220.3,645.369499999815
3220.4,588.4334000000209
3220.5,536.1144000000354
3220.6,486.49150000003374
3220.7,474.31590000000637
3220.8,472.60108910890864
3220.9,471.9671999999989
3221.0,471.4967999999992
3221.1,471.15640000000076
3221.2,470.9276000000006
3221.3,470.6523999999995
3221.4,470.5571287128713
3221.5,470.46810000000005
3221.6,470.3053
3221.7,470.2536
3221.8,470.1135
3221.9,469.9558415841581
3222.0,469.94
3222.1,469.76900000000046
3222.2,469.5790000000004
3222.3,469.5149999999999
3222.4,469.3038019801977
3222.5,469.1553128712871
3222.6,469.0688
3222.7,468.93539999999996
3222.8,468.88439999999997
3222.9,468.8711
3223.0,468.71869999999996
3223.1,468.7704950495048
3223.2,468.7888
3223.3,468.61399999999946
3223.4,468.6604000000002
3223.5,468.6172000000001
3223.6,468.54840000000013
3223.7,468.5835643564355
3223.8,468.5726
3223.9,468.4394999999999
3224.0,468.48960000000005
3224.1,468.39559999999994
3224.2,468.3191000000002
3224.3,468.38752475247554
3224.4,468.2882000000001
3224.5,468.2786
3224.6,468.3315999999999
3224.7,468.3142
3224.8,468.32033445378147
3224.9,468.377887444879
3225.0,468.3270297029704
3225.1,468.3229999999999
3225.2,468.35979999999995
3225.3,468.31059999999974
3225.4,468.313
3225.5,468.3102
3225.6,468.2010000000002
3225.7,468.14313861386137
3225.8,468.10749999999996
3225.9,468.02499999999986
3226.0,468.0420000000001
3226.1,468.0115000000002
3226.2,468.00599999999986
3226.3,468.05250000000007
3226.4,468.03157920792086
3226.5,468.0163287128713
3226.6,468.05839999999995
3226.7,468.0416000000001
3226.8,468.0712000000003
3226.9,468.1064
3227.0,468.0268000000001
3227.1,468.0631999999999
3227.2,468.06520000000006
3227.3,467.9893069306929
3227.4,468.0167000000001
3227.5,468.04369999999994
3227.6,468.0085
3227.7,468.02149999999983
3227.8,467.9832999999999
3227.9,467.9878000000001
3228.0,468.0349504950495
3228.1,468.0004376237624
3228.2,468.01339999999993
3228.3,468.06480000000005
3228.4,468.03040000000004
3228.5,468.0372
3228.6,468.03520000000003
3228.7,468.0014
3228.8,468.0017247524754
3228.9,467.9975297029703
3229.0,467.94120000000004
3229.1,467.98319999999967
3229.2,467.9751000000002
3229.3,467.9461
3229.4,467.9988000000002
3229.5,467.9572831683168
3229.6,467.95811881188115
3229.7,467.972
3229.8,467.8999999999998
3229.9,467.902
3230.0,467.942
3230.1,467.848
3230.2,467.7978217821782
3230.3,467.75099999999975
3230.4,467.6214999999996
3230.5,467.5659
3230.6,467.5232673267327
3230.7,467.4436000000002
3230.8,467.46220000000005
3230.9,467.44199999999995
3231.0,467.371
3231.1,467.3901980198019
3231.2,467.38010000000014
3231.3,467.39560000000023
3231.4,467.4585
3231.5,467.4344000000001
3231.6,467.42849999999993
3231.7,467.4443564356436
3231.8,467.36159999999984
3231.9,467.3224
3232.0,467.3512
3232.1,467.3151999999999
3232.2,467.30799999999994
3232.3,467.3134217821781
3232.4,467.2669554455445
3232.5,467.25649999999996
3232.6,467.2370000000001
3232.7,467.23199999999997
3232.8,467.2885000000002
3232.9,467.26499999999993
3233.0,467.19277227722773
3233.1,467.2077999999999
3233.2,467.16440000000046
3233.3,467.12700000000007
3233.4,467.13919999999996
3233.5,467.0867999999999
3233.6,467.09822574257424
3233.7,467.1293534653466
3233.8,467.11469999999997
3233.9,467.1629999999999
3234.0,467.2047
3234.1,467.2159
3234.2,467.2618
3234.3,467.27960990099
3234.4,467.30620990099027
3234.5,467.39200000000017
3234.6,467.39840000000004
3234.7,467.40679999999975
3234.8,467.4760000000001
3234.9,467.42719999999974
3235.0,467.4217306930694
3235.1,467.49039405940596
3235.2,467.5
3235.3,467.5255000000001
3235.4,467.5347
3235.5,467.5149
3235.6,467.5304
3235.7,467.5245
3235.8,467.48990099009893
3235.9,467.5250000000002
3236.0,467.53000000000003
3236.1,467.4750000000001
3236.2,467.4799999999999
3236.3,467.46499999999986
3236.4,467.44000000000005
3236.5,467.44
3236.6,467.40560099009895
3236.7,467.4191999999998
3236.8,467.4453
3236.9,467.43
3237.0,467.45450000000005
3237.1,467.470394059406
3237.2,467.45040000000006
3237.3,467.4544000000001
3237.4,467.4412
3237.5,467.4483999999999
3237.6,467.4996
3237.7,467.44760000000025
3237.8,467.40880000000016
3237.9,467.42574257425736
3238.0,467.3770999999999
3238.1,467.3964000000001
3238.2,467.4412000000001
3238.3,467.38239999999996
3238.4,467.3682
3238.5,467.3813861386139
3238.6,467.37379999999996
3238.7,467.4313999999999
3238.8,467.4477999999998
3238.9,467.43300000000005
3239.0,467.5013999999999
3239.1,467.4810000000002
3239.2,467.41817227722765
3239.3,467.48944554455454
3239.4,467.49149999999986
3239.5,467.46500000000015
3239.6,467.5155
3239.7,467.4560000000004
3239.8,467.4392326732674
3239.9,467.4866891089109
3240.0,467.4304000000001
3240.1,467.4151999999999
3240.2,467.44680000000005
3240.3,467.43
3240.4,467.4563999999999
3240.5,467.45506138613865
3240.6,467.43149999999997
3240.7,467.4857999999998
3240.8,467.4339999999997
3240.9,467.3587000000001
3241.0,467.45691683168326
3241.1,467.47800000000007
3241.2,467.441
3241.3,467.4868000000001
3241.4,467.48900000000003
3241.5,467.4726
3241.6,467.4816
3241.7,467.47415841584154
3241.8,467.5005000000001
3241.9,467.4889999999998
3242.0,467.41769999999997
3242.1,467.40409999999997
3242.2,467.3772000000002
3242.3,467.33410000000003
3242.4,467.360297029703
3242.5,467.358
3242.6,467.31399999999996
3242.7,467.35199999999986
3242.8,467.384
3242.9,467.37199999999996
3243.0,467.409801980198
3243.1,467.4361
3243.2,467.4494999999999
3243.3,467.4643999999999
3243.4,467.43219999999997
3243.5,467.44730000000004
3243.6,467.4432000000003
3243.7,467.38544554455433
3243.8,467.40999999999997
3243.9,467.40999999999997
3244.0,467.41380000000004
3244.1,467.4276
3244.2,467.42480000000006
3244.3,467.41504950495056
3244.4,467.4363623762376
3244.5,467.43
3244.6,467.44479999999993
3244.7,467.4552000000001
3244.8,467.4114999999998
3244.9,467.36889999999994
3245.0,467.33534653465347
3245.1,467.31719999999996
3245.2,467.33
3245.3,467.30119999999994
3245.4,467.28240000000005
3245.5,467.32559999999995
3245.6,467.2928
3245.7,467.29782178217806
3245.8,467.3510000000002
3245.9,467.383
3246.0,467.37699999999995
3246.1,467.37250000000006
3246.2,467.3261386138615
3246.3,467.31020000000007
3246.4,467.3198
3246.5,467.3034
3246.6,467.32683168316834
3246.7,467.32370000000003
3246.8,467.2632000000001
3246.9,467.30319999999995
3247.0,467.2904000000001
3247.1,467.22960396039593
3247.2,467.26360000000005
3247.3,467.2339999999999
3247.4,467.20640000000003
3247.5,467.20079999999996
3247.6,467.1120000000004
3247.7,467.00683168316834
3247.8,466.98133168316815
3247.9,466.9276
3248.0,466.9124
3248.1,466.9214
3248.2,466.8831
3248.3,466.8962000000001
3248.4,466.8578217821781
3248.5,466.76700000000005
3248.6,466.84799999999984
3248.7,466.8750000000001
3248.8,466.83399999999995
3248.9,466.82
3249.0,466.79599999999994
3249.1,466.7459405940594
3249.2,466.76869999999997
3249.3,466.7842
3249.4,466.79900000000004
3249.5,466.841
3249.6,466.7816
3249.7,466.8360999999999
3249.8,466.8913861386138
3249.9,466.88400000000007
3250.0,466.9479999999998
3250.1,467.01160000000004
3250.2,466.99839999999995
3250.3,467.0228
3250.4,467.0244554455445
3250.5,467.0235
3250.6,467.0573
3250.7,467.02570000000003
3250.8,466.98160000000007
3250.9,467.02109999999993
3251.0,466.9940594059406
3251.1,467.0652
3251.2,467.0592000000001
3251.3,467.03120000000035
3251.4,467.1174
3251.5,467.09440000000006
3251.6,467.0680198019801
3251.7,467.13272277227713
3251.8,467.14749999999987
3251.9,467.0925000000001
3252.0,467.1074999999999
3252.1,467.0425
3252.2,467.05999999999983
3252.3,467.09745049504954
3252.4,467.1322257425743
3252.5,467.1484000000001
3252.6,467.0848
3252.7,467.10479999999995
3252.8,467.1127999999999
3252.9,467.09959999999995
3253.0,467.1347524752475
3253.1,467.1293000000003
3253.2,467.06229999999994
3253.3,467.07920000000007
3253.4,467.0846999999998
3253.5,467.02070000000003
3253.6,467.07861386138626
3253.7,467.03999999999996
3253.8,467.05100000000016
3253.9,467.07680000000005
3254.0,467.04319999999996
3254.1,467.09
3254.2,467.08782178217825
3254.3,467.08
3254.4,467.0926000000001
3254.5,467.1168999999999
3254.6,467.0362999999999
3254.7,467.0746376237622
3254.8,467.10984158415835
3254.9,467.034
3255.0,467.03999999999996
3255.1,467.004
3255.2,467.03399999999993
3255.3,467.08
3255.4,467.0439603960396
3255.5,467.07329999999985
3255.6,467.12430000000006
3255.7,467.1
3255.8,467.12470000000036
3255.9,467.21479999999985
3256.0,467.1612871287128
3256.1,467.21720000000005
3256.2,467.232
3256.3,467.1608
3256.4,467.19919999999996
3256.5,467.1482
3256.6,467.149
3256.7,467.1722138613861
3256.8,467.0951000000001
3256.9,467.1251000000001
3257.0,467.1398000000001
3257.1,467.0934
3257.2,467.1117
3257.3,467.1080999999998
3257.4,467.06009900990114
3257.5,467.1116
3257.6,467.11199999999997
3257.7,467.07639999999986
3257.8,467.1036
3257.9,467.07320000000004
3258.0,467.11080000000015
3258.1,467.2105108910891
3258.2,467.1720841584157
3258.3,467.2505000000002
3258.4,467.2995000000001
3258.5,467.243
3258.6,467.24950000000007
3258.7,467.1735000000001
3258.8,467.0785148514851
3258.9,467.06579999999997
3259.0,467.0203999999998
3259.1,466.893
3259.2,466.83600000000035
3259.3,466.74299999999994
3259.4,466.71663366336645
3259.5,466.81870000000004
3259.6,466.83209999999985
3259.7,466.9981999999999
3259.8,467.1095999999998
3259.9,467.05299999999994
3260.0,467.1387
3260.1,467.1158415841585
3260.2,467.0271999999998
3260.3,467.0739999999999
3260.4,467.01319999999976
3260.5,466.8827999999999
3260.6,466.81920000000025
3260.7,466.7268000000003
3260.8,466.63360000000006
3260.9,466.64455445544536
3261.0,466.53549999999996
3261.1,466.5888
3261.2,466.64020000000016
3261.3,466.48879999999997
3261.4,466.5611
3261.5,466.5612
3261.6,466.4976237623762
3261.7,466.5560000000001
3261.8,466.51399999999984
3261.9,466.4650000000001
3262.0,466.511
3262.1,466.519
3262.2,466.5189999999998
3262.3,466.59209900990083
3262.4,466.5227
3262.5,466.55449999999996
3262.6,466.59189999999995
3262.7,466.5172
3262.8,466.59357326732675
3262.9,466.62510891089096
3263.0,466.57319999999993
3263.1,466.6108
3263.2,466.61440000000016
3263.3,466.55792079207947
3263.4,466.65
3263.5,466.6436999999999
3263.6,466.5614
3263.7,466.57510000000025
3263.8,466.5093
3263.9,466.5
3264.0,466.49229999999994
3264.1,466.3885722772277
3264.2,466.37
3264.3,466.3621999999996
3264.4,466.2394
3264.5,466.2282
3264.6,466.19400000000013
3264.7,466.1012
3264.8,466.1145999999997
3264.9,466.02939999999995
3265.0,466.0247524752474
3265.1,466.09649999999993
3265.2,466.0329999999998
3265.3,466.0895
3265.4,466.0795
3265.5,466.0730000000001
3265.6,466.1305
3265.7,466.13900000000007
3265.8,466.12495049504963
3265.9,466.22119999999995
3266.0,466.24800000000005
3266.1,466.2067999999998
3266.2,466.36760000000004
3266.3,466.3104
3266.4,466.32237623762376
3266.5,466.3778999999999
3266.6,466.3126999999997
3266.7,466.3991000000001
3266.8,466.36879999999996
3266.9,466.33090000000004
3267.0,466.359702970297
3267.1,466.3482
3267.2,466.26219999999995
3267.3,466.37
3267.4,466.3682
3267.5,466.2825999999999
3267.6,466.4088079207921
3267.7,466.3503980198019
3267.8,466.38080000000014
3267.9,466.45929999999987
3268.0,466.3909000000002
3268.1,466.48059999999987
3268.2,466.5387000000003
3268.3,466.4108930693071
3268.4,466.50019801980204
3268.5,466.57
3268.6,466.45
3268.7,466.53
3268.8,466.52
3268.9,477.91
3269.0,532.72
3269.1,588.9972277226583
3269.2,652.3457999998702
3269.3,700.5891000001203
3269.4,768.3108000001698
3269.5,815.1140999999068
3269.6,875.2868999998766
3269.7,929.0905415840481
3269.8,978.3945900990343
3269.9,1034.4168000000254
3270.0,1033.628999999999
3270.1,1032.0611999999992
3270.2,1034.0879999999916
3270.3,1033.4929999999997
3270.4,1034.498423762377
3270.5,1033.2003900990119
3270.6,1030.085100000005
3270.7,1036.712099999989
3270.8,1036.3670999999983
3270.9,1036.631300000001
3271.0,1030.839207920786
3271.1,1026.6927999999964
3271.2,1027.7395999999958
3271.3,1026.5419999999988
3271.4,1026.0963999999997
3271.5,1024.7551999999987
3271.6,1027.0904000000023
3271.7,1026.8228237623782
3271.8,1020.0758415841368
3271.9,1021.1264999999987
3272.0,1027.4604999999926
3272.1,1014.6040000000157
3272.2,1027.0294999999842
3272.3,1021.9534999999793
3272.4,1030.0589108911022
3272.5,1031.6240000000016
3272.6,1040.384999999973
3272.7,1043.656599999991
3272.8,1045.6254000000026
3272.9,1040.156399999992
3273.0,1038.1455999999976
3273.1,1042.6003960396015
3273.2,1036.6160000000045
3273.3,1041.0783000000206
3273.4,1039.2366000000009
3273.5,1040.9206999999985
3273.6,1047.3281999999954
3273.7,1039.606700000006
3273.8,1039.7818811881205
3273.9,1036.4735999999934
3274.0,1040.3752000000084
3274.1,1040.9055999999996
3274.2,1042.263199999996
3274.3,1046.5476000000083
3274.4,1048.2532000000026
3274.5,1047.340693069307
3274.6,1040.5697000000016
3274.7,1045.2243999999987
3274.8,1044.5396999999998
3274.9,1045.9942999999996
3275.0,1063.0759999999957
3275.1,1081.265148514814
3275.2,1083.089
3275.3,1073.576999999976
3275.4,1086.5510000000354
3275.5,1071.5680000000334
3275.6,1087.6219999999548
3275.7,1085.8758019801985
3275.8,1075.4967831683086
3275.9,1092.8888000000047
3276.0,1052.229699999989
3276.1,1045.6383999999998
3276.2,1044.0648999999996
3276.3,1045.2428000000011
3276.4,1043.613433663361
3276.5,1049.7582653465256
3276.6,1051.2987999999987
3276.7,1049.3044000000043
3276.8,1054.3352000000166
3276.9,1052.9831999999935
3277.0,1049.0318811881148
3277.1,1046.2627999999984
3277.2,1045.8952000000002
3277.3,1047.8040000000015
3277.4,1044.514299999997
3277.5,1042.866399999999
3277.6,1038.6589792079255
3277.7,1035.317881188123
3277.8,1036.4108000000058
3277.9,1033.5898000000027
3278.0,1038.0521999999921
3278.1,1033.6140000000082
3278.2,1038.8659999999902
3278.3,1044.670891089117
3278.4,1049.4540000000054
3278.5,1042.1854999999894
3278.6,1045.837500000007
3278.7,1049.8606930693047
3278.8,1050.6180000000008
3278.9,1050.5324
3279.0,1047.838800000003
3279.1,1049.4299999999978
3279.2,1032.9717821782704
3279.3,1022.4717999999864
3279.4,1017.1936999999926
3279.5,1023.2990000000132
3279.6,1024.4457970297033
3279.7,1023.0126673267334
3279.8,1020.4139999999991
3279.9,1023.591799999998
3280.0,1025.8103999999992
3280.1,1024.471800000001
3280.2,1029.7688118811734
3280.3,1033.032100000005
3280.4,1032.4531999999974
3280.5,1032.3234000000004
3280.6,1030.8272000000031
3280.7,1028.5017000000062
3280.8,1026.9573267326728
3280.9,1027.482
3281.0,1031.44
3281.1,1032.276
3281.2,1031.418
3281.3,1029.9779999999985
3281.4,1030.8343564356464
3281.5,1035.2558999999944
3281.6,1037.874699999996
3281.7,1043.3438999999871
3281.8,1044.2475999999986
3281.9,1045.1728000000032
3282.0,1043.0326000000034
3282.1,1043.4459405940593
3282.2,1042.5466000000047
3282.3,1044.6436000000015
3282.4,1050.236200000003
3282.5,1037.7515999999919
3282.6,1047.302800000008
3282.7,1031.9706930693346
3282.8,1022.0410999999835
3282.9,1016.9176999999852
3283.0,1012.6130000000021
3283.1,1007.0115000000096
3283.2,998.0047000000156
3283.3,1001.0738000000206
3283.4,992.5215524752289
3283.5,986.6788594059362
3283.6,984.6391999999985
3283.7,987.512799999989
3283.8,989.4748000000011
3283.9,987.8395999999977
3284.0,989.4264000000026
3284.1,990.6520000000007
3284.2,990.8959999999997
3284.3,995.5025742574426
3284.4,993.9274999999999
3284.5,995.8774999999955
3284.6,991.9275000000075
3284.7,993.4224999999954
3284.8,994.3574999999994
3284.9,995.827425742578
3285.0,1000.5014000000076
3285.1,1006.0373999999889
3285.2,1006.8928000000025
3285.3,1003.522799999994
3285.4,1003.3999881188118
3285.5,1002.7012326732684
3285.6,1002.8793999999995
3285.7,1003.2870999999998
3285.8,1005.4040000000015
3285.9,1003.8326732673231
3286.0,1005.3304000000061
3286.1,1002.9768000000066
3286.2,1004.090399999991
3286.3,1005.3800000000009
3286.4,1006.7008000000029
3286.5,1006.2095999999976
3286.6,1006.7097029702975
3286.7,1010.5389999999989
3286.8,1006.6349999999918
3286.9,1002.5004000000006
3287.0,999.4990000000007
3287.1,1002.2065188118728
3287.2,999.3549405940736
3287.3,999.0690000000052
3287.4,996.1799999999882
3287.5,993.9080000000009
3287.6,989.3200000000138
3287.7,986.1880000000042
3287.8,989.9200990099062
3287.9,989.3083999999992
3288.0,983.6535999999984
3288.1,982.8413000000004
3288.2,985.8946999999896
3288.3,981.4309999999982
3288.4,985.178300000002
3288.5,992.6082178217744
3288.6,993.9816000000021
3288.7,992.3960000000033
3288.8,995.553200000015
3288.9,998.4524000000046
3289.0,998.6092000000001
3289.1,999.0426732673266
3289.2,999.2596000000003
3289.3,998.6102999999994
3289.4,998.2966
3289.5,993.4659999999951
3289.6,990.3462999999992
3289.7,992.077431683166
3289.8,995.0018059406029
3289.9,995.5969999999999
3290.0,992.466400000006
3290.1,994.6657999999924
3290.2,992.6398000000082
3290.3,989.0407029702924
3290.4,987.3789356435631
3290.5,988.4185000000025
3290.6,988.9730000000008
3290.7,982.6780000000324
3290.8,984.9045000000098
3290.9,985.6604999999961
3291.0,983.5010891089111
3291.1,981.2356000000025
3291.2,987.0311999999905
3291.3,992.8368000000114
3291.4,988.0783999999934
3291.5,994.7027999999859
3291.6,1004.2692792079072
3291.7,1002.756155445562
3291.8,1005.3143000000122
3291.9,1011.0784000000075
3292.0,1006.3839999999838
3292.1,1000.7389000000038
3292.2,1002.546732673261
3292.3,1005.688800000003
3292.4,1006.1680000000003
3292.5,1006.9753999999992
3292.6,1008.4035999999994
3292.7,1007.0362000000014
3292.8,1006.5752475247555
3292.9,1011.3005000000144
3293.0,1014.2756999999997
3293.1,1014.6822999999989
3293.2,1016.4725999999933
3293.3,1013.343699999986
3293.4,1008.6242999999931
3293.5,1004.8142544554411
3293.6,1002.7319603960397
3293.7,998.4019999999999
3293.8,996.8500000000033
3293.9,993.4159999999999
3294.0,989.7860000000001
3294.1,987.0999999999999
3294.2,985.9139999999999
3294.3,993.1036633663756
3294.4,995.6266999999903
3294.5,992.1933000000006
3294.6,996.9869999999789
3294.7,1004.2602999999893
3294.8,1003.5538999999881
3294.9,1007.041600000023
3295.0,1013.7858415841649
3295.1,1015.0315999999993
3295.2,1013.2210000000046
3295.3,1007.7373999999963
3295.4,1003.5895999999993
3295.5,999.9434653465385
3295.6,1001.3293999999898
3295.7,1004.802499999998
3295.8,1002.1023999999833
3295.9,1000.929801980202
3296.0,1003.8868000000033
3296.1,1000.1815999999915
3296.2,997.8027999999948
3296.3,1000.1563960396079
3296.4,1000.6534653465344
3296.5,1000.2000000000004
3296.6,998.4635000000033
3296.7,994.4400000000057
3296.8,991.694999999997
3296.9,989.4034999999969
3297.0,990.0218811881197
3297.1,993.5687999999965
3297.2,992.155600000017
3297.3,995.6732000000152
3297.4,998.6639999999946
3297.5,1007.162400000026
3297.6,1023.916599999984
3297.7,1031.5029999999954
3297.8,1034.2658415841593
3297.9,1039.5720999999955
3298.0,1039.5171000000041
3298.1,1032.908700000005
3298.2,1028.1897000000017
3298.3,1032.2994000000144
3298.4,1037.100198019802
3298.5,1023.6955999999527
3298.6,1007.2208000000041
3298.7,1000.9252000000137
3298.8,998.4263089108907
3298.9,998.228097029703
3299.0,998.0994000000001
3299.1,998.5493999999998
3299.2,997.9441000000005
3299.3,997.5473000000025
3299.4,998.3795
3299.5,999.2059405940579
3299.6,998.6000000000055
3299.7,999.6899999999896
3299.8,1000.9049999999951
3299.9,1000.1900000000016
3300.0,998.6600000000001
3300.1,996.9630693069303
3300.2,996.2486000000038
3300.3,995.2657
3300.4,994.1715999999994
3300.5,993.3297000000001
3300.6,993.0364999999997
3300.7,996.77267326732
3300.8,1001.9840000000036
3300.9,1001.6615999999989
3301.0,1001.0551999999982
3301.1,999.7700000000069
3301.2,1000.1287999999913
3301.3,1000.1339999999858
3301.4,1000.2054455445647
3301.5,1003.0443999999998
3301.6,1003.0532000000005
3301.7,1000.4736000000089
3301.8,999.5424000000033
3301.9,999.9954455445557
3302.0,997.2256000000009
3302.1,1000.26099999999
3302.2,1002.3670000000054
3302.3,998.6711999999897
3302.4,996.8590099009899
3302.5,998.1195000000032
3302.6,997.1370000000052
3302.7,996.1399999999836
3302.8,997.5514999999968
3302.9,996.5313663366348
3303.0,995.453885148514
3303.1,996.5963999999933
3303.2,1000.4128000000005
3303.3,1000.4164000000013
3303.4,1001.3397544554448
3303.5,1000.4021217821776
3303.6,998.7195999999997
3303.7,1000.1877999999928
3303.8,1002.415600000003
3303.9,1000.2763999999879
3304.0,986.2375999999639
3304.1,970.6107920792035
3304.2,990.4395999999747
3304.3,1027.0332000000217
3304.4,1029.172800000004
3304.5,1005.6028000000201
3304.6,994.2951999999844
3304.7,1014.0957425742572
3304.8,1011.7649277227539
3304.9,1001.8891999999674
3305.0,986.3289999999972
3305.1,980.0767999999838
3305.2,985.2037999999922
3305.3,984.0951999999851
3305.4,984.7484158415989
3305.5,992.9300000000001
3305.6,995.476
3305.7,996.9480000000011
3305.8,996.844
3305.9,998.1587128712869
3306.0,1000.3057188118795
3306.1,1003.2624999999903
3306.2,1005.3410000000043
3306.3,1002.9328999999927
3306.4,1001.3065000000008
3306.5,1001.3990999999997
3306.6,999.5959405940678
3306.7,997.8398891089048
3306.8,1000.9904000000023
3306.9,1004.2274000000002
3307.0,1002.7245999999981
3307.1,1000.1730000000002
3307.2,1001.3057999999969
3307.3,1002.8950752475249
3307.4,999.5927930693086
3307.5,994.3605999999978
3307.6,994.4382000000035
3307.7,990.9514000000092
3307.8,990.1738000000229
3307.9,994.8131999999991
3308.0,994.0843633663379
3308.1,992.1860000000074
3308.2,989.6232000000023
3308.3,988.7123999999988
3308.4,986.0099999999954
3308.5,984.5884000000044
3308.6,987.9839999999996
3308.7,988.2272000000016
3308.8,984.74059405939
3308.9,981.5970000000135
3309.0,984.3970000000066
3309.1,977.7980000000092
3309.2,976.6114999999867
3309.3,987.0660000000278
3309.4,991.3823762376161
3309.5,990.036800000002
3309.6,993.5423999999987
3309.7,996.3464000000192
3309.8,991.6731999999973
3309.9,991.5606000000049
3310.0,998.6220000000187
3310.1,1008.3640158415843
3310.2,1008.5963673267397
3310.3,1007.4483000000059
3310.4,1014.6739999999886
3310.5,1020.9503000000103
3310.6,1011.6781999999982
3310.7,1019.0922999999882
3310.8,1028.9706999999876
3310.9,1027.2157999999963
3311.0,1028.2927722772379
3311.1,1026.6867999999706
3311.2,1031.4716000000215
3311.3,1026.289600000001
3311.4,1027.0596000000023
3311.5,1027.8467999999998
3311.6,1029.7991405940418
3311.7,1032.7214940594147
3311.8,1029.9685000000068
3311.9,1031.1405000000004
3312.0,1030.3352999999997
3312.1,1031.3093999999996
3312.2,1030.8832673267373
3312.3,1028.53000000001
3312.4,1030.7219999999932
3312.5,1028.2119999999986
3312.6,1026.5660000000048
3312.7,1019.3684158416394
3312.8,1009.0686000000027
3312.9,1015.1276999999984
3313.0,1014.2897000000032
3313.1,1022.3268999999985
3313.2,1018.3185752475562
3313.3,1021.7401227723999
3313.4,1025.5271999999898
3313.5,1024.4335999999744
3313.6,1033.06560000001
3313.7,1031.6735999999833
3313.8,1037.7611999999954
3313.9,1035.4827999999945
3314.0,1033.5551485148485
3314.1,1034.2215999999967
3314.2,1031.666799999998
3314.3,1033.5708999999977
3314.4,1030.6323999999988
3314.5,1029.7919801980202
3314.6,1030.4232000000043
3314.7,1030.0875999999894
3314.8,1036.2590000000055
3314.9,1037.7582000000023
3315.0,1039.2051999999965
3315.1,1041.3429999999985
3315.2,1041.579405940598
3315.3,1039.9374999999995
3315.4,1041.5600000000086
3315.5,1047.615000000002
3315.6,1049.4675
3315.7,1048.895000000029
3315.8,1042.3349999999991
3315.9,1040.334455445541
3316.0,1034.7832000000044
3316.1,1030.4192000000028
3316.2,1030.6695999999906
3316.3,1038.6364000000017
3316.4,1041.4711999999909
3316.5,1043.3784000000212
3316.6,1028.4130693069146
3316.7,1039.876799999967
3316.8,1045.3810999999787
3316.9,1038.952300000027
3317.0,1050.9413999999974
3317.1,1048.6099999999824
3317.2,1052.5170000000091
3317.3,1050.0811762376234
3317.4,1050.0247504950491
3317.5,1050.0128000000009
3317.6,1048.0988000000011
3317.7,1045.9028000000005
3317.8,1046.1432000000173
3317.9,1050.8808356435645
3318.0,1051.7924970297008
3318.1,1048.7931000000121
3318.2,1045.8350999999893
3318.3,1048.7863999999956
3318.4,1046.1307999999908
3318.5,1044.3282000000092
3318.6,1050.8498000000016
3318.7,1050.5325742574232
3318.8,1050.244
3318.9,1045.9859999999999
3319.0,1047.252
3319.1,1069.534
3319.2,1105.8500000000101
3319.3,1101.0729702970398
3319.4,1115.0812999999775
3319.5,1106.8479999999688
3319.6,1117.6096000000166
3319.7,1110.9487000000006
3319.8,1112.930200000029
3319.9,1115.3388999999402
3320.0,1088.5421999999685
3320.1,1091.6467326733448
3320.2,1050.6392000000014
3320.3,1048.0044000000007
3320.4,1048.0003999999967
3320.5,1042.1142
3320.6,1042.2105999999999
3320.7,1042.3269999999993
3320.8,1043.6995425742555
3320.9,1041.3960861386072
3321.0,1039.266599999997
3321.1,1041.120799999998
3321.2,1041.6910000000044
3321.3,1038.4418999999825
3321.4,1034.0438356435723
3321.5,1036.9029148514862
3321.6,1037.8787999999995
3321.7,1035.0972000000095
3321.8,1033.1876000000016
3321.9,1035.1768000000036
3322.0,1038.9456000000023
3322.1,1041.0552
3322.2,1041.3143920791895
3322.3,1046.053995049503
3322.4,1045.6294999999982
3322.5,1046.0375000000067
3322.6,1041.4149999999968
3322.7,1043.7315000000012
3322.8,1043.6010000000128
3322.9,1047.2438613861405
3323.0,1045.0005999999996
3323.1,1044.9670000000008
3323.2,1045.8979999999992
3323.3,1045.9831999999992
3323.4,1045.6040000000014
3323.5,1045.8122138613803
3323.6,1040.4436574257443
3323.7,1034.2404000000054
3323.8,1028.6890000000337
3323.9,1035.928800000009
3324.0,1022.8565000000082
3324.1,1015.3615999999847
3324.2,1031.7011881188344
3324.3,1010.5347999999951
3324.4,1008.3120000000025
3324.5,1009.6608000000018
3324.6,1010.8220000000005
3324.7,1010.5640000000028
3324.8,1009.252399999994
3324.9,1006.5156000000017
3325.0,1006.9620792079164
3325.1,1003.2397000000026
3325.2,993.2674999999969
3325.3,996.2052000000018
3325.4,989.3546000000001
3325.5,989.0595000000003
3325.6,988.5005999999983
3325.7,994.9875247524759
3325.8,993.2889999999898
3325.9,989.4670000000054
3326.0,991.5399999999989
3326.1,990.7220000000063
3326.2,988.9109999999843
3326.3,995.4993069307006
3326.4,998.5179999999991
3326.5,996.2057000000028
3326.6,1007.3696999999989
3326.7,1003.4142999999995
3326.8,1006.2297999999995
3326.9,1004.9520000000008
3327.0,1008.1912999999995
3327.1,1005.9407920792079
3327.2,1006.0487999999884
3327.3,1011.8799999999994
3327.4,1011.6804000000009
3327.5,1011.6580000000084
3327.6,1007.425599999999
3327.7,1007.6036000000079
3327.8,1003.8048000000063
3327.9,1005.6400990098916
3328.0,1002.1033999999984
3328.1,999.7674999999994
3328.2,997.6353000000278
3328.3,990.8116999999988
3328.4,988.775761386135
3328.5,982.237417821791
3328.6,977.5813999999914
3328.7,983.5997999999954
3328.8,986.2991999999771
3328.9,980.0905940594334
3329.0,989.0285000000086
3329.1,996.2550000000007
3329.2,996.8860000000024
3329.3,996.4285000000044
3329.4,999.9411881188105
3329.5,998.575200000001
3329.6,997.6915999999957
3329.7,1002.3251999999991
3329.8,1003.0321782178096
3329.9,999.765900000004
3330.0,1002.2644000000021
3330.1,1003.6274000000071
3330.2,1001.3582999999924
3330.3,1004.1306000000128
3330.4,1011.9147495049508
3330.5,1012.036817821783
3330.6,1010.4441999999999
3330.7,1010.6707999999995
3330.8,1011.6511999999922
3330.9,1009.5902000000036
3331.0,1001.7314000000007
3331.1,1000.25079207921
3331.2,996.3249000000013
3331.3,995.7783999999914
3331.4,991.6304999999938
3331.5,988.705199999999
3331.6,988.1972000000081
3331.7,985.0284999999805
3331.8,992.8794059406102
3331.9,1000.82
3332.0,1001.97
3332.1,1014.2
3332.2,1017.3399999999999
3332.3,1004.33
3332.4,1014.8844554455707
3332.5,1017.1184999999957
3332.6,1009.0418000000168
3332.7,1020.523199999976
3332.8,1007.156199999966
3332.9,1008.5792009900999
3333.0,1004.0431980197999
3333.1,1008.7030000000022
3333.2,1006.6734000000087
3333.3,1003.9101603960323
3333.4,1007.9040504950618
3333.5,1015.8481999999882
3333.6,1013.0927000000049
3333.7,1015.2891999999963
3333.8,1018.65800000001
3333.9,1013.6771999999846
3334.0,1010.4169603960368
3334.1,1009.1860792079198
3334.2,1007.1720000000071
3334.3,1005.045199999998
3334.4,998.7391999999941
3334.5,997.7887999999992
3334.6,997.7888
3334.7,988.5285663366445
3334.8,993.7501138614066
3334.9,1003.9109999999906
3335.0,1003.6605000000009
3335.1,1005.0069999999984
3335.2,1013.0789999999905
3335.3,1015.4940594059436
3335.4,1015.62
3335.5,1018.2520000000038
3335.6,1019.2565999999974
3335.7,1020.6635999999954
3335.8,1016.2661999999934
3335.9,1017.991600000003
3336.0,1012.1170297029738
3336.1,1009.7914000000013
3336.2,1010.4776999999995
3336.3,1008.0940999999898
3336.4,1005.2130000000011
3336.5,1009.213599999997
3336.6,1014.5483168316692
3336.7,1009.5244000000163
3336.8,1007.2927999999965
3336.9,1009.210000000004
3337.0,1009.4820000000002
3337.1,1006.9140000000067
3337.2,1005.0248000000049
3337.3,1003.3223762376239
3337.4,1001.2863000000006
3337.5,989.6431000000027
3337.6,989.7475999999997
3337.7,985.2563000000011
3337.8,984.6908
3337.9,990.1129702970418
3338.0,990.1610000000012
3338.1,987.0400000000078
3338.2,988.0229999999967
3338.3,992.526000000011
3338.4,987.3129999999855
3338.5,950.0918811881005
3338.6,956.7005000000028
3338.7,971.3221000000034
3338.8,956.2902999999865
3338.9,940.7108999999965
3339.0,967.1373000000071
3339.1,977.3601653466076
3339.2,968.4302811881503
3339.3,981.8212000000457
3339.4,983.2579999999982
3339.5,1003.3231999999708
3339.6,1006.7651999999986
3339.7,1009.4031999999947
3339.8,1011.5892000000057
3339.9,1011.0906930693061
3340.0,1007.8914999999974
3340.1,1008.3696000000007
3340.2,1007.222400000005
3340.3,1004.7070999999981
3340.4,1003.6019801980207
3340.5,1003.8927999999994
3340.6,999.2730000000075
3340.7,999.077599999999
3340.8,1001.0362000000069
3340.9,998.889000000002
3341.0,999.5735999999982
3341.1,1004.2117821782217
3341.2,1001.1990000000122
3341.3,1003.7005000000042
3341.4,1011.9610000000104
3341.5,1013.5580000000002
3341.6,1016.4560000000039
3341.7,1018.1550495049496
3341.8,1016.1623999999904
3341.9,1013.9004000000003
3342.0,1008.3924000000055
3342.1,1008.1911999999991
3342.2,1007.0380000000014
3342.3,1001.3923762376114
3342.4,1000.9474000000012
3342.5,998.8140999999956
3342.6,996.2999000000053
3342.7,992.775800000011
3342.8,997.5848000000103
3342.9,996.7169574257389
3343.0,990.9190198019808
3343.1,994.4485999999973
3343.2,999.6947999999977
3343.3,998.315799999999
3343.4,994.5054000000018
3343.5,997.1419999999982
3343.6,996.6695663366366
3343.7,993.8790564356514
3343.8,997.3886000000103
3343.9,998.722600000001
3344.0,995.0272999999904
3344.1,997.2017999999939
3344.2,996.8373267326739
3344.3,997.490000000001
3344.4,995.528
3344.5,996.596
3344.6,995.28
3344.7,992.9219999999999
3344.8,997.1055841584327
3344.9,996.0933435643497
3345.0,1016.5455999999708
3345.1,1015.938500000016
3345.2,1014.8271999999986
3345.3,1017.3087128712898
3345.4,1026.337200000005
3345.5,1023.4739999999969
3345.6,1015.7365999999963
3345.7,1015.6001999999935
3345.8,1017.5609980196997
3345.9,1012.4296069306474
3346.0,998.3722000000089
3346.1,993.235500000003
3346.2,991.2854000000032
3346.3,986.7817821782105
3346.4,980.8535999999945
3346.5,985.1332000000068
3346.6,988.8728000000024
3346.7,984.9352000000152
3346.8,991.2368000000092
3346.9,994.2804000000008
3347.0,993.6044277227713
3347.1,994.8347772277216
3347.2,997.7824999999963
3347.3,998.2999999999986
3347.4,993.805
3347.5,996.1724999999942
3347.6,1001.7549999999935
3347.7,1001.7345544554507
3347.8,997.4707999999931
3347.9,1001.5594000000099
3348.0,1001.8615999999971
3348.1,999.2058000000056
3348.2,1002.6657999999819
3348.3,1004.8373584158433
3348.4,1006.4206851485145
3348.5,1005.9829000000009
3348.6,1005.9538999999997
3348.7,1004.6976000000012
3348.8,1002.0656999999983
3348.9,1006.0906999999954
3349.0,1006.3883168316809
3349.1,1004.6464000000024
3349.2,1009.6331999999793
3349.3,1008.9275999999928
3349.4,1009.1836000000034
3349.5,1008.2699999999963
3349.6,1005.1324000000052
3349.7,1000.9078217821824
3349.8,996.5569999999954
3349.9,994.4864000000003
3350.0,992.4815000000004
3350.1,991.1321782178235
3350.2,983.9760000000223
3350.3,986.9450000000191
3350.4,986.4349999999902
3350.5,980.1390000000065
3350.6,985.2239999999765
3350.7,994.7459999999792
3350.8,982.6792673266814
3350.9,935.674069306881
3351.0,887.3137999999899
3351.1,843.2647999999899
3351.2,792.0157000001585
3351.3,734.5924999999867
3351.4,686.1165999999901
3351.5,638.2249504951077
3351.6,579.337200000115
3351.7,527.0276000000858
3351.8,487.8715999999035
3351.9,474.16999999999047
3352.0,472.75760000000014
3352.1,472.35480000000075
3352.2,472.04828316831765
3352.3,471.69869999999975
3352.4,471.37569999999977
3352.5,471.15269999999987
3352.6,470.8554999999998
3352.7,470.5926000000005
3352.8,470.4127999999999
3352.9,470.15899999999976
3353.0,469.9598316831683
3353.1,469.8173643564358
3353.2,469.6116000000003
3353.3,469.4903999999998
3353.4,469.38419999999996
3353.5,469.13540000000046
3353.6,469.03000000000003
3353.7,468.9376000000002
3353.8,468.818118811881
3353.9,468.793
3354.0,468.7349999999999
3354.1,468.6220000000002
3354.2,468.6059999999999
3354.3,468.56799999999987
3354.4,468.51399999999995
3354.5,468.5064356435644
3354.6,468.4332000000001
3354.7,468.39
3354.8,468.42840000000024
3354.9,468.3667999999999
3355.0,468.33279999999996
3355.1,468.3911999999999
3355.2,468.36930693069326
3355.3,468.35890000000006
3355.4,468.3258999999999
3355.5,468.2558999999999
3355.6,468.23
3355.7,468.1859000000002
3355.8,468.08477425742564
3355.9,468.0459366336633
3356.0,468.02520000000004
3356.1,467.96040000000005
3356.2,467.93
3356.3,467.9051999999999
3356.4,467.89
3356.5,467.87772277227725
3356.6,467.8456000000001
3356.7,467.87269999999984
3356.8,467.8816999999999
3356.9,467.8460227722772
3357.0,467.8478415841584
3357.1,467.872
3357.2,467.826
3357.3,467.82600000000014
3357.4,467.82
3357.5,467.77
3357.6,467.77970297029697
3357.7,467.75870000000015
3357.8,467.7772000000002
3357.9,467.83950000000016
3358.0,467.81280000000004
3358.1,467.83309999999983
3358.2,467.88769999999994
3358.3,467.88831683168314
3358.4,467.9322
3358.5,468.03380000000004
3358.6,468.05679999999995
3358.7,468.1211999999997
3358.8,468.1568
3358.9,468.1168
3359.0,468.1344554455445
3359.1,468.1315000000001
3359.2,468.1270999999999
3359.3,468.1628000000001
3359.4,468.1287
3359.5,468.07290000000006
3359.6,468.0995613861386
3359.7,468.0568950495052
3359.8,468.0560000000001
3359.9,468.1168
3360.0,468.0627999999999
3360.1,468.0660000000001
3360.2,468.1096673267328
3360.3,468.0215099009897
3360.4,468.0105000000001
3360.5,468.0545
3360.6,467.98950000000013
3360.7,467.9894999999999
3360.8,468.0134999999999
3360.9,467.98910891089105
3361.0,468.00160000000005
3361.1,467.99840000000006
3361.2,467.98539999999997
3361.3,468.0656000000002
3361.4,468.0444554455445
3361.5,467.9753
3361.6,468.00649999999996
3361.7,467.9770000000001
3361.8,467.93
3361.9,467.9459
3362.0,467.9022772277227
3362.1,467.8448
3362.2,467.84000000000003
3362.3,467.79319999999984
3362.4,467.77080000000007
3362.5,467.779702970297
3362.6,467.7139
3362.7,467.6651
3362.8,467.6138999999998
3362.9,467.5294
3363.0,467.5204
3363.1,467.47460891089133
3363.2,467.4099504950495
3363.3,467.40999999999997
3363.4,467.32999999999964
3363.5,467.265
3363.6,467.28
3363.7,467.22500000000025
3363.8,467.22000000000025
3363.9,467.270099009901
3364.0,467.2701514851486
3364.1,467.2847
3364.2,467.3049
3364.3,467.3394
3364.4,467.3896
3364.5,467.3757
3364.6,467.36940000000004
3364.7,467.4485148514851
3364.8,467.4471999999997
3364.9,467.41880000000003
3365.0,467.46439999999996
3365.1,467.46560000000005
3365.2,467.49319999999983
3365.3,467.5544000000001
3365.4,467.5412
3365.5,467.58603960396033
3365.6,467.64649999999995
3365.7,467.61060000000003
3365.8,467.6423000000001
3365.9,467.68059999999997
3366.0,467.67470000000003
3366.1,467.71760000000006
3366.2,467.7134653465347
3366.3,467.6784000000001
3366.4,467.7414000000001
3366.5,467.72100000000023
3366.6,467.67219999999986
3366.7,467.7192
3366.8,467.68445544554436
3366.9,467.6615000000001
3367.0,467.71350000000007
3367.1,467.6850000000001
3367.2,467.6704999999997
3367.3,467.69749999999993
3367.4,467.64326732673265
3367.5,467.6495999999999
3367.6,467.68240000000003
3367.7,467.6512
3367.8,467.6708000000001
3367.9,467.6704000000001
3368.0,467.60240000000005
3368.1,467.6061386138613
3368.2,467.59700000000026
3368.3,467.57440000000014
3368.4,467.65010000000007
3368.5,467.62979999999976
3368.6,467.58869999999996
3368.7,467.6571999999999
3368.8,467.6501980198019
3368.9,467.6436
3369.0,467.6984
3369.1,467.67640000000006
3369.2,467.6468
3369.3,467.6279999999998
3369.4,467.56579999999997
3369.5,467.589108910891
3369.6,467.61360000000013
3369.7,467.59409999999997
3369.8,467.6082
3369.9,467.59539999999987
3370.0,467.57640000000004
3370.1,467.6327999999998
3370.2,467.6597029702972
3370.3,467.66999999999996
3370.4,467.71
3370.5,467.672
3370.6,467.692
3370.7,467.7241584158416
3370.8,467.7078
3370.9,467.72780000000006
3371.0,467.73220000000003
3371.1,467.6966000000001
3371.2,467.67169999999993
3371.3,467.66659999999985
3371.4,467.6415841584159
3371.5,467.65239999999994
3371.6,467.602
3371.7,467.5817999999999
3371.8,467.65
3371.9,467.6196
3372.0,467.5888118811881
3372.1,467.61260000000004
3372.2,467.58520000000004
3372.3,467.5933000000002
3372.4,467.60929999999985
3372.5,467.5621999999999
3372.6,467.6036633663366
3372.7,467.58480000000026
3372.8,467.5760000000001
3372.9,467.6436
3373.0,467.62839999999994
3373.1,467.62239999999997
3373.2,467.68359999999996
3373.3,467.6472277227721
3373.4,467.60850000000016
3373.5,467.66600000000005
3373.6,467.60500000000013
3373.7,467.5609999999999
3373.8,467.5826732673266
3373.9,467.54319999999996
3374.0,467.5470000000001
3374.1,467.546
3374.2,467.5037999999998
3374.3,467.59420000000017
3374.4,467.6255999999998
3374.5,467.56039603960403
3374.6,467.6466
3374.7,467.6204000000001
3374.8,467.55320000000006
3374.9,467.5701
3375.0,467.5137000000001
3375.1,467.4663999999999
3375.2,467.49379603960404
3375.3,467.4108633663364
3375.4,467.3788000000002
3375.5,467.39519999999993
3375.6,467.31919999999985
3375.7,467.37919999999986
3375.8,467.3879999999998
3375.9,467.33900990099016
3376.0,467.3893
3376.1,467.3945
3376.2,467.38789999999995
3376.3,467.4531
3376.4,467.4259
3376.5,467.3872
3376.6,467.4546534653466
3376.7,467.41400000000004
3376.8,467.4180000000001
3376.9,467.457
3377.0,467.46200000000005
3377.1,467.50799999999987
3377.2,467.51741584158447
3377.3,467.43688910891086
3377.4,467.4648
3377.5,467.52099999999996
3377.6,467.4732
3377.7,467.53
3377.8,467.49841584158406
3377.9,467.4396000000001
3378.0,467.48440000000005
3378.1,467.4560000000001
3378.2,467.4367999999999
3378.3,467.4688831683167
3378.4,467.4210999999999
3378.5,467.39970000000005
3378.6,467.4448999999999
3378.7,467.3608
3378.8,467.4060396039605
3378.9,467.41879999999975
3379.0,467.3274
3379.1,467.3122
3379.2,467.2588000000002
3379.3,467.1674257425742
3379.4,467.1449999999999
3379.5,467.0524999999998
3379.6,466.9175
3379.7,466.91250000000036
3379.8,466.8099999999999
3379.9,466.75750000000005
3380.0,466.77257425742573
3380.1,466.75239999999997
3380.2,466.7504
3380.3,466.7103999999999
3380.4,466.68719999999996
3380.5,466.72919999999993
3380.6,466.77560000000005
3380.7,466.7513861386137
3380.8,466.81539999999995
3380.9,466.79079999999993
3381.0,466.7807
3381.1,466.8408000000001
3381.2,466.82609999999977
3381.3,466.8892000000001
3381.4,466.9131683168316
3381.5,466.8856
3381.6,466.88539999999995
3381.7,466.9202
3381.8,466.86540000000025
3381.9,466.9376
3382.0,466.9802
3382.1,466.92302574257417
3382.2,466.967508910891
3382.3,466.9473999999999
3382.4,466.9273000000003
3382.5,467.0279
3382.6,467.0179
3382.7,467.02049999999986
3382.8,467.0516831683168
3382.9,467.02
3383.0,467.038
3383.1,467.1
3383.2,467.07399999999996
3383.3,467.15
3383.4,467.212
3383.5,467.1539207920792
3383.6,467.21339900990085
3383.7,467.22050000000013
3383.8,467.1876000000001
3383.9,467.21239999999995
3384.0,467.16670000000016
3384.1,467.1346999999997
3384.2,467.21910000000025
3384.3,467.12059405940585
3384.4,467.09800000000007
3384.5,467.1584
3384.6,467.0744
3384.7,467.15259999999995
3384.8,467.19559999999996
3384.9,467.139
3385.0,467.1926
3385.1,467.2321782178218
3385.2,467.1652999999999
3385.3,467.24170000000004
3385.4,467.2295999999998
3385.5,467.1554999999998
3385.6,467.27490000000006
3385.7,467.24320000000006
3385.8,467.22360000000026
3385.9,467.27993465346515
3386.0,467.2347168316832
3386.1,467.2728
3386.2,467.31760000000054
3386.3,467.2128000000001
3386.4,467.288
3386.5,467.31719999999996
3386.6,467.25945742574265
3386.7,467.31925247524737
3386.8,467.35049999999967
3386.9,467.25649999999985
3387.0,467.34999999999997
3387.1,467.3365000000001
3387.2,467.26899999999995
3387.3,467.3124999999999
3387.4,467.27148514851484
3387.5,467.28420000000006
3387.6,467.29599999999994
3387.7,467.21279999999996
3387.8,467.23
3387.9,467.21319999999986
3388.0,467.1156000000001
3388.1,467.1597029702971
3388.2,467.21350000000007
3388.3,467.17650000000015
3388.4,467.22649999999993
3388.5,467.2635
3388.6,467.2265
3388.7,467.2583000000001
3388.8,467.1787128712871
3388.9,467.1712
3389.0,467.1691999999999
3389.1,467.0816000000002
3389.2,467.0271999999998
3389.3,467.07039999999984
3389.4,467.0106930693071
3389.5,467.08889999999997
3389.6,467.0767
3389.7,467.0686999999999
3389.8,467.22769999999997
3389.9,467.2922
3390.0,467.3166
3390.1,467.3612653465347
3390.2,467.2802871287129
3390.3,467.20200000000006
3390.4,467.2019999999996
3390.5,467.03799999999995
3390.6,467.0150000000001
3390.7,466.95000000000044
3390.8,466.7690099009901
3390.9,466.7519
3391.0,466.661
3391.1,466.5781
3391.2,466.65819999999997
3391.3,466.6346
3391.4,466.58900000000006
3391.5,466.67641782178214
3391.6,466.6373267326733
3391.7,466.6139999999999
3391.8,466.6551999999998
3391.9,466.6016000000001
3392.0,466.6223999999999
3392.1,466.6404000000002
3392.2,466.5355999999999
3392.3,466.60237623762384
3392.4,466.62019999999995
3392.5,466.4956000000001
3392.6,466.5707
3392.7,466.5737000000003
3392.8,466.4991000000001
3392.9,466.6193
3393.0,466.6072277227722
3393.1,466.57599999999985
3393.2,466.6670000000001
3393.3,466.6206
3393.4,466.6336000000002
3393.5,466.68400000000014
3393.6,466.5917821782178
3393.7,466.6235940594057
3393.8,466.6819999999998
3393.9,466.53150000000005
3394.0,466.56250000000006
3394.1,466.6039999999999
3394.2,466.49399999999974
3394.3,466.5714851485149
3394.4,466.5984
3394.5,466.5623999999999
3394.6,466.6188
3394.7,466.58881584158416
3394.8,466.56159603960407
3394.9,466.6084999999999
3395.0,466.55969999999996
3395.1,466.55239999999975
3395.2,466.62613861386177
3395.3,466.5010000000002
3395.4,466.55039999999997
3395.5,466.5686
3395.6,466.501
3395.7,466.5496039603961
3395.8,466.5293999999999
3395.9,466.46979999999996
3396.0,466.4501
3396.1,466.4588000000003
3396.2,466.33990000000006
3396.3,466.3288999999998
3396.4,466.219900990099
3396.5,466.21
3396.6,466.21000000000004
3396.7,466.09000000000003
3396.8,466.09
3396.9,466.1
3397.0,466.0
3397.1,466.05
3397.2,466.059900990099
3397.3,466.0302999999999
3397.4,466.0597000000001
3397.5,466.03030000000007
3397.6,466.00030000000004
3397.7,466.0989999999998
3397.8,466.08039603960395
3397.9,466.13880000000006
3398.0,466.1694
3398.1,466.121
3398.2,466.20819999999964
3398.3,466.23940000000005
3398.4,466.23019999999997
3398.5,466.3464356435642
3398.6,466.32090000000005
3398.7,466.2909000000001
3398.8,466.3870000000003
3398.9,466.3608999999999
3399.0,466.40849999999995
3399.1,466.45801980198024
3399.2,466.4120039603962
3399.3,466.4868
3399.4,466.4323999999999
3399.5,466.5068000000001
3399.6,466.5676000000001
3399.7,466.4836000000003
3399.8,466.5465346534656
3399.9,466.6354999999999
3400.0,466.5640000000001
3400.1,466.58849999999995
3400.2,466.5995
3400.3,466.6190000000001
3400.4,466.67699999999996
3400.5,466.5858465346534
3400.6,466.57057623762375
3400.7,466.6357999999998
3400.8,466.5083999999998
3400.9,466.547
3401.0,466.58760000000007
3401.1,466.50540000000024
3401.2,466.5556554455445
3401.3,466.56
3401.4,500.4956999999867
3401.5,556.1250999999611
3401.6,617.9566999999577
3401.7,675.431599999961
3401.8,715.4675000001498
3401.9,780.2635772277017
3402.0,832.0851722773099
3402.1,889.2239999998635
3402.2,957.7799999998103
3402.3,1010.2048000000926
3402.4,1032.1280000000352
3402.5,1025.6596039603805
3402.6,1023.7575435643564
3402.7,1025.3234999999995
3402.8,1029.202800000001
3402.9,1028.1868000000004
3403.0,1024.473700000001
3403.1,1027.0501999999992
3403.2,1023.3396039604052
3403.3,1021.5769999999967
3403.4,1027.0820000000142
3403.5,1024.8210000000058
3403.6,1026.569999999995
3403.7,1025.675000000003
3403.8,1019.0925445544382
3403.9,1021.632834653467
3404.0,1020.8907999999997
3404.1,1024.8974000000012
3404.2,1024.6445999999999
3404.3,1011.5559999999894
3404.4,1010.7866000000001
3404.5,1009.4977227722796
3404.6,1020.8115999999762
3404.7,1011.5912000000224
3404.8,1034.7160000000763
3404.9,1030.8715999999777
3405.0,1032.6091999999962
3405.1,1033.6311999999987
3405.2,1024.2316831683556
3405.3,1043.318500000016
3405.4,1042.2909999999968
3405.5,1042.3847000000005
3405.6,1046.0483000000029
3405.7,1048.5374999999926
3405.8,1041.6437999999944
3405.9,1033.1448514851577
3406.0,1032.7239999999988
3406.1,1036.5049999999942
3406.2,1035.810000000002
3406.3,1037.3716000000065
3406.4,1039.6895999999983
3406.5,1039.8222000000003
3406.6,1039.8759999999997
3406.7,1038.5361386138661
3406.8,1038.7845000000007
3406.9,1041.7175000000038
3407.0,1042.2710000000002
3407.1,1044.6515000000031
3407.2,1046.2344999999964
3407.3,1047.5875000000015
3407.4,1058.2424752475176
3407.5,1081.562799999977
3407.6,1084.5128000000013
3407.7,1093.9263999999896
3407.8,1081.7151999999392
3407.9,1092.0599999999972
3408.0,1087.7276000000074
3408.1,1086.5048514851483
3408.2,1092.379799999979
3408.3,1075.5357999999653
3408.4,1071.8566
3408.5,1049.3337999999567
3408.6,1043.2260000000038
3408.7,1047.2442999999846
3408.8,1049.7900000000031
3408.9,1048.8480198019804
3409.0,1048.488
3409.1,1051.3645999999985
3409.2,1049.687600000001
3409.3,1046.2279999999987
3409.4,1049.8439999999975
3409.5,1052.1329999999994
3409.6,1052.8727999999999
3409.7,1050.3070297029772
3409.8,1046.8144999999927
3409.9,1050.5788000000111
3410.0,1047.5294999999896
3410.1,1047.4771999999982
3410.2,1051.4726999999882
3410.3,1055.049200000007
3410.4,1053.6429702970286
3410.5,1049.532
3410.6,1041.23
3410.7,1044.1799999999998
3410.8,1046.8760000000016
3410.9,1045.9826732673234
3411.0,1047.6012999999973
3411.1,1057.0627999999767
3411.2,1059.3136000000004
3411.3,1048.6423762376116
3411.4,1056.1320000000062
3411.5,1058.4871999999996
3411.6,1063.655200000003
3411.7,1053.7330000000452
3411.8,1047.7838613861304
3411.9,1047.0801000000004
3412.0,1044.8539000000017
3412.1,1045.2579999999978
3412.2,1045.5569
3412.3,1043.9261386138583
3412.4,1043.7392000000002
3412.5,1038.2235999999934
3412.6,1037.8332000000016
3412.7,1040.352399999993
3412.8,1040.2423999999992
3412.9,1043.8668198019768
3413.0,1040.3479207920866
3413.1,1033.530000000008
3413.2,1029.202500000004
3413.3,1031.625000000015
3413.4,1033.485
3413.5,1031.160000000004
3413.6,1032.5277227722693
3413.7,1033.6625999999983
3413.8,1037.3716000000065
3413.9,1038.8372000000004
3414.0,1041.4334000000047
3414.1,1044.3401999999944
3414.2,1047.166399999991
3414.3,1043.667821782179
3414.4,1041.4849000000006
3414.5,1044.1188999999972
3414.6,1044.6982000000005
3414.7,1040.8992000000035
3414.8,1036.1435999999976
3414.9,1035.4858999999994
3415.0,1034.6908910891073
3415.1,1029.9368000000088
3415.2,1019.2616000000342
3415.3,1009.8371999999852
3415.4,1015.6372000000205
3415.5,1007.9827999999727
3415.6,997.8544000000119
3415.7,1009.7004950494863
3415.8,1008.7543999999898
3415.9,1000.076000000002
3416.0,999.4362999999995
3416.1,1003.208799999999
3416.2,1005.4936999999998
3416.3,1002.9947999999956
3416.4,1004.2885148514904
3416.5,1006.9709999999978
3416.6,1007.0680000000019
3416.7,1006.9289999999995
3416.8,1004.3409999999915
3416.9,1002.2311782178202
3417.0,1000.2960148514848
3417.1,1001.4209000000006
3417.2,1002.0989000000005
3417.3,1004.9104000000009
3417.4,1007.5731000000004
3417.5,1011.364000000001
3417.6,1010.1871287128757
3417.7,1009.6259999999984
3417.8,1010.1000000000006
3417.9,1008.2759999999923
3418.0,1007.7471999999998
3418.1,1010.163999999994
3418.2,1011.913599999998
3418.3,1009.9912871287084
3418.4,1008.3706999999995
3418.5,1009.8319000000017
3418.6,1010.6934
3418.7,1008.4823000000079
3418.8,1006.8271999999995
3418.9,1010.2582178217784
3419.0,1013.5061999999972
3419.1,1013.1078000000023
3419.2,1014.0777999999968
3419.3,1011.5699999999842
3419.4,1008.2067999999995
3419.5,1006.412800000002
3419.6,1006.6161386138585
3419.7,1006.7330000000013
3419.8,1008.8555000000039
3419.9,1011.6235000000028
3420.0,1009.8859999999955
3420.1,1006.2315000000063
3420.2,1007.0249999999894
3420.3,1007.7560396039588
3420.4,1006.2927999999986
3420.5,1007.1159999999978
3420.6,1005.9704000000029
3420.7,1002.4528000000033
3420.8,995.8555999999702
3420.9,994.1544000000015
3421.0,991.1910891089069
3421.1,990.8150999999965
3421.2,990.0634000000084
3421.3,991.3699000000059
3421.4,988.8754999999902
3421.5,986.6441000000002
3421.6,989.695247524754
3421.7,990.3792000000008
3421.8,989.4629999999995
3421.9,992.0579999999981
3422.0,995.3109999999988
3422.1,990.4520000000042
3422.2,991.9887999999962
3422.3,996.5502970297094
3422.4,996.3702999999964
3422.5,994.7955000000011
3422.6,993.9677000000011
3422.7,994.0317999999991
3422.8,994.1861000000001
3422.9,992.3782999999939
3423.0,988.7920792079176
3423.1,990.98
3423.2,992.138
3423.3,989.6579999999952
3423.4,993.782
3423.5,991.5780000000001
3423.6,992.3939999999999
3423.7,1002.673762376223
3423.8,1008.8726000000054
3423.9,1005.7910999999832
3424.0,1011.5005999999973
3424.1,1014.5539000000099
3424.2,1013.5044999999968
3424.3,1010.0394999999826
3424.4,1004.2575247524687
3424.5,997.4487999999963
3424.6,994.2388000000001
3424.7,994.5929999999993
3424.8,991.7761999999977
3424.9,989.9954000000004
3425.0,992.8499009900958
3425.1,994.6104000000004
3425.2,992.677400000005
3425.3,993.3335000000104
3425.4,996.359100000001
3425.5,994.0130000000097
3425.6,995.2897029702958
3425.7,999.7055999999959
3425.8,1001.7900000000016
3425.9,1001.6415999999986
3426.0,1003.5240000000042
3426.1,1006.242000000001
3426.2,1007.8563999999968
3426.3,1008.4771287128704
3426.4,1008.5100000000002
3426.5,1009.2949999999987
3426.6,1009.8669999999998
3426.7,1011.6239999999966
3426.8,1012.3719999999961
3426.9,1013.5217821782248
3427.0,1010.4865999999888
3427.1,1008.2219999999969
3427.2,1005.6436000000228
3427.3,1004.0186000000042
3427.4,1006.7576000000033
3427.5,1004.2349999999908
3427.6,1001.2512594059397
3427.7,1000.2047346534669
3427.8,999.2695000000002
3427.9,996.8278000000032
3428.0,995.421499999999
3428.1,996.6747524752458
3428.2,998.5123999999928
3428.3,996.7123999999893
3428.4,994.8884000000036
3428.5,996.6316000000029
3428.6,996.5734455445554
3428.7,996.4992158415823
3428.8,996.9410999999992
3428.9,996.8724
3429.0,997.1532
3429.1,1004.0712871286962
3429.2,1008.8949009901073
3429.3,1008.3050000000055
3429.4,1010.4800000000043
3429.5,1010.7400000000001
3429.6,1005.0598019802084
3429.7,1002.1016999999913
3429.8,1004.2659
3429.9,998.1635999999971
3430.0,973.8230999999915
3430.1,980.1625000000117
3430.2,1006.6625999999985
3430.3,1005.089266336628
3430.4,1003.1268871287127
3430.5,1007.9631999999822
3430.6,1014.4431999999948
3430.7,1017.0911999999956
3430.8,1022.8720000000257
3430.9,1018.9951999999901
3431.0,1006.0647207920836
3431.1,1005.5501801980247
3431.2,1009.1560000000004
3431.3,1009.9947000000013
3431.4,1010.5523999999992
3431.5,1008.6968999999981
3431.6,1006.1642999999984
3431.7,1002.9096000000063
3431.8,1001.5506930693105
3431.9,1000.1681999999942
3432.0,998.8723999999953
3432.1,998.7750000000058
3432.2,999.4699999999912
3432.3,1000.8225999999851
3432.4,998.3928851485159
3432.5,998.5744356435644
3432.6,997.8705000000016
3432.7,995.9850000000072
3432.8,997.9440000000078
3432.9,1001.8895000000003
3433.0,1001.7179999999992
3433.1,1003.3969999999957
3433.2,1004.9218811881242
3433.3,1003.2075999999984
3433.4,1001.6448000000021
3433.5,1003.3539999999937
3433.6,1005.5752000000032
3433.7,1003.6915999999995
3433.8,1002.4113861386044
3433.9,1000.728000000001
3434.0,998.7479999999914
3434.1,993.9758000000014
3434.2,991.3129000000029
3434.3,990.6825999999998
3434.4,987.9827999999904
3434.5,985.2595049504962
3434.6,987.3051999999989
3434.7,985.4174000000038
3434.8,983.8092000000158
3434.9,989.8259999999981
3435.0,993.1725999999991
3435.1,993.8292000000005
3435.2,994.924399999998
3435.3,997.3634653465342
3435.4,997.5365000000013
3435.5,1000.285700000001
3435.6,1003.9441999999984
3435.7,1003.9861000000019
3435.8,1003.725000000001
3435.9,1005.0081000000049
3436.0,1004.9726732673224
3436.1,1003.252
3436.2,1003.874
3436.3,1002.5640000000001
3436.4,987.5179999999999
3436.5,964.866
3436.6,965.2120000000001
3436.7,972.9931089108445
3436.8,969.7299138612926
3436.9,966.9940000000215
3437.0,977.068200000009
3437.1,977.4245000000378
3437.2,968.3110999999888
3437.3,976.7144000000324
3437.4,991.4686702970737
3437.5,1002.0555148514844
3437.6,1001.5103999999995
3437.7,1000.1154000000028
3437.8,998.0707999999992
3437.9,992.6207999999949
3438.0,985.6964000000002
3438.1,984.7300000000009
3438.2,982.7105000000005
3438.3,985.5980000000249
3438.4,992.3219000000049
3438.5,994.6490000000005
3438.6,993.7681732673298
3438.7,994.1613306930593
3438.8,996.127599999998
3438.9,995.9276000000028
3439.0,998.7816000000021
3439.1,1002.7187999999951
3439.2,1004.8940000000222
3439.3,1001.6308000000016
3439.4,1003.0943564356437
3439.5,1002.787500000003
3439.6,998.4385000000086
3439.7,994.7734999999957
3439.8,997.9955000000073
3439.9,998.8304999999971
3440.0,999.349999999995
3440.1,1001.6500693069326
3440.2,1001.609784158411
3440.3,1001.0089428571329
3440.4,996.6284884488464
3440.5,997.5413999999973
3440.6,997.5478000000088
3440.7,1008.1433999999989
3440.8,1009.0806000000066
3440.9,1012.8695999999968
3441.0,1010.688910891088
3441.1,1008.9206000000045
3441.2,1003.6234999999987
3441.3,1004.685599999984
3441.4,1000.3919000000003
3441.5,999.7151000000018
3441.6,996.9721000000019
3441.7,994.1930316831701
3441.8,991.3372752475045
3441.9,985.5027999999867
3442.0,980.3204000000133
3442.1,990.0047999999883
3442.2,992.198400000036
3442.3,981.8237623762537
3442.4,990.7449000000003
3442.5,992.1277999999945
3442.6,1012.6318000000017
3442.7,1006.0347999999988
3442.8,1009.7893999999953
3442.9,1027.4419000000012
3443.0,1022.5204801980194
3443.1,1024.4868415841531
3443.2,1031.7079999999623
3443.3,1045.8689999999829
3443.4,1039.292000000006
3443.5,1041.6529999999984
3443.6,1040.4442574257512
3443.7,1036.7481999999995
3443.8,1038.5086
3443.9,1037.664299999999
3444.0,1033.2357999999997
3444.1,1031.7909999999995
3444.2,1029.679504950495
3444.3,1027.5523999999973
3444.4,1026.7184000000018
3444.5,1027.1324000000059
3444.6,1023.6749504950617
3444.7,1018.4890999999686
3444.8,1025.3611999999932
3444.9,1016.725900000005
3445.0,1023.6577000000008
3445.1,1024.3011881188088
3445.2,1018.8748000000046
3445.3,1016.2540000000315
3445.4,1026.1210000000272
3445.5,1034.8215564356456
3445.6,1034.0136138613718
3445.7,1042.9375000000095
3445.8,1040.5945000000083
3445.9,1047.169499999992
3446.0,1040.9355000000096
3446.1,1049.341500000006
3446.2,1055.2188118812032
3446.3,1050.54839999998
3446.4,1045.0971999999977
3446.5,1047.6240000000012
3446.6,1046.5351999999996
3446.7,1046.9182178217816
3446.8,1047.1511999999889
3446.9,1040.4675000000034
3447.0,1042.6812000000014
3447.1,1043.772199999992
3447.2,1046.5565346534531
3447.3,1050.4679999999555
3447.4,1039.6007999999997
3447.5,1040.1805999999988
3447.6,1042.6314000000004
3447.7,1041.2501999999995
3447.8,1042.2600000000039
3447.9,1043.3578217821757
3448.0,1049.1422999999904
3448.1,1044.3922000000068
3448.2,1041.60000000001
3448.3,1037.6402
3448.4,1037.7000000000082
3448.5,1041.6495049504929
3448.6,1040.6000000000001
3448.7,1044.9
3448.8,1048.28
3448.9,1042.65
3449.0,1040.3600000000001
3449.1,1052.46
3449.2,1060.876138613731
3449.3,1060.5254643564333
3449.4,1062.460400000005
3449.5,1057.7874000000095
3449.6,1055.769900000004
3449.7,1055.5421000000003
3449.8,1049.8078999999855
3449.9,1053.347326732675
3450.0,1052.4007999999994
3450.1,1052.8994000000002
3450.2,1047.7356000000211
3450.3,1053.4512000000027
3450.4,1053.4034
3450.5,1046.5205940594167
3450.6,1044.9999294117642
3450.7,1045.1162170563257
3450.8,1042.5064801980113
3450.9,1040.6835999999962
3451.0,1039.2173000000007
3451.1,1035.2972000000075
3451.2,1034.5687999999993
3451.3,1029.3954999999796
3451.4,1028.243195049505
3451.5,1031.602209900994
3451.6,1043.9820000000136
3451.7,1040.5552000000234
3451.8,1042.1096000000045
3451.9,1041.4455999999977
3452.0,1046.1800000000064
3452.1,1040.6855999999916
3452.2,1045.9137504950436
3452.3,1051.065198019814
3452.4,1050.28
3452.5,1051.8349999999969
3452.6,1041.7025000000165
3452.7,1036.770000000002
3452.8,1039.4800000000143
3452.9,1037.5149999999999
3453.0,1034.4234405940574
3453.1,1034.1362910891078
3453.2,1031.6556000000114
3453.3,1031.6254000000017
3453.4,1032.3988000000008
3453.5,1034.772600000004
3453.6,1032.3701980198025
3453.7,1031.5165999999997
3453.8,1029.0019999999981
3453.9,1032.315099999996
3454.0,1032.5641000000012
3454.1,1031.9167000000002
3454.2,1033.8612841584097
3454.3,1037.7839326732753
3454.4,1037.5339999999962
3454.5,1036.0527999999977
3454.6,1037.7375999999958
3454.7,1040.4379999999928
3454.8,1039.7471999999962
3454.9,1035.6826732673248
3455.0,1038.4305999999985
3455.1,1039.1289000000004
3455.2,1042.6391999999987
3455.3,1041.9466999999966
3455.4,1039.9947000000004
3455.5,1039.453465346535
3455.6,1039.5259999999996
3455.7,1037.1828181818212
3455.8,1040.9038415841844
3455.9,1042.6649415841498
3456.0,1038.6957000000007
3456.1,1031.0642000000196
3456.2,1016.7537000000359
3456.3,1018.2948514851678
3456.4,1017.4439999999944
3456.5,1011.8965999999997
3456.6,1011.4043999999999
3456.7,1011.2120000000001
3456.8,1004.2099999999946
3456.9,997.0065999999983
3457.0,997.4384158415817
3457.1,1000.9833999999943
3457.2,1001.6394000000025
3457.3,1002.2197000000065
3457.4,1002.2921999999994
3457.5,1001.1341000000014
3457.6,998.970200000005
3457.7,1000.5264356435503
3457.8,1001.8123999999984
3457.9,1000.0855999999984
3458.0,1001.0224000000028
3458.1,1003.7264000000023
3458.2,1004.6208000000006
3458.3,1002.4191999999966
3458.4,1003.6221782178205
3458.5,1004.6470000000027
3458.6,1002.3650000000026
3458.7,1001.0605000000006
3458.8,1001.2745000000028
3458.9,999.7929999999968
3459.0,997.4815000000016
3459.1,998.9655445544466
3459.2,998.3462000000143
3459.3,995.9659999999991
3459.4,992.0827999999908
3459.5,992.0556000000078
3459.6,993.253752475247
3459.7,991.4953099009905
3459.8,992.4516000000041
3459.9,993.9684999999997
3460.0,992.9239000000016
3460.1,992.4194999999993
3460.2,994.6453999999978
3460.3,991.8895049504727
3460.4,993.9524000000206
3460.5,999.7116000000011
3460.6,999.8288000000002
3460.7,998.738800000005
3460.8,998.0636884955761
3460.9,997.7667929203506
3461.0,997.071441584159
3461.1,996.6298316831676
3461.2,993.8524000000057
3461.3,992.2128000000014
3461.4,991.594399999997
3461.5,990.60524752475
3461.6,995.4037000000017
3461.7,994.343400000002
3461.8,994.3252000000059
3461.9,994.4240999999961
3462.0,991.8855445544565
3462.1,991.0343999999997
3462.2,995.3903999999595
3462.3,999.3879999999921
3462.4,994.0108000000005
3462.5,993.4247999999976
3462.6,990.8782178217818
3462.7,988.2630000000033
3462.8,986.423
3462.9,989.483000000016
3463.0,994.7175000000016
3463.1,991.981500000006
3463.2,989.3339603960354
3463.3,990.6833999999993
3463.4,989.7479999999975
3463.5,989.6616000000045
3463.6,992.6329999999996
3463.7,994.4879999999978
3463.8,994.9735643564356
3463.9,995.4819999999991
3464.0,996.8621999999991
3464.1,997.0142000000016
3464.2,996.7539999999975
3464.3,1000.1625742574341
3464.4,1002.1160000000011
3464.5,1005.8020000000038
3464.6,1010.6896000000183
3464.7,1006.4687999999969
3464.8,1008.5828000000078
3464.9,1008.4535999999828
3465.0,1005.4493069307057
3465.1,1012.885575247525
3465.2,1012.8241
3465.3,1008.5630999999593
3465.4,999.8430999999994
3465.5,999.3284000000019
3465.6,997.2210999999973
3465.7,1003.8138613861429
3465.8,998.2959999999847
3465.9,994.9684736842191
3466.0,999.7307157894793
3466.1,1004.5659999999996
3466.2,1002.2217108910918
3466.3,1001.8129504950501
3466.4,1002.5110000000032
3466.5,999.7410000000026
3466.6,998.2399999999968
3466.7,1000.8734999999981
3466.8,1001.4928564356267
3466.9,997.6955663366422
3467.0,1002.1317999999902
3467.1,996.380800000002
3467.2,998.5226000000044
3467.3,997.8868000000056
3467.4,1001.6946415841604
3467.5,1003.5642108910878
3467.6,1005.268899999999
3467.7,1006.3205000000015
3467.8,1004.3056999999962
3467.9,1003.2906772277227
3468.0,1003.7763841584244
3468.1,1009.7760000000012
3468.2,1009.637999999994
3468.3,1010.7667999999884
3468.4,1005.297200000002
3468.5,1005.5198732673191
3468.6,1000.4728603960363
3468.7,1002.260799999996
3468.8,1006.7466000000004
3468.9,1004.7967000000004
3469.0,1003.0438999999999
3469.1,1003.7806920792067
3469.2,1005.7064653465467
3469.3,1001.3440000000098
3469.4,1005.2139999999991
3469.5,1005.0700000000033
3469.6,1006.1730000000118
3469.7,1001.920999999991
3469.8,1005.6766138613892
3469.9,1006.8794089108906
3470.0,1005.2801999999992
3470.1,1002.5156000000004
3470.2,1004.2898999999998
3470.3,1005.441335643565
3470.4,1006.9297821782193
3470.5,1007.4136000000019
3470.6,1006.4991999999982
3470.7,1007.4275999999996
3470.8,1007.9916000000123
3470.9,1012.9860000000248
3471.0,1023.3367999999833
3471.1,1031.5628712871348
3471.2,1028.4303000000143
3471.3,1025.8907000000088
3471.4,1037.5762999999959
3471.5,1031.782499999997
3471.6,1026.7799999999945
3471.7,1014.1191089108231
3471.8,1030.9925999999768
3471.9,1022.8067999999353
3472.0,1001.9505999999993
3472.1,1002.4989999999984
3472.2,1003.7389999999964
3472.3,1005.8849999999818
3472.4,1000.8046356435802
3472.5,1005.6274306930742
3472.6,1001.5710000000023
3472.7,1004.1019999999972
3472.8,1004.8279999999984
3472.9,1003.3019999999964
3473.0,1000.3173267326738
3473.1,1000.6651999999996
3473.2,1001.1163999999981
3473.3,1003.1731999999986
3473.4,1002.7392000000007
3473.5,1002.045199999999
3473.6,1003.1101980198025
3473.7,1002.6279000000002
3473.8,1002.5578999999999
3473.9,1002.4164999999962
3474.0,1000.1477000000052
3474.1,1003.7991999999833
3474.2,1009.1494000000118
3474.3,1005.3248811881226
3474.4,1007.8076297029693
3474.5,1009.7469999999989
3474.6,1012.0164000000008
3474.7,1010.414799999999
3474.8,1012.5989999999978
3474.9,1012.1297782178203
3475.0,1015.5078217821793
3475.1,1013.396000000006
3475.2,1011.0364999999958
3475.3,1012.5992999999855
3475.4,1005.6103000000021
3475.5,1006.6297999999999
3475.6,1006.5891089108964
3475.7,1004.5
3475.8,1001.02
3475.9,1008.9699999999999
3476.0,1004.4200000000001
3476.1,1003.11
3476.2,1000.1293103448298
3476.3,1000.4153931034516
3476.4,996.8472000000007
3476.5,996.7531999999994
3476.6,1001.0279999999955
3476.7,998.124000000004
3476.8,997.0587999999984
3476.9,999.3187128712925
3477.0,1001.9563000000043
3477.1,995.9011000000171
3477.2,999.8321999999813
3477.3,1000.6775999999996
3477.4,1009.2094059405931
3477.5,1015.6127999999976
3477.6,1015.9212000000006
3477.7,1016.7047999999995
3477.8,1022.8058000000026
3477.9,1022.6792079207894
3478.0,1026.5620000000108
3478.1,1027.072100000001
3478.2,1033.43189999998
3478.3,1033.4109999999962
3478.4,1021.2239999999701
3478.5,1011.544950495046
3478.6,1009.7040000000001
3478.7,1008.662
3478.8,1007.3059999999988
3478.9,1006.35
3479.0,1002.812
3479.1,999.9739603960437
3479.2,989.385400000026
3479.3,989.4513000000086
3479.4,983.8046999999799
3479.5,981.9362000000003
3479.6,989.221199999981
3479.7,991.4097376237623
3479.8,990.3912475247514
3479.9,990.4566000000002
3480.0,994.3196000000022
3480.1,993.7263999999991
3480.2,996.3799999999877
3480.3,998.5548000000008
3480.4,1004.7275247524931
3480.5,1003.3523000000022
3480.6,1002.2683000000003
3480.7,1007.5791999999889
3480.8,1007.5552999999937
3480.9,1002.7810999999837
3481.0,1005.1574999999974
3481.1,1006.2333801980183
3481.2,1006.3481782178217
3481.3,1007.9176000000018
3481.4,1010.6648000000027
3481.5,1010.3159999999987
3481.6,1009.0223999999988
3481.7,1006.7060000000067
3481.8,1006.5816831683187
3481.9,1008.4
3482.0,1013.8849999999925
3482.1,1015.8749999999995
3482.2,1016.2449999999997
3482.3,1016.3375
3482.4,1012.14698019802
3482.5,1008.403928712869
3482.6,1006.7316000000023
3482.7,1003.7142000000117
3482.8,1000.591799999996
3482.9,994.9015999999909
3483.0,995.915400000005
3483.1,993.6906000000087
3483.2,977.9531683168584
3483.3,930.1850999999682
3483.4,881.6984000000307
3483.5,839.9393000000277
3483.6,792.7355000000339
3483.7,735.420500000041
3483.8,687.1767999999761
3483.9,640.000700000033
3484.0,579.910700000044
3484.1,530.4215722773228
3484.2,491.13160000010225
3484.3,475.32639999998656
3484.4,472.9359999999992
3484.5,472.31319999999874
3484.6,471.8824000000005
3484.7,471.60465346534676
3484.8,471.2814999999996
3484.9,471.0096000000001
3485.0,470.9329
3485.1,470.79510000000005
3485.2,470.64060000000006
3485.3,470.5716
3485.4,470.4264356435641
3485.5,470.3210000000001
3485.6,470.2090000000003
3485.7,470.03700000000043
3485.8,469.90999999999974
3485.9,469.8169999999998
3486.0,469.63752475247503
3486.1,469.5562
3486.2,469.4741000000003
3486.3,469.33649999999994
3486.4,469.2624
3486.5,469.14649999999995
3486.6,469.1069
3486.7,469.0895049504951
3486.8,469.0323999999998
3486.9,469.0032
3487.0,469.0068
3487.1,468.92160000000024
3487.2,468.91399999999993
3487.3,468.92319999999995
3487.4,468.8392079207919
3487.5,468.8536000000001
3487.6,468.8465
3487.7,468.7764000000002
3487.8,468.7701
3487.9,468.72639999999996
3488.0,468.6667653465347
3488.1,468.6895999999999
3488.2,468.6110000000002
3488.3,468.59300000000013
3488.4,468.6364
3488.5,468.5972000000001
3488.6,468.5832
3488.7,468.60306930693065
3488.8,468.51899999999983
3488.9,468.50900000000007
3489.0,468.5365
3489.1,468.4620000000002
3489.2,468.5239999999995
3489.3,468.5214999999999
3489.4,468.4320148514852
3489.5,468.40636435643563
3489.6,468.3844
3489.7,468.3124000000001
3489.8,468.39520000000067
3489.9,468.3767999999999
3490.0,468.33
3490.1,468.38680990098993
3490.2,468.3192000000005
3490.3,468.3041000000001
3490.4,468.3615000000001
3490.5,468.31699999999984
3490.6,468.28000000000003
3490.7,468.30507524752466
3490.8,468.27024950495047
3490.9,468.24
3491.0,468.2276
3491.1,468.16420000000005
3491.2,468.21059999999994
3491.3,468.2165999999999
3491.4,468.1652
3491.5,468.19297029702955
3491.6,468.2078
3491.7,468.19390000000004
3491.8,468.22660000000013
3491.9,468.21339999999987
3492.0,468.1718811881188
3492.1,468.19
3492.2,468.132
3492.3,468.09800000000007
3492.4,468.098
3492.5,468.054
3492.6,468.0418811881188
3492.7,468.06179999999995
3492.8,468.0404999999999
3492.9,468.00229999999993
3493.0,468.0136
3493.1,468.03
3493.2,468.0653999999999
3493.3,468.0549504950494
3493.4,468.088
3493.5,468.14160000000004
3493.6,468.09779999999995
3493.7,468.0831999999999
3493.8,468.0770297029702
3493.9,468.01439999999997
3494.0,467.99139999999994
3494.1,467.9715000000001
3494.2,467.88780792079234
3494.3,467.86800000000005
3494.4,467.8171999999999
3494.5,467.73759999999993
3494.6,467.7368
3494.7,467.6828000000002
3494.8,467.6688118811883
3494.9,467.7440000000001
3495.0,467.7085000000002
3495.1,467.67749999999995
3495.2,467.73299999999995
3495.3,467.6783168316828
3495.4,467.62080000000003
3495.5,467.6246
3495.6,467.56060000000014
3495.7,467.54779999999977
3495.8,467.55839999999995
3495.9,467.4589999999998
3496.0,467.42742574257426
3496.1,467.3752000000001
3496.2,467.25230000000005
3496.3,467.2418000000001
3496.4,467.22760000000005
3496.5,467.16880000000003
3496.6,467.1709900990098
3496.7,467.0912000000005
3496.8,466.97919999999993
3496.9,466.9808000000001
3497.0,466.9375999999998
3497.1,466.9008
3497.2,466.96654257425723
3497.3,466.9486059405939
3497.4,466.9461
3497.5,466.9898
3497.6,466.9749
3497.7,467.0363
3497.8,467.1
3497.9,467.08979999999997
3498.0,467.0849485148515
3498.1,467.0700000000001
3498.2,467.05999999999995
3498.3,467.11500000000024
3498.4,467.10499999999973
3498.5,467.055
3498.6,467.07499999999993
3498.7,467.02564356435687
3498.8,466.9894
3498.9,467.0396
3499.0,467.0306
3499.1,467.04900000000004
3499.2,467.0951
3499.3,467.09
3499.4,467.1145
3499.5,467.1351485148515
3499.6,467.1396
3499.7,467.17399999999986
3499.8,467.1615999999998
3499.9,467.15360000000004
3500.0,467.1948
3500.1,467.16160000000013
3500.2,467.15801980198
3500.3,467.2047
3500.4,467.1676999999999
3500.5,467.10589999999996
3500.6,467.06179999999995
3500.7,467.00696534653457
3500.8,467.00749306930715
3500.9,466.9939999999999
3501.0,466.91240000000005
3501.1,466.88
3501.2,466.78800000000024
3501.3,466.6615999999999
3501.4,466.63089108910884
3501.5,466.59299999999996
3501.6,466.57349999999997
3501.7,466.59899999999993
3501.8,466.55149999999986
3501.9,466.5295000000001
3502.0,466.6170000000001
3502.1,466.609900990099
3502.2,466.6127999999999
3502.3,466.69320000000005
3502.4,466.68360000000007
3502.5,466.6676
3502.6,466.6548000000001
3502.7,466.61
3502.8,466.64929504950516
3502.9,466.63533069306914
3503.0,466.56720000000007
3503.1,466.6158
3503.2,466.5898000000004
3503.3,466.54870000000017
3503.4,466.6129
3503.5,466.6041999999999
3503.6,466.5915
3503.7,466.62868514851476
3503.8,466.5936851485146
3503.9,466.5762
3504.0,466.61480000000006
3504.1,466.5716
3504.2,466.58099999999996
3504.3,466.58059999999983
3504.4,466.51480000000004
3504.5,466.5009168316831
3504.6,466.4848415841587
3504.7,466.4363999999999
3504.8,466.5051000000002
3504.9,466.5330999999998
3505.0,466.5251
3505.1,466.5940594059406
3505.2,466.596
3505.3,466.61400000000003
3505.4,466.678
3505.5,466.704
3505.6,466.688
3505.7,466.7
3505.8,466.6687999999998
3505.9,466.6395000000001
3506.0,466.6309999999999
3506.1,466.5894999999999
3506.2,466.6161
3506.3,466.5670999999997
3506.4,466.5270297029704
3506.5,466.5586
3506.6,466.52479999999997
3506.7,466.5038
3506.8,466.5138
3506.9,466.52
3507.0,466.501
3507.1,466.4624
3507.2,466.41990099009905
3507.3,466.4033000000003
3507.4,466.4377999999999
3507.5,466.4147999999999
3507.6,466.45109999999994
3507.7,466.4404000000001
3507.8,466.43070000000034
3507.9,466.5
3508.0,466.478202970297
3508.1,466.48332673267316
3508.2,466.5779999999998
3508.3,466.592
3508.4,466.5636
3508.5,466.5664
3508.6,466.54920000000004
3508.7,466.5371999999999
3508.8,466.5211999999999
3508.9,466.4628712871287
3509.0,466.44300000000004
3509.1,466.3845000000001
3509.2,466.31399999999996
3509.3,466.3470000000001
3509.4,466.3249999999998
3509.5,466.3017227722771
3509.6,466.37633861386144
3509.7,466.3394000000003
3509.8,466.3208000000002
3509.9,466.3864
3510.0,466.3668
3510.1,466.4004
3510.2,466.40620198019826
3510.3,466.32990099009896
3510.4,466.32319999999993
3510.5,466.33020000000005
3510.6,466.2999
3510.7,466.33960396039595
3510.8,466.34799999999984
3510.9,466.30880000000013
3511.0,466.36359999999996
3511.1,466.3244000000002
3511.2,466.28900990099
3511.3,466.3521099009902
3511.4,466.3721
3511.5,466.3162
3511.6,466.3145
3511.7,466.2428
3511.8,466.18790000000024
3511.9,466.2035
3512.0,466.0815841584159
3512.1,466.0639999999998
3512.2,466.06300000000044
3512.3,465.91499999999985
3512.4,465.8860000000001
3512.5,465.8669999999999
3512.6,465.78700000000003
3512.7,465.7651485148516
3512.8,465.7039
3512.9,465.6458
3513.0,465.66290000000004
3513.1,465.6439
3513.2,465.59159999999997
3513.3,465.6343564356436
3513.4,465.65599999999995
3513.5,465.63959999999986
3513.6,465.70959999999985
3513.7,465.7879999999998
3513.8,465.8656000000001
3513.9,465.8967722772278
3514.0,465.9371554455446
3514.1,465.92459999999994
3514.2,465.9154
3514.3,465.9354
3514.4,465.9527
3514.5,465.95189999999997
3514.6,465.92459999999994
3514.7,465.89663366336634
3514.8,465.87040000000013
3514.9,465.9130000000001
3515.0,465.95779999999996
3515.1,466.0007999999999
3515.2,466.0702970297029
3515.3,466.1025
3515.4,466.12250000000006
3515.5,466.15999999999997
3515.6,466.155
3515.7,466.1699999999996
3515.8,466.25249999999994
3515.9,466.2175
3516.0,466.19732673267333
3516.1,466.2284000000001
3516.2,466.16959999999995
3516.3,466.19519999999994
3516.4,466.1632000000001
3516.5,466.12919999999997
3516.6,466.1996
3516.7,466.2038613861388
3516.8,466.13840000000016
3516.9,466.2161000000001
3517.0,466.2423999999999
3517.1,466.1913999999995
3517.2,466.320891089109
3517.3,466.28058217821786
3517.4,466.27199999999993
3517.5,466.33020000000005
3517.6,466.27099999999996
3517.7,466.30780000000004
3517.8,466.2911999999999
3517.9,466.2643782178218
3518.0,466.29703465346535
3518.1,466.32640000000043
3518.2,466.2167999999998
3518.3,466.2926000000001
3518.4,466.31059999999974
3518.5,466.2166544554457
3518.6,466.2781584158415
3518.7,466.2560000000001
3518.8,466.208
3518.9,466.236
3519.0,466.204
3519.1,466.158
3519.2,466.210198019802
3519.3,466.12429999999995
3519.4,466.1247000000002
3519.5,466.2243000000001
3519.6,466.1981
3519.7,466.2032999999999
3519.8,466.2468316831682
3519.9,466.1936
3520.0,466.219
3520.1,466.24199999999996
3520.2,466.169
3520.3,466.22260000000006
3520.4,466.25839999999994
3520.5,466.1760396039604
3520.6,466.24490000000003
3520.7,466.22339999999997
3520.8,466.24170000000004
3520.9,466.2329999999998
3521.0,466.1534
3521.1,466.16666732673275
3521.2,466.13510099009926
3521.3,466.05359999999996
3521.4,466.01199999999994
3521.5,465.9539999999999
3521.6,465.8764
3521.7,465.9147999999999
3521.8,465.93366336633665
3521.9,465.92249999999984
3522.0,466.0559999999999
3522.1,466.0974999999999
3522.2,466.143
3522.3,466.1585
3522.4,466.16649999999987
3522.5,466.25554455445547
3522.6,466.20619999999985
3522.7,466.05300000000017
3522.8,466.0043999999999
3522.9,465.94619999999975
3523.0,465.79439999999994
3523.1,465.74459999999993
3523.2,465.64726930693075
3523.3,465.6242831683168
3523.4,465.58480000000003
3523.5,465.54740000000004
3523.6,465.53779999999995
3523.7,465.5770000000001
3523.8,465.5017000000003
3523.9,465.58516138613857
3524.0,465.6053386138613
3524.1,465.5083999999998
3524.2,465.5712
3524.3,465.56679999999983
3524.4,465.4820000000002
3524.5,465.5688
3524.6,465.5552475247526
3524.7,465.5276999999999
3524.8,465.5812
3524.9,465.51329999999996
3525.0,465.5455
3525.1,465.5779
3525.2,465.4898999999999
3525.3,465.5787128712871
3525.4,465.6369999999997
3525.5,465.523
3525.6,465.5539999999999
3525.7,465.5810000000002
3525.8,465.5090000000002
3525.9,465.5840693069306
3526.0,465.52810990099005
3526.1,465.5145
3526.2,465.55280000000005
3526.3,465.4791
3526.4,465.47720000000004
3526.5,465.5446
3526.6,465.4908910891089
3526.7,465.5016
3526.8,465.5151999999998
3526.9,465.46560000000017
3527.0,465.53
3527.1,465.5223
3527.2,465.4255999999997
3527.3,465.4993
3527.4,465.48099009900983
3527.5,465.36119999999994
3527.6,465.37700000000007
3527.7,465.33119999999997
3527.8,465.3524000000001
3527.9,465.3846534653463
3528.0,465.30100000000004
3528.1,465.32050000000004
3528.2,465.3230000000005
3528.3,465.19100000000003
3528.4,465.2115
3528.5,465.2350495049504
3528.6,465.14
3528.7,465.1364000000001
3528.8,465.04719999999975
3528.9,464.9812
3529.0,465.00680000000006
3529.1,464.92999603960396
3529.2,464.9326762376237
3529.3,464.99819999999994
3529.4,464.9415000000001
3529.5,464.99120000000005
3529.6,465.02880000000016
3529.7,464.9941999999996
3529.8,465.13059405940595
3529.9,465.14880000000005
3530.0,465.09259999999995
3530.1,465.2202
3530.2,465.2294
3530.3,465.20180000000033
3530.4,465.2886138613861
3530.5,465.2204000000001
3530.6,465.26
3530.7,465.2591000000002
3530.8,465.1707000000001
3530.9,465.240394059406
3531.0,465.28
3531.1,465.2
3531.2,465.27
3531.3,465.3
3531.4,465.25
3531.5,465.36
3531.6,465.37
3531.7,465.340099009901
3531.8,465.4192039603962
3531.9,465.34079999999983
3532.0,465.3795999999999
3532.1,465.4789999999998
3532.2,465.3414000000003
3532.3,465.4192000000002
3532.4,465.43980000000005
3532.5,465.3125742574257
3532.6,465.3786
3532.7,465.45839999999964
3532.8,465.36199999999997
3532.9,465.41880000000003
3533.0,465.4102
3533.1,465.3316
3533.2,465.41732673267313
3533.3,465.34239999999977
3533.4,465.3691000000001
3533.5,465.4572999999999
3533.6,465.3727000000001
3533.7,465.3312000000001
3533.8,465.40760000000023
3533.9,465.30445247524744
3534.0,465.35760000000005
3534.1,465.408
3534.2,465.3236000000003
3534.3,465.36800000000005
3534.4,465.3508
3534.5,465.2635999999999
3534.6,465.3170297029702
3534.7,465.2630000000001
3534.8,465.24099999999993
3534.9,465.3349999999999
3535.0,465.2450000000001
3535.1,466.075999999999
3535.2,467.7660396039551
3535.3,469.34580000000216
3535.4,471.16020000000253
3535.5,474.50360000000467
3535.6,483.70579999997216
3535.7,497.872399999954
3535.8,510.8378000000176
3535.9,517.3616831683136
3536.0,519.7708999999986
3536.1,521.0638999999992
3536.2,520.6106000000004
3536.3,520.8583000000012
3536.4,520.7963
3536.5,519.6852336633666
3536.6,513.1479247524925
3536.7,501.58680000003267
3536.8,489.6543999999783
3536.9,483.6031999999899
3537.0,482.58039999999886
3537.1,482.53919999999994
3537.2,482.52160000000003
3537.3,482.4471287128713
3537.4,482.4491
3537.5,482.3772
3537.6,479.28510000000074
3537.7,470.1439000000022
3537.8,454.0638999999969
3537.9,437.1628000000038
3538.0,420.7556435643903
3538.1,403.41500000003964
3538.2,386.7750000000376
3538.3,370.2339999999624
3538.4,352.1639999999585
3538.5,335.01300000003096
3538.6,320.06369306933107
3538.7,312.52972277227667
3538.8,310.570699999999
3538.9,310.1173999999999
3539.0,309.8485999999999
3539.1,309.7043
3539.2,309.55649999999997
3539.3,309.5045762376237
3539.4,309.5352594059407
3539.5,309.4872000000001
3539.6,309.5063999999999
3539.7,309.5451999999999
3539.8,309.46199999999976
3539.9,309.5908000000004
3540.0,309.57480000000004
3540.1,309.5525742574257
3540.2,309.5760999999999
3540.3,309.5191
3540.4,309.5187
3540.5,309.5722
3540.6,309.51039999999995
3540.7,309.5782999999997
3540.8,309.6245415841585
3540.9,309.500986138614
3541.0,309.5659999999998
3541.1,309.5886
3541.2,309.49540000000013
3541.3,309.5660000000003
3541.4,309.4854000000001
3541.5,309.4270000000001
3541.6,309.4114851485149
3541.7,309.3420000000002
3541.8,309.33000000000004
3541.9,309.3555
3542.0,309.2239999999998
3542.1,309.2680000000001
3542.2,309.36415841584153
3542.3,309.2623999999995
3542.4,309.3408
3542.5,309.3516
3542.6,309.29120000000006
3542.7,309.34719999999993
3542.8,309.3100990099009
3542.9,309.3
3543.0,309.33320000000003
3543.1,309.2985000000001
3543.2,309.2078217821783
3543.3,309.2556
3543.4,309.21260000000007
3543.5,309.2492
3543.6,309.30099999999993
3543.7,309.22881188118834
3543.8,309.21810000000005
3543.9,309.2929000000002
3544.0,309.21279999999973
3544.1,309.2547999999999
3544.2,309.2539603960396
3544.3,309.19399999999996
3544.4,309.172
3544.5,309.074
3544.6,309.05
3544.7,309.1212871287127
3544.8,309.06099999999975
3544.9,309.0479
3545.0,309.1210999999999
3545.1,309.0294000000003
3545.2,309.00789999999995
3545.3,308.9862999999999
3545.4,308.94089108910885
3545.5,308.9846
3545.6,308.97659999999996
3545.7,308.9154000000002
3545.8,308.91560000000004
3545.9,308.858217821782
3546.0,308.8476772277228
3546.1,308.8884999999999
3546.2,308.8384000000001
3546.3,308.86620000000016
3546.4,308.9339000000002
3546.5,308.91150000000005
3546.6,308.8771287128713
3546.7,308.8927999999999
3546.8,308.8772
3546.9,308.91560000000004
3547.0,308.8539999999999
3547.1,308.8528
3547.2,308.9207999999998
3547.3,308.84119999999984
3547.4,308.85514851485146
3547.5,308.8924999999999
3547.6,308.87000000000006
3547.7,308.9199999999999
3547.8,308.95500000000004
3547.9,308.9380198019801
3548.0,308.9818514851486
3548.1,308.97040000000004
3548.2,308.96000000000004
3548.3,309.0414000000002
3548.4,308.99599999999987
3548.5,308.98480000000006
3548.6,309.05601386138613
3548.7,308.99231980198033
3548.8,309.02570000000003
3548.9,309.0646
3549.0,309.0262
3549.1,309.10489999999993
3549.2,309.15459999999996
3549.3,309.08699999999993
3549.4,309.1033663366337
3549.5,309.1056
3549.6,309.0928
3549.7,309.1403999999998
3549.8,309.1167999999999
3549.9,309.0639999999999
3550.0,309.0999297029703
3550.1,308.9922
3550.2,309.0181
3550.3,309.0855
3550.4,309.05740000000003
3550.5,309.12519999999995
3550.6,309.1742
3550.7,309.1237623762378
3550.8,309.16300000000024
3550.9,309.2180000000001
3551.0,309.18800000000005
3551.1,309.2049999999999
3551.2,309.1500000000002
3551.3,309.106
3551.4,309.13458415841586
3551.5,309.0532465346534
3551.6,309.0238
3551.7,309.03
3551.8,308.9541
3551.9,308.9545
3552.0,309.0183
3552.1,308.99217821782185
3552.2,308.9971999999999
3552.3,309.0236000000001
3552.4,308.9823999999998
3552.5,309.00079999999997
3552.6,309.01333465346534
3552.7,308.99646930693075
3552.8,309.03020000000004
3552.9,308.9628999999999
3553.0,308.96690000000007
3553.1,308.99
3553.2,308.9565000000001
3553.3,309.00023366336643
3553.4,309.049900990099
3553.5,309.0072000000001
3553.6,308.99979999999994
3553.7,309.0166
3553.8,309.0332000000001
3553.9,309.073
3554.0,309.06386138613857
3554.1,309.08249999999987
3554.2,309.08700000000005
3554.3,309.0149999999999
3554.4,309.01900000000006
3554.5,309.04
3554.6,309.0528712871287
3554.7,309.06
3554.8,309.05359999999996
3554.9,309.02439999999996
3555.0,309.0036
3555.1,309.0
3555.2,309.0575999999999
3555.3,309.0515999999998
3555.4,309.03
3555.5,309.0426
3555.6,308.9492000000002
3555.7,308.94669999999974
3555.8,308.99890000000005
3555.9,308.93521089108907
3556.0,308.9583128712871
3556.1,308.9814
3556.2,308.95140000000004
3556.3,308.99580000000014
3556.4,309.00520000000006
3556.5,309.0329702970296
3556.6,309.07212277227717
3556.7,309.0556000000001
3556.8,309.05830000000003
3556.9,309.0761
3557.0,309.01900000000006
3557.1,309.04099999999977
3557.2,309.06780000000003
3557.3,308.97544554455436
3557.4,308.94399999999996
3557.5,308.93
3557.6,308.90999999999997
3557.7,308.916
3557.8,308.90199999999993
3557.9,308.91999999999996
3558.0,308.94011881188123
3558.1,308.88653465346545
3558.2,308.8853999999999
3558.3,308.9395000000001
3558.4,308.9304999999999
3558.5,308.9454
3558.6,308.96410000000003
3558.7,308.94831683168326
3558.8,308.96320000000003
3558.9,308.92779999999993
3559.0,308.9132
3559.1,308.959
3559.2,308.93940000000015
3559.3,308.93871287128724
3559.4,308.9714
3559.5,308.9401000000001
3559.6,308.9384999999999
3559.7,308.98279999999994
3559.8,308.94932079207905
3559.9,308.90995643564355
3560.0,308.91560000000004
3560.1,308.92560000000003
3560.2,308.9691999999999
3560.3,308.95519999999993
3560.4,308.93663366336636
3560.5,308.98299999999995
3560.6,308.96050000000014
3560.7,308.9584999999999
3560.8,309.00089108910896
3560.9,308.9667999999999
3561.0,308.9516000000001
3561.1,308.9646
3561.2,308.9384000000001
3561.3,308.94160000000005
3561.4,308.9065346534653
3561.5,308.8335000000001
3561.6,308.85239999999993
3561.7,308.83700000000005
3561.8,308.8324000000001
3561.9,308.88059999999996
3562.0,308.8105000000001
3562.1,308.78198019801965
3562.2,308.79400000000015
3562.3,308.72839999999985
3562.4,308.7212000000001
3562.5,308.7448
3562.6,308.69320000000005
3562.7,308.6552
3562.8,308.62905742574253
3562.9,308.6101514851485
3563.0,308.6608
3563.1,308.649
3563.2,308.6255
3563.3,308.6908000000002
3563.4,308.6841
3563.5,308.691
3563.6,308.7450495049505
3563.7,308.745
3563.8,308.75500000000005
3563.9,308.7499999999999
3564.0,308.725
3564.1,308.7499999999999
3564.2,308.7500000000001
3564.3,308.72990099009905
3564.4,308.77430000000004
3564.5,308.78059999999994
3564.6,308.79900000000004
3564.7,308.85
3564.8,308.8157
3564.9,308.8094
3565.0,308.8254455445545
3565.1,308.8052
3565.2,308.8335999999999
3565.3,308.8363999999998
3565.4,308.7952
3565.5,308.8235999999999
3565.6,308.8072000000002
3565.7,308.76425742574247
3565.8,308.8364000000001
3565.9,308.87649999999996
3566.0,308.87820000000005
3566.1,308.91470000000004
3566.2,308.89650000000006
3566.3,308.87
3566.4,308.8653
3566.5,308.84576039603957
3566.6,308.85299999999995
3566.7,308.8524000000001
3566.8,308.82460000000003
3566.9,308.8484000000001
3567.0,308.8424000000001
3567.1,308.81919999999997
3567.2,308.8438
3567.3,308.8326732673266
3567.4,308.81350000000003
3567.5,308.83900000000006
3567.6,308.832
3567.7,308.81899999999996
3567.8,308.83
3567.9,308.8388
3568.0,308.8632
3568.1,308.86240000000004
3568.2,308.85759999999993
3568.3,308.8932000000001
3568.4,308.9012
3568.5,308.91613861386145
3568.6,308.95
3568.7,308.92850000000016
3568.8,308.91290000000004
3568.9,308.9041999999999
3569.0,308.8743
3569.1,308.9058
3569.2,308.89742574257446
3569.3,308.8482277227724
3569.4,308.8726
3569.5,308.848
3569.6,308.8026
3569.7,308.841
3569.8,308.8573999999999
3569.9,308.89405940594065
3570.0,308.9413
3570.1,308.89180000000005
3570.2,308.90869999999984
3570.3,308.92129999999986
3570.4,308.9087000000001
3570.5,308.9541
3570.6,308.9397029702971
3570.7,308.92599999999993
3570.8,308.95
3570.9,308.922
3571.0,308.916
3571.1,308.974
3571.2,308.95600000000013
3571.3,308.952
3571.4,308.9762376237623
3571.5,308.9361
3571.6,308.9455999999999
3571.7,308.9271000000002
3571.8,308.8756000000001
3571.9,308.8961
3572.0,308.8513475247523
3572.1,308.8242
3572.2,308.8724
3572.3,308.82959999999997
3572.4,308.8066
3572.5,308.869
3572.6,308.87339999999995
3572.7,308.86419999999987
3572.8,308.89742574257417
3572.9,308.87480000000005
3573.0,308.9074
3573.1,308.88300000000015
3573.2,308.8643999999998
3573.3,308.9585000000002
3573.4,308.9492999999999
3573.5,308.8946534653465
3573.6,308.9344
3573.7,308.9348000000002
3573.8,308.92960000000005
3573.9,309.0036
3574.0,309.0028
3574.1,309.0149504950495
3574.2,309.03550000000007
3574.3,309.00400000000013
3574.4,309.03700000000003
3574.5,309.0150000000001
3574.6,308.9744999999999
3574.7,309.034
3574.8,309.0253465346532
3574.9,308.96
3575.0,308.97020000000003
3575.1,308.9832
3575.2,308.97
3575.3,308.9529999999999
3575.4,308.9302
3575.5,308.970198019802
3575.6,308.9836
3575.7,308.94649999999996
3575.8,308.98330000000004
3575.9,308.9702000000001
3576.0,308.92999999999995
3576.1,308.93
3576.2,308.94599999999986
3576.3,308.98960000000005
3576.4,308.9971999999999
3576.5,308.9732
3576.6,308.9861782178218
3576.7,308.9908366336633
3576.8,308.9886000000002
3576.9,309.0424
3577.0,309.0514
3577.1,309.01933069306926
3577.2,309.0307227722773
3577.3,308.99799999999993
3577.4,308.9850000000001
3577.5,309.01399999999995
3577.6,308.9910000000001
3577.7,308.978910891089
3577.8,308.9797
3577.9,308.93870000000004
3578.0,308.9542
3578.1,308.90229999999997
3578.2,308.8186138613861
3578.3,308.84560000000005
3578.4,308.82359999999983
3578.5,308.75239999999985
3578.6,308.7932000000001
3578.7,308.7305940594061
3578.8,308.67459999999994
3578.9,308.64379999999994
3579.0,308.59999999999997
3579.1,308.61080000000004
3579.2,308.61570000000006
3579.3,308.5634465346535
3579.4,308.60780000000005
3579.5,308.5936000000002
3579.6,308.5185999999999
3579.7,308.6103999999999
3579.8,308.61919999999975
3579.9,308.5780455445546
3580.0,308.62485148514855
3580.1,308.6225
3580.2,308.66999999999985
3580.3,308.6774999999999
3580.4,308.6300000000001
3580.5,308.7075000000001
3580.6,308.73277227722764
3580.7,308.662
3580.8,308.7168000000002
3580.9,308.75320000000005
3581.0,308.71919999999994
3581.1,308.7728
3581.2,308.7452
3581.3,308.73472871287134
3581.4,308.73842376237616
3581.5,308.71610000000004
3581.6,308.79069999999973
3581.7,308.83010000000036
3581.8,308.73920000000004
3581.9,308.7976000000002
3582.0,308.8646999999999
3582.1,308.798217821782
3582.2,308.86
3582.3,308.8511999999999
3582.4,308.8332
3582.5,308.85580000000004
3582.6,308.7722
3582.7,308.7974475247524
3582.8,308.84343465346524
3582.9,308.78420000000006
3583.0,308.81050000000005
3583.1,308.8353000000002
3583.2,308.7967999999998
3583.3,308.86210000000005
3583.4,308.8594999999999
3583.5,308.8283168316832
3583.6,308.86
3583.7,308.858
3583.8,308.858
3583.9,308.884
3584.0,308.868
3584.1,308.902
3584.2,308.8941584158416
3584.3,308.84330000000017
3584.4,308.9019
3584.5,308.9062
3584.6,308.8881
3584.7,308.87620000000004
3584.8,308.8676000000001
3584.9,308.8961623762376
3585.0,308.86191881188114
3585.1,308.7944
3585.2,308.8564
3585.3,308.81659999999994
3585.4,308.72620000000006
3585.5,308.7946
3585.6,308.75930693069307
3585.7,308.72019999999986
3585.8,308.7597999999998
3585.9,308.7117
3586.0,308.7301999999999
3586.1,308.7715000000001
3586.2,308.73849999999993
3586.3,308.7867326732674
3586.4,308.80079999999987
3586.5,308.71440000000007
3586.6,308.7948
3586.7,308.8056000000003
3586.8,308.7492000000001
3586.9,308.8452
3587.0,308.82001584158417
3587.1,308.82
3587.2,308.80950000000007
3587.3,308.75750000000016
3587.4,308.81049999999993
3587.5,308.85200000000015
3587.6,308.7604999999999
3587.7,308.8259405940594
3587.8,308.8384891089106
3587.9,308.72540000000015
3588.0,308.82140000000004
3588.1,308.8159999999999
3588.2,308.7439999999997
3588.3,308.82719999999995
3588.4,308.81
3588.5,308.82386138613873
3588.6,308.89700000000005
3588.7,308.81909999999993
3588.8,308.8839000000001
3588.9,308.8996000000001
3589.0,308.84039999999993
3589.1,308.9047871287129
3589.2,308.8576514851487
3589.3,308.77360000000004
3589.4,308.80720000000014
3589.5,308.85159999999996
3589.6,308.7983999999998
3589.7,308.85400000000016
3589.8,308.8135405940594
3589.9,308.84457623762376
3590.0,308.8646
3590.1,308.7444
3590.2,308.7833
3590.3,308.80456226415095
3590.4,308.7598867924529
3590.5,308.7874999999999
3590.6,308.73849999999993
3590.7,308.71099999999996
3590.8,308.72799999999995
3590.9,308.69
3591.0,308.6949504950496
3591.1,308.7884
3591.2,308.75159999999994
3591.3,308.79160000000013
3591.4,308.8264000000001
3591.5,308.74199999999996
3591.6,308.7912
3591.7,308.81801980198026
3591.8,308.77060000000006
3591.9,308.7881999999999
3592.0,308.73
3592.1,308.73
3592.2,308.7291000000001
3592.3,308.7
3592.4,308.7020792079209
3592.5,308.768794059406
3592.6,308.7016
3592.7,308.7798
3592.8,308.7698
3592.9,308.76079999999996
3593.0,308.80039999999997
3593.1,308.81881188118814
3593.2,308.76
3593.3,308.7592999999998
3593.4,308.6907000000001
3593.5,308.7601
3593.6,308.7696039603961
3593.7,308.73
3593.8,308.77
3593.9,308.76
3594.0,308.69
3594.1,308.680099009901
3594.2,308.68989999999997
3594.3,308.7098000000001
3594.4,308.7397000000001
3594.5,308.56180000000035
3594.6,308.6094999999999
3594.7,308.62960396039597
3594.8,308.5712
3594.9,308.63860000000005
3595.0,308.6596
3595.1,308.56199999999995
3595.2,308.64819999999963
3595.3,308.6305940594059
3595.4,308.53299999999973
3595.5,308.6075999999999
3595.6,308.4936000000002
3595.7,308.49
3595.8,308.48029999999994
3595.9,308.37445247524744
3596.0,308.4660079207922
3596.1,308.4988
3596.2,308.3848000000004
3596.3,308.4664000000001
3596.4,308.50840000000005
3596.5,308.462
3596.6,308.5362297029703
3596.7,308.540004950495
